condition,seed,output_run,original_run,fraction,parent,selected,status
continuous_hits,20260730,2,4,,,52658,written
continuous_hits,20260730,3,6,,,52460,written
continuous_hits,20260730,1,2,,,52601,written
continuous_hits,20260730,0,0,,,52324,written
continuous_hits,20260730,4,8,,,52531,written
continuous_hits,20260730,5,10,,,52505,written
continuous_hits,20260730,7,14,,,52745,written
continuous_hits,20260730,6,12,,,52697,written
continuous_hits,20260730,9,18,,,52681,written
continuous_hits,20260730,8,16,,,52774,written
continuous_hits,20260730,11,22,,,52681,written
continuous_hits,20260730,10,20,,,52736,written
continuous_hits,20260730,13,26,,,52831,written
continuous_hits,20260730,12,24,,,52843,written
continuous_hits,20260730,15,30,,,52839,written
continuous_hits,20260730,14,28,,,53076,written
continuous_hits,20260730,17,34,,,53039,written
continuous_hits,20260730,16,32,,,52547,written
continuous_hits,20260730,18,36,,,52852,written
continuous_hits,20260730,19,38,,,52916,written
continuous_hits,20260730,21,42,,,53180,written
continuous_hits,20260730,20,40,,,52564,written
continuous_hits,20260730,22,44,,,52912,written
continuous_hits,20260730,23,46,,,53227,written
continuous_hits,20260730,25,50,,,52480,written
continuous_hits,20260730,24,48,,,52463,written
continuous_hits,20260730,27,54,,,52835,written
continuous_hits,20260730,26,52,,,52257,written
continuous_hits,20260730,30,60,,,52659,written
continuous_hits,20260730,29,58,,,53008,written
continuous_hits,20260730,28,56,,,52774,written
continuous_hits,20260730,31,62,,,52763,written
continuous_hits,20260730,32,64,,,53106,written
continuous_hits,20260730,33,66,,,52857,written
continuous_hits,20260730,34,68,,,52813,written
continuous_hits,20260730,35,70,,,53201,written
continuous_hits,20260730,38,76,,,52901,written
continuous_hits,20260730,36,72,,,52433,written
continuous_hits,20260730,37,74,,,53009,written
continuous_hits,20260730,39,78,,,52519,written
continuous_hits,20260730,40,80,,,52548,written
continuous_hits,20260730,41,82,,,52883,written
continuous_hits,20260730,42,84,,,52739,written
continuous_hits,20260730,43,86,,,52915,written
continuous_hits,20260730,44,88,,,52732,written
continuous_hits,20260730,45,90,,,52902,written
continuous_hits,20260730,46,92,,,52659,written
continuous_hits,20260730,47,94,,,52438,written
continuous_hits,20260730,48,96,,,52131,written
continuous_hits,20260730,49,98,,,52939,written
continuous_hits,20260730,50,100,,,52790,written
continuous_hits,20260730,51,102,,,52490,written
continuous_hits,20260730,53,106,,,53008,written
continuous_hits,20260730,52,104,,,52619,written
continuous_hits,20260730,54,108,,,52683,written
continuous_hits,20260730,55,110,,,53143,written
continuous_hits,20260730,56,112,,,52798,written
continuous_hits,20260730,57,114,,,52571,written
continuous_hits,20260730,58,116,,,52986,written
continuous_hits,20260730,59,118,,,52275,written
continuous_hits,20260730,60,120,,,52553,written
continuous_hits,20260730,61,122,,,52417,written
continuous_hits,20260730,62,124,,,52897,written
continuous_hits,20260730,63,126,,,52575,written
continuous_hits,20260730,64,128,,,52824,written
continuous_hits,20260730,66,132,,,52880,written
continuous_hits,20260730,65,130,,,52607,written
continuous_hits,20260730,67,134,,,53005,written
continuous_hits,20260730,69,138,,,52642,written
continuous_hits,20260730,68,136,,,52605,written
continuous_hits,20260730,70,140,,,52808,written
continuous_hits,20260730,71,142,,,52408,written
continuous_hits,20260730,73,146,,,52415,written
continuous_hits,20260730,72,144,,,52358,written
continuous_hits,20260730,74,148,,,52634,written
continuous_hits,20260730,75,150,,,52570,written
continuous_hits,20260730,77,154,,,52315,written
continuous_hits,20260730,76,152,,,52583,written
continuous_hits,20260730,78,156,,,52924,written
continuous_hits,20260730,79,158,,,52819,written
continuous_hits,20260730,80,160,,,52629,written
continuous_hits,20260730,81,162,,,52202,written
continuous_hits,20260730,82,164,,,52805,written
continuous_hits,20260730,83,166,,,52900,written
continuous_hits,20260730,84,168,,,52919,written
continuous_hits,20260730,85,170,,,52682,written
continuous_hits,20260730,86,172,,,52502,written
continuous_hits,20260730,87,174,,,52822,written
continuous_hits,20260730,89,178,,,52565,written
continuous_hits,20260730,88,176,,,52561,written
continuous_hits,20260730,90,180,,,52735,written
continuous_hits,20260730,91,182,,,52651,written
continuous_hits,20260730,92,184,,,52743,written
continuous_hits,20260730,93,186,,,52524,written
continuous_hits,20260730,94,188,,,52905,written
continuous_hits,20260730,95,190,,,52837,written
continuous_hits,20260730,97,194,,,52819,written
continuous_hits,20260730,96,192,,,52731,written
continuous_hits,20260730,98,196,,,52763,written
continuous_hits,20260730,99,198,,,52228,written
continuous_hits,20260730,100,200,,,52600,written
continuous_hits,20260730,101,202,,,52768,written
continuous_hits,20260730,102,204,,,52672,written
continuous_hits,20260730,103,206,,,52577,written
continuous_hits,20260730,104,208,,,52434,written
continuous_hits,20260730,105,210,,,52784,written
continuous_hits,20260730,106,212,,,52674,written
continuous_hits,20260730,107,214,,,52783,written
continuous_hits,20260730,108,216,,,52547,written
continuous_hits,20260730,110,220,,,52706,written
continuous_hits,20260730,109,218,,,52549,written
continuous_hits,20260730,111,222,,,52426,written
continuous_hits,20260730,113,226,,,52577,written
continuous_hits,20260730,112,224,,,52662,written
continuous_hits,20260730,114,228,,,53120,written
continuous_hits,20260730,115,230,,,52502,written
continuous_hits,20260730,117,234,,,52807,written
continuous_hits,20260730,116,232,,,53088,written
continuous_hits,20260730,118,236,,,52729,written
continuous_hits,20260730,119,238,,,52363,written
continuous_hits,20260730,120,240,,,52618,written
continuous_hits,20260730,121,242,,,52532,written
continuous_hits,20260730,122,244,,,52831,written
continuous_hits,20260730,123,246,,,52965,written
continuous_hits,20260730,124,248,,,53049,written
continuous_hits,20260730,125,250,,,52678,written
continuous_hits,20260730,126,252,,,52656,written
continuous_hits,20260730,127,254,,,52708,written
continuous_hits,20260730,128,256,,,52711,written
continuous_hits,20260730,129,258,,,52543,written
continuous_hits,20260730,130,260,,,52804,written
continuous_hits,20260730,131,262,,,52432,written
continuous_hits,20260730,133,266,,,52706,written
continuous_hits,20260730,132,264,,,52865,written
continuous_hits,20260730,134,268,,,52606,written
continuous_hits,20260730,135,270,,,52958,written
continuous_hits,20260730,136,272,,,53380,written
continuous_hits,20260730,138,276,,,52741,written
continuous_hits,20260730,137,274,,,52762,written
continuous_hits,20260730,139,278,,,52702,written
continuous_hits,20260730,141,282,,,52827,written
continuous_hits,20260730,140,280,,,52722,written
continuous_hits,20260730,142,284,,,53127,written
continuous_hits,20260730,143,286,,,52512,written
continuous_hits,20260730,144,288,,,52432,written
continuous_hits,20260730,145,290,,,52588,written
continuous_hits,20260730,146,292,,,52224,written
continuous_hits,20260730,147,294,,,52860,written
continuous_hits,20260730,149,298,,,52351,written
continuous_hits,20260730,148,296,,,52951,written
continuous_hits,20260730,150,300,,,52159,written
continuous_hits,20260730,151,302,,,52767,written
continuous_hits,20260730,153,306,,,52589,written
continuous_hits,20260730,152,304,,,52480,written
continuous_hits,20260730,154,308,,,52474,written
continuous_hits,20260730,155,310,,,52386,written
continuous_hits,20260730,156,312,,,53175,written
continuous_hits,20260730,157,314,,,52735,written
continuous_hits,20260730,158,316,,,52570,written
continuous_hits,20260730,159,318,,,52584,written
continuous_hits,20260730,160,320,,,52733,written
continuous_hits,20260730,162,324,,,52799,written
continuous_hits,20260730,161,322,,,53017,written
continuous_hits,20260730,163,326,,,52413,written
continuous_hits,20260730,164,328,,,52626,written
continuous_hits,20260730,166,332,,,52916,written
continuous_hits,20260730,165,330,,,52908,written
continuous_hits,20260730,167,334,,,53095,written
continuous_hits,20260730,170,340,,,52922,written
continuous_hits,20260730,168,336,,,52589,written
continuous_hits,20260730,169,338,,,52631,written
continuous_hits,20260730,171,342,,,52693,written
continuous_hits,20260730,172,344,,,52470,written
continuous_hits,20260730,173,346,,,52817,written
continuous_hits,20260730,174,348,,,52524,written
continuous_hits,20260730,175,350,,,52816,written
continuous_hits,20260730,177,354,,,52791,written
continuous_hits,20260730,176,352,,,52827,written
continuous_hits,20260730,178,356,,,52841,written
continuous_hits,20260730,179,358,,,52502,written
continuous_hits,20260730,180,360,,,53125,written
continuous_hits,20260730,181,362,,,52544,written
continuous_hits,20260730,182,364,,,52893,written
continuous_hits,20260730,183,366,,,52426,written
continuous_hits,20260730,185,370,,,52897,written
continuous_hits,20260730,184,368,,,52491,written
continuous_hits,20260730,186,372,,,52955,written
continuous_hits,20260730,187,374,,,52701,written
continuous_hits,20260730,189,378,,,52876,written
continuous_hits,20260730,188,376,,,52850,written
continuous_hits,20260730,190,380,,,52328,written
continuous_hits,20260730,191,382,,,52754,written
continuous_hits,20260730,193,386,,,52862,written
continuous_hits,20260730,192,384,,,52363,written
continuous_hits,20260730,194,388,,,52590,written
continuous_hits,20260730,195,390,,,52733,written
continuous_hits,20260730,196,392,,,52756,written
continuous_hits,20260730,197,394,,,53102,written
continuous_hits,20260730,198,396,,,52708,written
continuous_hits,20260730,199,398,,,52782,written
continuous_hits,20260730,200,400,,,52396,written
continuous_hits,20260730,201,402,,,52714,written
continuous_hits,20260730,202,404,,,52233,written
continuous_hits,20260730,203,406,,,52255,written
continuous_hits,20260730,204,408,,,52212,written
continuous_hits,20260730,205,410,,,52714,written
continuous_hits,20260730,206,412,,,52826,written
continuous_hits,20260730,207,414,,,52657,written
continuous_hits,20260730,208,416,,,52871,written
continuous_hits,20260730,210,420,,,52542,written
continuous_hits,20260730,209,418,,,53004,written
continuous_hits,20260730,211,422,,,52442,written
continuous_hits,20260730,212,424,,,52630,written
continuous_hits,20260730,214,428,,,52814,written
continuous_hits,20260730,213,426,,,52550,written
continuous_hits,20260730,215,430,,,53137,written
continuous_hits,20260730,216,432,,,52703,written
continuous_hits,20260730,217,434,,,52634,written
continuous_hits,20260730,218,436,,,52999,written
continuous_hits,20260730,219,438,,,52946,written
continuous_hits,20260730,220,440,,,52866,written
continuous_hits,20260730,221,442,,,52401,written
continuous_hits,20260730,222,444,,,52377,written
continuous_hits,20260730,223,446,,,52332,written
continuous_hits,20260730,224,448,,,52876,written
continuous_hits,20260730,226,452,,,52770,written
continuous_hits,20260730,225,450,,,52781,written
continuous_hits,20260730,227,454,,,53052,written
continuous_hits,20260730,228,456,,,52529,written
continuous_hits,20260730,229,458,,,52741,written
continuous_hits,20260730,230,460,,,52325,written
continuous_hits,20260730,231,462,,,52620,written
continuous_hits,20260730,232,464,,,52793,written
continuous_hits,20260730,233,466,,,52604,written
continuous_hits,20260730,234,468,,,53098,written
continuous_hits,20260730,235,470,,,52773,written
continuous_hits,20260730,236,472,,,52785,written
continuous_hits,20260730,237,474,,,52423,written
continuous_hits,20260730,238,476,,,52667,written
continuous_hits,20260730,239,478,,,52739,written
continuous_hits,20260730,240,480,,,52665,written
continuous_hits,20260730,241,482,,,52826,written
continuous_hits,20260730,242,484,,,52761,written
continuous_hits,20260730,243,486,,,52599,written
continuous_hits,20260730,244,488,,,52973,written
continuous_hits,20260730,245,490,,,52545,written
continuous_hits,20260730,246,492,,,52516,written
continuous_hits,20260730,247,494,,,52534,written
continuous_hits,20260730,248,496,,,52453,written
continuous_hits,20260730,249,498,,,52616,written
continuous_hits,20260730,250,500,,,52786,written
continuous_hits,20260730,251,502,,,53022,written
continuous_hits,20260730,252,504,,,53144,written
continuous_hits,20260730,253,506,,,52653,written
continuous_hits,20260730,254,508,,,52911,written
continuous_hits,20260730,255,510,,,53124,written
continuous_hits,20260730,256,512,,,52705,written
continuous_hits,20260730,257,514,,,52672,written
continuous_hits,20260730,258,516,,,52504,written
continuous_hits,20260730,259,518,,,53059,written
continuous_hits,20260730,260,520,,,52521,written
continuous_hits,20260730,261,522,,,52697,written
continuous_hits,20260730,262,524,,,52771,written
continuous_hits,20260730,263,526,,,52739,written
continuous_hits,20260730,264,528,,,52508,written
continuous_hits,20260730,265,530,,,53348,written
continuous_hits,20260730,266,532,,,52752,written
continuous_hits,20260730,267,534,,,52580,written
continuous_hits,20260730,268,536,,,52705,written
continuous_hits,20260730,270,540,,,52594,written
continuous_hits,20260730,269,538,,,52551,written
continuous_hits,20260730,271,542,,,52228,written
continuous_hits,20260730,272,544,,,52583,written
continuous_hits,20260730,274,548,,,52531,written
continuous_hits,20260730,273,546,,,52637,written
continuous_hits,20260730,275,550,,,53050,written
continuous_hits,20260730,276,552,,,52441,written
continuous_hits,20260730,277,554,,,52183,written
continuous_hits,20260730,278,556,,,52536,written
continuous_hits,20260730,279,558,,,52122,written
continuous_hits,20260730,280,560,,,53286,written
continuous_hits,20260730,282,564,,,52649,written
continuous_hits,20260730,281,562,,,52677,written
continuous_hits,20260730,283,566,,,52468,written
continuous_hits,20260730,284,568,,,53088,written
continuous_hits,20260730,285,570,,,52519,written
continuous_hits,20260730,286,572,,,52890,written
continuous_hits,20260730,287,574,,,53301,written
continuous_hits,20260730,288,576,,,52176,written
continuous_hits,20260730,289,578,,,52765,written
continuous_hits,20260730,290,580,,,52339,written
continuous_hits,20260730,291,582,,,52739,written
continuous_hits,20260730,292,584,,,52987,written
continuous_hits,20260730,293,586,,,52510,written
continuous_hits,20260730,294,588,,,52800,written
continuous_hits,20260730,295,590,,,53073,written
continuous_hits,20260730,296,592,,,52521,written
continuous_hits,20260730,297,594,,,52458,written
continuous_hits,20260730,298,596,,,52711,written
continuous_hits,20260730,299,598,,,52159,written
continuous_hits,20260730,300,600,,,52963,written
continuous_hits,20260730,302,604,,,52759,written
continuous_hits,20260730,301,602,,,52815,written
continuous_hits,20260730,303,606,,,53076,written
continuous_hits,20260730,304,608,,,52655,written
continuous_hits,20260730,306,612,,,52909,written
continuous_hits,20260730,305,610,,,52732,written
continuous_hits,20260730,307,614,,,52669,written
continuous_hits,20260730,308,616,,,52498,written
continuous_hits,20260730,309,618,,,52626,written
continuous_hits,20260730,310,620,,,52871,written
continuous_hits,20260730,311,622,,,53040,written
continuous_hits,20260730,312,624,,,52580,written
continuous_hits,20260730,313,626,,,52680,written
continuous_hits,20260730,314,628,,,53131,written
continuous_hits,20260730,315,630,,,52249,written
continuous_hits,20260730,316,632,,,52353,written
continuous_hits,20260730,317,634,,,52638,written
continuous_hits,20260730,318,636,,,52383,written
continuous_hits,20260730,319,638,,,52828,written
continuous_hits,20260730,320,640,,,52730,written
continuous_hits,20260730,321,642,,,52772,written
continuous_hits,20260730,322,644,,,53152,written
continuous_hits,20260730,323,646,,,52423,written
continuous_hits,20260730,324,648,,,52565,written
continuous_hits,20260730,325,650,,,52870,written
continuous_hits,20260730,326,652,,,52646,written
continuous_hits,20260730,327,654,,,52567,written
continuous_hits,20260730,328,656,,,53047,written
continuous_hits,20260730,329,658,,,53034,written
continuous_hits,20260730,330,660,,,52295,written
continuous_hits,20260730,331,662,,,52803,written
continuous_hits,20260730,332,664,,,52963,written
continuous_hits,20260730,333,666,,,52794,written
continuous_hits,20260730,334,668,,,52594,written
continuous_hits,20260730,335,670,,,52821,written
continuous_hits,20260730,336,672,,,52579,written
continuous_hits,20260730,337,674,,,52343,written
continuous_hits,20260730,338,676,,,52894,written
continuous_hits,20260730,339,678,,,53092,written
continuous_hits,20260730,340,680,,,52750,written
continuous_hits,20260730,341,682,,,52346,written
continuous_hits,20260730,342,684,,,52903,written
continuous_hits,20260730,343,686,,,52949,written
continuous_hits,20260730,344,688,,,52670,written
continuous_hits,20260730,345,690,,,52759,written
continuous_hits,20260730,346,692,,,53040,written
continuous_hits,20260730,347,694,,,52889,written
continuous_hits,20260730,348,696,,,52699,written
continuous_hits,20260730,349,698,,,52342,written
continuous_hits,20260730,350,700,,,52918,written
continuous_hits,20260730,351,702,,,52690,written
continuous_hits,20260730,352,704,,,52498,written
continuous_hits,20260730,353,706,,,52602,written
continuous_hits,20260730,354,708,,,53018,written
continuous_hits,20260730,355,710,,,52383,written
continuous_hits,20260730,356,712,,,53165,written
continuous_hits,20260730,357,714,,,53217,written
continuous_hits,20260730,358,716,,,52913,written
continuous_hits,20260730,359,718,,,52820,written
position_0p2mm,20260730,1,2,,,51383,written
position_0p2mm,20260730,3,6,,,51334,written
position_0p2mm,20260730,0,0,,,51248,written
position_0p2mm,20260730,2,4,,,51434,written
position_0p2mm,20260730,6,12,,,51506,written
position_0p2mm,20260730,4,8,,,51336,written
position_0p2mm,20260730,5,10,,,51193,written
position_0p2mm,20260730,7,14,,,51665,written
position_0p2mm,20260730,9,18,,,51387,written
position_0p2mm,20260730,10,20,,,51596,written
position_0p2mm,20260730,11,22,,,51520,written
position_0p2mm,20260730,8,16,,,51607,written
position_0p2mm,20260730,13,26,,,51734,written
position_0p2mm,20260730,12,24,,,51736,written
position_0p2mm,20260730,14,28,,,51882,written
position_0p2mm,20260730,15,30,,,51708,written
position_0p2mm,20260730,16,32,,,51354,written
position_0p2mm,20260730,19,38,,,51707,written
position_0p2mm,20260730,18,36,,,51817,written
position_0p2mm,20260730,17,34,,,51739,written
position_0p2mm,20260730,20,40,,,51429,written
position_0p2mm,20260730,22,44,,,51702,written
position_0p2mm,20260730,23,46,,,51961,written
position_0p2mm,20260730,21,42,,,52092,written
position_0p2mm,20260730,25,50,,,51276,written
position_0p2mm,20260730,24,48,,,51345,written
position_0p2mm,20260730,27,54,,,51679,written
position_0p2mm,20260730,26,52,,,50921,written
position_0p2mm,20260730,28,56,,,51622,written
position_0p2mm,20260730,29,58,,,51705,written
position_0p2mm,20260730,30,60,,,51404,written
position_0p2mm,20260730,31,62,,,51552,written
position_0p2mm,20260730,32,64,,,51840,written
position_0p2mm,20260730,33,66,,,51750,written
position_0p2mm,20260730,34,68,,,51646,written
position_0p2mm,20260730,35,70,,,52134,written
position_0p2mm,20260730,36,72,,,51219,written
position_0p2mm,20260730,38,76,,,51618,written
position_0p2mm,20260730,37,74,,,51732,written
position_0p2mm,20260730,39,78,,,51371,written
position_0p2mm,20260730,40,80,,,51375,written
position_0p2mm,20260730,41,82,,,51606,written
position_0p2mm,20260730,42,84,,,51548,written
position_0p2mm,20260730,43,86,,,51683,written
position_0p2mm,20260730,44,88,,,51591,written
position_0p2mm,20260730,45,90,,,51580,written
position_0p2mm,20260730,46,92,,,51481,written
position_0p2mm,20260730,47,94,,,51291,written
position_0p2mm,20260730,48,96,,,50990,written
position_0p2mm,20260730,49,98,,,51731,written
position_0p2mm,20260730,50,100,,,51533,written
position_0p2mm,20260730,51,102,,,51321,written
position_0p2mm,20260730,52,104,,,51433,written
position_0p2mm,20260730,53,106,,,51706,written
position_0p2mm,20260730,55,110,,,51847,written
position_0p2mm,20260730,54,108,,,51315,written
position_0p2mm,20260730,56,112,,,51602,written
position_0p2mm,20260730,57,114,,,51399,written
position_0p2mm,20260730,58,116,,,51778,written
position_0p2mm,20260730,59,118,,,51196,written
position_0p2mm,20260730,60,120,,,51564,written
position_0p2mm,20260730,62,124,,,51660,written
position_0p2mm,20260730,61,122,,,51232,written
position_0p2mm,20260730,63,126,,,51334,written
position_0p2mm,20260730,64,128,,,51778,written
position_0p2mm,20260730,65,130,,,51474,written
position_0p2mm,20260730,66,132,,,51718,written
position_0p2mm,20260730,67,134,,,51784,written
position_0p2mm,20260730,68,136,,,51412,written
position_0p2mm,20260730,69,138,,,51509,written
position_0p2mm,20260730,70,140,,,51720,written
position_0p2mm,20260730,71,142,,,51263,written
position_0p2mm,20260730,72,144,,,51169,written
position_0p2mm,20260730,74,148,,,51540,written
position_0p2mm,20260730,73,146,,,51292,written
position_0p2mm,20260730,75,150,,,51502,written
position_0p2mm,20260730,76,152,,,51227,written
position_0p2mm,20260730,78,156,,,51795,written
position_0p2mm,20260730,77,154,,,51114,written
position_0p2mm,20260730,79,158,,,51655,written
position_0p2mm,20260730,80,160,,,51479,written
position_0p2mm,20260730,81,162,,,51054,written
position_0p2mm,20260730,83,166,,,51583,written
position_0p2mm,20260730,82,164,,,51574,written
position_0p2mm,20260730,84,168,,,51808,written
position_0p2mm,20260730,85,170,,,51350,written
position_0p2mm,20260730,87,174,,,51611,written
position_0p2mm,20260730,86,172,,,51249,written
position_0p2mm,20260730,88,176,,,51403,written
position_0p2mm,20260730,89,178,,,51357,written
position_0p2mm,20260730,90,180,,,51459,written
position_0p2mm,20260730,91,182,,,51409,written
position_0p2mm,20260730,92,184,,,51494,written
position_0p2mm,20260730,93,186,,,51420,written
position_0p2mm,20260730,94,188,,,51816,written
position_0p2mm,20260730,95,190,,,51656,written
position_0p2mm,20260730,96,192,,,51487,written
position_0p2mm,20260730,97,194,,,51527,written
position_0p2mm,20260730,98,196,,,51502,written
position_0p2mm,20260730,99,198,,,51119,written
position_0p2mm,20260730,100,200,,,51327,written
position_0p2mm,20260730,101,202,,,51582,written
position_0p2mm,20260730,102,204,,,51375,written
position_0p2mm,20260730,103,206,,,51435,written
position_0p2mm,20260730,104,208,,,51261,written
position_0p2mm,20260730,105,210,,,51590,written
position_0p2mm,20260730,106,212,,,51368,written
position_0p2mm,20260730,107,214,,,51643,written
position_0p2mm,20260730,108,216,,,51408,written
position_0p2mm,20260730,109,218,,,51358,written
position_0p2mm,20260730,110,220,,,51491,written
position_0p2mm,20260730,111,222,,,51355,written
position_0p2mm,20260730,112,224,,,51457,written
position_0p2mm,20260730,113,226,,,51376,written
position_0p2mm,20260730,114,228,,,51959,written
position_0p2mm,20260730,115,230,,,51241,written
position_0p2mm,20260730,116,232,,,51681,written
position_0p2mm,20260730,117,234,,,51571,written
position_0p2mm,20260730,118,236,,,51565,written
position_0p2mm,20260730,119,238,,,51247,written
position_0p2mm,20260730,120,240,,,51397,written
position_0p2mm,20260730,121,242,,,51360,written
position_0p2mm,20260730,122,244,,,51731,written
position_0p2mm,20260730,123,246,,,51758,written
position_0p2mm,20260730,124,248,,,51758,written
position_0p2mm,20260730,126,252,,,51541,written
position_0p2mm,20260730,125,250,,,51608,written
position_0p2mm,20260730,127,254,,,51484,written
position_0p2mm,20260730,128,256,,,51473,written
position_0p2mm,20260730,131,262,,,51195,written
position_0p2mm,20260730,129,258,,,51500,written
position_0p2mm,20260730,130,260,,,51538,written
position_0p2mm,20260730,132,264,,,51694,written
position_0p2mm,20260730,135,270,,,51746,written
position_0p2mm,20260730,133,266,,,51491,written
position_0p2mm,20260730,134,268,,,51311,written
position_0p2mm,20260730,136,272,,,52154,written
position_0p2mm,20260730,137,274,,,51616,written
position_0p2mm,20260730,138,276,,,51447,written
position_0p2mm,20260730,139,278,,,51604,written
position_0p2mm,20260730,140,280,,,51578,written
position_0p2mm,20260730,141,282,,,51688,written
position_0p2mm,20260730,142,284,,,51832,written
position_0p2mm,20260730,143,286,,,51406,written
position_0p2mm,20260730,144,288,,,51300,written
position_0p2mm,20260730,147,294,,,51708,written
position_0p2mm,20260730,145,290,,,51300,written
position_0p2mm,20260730,146,292,,,51087,written
position_0p2mm,20260730,148,296,,,51637,written
position_0p2mm,20260730,149,298,,,51195,written
position_0p2mm,20260730,150,300,,,51015,written
position_0p2mm,20260730,151,302,,,51731,written
position_0p2mm,20260730,152,304,,,51232,written
position_0p2mm,20260730,153,306,,,51506,written
position_0p2mm,20260730,155,310,,,51187,written
position_0p2mm,20260730,154,308,,,51209,written
position_0p2mm,20260730,156,312,,,51973,written
position_0p2mm,20260730,157,314,,,51530,written
position_0p2mm,20260730,158,316,,,51442,written
position_0p2mm,20260730,159,318,,,51443,written
position_0p2mm,20260730,160,320,,,51425,written
position_0p2mm,20260730,161,322,,,51712,written
position_0p2mm,20260730,162,324,,,51659,written
position_0p2mm,20260730,163,326,,,51232,written
position_0p2mm,20260730,164,328,,,51405,written
position_0p2mm,20260730,165,330,,,51773,written
position_0p2mm,20260730,166,332,,,51763,written
position_0p2mm,20260730,167,334,,,51920,written
position_0p2mm,20260730,168,336,,,51424,written
position_0p2mm,20260730,169,338,,,51379,written
position_0p2mm,20260730,170,340,,,51696,written
position_0p2mm,20260730,171,342,,,51536,written
position_0p2mm,20260730,172,344,,,51234,written
position_0p2mm,20260730,173,346,,,51568,written
position_0p2mm,20260730,174,348,,,51384,written
position_0p2mm,20260730,175,350,,,51545,written
position_0p2mm,20260730,176,352,,,51591,written
position_0p2mm,20260730,177,354,,,51643,written
position_0p2mm,20260730,178,356,,,51701,written
position_0p2mm,20260730,179,358,,,51262,written
position_0p2mm,20260730,180,360,,,51896,written
position_0p2mm,20260730,181,362,,,51399,written
position_0p2mm,20260730,182,364,,,51692,written
position_0p2mm,20260730,183,366,,,51220,written
position_0p2mm,20260730,184,368,,,51413,written
position_0p2mm,20260730,185,370,,,51673,written
position_0p2mm,20260730,186,372,,,51740,written
position_0p2mm,20260730,187,374,,,51516,written
position_0p2mm,20260730,188,376,,,51631,written
position_0p2mm,20260730,189,378,,,51627,written
position_0p2mm,20260730,190,380,,,51201,written
position_0p2mm,20260730,191,382,,,51507,written
position_0p2mm,20260730,192,384,,,51209,written
position_0p2mm,20260730,193,386,,,51660,written
position_0p2mm,20260730,194,388,,,51365,written
position_0p2mm,20260730,195,390,,,51475,written
position_0p2mm,20260730,196,392,,,51426,written
position_0p2mm,20260730,197,394,,,51894,written
position_0p2mm,20260730,198,396,,,51626,written
position_0p2mm,20260730,199,398,,,51494,written
position_0p2mm,20260730,200,400,,,51154,written
position_0p2mm,20260730,201,402,,,51603,written
position_0p2mm,20260730,202,404,,,51104,written
position_0p2mm,20260730,203,406,,,51001,written
position_0p2mm,20260730,204,408,,,51052,written
position_0p2mm,20260730,205,410,,,51512,written
position_0p2mm,20260730,206,412,,,51527,written
position_0p2mm,20260730,207,414,,,51508,written
position_0p2mm,20260730,208,416,,,51711,written
position_0p2mm,20260730,209,418,,,51730,written
position_0p2mm,20260730,210,420,,,51420,written
position_0p2mm,20260730,211,422,,,51387,written
position_0p2mm,20260730,212,424,,,51590,written
position_0p2mm,20260730,213,426,,,51478,written
position_0p2mm,20260730,214,428,,,51687,written
position_0p2mm,20260730,215,430,,,51899,written
position_0p2mm,20260730,216,432,,,51481,written
position_0p2mm,20260730,217,434,,,51428,written
position_0p2mm,20260730,219,438,,,51795,written
position_0p2mm,20260730,218,436,,,51892,written
position_0p2mm,20260730,220,440,,,51631,written
position_0p2mm,20260730,221,442,,,51281,written
position_0p2mm,20260730,223,446,,,51224,written
position_0p2mm,20260730,222,444,,,51202,written
position_0p2mm,20260730,224,448,,,51646,written
position_0p2mm,20260730,225,450,,,51525,written
position_0p2mm,20260730,226,452,,,51628,written
position_0p2mm,20260730,227,454,,,51954,written
position_0p2mm,20260730,228,456,,,51310,written
position_0p2mm,20260730,229,458,,,51542,written
position_0p2mm,20260730,230,460,,,51115,written
position_0p2mm,20260730,231,462,,,51441,written
position_0p2mm,20260730,232,464,,,51555,written
position_0p2mm,20260730,233,466,,,51386,written
position_0p2mm,20260730,234,468,,,51844,written
position_0p2mm,20260730,235,470,,,51460,written
position_0p2mm,20260730,236,472,,,51455,written
position_0p2mm,20260730,237,474,,,51099,written
position_0p2mm,20260730,239,478,,,51550,written
position_0p2mm,20260730,238,476,,,51431,written
position_0p2mm,20260730,240,480,,,51499,written
position_0p2mm,20260730,241,482,,,51610,written
position_0p2mm,20260730,242,484,,,51551,written
position_0p2mm,20260730,243,486,,,51468,written
position_0p2mm,20260730,244,488,,,51794,written
position_0p2mm,20260730,245,490,,,51375,written
position_0p2mm,20260730,246,492,,,51410,written
position_0p2mm,20260730,247,494,,,51320,written
position_0p2mm,20260730,248,496,,,51310,written
position_0p2mm,20260730,249,498,,,51406,written
position_0p2mm,20260730,250,500,,,51546,written
position_0p2mm,20260730,251,502,,,51752,written
position_0p2mm,20260730,252,504,,,51965,written
position_0p2mm,20260730,253,506,,,51424,written
position_0p2mm,20260730,254,508,,,51821,written
position_0p2mm,20260730,255,510,,,51863,written
position_0p2mm,20260730,256,512,,,51423,written
position_0p2mm,20260730,257,514,,,51502,written
position_0p2mm,20260730,258,516,,,51381,written
position_0p2mm,20260730,259,518,,,51764,written
position_0p2mm,20260730,260,520,,,51467,written
position_0p2mm,20260730,261,522,,,51456,written
position_0p2mm,20260730,262,524,,,51527,written
position_0p2mm,20260730,263,526,,,51599,written
position_0p2mm,20260730,264,528,,,51332,written
position_0p2mm,20260730,265,530,,,52167,written
position_0p2mm,20260730,266,532,,,51480,written
position_0p2mm,20260730,267,534,,,51312,written
position_0p2mm,20260730,268,536,,,51596,written
position_0p2mm,20260730,269,538,,,51466,written
position_0p2mm,20260730,270,540,,,51372,written
position_0p2mm,20260730,271,542,,,51048,written
position_0p2mm,20260730,272,544,,,51400,written
position_0p2mm,20260730,273,546,,,51540,written
position_0p2mm,20260730,274,548,,,51297,written
position_0p2mm,20260730,275,550,,,51908,written
position_0p2mm,20260730,276,552,,,51333,written
position_0p2mm,20260730,277,554,,,51135,written
position_0p2mm,20260730,278,556,,,51478,written
position_0p2mm,20260730,279,558,,,50802,written
position_0p2mm,20260730,280,560,,,52078,written
position_0p2mm,20260730,281,562,,,51597,written
position_0p2mm,20260730,282,564,,,51325,written
position_0p2mm,20260730,283,566,,,51316,written
position_0p2mm,20260730,284,568,,,51892,written
position_0p2mm,20260730,285,570,,,51468,written
position_0p2mm,20260730,286,572,,,51654,written
position_0p2mm,20260730,287,574,,,52241,written
position_0p2mm,20260730,288,576,,,50956,written
position_0p2mm,20260730,289,578,,,51486,written
position_0p2mm,20260730,290,580,,,51202,written
position_0p2mm,20260730,291,582,,,51538,written
position_0p2mm,20260730,292,584,,,51834,written
position_0p2mm,20260730,293,586,,,51402,written
position_0p2mm,20260730,294,588,,,51614,written
position_0p2mm,20260730,295,590,,,51924,written
position_0p2mm,20260730,296,592,,,51430,written
position_0p2mm,20260730,297,594,,,51246,written
position_0p2mm,20260730,298,596,,,51571,written
position_0p2mm,20260730,299,598,,,51081,written
position_0p2mm,20260730,300,600,,,51801,written
position_0p2mm,20260730,301,602,,,51552,written
position_0p2mm,20260730,302,604,,,51422,written
position_0p2mm,20260730,303,606,,,51904,written
position_0p2mm,20260730,304,608,,,51448,written
position_0p2mm,20260730,305,610,,,51574,written
position_0p2mm,20260730,306,612,,,51788,written
position_0p2mm,20260730,307,614,,,51408,written
position_0p2mm,20260730,308,616,,,51304,written
position_0p2mm,20260730,309,618,,,51387,written
position_0p2mm,20260730,310,620,,,51475,written
position_0p2mm,20260730,311,622,,,51897,written
position_0p2mm,20260730,312,624,,,51341,written
position_0p2mm,20260730,313,626,,,51691,written
position_0p2mm,20260730,314,628,,,51963,written
position_0p2mm,20260730,315,630,,,51128,written
position_0p2mm,20260730,316,632,,,51159,written
position_0p2mm,20260730,317,634,,,51502,written
position_0p2mm,20260730,318,636,,,51256,written
position_0p2mm,20260730,319,638,,,51736,written
position_0p2mm,20260730,320,640,,,51639,written
position_0p2mm,20260730,321,642,,,51587,written
position_0p2mm,20260730,322,644,,,51928,written
position_0p2mm,20260730,323,646,,,51161,written
position_0p2mm,20260730,324,648,,,51348,written
position_0p2mm,20260730,325,650,,,51850,written
position_0p2mm,20260730,326,652,,,51401,written
position_0p2mm,20260730,327,654,,,51256,written
position_0p2mm,20260730,328,656,,,51859,written
position_0p2mm,20260730,329,658,,,51813,written
position_0p2mm,20260730,330,660,,,51177,written
position_0p2mm,20260730,331,662,,,51596,written
position_0p2mm,20260730,332,664,,,51827,written
position_0p2mm,20260730,333,666,,,51520,written
position_0p2mm,20260730,334,668,,,51355,written
position_0p2mm,20260730,335,670,,,51510,written
position_0p2mm,20260730,336,672,,,51466,written
position_0p2mm,20260730,337,674,,,51258,written
position_0p2mm,20260730,338,676,,,51781,written
position_0p2mm,20260730,339,678,,,51862,written
position_0p2mm,20260730,340,680,,,51530,written
position_0p2mm,20260730,341,682,,,51148,written
position_0p2mm,20260730,342,684,,,51714,written
position_0p2mm,20260730,343,686,,,51709,written
position_0p2mm,20260730,344,688,,,51484,written
position_0p2mm,20260730,345,690,,,51558,written
position_0p2mm,20260730,346,692,,,51810,written
position_0p2mm,20260730,347,694,,,51632,written
position_0p2mm,20260730,348,696,,,51416,written
position_0p2mm,20260730,349,698,,,50988,written
position_0p2mm,20260730,350,700,,,51638,written
position_0p2mm,20260730,351,702,,,51489,written
position_0p2mm,20260730,352,704,,,51327,written
position_0p2mm,20260730,353,706,,,51410,written
position_0p2mm,20260730,354,708,,,51862,written
position_0p2mm,20260730,355,710,,,51208,written
position_0p2mm,20260730,356,712,,,51978,written
position_0p2mm,20260730,357,714,,,51999,written
position_0p2mm,20260730,358,716,,,51894,written
position_0p2mm,20260730,359,718,,,51556,written
energy_1pct_only,20260730,3,6,,,49064,written
energy_1pct_only,20260730,2,4,,,49275,written
energy_1pct_only,20260730,1,2,,,49226,written
energy_1pct_only,20260730,0,0,,,48952,written
energy_1pct_only,20260730,7,14,,,49436,written
energy_1pct_only,20260730,5,10,,,49133,written
energy_1pct_only,20260730,4,8,,,49139,written
energy_1pct_only,20260730,6,12,,,49245,written
energy_1pct_only,20260730,11,22,,,49357,written
energy_1pct_only,20260730,9,18,,,49241,written
energy_1pct_only,20260730,8,16,,,49480,written
energy_1pct_only,20260730,10,20,,,49261,written
energy_1pct_only,20260730,14,28,,,49524,written
energy_1pct_only,20260730,13,26,,,49400,written
energy_1pct_only,20260730,15,30,,,49345,written
energy_1pct_only,20260730,12,24,,,49419,written
energy_1pct_only,20260730,16,32,,,49139,written
energy_1pct_only,20260730,18,36,,,49463,written
energy_1pct_only,20260730,17,34,,,49651,written
energy_1pct_only,20260730,19,38,,,49473,written
energy_1pct_only,20260730,20,40,,,49113,written
energy_1pct_only,20260730,23,46,,,49684,written
energy_1pct_only,20260730,21,42,,,49685,written
energy_1pct_only,20260730,22,44,,,49656,written
energy_1pct_only,20260730,24,48,,,49124,written
energy_1pct_only,20260730,27,54,,,49453,written
energy_1pct_only,20260730,25,50,,,49054,written
energy_1pct_only,20260730,26,52,,,48970,written
energy_1pct_only,20260730,30,60,,,49309,written
energy_1pct_only,20260730,29,58,,,49629,written
energy_1pct_only,20260730,28,56,,,49378,written
energy_1pct_only,20260730,31,62,,,49416,written
energy_1pct_only,20260730,34,68,,,49410,written
energy_1pct_only,20260730,33,66,,,49430,written
energy_1pct_only,20260730,35,70,,,49794,written
energy_1pct_only,20260730,32,64,,,49742,written
energy_1pct_only,20260730,36,72,,,49079,written
energy_1pct_only,20260730,38,76,,,49650,written
energy_1pct_only,20260730,39,78,,,49123,written
energy_1pct_only,20260730,37,74,,,49511,written
energy_1pct_only,20260730,40,80,,,49257,written
energy_1pct_only,20260730,43,86,,,49488,written
energy_1pct_only,20260730,42,84,,,49368,written
energy_1pct_only,20260730,41,82,,,49540,written
energy_1pct_only,20260730,45,90,,,49537,written
energy_1pct_only,20260730,47,94,,,48979,written
energy_1pct_only,20260730,46,92,,,49193,written
energy_1pct_only,20260730,44,88,,,49427,written
energy_1pct_only,20260730,48,96,,,48655,written
energy_1pct_only,20260730,51,102,,,49066,written
energy_1pct_only,20260730,50,100,,,49428,written
energy_1pct_only,20260730,49,98,,,49467,written
energy_1pct_only,20260730,52,104,,,49224,written
energy_1pct_only,20260730,53,106,,,49641,written
energy_1pct_only,20260730,54,108,,,49197,written
energy_1pct_only,20260730,55,110,,,49646,written
energy_1pct_only,20260730,56,112,,,49424,written
energy_1pct_only,20260730,57,114,,,49233,written
energy_1pct_only,20260730,58,116,,,49582,written
energy_1pct_only,20260730,59,118,,,48977,written
energy_1pct_only,20260730,60,120,,,49137,written
energy_1pct_only,20260730,61,122,,,49007,written
energy_1pct_only,20260730,62,124,,,49411,written
energy_1pct_only,20260730,63,126,,,49004,written
energy_1pct_only,20260730,64,128,,,49364,written
energy_1pct_only,20260730,65,130,,,49255,written
energy_1pct_only,20260730,66,132,,,49452,written
energy_1pct_only,20260730,67,134,,,49574,written
energy_1pct_only,20260730,68,136,,,49286,written
energy_1pct_only,20260730,69,138,,,49307,written
energy_1pct_only,20260730,70,140,,,49371,written
energy_1pct_only,20260730,71,142,,,49065,written
energy_1pct_only,20260730,72,144,,,49010,written
energy_1pct_only,20260730,73,146,,,49080,written
energy_1pct_only,20260730,74,148,,,49237,written
energy_1pct_only,20260730,75,150,,,49191,written
energy_1pct_only,20260730,76,152,,,49227,written
energy_1pct_only,20260730,78,156,,,49432,written
energy_1pct_only,20260730,77,154,,,49055,written
energy_1pct_only,20260730,79,158,,,49423,written
energy_1pct_only,20260730,80,160,,,49294,written
energy_1pct_only,20260730,81,162,,,48887,written
energy_1pct_only,20260730,82,164,,,49246,written
energy_1pct_only,20260730,83,166,,,49534,written
energy_1pct_only,20260730,84,168,,,49457,written
energy_1pct_only,20260730,85,170,,,49282,written
energy_1pct_only,20260730,86,172,,,49091,written
energy_1pct_only,20260730,87,174,,,49415,written
energy_1pct_only,20260730,88,176,,,49201,written
energy_1pct_only,20260730,89,178,,,49137,written
energy_1pct_only,20260730,90,180,,,49269,written
energy_1pct_only,20260730,91,182,,,49188,written
energy_1pct_only,20260730,93,186,,,49055,written
energy_1pct_only,20260730,92,184,,,49440,written
energy_1pct_only,20260730,94,188,,,49489,written
energy_1pct_only,20260730,95,190,,,49566,written
energy_1pct_only,20260730,96,192,,,49316,written
energy_1pct_only,20260730,97,194,,,49310,written
energy_1pct_only,20260730,98,196,,,49253,written
energy_1pct_only,20260730,99,198,,,48784,written
energy_1pct_only,20260730,101,202,,,49371,written
energy_1pct_only,20260730,100,200,,,49232,written
energy_1pct_only,20260730,102,204,,,49233,written
energy_1pct_only,20260730,103,206,,,49144,written
energy_1pct_only,20260730,104,208,,,49136,written
energy_1pct_only,20260730,105,210,,,49356,written
energy_1pct_only,20260730,106,212,,,49231,written
energy_1pct_only,20260730,107,214,,,49421,written
energy_1pct_only,20260730,109,218,,,49147,written
energy_1pct_only,20260730,108,216,,,49165,written
energy_1pct_only,20260730,110,220,,,49268,written
energy_1pct_only,20260730,111,222,,,49088,written
energy_1pct_only,20260730,114,228,,,49672,written
energy_1pct_only,20260730,113,226,,,49243,written
energy_1pct_only,20260730,112,224,,,49254,written
energy_1pct_only,20260730,115,230,,,49085,written
energy_1pct_only,20260730,117,234,,,49484,written
energy_1pct_only,20260730,116,232,,,49671,written
energy_1pct_only,20260730,118,236,,,49210,written
energy_1pct_only,20260730,119,238,,,48883,written
energy_1pct_only,20260730,121,242,,,49238,written
energy_1pct_only,20260730,120,240,,,49259,written
energy_1pct_only,20260730,122,244,,,49427,written
energy_1pct_only,20260730,123,246,,,49621,written
energy_1pct_only,20260730,124,248,,,49621,written
energy_1pct_only,20260730,125,250,,,49330,written
energy_1pct_only,20260730,126,252,,,49340,written
energy_1pct_only,20260730,127,254,,,49284,written
energy_1pct_only,20260730,128,256,,,49384,written
energy_1pct_only,20260730,129,258,,,49216,written
energy_1pct_only,20260730,130,260,,,49293,written
energy_1pct_only,20260730,131,262,,,49068,written
energy_1pct_only,20260730,132,264,,,49467,written
energy_1pct_only,20260730,133,266,,,49332,written
energy_1pct_only,20260730,134,268,,,49251,written
energy_1pct_only,20260730,135,270,,,49660,written
energy_1pct_only,20260730,136,272,,,49913,written
energy_1pct_only,20260730,137,274,,,49416,written
energy_1pct_only,20260730,138,276,,,49395,written
energy_1pct_only,20260730,139,278,,,49282,written
energy_1pct_only,20260730,140,280,,,49292,written
energy_1pct_only,20260730,141,282,,,49521,written
energy_1pct_only,20260730,142,284,,,49725,written
energy_1pct_only,20260730,143,286,,,49075,written
energy_1pct_only,20260730,144,288,,,49114,written
energy_1pct_only,20260730,145,290,,,49238,written
energy_1pct_only,20260730,146,292,,,48910,written
energy_1pct_only,20260730,147,294,,,49393,written
energy_1pct_only,20260730,148,296,,,49563,written
energy_1pct_only,20260730,149,298,,,48974,written
energy_1pct_only,20260730,150,300,,,48819,written
energy_1pct_only,20260730,151,302,,,49406,written
energy_1pct_only,20260730,152,304,,,49145,written
energy_1pct_only,20260730,153,306,,,49158,written
energy_1pct_only,20260730,154,308,,,49169,written
energy_1pct_only,20260730,155,310,,,48986,written
energy_1pct_only,20260730,156,312,,,49715,written
energy_1pct_only,20260730,157,314,,,49388,written
energy_1pct_only,20260730,158,316,,,49121,written
energy_1pct_only,20260730,159,318,,,49208,written
energy_1pct_only,20260730,160,320,,,49488,written
energy_1pct_only,20260730,161,322,,,49647,written
energy_1pct_only,20260730,162,324,,,49418,written
energy_1pct_only,20260730,163,326,,,49021,written
energy_1pct_only,20260730,164,328,,,49140,written
energy_1pct_only,20260730,165,330,,,49476,written
energy_1pct_only,20260730,166,332,,,49478,written
energy_1pct_only,20260730,167,334,,,49647,written
energy_1pct_only,20260730,169,338,,,49285,written
energy_1pct_only,20260730,168,336,,,49224,written
energy_1pct_only,20260730,170,340,,,49491,written
energy_1pct_only,20260730,171,342,,,49255,written
energy_1pct_only,20260730,173,346,,,49374,written
energy_1pct_only,20260730,172,344,,,49072,written
energy_1pct_only,20260730,174,348,,,49054,written
energy_1pct_only,20260730,175,350,,,49362,written
energy_1pct_only,20260730,177,354,,,49422,written
energy_1pct_only,20260730,176,352,,,49395,written
energy_1pct_only,20260730,178,356,,,49389,written
energy_1pct_only,20260730,179,358,,,49191,written
energy_1pct_only,20260730,181,362,,,49106,written
energy_1pct_only,20260730,180,360,,,49710,written
energy_1pct_only,20260730,182,364,,,49453,written
energy_1pct_only,20260730,183,366,,,49187,written
energy_1pct_only,20260730,184,368,,,49208,written
energy_1pct_only,20260730,185,370,,,49454,written
energy_1pct_only,20260730,186,372,,,49467,written
energy_1pct_only,20260730,187,374,,,49299,written
energy_1pct_only,20260730,188,376,,,49398,written
energy_1pct_only,20260730,189,378,,,49424,written
energy_1pct_only,20260730,190,380,,,48940,written
energy_1pct_only,20260730,191,382,,,49308,written
energy_1pct_only,20260730,192,384,,,48895,written
energy_1pct_only,20260730,193,386,,,49439,written
energy_1pct_only,20260730,194,388,,,49186,written
energy_1pct_only,20260730,195,390,,,49236,written
energy_1pct_only,20260730,196,392,,,49367,written
energy_1pct_only,20260730,197,394,,,49765,written
energy_1pct_only,20260730,198,396,,,49193,written
energy_1pct_only,20260730,199,398,,,49334,written
energy_1pct_only,20260730,200,400,,,49039,written
energy_1pct_only,20260730,201,402,,,49331,written
energy_1pct_only,20260730,202,404,,,48937,written
energy_1pct_only,20260730,203,406,,,48866,written
energy_1pct_only,20260730,204,408,,,48915,written
energy_1pct_only,20260730,206,412,,,49380,written
energy_1pct_only,20260730,205,410,,,49242,written
energy_1pct_only,20260730,207,414,,,49280,written
energy_1pct_only,20260730,208,416,,,49586,written
energy_1pct_only,20260730,210,420,,,49247,written
energy_1pct_only,20260730,209,418,,,49718,written
energy_1pct_only,20260730,211,422,,,49002,written
energy_1pct_only,20260730,212,424,,,49197,written
energy_1pct_only,20260730,213,426,,,49181,written
energy_1pct_only,20260730,214,428,,,49406,written
energy_1pct_only,20260730,215,430,,,49721,written
energy_1pct_only,20260730,216,432,,,49288,written
energy_1pct_only,20260730,217,434,,,49286,written
energy_1pct_only,20260730,218,436,,,49545,written
energy_1pct_only,20260730,219,438,,,49557,written
energy_1pct_only,20260730,222,444,,,49077,written
energy_1pct_only,20260730,220,440,,,49538,written
energy_1pct_only,20260730,221,442,,,49079,written
energy_1pct_only,20260730,223,446,,,48897,written
energy_1pct_only,20260730,227,454,,,49577,written
energy_1pct_only,20260730,226,452,,,49399,written
energy_1pct_only,20260730,224,448,,,49560,written
energy_1pct_only,20260730,225,450,,,49381,written
energy_1pct_only,20260730,231,462,,,49200,written
energy_1pct_only,20260730,230,460,,,48905,written
energy_1pct_only,20260730,229,458,,,49328,written
energy_1pct_only,20260730,228,456,,,49170,written
energy_1pct_only,20260730,232,464,,,49392,written
energy_1pct_only,20260730,233,466,,,49202,written
energy_1pct_only,20260730,235,470,,,49411,written
energy_1pct_only,20260730,234,468,,,49648,written
energy_1pct_only,20260730,237,474,,,49081,written
energy_1pct_only,20260730,236,472,,,49411,written
energy_1pct_only,20260730,239,478,,,49320,written
energy_1pct_only,20260730,238,476,,,49288,written
energy_1pct_only,20260730,242,484,,,49288,written
energy_1pct_only,20260730,240,480,,,49349,written
energy_1pct_only,20260730,243,486,,,49217,written
energy_1pct_only,20260730,241,482,,,49288,written
energy_1pct_only,20260730,245,490,,,49167,written
energy_1pct_only,20260730,244,488,,,49580,written
energy_1pct_only,20260730,246,492,,,49146,written
energy_1pct_only,20260730,247,494,,,49179,written
energy_1pct_only,20260730,248,496,,,49084,written
energy_1pct_only,20260730,249,498,,,49156,written
energy_1pct_only,20260730,251,502,,,49708,written
energy_1pct_only,20260730,250,500,,,49490,written
energy_1pct_only,20260730,252,504,,,49791,written
energy_1pct_only,20260730,253,506,,,49272,written
energy_1pct_only,20260730,254,508,,,49429,written
energy_1pct_only,20260730,255,510,,,49689,written
energy_1pct_only,20260730,256,512,,,49360,written
energy_1pct_only,20260730,257,514,,,49113,written
energy_1pct_only,20260730,258,516,,,49035,written
energy_1pct_only,20260730,259,518,,,49583,written
energy_1pct_only,20260730,261,522,,,49360,written
energy_1pct_only,20260730,260,520,,,49186,written
energy_1pct_only,20260730,262,524,,,49415,written
energy_1pct_only,20260730,263,526,,,49359,written
energy_1pct_only,20260730,264,528,,,49124,written
energy_1pct_only,20260730,267,534,,,49214,written
energy_1pct_only,20260730,265,530,,,49899,written
energy_1pct_only,20260730,266,532,,,49298,written
energy_1pct_only,20260730,268,536,,,49244,written
energy_1pct_only,20260730,269,538,,,49090,written
energy_1pct_only,20260730,270,540,,,49176,written
energy_1pct_only,20260730,271,542,,,48857,written
energy_1pct_only,20260730,272,544,,,49239,written
energy_1pct_only,20260730,274,548,,,49023,written
energy_1pct_only,20260730,275,550,,,49742,written
energy_1pct_only,20260730,273,546,,,49247,written
energy_1pct_only,20260730,277,554,,,48758,written
energy_1pct_only,20260730,278,556,,,49178,written
energy_1pct_only,20260730,276,552,,,49017,written
energy_1pct_only,20260730,279,558,,,48794,written
energy_1pct_only,20260730,282,564,,,49290,written
energy_1pct_only,20260730,280,560,,,49684,written
energy_1pct_only,20260730,281,562,,,49422,written
energy_1pct_only,20260730,283,566,,,48989,written
energy_1pct_only,20260730,285,570,,,49087,written
energy_1pct_only,20260730,286,572,,,49533,written
energy_1pct_only,20260730,284,568,,,49641,written
energy_1pct_only,20260730,287,574,,,49895,written
energy_1pct_only,20260730,288,576,,,48746,written
energy_1pct_only,20260730,289,578,,,49396,written
energy_1pct_only,20260730,290,580,,,48964,written
energy_1pct_only,20260730,291,582,,,49357,written
energy_1pct_only,20260730,292,584,,,49586,written
energy_1pct_only,20260730,293,586,,,49155,written
energy_1pct_only,20260730,294,588,,,49379,written
energy_1pct_only,20260730,295,590,,,49582,written
energy_1pct_only,20260730,296,592,,,49121,written
energy_1pct_only,20260730,297,594,,,49069,written
energy_1pct_only,20260730,299,598,,,48810,written
energy_1pct_only,20260730,298,596,,,49389,written
energy_1pct_only,20260730,300,600,,,49590,written
energy_1pct_only,20260730,301,602,,,49404,written
energy_1pct_only,20260730,303,606,,,49640,written
energy_1pct_only,20260730,302,604,,,49298,written
energy_1pct_only,20260730,304,608,,,49167,written
energy_1pct_only,20260730,306,612,,,49454,written
energy_1pct_only,20260730,305,610,,,49250,written
energy_1pct_only,20260730,307,614,,,49294,written
energy_1pct_only,20260730,308,616,,,49135,written
energy_1pct_only,20260730,310,620,,,49409,written
energy_1pct_only,20260730,309,618,,,49331,written
energy_1pct_only,20260730,311,622,,,49630,written
energy_1pct_only,20260730,312,624,,,49252,written
energy_1pct_only,20260730,313,626,,,49338,written
energy_1pct_only,20260730,314,628,,,49717,written
energy_1pct_only,20260730,315,630,,,49001,written
energy_1pct_only,20260730,317,634,,,49193,written
energy_1pct_only,20260730,316,632,,,48927,written
energy_1pct_only,20260730,318,636,,,49016,written
energy_1pct_only,20260730,319,638,,,49446,written
energy_1pct_only,20260730,320,640,,,49391,written
energy_1pct_only,20260730,322,644,,,49787,written
energy_1pct_only,20260730,321,642,,,49375,written
energy_1pct_only,20260730,323,646,,,49033,written
energy_1pct_only,20260730,324,648,,,49110,written
energy_1pct_only,20260730,327,654,,,49208,written
energy_1pct_only,20260730,325,650,,,49603,written
energy_1pct_only,20260730,326,652,,,49211,written
energy_1pct_only,20260730,328,656,,,49622,written
energy_1pct_only,20260730,330,660,,,48948,written
energy_1pct_only,20260730,329,658,,,49638,written
energy_1pct_only,20260730,331,662,,,49408,written
energy_1pct_only,20260730,333,666,,,49505,written
energy_1pct_only,20260730,332,664,,,49531,written
energy_1pct_only,20260730,335,670,,,49405,written
energy_1pct_only,20260730,334,668,,,49203,written
energy_1pct_only,20260730,336,672,,,49130,written
energy_1pct_only,20260730,337,674,,,48872,written
energy_1pct_only,20260730,338,676,,,49589,written
energy_1pct_only,20260730,339,678,,,49667,written
energy_1pct_only,20260730,340,680,,,49396,written
energy_1pct_only,20260730,341,682,,,49077,written
energy_1pct_only,20260730,343,686,,,49508,written
energy_1pct_only,20260730,342,684,,,49613,written
energy_1pct_only,20260730,344,688,,,49353,written
energy_1pct_only,20260730,345,690,,,49422,written
energy_1pct_only,20260730,347,694,,,49475,written
energy_1pct_only,20260730,346,692,,,49623,written
energy_1pct_only,20260730,348,696,,,49340,written
energy_1pct_only,20260730,349,698,,,49011,written
energy_1pct_only,20260730,350,700,,,49470,written
energy_1pct_only,20260730,351,702,,,49283,written
energy_1pct_only,20260730,352,704,,,49292,written
energy_1pct_only,20260730,353,706,,,49364,written
energy_1pct_only,20260730,354,708,,,49669,written
energy_1pct_only,20260730,355,710,,,48919,written
energy_1pct_only,20260730,356,712,,,49745,written
energy_1pct_only,20260730,357,714,,,49744,written
energy_1pct_only,20260730,358,716,,,49568,written
energy_1pct_only,20260730,359,718,,,49432,written
combined_0p2mm_1pct,20260730,1,2,,,48093,written
combined_0p2mm_1pct,20260730,2,4,,,48153,written
combined_0p2mm_1pct,20260730,0,0,,,47926,written
combined_0p2mm_1pct,20260730,3,6,,,47977,written
combined_0p2mm_1pct,20260730,7,14,,,48411,written
combined_0p2mm_1pct,20260730,5,10,,,47889,written
combined_0p2mm_1pct,20260730,4,8,,,48026,written
combined_0p2mm_1pct,20260730,6,12,,,48154,written
combined_0p2mm_1pct,20260730,9,18,,,48065,written
combined_0p2mm_1pct,20260730,8,16,,,48365,written
combined_0p2mm_1pct,20260730,10,20,,,48199,written
combined_0p2mm_1pct,20260730,11,22,,,48210,written
combined_0p2mm_1pct,20260730,14,28,,,48330,written
combined_0p2mm_1pct,20260730,12,24,,,48380,written
combined_0p2mm_1pct,20260730,15,30,,,48266,written
combined_0p2mm_1pct,20260730,13,26,,,48406,written
combined_0p2mm_1pct,20260730,17,34,,,48430,written
combined_0p2mm_1pct,20260730,16,32,,,48044,written
combined_0p2mm_1pct,20260730,19,38,,,48331,written
combined_0p2mm_1pct,20260730,18,36,,,48522,written
combined_0p2mm_1pct,20260730,20,40,,,48071,written
combined_0p2mm_1pct,20260730,21,42,,,48637,written
combined_0p2mm_1pct,20260730,22,44,,,48538,written
combined_0p2mm_1pct,20260730,23,46,,,48514,written
combined_0p2mm_1pct,20260730,24,48,,,48071,written
combined_0p2mm_1pct,20260730,25,50,,,47887,written
combined_0p2mm_1pct,20260730,26,52,,,47693,written
combined_0p2mm_1pct,20260730,27,54,,,48406,written
combined_0p2mm_1pct,20260730,28,56,,,48262,written
combined_0p2mm_1pct,20260730,29,58,,,48418,written
combined_0p2mm_1pct,20260730,30,60,,,48097,written
combined_0p2mm_1pct,20260730,31,62,,,48330,written
combined_0p2mm_1pct,20260730,32,64,,,48522,written
combined_0p2mm_1pct,20260730,33,66,,,48367,written
combined_0p2mm_1pct,20260730,34,68,,,48306,written
combined_0p2mm_1pct,20260730,35,70,,,48734,written
combined_0p2mm_1pct,20260730,36,72,,,47944,written
combined_0p2mm_1pct,20260730,37,74,,,48307,written
combined_0p2mm_1pct,20260730,38,76,,,48462,written
combined_0p2mm_1pct,20260730,39,78,,,48078,written
combined_0p2mm_1pct,20260730,40,80,,,48162,written
combined_0p2mm_1pct,20260730,41,82,,,48314,written
combined_0p2mm_1pct,20260730,42,84,,,48271,written
combined_0p2mm_1pct,20260730,43,86,,,48340,written
combined_0p2mm_1pct,20260730,44,88,,,48357,written
combined_0p2mm_1pct,20260730,45,90,,,48307,written
combined_0p2mm_1pct,20260730,46,92,,,48104,written
combined_0p2mm_1pct,20260730,47,94,,,47916,written
combined_0p2mm_1pct,20260730,48,96,,,47614,written
combined_0p2mm_1pct,20260730,49,98,,,48338,written
combined_0p2mm_1pct,20260730,50,100,,,48255,written
combined_0p2mm_1pct,20260730,51,102,,,47998,written
combined_0p2mm_1pct,20260730,52,104,,,48102,written
combined_0p2mm_1pct,20260730,53,106,,,48401,written
combined_0p2mm_1pct,20260730,54,108,,,47920,written
combined_0p2mm_1pct,20260730,55,110,,,48457,written
combined_0p2mm_1pct,20260730,56,112,,,48286,written
combined_0p2mm_1pct,20260730,57,114,,,48109,written
combined_0p2mm_1pct,20260730,58,116,,,48466,written
combined_0p2mm_1pct,20260730,59,118,,,47932,written
combined_0p2mm_1pct,20260730,60,120,,,48188,written
combined_0p2mm_1pct,20260730,61,122,,,47884,written
combined_0p2mm_1pct,20260730,62,124,,,48274,written
combined_0p2mm_1pct,20260730,63,126,,,47858,written
combined_0p2mm_1pct,20260730,64,128,,,48419,written
combined_0p2mm_1pct,20260730,65,130,,,48163,written
combined_0p2mm_1pct,20260730,66,132,,,48364,written
combined_0p2mm_1pct,20260730,67,134,,,48418,written
combined_0p2mm_1pct,20260730,68,136,,,48200,written
combined_0p2mm_1pct,20260730,69,138,,,48226,written
combined_0p2mm_1pct,20260730,70,140,,,48350,written
combined_0p2mm_1pct,20260730,71,142,,,47980,written
combined_0p2mm_1pct,20260730,72,144,,,47916,written
combined_0p2mm_1pct,20260730,74,148,,,48194,written
combined_0p2mm_1pct,20260730,73,146,,,47991,written
combined_0p2mm_1pct,20260730,75,150,,,48167,written
combined_0p2mm_1pct,20260730,76,152,,,47967,written
combined_0p2mm_1pct,20260730,77,154,,,47887,written
combined_0p2mm_1pct,20260730,78,156,,,48357,written
combined_0p2mm_1pct,20260730,79,158,,,48338,written
combined_0p2mm_1pct,20260730,81,162,,,47799,written
combined_0p2mm_1pct,20260730,80,160,,,48191,written
combined_0p2mm_1pct,20260730,82,164,,,48147,written
combined_0p2mm_1pct,20260730,83,166,,,48318,written
combined_0p2mm_1pct,20260730,84,168,,,48392,written
combined_0p2mm_1pct,20260730,85,170,,,48043,written
combined_0p2mm_1pct,20260730,86,172,,,47924,written
combined_0p2mm_1pct,20260730,87,174,,,48281,written
combined_0p2mm_1pct,20260730,89,178,,,47974,written
combined_0p2mm_1pct,20260730,90,180,,,48079,written
combined_0p2mm_1pct,20260730,88,176,,,48102,written
combined_0p2mm_1pct,20260730,91,182,,,48039,written
combined_0p2mm_1pct,20260730,93,186,,,48011,written
combined_0p2mm_1pct,20260730,92,184,,,48282,written
combined_0p2mm_1pct,20260730,94,188,,,48486,written
combined_0p2mm_1pct,20260730,95,190,,,48436,written
combined_0p2mm_1pct,20260730,98,196,,,48087,written
combined_0p2mm_1pct,20260730,96,192,,,48157,written
combined_0p2mm_1pct,20260730,97,194,,,48121,written
combined_0p2mm_1pct,20260730,99,198,,,47775,written
combined_0p2mm_1pct,20260730,101,202,,,48249,written
combined_0p2mm_1pct,20260730,102,204,,,48068,written
combined_0p2mm_1pct,20260730,100,200,,,48027,written
combined_0p2mm_1pct,20260730,103,206,,,48066,written
combined_0p2mm_1pct,20260730,104,208,,,48028,written
combined_0p2mm_1pct,20260730,106,212,,,47998,written
combined_0p2mm_1pct,20260730,105,210,,,48213,written
combined_0p2mm_1pct,20260730,107,214,,,48388,written
combined_0p2mm_1pct,20260730,108,216,,,48099,written
combined_0p2mm_1pct,20260730,110,220,,,48089,written
combined_0p2mm_1pct,20260730,109,218,,,48000,written
combined_0p2mm_1pct,20260730,111,222,,,48067,written
combined_0p2mm_1pct,20260730,112,224,,,48147,written
combined_0p2mm_1pct,20260730,113,226,,,48100,written
combined_0p2mm_1pct,20260730,114,228,,,48566,written
combined_0p2mm_1pct,20260730,115,230,,,47885,written
combined_0p2mm_1pct,20260730,117,234,,,48315,written
combined_0p2mm_1pct,20260730,116,232,,,48365,written
combined_0p2mm_1pct,20260730,118,236,,,48110,written
combined_0p2mm_1pct,20260730,119,238,,,47829,written
combined_0p2mm_1pct,20260730,121,242,,,48089,written
combined_0p2mm_1pct,20260730,120,240,,,48138,written
combined_0p2mm_1pct,20260730,122,244,,,48399,written
combined_0p2mm_1pct,20260730,123,246,,,48518,written
combined_0p2mm_1pct,20260730,125,250,,,48306,written
combined_0p2mm_1pct,20260730,126,252,,,48282,written
combined_0p2mm_1pct,20260730,124,248,,,48415,written
combined_0p2mm_1pct,20260730,127,254,,,48153,written
combined_0p2mm_1pct,20260730,128,256,,,48194,written
combined_0p2mm_1pct,20260730,130,260,,,48144,written
combined_0p2mm_1pct,20260730,129,258,,,48279,written
combined_0p2mm_1pct,20260730,131,262,,,47920,written
combined_0p2mm_1pct,20260730,134,268,,,48047,written
combined_0p2mm_1pct,20260730,132,264,,,48397,written
combined_0p2mm_1pct,20260730,133,266,,,48193,written
combined_0p2mm_1pct,20260730,135,270,,,48523,written
combined_0p2mm_1pct,20260730,137,274,,,48360,written
combined_0p2mm_1pct,20260730,138,276,,,48142,written
combined_0p2mm_1pct,20260730,136,272,,,48758,written
combined_0p2mm_1pct,20260730,139,278,,,48235,written
combined_0p2mm_1pct,20260730,140,280,,,48257,written
combined_0p2mm_1pct,20260730,141,282,,,48466,written
combined_0p2mm_1pct,20260730,142,284,,,48493,written
combined_0p2mm_1pct,20260730,143,286,,,48006,written
combined_0p2mm_1pct,20260730,144,288,,,48043,written
combined_0p2mm_1pct,20260730,145,290,,,48018,written
combined_0p2mm_1pct,20260730,146,292,,,47870,written
combined_0p2mm_1pct,20260730,147,294,,,48311,written
combined_0p2mm_1pct,20260730,148,296,,,48331,written
combined_0p2mm_1pct,20260730,150,300,,,47776,written
combined_0p2mm_1pct,20260730,149,298,,,47923,written
combined_0p2mm_1pct,20260730,151,302,,,48396,written
combined_0p2mm_1pct,20260730,152,304,,,47957,written
combined_0p2mm_1pct,20260730,154,308,,,47973,written
combined_0p2mm_1pct,20260730,153,306,,,48147,written
combined_0p2mm_1pct,20260730,155,310,,,47852,written
combined_0p2mm_1pct,20260730,156,312,,,48601,written
combined_0p2mm_1pct,20260730,157,314,,,48296,written
combined_0p2mm_1pct,20260730,158,316,,,48044,written
combined_0p2mm_1pct,20260730,159,318,,,48129,written
combined_0p2mm_1pct,20260730,160,320,,,48270,written
combined_0p2mm_1pct,20260730,162,324,,,48332,written
combined_0p2mm_1pct,20260730,161,322,,,48432,written
combined_0p2mm_1pct,20260730,163,326,,,47916,written
combined_0p2mm_1pct,20260730,164,328,,,47991,written
combined_0p2mm_1pct,20260730,166,332,,,48378,written
combined_0p2mm_1pct,20260730,165,330,,,48397,written
combined_0p2mm_1pct,20260730,167,334,,,48537,written
combined_0p2mm_1pct,20260730,168,336,,,48151,written
combined_0p2mm_1pct,20260730,169,338,,,48129,written
combined_0p2mm_1pct,20260730,170,340,,,48352,written
combined_0p2mm_1pct,20260730,171,342,,,48160,written
combined_0p2mm_1pct,20260730,172,344,,,47871,written
combined_0p2mm_1pct,20260730,173,346,,,48260,written
combined_0p2mm_1pct,20260730,174,348,,,47923,written
combined_0p2mm_1pct,20260730,175,350,,,48200,written
combined_0p2mm_1pct,20260730,176,352,,,48206,written
combined_0p2mm_1pct,20260730,177,354,,,48343,written
combined_0p2mm_1pct,20260730,178,356,,,48325,written
combined_0p2mm_1pct,20260730,179,358,,,48042,written
combined_0p2mm_1pct,20260730,180,360,,,48559,written
combined_0p2mm_1pct,20260730,181,362,,,48017,written
combined_0p2mm_1pct,20260730,182,364,,,48336,written
combined_0p2mm_1pct,20260730,183,366,,,48021,written
combined_0p2mm_1pct,20260730,184,368,,,48195,written
combined_0p2mm_1pct,20260730,185,370,,,48332,written
combined_0p2mm_1pct,20260730,186,372,,,48350,written
combined_0p2mm_1pct,20260730,187,374,,,48199,written
combined_0p2mm_1pct,20260730,188,376,,,48235,written
combined_0p2mm_1pct,20260730,189,378,,,48247,written
combined_0p2mm_1pct,20260730,190,380,,,47872,written
combined_0p2mm_1pct,20260730,191,382,,,48112,written
combined_0p2mm_1pct,20260730,192,384,,,47830,written
combined_0p2mm_1pct,20260730,193,386,,,48304,written
combined_0p2mm_1pct,20260730,194,388,,,48007,written
combined_0p2mm_1pct,20260730,195,390,,,48065,written
combined_0p2mm_1pct,20260730,196,392,,,48151,written
combined_0p2mm_1pct,20260730,197,394,,,48599,written
combined_0p2mm_1pct,20260730,198,396,,,48212,written
combined_0p2mm_1pct,20260730,199,398,,,48116,written
combined_0p2mm_1pct,20260730,200,400,,,47845,written
combined_0p2mm_1pct,20260730,202,404,,,47924,written
combined_0p2mm_1pct,20260730,201,402,,,48312,written
combined_0p2mm_1pct,20260730,203,406,,,47679,written
combined_0p2mm_1pct,20260730,205,410,,,48157,written
combined_0p2mm_1pct,20260730,204,408,,,47824,written
combined_0p2mm_1pct,20260730,206,412,,,48150,written
combined_0p2mm_1pct,20260730,207,414,,,48198,written
combined_0p2mm_1pct,20260730,209,418,,,48530,written
combined_0p2mm_1pct,20260730,208,416,,,48503,written
combined_0p2mm_1pct,20260730,210,420,,,48179,written
combined_0p2mm_1pct,20260730,211,422,,,48001,written
combined_0p2mm_1pct,20260730,214,428,,,48349,written
combined_0p2mm_1pct,20260730,213,426,,,48166,written
combined_0p2mm_1pct,20260730,212,424,,,48202,written
combined_0p2mm_1pct,20260730,215,430,,,48597,written
combined_0p2mm_1pct,20260730,216,432,,,48157,written
combined_0p2mm_1pct,20260730,218,436,,,48506,written
combined_0p2mm_1pct,20260730,217,434,,,48143,written
combined_0p2mm_1pct,20260730,219,438,,,48487,written
combined_0p2mm_1pct,20260730,221,442,,,48041,written
combined_0p2mm_1pct,20260730,222,444,,,47965,written
combined_0p2mm_1pct,20260730,220,440,,,48369,written
combined_0p2mm_1pct,20260730,223,446,,,47841,written
combined_0p2mm_1pct,20260730,225,450,,,48199,written
combined_0p2mm_1pct,20260730,226,452,,,48349,written
combined_0p2mm_1pct,20260730,224,448,,,48383,written
combined_0p2mm_1pct,20260730,227,454,,,48538,written
combined_0p2mm_1pct,20260730,230,460,,,47776,written
combined_0p2mm_1pct,20260730,229,458,,,48191,written
combined_0p2mm_1pct,20260730,228,456,,,48052,written
combined_0p2mm_1pct,20260730,231,462,,,48094,written
combined_0p2mm_1pct,20260730,232,464,,,48238,written
combined_0p2mm_1pct,20260730,233,466,,,48066,written
combined_0p2mm_1pct,20260730,235,470,,,48148,written
combined_0p2mm_1pct,20260730,234,468,,,48496,written
combined_0p2mm_1pct,20260730,237,474,,,47812,written
combined_0p2mm_1pct,20260730,236,472,,,48180,written
combined_0p2mm_1pct,20260730,238,476,,,48128,written
combined_0p2mm_1pct,20260730,239,478,,,48187,written
combined_0p2mm_1pct,20260730,240,480,,,48238,written
combined_0p2mm_1pct,20260730,241,482,,,48190,written
combined_0p2mm_1pct,20260730,243,486,,,48132,written
combined_0p2mm_1pct,20260730,242,484,,,48181,written
combined_0p2mm_1pct,20260730,244,488,,,48495,written
combined_0p2mm_1pct,20260730,245,490,,,48010,written
combined_0p2mm_1pct,20260730,246,492,,,48123,written
combined_0p2mm_1pct,20260730,247,494,,,48029,written
combined_0p2mm_1pct,20260730,248,496,,,47996,written
combined_0p2mm_1pct,20260730,249,498,,,47983,written
combined_0p2mm_1pct,20260730,250,500,,,48300,written
combined_0p2mm_1pct,20260730,251,502,,,48519,written
combined_0p2mm_1pct,20260730,252,504,,,48670,written
combined_0p2mm_1pct,20260730,253,506,,,48121,written
combined_0p2mm_1pct,20260730,254,508,,,48414,written
combined_0p2mm_1pct,20260730,255,510,,,48474,written
combined_0p2mm_1pct,20260730,257,514,,,48043,written
combined_0p2mm_1pct,20260730,256,512,,,48196,written
combined_0p2mm_1pct,20260730,258,516,,,47962,written
combined_0p2mm_1pct,20260730,259,518,,,48368,written
combined_0p2mm_1pct,20260730,260,520,,,48184,written
combined_0p2mm_1pct,20260730,261,522,,,48181,written
combined_0p2mm_1pct,20260730,262,524,,,48254,written
combined_0p2mm_1pct,20260730,263,526,,,48313,written
combined_0p2mm_1pct,20260730,265,530,,,48773,written
combined_0p2mm_1pct,20260730,264,528,,,48024,written
combined_0p2mm_1pct,20260730,266,532,,,48148,written
combined_0p2mm_1pct,20260730,267,534,,,48014,written
combined_0p2mm_1pct,20260730,269,538,,,48106,written
combined_0p2mm_1pct,20260730,268,536,,,48223,written
combined_0p2mm_1pct,20260730,271,542,,,47770,written
combined_0p2mm_1pct,20260730,270,540,,,48051,written
combined_0p2mm_1pct,20260730,272,544,,,48117,written
combined_0p2mm_1pct,20260730,273,546,,,48201,written
combined_0p2mm_1pct,20260730,275,550,,,48725,written
combined_0p2mm_1pct,20260730,274,548,,,47890,written
combined_0p2mm_1pct,20260730,277,554,,,47774,written
combined_0p2mm_1pct,20260730,276,552,,,47966,written
combined_0p2mm_1pct,20260730,278,556,,,48174,written
combined_0p2mm_1pct,20260730,279,558,,,47536,written
combined_0p2mm_1pct,20260730,280,560,,,48540,written
combined_0p2mm_1pct,20260730,281,562,,,48401,written
combined_0p2mm_1pct,20260730,282,564,,,48082,written
combined_0p2mm_1pct,20260730,283,566,,,47948,written
combined_0p2mm_1pct,20260730,284,568,,,48516,written
combined_0p2mm_1pct,20260730,285,570,,,48114,written
combined_0p2mm_1pct,20260730,286,572,,,48352,written
combined_0p2mm_1pct,20260730,287,574,,,48897,written
combined_0p2mm_1pct,20260730,288,576,,,47606,written
combined_0p2mm_1pct,20260730,289,578,,,48198,written
combined_0p2mm_1pct,20260730,290,580,,,47915,written
combined_0p2mm_1pct,20260730,291,582,,,48243,written
combined_0p2mm_1pct,20260730,292,584,,,48515,written
combined_0p2mm_1pct,20260730,293,586,,,48141,written
combined_0p2mm_1pct,20260730,294,588,,,48257,written
combined_0p2mm_1pct,20260730,295,590,,,48529,written
combined_0p2mm_1pct,20260730,296,592,,,48077,written
combined_0p2mm_1pct,20260730,297,594,,,47950,written
combined_0p2mm_1pct,20260730,298,596,,,48307,written
combined_0p2mm_1pct,20260730,299,598,,,47779,written
combined_0p2mm_1pct,20260730,300,600,,,48493,written
combined_0p2mm_1pct,20260730,301,602,,,48216,written
combined_0p2mm_1pct,20260730,302,604,,,48044,written
combined_0p2mm_1pct,20260730,303,606,,,48542,written
combined_0p2mm_1pct,20260730,304,608,,,48053,written
combined_0p2mm_1pct,20260730,305,610,,,48176,written
combined_0p2mm_1pct,20260730,306,612,,,48387,written
combined_0p2mm_1pct,20260730,307,614,,,48094,written
combined_0p2mm_1pct,20260730,309,618,,,48145,written
combined_0p2mm_1pct,20260730,308,616,,,47999,written
combined_0p2mm_1pct,20260730,310,620,,,48088,written
combined_0p2mm_1pct,20260730,311,622,,,48545,written
combined_0p2mm_1pct,20260730,312,624,,,48110,written
combined_0p2mm_1pct,20260730,313,626,,,48430,written
combined_0p2mm_1pct,20260730,314,628,,,48658,written
combined_0p2mm_1pct,20260730,315,630,,,47975,written
combined_0p2mm_1pct,20260730,316,632,,,47786,written
combined_0p2mm_1pct,20260730,317,634,,,48099,written
combined_0p2mm_1pct,20260730,318,636,,,47924,written
combined_0p2mm_1pct,20260730,319,638,,,48418,written
combined_0p2mm_1pct,20260730,320,640,,,48344,written
combined_0p2mm_1pct,20260730,321,642,,,48232,written
combined_0p2mm_1pct,20260730,322,644,,,48622,written
combined_0p2mm_1pct,20260730,323,646,,,47868,written
combined_0p2mm_1pct,20260730,324,648,,,48025,written
combined_0p2mm_1pct,20260730,325,650,,,48614,written
combined_0p2mm_1pct,20260730,326,652,,,48022,written
combined_0p2mm_1pct,20260730,327,654,,,48008,written
combined_0p2mm_1pct,20260730,328,656,,,48502,written
combined_0p2mm_1pct,20260730,329,658,,,48482,written
combined_0p2mm_1pct,20260730,330,660,,,47894,written
combined_0p2mm_1pct,20260730,331,662,,,48257,written
combined_0p2mm_1pct,20260730,332,664,,,48450,written
combined_0p2mm_1pct,20260730,333,666,,,48327,written
combined_0p2mm_1pct,20260730,334,668,,,48062,written
combined_0p2mm_1pct,20260730,335,670,,,48196,written
combined_0p2mm_1pct,20260730,336,672,,,48036,written
combined_0p2mm_1pct,20260730,337,674,,,47822,written
combined_0p2mm_1pct,20260730,338,676,,,48544,written
combined_0p2mm_1pct,20260730,339,678,,,48509,written
combined_0p2mm_1pct,20260730,340,680,,,48233,written
combined_0p2mm_1pct,20260730,341,682,,,47931,written
combined_0p2mm_1pct,20260730,342,684,,,48497,written
combined_0p2mm_1pct,20260730,343,686,,,48352,written
combined_0p2mm_1pct,20260730,344,688,,,48227,written
combined_0p2mm_1pct,20260730,346,692,,,48453,written
combined_0p2mm_1pct,20260730,345,690,,,48298,written
combined_0p2mm_1pct,20260730,347,694,,,48276,written
combined_0p2mm_1pct,20260730,348,696,,,48118,written
combined_0p2mm_1pct,20260730,349,698,,,47724,written
combined_0p2mm_1pct,20260730,350,700,,,48324,written
combined_0p2mm_1pct,20260730,351,702,,,48130,written
combined_0p2mm_1pct,20260730,352,704,,,48175,written
combined_0p2mm_1pct,20260730,354,708,,,48560,written
combined_0p2mm_1pct,20260730,353,706,,,48202,written
combined_0p2mm_1pct,20260730,355,710,,,47818,written
combined_0p2mm_1pct,20260730,356,712,,,48619,written
combined_0p2mm_1pct,20260730,357,714,,,48643,written
combined_0p2mm_1pct,20260730,358,716,,,48574,written
combined_0p2mm_1pct,20260730,359,718,,,48270,written
position_0p2mm,20260731,1,2,,,51261,written
position_0p2mm,20260731,2,4,,,51501,written
position_0p2mm,20260731,0,0,,,51285,written
position_0p2mm,20260731,3,6,,,51310,written
position_0p2mm,20260731,7,14,,,51844,written
position_0p2mm,20260731,4,8,,,51557,written
position_0p2mm,20260731,5,10,,,51469,written
position_0p2mm,20260731,6,12,,,51578,written
position_0p2mm,20260731,9,18,,,51537,written
position_0p2mm,20260731,8,16,,,51563,written
position_0p2mm,20260731,10,20,,,51499,written
position_0p2mm,20260731,11,22,,,51567,written
position_0p2mm,20260731,13,26,,,51815,written
position_0p2mm,20260731,12,24,,,51564,written
position_0p2mm,20260731,15,30,,,51832,written
position_0p2mm,20260731,14,28,,,51573,written
position_0p2mm,20260731,17,34,,,51787,written
position_0p2mm,20260731,18,36,,,51805,written
position_0p2mm,20260731,16,32,,,51220,written
position_0p2mm,20260731,19,38,,,51449,written
position_0p2mm,20260731,20,40,,,51643,written
position_0p2mm,20260731,21,42,,,52028,written
position_0p2mm,20260731,23,46,,,51955,written
position_0p2mm,20260731,22,44,,,51875,written
position_0p2mm,20260731,24,48,,,51426,written
position_0p2mm,20260731,25,50,,,51400,written
position_0p2mm,20260731,27,54,,,51633,written
position_0p2mm,20260731,26,52,,,50910,written
position_0p2mm,20260731,28,56,,,51261,written
position_0p2mm,20260731,29,58,,,51732,written
position_0p2mm,20260731,30,60,,,51692,written
position_0p2mm,20260731,31,62,,,51618,written
position_0p2mm,20260731,33,66,,,51818,written
position_0p2mm,20260731,32,64,,,51721,written
position_0p2mm,20260731,34,68,,,51410,written
position_0p2mm,20260731,35,70,,,51868,written
position_0p2mm,20260731,36,72,,,51271,written
position_0p2mm,20260731,37,74,,,51404,written
position_0p2mm,20260731,38,76,,,51784,written
position_0p2mm,20260731,39,78,,,51594,written
position_0p2mm,20260731,40,80,,,51306,written
position_0p2mm,20260731,41,82,,,51852,written
position_0p2mm,20260731,42,84,,,51286,written
position_0p2mm,20260731,43,86,,,51501,written
position_0p2mm,20260731,44,88,,,51508,written
position_0p2mm,20260731,45,90,,,51673,written
position_0p2mm,20260731,46,92,,,51743,written
position_0p2mm,20260731,47,94,,,51212,written
position_0p2mm,20260731,48,96,,,51224,written
position_0p2mm,20260731,50,100,,,51654,written
position_0p2mm,20260731,51,102,,,51255,written
position_0p2mm,20260731,49,98,,,51521,written
position_0p2mm,20260731,52,104,,,51401,written
position_0p2mm,20260731,53,106,,,51681,written
position_0p2mm,20260731,55,110,,,51673,written
position_0p2mm,20260731,54,108,,,51576,written
position_0p2mm,20260731,56,112,,,51600,written
position_0p2mm,20260731,57,114,,,51104,written
position_0p2mm,20260731,58,116,,,51597,written
position_0p2mm,20260731,59,118,,,51414,written
position_0p2mm,20260731,61,122,,,51449,written
position_0p2mm,20260731,60,120,,,51620,written
position_0p2mm,20260731,63,126,,,51385,written
position_0p2mm,20260731,62,124,,,51610,written
position_0p2mm,20260731,64,128,,,51614,written
position_0p2mm,20260731,65,130,,,51453,written
position_0p2mm,20260731,66,132,,,51643,written
position_0p2mm,20260731,67,134,,,51864,written
position_0p2mm,20260731,69,138,,,51691,written
position_0p2mm,20260731,68,136,,,51417,written
position_0p2mm,20260731,70,140,,,51528,written
position_0p2mm,20260731,71,142,,,51101,written
position_0p2mm,20260731,72,144,,,51344,written
position_0p2mm,20260731,73,146,,,51426,written
position_0p2mm,20260731,74,148,,,51510,written
position_0p2mm,20260731,75,150,,,51293,written
position_0p2mm,20260731,76,152,,,51356,written
position_0p2mm,20260731,77,154,,,51487,written
position_0p2mm,20260731,78,156,,,51357,written
position_0p2mm,20260731,79,158,,,51872,written
position_0p2mm,20260731,80,160,,,51697,written
position_0p2mm,20260731,81,162,,,51313,written
position_0p2mm,20260731,82,164,,,51593,written
position_0p2mm,20260731,83,166,,,51427,written
position_0p2mm,20260731,84,168,,,51847,written
position_0p2mm,20260731,85,170,,,51362,written
position_0p2mm,20260731,86,172,,,51086,written
position_0p2mm,20260731,87,174,,,51477,written
position_0p2mm,20260731,88,176,,,51636,written
position_0p2mm,20260731,90,180,,,51416,written
position_0p2mm,20260731,89,178,,,51586,written
position_0p2mm,20260731,91,182,,,51393,written
position_0p2mm,20260731,92,184,,,51773,written
position_0p2mm,20260731,94,188,,,51703,written
position_0p2mm,20260731,93,186,,,51575,written
position_0p2mm,20260731,95,190,,,51795,written
position_0p2mm,20260731,96,192,,,51504,written
position_0p2mm,20260731,97,194,,,51281,written
position_0p2mm,20260731,99,198,,,51190,written
position_0p2mm,20260731,98,196,,,51486,written
position_0p2mm,20260731,100,200,,,51470,written
position_0p2mm,20260731,101,202,,,51529,written
position_0p2mm,20260731,102,204,,,51301,written
position_0p2mm,20260731,103,206,,,51354,written
position_0p2mm,20260731,104,208,,,51406,written
position_0p2mm,20260731,105,210,,,51519,written
position_0p2mm,20260731,106,212,,,51614,written
position_0p2mm,20260731,107,214,,,51215,written
position_0p2mm,20260731,108,216,,,51269,written
position_0p2mm,20260731,110,220,,,51675,written
position_0p2mm,20260731,109,218,,,51412,written
position_0p2mm,20260731,111,222,,,51306,written
position_0p2mm,20260731,112,224,,,51736,written
position_0p2mm,20260731,113,226,,,51338,written
position_0p2mm,20260731,114,228,,,51915,written
position_0p2mm,20260731,115,230,,,51400,written
position_0p2mm,20260731,116,232,,,51995,written
position_0p2mm,20260731,117,234,,,51480,written
position_0p2mm,20260731,118,236,,,51147,written
position_0p2mm,20260731,119,238,,,51168,written
position_0p2mm,20260731,120,240,,,51228,written
position_0p2mm,20260731,121,242,,,51400,written
position_0p2mm,20260731,122,244,,,51730,written
position_0p2mm,20260731,123,246,,,51746,written
position_0p2mm,20260731,124,248,,,51642,written
position_0p2mm,20260731,125,250,,,51298,written
position_0p2mm,20260731,126,252,,,51654,written
position_0p2mm,20260731,127,254,,,51375,written
position_0p2mm,20260731,128,256,,,51430,written
position_0p2mm,20260731,130,260,,,51527,written
position_0p2mm,20260731,129,258,,,51639,written
position_0p2mm,20260731,131,262,,,51129,written
position_0p2mm,20260731,132,264,,,51773,written
position_0p2mm,20260731,133,266,,,51553,written
position_0p2mm,20260731,134,268,,,51608,written
position_0p2mm,20260731,135,270,,,51638,written
position_0p2mm,20260731,136,272,,,51960,written
position_0p2mm,20260731,138,276,,,51567,written
position_0p2mm,20260731,137,274,,,51365,written
position_0p2mm,20260731,139,278,,,51546,written
position_0p2mm,20260731,140,280,,,51507,written
position_0p2mm,20260731,141,282,,,51485,written
position_0p2mm,20260731,142,284,,,51541,written
position_0p2mm,20260731,143,286,,,51285,written
position_0p2mm,20260731,144,288,,,51553,written
position_0p2mm,20260731,145,290,,,51776,written
position_0p2mm,20260731,146,292,,,51199,written
position_0p2mm,20260731,147,294,,,51711,written
position_0p2mm,20260731,148,296,,,51694,written
position_0p2mm,20260731,149,298,,,51434,written
position_0p2mm,20260731,150,300,,,51373,written
position_0p2mm,20260731,151,302,,,51657,written
position_0p2mm,20260731,152,304,,,51367,written
position_0p2mm,20260731,153,306,,,51229,written
position_0p2mm,20260731,154,308,,,51487,written
position_0p2mm,20260731,155,310,,,50982,written
position_0p2mm,20260731,156,312,,,51952,written
position_0p2mm,20260731,157,314,,,51839,written
position_0p2mm,20260731,158,316,,,51698,written
position_0p2mm,20260731,159,318,,,51343,written
position_0p2mm,20260731,160,320,,,51264,written
position_0p2mm,20260731,161,322,,,52042,written
position_0p2mm,20260731,162,324,,,51733,written
position_0p2mm,20260731,163,326,,,51180,written
position_0p2mm,20260731,164,328,,,51764,written
position_0p2mm,20260731,165,330,,,52071,written
position_0p2mm,20260731,166,332,,,51728,written
position_0p2mm,20260731,167,334,,,51888,written
position_0p2mm,20260731,168,336,,,51405,written
position_0p2mm,20260731,169,338,,,51494,written
position_0p2mm,20260731,170,340,,,51756,written
position_0p2mm,20260731,171,342,,,51457,written
position_0p2mm,20260731,172,344,,,51125,written
position_0p2mm,20260731,173,346,,,51448,written
position_0p2mm,20260731,174,348,,,51516,written
position_0p2mm,20260731,175,350,,,51332,written
position_0p2mm,20260731,176,352,,,51540,written
position_0p2mm,20260731,177,354,,,51647,written
position_0p2mm,20260731,178,356,,,51379,written
position_0p2mm,20260731,179,358,,,51549,written
position_0p2mm,20260731,180,360,,,51968,written
position_0p2mm,20260731,181,362,,,51154,written
position_0p2mm,20260731,182,364,,,51263,written
position_0p2mm,20260731,183,366,,,51142,written
position_0p2mm,20260731,184,368,,,51649,written
position_0p2mm,20260731,185,370,,,51829,written
position_0p2mm,20260731,186,372,,,51812,written
position_0p2mm,20260731,187,374,,,51512,written
position_0p2mm,20260731,188,376,,,51573,written
position_0p2mm,20260731,189,378,,,51118,written
position_0p2mm,20260731,190,380,,,51223,written
position_0p2mm,20260731,191,382,,,51680,written
position_0p2mm,20260731,192,384,,,51405,written
position_0p2mm,20260731,193,386,,,51773,written
position_0p2mm,20260731,194,388,,,51353,written
position_0p2mm,20260731,195,390,,,51531,written
position_0p2mm,20260731,196,392,,,51226,written
position_0p2mm,20260731,197,394,,,51794,written
position_0p2mm,20260731,198,396,,,51647,written
position_0p2mm,20260731,199,398,,,51477,written
position_0p2mm,20260731,200,400,,,51200,written
position_0p2mm,20260731,201,402,,,51848,written
position_0p2mm,20260731,202,404,,,50905,written
position_0p2mm,20260731,203,406,,,51053,written
position_0p2mm,20260731,204,408,,,50993,written
position_0p2mm,20260731,205,410,,,51391,written
position_0p2mm,20260731,206,412,,,51510,written
position_0p2mm,20260731,207,414,,,51751,written
position_0p2mm,20260731,208,416,,,51613,written
position_0p2mm,20260731,209,418,,,51883,written
position_0p2mm,20260731,210,420,,,51506,written
position_0p2mm,20260731,211,422,,,51146,written
position_0p2mm,20260731,212,424,,,51348,written
position_0p2mm,20260731,213,426,,,51297,written
position_0p2mm,20260731,214,428,,,51679,written
position_0p2mm,20260731,215,430,,,51941,written
position_0p2mm,20260731,216,432,,,51645,written
position_0p2mm,20260731,217,434,,,51516,written
position_0p2mm,20260731,218,436,,,52054,written
position_0p2mm,20260731,219,438,,,51973,written
position_0p2mm,20260731,220,440,,,51831,written
position_0p2mm,20260731,221,442,,,51364,written
position_0p2mm,20260731,222,444,,,51242,written
position_0p2mm,20260731,223,446,,,51220,written
position_0p2mm,20260731,224,448,,,51608,written
position_0p2mm,20260731,225,450,,,51601,written
position_0p2mm,20260731,226,452,,,51776,written
position_0p2mm,20260731,227,454,,,51726,written
position_0p2mm,20260731,228,456,,,51375,written
position_0p2mm,20260731,229,458,,,51703,written
position_0p2mm,20260731,230,460,,,50730,written
position_0p2mm,20260731,231,462,,,51633,written
position_0p2mm,20260731,232,464,,,51896,written
position_0p2mm,20260731,233,466,,,51374,written
position_0p2mm,20260731,234,468,,,51705,written
position_0p2mm,20260731,235,470,,,51642,written
position_0p2mm,20260731,236,472,,,51223,written
position_0p2mm,20260731,237,474,,,51194,written
position_0p2mm,20260731,238,476,,,51471,written
position_0p2mm,20260731,239,478,,,51759,written
position_0p2mm,20260731,240,480,,,51425,written
position_0p2mm,20260731,241,482,,,51466,written
position_0p2mm,20260731,242,484,,,51566,written
position_0p2mm,20260731,243,486,,,51662,written
position_0p2mm,20260731,244,488,,,51673,written
position_0p2mm,20260731,245,490,,,51376,written
position_0p2mm,20260731,246,492,,,51312,written
position_0p2mm,20260731,247,494,,,51424,written
position_0p2mm,20260731,248,496,,,51315,written
position_0p2mm,20260731,249,498,,,51638,written
position_0p2mm,20260731,250,500,,,51483,written
position_0p2mm,20260731,251,502,,,51799,written
position_0p2mm,20260731,252,504,,,51995,written
position_0p2mm,20260731,253,506,,,51506,written
position_0p2mm,20260731,254,508,,,51713,written
position_0p2mm,20260731,255,510,,,51629,written
position_0p2mm,20260731,256,512,,,51394,written
position_0p2mm,20260731,257,514,,,51600,written
position_0p2mm,20260731,258,516,,,51165,written
position_0p2mm,20260731,259,518,,,51755,written
position_0p2mm,20260731,260,520,,,51454,written
position_0p2mm,20260731,261,522,,,51575,written
position_0p2mm,20260731,262,524,,,51555,written
position_0p2mm,20260731,263,526,,,51919,written
position_0p2mm,20260731,264,528,,,51414,written
position_0p2mm,20260731,265,530,,,52198,written
position_0p2mm,20260731,266,532,,,51395,written
position_0p2mm,20260731,267,534,,,51687,written
position_0p2mm,20260731,268,536,,,51526,written
position_0p2mm,20260731,269,538,,,51763,written
position_0p2mm,20260731,270,540,,,51227,written
position_0p2mm,20260731,271,542,,,51147,written
position_0p2mm,20260731,272,544,,,51243,written
position_0p2mm,20260731,273,546,,,51666,written
position_0p2mm,20260731,274,548,,,51470,written
position_0p2mm,20260731,275,550,,,51719,written
position_0p2mm,20260731,276,552,,,51632,written
position_0p2mm,20260731,277,554,,,51282,written
position_0p2mm,20260731,278,556,,,51544,written
position_0p2mm,20260731,279,558,,,51146,written
position_0p2mm,20260731,280,560,,,51806,written
position_0p2mm,20260731,281,562,,,51288,written
position_0p2mm,20260731,282,564,,,51584,written
position_0p2mm,20260731,283,566,,,51252,written
position_0p2mm,20260731,284,568,,,51698,written
position_0p2mm,20260731,285,570,,,51303,written
position_0p2mm,20260731,286,572,,,51529,written
position_0p2mm,20260731,287,574,,,52196,written
position_0p2mm,20260731,288,576,,,51084,written
position_0p2mm,20260731,289,578,,,51328,written
position_0p2mm,20260731,290,580,,,51247,written
position_0p2mm,20260731,291,582,,,51466,written
position_0p2mm,20260731,292,584,,,51918,written
position_0p2mm,20260731,293,586,,,51398,written
position_0p2mm,20260731,294,588,,,51353,written
position_0p2mm,20260731,295,590,,,51733,written
position_0p2mm,20260731,296,592,,,51485,written
position_0p2mm,20260731,297,594,,,51156,written
position_0p2mm,20260731,298,596,,,51469,written
position_0p2mm,20260731,299,598,,,50984,written
position_0p2mm,20260731,300,600,,,51727,written
position_0p2mm,20260731,301,602,,,51986,written
position_0p2mm,20260731,302,604,,,51461,written
position_0p2mm,20260731,303,606,,,51878,written
position_0p2mm,20260731,304,608,,,51398,written
position_0p2mm,20260731,305,610,,,51917,written
position_0p2mm,20260731,306,612,,,51648,written
position_0p2mm,20260731,307,614,,,51411,written
position_0p2mm,20260731,308,616,,,51405,written
position_0p2mm,20260731,309,618,,,51176,written
position_0p2mm,20260731,310,620,,,51717,written
position_0p2mm,20260731,311,622,,,51520,written
position_0p2mm,20260731,312,624,,,51416,written
position_0p2mm,20260731,313,626,,,51867,written
position_0p2mm,20260731,314,628,,,51669,written
position_0p2mm,20260731,315,630,,,51027,written
position_0p2mm,20260731,316,632,,,51423,written
position_0p2mm,20260731,317,634,,,51501,written
position_0p2mm,20260731,318,636,,,51091,written
position_0p2mm,20260731,319,638,,,51665,written
position_0p2mm,20260731,320,640,,,51580,written
position_0p2mm,20260731,321,642,,,51534,written
position_0p2mm,20260731,322,644,,,51658,written
position_0p2mm,20260731,323,646,,,51303,written
position_0p2mm,20260731,324,648,,,51509,written
position_0p2mm,20260731,325,650,,,51586,written
position_0p2mm,20260731,326,652,,,51244,written
position_0p2mm,20260731,327,654,,,51288,written
position_0p2mm,20260731,328,656,,,51637,written
position_0p2mm,20260731,329,658,,,51922,written
position_0p2mm,20260731,330,660,,,51414,written
position_0p2mm,20260731,331,662,,,51622,written
position_0p2mm,20260731,332,664,,,51627,written
position_0p2mm,20260731,333,666,,,51434,written
position_0p2mm,20260731,334,668,,,51477,written
position_0p2mm,20260731,335,670,,,51636,written
position_0p2mm,20260731,336,672,,,51463,written
position_0p2mm,20260731,337,674,,,51442,written
position_0p2mm,20260731,338,676,,,51636,written
position_0p2mm,20260731,339,678,,,51568,written
position_0p2mm,20260731,340,680,,,51528,written
position_0p2mm,20260731,341,682,,,51024,written
position_0p2mm,20260731,342,684,,,51741,written
position_0p2mm,20260731,343,686,,,51870,written
position_0p2mm,20260731,344,688,,,51068,written
position_0p2mm,20260731,345,690,,,51035,written
position_0p2mm,20260731,346,692,,,51949,written
position_0p2mm,20260731,347,694,,,51813,written
position_0p2mm,20260731,348,696,,,51481,written
position_0p2mm,20260731,349,698,,,50913,written
position_0p2mm,20260731,350,700,,,51488,written
position_0p2mm,20260731,351,702,,,51397,written
position_0p2mm,20260731,352,704,,,51482,written
position_0p2mm,20260731,353,706,,,51502,written
position_0p2mm,20260731,354,708,,,51670,written
position_0p2mm,20260731,355,710,,,51154,written
position_0p2mm,20260731,356,712,,,52023,written
position_0p2mm,20260731,357,714,,,51980,written
position_0p2mm,20260731,358,716,,,51799,written
position_0p2mm,20260731,359,718,,,51824,written
combined_0p2mm_1pct,20260731,2,4,,,48095,written
combined_0p2mm_1pct,20260731,1,2,,,48044,written
combined_0p2mm_1pct,20260731,0,0,,,47981,written
combined_0p2mm_1pct,20260731,3,6,,,47921,written
combined_0p2mm_1pct,20260731,7,14,,,48442,written
combined_0p2mm_1pct,20260731,4,8,,,48259,written
combined_0p2mm_1pct,20260731,6,12,,,48227,written
combined_0p2mm_1pct,20260731,5,10,,,48145,written
combined_0p2mm_1pct,20260731,9,18,,,48229,written
combined_0p2mm_1pct,20260731,11,22,,,48230,written
combined_0p2mm_1pct,20260731,10,20,,,48174,written
combined_0p2mm_1pct,20260731,8,16,,,48254,written
combined_0p2mm_1pct,20260731,13,26,,,48441,written
combined_0p2mm_1pct,20260731,15,30,,,48330,written
combined_0p2mm_1pct,20260731,12,24,,,48221,written
combined_0p2mm_1pct,20260731,14,28,,,48254,written
combined_0p2mm_1pct,20260731,16,32,,,48016,written
combined_0p2mm_1pct,20260731,17,34,,,48408,written
combined_0p2mm_1pct,20260731,19,38,,,48123,written
combined_0p2mm_1pct,20260731,18,36,,,48492,written
combined_0p2mm_1pct,20260731,20,40,,,48338,written
combined_0p2mm_1pct,20260731,21,42,,,48655,written
combined_0p2mm_1pct,20260731,22,44,,,48580,written
combined_0p2mm_1pct,20260731,23,46,,,48591,written
combined_0p2mm_1pct,20260731,24,48,,,48150,written
combined_0p2mm_1pct,20260731,25,50,,,48070,written
combined_0p2mm_1pct,20260731,26,52,,,47644,written
combined_0p2mm_1pct,20260731,27,54,,,48333,written
combined_0p2mm_1pct,20260731,29,58,,,48434,written
combined_0p2mm_1pct,20260731,28,56,,,47956,written
combined_0p2mm_1pct,20260731,31,62,,,48215,written
combined_0p2mm_1pct,20260731,30,60,,,48285,written
combined_0p2mm_1pct,20260731,33,66,,,48511,written
combined_0p2mm_1pct,20260731,32,64,,,48379,written
combined_0p2mm_1pct,20260731,34,68,,,48098,written
combined_0p2mm_1pct,20260731,35,70,,,48522,written
combined_0p2mm_1pct,20260731,36,72,,,48068,written
combined_0p2mm_1pct,20260731,37,74,,,48043,written
combined_0p2mm_1pct,20260731,38,76,,,48451,written
combined_0p2mm_1pct,20260731,39,78,,,48390,written
combined_0p2mm_1pct,20260731,42,84,,,47953,written
combined_0p2mm_1pct,20260731,41,82,,,48397,written
combined_0p2mm_1pct,20260731,40,80,,,47922,written
combined_0p2mm_1pct,20260731,43,86,,,48216,written
combined_0p2mm_1pct,20260731,44,88,,,48177,written
combined_0p2mm_1pct,20260731,45,90,,,48253,written
combined_0p2mm_1pct,20260731,46,92,,,48347,written
combined_0p2mm_1pct,20260731,47,94,,,47796,written
combined_0p2mm_1pct,20260731,48,96,,,47861,written
combined_0p2mm_1pct,20260731,50,100,,,48254,written
combined_0p2mm_1pct,20260731,49,98,,,48157,written
combined_0p2mm_1pct,20260731,51,102,,,48046,written
combined_0p2mm_1pct,20260731,52,104,,,47961,written
combined_0p2mm_1pct,20260731,53,106,,,48306,written
combined_0p2mm_1pct,20260731,54,108,,,48217,written
combined_0p2mm_1pct,20260731,55,110,,,48237,written
combined_0p2mm_1pct,20260731,56,112,,,48247,written
combined_0p2mm_1pct,20260731,57,114,,,47816,written
combined_0p2mm_1pct,20260731,58,116,,,48265,written
combined_0p2mm_1pct,20260731,59,118,,,48109,written
combined_0p2mm_1pct,20260731,60,120,,,48298,written
combined_0p2mm_1pct,20260731,61,122,,,48122,written
combined_0p2mm_1pct,20260731,62,124,,,48232,written
combined_0p2mm_1pct,20260731,63,126,,,48091,written
combined_0p2mm_1pct,20260731,64,128,,,48293,written
combined_0p2mm_1pct,20260731,66,132,,,48306,written
combined_0p2mm_1pct,20260731,65,130,,,48175,written
combined_0p2mm_1pct,20260731,67,134,,,48575,written
combined_0p2mm_1pct,20260731,68,136,,,48049,written
combined_0p2mm_1pct,20260731,69,138,,,48371,written
combined_0p2mm_1pct,20260731,70,140,,,48172,written
combined_0p2mm_1pct,20260731,71,142,,,47813,written
combined_0p2mm_1pct,20260731,72,144,,,48084,written
combined_0p2mm_1pct,20260731,73,146,,,48157,written
combined_0p2mm_1pct,20260731,74,148,,,48271,written
combined_0p2mm_1pct,20260731,75,150,,,47968,written
combined_0p2mm_1pct,20260731,76,152,,,48050,written
combined_0p2mm_1pct,20260731,78,156,,,47973,written
combined_0p2mm_1pct,20260731,77,154,,,48170,written
combined_0p2mm_1pct,20260731,79,158,,,48530,written
combined_0p2mm_1pct,20260731,80,160,,,48370,written
combined_0p2mm_1pct,20260731,81,162,,,48098,written
combined_0p2mm_1pct,20260731,82,164,,,48243,written
combined_0p2mm_1pct,20260731,83,166,,,48135,written
combined_0p2mm_1pct,20260731,84,168,,,48363,written
combined_0p2mm_1pct,20260731,86,172,,,47695,written
combined_0p2mm_1pct,20260731,85,170,,,48018,written
combined_0p2mm_1pct,20260731,87,174,,,48115,written
combined_0p2mm_1pct,20260731,89,178,,,48292,written
combined_0p2mm_1pct,20260731,88,176,,,48299,written
combined_0p2mm_1pct,20260731,90,180,,,48117,written
combined_0p2mm_1pct,20260731,91,182,,,48026,written
combined_0p2mm_1pct,20260731,93,186,,,48161,written
combined_0p2mm_1pct,20260731,92,184,,,48408,written
combined_0p2mm_1pct,20260731,94,188,,,48470,written
combined_0p2mm_1pct,20260731,95,190,,,48440,written
combined_0p2mm_1pct,20260731,96,192,,,48119,written
combined_0p2mm_1pct,20260731,97,194,,,47878,written
combined_0p2mm_1pct,20260731,98,196,,,48098,written
combined_0p2mm_1pct,20260731,99,198,,,47890,written
combined_0p2mm_1pct,20260731,100,200,,,48142,written
combined_0p2mm_1pct,20260731,101,202,,,48312,written
combined_0p2mm_1pct,20260731,102,204,,,47912,written
combined_0p2mm_1pct,20260731,103,206,,,47993,written
combined_0p2mm_1pct,20260731,104,208,,,48075,written
combined_0p2mm_1pct,20260731,105,210,,,48186,written
combined_0p2mm_1pct,20260731,106,212,,,48224,written
combined_0p2mm_1pct,20260731,107,214,,,47863,written
combined_0p2mm_1pct,20260731,108,216,,,47902,written
combined_0p2mm_1pct,20260731,109,218,,,48179,written
combined_0p2mm_1pct,20260731,110,220,,,48280,written
combined_0p2mm_1pct,20260731,111,222,,,48016,written
combined_0p2mm_1pct,20260731,112,224,,,48346,written
combined_0p2mm_1pct,20260731,113,226,,,47981,written
combined_0p2mm_1pct,20260731,114,228,,,48520,written
combined_0p2mm_1pct,20260731,115,230,,,48062,written
combined_0p2mm_1pct,20260731,117,234,,,48199,written
combined_0p2mm_1pct,20260731,116,232,,,48615,written
combined_0p2mm_1pct,20260731,118,236,,,47874,written
combined_0p2mm_1pct,20260731,119,238,,,47840,written
combined_0p2mm_1pct,20260731,120,240,,,47994,written
combined_0p2mm_1pct,20260731,121,242,,,48067,written
combined_0p2mm_1pct,20260731,122,244,,,48359,written
combined_0p2mm_1pct,20260731,123,246,,,48455,written
combined_0p2mm_1pct,20260731,124,248,,,48297,written
combined_0p2mm_1pct,20260731,125,250,,,47916,written
combined_0p2mm_1pct,20260731,126,252,,,48339,written
combined_0p2mm_1pct,20260731,127,254,,,48082,written
combined_0p2mm_1pct,20260731,128,256,,,48145,written
combined_0p2mm_1pct,20260731,129,258,,,48293,written
combined_0p2mm_1pct,20260731,130,260,,,48225,written
combined_0p2mm_1pct,20260731,131,262,,,47785,written
combined_0p2mm_1pct,20260731,132,264,,,48492,written
combined_0p2mm_1pct,20260731,133,266,,,48264,written
combined_0p2mm_1pct,20260731,134,268,,,48330,written
combined_0p2mm_1pct,20260731,135,270,,,48249,written
combined_0p2mm_1pct,20260731,136,272,,,48598,written
combined_0p2mm_1pct,20260731,137,274,,,48087,written
combined_0p2mm_1pct,20260731,138,276,,,48250,written
combined_0p2mm_1pct,20260731,139,278,,,48206,written
combined_0p2mm_1pct,20260731,140,280,,,48110,written
combined_0p2mm_1pct,20260731,141,282,,,48131,written
combined_0p2mm_1pct,20260731,142,284,,,48165,written
combined_0p2mm_1pct,20260731,143,286,,,48100,written
combined_0p2mm_1pct,20260731,145,290,,,48505,written
combined_0p2mm_1pct,20260731,144,288,,,48196,written
combined_0p2mm_1pct,20260731,146,292,,,47887,written
combined_0p2mm_1pct,20260731,147,294,,,48443,written
combined_0p2mm_1pct,20260731,149,298,,,48164,written
combined_0p2mm_1pct,20260731,148,296,,,48449,written
combined_0p2mm_1pct,20260731,150,300,,,48085,written
combined_0p2mm_1pct,20260731,151,302,,,48228,written
combined_0p2mm_1pct,20260731,153,306,,,47951,written
combined_0p2mm_1pct,20260731,152,304,,,48138,written
combined_0p2mm_1pct,20260731,154,308,,,48106,written
combined_0p2mm_1pct,20260731,155,310,,,47619,written
combined_0p2mm_1pct,20260731,156,312,,,48608,written
combined_0p2mm_1pct,20260731,157,314,,,48552,written
combined_0p2mm_1pct,20260731,158,316,,,48312,written
combined_0p2mm_1pct,20260731,159,318,,,48035,written
combined_0p2mm_1pct,20260731,161,322,,,48719,written
combined_0p2mm_1pct,20260731,160,320,,,48070,written
combined_0p2mm_1pct,20260731,162,324,,,48516,written
combined_0p2mm_1pct,20260731,163,326,,,47841,written
combined_0p2mm_1pct,20260731,166,332,,,48408,written
combined_0p2mm_1pct,20260731,165,330,,,48621,written
combined_0p2mm_1pct,20260731,164,328,,,48322,written
combined_0p2mm_1pct,20260731,167,334,,,48607,written
combined_0p2mm_1pct,20260731,169,338,,,48230,written
combined_0p2mm_1pct,20260731,170,340,,,48311,written
combined_0p2mm_1pct,20260731,168,336,,,48029,written
combined_0p2mm_1pct,20260731,171,342,,,48051,written
combined_0p2mm_1pct,20260731,173,346,,,48152,written
combined_0p2mm_1pct,20260731,172,344,,,47821,written
combined_0p2mm_1pct,20260731,174,348,,,48062,written
combined_0p2mm_1pct,20260731,175,350,,,47971,written
combined_0p2mm_1pct,20260731,176,352,,,48229,written
combined_0p2mm_1pct,20260731,177,354,,,48234,written
combined_0p2mm_1pct,20260731,178,356,,,48031,written
combined_0p2mm_1pct,20260731,179,358,,,48199,written
combined_0p2mm_1pct,20260731,180,360,,,48663,written
combined_0p2mm_1pct,20260731,182,364,,,48010,written
combined_0p2mm_1pct,20260731,181,362,,,47801,written
combined_0p2mm_1pct,20260731,183,366,,,47868,written
combined_0p2mm_1pct,20260731,184,368,,,48389,written
combined_0p2mm_1pct,20260731,185,370,,,48493,written
combined_0p2mm_1pct,20260731,186,372,,,48483,written
combined_0p2mm_1pct,20260731,187,374,,,48209,written
combined_0p2mm_1pct,20260731,188,376,,,48286,written
combined_0p2mm_1pct,20260731,189,378,,,47866,written
combined_0p2mm_1pct,20260731,190,380,,,47946,written
combined_0p2mm_1pct,20260731,191,382,,,48384,written
combined_0p2mm_1pct,20260731,192,384,,,48140,written
combined_0p2mm_1pct,20260731,194,388,,,47963,written
combined_0p2mm_1pct,20260731,193,386,,,48506,written
combined_0p2mm_1pct,20260731,195,390,,,48132,written
combined_0p2mm_1pct,20260731,197,394,,,48503,written
combined_0p2mm_1pct,20260731,196,392,,,47935,written
combined_0p2mm_1pct,20260731,198,396,,,48273,written
combined_0p2mm_1pct,20260731,199,398,,,48134,written
combined_0p2mm_1pct,20260731,201,402,,,48444,written
combined_0p2mm_1pct,20260731,200,400,,,47872,written
combined_0p2mm_1pct,20260731,202,404,,,47570,written
combined_0p2mm_1pct,20260731,203,406,,,47811,written
combined_0p2mm_1pct,20260731,204,408,,,47821,written
combined_0p2mm_1pct,20260731,205,410,,,47982,written
combined_0p2mm_1pct,20260731,206,412,,,48230,written
combined_0p2mm_1pct,20260731,207,414,,,48443,written
combined_0p2mm_1pct,20260731,208,416,,,48278,written
combined_0p2mm_1pct,20260731,209,418,,,48481,written
combined_0p2mm_1pct,20260731,210,420,,,48205,written
combined_0p2mm_1pct,20260731,211,422,,,47843,written
combined_0p2mm_1pct,20260731,213,426,,,47853,written
combined_0p2mm_1pct,20260731,212,424,,,48098,written
combined_0p2mm_1pct,20260731,214,428,,,48394,written
combined_0p2mm_1pct,20260731,215,430,,,48528,written
combined_0p2mm_1pct,20260731,217,434,,,48166,written
combined_0p2mm_1pct,20260731,216,432,,,48273,written
combined_0p2mm_1pct,20260731,218,436,,,48779,written
combined_0p2mm_1pct,20260731,219,438,,,48674,written
combined_0p2mm_1pct,20260731,222,444,,,47988,written
combined_0p2mm_1pct,20260731,221,442,,,47992,written
combined_0p2mm_1pct,20260731,220,440,,,48602,written
combined_0p2mm_1pct,20260731,223,446,,,47881,written
combined_0p2mm_1pct,20260731,226,452,,,48543,written
combined_0p2mm_1pct,20260731,224,448,,,48237,written
combined_0p2mm_1pct,20260731,225,450,,,48369,written
combined_0p2mm_1pct,20260731,227,454,,,48365,written
combined_0p2mm_1pct,20260731,230,460,,,47484,written
combined_0p2mm_1pct,20260731,228,456,,,48045,written
combined_0p2mm_1pct,20260731,229,458,,,48480,written
combined_0p2mm_1pct,20260731,231,462,,,48213,written
combined_0p2mm_1pct,20260731,232,464,,,48499,written
combined_0p2mm_1pct,20260731,233,466,,,48081,written
combined_0p2mm_1pct,20260731,234,468,,,48406,written
combined_0p2mm_1pct,20260731,235,470,,,48401,written
combined_0p2mm_1pct,20260731,237,474,,,47784,written
combined_0p2mm_1pct,20260731,236,472,,,47926,written
combined_0p2mm_1pct,20260731,238,476,,,48230,written
combined_0p2mm_1pct,20260731,239,478,,,48506,written
combined_0p2mm_1pct,20260731,240,480,,,48174,written
combined_0p2mm_1pct,20260731,241,482,,,48008,written
combined_0p2mm_1pct,20260731,242,484,,,48148,written
combined_0p2mm_1pct,20260731,243,486,,,48294,written
combined_0p2mm_1pct,20260731,244,488,,,48211,written
combined_0p2mm_1pct,20260731,245,490,,,48013,written
combined_0p2mm_1pct,20260731,246,492,,,48020,written
combined_0p2mm_1pct,20260731,247,494,,,48137,written
combined_0p2mm_1pct,20260731,248,496,,,48004,written
combined_0p2mm_1pct,20260731,250,500,,,48162,written
combined_0p2mm_1pct,20260731,249,498,,,48311,written
combined_0p2mm_1pct,20260731,251,502,,,48508,written
combined_0p2mm_1pct,20260731,252,504,,,48645,written
combined_0p2mm_1pct,20260731,253,506,,,48158,written
combined_0p2mm_1pct,20260731,254,508,,,48320,written
combined_0p2mm_1pct,20260731,255,510,,,48262,written
combined_0p2mm_1pct,20260731,256,512,,,48087,written
combined_0p2mm_1pct,20260731,257,514,,,48269,written
combined_0p2mm_1pct,20260731,258,516,,,47858,written
combined_0p2mm_1pct,20260731,259,518,,,48334,written
combined_0p2mm_1pct,20260731,260,520,,,48106,written
combined_0p2mm_1pct,20260731,261,522,,,48283,written
combined_0p2mm_1pct,20260731,262,524,,,48268,written
combined_0p2mm_1pct,20260731,263,526,,,48532,written
combined_0p2mm_1pct,20260731,264,528,,,48036,written
combined_0p2mm_1pct,20260731,265,530,,,48904,written
combined_0p2mm_1pct,20260731,266,532,,,48102,written
combined_0p2mm_1pct,20260731,267,534,,,48475,written
combined_0p2mm_1pct,20260731,268,536,,,48252,written
combined_0p2mm_1pct,20260731,269,538,,,48356,written
combined_0p2mm_1pct,20260731,270,540,,,48020,written
combined_0p2mm_1pct,20260731,271,542,,,47793,written
combined_0p2mm_1pct,20260731,272,544,,,47910,written
combined_0p2mm_1pct,20260731,273,546,,,48386,written
combined_0p2mm_1pct,20260731,274,548,,,48097,written
combined_0p2mm_1pct,20260731,275,550,,,48390,written
combined_0p2mm_1pct,20260731,276,552,,,48367,written
combined_0p2mm_1pct,20260731,277,554,,,47950,written
combined_0p2mm_1pct,20260731,278,556,,,48270,written
combined_0p2mm_1pct,20260731,279,558,,,47798,written
combined_0p2mm_1pct,20260731,280,560,,,48414,written
combined_0p2mm_1pct,20260731,281,562,,,48058,written
combined_0p2mm_1pct,20260731,282,564,,,48327,written
combined_0p2mm_1pct,20260731,283,566,,,48013,written
combined_0p2mm_1pct,20260731,286,572,,,48151,written
combined_0p2mm_1pct,20260731,285,570,,,47952,written
combined_0p2mm_1pct,20260731,284,568,,,48388,written
combined_0p2mm_1pct,20260731,287,574,,,48786,written
combined_0p2mm_1pct,20260731,288,576,,,47836,written
combined_0p2mm_1pct,20260731,289,578,,,47964,written
combined_0p2mm_1pct,20260731,290,580,,,47876,written
combined_0p2mm_1pct,20260731,291,582,,,48025,written
combined_0p2mm_1pct,20260731,292,584,,,48529,written
combined_0p2mm_1pct,20260731,293,586,,,48092,written
combined_0p2mm_1pct,20260731,294,588,,,48021,written
combined_0p2mm_1pct,20260731,295,590,,,48367,written
combined_0p2mm_1pct,20260731,296,592,,,48178,written
combined_0p2mm_1pct,20260731,297,594,,,47824,written
combined_0p2mm_1pct,20260731,298,596,,,48091,written
combined_0p2mm_1pct,20260731,299,598,,,47675,written
combined_0p2mm_1pct,20260731,300,600,,,48360,written
combined_0p2mm_1pct,20260731,301,602,,,48512,written
combined_0p2mm_1pct,20260731,302,604,,,48160,written
combined_0p2mm_1pct,20260731,303,606,,,48666,written
combined_0p2mm_1pct,20260731,304,608,,,48150,written
combined_0p2mm_1pct,20260731,306,612,,,48183,written
combined_0p2mm_1pct,20260731,305,610,,,48537,written
combined_0p2mm_1pct,20260731,307,614,,,47997,written
combined_0p2mm_1pct,20260731,308,616,,,48116,written
combined_0p2mm_1pct,20260731,310,620,,,48429,written
combined_0p2mm_1pct,20260731,309,618,,,47974,written
combined_0p2mm_1pct,20260731,311,622,,,48204,written
combined_0p2mm_1pct,20260731,312,624,,,47973,written
combined_0p2mm_1pct,20260731,313,626,,,48561,written
combined_0p2mm_1pct,20260731,314,628,,,48394,written
combined_0p2mm_1pct,20260731,315,630,,,47688,written
combined_0p2mm_1pct,20260731,316,632,,,48099,written
combined_0p2mm_1pct,20260731,317,634,,,48171,written
combined_0p2mm_1pct,20260731,318,636,,,47779,written
combined_0p2mm_1pct,20260731,319,638,,,48378,written
combined_0p2mm_1pct,20260731,321,642,,,48231,written
combined_0p2mm_1pct,20260731,320,640,,,48298,written
combined_0p2mm_1pct,20260731,322,644,,,48324,written
combined_0p2mm_1pct,20260731,323,646,,,47931,written
combined_0p2mm_1pct,20260731,324,648,,,48140,written
combined_0p2mm_1pct,20260731,326,652,,,47821,written
combined_0p2mm_1pct,20260731,325,650,,,48284,written
combined_0p2mm_1pct,20260731,327,654,,,47974,written
combined_0p2mm_1pct,20260731,328,656,,,48260,written
combined_0p2mm_1pct,20260731,329,658,,,48588,written
combined_0p2mm_1pct,20260731,330,660,,,48031,written
combined_0p2mm_1pct,20260731,331,662,,,48225,written
combined_0p2mm_1pct,20260731,333,666,,,48241,written
combined_0p2mm_1pct,20260731,332,664,,,48222,written
combined_0p2mm_1pct,20260731,334,668,,,48224,written
combined_0p2mm_1pct,20260731,335,670,,,48291,written
combined_0p2mm_1pct,20260731,337,674,,,48178,written
combined_0p2mm_1pct,20260731,336,672,,,48187,written
combined_0p2mm_1pct,20260731,339,678,,,48285,written
combined_0p2mm_1pct,20260731,338,676,,,48383,written
combined_0p2mm_1pct,20260731,340,680,,,48184,written
combined_0p2mm_1pct,20260731,341,682,,,47707,written
combined_0p2mm_1pct,20260731,342,684,,,48456,written
combined_0p2mm_1pct,20260731,343,686,,,48506,written
combined_0p2mm_1pct,20260731,344,688,,,47753,written
combined_0p2mm_1pct,20260731,345,690,,,47695,written
combined_0p2mm_1pct,20260731,346,692,,,48565,written
combined_0p2mm_1pct,20260731,347,694,,,48494,written
combined_0p2mm_1pct,20260731,348,696,,,48183,written
combined_0p2mm_1pct,20260731,349,698,,,47613,written
combined_0p2mm_1pct,20260731,351,702,,,48030,written
combined_0p2mm_1pct,20260731,350,700,,,48190,written
combined_0p2mm_1pct,20260731,352,704,,,48179,written
combined_0p2mm_1pct,20260731,353,706,,,48117,written
combined_0p2mm_1pct,20260731,354,708,,,48347,written
combined_0p2mm_1pct,20260731,355,710,,,47776,written
combined_0p2mm_1pct,20260731,356,712,,,48695,written
combined_0p2mm_1pct,20260731,357,714,,,48644,written
combined_0p2mm_1pct,20260731,358,716,,,48471,written
combined_0p2mm_1pct,20260731,359,718,,,48518,written
position_0p2mm,20260803,1,2,,,51216,written
position_0p2mm,20260803,0,0,,,51248,written
position_0p2mm,20260803,2,4,,,51384,written
position_0p2mm,20260803,3,6,,,51411,written
position_0p2mm,20260803,4,8,,,51266,written
position_0p2mm,20260803,7,14,,,51611,written
position_0p2mm,20260803,6,12,,,51795,written
position_0p2mm,20260803,5,10,,,51119,written
position_0p2mm,20260803,9,18,,,51608,written
position_0p2mm,20260803,10,20,,,51387,written
position_0p2mm,20260803,8,16,,,51583,written
position_0p2mm,20260803,11,22,,,51699,written
position_0p2mm,20260803,14,28,,,51842,written
position_0p2mm,20260803,13,26,,,51709,written
position_0p2mm,20260803,12,24,,,51487,written
position_0p2mm,20260803,15,30,,,51504,written
position_0p2mm,20260803,16,32,,,51250,written
position_0p2mm,20260803,18,36,,,51788,written
position_0p2mm,20260803,19,38,,,51600,written
position_0p2mm,20260803,17,34,,,51939,written
position_0p2mm,20260803,20,40,,,51400,written
position_0p2mm,20260803,23,46,,,51719,written
position_0p2mm,20260803,21,42,,,52263,written
position_0p2mm,20260803,22,44,,,51807,written
position_0p2mm,20260803,24,48,,,51336,written
position_0p2mm,20260803,25,50,,,51362,written
position_0p2mm,20260803,27,54,,,51682,written
position_0p2mm,20260803,26,52,,,51115,written
position_0p2mm,20260803,28,56,,,51523,written
position_0p2mm,20260803,29,58,,,51792,written
position_0p2mm,20260803,31,62,,,51413,written
position_0p2mm,20260803,30,60,,,51504,written
position_0p2mm,20260803,32,64,,,51534,written
position_0p2mm,20260803,33,66,,,51320,written
position_0p2mm,20260803,34,68,,,51607,written
position_0p2mm,20260803,35,70,,,52102,written
position_0p2mm,20260803,36,72,,,51456,written
position_0p2mm,20260803,37,74,,,51545,written
position_0p2mm,20260803,38,76,,,51656,written
position_0p2mm,20260803,39,78,,,51550,written
position_0p2mm,20260803,40,80,,,51271,written
position_0p2mm,20260803,41,82,,,51734,written
position_0p2mm,20260803,42,84,,,51227,written
position_0p2mm,20260803,43,86,,,51406,written
position_0p2mm,20260803,44,88,,,51336,written
position_0p2mm,20260803,45,90,,,51469,written
position_0p2mm,20260803,47,94,,,51373,written
position_0p2mm,20260803,46,92,,,51731,written
position_0p2mm,20260803,48,96,,,51462,written
position_0p2mm,20260803,49,98,,,51573,written
position_0p2mm,20260803,51,102,,,51261,written
position_0p2mm,20260803,50,100,,,51687,written
position_0p2mm,20260803,52,104,,,51239,written
position_0p2mm,20260803,53,106,,,51804,written
position_0p2mm,20260803,54,108,,,51307,written
position_0p2mm,20260803,55,110,,,51752,written
position_0p2mm,20260803,56,112,,,51773,written
position_0p2mm,20260803,57,114,,,51424,written
position_0p2mm,20260803,58,116,,,51810,written
position_0p2mm,20260803,59,118,,,51504,written
position_0p2mm,20260803,60,120,,,51470,written
position_0p2mm,20260803,61,122,,,51359,written
position_0p2mm,20260803,62,124,,,51576,written
position_0p2mm,20260803,63,126,,,51579,written
position_0p2mm,20260803,64,128,,,51561,written
position_0p2mm,20260803,66,132,,,51500,written
position_0p2mm,20260803,65,130,,,51218,written
position_0p2mm,20260803,67,134,,,51782,written
position_0p2mm,20260803,68,136,,,51505,written
position_0p2mm,20260803,69,138,,,51317,written
position_0p2mm,20260803,70,140,,,51624,written
position_0p2mm,20260803,71,142,,,51109,written
position_0p2mm,20260803,72,144,,,51226,written
position_0p2mm,20260803,73,146,,,51660,written
position_0p2mm,20260803,74,148,,,51414,written
position_0p2mm,20260803,75,150,,,51403,written
position_0p2mm,20260803,76,152,,,51421,written
position_0p2mm,20260803,78,156,,,51650,written
position_0p2mm,20260803,77,154,,,51174,written
position_0p2mm,20260803,79,158,,,51754,written
position_0p2mm,20260803,80,160,,,51471,written
position_0p2mm,20260803,81,162,,,51207,written
position_0p2mm,20260803,82,164,,,51450,written
position_0p2mm,20260803,83,166,,,51536,written
position_0p2mm,20260803,84,168,,,51836,written
position_0p2mm,20260803,85,170,,,51450,written
position_0p2mm,20260803,86,172,,,51452,written
position_0p2mm,20260803,87,174,,,51701,written
position_0p2mm,20260803,88,176,,,51472,written
position_0p2mm,20260803,89,178,,,51320,written
position_0p2mm,20260803,90,180,,,51427,written
position_0p2mm,20260803,91,182,,,51585,written
position_0p2mm,20260803,92,184,,,51534,written
position_0p2mm,20260803,93,186,,,51792,written
position_0p2mm,20260803,94,188,,,51561,written
position_0p2mm,20260803,95,190,,,51535,written
position_0p2mm,20260803,96,192,,,51685,written
position_0p2mm,20260803,97,194,,,51203,written
position_0p2mm,20260803,98,196,,,51388,written
position_0p2mm,20260803,99,198,,,50776,written
position_0p2mm,20260803,100,200,,,51186,written
position_0p2mm,20260803,101,202,,,51402,written
position_0p2mm,20260803,103,206,,,51277,written
position_0p2mm,20260803,102,204,,,51525,written
position_0p2mm,20260803,104,208,,,51128,written
position_0p2mm,20260803,105,210,,,51592,written
position_0p2mm,20260803,106,212,,,51618,written
position_0p2mm,20260803,107,214,,,51572,written
position_0p2mm,20260803,108,216,,,51318,written
position_0p2mm,20260803,109,218,,,51357,written
position_0p2mm,20260803,110,220,,,51555,written
position_0p2mm,20260803,111,222,,,51333,written
position_0p2mm,20260803,112,224,,,51852,written
position_0p2mm,20260803,113,226,,,51363,written
position_0p2mm,20260803,114,228,,,51667,written
position_0p2mm,20260803,115,230,,,51487,written
position_0p2mm,20260803,116,232,,,51611,written
position_0p2mm,20260803,117,234,,,51333,written
position_0p2mm,20260803,118,236,,,51579,written
position_0p2mm,20260803,119,238,,,51257,written
position_0p2mm,20260803,120,240,,,51371,written
position_0p2mm,20260803,121,242,,,51180,written
position_0p2mm,20260803,123,246,,,51478,written
position_0p2mm,20260803,122,244,,,51708,written
position_0p2mm,20260803,124,248,,,51603,written
position_0p2mm,20260803,125,250,,,51740,written
position_0p2mm,20260803,126,252,,,51584,written
position_0p2mm,20260803,127,254,,,51387,written
position_0p2mm,20260803,128,256,,,51514,written
position_0p2mm,20260803,129,258,,,51185,written
position_0p2mm,20260803,130,260,,,51480,written
position_0p2mm,20260803,131,262,,,51239,written
position_0p2mm,20260803,132,264,,,51691,written
position_0p2mm,20260803,133,266,,,51081,written
position_0p2mm,20260803,134,268,,,51580,written
position_0p2mm,20260803,135,270,,,51580,written
position_0p2mm,20260803,136,272,,,51825,written
position_0p2mm,20260803,137,274,,,51647,written
position_0p2mm,20260803,138,276,,,51381,written
position_0p2mm,20260803,139,278,,,51472,written
position_0p2mm,20260803,140,280,,,51277,written
position_0p2mm,20260803,141,282,,,51942,written
position_0p2mm,20260803,142,284,,,51646,written
position_0p2mm,20260803,143,286,,,51220,written
position_0p2mm,20260803,144,288,,,51217,written
position_0p2mm,20260803,145,290,,,51628,written
position_0p2mm,20260803,146,292,,,51039,written
position_0p2mm,20260803,147,294,,,51734,written
position_0p2mm,20260803,148,296,,,51379,written
position_0p2mm,20260803,149,298,,,51297,written
position_0p2mm,20260803,150,300,,,51243,written
position_0p2mm,20260803,151,302,,,51485,written
position_0p2mm,20260803,152,304,,,51334,written
position_0p2mm,20260803,153,306,,,51502,written
position_0p2mm,20260803,154,308,,,51204,written
position_0p2mm,20260803,155,310,,,50838,written
position_0p2mm,20260803,156,312,,,51726,written
position_0p2mm,20260803,157,314,,,51672,written
position_0p2mm,20260803,158,316,,,51490,written
position_0p2mm,20260803,159,318,,,51525,written
position_0p2mm,20260803,160,320,,,51334,written
position_0p2mm,20260803,161,322,,,51910,written
position_0p2mm,20260803,162,324,,,51612,written
position_0p2mm,20260803,163,326,,,51435,written
position_0p2mm,20260803,164,328,,,51313,written
position_0p2mm,20260803,165,330,,,51866,written
position_0p2mm,20260803,166,332,,,51803,written
position_0p2mm,20260803,167,334,,,51565,written
position_0p2mm,20260803,168,336,,,51344,written
position_0p2mm,20260803,169,338,,,51742,written
position_0p2mm,20260803,170,340,,,51811,written
position_0p2mm,20260803,171,342,,,51561,written
position_0p2mm,20260803,172,344,,,51318,written
position_0p2mm,20260803,173,346,,,51930,written
position_0p2mm,20260803,174,348,,,51509,written
position_0p2mm,20260803,175,350,,,51253,written
position_0p2mm,20260803,176,352,,,51618,written
position_0p2mm,20260803,177,354,,,51457,written
position_0p2mm,20260803,178,356,,,51437,written
position_0p2mm,20260803,179,358,,,51455,written
position_0p2mm,20260803,180,360,,,51921,written
position_0p2mm,20260803,181,362,,,51459,written
position_0p2mm,20260803,182,364,,,51525,written
position_0p2mm,20260803,183,366,,,51256,written
position_0p2mm,20260803,184,368,,,51225,written
position_0p2mm,20260803,185,370,,,52018,written
position_0p2mm,20260803,186,372,,,51812,written
position_0p2mm,20260803,187,374,,,51435,written
position_0p2mm,20260803,188,376,,,51716,written
position_0p2mm,20260803,189,378,,,51690,written
position_0p2mm,20260803,191,382,,,51774,written
position_0p2mm,20260803,190,380,,,51356,written
position_0p2mm,20260803,192,384,,,51037,written
position_0p2mm,20260803,193,386,,,51663,written
position_0p2mm,20260803,195,390,,,51650,written
position_0p2mm,20260803,194,388,,,51293,written
position_0p2mm,20260803,196,392,,,51492,written
position_0p2mm,20260803,197,394,,,52018,written
position_0p2mm,20260803,198,396,,,51710,written
position_0p2mm,20260803,199,398,,,51690,written
position_0p2mm,20260803,200,400,,,50987,written
position_0p2mm,20260803,201,402,,,51572,written
position_0p2mm,20260803,202,404,,,51333,written
position_0p2mm,20260803,203,406,,,51065,written
position_0p2mm,20260803,204,408,,,50866,written
position_0p2mm,20260803,205,410,,,51370,written
position_0p2mm,20260803,206,412,,,51675,written
position_0p2mm,20260803,207,414,,,51802,written
position_0p2mm,20260803,208,416,,,51808,written
position_0p2mm,20260803,209,418,,,51922,written
position_0p2mm,20260803,210,420,,,51465,written
position_0p2mm,20260803,211,422,,,51284,written
position_0p2mm,20260803,212,424,,,51448,written
position_0p2mm,20260803,213,426,,,51290,written
position_0p2mm,20260803,214,428,,,51639,written
position_0p2mm,20260803,215,430,,,52122,written
position_0p2mm,20260803,216,432,,,51697,written
position_0p2mm,20260803,217,434,,,51352,written
position_0p2mm,20260803,218,436,,,51914,written
position_0p2mm,20260803,219,438,,,51996,written
position_0p2mm,20260803,220,440,,,51847,written
position_0p2mm,20260803,221,442,,,51158,written
position_0p2mm,20260803,222,444,,,51626,written
position_0p2mm,20260803,223,446,,,51293,written
position_0p2mm,20260803,224,448,,,51454,written
position_0p2mm,20260803,225,450,,,51398,written
position_0p2mm,20260803,226,452,,,51488,written
position_0p2mm,20260803,227,454,,,51940,written
position_0p2mm,20260803,228,456,,,51523,written
position_0p2mm,20260803,229,458,,,51510,written
position_0p2mm,20260803,230,460,,,51498,written
position_0p2mm,20260803,231,462,,,51541,written
position_0p2mm,20260803,232,464,,,51508,written
position_0p2mm,20260803,233,466,,,51399,written
position_0p2mm,20260803,234,468,,,51508,written
position_0p2mm,20260803,235,470,,,51385,written
position_0p2mm,20260803,236,472,,,51739,written
position_0p2mm,20260803,237,474,,,51025,written
position_0p2mm,20260803,238,476,,,51227,written
position_0p2mm,20260803,239,478,,,51742,written
position_0p2mm,20260803,240,480,,,51134,written
position_0p2mm,20260803,241,482,,,51370,written
position_0p2mm,20260803,242,484,,,51630,written
position_0p2mm,20260803,243,486,,,51820,written
position_0p2mm,20260803,244,488,,,51493,written
position_0p2mm,20260803,245,490,,,51514,written
position_0p2mm,20260803,246,492,,,51244,written
position_0p2mm,20260803,247,494,,,51311,written
position_0p2mm,20260803,248,496,,,51418,written
position_0p2mm,20260803,249,498,,,51678,written
position_0p2mm,20260803,250,500,,,51357,written
position_0p2mm,20260803,251,502,,,51707,written
position_0p2mm,20260803,252,504,,,51971,written
position_0p2mm,20260803,253,506,,,51429,written
position_0p2mm,20260803,254,508,,,51817,written
position_0p2mm,20260803,255,510,,,51904,written
position_0p2mm,20260803,256,512,,,51600,written
position_0p2mm,20260803,257,514,,,51573,written
position_0p2mm,20260803,258,516,,,51095,written
position_0p2mm,20260803,259,518,,,51575,written
position_0p2mm,20260803,260,520,,,51245,written
position_0p2mm,20260803,261,522,,,51476,written
position_0p2mm,20260803,262,524,,,51560,written
position_0p2mm,20260803,263,526,,,51616,written
position_0p2mm,20260803,264,528,,,51185,written
position_0p2mm,20260803,265,530,,,52071,written
position_0p2mm,20260803,266,532,,,51217,written
position_0p2mm,20260803,267,534,,,51301,written
position_0p2mm,20260803,268,536,,,51335,written
position_0p2mm,20260803,269,538,,,51729,written
position_0p2mm,20260803,270,540,,,51278,written
position_0p2mm,20260803,271,542,,,51075,written
position_0p2mm,20260803,272,544,,,51373,written
position_0p2mm,20260803,273,546,,,51761,written
position_0p2mm,20260803,274,548,,,51092,written
position_0p2mm,20260803,275,550,,,51656,written
position_0p2mm,20260803,276,552,,,51157,written
position_0p2mm,20260803,277,554,,,51182,written
position_0p2mm,20260803,278,556,,,51516,written
position_0p2mm,20260803,279,558,,,51235,written
position_0p2mm,20260803,281,562,,,51360,written
position_0p2mm,20260803,280,560,,,52001,written
position_0p2mm,20260803,282,564,,,51357,written
position_0p2mm,20260803,283,566,,,51188,written
position_0p2mm,20260803,285,570,,,51258,written
position_0p2mm,20260803,284,568,,,51869,written
position_0p2mm,20260803,286,572,,,51767,written
position_0p2mm,20260803,287,574,,,52057,written
position_0p2mm,20260803,288,576,,,51096,written
position_0p2mm,20260803,289,578,,,51349,written
position_0p2mm,20260803,290,580,,,51227,written
position_0p2mm,20260803,291,582,,,51750,written
position_0p2mm,20260803,292,584,,,51750,written
position_0p2mm,20260803,293,586,,,51397,written
position_0p2mm,20260803,294,588,,,51650,written
position_0p2mm,20260803,295,590,,,52043,written
position_0p2mm,20260803,296,592,,,51671,written
position_0p2mm,20260803,297,594,,,51020,written
position_0p2mm,20260803,298,596,,,51399,written
position_0p2mm,20260803,299,598,,,50780,written
position_0p2mm,20260803,300,600,,,51648,written
position_0p2mm,20260803,301,602,,,51753,written
position_0p2mm,20260803,302,604,,,51810,written
position_0p2mm,20260803,303,606,,,51695,written
position_0p2mm,20260803,304,608,,,51453,written
position_0p2mm,20260803,305,610,,,51587,written
position_0p2mm,20260803,306,612,,,51831,written
position_0p2mm,20260803,307,614,,,51345,written
position_0p2mm,20260803,308,616,,,51573,written
position_0p2mm,20260803,309,618,,,51214,written
position_0p2mm,20260803,310,620,,,51579,written
position_0p2mm,20260803,311,622,,,51921,written
position_0p2mm,20260803,312,624,,,51394,written
position_0p2mm,20260803,313,626,,,51884,written
position_0p2mm,20260803,314,628,,,51877,written
position_0p2mm,20260803,315,630,,,51042,written
position_0p2mm,20260803,317,634,,,51424,written
position_0p2mm,20260803,316,632,,,51350,written
position_0p2mm,20260803,318,636,,,51253,written
position_0p2mm,20260803,319,638,,,51808,written
position_0p2mm,20260803,320,640,,,51772,written
position_0p2mm,20260803,321,642,,,51731,written
position_0p2mm,20260803,322,644,,,51925,written
position_0p2mm,20260803,323,646,,,51467,written
position_0p2mm,20260803,324,648,,,51501,written
position_0p2mm,20260803,325,650,,,51665,written
position_0p2mm,20260803,326,652,,,51479,written
position_0p2mm,20260803,327,654,,,51414,written
position_0p2mm,20260803,328,656,,,51819,written
position_0p2mm,20260803,329,658,,,51777,written
position_0p2mm,20260803,330,660,,,51453,written
position_0p2mm,20260803,331,662,,,51506,written
position_0p2mm,20260803,333,666,,,51567,written
position_0p2mm,20260803,332,664,,,51762,written
position_0p2mm,20260803,334,668,,,51192,written
position_0p2mm,20260803,335,670,,,51183,written
position_0p2mm,20260803,337,674,,,51361,written
position_0p2mm,20260803,336,672,,,51182,written
position_0p2mm,20260803,338,676,,,51538,written
position_0p2mm,20260803,339,678,,,51590,written
position_0p2mm,20260803,340,680,,,51326,written
position_0p2mm,20260803,341,682,,,50999,written
position_0p2mm,20260803,342,684,,,51699,written
position_0p2mm,20260803,343,686,,,51859,written
position_0p2mm,20260803,344,688,,,51270,written
position_0p2mm,20260803,345,690,,,51461,written
position_0p2mm,20260803,346,692,,,51557,written
position_0p2mm,20260803,347,694,,,51604,written
position_0p2mm,20260803,348,696,,,51675,written
position_0p2mm,20260803,349,698,,,51000,written
position_0p2mm,20260803,350,700,,,51650,written
position_0p2mm,20260803,351,702,,,51433,written
position_0p2mm,20260803,352,704,,,51313,written
position_0p2mm,20260803,353,706,,,51424,written
position_0p2mm,20260803,354,708,,,51323,written
position_0p2mm,20260803,355,710,,,51132,written
position_0p2mm,20260803,356,712,,,52254,written
position_0p2mm,20260803,357,714,,,51673,written
position_0p2mm,20260803,358,716,,,51799,written
position_0p2mm,20260803,359,718,,,51423,written
combined_0p2mm_1pct,20260803,2,4,,,48017,written
combined_0p2mm_1pct,20260803,3,6,,,48069,written
combined_0p2mm_1pct,20260803,1,2,,,47903,written
combined_0p2mm_1pct,20260803,0,0,,,47864,written
combined_0p2mm_1pct,20260803,7,14,,,48235,written
combined_0p2mm_1pct,20260803,5,10,,,47744,written
combined_0p2mm_1pct,20260803,6,12,,,48448,written
combined_0p2mm_1pct,20260803,4,8,,,48029,written
combined_0p2mm_1pct,20260803,8,16,,,48234,written
combined_0p2mm_1pct,20260803,10,20,,,48091,written
combined_0p2mm_1pct,20260803,9,18,,,48306,written
combined_0p2mm_1pct,20260803,11,22,,,48377,written
combined_0p2mm_1pct,20260803,12,24,,,48101,written
combined_0p2mm_1pct,20260803,13,26,,,48455,written
combined_0p2mm_1pct,20260803,14,28,,,48498,written
combined_0p2mm_1pct,20260803,15,30,,,48130,written
combined_0p2mm_1pct,20260803,16,32,,,48004,written
combined_0p2mm_1pct,20260803,18,36,,,48449,written
combined_0p2mm_1pct,20260803,17,34,,,48543,written
combined_0p2mm_1pct,20260803,19,38,,,48327,written
combined_0p2mm_1pct,20260803,20,40,,,48060,written
combined_0p2mm_1pct,20260803,21,42,,,48847,written
combined_0p2mm_1pct,20260803,23,46,,,48474,written
combined_0p2mm_1pct,20260803,22,44,,,48432,written
combined_0p2mm_1pct,20260803,24,48,,,47924,written
combined_0p2mm_1pct,20260803,25,50,,,47932,written
combined_0p2mm_1pct,20260803,27,54,,,48400,written
combined_0p2mm_1pct,20260803,26,52,,,47852,written
combined_0p2mm_1pct,20260803,28,56,,,48161,written
combined_0p2mm_1pct,20260803,29,58,,,48454,written
combined_0p2mm_1pct,20260803,30,60,,,48205,written
combined_0p2mm_1pct,20260803,31,62,,,48129,written
combined_0p2mm_1pct,20260803,32,64,,,48234,written
combined_0p2mm_1pct,20260803,33,66,,,48032,written
combined_0p2mm_1pct,20260803,34,68,,,48234,written
combined_0p2mm_1pct,20260803,35,70,,,48761,written
combined_0p2mm_1pct,20260803,36,72,,,48219,written
combined_0p2mm_1pct,20260803,37,74,,,48233,written
combined_0p2mm_1pct,20260803,38,76,,,48396,written
combined_0p2mm_1pct,20260803,39,78,,,48143,written
combined_0p2mm_1pct,20260803,40,80,,,47971,written
combined_0p2mm_1pct,20260803,41,82,,,48436,written
combined_0p2mm_1pct,20260803,42,84,,,47978,written
combined_0p2mm_1pct,20260803,43,86,,,48023,written
combined_0p2mm_1pct,20260803,44,88,,,48024,written
combined_0p2mm_1pct,20260803,45,90,,,48170,written
combined_0p2mm_1pct,20260803,46,92,,,48360,written
combined_0p2mm_1pct,20260803,47,94,,,47991,written
combined_0p2mm_1pct,20260803,48,96,,,48251,written
combined_0p2mm_1pct,20260803,49,98,,,48199,written
combined_0p2mm_1pct,20260803,50,100,,,48251,written
combined_0p2mm_1pct,20260803,51,102,,,48009,written
combined_0p2mm_1pct,20260803,52,104,,,47903,written
combined_0p2mm_1pct,20260803,53,106,,,48487,written
combined_0p2mm_1pct,20260803,54,108,,,48035,written
combined_0p2mm_1pct,20260803,55,110,,,48454,written
combined_0p2mm_1pct,20260803,56,112,,,48346,written
combined_0p2mm_1pct,20260803,57,114,,,48143,written
combined_0p2mm_1pct,20260803,58,116,,,48462,written
combined_0p2mm_1pct,20260803,59,118,,,48235,written
combined_0p2mm_1pct,20260803,60,120,,,48163,written
combined_0p2mm_1pct,20260803,61,122,,,48070,written
combined_0p2mm_1pct,20260803,62,124,,,48201,written
combined_0p2mm_1pct,20260803,63,126,,,48305,written
combined_0p2mm_1pct,20260803,64,128,,,48243,written
combined_0p2mm_1pct,20260803,65,130,,,47967,written
combined_0p2mm_1pct,20260803,66,132,,,48156,written
combined_0p2mm_1pct,20260803,67,134,,,48507,written
combined_0p2mm_1pct,20260803,68,136,,,48222,written
combined_0p2mm_1pct,20260803,69,138,,,47938,written
combined_0p2mm_1pct,20260803,70,140,,,48265,written
combined_0p2mm_1pct,20260803,71,142,,,47776,written
combined_0p2mm_1pct,20260803,72,144,,,48014,written
combined_0p2mm_1pct,20260803,73,146,,,48345,written
combined_0p2mm_1pct,20260803,74,148,,,48191,written
combined_0p2mm_1pct,20260803,75,150,,,48060,written
combined_0p2mm_1pct,20260803,76,152,,,48146,written
combined_0p2mm_1pct,20260803,78,156,,,48227,written
combined_0p2mm_1pct,20260803,77,154,,,47829,written
combined_0p2mm_1pct,20260803,79,158,,,48314,written
combined_0p2mm_1pct,20260803,80,160,,,48175,written
combined_0p2mm_1pct,20260803,81,162,,,47803,written
combined_0p2mm_1pct,20260803,82,164,,,48037,written
combined_0p2mm_1pct,20260803,83,166,,,48223,written
combined_0p2mm_1pct,20260803,84,168,,,48494,written
combined_0p2mm_1pct,20260803,85,170,,,48230,written
combined_0p2mm_1pct,20260803,87,174,,,48325,written
combined_0p2mm_1pct,20260803,86,172,,,48117,written
combined_0p2mm_1pct,20260803,88,176,,,48170,written
combined_0p2mm_1pct,20260803,89,178,,,48032,written
combined_0p2mm_1pct,20260803,91,182,,,48329,written
combined_0p2mm_1pct,20260803,90,180,,,48060,written
combined_0p2mm_1pct,20260803,92,184,,,48274,written
combined_0p2mm_1pct,20260803,93,186,,,48384,written
combined_0p2mm_1pct,20260803,94,188,,,48259,written
combined_0p2mm_1pct,20260803,95,190,,,48235,written
combined_0p2mm_1pct,20260803,96,192,,,48476,written
combined_0p2mm_1pct,20260803,97,194,,,47814,written
combined_0p2mm_1pct,20260803,98,196,,,48088,written
combined_0p2mm_1pct,20260803,99,198,,,47570,written
combined_0p2mm_1pct,20260803,100,200,,,47862,written
combined_0p2mm_1pct,20260803,101,202,,,48146,written
combined_0p2mm_1pct,20260803,102,204,,,48253,written
combined_0p2mm_1pct,20260803,103,206,,,47891,written
combined_0p2mm_1pct,20260803,104,208,,,47794,written
combined_0p2mm_1pct,20260803,106,212,,,48180,written
combined_0p2mm_1pct,20260803,105,210,,,48263,written
combined_0p2mm_1pct,20260803,107,214,,,48130,written
combined_0p2mm_1pct,20260803,108,216,,,47973,written
combined_0p2mm_1pct,20260803,109,218,,,47993,written
combined_0p2mm_1pct,20260803,110,220,,,48285,written
combined_0p2mm_1pct,20260803,111,222,,,48089,written
combined_0p2mm_1pct,20260803,112,224,,,48551,written
combined_0p2mm_1pct,20260803,114,228,,,48365,written
combined_0p2mm_1pct,20260803,113,226,,,48062,written
combined_0p2mm_1pct,20260803,115,230,,,48093,written
combined_0p2mm_1pct,20260803,116,232,,,48355,written
combined_0p2mm_1pct,20260803,117,234,,,47953,written
combined_0p2mm_1pct,20260803,119,238,,,47926,written
combined_0p2mm_1pct,20260803,118,236,,,48189,written
combined_0p2mm_1pct,20260803,120,240,,,48084,written
combined_0p2mm_1pct,20260803,121,242,,,47856,written
combined_0p2mm_1pct,20260803,122,244,,,48350,written
combined_0p2mm_1pct,20260803,123,246,,,48213,written
combined_0p2mm_1pct,20260803,124,248,,,48286,written
combined_0p2mm_1pct,20260803,125,250,,,48470,written
combined_0p2mm_1pct,20260803,126,252,,,48327,written
combined_0p2mm_1pct,20260803,127,254,,,47937,written
combined_0p2mm_1pct,20260803,128,256,,,48156,written
combined_0p2mm_1pct,20260803,129,258,,,47917,written
combined_0p2mm_1pct,20260803,130,260,,,48169,written
combined_0p2mm_1pct,20260803,131,262,,,47963,written
combined_0p2mm_1pct,20260803,132,264,,,48341,written
combined_0p2mm_1pct,20260803,133,266,,,47803,written
combined_0p2mm_1pct,20260803,135,270,,,48265,written
combined_0p2mm_1pct,20260803,134,268,,,48265,written
combined_0p2mm_1pct,20260803,136,272,,,48349,written
combined_0p2mm_1pct,20260803,137,274,,,48354,written
combined_0p2mm_1pct,20260803,138,276,,,48077,written
combined_0p2mm_1pct,20260803,139,278,,,48039,written
combined_0p2mm_1pct,20260803,140,280,,,47905,written
combined_0p2mm_1pct,20260803,141,282,,,48571,written
combined_0p2mm_1pct,20260803,142,284,,,48327,written
combined_0p2mm_1pct,20260803,143,286,,,47921,written
combined_0p2mm_1pct,20260803,145,290,,,48410,written
combined_0p2mm_1pct,20260803,144,288,,,47925,written
combined_0p2mm_1pct,20260803,147,294,,,48375,written
combined_0p2mm_1pct,20260803,146,292,,,47655,written
combined_0p2mm_1pct,20260803,149,298,,,47935,written
combined_0p2mm_1pct,20260803,148,296,,,47992,written
combined_0p2mm_1pct,20260803,150,300,,,47940,written
combined_0p2mm_1pct,20260803,151,302,,,48129,written
combined_0p2mm_1pct,20260803,152,304,,,48067,written
combined_0p2mm_1pct,20260803,153,306,,,48088,written
combined_0p2mm_1pct,20260803,154,308,,,47950,written
combined_0p2mm_1pct,20260803,155,310,,,47515,written
combined_0p2mm_1pct,20260803,156,312,,,48582,written
combined_0p2mm_1pct,20260803,157,314,,,48342,written
combined_0p2mm_1pct,20260803,158,316,,,48105,written
combined_0p2mm_1pct,20260803,159,318,,,48156,written
combined_0p2mm_1pct,20260803,160,320,,,48006,written
combined_0p2mm_1pct,20260803,161,322,,,48667,written
combined_0p2mm_1pct,20260803,162,324,,,48363,written
combined_0p2mm_1pct,20260803,163,326,,,48153,written
combined_0p2mm_1pct,20260803,164,328,,,47885,written
combined_0p2mm_1pct,20260803,165,330,,,48512,written
combined_0p2mm_1pct,20260803,166,332,,,48376,written
combined_0p2mm_1pct,20260803,167,334,,,48256,written
combined_0p2mm_1pct,20260803,168,336,,,47995,written
combined_0p2mm_1pct,20260803,169,338,,,48336,written
combined_0p2mm_1pct,20260803,170,340,,,48439,written
combined_0p2mm_1pct,20260803,171,342,,,48212,written
combined_0p2mm_1pct,20260803,173,346,,,48632,written
combined_0p2mm_1pct,20260803,172,344,,,47847,written
combined_0p2mm_1pct,20260803,174,348,,,48070,written
combined_0p2mm_1pct,20260803,175,350,,,47871,written
combined_0p2mm_1pct,20260803,176,352,,,48298,written
combined_0p2mm_1pct,20260803,177,354,,,48142,written
combined_0p2mm_1pct,20260803,178,356,,,48184,written
combined_0p2mm_1pct,20260803,179,358,,,48173,written
combined_0p2mm_1pct,20260803,180,360,,,48586,written
combined_0p2mm_1pct,20260803,181,362,,,48143,written
combined_0p2mm_1pct,20260803,182,364,,,48176,written
combined_0p2mm_1pct,20260803,183,366,,,47883,written
combined_0p2mm_1pct,20260803,184,368,,,47894,written
combined_0p2mm_1pct,20260803,185,370,,,48706,written
combined_0p2mm_1pct,20260803,186,372,,,48419,written
combined_0p2mm_1pct,20260803,187,374,,,48090,written
combined_0p2mm_1pct,20260803,188,376,,,48467,written
combined_0p2mm_1pct,20260803,189,378,,,48353,written
combined_0p2mm_1pct,20260803,191,382,,,48400,written
combined_0p2mm_1pct,20260803,190,380,,,48088,written
combined_0p2mm_1pct,20260803,192,384,,,47807,written
combined_0p2mm_1pct,20260803,193,386,,,48235,written
combined_0p2mm_1pct,20260803,195,390,,,48291,written
combined_0p2mm_1pct,20260803,194,388,,,47983,written
combined_0p2mm_1pct,20260803,196,392,,,48181,written
combined_0p2mm_1pct,20260803,197,394,,,48790,written
combined_0p2mm_1pct,20260803,199,398,,,48290,written
combined_0p2mm_1pct,20260803,198,396,,,48326,written
combined_0p2mm_1pct,20260803,201,402,,,48258,written
combined_0p2mm_1pct,20260803,200,400,,,47550,written
combined_0p2mm_1pct,20260803,202,404,,,48015,written
combined_0p2mm_1pct,20260803,203,406,,,47763,written
combined_0p2mm_1pct,20260803,204,408,,,47628,written
combined_0p2mm_1pct,20260803,205,410,,,47935,written
combined_0p2mm_1pct,20260803,207,414,,,48359,written
combined_0p2mm_1pct,20260803,206,412,,,48334,written
combined_0p2mm_1pct,20260803,208,416,,,48541,written
combined_0p2mm_1pct,20260803,209,418,,,48591,written
combined_0p2mm_1pct,20260803,210,420,,,48077,written
combined_0p2mm_1pct,20260803,211,422,,,47994,written
combined_0p2mm_1pct,20260803,212,424,,,48087,written
combined_0p2mm_1pct,20260803,213,426,,,47960,written
combined_0p2mm_1pct,20260803,214,428,,,48223,written
combined_0p2mm_1pct,20260803,215,430,,,48708,written
combined_0p2mm_1pct,20260803,216,432,,,48362,written
combined_0p2mm_1pct,20260803,217,434,,,48162,written
combined_0p2mm_1pct,20260803,218,436,,,48611,written
combined_0p2mm_1pct,20260803,219,438,,,48567,written
combined_0p2mm_1pct,20260803,220,440,,,48577,written
combined_0p2mm_1pct,20260803,221,442,,,47889,written
combined_0p2mm_1pct,20260803,223,446,,,47972,written
combined_0p2mm_1pct,20260803,222,444,,,48334,written
combined_0p2mm_1pct,20260803,224,448,,,48204,written
combined_0p2mm_1pct,20260803,225,450,,,48045,written
combined_0p2mm_1pct,20260803,226,452,,,48183,written
combined_0p2mm_1pct,20260803,227,454,,,48488,written
combined_0p2mm_1pct,20260803,228,456,,,48124,written
combined_0p2mm_1pct,20260803,229,458,,,48285,written
combined_0p2mm_1pct,20260803,230,460,,,48147,written
combined_0p2mm_1pct,20260803,231,462,,,48175,written
combined_0p2mm_1pct,20260803,232,464,,,48241,written
combined_0p2mm_1pct,20260803,233,466,,,47955,written
combined_0p2mm_1pct,20260803,234,468,,,48058,written
combined_0p2mm_1pct,20260803,235,470,,,48165,written
combined_0p2mm_1pct,20260803,237,474,,,47670,written
combined_0p2mm_1pct,20260803,236,472,,,48394,written
combined_0p2mm_1pct,20260803,238,476,,,48071,written
combined_0p2mm_1pct,20260803,239,478,,,48429,written
combined_0p2mm_1pct,20260803,240,480,,,47897,written
combined_0p2mm_1pct,20260803,241,482,,,48105,written
combined_0p2mm_1pct,20260803,242,484,,,48271,written
combined_0p2mm_1pct,20260803,243,486,,,48507,written
combined_0p2mm_1pct,20260803,244,488,,,48121,written
combined_0p2mm_1pct,20260803,245,490,,,48108,written
combined_0p2mm_1pct,20260803,246,492,,,47909,written
combined_0p2mm_1pct,20260803,247,494,,,47941,written
combined_0p2mm_1pct,20260803,248,496,,,48012,written
combined_0p2mm_1pct,20260803,249,498,,,48320,written
combined_0p2mm_1pct,20260803,250,500,,,47993,written
combined_0p2mm_1pct,20260803,251,502,,,48497,written
combined_0p2mm_1pct,20260803,252,504,,,48604,written
combined_0p2mm_1pct,20260803,253,506,,,48018,written
combined_0p2mm_1pct,20260803,254,508,,,48435,written
combined_0p2mm_1pct,20260803,255,510,,,48566,written
combined_0p2mm_1pct,20260803,256,512,,,48264,written
combined_0p2mm_1pct,20260803,257,514,,,48179,written
combined_0p2mm_1pct,20260803,258,516,,,47831,written
combined_0p2mm_1pct,20260803,259,518,,,48311,written
combined_0p2mm_1pct,20260803,260,520,,,48011,written
combined_0p2mm_1pct,20260803,261,522,,,48179,written
combined_0p2mm_1pct,20260803,263,526,,,48340,written
combined_0p2mm_1pct,20260803,262,524,,,48175,written
combined_0p2mm_1pct,20260803,264,528,,,47930,written
combined_0p2mm_1pct,20260803,265,530,,,48763,written
combined_0p2mm_1pct,20260803,267,534,,,48071,written
combined_0p2mm_1pct,20260803,266,532,,,47880,written
combined_0p2mm_1pct,20260803,268,536,,,47971,written
combined_0p2mm_1pct,20260803,269,538,,,48491,written
combined_0p2mm_1pct,20260803,270,540,,,47976,written
combined_0p2mm_1pct,20260803,271,542,,,47817,written
combined_0p2mm_1pct,20260803,272,544,,,48117,written
combined_0p2mm_1pct,20260803,273,546,,,48498,written
combined_0p2mm_1pct,20260803,274,548,,,47729,written
combined_0p2mm_1pct,20260803,275,550,,,48317,written
combined_0p2mm_1pct,20260803,276,552,,,47884,written
combined_0p2mm_1pct,20260803,277,554,,,47938,written
combined_0p2mm_1pct,20260803,278,556,,,48177,written
combined_0p2mm_1pct,20260803,279,558,,,47913,written
combined_0p2mm_1pct,20260803,280,560,,,48616,written
combined_0p2mm_1pct,20260803,281,562,,,48168,written
combined_0p2mm_1pct,20260803,282,564,,,48087,written
combined_0p2mm_1pct,20260803,283,566,,,47879,written
combined_0p2mm_1pct,20260803,284,568,,,48613,written
combined_0p2mm_1pct,20260803,285,570,,,47871,written
combined_0p2mm_1pct,20260803,286,572,,,48471,written
combined_0p2mm_1pct,20260803,287,574,,,48726,written
combined_0p2mm_1pct,20260803,288,576,,,47762,written
combined_0p2mm_1pct,20260803,289,578,,,48113,written
combined_0p2mm_1pct,20260803,290,580,,,47941,written
combined_0p2mm_1pct,20260803,291,582,,,48293,written
combined_0p2mm_1pct,20260803,292,584,,,48338,written
combined_0p2mm_1pct,20260803,293,586,,,48145,written
combined_0p2mm_1pct,20260803,294,588,,,48352,written
combined_0p2mm_1pct,20260803,295,590,,,48620,written
combined_0p2mm_1pct,20260803,296,592,,,48336,written
combined_0p2mm_1pct,20260803,297,594,,,47712,written
combined_0p2mm_1pct,20260803,298,596,,,48022,written
combined_0p2mm_1pct,20260803,299,598,,,47458,written
combined_0p2mm_1pct,20260803,300,600,,,48399,written
combined_0p2mm_1pct,20260803,301,602,,,48411,written
combined_0p2mm_1pct,20260803,302,604,,,48488,written
combined_0p2mm_1pct,20260803,303,606,,,48434,written
combined_0p2mm_1pct,20260803,304,608,,,48137,written
combined_0p2mm_1pct,20260803,305,610,,,48217,written
combined_0p2mm_1pct,20260803,306,612,,,48392,written
combined_0p2mm_1pct,20260803,307,614,,,47935,written
combined_0p2mm_1pct,20260803,308,616,,,48144,written
combined_0p2mm_1pct,20260803,309,618,,,47967,written
combined_0p2mm_1pct,20260803,310,620,,,48199,written
combined_0p2mm_1pct,20260803,311,622,,,48639,written
combined_0p2mm_1pct,20260803,312,624,,,48001,written
combined_0p2mm_1pct,20260803,313,626,,,48723,written
combined_0p2mm_1pct,20260803,314,628,,,48545,written
combined_0p2mm_1pct,20260803,315,630,,,47709,written
combined_0p2mm_1pct,20260803,316,632,,,48048,written
combined_0p2mm_1pct,20260803,317,634,,,48060,written
combined_0p2mm_1pct,20260803,318,636,,,47948,written
combined_0p2mm_1pct,20260803,319,638,,,48465,written
combined_0p2mm_1pct,20260803,320,640,,,48495,written
combined_0p2mm_1pct,20260803,321,642,,,48399,written
combined_0p2mm_1pct,20260803,322,644,,,48682,written
combined_0p2mm_1pct,20260803,323,646,,,48175,written
combined_0p2mm_1pct,20260803,324,648,,,48061,written
combined_0p2mm_1pct,20260803,325,650,,,48378,written
combined_0p2mm_1pct,20260803,326,652,,,48078,written
combined_0p2mm_1pct,20260803,327,654,,,48099,written
combined_0p2mm_1pct,20260803,328,656,,,48461,written
combined_0p2mm_1pct,20260803,329,658,,,48424,written
combined_0p2mm_1pct,20260803,330,660,,,48148,written
combined_0p2mm_1pct,20260803,331,662,,,48214,written
combined_0p2mm_1pct,20260803,332,664,,,48417,written
combined_0p2mm_1pct,20260803,333,666,,,48262,written
combined_0p2mm_1pct,20260803,334,668,,,47970,written
combined_0p2mm_1pct,20260803,335,670,,,47892,written
combined_0p2mm_1pct,20260803,336,672,,,47812,written
combined_0p2mm_1pct,20260803,337,674,,,48012,written
combined_0p2mm_1pct,20260803,338,676,,,48234,written
combined_0p2mm_1pct,20260803,339,678,,,48280,written
combined_0p2mm_1pct,20260803,340,680,,,48121,written
combined_0p2mm_1pct,20260803,341,682,,,47712,written
combined_0p2mm_1pct,20260803,342,684,,,48407,written
combined_0p2mm_1pct,20260803,343,686,,,48542,written
combined_0p2mm_1pct,20260803,344,688,,,47973,written
combined_0p2mm_1pct,20260803,345,690,,,48159,written
combined_0p2mm_1pct,20260803,346,692,,,48228,written
combined_0p2mm_1pct,20260803,347,694,,,48272,written
combined_0p2mm_1pct,20260803,348,696,,,48411,written
combined_0p2mm_1pct,20260803,349,698,,,47700,written
combined_0p2mm_1pct,20260803,350,700,,,48379,written
combined_0p2mm_1pct,20260803,351,702,,,48065,written
combined_0p2mm_1pct,20260803,352,704,,,48096,written
combined_0p2mm_1pct,20260803,353,706,,,48106,written
combined_0p2mm_1pct,20260803,354,708,,,47939,written
combined_0p2mm_1pct,20260803,355,710,,,47798,written
combined_0p2mm_1pct,20260803,356,712,,,48917,written
combined_0p2mm_1pct,20260803,357,714,,,48373,written
combined_0p2mm_1pct,20260803,358,716,,,48469,written
combined_0p2mm_1pct,20260803,359,718,,,48047,written
