condition,seed,output_run,original_run,selected
continuous_hits,20260730,0,0,52324
continuous_hits,20260730,1,2,52601
continuous_hits,20260730,2,4,52658
continuous_hits,20260730,3,6,52460
continuous_hits,20260730,4,8,52531
continuous_hits,20260730,5,10,52505
continuous_hits,20260730,6,12,52697
continuous_hits,20260730,7,14,52745
continuous_hits,20260730,8,16,52774
continuous_hits,20260730,9,18,52681
continuous_hits,20260730,10,20,52736
continuous_hits,20260730,11,22,52681
continuous_hits,20260730,12,24,52843
continuous_hits,20260730,13,26,52831
continuous_hits,20260730,14,28,53076
continuous_hits,20260730,15,30,52839
continuous_hits,20260730,16,32,52547
continuous_hits,20260730,17,34,53039
continuous_hits,20260730,18,36,52852
continuous_hits,20260730,19,38,52916
continuous_hits,20260730,20,40,52564
continuous_hits,20260730,21,42,53180
continuous_hits,20260730,22,44,52912
continuous_hits,20260730,23,46,53227
continuous_hits,20260730,24,48,52463
continuous_hits,20260730,25,50,52480
continuous_hits,20260730,26,52,52257
continuous_hits,20260730,27,54,52835
continuous_hits,20260730,28,56,52774
continuous_hits,20260730,29,58,53008
continuous_hits,20260730,30,60,52659
continuous_hits,20260730,31,62,52763
continuous_hits,20260730,32,64,53106
continuous_hits,20260730,33,66,52857
continuous_hits,20260730,34,68,52813
continuous_hits,20260730,35,70,53201
continuous_hits,20260730,36,72,52433
continuous_hits,20260730,37,74,53009
continuous_hits,20260730,38,76,52901
continuous_hits,20260730,39,78,52519
continuous_hits,20260730,40,80,52548
continuous_hits,20260730,41,82,52883
continuous_hits,20260730,42,84,52739
continuous_hits,20260730,43,86,52915
continuous_hits,20260730,44,88,52732
continuous_hits,20260730,45,90,52902
continuous_hits,20260730,46,92,52659
continuous_hits,20260730,47,94,52438
continuous_hits,20260730,48,96,52131
continuous_hits,20260730,49,98,52939
continuous_hits,20260730,50,100,52790
continuous_hits,20260730,51,102,52490
continuous_hits,20260730,52,104,52619
continuous_hits,20260730,53,106,53008
continuous_hits,20260730,54,108,52683
continuous_hits,20260730,55,110,53143
continuous_hits,20260730,56,112,52798
continuous_hits,20260730,57,114,52571
continuous_hits,20260730,58,116,52986
continuous_hits,20260730,59,118,52275
continuous_hits,20260730,60,120,52553
continuous_hits,20260730,61,122,52417
continuous_hits,20260730,62,124,52897
continuous_hits,20260730,63,126,52575
continuous_hits,20260730,64,128,52824
continuous_hits,20260730,65,130,52607
continuous_hits,20260730,66,132,52880
continuous_hits,20260730,67,134,53005
continuous_hits,20260730,68,136,52605
continuous_hits,20260730,69,138,52642
continuous_hits,20260730,70,140,52808
continuous_hits,20260730,71,142,52408
continuous_hits,20260730,72,144,52358
continuous_hits,20260730,73,146,52415
continuous_hits,20260730,74,148,52634
continuous_hits,20260730,75,150,52570
continuous_hits,20260730,76,152,52583
continuous_hits,20260730,77,154,52315
continuous_hits,20260730,78,156,52924
continuous_hits,20260730,79,158,52819
continuous_hits,20260730,80,160,52629
continuous_hits,20260730,81,162,52202
continuous_hits,20260730,82,164,52805
continuous_hits,20260730,83,166,52900
continuous_hits,20260730,84,168,52919
continuous_hits,20260730,85,170,52682
continuous_hits,20260730,86,172,52502
continuous_hits,20260730,87,174,52822
continuous_hits,20260730,88,176,52561
continuous_hits,20260730,89,178,52565
continuous_hits,20260730,90,180,52735
continuous_hits,20260730,91,182,52651
continuous_hits,20260730,92,184,52743
continuous_hits,20260730,93,186,52524
continuous_hits,20260730,94,188,52905
continuous_hits,20260730,95,190,52837
continuous_hits,20260730,96,192,52731
continuous_hits,20260730,97,194,52819
continuous_hits,20260730,98,196,52763
continuous_hits,20260730,99,198,52228
continuous_hits,20260730,100,200,52600
continuous_hits,20260730,101,202,52768
continuous_hits,20260730,102,204,52672
continuous_hits,20260730,103,206,52577
continuous_hits,20260730,104,208,52434
continuous_hits,20260730,105,210,52784
continuous_hits,20260730,106,212,52674
continuous_hits,20260730,107,214,52783
continuous_hits,20260730,108,216,52547
continuous_hits,20260730,109,218,52549
continuous_hits,20260730,110,220,52706
continuous_hits,20260730,111,222,52426
continuous_hits,20260730,112,224,52662
continuous_hits,20260730,113,226,52577
continuous_hits,20260730,114,228,53120
continuous_hits,20260730,115,230,52502
continuous_hits,20260730,116,232,53088
continuous_hits,20260730,117,234,52807
continuous_hits,20260730,118,236,52729
continuous_hits,20260730,119,238,52363
continuous_hits,20260730,120,240,52618
continuous_hits,20260730,121,242,52532
continuous_hits,20260730,122,244,52831
continuous_hits,20260730,123,246,52965
continuous_hits,20260730,124,248,53049
continuous_hits,20260730,125,250,52678
continuous_hits,20260730,126,252,52656
continuous_hits,20260730,127,254,52708
continuous_hits,20260730,128,256,52711
continuous_hits,20260730,129,258,52543
continuous_hits,20260730,130,260,52804
continuous_hits,20260730,131,262,52432
continuous_hits,20260730,132,264,52865
continuous_hits,20260730,133,266,52706
continuous_hits,20260730,134,268,52606
continuous_hits,20260730,135,270,52958
continuous_hits,20260730,136,272,53380
continuous_hits,20260730,137,274,52762
continuous_hits,20260730,138,276,52741
continuous_hits,20260730,139,278,52702
continuous_hits,20260730,140,280,52722
continuous_hits,20260730,141,282,52827
continuous_hits,20260730,142,284,53127
continuous_hits,20260730,143,286,52512
continuous_hits,20260730,144,288,52432
continuous_hits,20260730,145,290,52588
continuous_hits,20260730,146,292,52224
continuous_hits,20260730,147,294,52860
continuous_hits,20260730,148,296,52951
continuous_hits,20260730,149,298,52351
continuous_hits,20260730,150,300,52159
continuous_hits,20260730,151,302,52767
continuous_hits,20260730,152,304,52480
continuous_hits,20260730,153,306,52589
continuous_hits,20260730,154,308,52474
continuous_hits,20260730,155,310,52386
continuous_hits,20260730,156,312,53175
continuous_hits,20260730,157,314,52735
continuous_hits,20260730,158,316,52570
continuous_hits,20260730,159,318,52584
continuous_hits,20260730,160,320,52733
continuous_hits,20260730,161,322,53017
continuous_hits,20260730,162,324,52799
continuous_hits,20260730,163,326,52413
continuous_hits,20260730,164,328,52626
continuous_hits,20260730,165,330,52908
continuous_hits,20260730,166,332,52916
continuous_hits,20260730,167,334,53095
continuous_hits,20260730,168,336,52589
continuous_hits,20260730,169,338,52631
continuous_hits,20260730,170,340,52922
continuous_hits,20260730,171,342,52693
continuous_hits,20260730,172,344,52470
continuous_hits,20260730,173,346,52817
continuous_hits,20260730,174,348,52524
continuous_hits,20260730,175,350,52816
continuous_hits,20260730,176,352,52827
continuous_hits,20260730,177,354,52791
continuous_hits,20260730,178,356,52841
continuous_hits,20260730,179,358,52502
continuous_hits,20260730,180,360,53125
continuous_hits,20260730,181,362,52544
continuous_hits,20260730,182,364,52893
continuous_hits,20260730,183,366,52426
continuous_hits,20260730,184,368,52491
continuous_hits,20260730,185,370,52897
continuous_hits,20260730,186,372,52955
continuous_hits,20260730,187,374,52701
continuous_hits,20260730,188,376,52850
continuous_hits,20260730,189,378,52876
continuous_hits,20260730,190,380,52328
continuous_hits,20260730,191,382,52754
continuous_hits,20260730,192,384,52363
continuous_hits,20260730,193,386,52862
continuous_hits,20260730,194,388,52590
continuous_hits,20260730,195,390,52733
continuous_hits,20260730,196,392,52756
continuous_hits,20260730,197,394,53102
continuous_hits,20260730,198,396,52708
continuous_hits,20260730,199,398,52782
continuous_hits,20260730,200,400,52396
continuous_hits,20260730,201,402,52714
continuous_hits,20260730,202,404,52233
continuous_hits,20260730,203,406,52255
continuous_hits,20260730,204,408,52212
continuous_hits,20260730,205,410,52714
continuous_hits,20260730,206,412,52826
continuous_hits,20260730,207,414,52657
continuous_hits,20260730,208,416,52871
continuous_hits,20260730,209,418,53004
continuous_hits,20260730,210,420,52542
continuous_hits,20260730,211,422,52442
continuous_hits,20260730,212,424,52630
continuous_hits,20260730,213,426,52550
continuous_hits,20260730,214,428,52814
continuous_hits,20260730,215,430,53137
continuous_hits,20260730,216,432,52703
continuous_hits,20260730,217,434,52634
continuous_hits,20260730,218,436,52999
continuous_hits,20260730,219,438,52946
continuous_hits,20260730,220,440,52866
continuous_hits,20260730,221,442,52401
continuous_hits,20260730,222,444,52377
continuous_hits,20260730,223,446,52332
continuous_hits,20260730,224,448,52876
continuous_hits,20260730,225,450,52781
continuous_hits,20260730,226,452,52770
continuous_hits,20260730,227,454,53052
continuous_hits,20260730,228,456,52529
continuous_hits,20260730,229,458,52741
continuous_hits,20260730,230,460,52325
continuous_hits,20260730,231,462,52620
continuous_hits,20260730,232,464,52793
continuous_hits,20260730,233,466,52604
continuous_hits,20260730,234,468,53098
continuous_hits,20260730,235,470,52773
continuous_hits,20260730,236,472,52785
continuous_hits,20260730,237,474,52423
continuous_hits,20260730,238,476,52667
continuous_hits,20260730,239,478,52739
continuous_hits,20260730,240,480,52665
continuous_hits,20260730,241,482,52826
continuous_hits,20260730,242,484,52761
continuous_hits,20260730,243,486,52599
continuous_hits,20260730,244,488,52973
continuous_hits,20260730,245,490,52545
continuous_hits,20260730,246,492,52516
continuous_hits,20260730,247,494,52534
continuous_hits,20260730,248,496,52453
continuous_hits,20260730,249,498,52616
continuous_hits,20260730,250,500,52786
continuous_hits,20260730,251,502,53022
continuous_hits,20260730,252,504,53144
continuous_hits,20260730,253,506,52653
continuous_hits,20260730,254,508,52911
continuous_hits,20260730,255,510,53124
continuous_hits,20260730,256,512,52705
continuous_hits,20260730,257,514,52672
continuous_hits,20260730,258,516,52504
continuous_hits,20260730,259,518,53059
continuous_hits,20260730,260,520,52521
continuous_hits,20260730,261,522,52697
continuous_hits,20260730,262,524,52771
continuous_hits,20260730,263,526,52739
continuous_hits,20260730,264,528,52508
continuous_hits,20260730,265,530,53348
continuous_hits,20260730,266,532,52752
continuous_hits,20260730,267,534,52580
continuous_hits,20260730,268,536,52705
continuous_hits,20260730,269,538,52551
continuous_hits,20260730,270,540,52594
continuous_hits,20260730,271,542,52228
continuous_hits,20260730,272,544,52583
continuous_hits,20260730,273,546,52637
continuous_hits,20260730,274,548,52531
continuous_hits,20260730,275,550,53050
continuous_hits,20260730,276,552,52441
continuous_hits,20260730,277,554,52183
continuous_hits,20260730,278,556,52536
continuous_hits,20260730,279,558,52122
continuous_hits,20260730,280,560,53286
continuous_hits,20260730,281,562,52677
continuous_hits,20260730,282,564,52649
continuous_hits,20260730,283,566,52468
continuous_hits,20260730,284,568,53088
continuous_hits,20260730,285,570,52519
continuous_hits,20260730,286,572,52890
continuous_hits,20260730,287,574,53301
continuous_hits,20260730,288,576,52176
continuous_hits,20260730,289,578,52765
continuous_hits,20260730,290,580,52339
continuous_hits,20260730,291,582,52739
continuous_hits,20260730,292,584,52987
continuous_hits,20260730,293,586,52510
continuous_hits,20260730,294,588,52800
continuous_hits,20260730,295,590,53073
continuous_hits,20260730,296,592,52521
continuous_hits,20260730,297,594,52458
continuous_hits,20260730,298,596,52711
continuous_hits,20260730,299,598,52159
continuous_hits,20260730,300,600,52963
continuous_hits,20260730,301,602,52815
continuous_hits,20260730,302,604,52759
continuous_hits,20260730,303,606,53076
continuous_hits,20260730,304,608,52655
continuous_hits,20260730,305,610,52732
continuous_hits,20260730,306,612,52909
continuous_hits,20260730,307,614,52669
continuous_hits,20260730,308,616,52498
continuous_hits,20260730,309,618,52626
continuous_hits,20260730,310,620,52871
continuous_hits,20260730,311,622,53040
continuous_hits,20260730,312,624,52580
continuous_hits,20260730,313,626,52680
continuous_hits,20260730,314,628,53131
continuous_hits,20260730,315,630,52249
continuous_hits,20260730,316,632,52353
continuous_hits,20260730,317,634,52638
continuous_hits,20260730,318,636,52383
continuous_hits,20260730,319,638,52828
continuous_hits,20260730,320,640,52730
continuous_hits,20260730,321,642,52772
continuous_hits,20260730,322,644,53152
continuous_hits,20260730,323,646,52423
continuous_hits,20260730,324,648,52565
continuous_hits,20260730,325,650,52870
continuous_hits,20260730,326,652,52646
continuous_hits,20260730,327,654,52567
continuous_hits,20260730,328,656,53047
continuous_hits,20260730,329,658,53034
continuous_hits,20260730,330,660,52295
continuous_hits,20260730,331,662,52803
continuous_hits,20260730,332,664,52963
continuous_hits,20260730,333,666,52794
continuous_hits,20260730,334,668,52594
continuous_hits,20260730,335,670,52821
continuous_hits,20260730,336,672,52579
continuous_hits,20260730,337,674,52343
continuous_hits,20260730,338,676,52894
continuous_hits,20260730,339,678,53092
continuous_hits,20260730,340,680,52750
continuous_hits,20260730,341,682,52346
continuous_hits,20260730,342,684,52903
continuous_hits,20260730,343,686,52949
continuous_hits,20260730,344,688,52670
continuous_hits,20260730,345,690,52759
continuous_hits,20260730,346,692,53040
continuous_hits,20260730,347,694,52889
continuous_hits,20260730,348,696,52699
continuous_hits,20260730,349,698,52342
continuous_hits,20260730,350,700,52918
continuous_hits,20260730,351,702,52690
continuous_hits,20260730,352,704,52498
continuous_hits,20260730,353,706,52602
continuous_hits,20260730,354,708,53018
continuous_hits,20260730,355,710,52383
continuous_hits,20260730,356,712,53165
continuous_hits,20260730,357,714,53217
continuous_hits,20260730,358,716,52913
continuous_hits,20260730,359,718,52820
position_0p2mm,20260730,0,0,51248
position_0p2mm,20260730,1,2,51383
position_0p2mm,20260730,2,4,51434
position_0p2mm,20260730,3,6,51334
position_0p2mm,20260730,4,8,51336
position_0p2mm,20260730,5,10,51193
position_0p2mm,20260730,6,12,51506
position_0p2mm,20260730,7,14,51665
position_0p2mm,20260730,8,16,51607
position_0p2mm,20260730,9,18,51387
position_0p2mm,20260730,10,20,51596
position_0p2mm,20260730,11,22,51520
position_0p2mm,20260730,12,24,51736
position_0p2mm,20260730,13,26,51734
position_0p2mm,20260730,14,28,51882
position_0p2mm,20260730,15,30,51708
position_0p2mm,20260730,16,32,51354
position_0p2mm,20260730,17,34,51739
position_0p2mm,20260730,18,36,51817
position_0p2mm,20260730,19,38,51707
position_0p2mm,20260730,20,40,51429
position_0p2mm,20260730,21,42,52092
position_0p2mm,20260730,22,44,51702
position_0p2mm,20260730,23,46,51961
position_0p2mm,20260730,24,48,51345
position_0p2mm,20260730,25,50,51276
position_0p2mm,20260730,26,52,50921
position_0p2mm,20260730,27,54,51679
position_0p2mm,20260730,28,56,51622
position_0p2mm,20260730,29,58,51705
position_0p2mm,20260730,30,60,51404
position_0p2mm,20260730,31,62,51552
position_0p2mm,20260730,32,64,51840
position_0p2mm,20260730,33,66,51750
position_0p2mm,20260730,34,68,51646
position_0p2mm,20260730,35,70,52134
position_0p2mm,20260730,36,72,51219
position_0p2mm,20260730,37,74,51732
position_0p2mm,20260730,38,76,51618
position_0p2mm,20260730,39,78,51371
position_0p2mm,20260730,40,80,51375
position_0p2mm,20260730,41,82,51606
position_0p2mm,20260730,42,84,51548
position_0p2mm,20260730,43,86,51683
position_0p2mm,20260730,44,88,51591
position_0p2mm,20260730,45,90,51580
position_0p2mm,20260730,46,92,51481
position_0p2mm,20260730,47,94,51291
position_0p2mm,20260730,48,96,50990
position_0p2mm,20260730,49,98,51731
position_0p2mm,20260730,50,100,51533
position_0p2mm,20260730,51,102,51321
position_0p2mm,20260730,52,104,51433
position_0p2mm,20260730,53,106,51706
position_0p2mm,20260730,54,108,51315
position_0p2mm,20260730,55,110,51847
position_0p2mm,20260730,56,112,51602
position_0p2mm,20260730,57,114,51399
position_0p2mm,20260730,58,116,51778
position_0p2mm,20260730,59,118,51196
position_0p2mm,20260730,60,120,51564
position_0p2mm,20260730,61,122,51232
position_0p2mm,20260730,62,124,51660
position_0p2mm,20260730,63,126,51334
position_0p2mm,20260730,64,128,51778
position_0p2mm,20260730,65,130,51474
position_0p2mm,20260730,66,132,51718
position_0p2mm,20260730,67,134,51784
position_0p2mm,20260730,68,136,51412
position_0p2mm,20260730,69,138,51509
position_0p2mm,20260730,70,140,51720
position_0p2mm,20260730,71,142,51263
position_0p2mm,20260730,72,144,51169
position_0p2mm,20260730,73,146,51292
position_0p2mm,20260730,74,148,51540
position_0p2mm,20260730,75,150,51502
position_0p2mm,20260730,76,152,51227
position_0p2mm,20260730,77,154,51114
position_0p2mm,20260730,78,156,51795
position_0p2mm,20260730,79,158,51655
position_0p2mm,20260730,80,160,51479
position_0p2mm,20260730,81,162,51054
position_0p2mm,20260730,82,164,51574
position_0p2mm,20260730,83,166,51583
position_0p2mm,20260730,84,168,51808
position_0p2mm,20260730,85,170,51350
position_0p2mm,20260730,86,172,51249
position_0p2mm,20260730,87,174,51611
position_0p2mm,20260730,88,176,51403
position_0p2mm,20260730,89,178,51357
position_0p2mm,20260730,90,180,51459
position_0p2mm,20260730,91,182,51409
position_0p2mm,20260730,92,184,51494
position_0p2mm,20260730,93,186,51420
position_0p2mm,20260730,94,188,51816
position_0p2mm,20260730,95,190,51656
position_0p2mm,20260730,96,192,51487
position_0p2mm,20260730,97,194,51527
position_0p2mm,20260730,98,196,51502
position_0p2mm,20260730,99,198,51119
position_0p2mm,20260730,100,200,51327
position_0p2mm,20260730,101,202,51582
position_0p2mm,20260730,102,204,51375
position_0p2mm,20260730,103,206,51435
position_0p2mm,20260730,104,208,51261
position_0p2mm,20260730,105,210,51590
position_0p2mm,20260730,106,212,51368
position_0p2mm,20260730,107,214,51643
position_0p2mm,20260730,108,216,51408
position_0p2mm,20260730,109,218,51358
position_0p2mm,20260730,110,220,51491
position_0p2mm,20260730,111,222,51355
position_0p2mm,20260730,112,224,51457
position_0p2mm,20260730,113,226,51376
position_0p2mm,20260730,114,228,51959
position_0p2mm,20260730,115,230,51241
position_0p2mm,20260730,116,232,51681
position_0p2mm,20260730,117,234,51571
position_0p2mm,20260730,118,236,51565
position_0p2mm,20260730,119,238,51247
position_0p2mm,20260730,120,240,51397
position_0p2mm,20260730,121,242,51360
position_0p2mm,20260730,122,244,51731
position_0p2mm,20260730,123,246,51758
position_0p2mm,20260730,124,248,51758
position_0p2mm,20260730,125,250,51608
position_0p2mm,20260730,126,252,51541
position_0p2mm,20260730,127,254,51484
position_0p2mm,20260730,128,256,51473
position_0p2mm,20260730,129,258,51500
position_0p2mm,20260730,130,260,51538
position_0p2mm,20260730,131,262,51195
position_0p2mm,20260730,132,264,51694
position_0p2mm,20260730,133,266,51491
position_0p2mm,20260730,134,268,51311
position_0p2mm,20260730,135,270,51746
position_0p2mm,20260730,136,272,52154
position_0p2mm,20260730,137,274,51616
position_0p2mm,20260730,138,276,51447
position_0p2mm,20260730,139,278,51604
position_0p2mm,20260730,140,280,51578
position_0p2mm,20260730,141,282,51688
position_0p2mm,20260730,142,284,51832
position_0p2mm,20260730,143,286,51406
position_0p2mm,20260730,144,288,51300
position_0p2mm,20260730,145,290,51300
position_0p2mm,20260730,146,292,51087
position_0p2mm,20260730,147,294,51708
position_0p2mm,20260730,148,296,51637
position_0p2mm,20260730,149,298,51195
position_0p2mm,20260730,150,300,51015
position_0p2mm,20260730,151,302,51731
position_0p2mm,20260730,152,304,51232
position_0p2mm,20260730,153,306,51506
position_0p2mm,20260730,154,308,51209
position_0p2mm,20260730,155,310,51187
position_0p2mm,20260730,156,312,51973
position_0p2mm,20260730,157,314,51530
position_0p2mm,20260730,158,316,51442
position_0p2mm,20260730,159,318,51443
position_0p2mm,20260730,160,320,51425
position_0p2mm,20260730,161,322,51712
position_0p2mm,20260730,162,324,51659
position_0p2mm,20260730,163,326,51232
position_0p2mm,20260730,164,328,51405
position_0p2mm,20260730,165,330,51773
position_0p2mm,20260730,166,332,51763
position_0p2mm,20260730,167,334,51920
position_0p2mm,20260730,168,336,51424
position_0p2mm,20260730,169,338,51379
position_0p2mm,20260730,170,340,51696
position_0p2mm,20260730,171,342,51536
position_0p2mm,20260730,172,344,51234
position_0p2mm,20260730,173,346,51568
position_0p2mm,20260730,174,348,51384
position_0p2mm,20260730,175,350,51545
position_0p2mm,20260730,176,352,51591
position_0p2mm,20260730,177,354,51643
position_0p2mm,20260730,178,356,51701
position_0p2mm,20260730,179,358,51262
position_0p2mm,20260730,180,360,51896
position_0p2mm,20260730,181,362,51399
position_0p2mm,20260730,182,364,51692
position_0p2mm,20260730,183,366,51220
position_0p2mm,20260730,184,368,51413
position_0p2mm,20260730,185,370,51673
position_0p2mm,20260730,186,372,51740
position_0p2mm,20260730,187,374,51516
position_0p2mm,20260730,188,376,51631
position_0p2mm,20260730,189,378,51627
position_0p2mm,20260730,190,380,51201
position_0p2mm,20260730,191,382,51507
position_0p2mm,20260730,192,384,51209
position_0p2mm,20260730,193,386,51660
position_0p2mm,20260730,194,388,51365
position_0p2mm,20260730,195,390,51475
position_0p2mm,20260730,196,392,51426
position_0p2mm,20260730,197,394,51894
position_0p2mm,20260730,198,396,51626
position_0p2mm,20260730,199,398,51494
position_0p2mm,20260730,200,400,51154
position_0p2mm,20260730,201,402,51603
position_0p2mm,20260730,202,404,51104
position_0p2mm,20260730,203,406,51001
position_0p2mm,20260730,204,408,51052
position_0p2mm,20260730,205,410,51512
position_0p2mm,20260730,206,412,51527
position_0p2mm,20260730,207,414,51508
position_0p2mm,20260730,208,416,51711
position_0p2mm,20260730,209,418,51730
position_0p2mm,20260730,210,420,51420
position_0p2mm,20260730,211,422,51387
position_0p2mm,20260730,212,424,51590
position_0p2mm,20260730,213,426,51478
position_0p2mm,20260730,214,428,51687
position_0p2mm,20260730,215,430,51899
position_0p2mm,20260730,216,432,51481
position_0p2mm,20260730,217,434,51428
position_0p2mm,20260730,218,436,51892
position_0p2mm,20260730,219,438,51795
position_0p2mm,20260730,220,440,51631
position_0p2mm,20260730,221,442,51281
position_0p2mm,20260730,222,444,51202
position_0p2mm,20260730,223,446,51224
position_0p2mm,20260730,224,448,51646
position_0p2mm,20260730,225,450,51525
position_0p2mm,20260730,226,452,51628
position_0p2mm,20260730,227,454,51954
position_0p2mm,20260730,228,456,51310
position_0p2mm,20260730,229,458,51542
position_0p2mm,20260730,230,460,51115
position_0p2mm,20260730,231,462,51441
position_0p2mm,20260730,232,464,51555
position_0p2mm,20260730,233,466,51386
position_0p2mm,20260730,234,468,51844
position_0p2mm,20260730,235,470,51460
position_0p2mm,20260730,236,472,51455
position_0p2mm,20260730,237,474,51099
position_0p2mm,20260730,238,476,51431
position_0p2mm,20260730,239,478,51550
position_0p2mm,20260730,240,480,51499
position_0p2mm,20260730,241,482,51610
position_0p2mm,20260730,242,484,51551
position_0p2mm,20260730,243,486,51468
position_0p2mm,20260730,244,488,51794
position_0p2mm,20260730,245,490,51375
position_0p2mm,20260730,246,492,51410
position_0p2mm,20260730,247,494,51320
position_0p2mm,20260730,248,496,51310
position_0p2mm,20260730,249,498,51406
position_0p2mm,20260730,250,500,51546
position_0p2mm,20260730,251,502,51752
position_0p2mm,20260730,252,504,51965
position_0p2mm,20260730,253,506,51424
position_0p2mm,20260730,254,508,51821
position_0p2mm,20260730,255,510,51863
position_0p2mm,20260730,256,512,51423
position_0p2mm,20260730,257,514,51502
position_0p2mm,20260730,258,516,51381
position_0p2mm,20260730,259,518,51764
position_0p2mm,20260730,260,520,51467
position_0p2mm,20260730,261,522,51456
position_0p2mm,20260730,262,524,51527
position_0p2mm,20260730,263,526,51599
position_0p2mm,20260730,264,528,51332
position_0p2mm,20260730,265,530,52167
position_0p2mm,20260730,266,532,51480
position_0p2mm,20260730,267,534,51312
position_0p2mm,20260730,268,536,51596
position_0p2mm,20260730,269,538,51466
position_0p2mm,20260730,270,540,51372
position_0p2mm,20260730,271,542,51048
position_0p2mm,20260730,272,544,51400
position_0p2mm,20260730,273,546,51540
position_0p2mm,20260730,274,548,51297
position_0p2mm,20260730,275,550,51908
position_0p2mm,20260730,276,552,51333
position_0p2mm,20260730,277,554,51135
position_0p2mm,20260730,278,556,51478
position_0p2mm,20260730,279,558,50802
position_0p2mm,20260730,280,560,52078
position_0p2mm,20260730,281,562,51597
position_0p2mm,20260730,282,564,51325
position_0p2mm,20260730,283,566,51316
position_0p2mm,20260730,284,568,51892
position_0p2mm,20260730,285,570,51468
position_0p2mm,20260730,286,572,51654
position_0p2mm,20260730,287,574,52241
position_0p2mm,20260730,288,576,50956
position_0p2mm,20260730,289,578,51486
position_0p2mm,20260730,290,580,51202
position_0p2mm,20260730,291,582,51538
position_0p2mm,20260730,292,584,51834
position_0p2mm,20260730,293,586,51402
position_0p2mm,20260730,294,588,51614
position_0p2mm,20260730,295,590,51924
position_0p2mm,20260730,296,592,51430
position_0p2mm,20260730,297,594,51246
position_0p2mm,20260730,298,596,51571
position_0p2mm,20260730,299,598,51081
position_0p2mm,20260730,300,600,51801
position_0p2mm,20260730,301,602,51552
position_0p2mm,20260730,302,604,51422
position_0p2mm,20260730,303,606,51904
position_0p2mm,20260730,304,608,51448
position_0p2mm,20260730,305,610,51574
position_0p2mm,20260730,306,612,51788
position_0p2mm,20260730,307,614,51408
position_0p2mm,20260730,308,616,51304
position_0p2mm,20260730,309,618,51387
position_0p2mm,20260730,310,620,51475
position_0p2mm,20260730,311,622,51897
position_0p2mm,20260730,312,624,51341
position_0p2mm,20260730,313,626,51691
position_0p2mm,20260730,314,628,51963
position_0p2mm,20260730,315,630,51128
position_0p2mm,20260730,316,632,51159
position_0p2mm,20260730,317,634,51502
position_0p2mm,20260730,318,636,51256
position_0p2mm,20260730,319,638,51736
position_0p2mm,20260730,320,640,51639
position_0p2mm,20260730,321,642,51587
position_0p2mm,20260730,322,644,51928
position_0p2mm,20260730,323,646,51161
position_0p2mm,20260730,324,648,51348
position_0p2mm,20260730,325,650,51850
position_0p2mm,20260730,326,652,51401
position_0p2mm,20260730,327,654,51256
position_0p2mm,20260730,328,656,51859
position_0p2mm,20260730,329,658,51813
position_0p2mm,20260730,330,660,51177
position_0p2mm,20260730,331,662,51596
position_0p2mm,20260730,332,664,51827
position_0p2mm,20260730,333,666,51520
position_0p2mm,20260730,334,668,51355
position_0p2mm,20260730,335,670,51510
position_0p2mm,20260730,336,672,51466
position_0p2mm,20260730,337,674,51258
position_0p2mm,20260730,338,676,51781
position_0p2mm,20260730,339,678,51862
position_0p2mm,20260730,340,680,51530
position_0p2mm,20260730,341,682,51148
position_0p2mm,20260730,342,684,51714
position_0p2mm,20260730,343,686,51709
position_0p2mm,20260730,344,688,51484
position_0p2mm,20260730,345,690,51558
position_0p2mm,20260730,346,692,51810
position_0p2mm,20260730,347,694,51632
position_0p2mm,20260730,348,696,51416
position_0p2mm,20260730,349,698,50988
position_0p2mm,20260730,350,700,51638
position_0p2mm,20260730,351,702,51489
position_0p2mm,20260730,352,704,51327
position_0p2mm,20260730,353,706,51410
position_0p2mm,20260730,354,708,51862
position_0p2mm,20260730,355,710,51208
position_0p2mm,20260730,356,712,51978
position_0p2mm,20260730,357,714,51999
position_0p2mm,20260730,358,716,51894
position_0p2mm,20260730,359,718,51556
energy_1pct_only,20260730,0,0,48952
energy_1pct_only,20260730,1,2,49226
energy_1pct_only,20260730,2,4,49275
energy_1pct_only,20260730,3,6,49064
energy_1pct_only,20260730,4,8,49139
energy_1pct_only,20260730,5,10,49133
energy_1pct_only,20260730,6,12,49245
energy_1pct_only,20260730,7,14,49436
energy_1pct_only,20260730,8,16,49480
energy_1pct_only,20260730,9,18,49241
energy_1pct_only,20260730,10,20,49261
energy_1pct_only,20260730,11,22,49357
energy_1pct_only,20260730,12,24,49419
energy_1pct_only,20260730,13,26,49400
energy_1pct_only,20260730,14,28,49524
energy_1pct_only,20260730,15,30,49345
energy_1pct_only,20260730,16,32,49139
energy_1pct_only,20260730,17,34,49651
energy_1pct_only,20260730,18,36,49463
energy_1pct_only,20260730,19,38,49473
energy_1pct_only,20260730,20,40,49113
energy_1pct_only,20260730,21,42,49685
energy_1pct_only,20260730,22,44,49656
energy_1pct_only,20260730,23,46,49684
energy_1pct_only,20260730,24,48,49124
energy_1pct_only,20260730,25,50,49054
energy_1pct_only,20260730,26,52,48970
energy_1pct_only,20260730,27,54,49453
energy_1pct_only,20260730,28,56,49378
energy_1pct_only,20260730,29,58,49629
energy_1pct_only,20260730,30,60,49309
energy_1pct_only,20260730,31,62,49416
energy_1pct_only,20260730,32,64,49742
energy_1pct_only,20260730,33,66,49430
energy_1pct_only,20260730,34,68,49410
energy_1pct_only,20260730,35,70,49794
energy_1pct_only,20260730,36,72,49079
energy_1pct_only,20260730,37,74,49511
energy_1pct_only,20260730,38,76,49650
energy_1pct_only,20260730,39,78,49123
energy_1pct_only,20260730,40,80,49257
energy_1pct_only,20260730,41,82,49540
energy_1pct_only,20260730,42,84,49368
energy_1pct_only,20260730,43,86,49488
energy_1pct_only,20260730,44,88,49427
energy_1pct_only,20260730,45,90,49537
energy_1pct_only,20260730,46,92,49193
energy_1pct_only,20260730,47,94,48979
energy_1pct_only,20260730,48,96,48655
energy_1pct_only,20260730,49,98,49467
energy_1pct_only,20260730,50,100,49428
energy_1pct_only,20260730,51,102,49066
energy_1pct_only,20260730,52,104,49224
energy_1pct_only,20260730,53,106,49641
energy_1pct_only,20260730,54,108,49197
energy_1pct_only,20260730,55,110,49646
energy_1pct_only,20260730,56,112,49424
energy_1pct_only,20260730,57,114,49233
energy_1pct_only,20260730,58,116,49582
energy_1pct_only,20260730,59,118,48977
energy_1pct_only,20260730,60,120,49137
energy_1pct_only,20260730,61,122,49007
energy_1pct_only,20260730,62,124,49411
energy_1pct_only,20260730,63,126,49004
energy_1pct_only,20260730,64,128,49364
energy_1pct_only,20260730,65,130,49255
energy_1pct_only,20260730,66,132,49452
energy_1pct_only,20260730,67,134,49574
energy_1pct_only,20260730,68,136,49286
energy_1pct_only,20260730,69,138,49307
energy_1pct_only,20260730,70,140,49371
energy_1pct_only,20260730,71,142,49065
energy_1pct_only,20260730,72,144,49010
energy_1pct_only,20260730,73,146,49080
energy_1pct_only,20260730,74,148,49237
energy_1pct_only,20260730,75,150,49191
energy_1pct_only,20260730,76,152,49227
energy_1pct_only,20260730,77,154,49055
energy_1pct_only,20260730,78,156,49432
energy_1pct_only,20260730,79,158,49423
energy_1pct_only,20260730,80,160,49294
energy_1pct_only,20260730,81,162,48887
energy_1pct_only,20260730,82,164,49246
energy_1pct_only,20260730,83,166,49534
energy_1pct_only,20260730,84,168,49457
energy_1pct_only,20260730,85,170,49282
energy_1pct_only,20260730,86,172,49091
energy_1pct_only,20260730,87,174,49415
energy_1pct_only,20260730,88,176,49201
energy_1pct_only,20260730,89,178,49137
energy_1pct_only,20260730,90,180,49269
energy_1pct_only,20260730,91,182,49188
energy_1pct_only,20260730,92,184,49440
energy_1pct_only,20260730,93,186,49055
energy_1pct_only,20260730,94,188,49489
energy_1pct_only,20260730,95,190,49566
energy_1pct_only,20260730,96,192,49316
energy_1pct_only,20260730,97,194,49310
energy_1pct_only,20260730,98,196,49253
energy_1pct_only,20260730,99,198,48784
energy_1pct_only,20260730,100,200,49232
energy_1pct_only,20260730,101,202,49371
energy_1pct_only,20260730,102,204,49233
energy_1pct_only,20260730,103,206,49144
energy_1pct_only,20260730,104,208,49136
energy_1pct_only,20260730,105,210,49356
energy_1pct_only,20260730,106,212,49231
energy_1pct_only,20260730,107,214,49421
energy_1pct_only,20260730,108,216,49165
energy_1pct_only,20260730,109,218,49147
energy_1pct_only,20260730,110,220,49268
energy_1pct_only,20260730,111,222,49088
energy_1pct_only,20260730,112,224,49254
energy_1pct_only,20260730,113,226,49243
energy_1pct_only,20260730,114,228,49672
energy_1pct_only,20260730,115,230,49085
energy_1pct_only,20260730,116,232,49671
energy_1pct_only,20260730,117,234,49484
energy_1pct_only,20260730,118,236,49210
energy_1pct_only,20260730,119,238,48883
energy_1pct_only,20260730,120,240,49259
energy_1pct_only,20260730,121,242,49238
energy_1pct_only,20260730,122,244,49427
energy_1pct_only,20260730,123,246,49621
energy_1pct_only,20260730,124,248,49621
energy_1pct_only,20260730,125,250,49330
energy_1pct_only,20260730,126,252,49340
energy_1pct_only,20260730,127,254,49284
energy_1pct_only,20260730,128,256,49384
energy_1pct_only,20260730,129,258,49216
energy_1pct_only,20260730,130,260,49293
energy_1pct_only,20260730,131,262,49068
energy_1pct_only,20260730,132,264,49467
energy_1pct_only,20260730,133,266,49332
energy_1pct_only,20260730,134,268,49251
energy_1pct_only,20260730,135,270,49660
energy_1pct_only,20260730,136,272,49913
energy_1pct_only,20260730,137,274,49416
energy_1pct_only,20260730,138,276,49395
energy_1pct_only,20260730,139,278,49282
energy_1pct_only,20260730,140,280,49292
energy_1pct_only,20260730,141,282,49521
energy_1pct_only,20260730,142,284,49725
energy_1pct_only,20260730,143,286,49075
energy_1pct_only,20260730,144,288,49114
energy_1pct_only,20260730,145,290,49238
energy_1pct_only,20260730,146,292,48910
energy_1pct_only,20260730,147,294,49393
energy_1pct_only,20260730,148,296,49563
energy_1pct_only,20260730,149,298,48974
energy_1pct_only,20260730,150,300,48819
energy_1pct_only,20260730,151,302,49406
energy_1pct_only,20260730,152,304,49145
energy_1pct_only,20260730,153,306,49158
energy_1pct_only,20260730,154,308,49169
energy_1pct_only,20260730,155,310,48986
energy_1pct_only,20260730,156,312,49715
energy_1pct_only,20260730,157,314,49388
energy_1pct_only,20260730,158,316,49121
energy_1pct_only,20260730,159,318,49208
energy_1pct_only,20260730,160,320,49488
energy_1pct_only,20260730,161,322,49647
energy_1pct_only,20260730,162,324,49418
energy_1pct_only,20260730,163,326,49021
energy_1pct_only,20260730,164,328,49140
energy_1pct_only,20260730,165,330,49476
energy_1pct_only,20260730,166,332,49478
energy_1pct_only,20260730,167,334,49647
energy_1pct_only,20260730,168,336,49224
energy_1pct_only,20260730,169,338,49285
energy_1pct_only,20260730,170,340,49491
energy_1pct_only,20260730,171,342,49255
energy_1pct_only,20260730,172,344,49072
energy_1pct_only,20260730,173,346,49374
energy_1pct_only,20260730,174,348,49054
energy_1pct_only,20260730,175,350,49362
energy_1pct_only,20260730,176,352,49395
energy_1pct_only,20260730,177,354,49422
energy_1pct_only,20260730,178,356,49389
energy_1pct_only,20260730,179,358,49191
energy_1pct_only,20260730,180,360,49710
energy_1pct_only,20260730,181,362,49106
energy_1pct_only,20260730,182,364,49453
energy_1pct_only,20260730,183,366,49187
energy_1pct_only,20260730,184,368,49208
energy_1pct_only,20260730,185,370,49454
energy_1pct_only,20260730,186,372,49467
energy_1pct_only,20260730,187,374,49299
energy_1pct_only,20260730,188,376,49398
energy_1pct_only,20260730,189,378,49424
energy_1pct_only,20260730,190,380,48940
energy_1pct_only,20260730,191,382,49308
energy_1pct_only,20260730,192,384,48895
energy_1pct_only,20260730,193,386,49439
energy_1pct_only,20260730,194,388,49186
energy_1pct_only,20260730,195,390,49236
energy_1pct_only,20260730,196,392,49367
energy_1pct_only,20260730,197,394,49765
energy_1pct_only,20260730,198,396,49193
energy_1pct_only,20260730,199,398,49334
energy_1pct_only,20260730,200,400,49039
energy_1pct_only,20260730,201,402,49331
energy_1pct_only,20260730,202,404,48937
energy_1pct_only,20260730,203,406,48866
energy_1pct_only,20260730,204,408,48915
energy_1pct_only,20260730,205,410,49242
energy_1pct_only,20260730,206,412,49380
energy_1pct_only,20260730,207,414,49280
energy_1pct_only,20260730,208,416,49586
energy_1pct_only,20260730,209,418,49718
energy_1pct_only,20260730,210,420,49247
energy_1pct_only,20260730,211,422,49002
energy_1pct_only,20260730,212,424,49197
energy_1pct_only,20260730,213,426,49181
energy_1pct_only,20260730,214,428,49406
energy_1pct_only,20260730,215,430,49721
energy_1pct_only,20260730,216,432,49288
energy_1pct_only,20260730,217,434,49286
energy_1pct_only,20260730,218,436,49545
energy_1pct_only,20260730,219,438,49557
energy_1pct_only,20260730,220,440,49538
energy_1pct_only,20260730,221,442,49079
energy_1pct_only,20260730,222,444,49077
energy_1pct_only,20260730,223,446,48897
energy_1pct_only,20260730,224,448,49560
energy_1pct_only,20260730,225,450,49381
energy_1pct_only,20260730,226,452,49399
energy_1pct_only,20260730,227,454,49577
energy_1pct_only,20260730,228,456,49170
energy_1pct_only,20260730,229,458,49328
energy_1pct_only,20260730,230,460,48905
energy_1pct_only,20260730,231,462,49200
energy_1pct_only,20260730,232,464,49392
energy_1pct_only,20260730,233,466,49202
energy_1pct_only,20260730,234,468,49648
energy_1pct_only,20260730,235,470,49411
energy_1pct_only,20260730,236,472,49411
energy_1pct_only,20260730,237,474,49081
energy_1pct_only,20260730,238,476,49288
energy_1pct_only,20260730,239,478,49320
energy_1pct_only,20260730,240,480,49349
energy_1pct_only,20260730,241,482,49288
energy_1pct_only,20260730,242,484,49288
energy_1pct_only,20260730,243,486,49217
energy_1pct_only,20260730,244,488,49580
energy_1pct_only,20260730,245,490,49167
energy_1pct_only,20260730,246,492,49146
energy_1pct_only,20260730,247,494,49179
energy_1pct_only,20260730,248,496,49084
energy_1pct_only,20260730,249,498,49156
energy_1pct_only,20260730,250,500,49490
energy_1pct_only,20260730,251,502,49708
energy_1pct_only,20260730,252,504,49791
energy_1pct_only,20260730,253,506,49272
energy_1pct_only,20260730,254,508,49429
energy_1pct_only,20260730,255,510,49689
energy_1pct_only,20260730,256,512,49360
energy_1pct_only,20260730,257,514,49113
energy_1pct_only,20260730,258,516,49035
energy_1pct_only,20260730,259,518,49583
energy_1pct_only,20260730,260,520,49186
energy_1pct_only,20260730,261,522,49360
energy_1pct_only,20260730,262,524,49415
energy_1pct_only,20260730,263,526,49359
energy_1pct_only,20260730,264,528,49124
energy_1pct_only,20260730,265,530,49899
energy_1pct_only,20260730,266,532,49298
energy_1pct_only,20260730,267,534,49214
energy_1pct_only,20260730,268,536,49244
energy_1pct_only,20260730,269,538,49090
energy_1pct_only,20260730,270,540,49176
energy_1pct_only,20260730,271,542,48857
energy_1pct_only,20260730,272,544,49239
energy_1pct_only,20260730,273,546,49247
energy_1pct_only,20260730,274,548,49023
energy_1pct_only,20260730,275,550,49742
energy_1pct_only,20260730,276,552,49017
energy_1pct_only,20260730,277,554,48758
energy_1pct_only,20260730,278,556,49178
energy_1pct_only,20260730,279,558,48794
energy_1pct_only,20260730,280,560,49684
energy_1pct_only,20260730,281,562,49422
energy_1pct_only,20260730,282,564,49290
energy_1pct_only,20260730,283,566,48989
energy_1pct_only,20260730,284,568,49641
energy_1pct_only,20260730,285,570,49087
energy_1pct_only,20260730,286,572,49533
energy_1pct_only,20260730,287,574,49895
energy_1pct_only,20260730,288,576,48746
energy_1pct_only,20260730,289,578,49396
energy_1pct_only,20260730,290,580,48964
energy_1pct_only,20260730,291,582,49357
energy_1pct_only,20260730,292,584,49586
energy_1pct_only,20260730,293,586,49155
energy_1pct_only,20260730,294,588,49379
energy_1pct_only,20260730,295,590,49582
energy_1pct_only,20260730,296,592,49121
energy_1pct_only,20260730,297,594,49069
energy_1pct_only,20260730,298,596,49389
energy_1pct_only,20260730,299,598,48810
energy_1pct_only,20260730,300,600,49590
energy_1pct_only,20260730,301,602,49404
energy_1pct_only,20260730,302,604,49298
energy_1pct_only,20260730,303,606,49640
energy_1pct_only,20260730,304,608,49167
energy_1pct_only,20260730,305,610,49250
energy_1pct_only,20260730,306,612,49454
energy_1pct_only,20260730,307,614,49294
energy_1pct_only,20260730,308,616,49135
energy_1pct_only,20260730,309,618,49331
energy_1pct_only,20260730,310,620,49409
energy_1pct_only,20260730,311,622,49630
energy_1pct_only,20260730,312,624,49252
energy_1pct_only,20260730,313,626,49338
energy_1pct_only,20260730,314,628,49717
energy_1pct_only,20260730,315,630,49001
energy_1pct_only,20260730,316,632,48927
energy_1pct_only,20260730,317,634,49193
energy_1pct_only,20260730,318,636,49016
energy_1pct_only,20260730,319,638,49446
energy_1pct_only,20260730,320,640,49391
energy_1pct_only,20260730,321,642,49375
energy_1pct_only,20260730,322,644,49787
energy_1pct_only,20260730,323,646,49033
energy_1pct_only,20260730,324,648,49110
energy_1pct_only,20260730,325,650,49603
energy_1pct_only,20260730,326,652,49211
energy_1pct_only,20260730,327,654,49208
energy_1pct_only,20260730,328,656,49622
energy_1pct_only,20260730,329,658,49638
energy_1pct_only,20260730,330,660,48948
energy_1pct_only,20260730,331,662,49408
energy_1pct_only,20260730,332,664,49531
energy_1pct_only,20260730,333,666,49505
energy_1pct_only,20260730,334,668,49203
energy_1pct_only,20260730,335,670,49405
energy_1pct_only,20260730,336,672,49130
energy_1pct_only,20260730,337,674,48872
energy_1pct_only,20260730,338,676,49589
energy_1pct_only,20260730,339,678,49667
energy_1pct_only,20260730,340,680,49396
energy_1pct_only,20260730,341,682,49077
energy_1pct_only,20260730,342,684,49613
energy_1pct_only,20260730,343,686,49508
energy_1pct_only,20260730,344,688,49353
energy_1pct_only,20260730,345,690,49422
energy_1pct_only,20260730,346,692,49623
energy_1pct_only,20260730,347,694,49475
energy_1pct_only,20260730,348,696,49340
energy_1pct_only,20260730,349,698,49011
energy_1pct_only,20260730,350,700,49470
energy_1pct_only,20260730,351,702,49283
energy_1pct_only,20260730,352,704,49292
energy_1pct_only,20260730,353,706,49364
energy_1pct_only,20260730,354,708,49669
energy_1pct_only,20260730,355,710,48919
energy_1pct_only,20260730,356,712,49745
energy_1pct_only,20260730,357,714,49744
energy_1pct_only,20260730,358,716,49568
energy_1pct_only,20260730,359,718,49432
combined_0p2mm_1pct,20260730,0,0,47926
combined_0p2mm_1pct,20260730,1,2,48093
combined_0p2mm_1pct,20260730,2,4,48153
combined_0p2mm_1pct,20260730,3,6,47977
combined_0p2mm_1pct,20260730,4,8,48026
combined_0p2mm_1pct,20260730,5,10,47889
combined_0p2mm_1pct,20260730,6,12,48154
combined_0p2mm_1pct,20260730,7,14,48411
combined_0p2mm_1pct,20260730,8,16,48365
combined_0p2mm_1pct,20260730,9,18,48065
combined_0p2mm_1pct,20260730,10,20,48199
combined_0p2mm_1pct,20260730,11,22,48210
combined_0p2mm_1pct,20260730,12,24,48380
combined_0p2mm_1pct,20260730,13,26,48406
combined_0p2mm_1pct,20260730,14,28,48330
combined_0p2mm_1pct,20260730,15,30,48266
combined_0p2mm_1pct,20260730,16,32,48044
combined_0p2mm_1pct,20260730,17,34,48430
combined_0p2mm_1pct,20260730,18,36,48522
combined_0p2mm_1pct,20260730,19,38,48331
combined_0p2mm_1pct,20260730,20,40,48071
combined_0p2mm_1pct,20260730,21,42,48637
combined_0p2mm_1pct,20260730,22,44,48538
combined_0p2mm_1pct,20260730,23,46,48514
combined_0p2mm_1pct,20260730,24,48,48071
combined_0p2mm_1pct,20260730,25,50,47887
combined_0p2mm_1pct,20260730,26,52,47693
combined_0p2mm_1pct,20260730,27,54,48406
combined_0p2mm_1pct,20260730,28,56,48262
combined_0p2mm_1pct,20260730,29,58,48418
combined_0p2mm_1pct,20260730,30,60,48097
combined_0p2mm_1pct,20260730,31,62,48330
combined_0p2mm_1pct,20260730,32,64,48522
combined_0p2mm_1pct,20260730,33,66,48367
combined_0p2mm_1pct,20260730,34,68,48306
combined_0p2mm_1pct,20260730,35,70,48734
combined_0p2mm_1pct,20260730,36,72,47944
combined_0p2mm_1pct,20260730,37,74,48307
combined_0p2mm_1pct,20260730,38,76,48462
combined_0p2mm_1pct,20260730,39,78,48078
combined_0p2mm_1pct,20260730,40,80,48162
combined_0p2mm_1pct,20260730,41,82,48314
combined_0p2mm_1pct,20260730,42,84,48271
combined_0p2mm_1pct,20260730,43,86,48340
combined_0p2mm_1pct,20260730,44,88,48357
combined_0p2mm_1pct,20260730,45,90,48307
combined_0p2mm_1pct,20260730,46,92,48104
combined_0p2mm_1pct,20260730,47,94,47916
combined_0p2mm_1pct,20260730,48,96,47614
combined_0p2mm_1pct,20260730,49,98,48338
combined_0p2mm_1pct,20260730,50,100,48255
combined_0p2mm_1pct,20260730,51,102,47998
combined_0p2mm_1pct,20260730,52,104,48102
combined_0p2mm_1pct,20260730,53,106,48401
combined_0p2mm_1pct,20260730,54,108,47920
combined_0p2mm_1pct,20260730,55,110,48457
combined_0p2mm_1pct,20260730,56,112,48286
combined_0p2mm_1pct,20260730,57,114,48109
combined_0p2mm_1pct,20260730,58,116,48466
combined_0p2mm_1pct,20260730,59,118,47932
combined_0p2mm_1pct,20260730,60,120,48188
combined_0p2mm_1pct,20260730,61,122,47884
combined_0p2mm_1pct,20260730,62,124,48274
combined_0p2mm_1pct,20260730,63,126,47858
combined_0p2mm_1pct,20260730,64,128,48419
combined_0p2mm_1pct,20260730,65,130,48163
combined_0p2mm_1pct,20260730,66,132,48364
combined_0p2mm_1pct,20260730,67,134,48418
combined_0p2mm_1pct,20260730,68,136,48200
combined_0p2mm_1pct,20260730,69,138,48226
combined_0p2mm_1pct,20260730,70,140,48350
combined_0p2mm_1pct,20260730,71,142,47980
combined_0p2mm_1pct,20260730,72,144,47916
combined_0p2mm_1pct,20260730,73,146,47991
combined_0p2mm_1pct,20260730,74,148,48194
combined_0p2mm_1pct,20260730,75,150,48167
combined_0p2mm_1pct,20260730,76,152,47967
combined_0p2mm_1pct,20260730,77,154,47887
combined_0p2mm_1pct,20260730,78,156,48357
combined_0p2mm_1pct,20260730,79,158,48338
combined_0p2mm_1pct,20260730,80,160,48191
combined_0p2mm_1pct,20260730,81,162,47799
combined_0p2mm_1pct,20260730,82,164,48147
combined_0p2mm_1pct,20260730,83,166,48318
combined_0p2mm_1pct,20260730,84,168,48392
combined_0p2mm_1pct,20260730,85,170,48043
combined_0p2mm_1pct,20260730,86,172,47924
combined_0p2mm_1pct,20260730,87,174,48281
combined_0p2mm_1pct,20260730,88,176,48102
combined_0p2mm_1pct,20260730,89,178,47974
combined_0p2mm_1pct,20260730,90,180,48079
combined_0p2mm_1pct,20260730,91,182,48039
combined_0p2mm_1pct,20260730,92,184,48282
combined_0p2mm_1pct,20260730,93,186,48011
combined_0p2mm_1pct,20260730,94,188,48486
combined_0p2mm_1pct,20260730,95,190,48436
combined_0p2mm_1pct,20260730,96,192,48157
combined_0p2mm_1pct,20260730,97,194,48121
combined_0p2mm_1pct,20260730,98,196,48087
combined_0p2mm_1pct,20260730,99,198,47775
combined_0p2mm_1pct,20260730,100,200,48027
combined_0p2mm_1pct,20260730,101,202,48249
combined_0p2mm_1pct,20260730,102,204,48068
combined_0p2mm_1pct,20260730,103,206,48066
combined_0p2mm_1pct,20260730,104,208,48028
combined_0p2mm_1pct,20260730,105,210,48213
combined_0p2mm_1pct,20260730,106,212,47998
combined_0p2mm_1pct,20260730,107,214,48388
combined_0p2mm_1pct,20260730,108,216,48099
combined_0p2mm_1pct,20260730,109,218,48000
combined_0p2mm_1pct,20260730,110,220,48089
combined_0p2mm_1pct,20260730,111,222,48067
combined_0p2mm_1pct,20260730,112,224,48147
combined_0p2mm_1pct,20260730,113,226,48100
combined_0p2mm_1pct,20260730,114,228,48566
combined_0p2mm_1pct,20260730,115,230,47885
combined_0p2mm_1pct,20260730,116,232,48365
combined_0p2mm_1pct,20260730,117,234,48315
combined_0p2mm_1pct,20260730,118,236,48110
combined_0p2mm_1pct,20260730,119,238,47829
combined_0p2mm_1pct,20260730,120,240,48138
combined_0p2mm_1pct,20260730,121,242,48089
combined_0p2mm_1pct,20260730,122,244,48399
combined_0p2mm_1pct,20260730,123,246,48518
combined_0p2mm_1pct,20260730,124,248,48415
combined_0p2mm_1pct,20260730,125,250,48306
combined_0p2mm_1pct,20260730,126,252,48282
combined_0p2mm_1pct,20260730,127,254,48153
combined_0p2mm_1pct,20260730,128,256,48194
combined_0p2mm_1pct,20260730,129,258,48279
combined_0p2mm_1pct,20260730,130,260,48144
combined_0p2mm_1pct,20260730,131,262,47920
combined_0p2mm_1pct,20260730,132,264,48397
combined_0p2mm_1pct,20260730,133,266,48193
combined_0p2mm_1pct,20260730,134,268,48047
combined_0p2mm_1pct,20260730,135,270,48523
combined_0p2mm_1pct,20260730,136,272,48758
combined_0p2mm_1pct,20260730,137,274,48360
combined_0p2mm_1pct,20260730,138,276,48142
combined_0p2mm_1pct,20260730,139,278,48235
combined_0p2mm_1pct,20260730,140,280,48257
combined_0p2mm_1pct,20260730,141,282,48466
combined_0p2mm_1pct,20260730,142,284,48493
combined_0p2mm_1pct,20260730,143,286,48006
combined_0p2mm_1pct,20260730,144,288,48043
combined_0p2mm_1pct,20260730,145,290,48018
combined_0p2mm_1pct,20260730,146,292,47870
combined_0p2mm_1pct,20260730,147,294,48311
combined_0p2mm_1pct,20260730,148,296,48331
combined_0p2mm_1pct,20260730,149,298,47923
combined_0p2mm_1pct,20260730,150,300,47776
combined_0p2mm_1pct,20260730,151,302,48396
combined_0p2mm_1pct,20260730,152,304,47957
combined_0p2mm_1pct,20260730,153,306,48147
combined_0p2mm_1pct,20260730,154,308,47973
combined_0p2mm_1pct,20260730,155,310,47852
combined_0p2mm_1pct,20260730,156,312,48601
combined_0p2mm_1pct,20260730,157,314,48296
combined_0p2mm_1pct,20260730,158,316,48044
combined_0p2mm_1pct,20260730,159,318,48129
combined_0p2mm_1pct,20260730,160,320,48270
combined_0p2mm_1pct,20260730,161,322,48432
combined_0p2mm_1pct,20260730,162,324,48332
combined_0p2mm_1pct,20260730,163,326,47916
combined_0p2mm_1pct,20260730,164,328,47991
combined_0p2mm_1pct,20260730,165,330,48397
combined_0p2mm_1pct,20260730,166,332,48378
combined_0p2mm_1pct,20260730,167,334,48537
combined_0p2mm_1pct,20260730,168,336,48151
combined_0p2mm_1pct,20260730,169,338,48129
combined_0p2mm_1pct,20260730,170,340,48352
combined_0p2mm_1pct,20260730,171,342,48160
combined_0p2mm_1pct,20260730,172,344,47871
combined_0p2mm_1pct,20260730,173,346,48260
combined_0p2mm_1pct,20260730,174,348,47923
combined_0p2mm_1pct,20260730,175,350,48200
combined_0p2mm_1pct,20260730,176,352,48206
combined_0p2mm_1pct,20260730,177,354,48343
combined_0p2mm_1pct,20260730,178,356,48325
combined_0p2mm_1pct,20260730,179,358,48042
combined_0p2mm_1pct,20260730,180,360,48559
combined_0p2mm_1pct,20260730,181,362,48017
combined_0p2mm_1pct,20260730,182,364,48336
combined_0p2mm_1pct,20260730,183,366,48021
combined_0p2mm_1pct,20260730,184,368,48195
combined_0p2mm_1pct,20260730,185,370,48332
combined_0p2mm_1pct,20260730,186,372,48350
combined_0p2mm_1pct,20260730,187,374,48199
combined_0p2mm_1pct,20260730,188,376,48235
combined_0p2mm_1pct,20260730,189,378,48247
combined_0p2mm_1pct,20260730,190,380,47872
combined_0p2mm_1pct,20260730,191,382,48112
combined_0p2mm_1pct,20260730,192,384,47830
combined_0p2mm_1pct,20260730,193,386,48304
combined_0p2mm_1pct,20260730,194,388,48007
combined_0p2mm_1pct,20260730,195,390,48065
combined_0p2mm_1pct,20260730,196,392,48151
combined_0p2mm_1pct,20260730,197,394,48599
combined_0p2mm_1pct,20260730,198,396,48212
combined_0p2mm_1pct,20260730,199,398,48116
combined_0p2mm_1pct,20260730,200,400,47845
combined_0p2mm_1pct,20260730,201,402,48312
combined_0p2mm_1pct,20260730,202,404,47924
combined_0p2mm_1pct,20260730,203,406,47679
combined_0p2mm_1pct,20260730,204,408,47824
combined_0p2mm_1pct,20260730,205,410,48157
combined_0p2mm_1pct,20260730,206,412,48150
combined_0p2mm_1pct,20260730,207,414,48198
combined_0p2mm_1pct,20260730,208,416,48503
combined_0p2mm_1pct,20260730,209,418,48530
combined_0p2mm_1pct,20260730,210,420,48179
combined_0p2mm_1pct,20260730,211,422,48001
combined_0p2mm_1pct,20260730,212,424,48202
combined_0p2mm_1pct,20260730,213,426,48166
combined_0p2mm_1pct,20260730,214,428,48349
combined_0p2mm_1pct,20260730,215,430,48597
combined_0p2mm_1pct,20260730,216,432,48157
combined_0p2mm_1pct,20260730,217,434,48143
combined_0p2mm_1pct,20260730,218,436,48506
combined_0p2mm_1pct,20260730,219,438,48487
combined_0p2mm_1pct,20260730,220,440,48369
combined_0p2mm_1pct,20260730,221,442,48041
combined_0p2mm_1pct,20260730,222,444,47965
combined_0p2mm_1pct,20260730,223,446,47841
combined_0p2mm_1pct,20260730,224,448,48383
combined_0p2mm_1pct,20260730,225,450,48199
combined_0p2mm_1pct,20260730,226,452,48349
combined_0p2mm_1pct,20260730,227,454,48538
combined_0p2mm_1pct,20260730,228,456,48052
combined_0p2mm_1pct,20260730,229,458,48191
combined_0p2mm_1pct,20260730,230,460,47776
combined_0p2mm_1pct,20260730,231,462,48094
combined_0p2mm_1pct,20260730,232,464,48238
combined_0p2mm_1pct,20260730,233,466,48066
combined_0p2mm_1pct,20260730,234,468,48496
combined_0p2mm_1pct,20260730,235,470,48148
combined_0p2mm_1pct,20260730,236,472,48180
combined_0p2mm_1pct,20260730,237,474,47812
combined_0p2mm_1pct,20260730,238,476,48128
combined_0p2mm_1pct,20260730,239,478,48187
combined_0p2mm_1pct,20260730,240,480,48238
combined_0p2mm_1pct,20260730,241,482,48190
combined_0p2mm_1pct,20260730,242,484,48181
combined_0p2mm_1pct,20260730,243,486,48132
combined_0p2mm_1pct,20260730,244,488,48495
combined_0p2mm_1pct,20260730,245,490,48010
combined_0p2mm_1pct,20260730,246,492,48123
combined_0p2mm_1pct,20260730,247,494,48029
combined_0p2mm_1pct,20260730,248,496,47996
combined_0p2mm_1pct,20260730,249,498,47983
combined_0p2mm_1pct,20260730,250,500,48300
combined_0p2mm_1pct,20260730,251,502,48519
combined_0p2mm_1pct,20260730,252,504,48670
combined_0p2mm_1pct,20260730,253,506,48121
combined_0p2mm_1pct,20260730,254,508,48414
combined_0p2mm_1pct,20260730,255,510,48474
combined_0p2mm_1pct,20260730,256,512,48196
combined_0p2mm_1pct,20260730,257,514,48043
combined_0p2mm_1pct,20260730,258,516,47962
combined_0p2mm_1pct,20260730,259,518,48368
combined_0p2mm_1pct,20260730,260,520,48184
combined_0p2mm_1pct,20260730,261,522,48181
combined_0p2mm_1pct,20260730,262,524,48254
combined_0p2mm_1pct,20260730,263,526,48313
combined_0p2mm_1pct,20260730,264,528,48024
combined_0p2mm_1pct,20260730,265,530,48773
combined_0p2mm_1pct,20260730,266,532,48148
combined_0p2mm_1pct,20260730,267,534,48014
combined_0p2mm_1pct,20260730,268,536,48223
combined_0p2mm_1pct,20260730,269,538,48106
combined_0p2mm_1pct,20260730,270,540,48051
combined_0p2mm_1pct,20260730,271,542,47770
combined_0p2mm_1pct,20260730,272,544,48117
combined_0p2mm_1pct,20260730,273,546,48201
combined_0p2mm_1pct,20260730,274,548,47890
combined_0p2mm_1pct,20260730,275,550,48725
combined_0p2mm_1pct,20260730,276,552,47966
combined_0p2mm_1pct,20260730,277,554,47774
combined_0p2mm_1pct,20260730,278,556,48174
combined_0p2mm_1pct,20260730,279,558,47536
combined_0p2mm_1pct,20260730,280,560,48540
combined_0p2mm_1pct,20260730,281,562,48401
combined_0p2mm_1pct,20260730,282,564,48082
combined_0p2mm_1pct,20260730,283,566,47948
combined_0p2mm_1pct,20260730,284,568,48516
combined_0p2mm_1pct,20260730,285,570,48114
combined_0p2mm_1pct,20260730,286,572,48352
combined_0p2mm_1pct,20260730,287,574,48897
combined_0p2mm_1pct,20260730,288,576,47606
combined_0p2mm_1pct,20260730,289,578,48198
combined_0p2mm_1pct,20260730,290,580,47915
combined_0p2mm_1pct,20260730,291,582,48243
combined_0p2mm_1pct,20260730,292,584,48515
combined_0p2mm_1pct,20260730,293,586,48141
combined_0p2mm_1pct,20260730,294,588,48257
combined_0p2mm_1pct,20260730,295,590,48529
combined_0p2mm_1pct,20260730,296,592,48077
combined_0p2mm_1pct,20260730,297,594,47950
combined_0p2mm_1pct,20260730,298,596,48307
combined_0p2mm_1pct,20260730,299,598,47779
combined_0p2mm_1pct,20260730,300,600,48493
combined_0p2mm_1pct,20260730,301,602,48216
combined_0p2mm_1pct,20260730,302,604,48044
combined_0p2mm_1pct,20260730,303,606,48542
combined_0p2mm_1pct,20260730,304,608,48053
combined_0p2mm_1pct,20260730,305,610,48176
combined_0p2mm_1pct,20260730,306,612,48387
combined_0p2mm_1pct,20260730,307,614,48094
combined_0p2mm_1pct,20260730,308,616,47999
combined_0p2mm_1pct,20260730,309,618,48145
combined_0p2mm_1pct,20260730,310,620,48088
combined_0p2mm_1pct,20260730,311,622,48545
combined_0p2mm_1pct,20260730,312,624,48110
combined_0p2mm_1pct,20260730,313,626,48430
combined_0p2mm_1pct,20260730,314,628,48658
combined_0p2mm_1pct,20260730,315,630,47975
combined_0p2mm_1pct,20260730,316,632,47786
combined_0p2mm_1pct,20260730,317,634,48099
combined_0p2mm_1pct,20260730,318,636,47924
combined_0p2mm_1pct,20260730,319,638,48418
combined_0p2mm_1pct,20260730,320,640,48344
combined_0p2mm_1pct,20260730,321,642,48232
combined_0p2mm_1pct,20260730,322,644,48622
combined_0p2mm_1pct,20260730,323,646,47868
combined_0p2mm_1pct,20260730,324,648,48025
combined_0p2mm_1pct,20260730,325,650,48614
combined_0p2mm_1pct,20260730,326,652,48022
combined_0p2mm_1pct,20260730,327,654,48008
combined_0p2mm_1pct,20260730,328,656,48502
combined_0p2mm_1pct,20260730,329,658,48482
combined_0p2mm_1pct,20260730,330,660,47894
combined_0p2mm_1pct,20260730,331,662,48257
combined_0p2mm_1pct,20260730,332,664,48450
combined_0p2mm_1pct,20260730,333,666,48327
combined_0p2mm_1pct,20260730,334,668,48062
combined_0p2mm_1pct,20260730,335,670,48196
combined_0p2mm_1pct,20260730,336,672,48036
combined_0p2mm_1pct,20260730,337,674,47822
combined_0p2mm_1pct,20260730,338,676,48544
combined_0p2mm_1pct,20260730,339,678,48509
combined_0p2mm_1pct,20260730,340,680,48233
combined_0p2mm_1pct,20260730,341,682,47931
combined_0p2mm_1pct,20260730,342,684,48497
combined_0p2mm_1pct,20260730,343,686,48352
combined_0p2mm_1pct,20260730,344,688,48227
combined_0p2mm_1pct,20260730,345,690,48298
combined_0p2mm_1pct,20260730,346,692,48453
combined_0p2mm_1pct,20260730,347,694,48276
combined_0p2mm_1pct,20260730,348,696,48118
combined_0p2mm_1pct,20260730,349,698,47724
combined_0p2mm_1pct,20260730,350,700,48324
combined_0p2mm_1pct,20260730,351,702,48130
combined_0p2mm_1pct,20260730,352,704,48175
combined_0p2mm_1pct,20260730,353,706,48202
combined_0p2mm_1pct,20260730,354,708,48560
combined_0p2mm_1pct,20260730,355,710,47818
combined_0p2mm_1pct,20260730,356,712,48619
combined_0p2mm_1pct,20260730,357,714,48643
combined_0p2mm_1pct,20260730,358,716,48574
combined_0p2mm_1pct,20260730,359,718,48270
position_0p2mm,20260731,0,0,51285
position_0p2mm,20260731,1,2,51261
position_0p2mm,20260731,2,4,51501
position_0p2mm,20260731,3,6,51310
position_0p2mm,20260731,4,8,51557
position_0p2mm,20260731,5,10,51469
position_0p2mm,20260731,6,12,51578
position_0p2mm,20260731,7,14,51844
position_0p2mm,20260731,8,16,51563
position_0p2mm,20260731,9,18,51537
position_0p2mm,20260731,10,20,51499
position_0p2mm,20260731,11,22,51567
position_0p2mm,20260731,12,24,51564
position_0p2mm,20260731,13,26,51815
position_0p2mm,20260731,14,28,51573
position_0p2mm,20260731,15,30,51832
position_0p2mm,20260731,16,32,51220
position_0p2mm,20260731,17,34,51787
position_0p2mm,20260731,18,36,51805
position_0p2mm,20260731,19,38,51449
position_0p2mm,20260731,20,40,51643
position_0p2mm,20260731,21,42,52028
position_0p2mm,20260731,22,44,51875
position_0p2mm,20260731,23,46,51955
position_0p2mm,20260731,24,48,51426
position_0p2mm,20260731,25,50,51400
position_0p2mm,20260731,26,52,50910
position_0p2mm,20260731,27,54,51633
position_0p2mm,20260731,28,56,51261
position_0p2mm,20260731,29,58,51732
position_0p2mm,20260731,30,60,51692
position_0p2mm,20260731,31,62,51618
position_0p2mm,20260731,32,64,51721
position_0p2mm,20260731,33,66,51818
position_0p2mm,20260731,34,68,51410
position_0p2mm,20260731,35,70,51868
position_0p2mm,20260731,36,72,51271
position_0p2mm,20260731,37,74,51404
position_0p2mm,20260731,38,76,51784
position_0p2mm,20260731,39,78,51594
position_0p2mm,20260731,40,80,51306
position_0p2mm,20260731,41,82,51852
position_0p2mm,20260731,42,84,51286
position_0p2mm,20260731,43,86,51501
position_0p2mm,20260731,44,88,51508
position_0p2mm,20260731,45,90,51673
position_0p2mm,20260731,46,92,51743
position_0p2mm,20260731,47,94,51212
position_0p2mm,20260731,48,96,51224
position_0p2mm,20260731,49,98,51521
position_0p2mm,20260731,50,100,51654
position_0p2mm,20260731,51,102,51255
position_0p2mm,20260731,52,104,51401
position_0p2mm,20260731,53,106,51681
position_0p2mm,20260731,54,108,51576
position_0p2mm,20260731,55,110,51673
position_0p2mm,20260731,56,112,51600
position_0p2mm,20260731,57,114,51104
position_0p2mm,20260731,58,116,51597
position_0p2mm,20260731,59,118,51414
position_0p2mm,20260731,60,120,51620
position_0p2mm,20260731,61,122,51449
position_0p2mm,20260731,62,124,51610
position_0p2mm,20260731,63,126,51385
position_0p2mm,20260731,64,128,51614
position_0p2mm,20260731,65,130,51453
position_0p2mm,20260731,66,132,51643
position_0p2mm,20260731,67,134,51864
position_0p2mm,20260731,68,136,51417
position_0p2mm,20260731,69,138,51691
position_0p2mm,20260731,70,140,51528
position_0p2mm,20260731,71,142,51101
position_0p2mm,20260731,72,144,51344
position_0p2mm,20260731,73,146,51426
position_0p2mm,20260731,74,148,51510
position_0p2mm,20260731,75,150,51293
position_0p2mm,20260731,76,152,51356
position_0p2mm,20260731,77,154,51487
position_0p2mm,20260731,78,156,51357
position_0p2mm,20260731,79,158,51872
position_0p2mm,20260731,80,160,51697
position_0p2mm,20260731,81,162,51313
position_0p2mm,20260731,82,164,51593
position_0p2mm,20260731,83,166,51427
position_0p2mm,20260731,84,168,51847
position_0p2mm,20260731,85,170,51362
position_0p2mm,20260731,86,172,51086
position_0p2mm,20260731,87,174,51477
position_0p2mm,20260731,88,176,51636
position_0p2mm,20260731,89,178,51586
position_0p2mm,20260731,90,180,51416
position_0p2mm,20260731,91,182,51393
position_0p2mm,20260731,92,184,51773
position_0p2mm,20260731,93,186,51575
position_0p2mm,20260731,94,188,51703
position_0p2mm,20260731,95,190,51795
position_0p2mm,20260731,96,192,51504
position_0p2mm,20260731,97,194,51281
position_0p2mm,20260731,98,196,51486
position_0p2mm,20260731,99,198,51190
position_0p2mm,20260731,100,200,51470
position_0p2mm,20260731,101,202,51529
position_0p2mm,20260731,102,204,51301
position_0p2mm,20260731,103,206,51354
position_0p2mm,20260731,104,208,51406
position_0p2mm,20260731,105,210,51519
position_0p2mm,20260731,106,212,51614
position_0p2mm,20260731,107,214,51215
position_0p2mm,20260731,108,216,51269
position_0p2mm,20260731,109,218,51412
position_0p2mm,20260731,110,220,51675
position_0p2mm,20260731,111,222,51306
position_0p2mm,20260731,112,224,51736
position_0p2mm,20260731,113,226,51338
position_0p2mm,20260731,114,228,51915
position_0p2mm,20260731,115,230,51400
position_0p2mm,20260731,116,232,51995
position_0p2mm,20260731,117,234,51480
position_0p2mm,20260731,118,236,51147
position_0p2mm,20260731,119,238,51168
position_0p2mm,20260731,120,240,51228
position_0p2mm,20260731,121,242,51400
position_0p2mm,20260731,122,244,51730
position_0p2mm,20260731,123,246,51746
position_0p2mm,20260731,124,248,51642
position_0p2mm,20260731,125,250,51298
position_0p2mm,20260731,126,252,51654
position_0p2mm,20260731,127,254,51375
position_0p2mm,20260731,128,256,51430
position_0p2mm,20260731,129,258,51639
position_0p2mm,20260731,130,260,51527
position_0p2mm,20260731,131,262,51129
position_0p2mm,20260731,132,264,51773
position_0p2mm,20260731,133,266,51553
position_0p2mm,20260731,134,268,51608
position_0p2mm,20260731,135,270,51638
position_0p2mm,20260731,136,272,51960
position_0p2mm,20260731,137,274,51365
position_0p2mm,20260731,138,276,51567
position_0p2mm,20260731,139,278,51546
position_0p2mm,20260731,140,280,51507
position_0p2mm,20260731,141,282,51485
position_0p2mm,20260731,142,284,51541
position_0p2mm,20260731,143,286,51285
position_0p2mm,20260731,144,288,51553
position_0p2mm,20260731,145,290,51776
position_0p2mm,20260731,146,292,51199
position_0p2mm,20260731,147,294,51711
position_0p2mm,20260731,148,296,51694
position_0p2mm,20260731,149,298,51434
position_0p2mm,20260731,150,300,51373
position_0p2mm,20260731,151,302,51657
position_0p2mm,20260731,152,304,51367
position_0p2mm,20260731,153,306,51229
position_0p2mm,20260731,154,308,51487
position_0p2mm,20260731,155,310,50982
position_0p2mm,20260731,156,312,51952
position_0p2mm,20260731,157,314,51839
position_0p2mm,20260731,158,316,51698
position_0p2mm,20260731,159,318,51343
position_0p2mm,20260731,160,320,51264
position_0p2mm,20260731,161,322,52042
position_0p2mm,20260731,162,324,51733
position_0p2mm,20260731,163,326,51180
position_0p2mm,20260731,164,328,51764
position_0p2mm,20260731,165,330,52071
position_0p2mm,20260731,166,332,51728
position_0p2mm,20260731,167,334,51888
position_0p2mm,20260731,168,336,51405
position_0p2mm,20260731,169,338,51494
position_0p2mm,20260731,170,340,51756
position_0p2mm,20260731,171,342,51457
position_0p2mm,20260731,172,344,51125
position_0p2mm,20260731,173,346,51448
position_0p2mm,20260731,174,348,51516
position_0p2mm,20260731,175,350,51332
position_0p2mm,20260731,176,352,51540
position_0p2mm,20260731,177,354,51647
position_0p2mm,20260731,178,356,51379
position_0p2mm,20260731,179,358,51549
position_0p2mm,20260731,180,360,51968
position_0p2mm,20260731,181,362,51154
position_0p2mm,20260731,182,364,51263
position_0p2mm,20260731,183,366,51142
position_0p2mm,20260731,184,368,51649
position_0p2mm,20260731,185,370,51829
position_0p2mm,20260731,186,372,51812
position_0p2mm,20260731,187,374,51512
position_0p2mm,20260731,188,376,51573
position_0p2mm,20260731,189,378,51118
position_0p2mm,20260731,190,380,51223
position_0p2mm,20260731,191,382,51680
position_0p2mm,20260731,192,384,51405
position_0p2mm,20260731,193,386,51773
position_0p2mm,20260731,194,388,51353
position_0p2mm,20260731,195,390,51531
position_0p2mm,20260731,196,392,51226
position_0p2mm,20260731,197,394,51794
position_0p2mm,20260731,198,396,51647
position_0p2mm,20260731,199,398,51477
position_0p2mm,20260731,200,400,51200
position_0p2mm,20260731,201,402,51848
position_0p2mm,20260731,202,404,50905
position_0p2mm,20260731,203,406,51053
position_0p2mm,20260731,204,408,50993
position_0p2mm,20260731,205,410,51391
position_0p2mm,20260731,206,412,51510
position_0p2mm,20260731,207,414,51751
position_0p2mm,20260731,208,416,51613
position_0p2mm,20260731,209,418,51883
position_0p2mm,20260731,210,420,51506
position_0p2mm,20260731,211,422,51146
position_0p2mm,20260731,212,424,51348
position_0p2mm,20260731,213,426,51297
position_0p2mm,20260731,214,428,51679
position_0p2mm,20260731,215,430,51941
position_0p2mm,20260731,216,432,51645
position_0p2mm,20260731,217,434,51516
position_0p2mm,20260731,218,436,52054
position_0p2mm,20260731,219,438,51973
position_0p2mm,20260731,220,440,51831
position_0p2mm,20260731,221,442,51364
position_0p2mm,20260731,222,444,51242
position_0p2mm,20260731,223,446,51220
position_0p2mm,20260731,224,448,51608
position_0p2mm,20260731,225,450,51601
position_0p2mm,20260731,226,452,51776
position_0p2mm,20260731,227,454,51726
position_0p2mm,20260731,228,456,51375
position_0p2mm,20260731,229,458,51703
position_0p2mm,20260731,230,460,50730
position_0p2mm,20260731,231,462,51633
position_0p2mm,20260731,232,464,51896
position_0p2mm,20260731,233,466,51374
position_0p2mm,20260731,234,468,51705
position_0p2mm,20260731,235,470,51642
position_0p2mm,20260731,236,472,51223
position_0p2mm,20260731,237,474,51194
position_0p2mm,20260731,238,476,51471
position_0p2mm,20260731,239,478,51759
position_0p2mm,20260731,240,480,51425
position_0p2mm,20260731,241,482,51466
position_0p2mm,20260731,242,484,51566
position_0p2mm,20260731,243,486,51662
position_0p2mm,20260731,244,488,51673
position_0p2mm,20260731,245,490,51376
position_0p2mm,20260731,246,492,51312
position_0p2mm,20260731,247,494,51424
position_0p2mm,20260731,248,496,51315
position_0p2mm,20260731,249,498,51638
position_0p2mm,20260731,250,500,51483
position_0p2mm,20260731,251,502,51799
position_0p2mm,20260731,252,504,51995
position_0p2mm,20260731,253,506,51506
position_0p2mm,20260731,254,508,51713
position_0p2mm,20260731,255,510,51629
position_0p2mm,20260731,256,512,51394
position_0p2mm,20260731,257,514,51600
position_0p2mm,20260731,258,516,51165
position_0p2mm,20260731,259,518,51755
position_0p2mm,20260731,260,520,51454
position_0p2mm,20260731,261,522,51575
position_0p2mm,20260731,262,524,51555
position_0p2mm,20260731,263,526,51919
position_0p2mm,20260731,264,528,51414
position_0p2mm,20260731,265,530,52198
position_0p2mm,20260731,266,532,51395
position_0p2mm,20260731,267,534,51687
position_0p2mm,20260731,268,536,51526
position_0p2mm,20260731,269,538,51763
position_0p2mm,20260731,270,540,51227
position_0p2mm,20260731,271,542,51147
position_0p2mm,20260731,272,544,51243
position_0p2mm,20260731,273,546,51666
position_0p2mm,20260731,274,548,51470
position_0p2mm,20260731,275,550,51719
position_0p2mm,20260731,276,552,51632
position_0p2mm,20260731,277,554,51282
position_0p2mm,20260731,278,556,51544
position_0p2mm,20260731,279,558,51146
position_0p2mm,20260731,280,560,51806
position_0p2mm,20260731,281,562,51288
position_0p2mm,20260731,282,564,51584
position_0p2mm,20260731,283,566,51252
position_0p2mm,20260731,284,568,51698
position_0p2mm,20260731,285,570,51303
position_0p2mm,20260731,286,572,51529
position_0p2mm,20260731,287,574,52196
position_0p2mm,20260731,288,576,51084
position_0p2mm,20260731,289,578,51328
position_0p2mm,20260731,290,580,51247
position_0p2mm,20260731,291,582,51466
position_0p2mm,20260731,292,584,51918
position_0p2mm,20260731,293,586,51398
position_0p2mm,20260731,294,588,51353
position_0p2mm,20260731,295,590,51733
position_0p2mm,20260731,296,592,51485
position_0p2mm,20260731,297,594,51156
position_0p2mm,20260731,298,596,51469
position_0p2mm,20260731,299,598,50984
position_0p2mm,20260731,300,600,51727
position_0p2mm,20260731,301,602,51986
position_0p2mm,20260731,302,604,51461
position_0p2mm,20260731,303,606,51878
position_0p2mm,20260731,304,608,51398
position_0p2mm,20260731,305,610,51917
position_0p2mm,20260731,306,612,51648
position_0p2mm,20260731,307,614,51411
position_0p2mm,20260731,308,616,51405
position_0p2mm,20260731,309,618,51176
position_0p2mm,20260731,310,620,51717
position_0p2mm,20260731,311,622,51520
position_0p2mm,20260731,312,624,51416
position_0p2mm,20260731,313,626,51867
position_0p2mm,20260731,314,628,51669
position_0p2mm,20260731,315,630,51027
position_0p2mm,20260731,316,632,51423
position_0p2mm,20260731,317,634,51501
position_0p2mm,20260731,318,636,51091
position_0p2mm,20260731,319,638,51665
position_0p2mm,20260731,320,640,51580
position_0p2mm,20260731,321,642,51534
position_0p2mm,20260731,322,644,51658
position_0p2mm,20260731,323,646,51303
position_0p2mm,20260731,324,648,51509
position_0p2mm,20260731,325,650,51586
position_0p2mm,20260731,326,652,51244
position_0p2mm,20260731,327,654,51288
position_0p2mm,20260731,328,656,51637
position_0p2mm,20260731,329,658,51922
position_0p2mm,20260731,330,660,51414
position_0p2mm,20260731,331,662,51622
position_0p2mm,20260731,332,664,51627
position_0p2mm,20260731,333,666,51434
position_0p2mm,20260731,334,668,51477
position_0p2mm,20260731,335,670,51636
position_0p2mm,20260731,336,672,51463
position_0p2mm,20260731,337,674,51442
position_0p2mm,20260731,338,676,51636
position_0p2mm,20260731,339,678,51568
position_0p2mm,20260731,340,680,51528
position_0p2mm,20260731,341,682,51024
position_0p2mm,20260731,342,684,51741
position_0p2mm,20260731,343,686,51870
position_0p2mm,20260731,344,688,51068
position_0p2mm,20260731,345,690,51035
position_0p2mm,20260731,346,692,51949
position_0p2mm,20260731,347,694,51813
position_0p2mm,20260731,348,696,51481
position_0p2mm,20260731,349,698,50913
position_0p2mm,20260731,350,700,51488
position_0p2mm,20260731,351,702,51397
position_0p2mm,20260731,352,704,51482
position_0p2mm,20260731,353,706,51502
position_0p2mm,20260731,354,708,51670
position_0p2mm,20260731,355,710,51154
position_0p2mm,20260731,356,712,52023
position_0p2mm,20260731,357,714,51980
position_0p2mm,20260731,358,716,51799
position_0p2mm,20260731,359,718,51824
combined_0p2mm_1pct,20260731,0,0,47981
combined_0p2mm_1pct,20260731,1,2,48044
combined_0p2mm_1pct,20260731,2,4,48095
combined_0p2mm_1pct,20260731,3,6,47921
combined_0p2mm_1pct,20260731,4,8,48259
combined_0p2mm_1pct,20260731,5,10,48145
combined_0p2mm_1pct,20260731,6,12,48227
combined_0p2mm_1pct,20260731,7,14,48442
combined_0p2mm_1pct,20260731,8,16,48254
combined_0p2mm_1pct,20260731,9,18,48229
combined_0p2mm_1pct,20260731,10,20,48174
combined_0p2mm_1pct,20260731,11,22,48230
combined_0p2mm_1pct,20260731,12,24,48221
combined_0p2mm_1pct,20260731,13,26,48441
combined_0p2mm_1pct,20260731,14,28,48254
combined_0p2mm_1pct,20260731,15,30,48330
combined_0p2mm_1pct,20260731,16,32,48016
combined_0p2mm_1pct,20260731,17,34,48408
combined_0p2mm_1pct,20260731,18,36,48492
combined_0p2mm_1pct,20260731,19,38,48123
combined_0p2mm_1pct,20260731,20,40,48338
combined_0p2mm_1pct,20260731,21,42,48655
combined_0p2mm_1pct,20260731,22,44,48580
combined_0p2mm_1pct,20260731,23,46,48591
combined_0p2mm_1pct,20260731,24,48,48150
combined_0p2mm_1pct,20260731,25,50,48070
combined_0p2mm_1pct,20260731,26,52,47644
combined_0p2mm_1pct,20260731,27,54,48333
combined_0p2mm_1pct,20260731,28,56,47956
combined_0p2mm_1pct,20260731,29,58,48434
combined_0p2mm_1pct,20260731,30,60,48285
combined_0p2mm_1pct,20260731,31,62,48215
combined_0p2mm_1pct,20260731,32,64,48379
combined_0p2mm_1pct,20260731,33,66,48511
combined_0p2mm_1pct,20260731,34,68,48098
combined_0p2mm_1pct,20260731,35,70,48522
combined_0p2mm_1pct,20260731,36,72,48068
combined_0p2mm_1pct,20260731,37,74,48043
combined_0p2mm_1pct,20260731,38,76,48451
combined_0p2mm_1pct,20260731,39,78,48390
combined_0p2mm_1pct,20260731,40,80,47922
combined_0p2mm_1pct,20260731,41,82,48397
combined_0p2mm_1pct,20260731,42,84,47953
combined_0p2mm_1pct,20260731,43,86,48216
combined_0p2mm_1pct,20260731,44,88,48177
combined_0p2mm_1pct,20260731,45,90,48253
combined_0p2mm_1pct,20260731,46,92,48347
combined_0p2mm_1pct,20260731,47,94,47796
combined_0p2mm_1pct,20260731,48,96,47861
combined_0p2mm_1pct,20260731,49,98,48157
combined_0p2mm_1pct,20260731,50,100,48254
combined_0p2mm_1pct,20260731,51,102,48046
combined_0p2mm_1pct,20260731,52,104,47961
combined_0p2mm_1pct,20260731,53,106,48306
combined_0p2mm_1pct,20260731,54,108,48217
combined_0p2mm_1pct,20260731,55,110,48237
combined_0p2mm_1pct,20260731,56,112,48247
combined_0p2mm_1pct,20260731,57,114,47816
combined_0p2mm_1pct,20260731,58,116,48265
combined_0p2mm_1pct,20260731,59,118,48109
combined_0p2mm_1pct,20260731,60,120,48298
combined_0p2mm_1pct,20260731,61,122,48122
combined_0p2mm_1pct,20260731,62,124,48232
combined_0p2mm_1pct,20260731,63,126,48091
combined_0p2mm_1pct,20260731,64,128,48293
combined_0p2mm_1pct,20260731,65,130,48175
combined_0p2mm_1pct,20260731,66,132,48306
combined_0p2mm_1pct,20260731,67,134,48575
combined_0p2mm_1pct,20260731,68,136,48049
combined_0p2mm_1pct,20260731,69,138,48371
combined_0p2mm_1pct,20260731,70,140,48172
combined_0p2mm_1pct,20260731,71,142,47813
combined_0p2mm_1pct,20260731,72,144,48084
combined_0p2mm_1pct,20260731,73,146,48157
combined_0p2mm_1pct,20260731,74,148,48271
combined_0p2mm_1pct,20260731,75,150,47968
combined_0p2mm_1pct,20260731,76,152,48050
combined_0p2mm_1pct,20260731,77,154,48170
combined_0p2mm_1pct,20260731,78,156,47973
combined_0p2mm_1pct,20260731,79,158,48530
combined_0p2mm_1pct,20260731,80,160,48370
combined_0p2mm_1pct,20260731,81,162,48098
combined_0p2mm_1pct,20260731,82,164,48243
combined_0p2mm_1pct,20260731,83,166,48135
combined_0p2mm_1pct,20260731,84,168,48363
combined_0p2mm_1pct,20260731,85,170,48018
combined_0p2mm_1pct,20260731,86,172,47695
combined_0p2mm_1pct,20260731,87,174,48115
combined_0p2mm_1pct,20260731,88,176,48299
combined_0p2mm_1pct,20260731,89,178,48292
combined_0p2mm_1pct,20260731,90,180,48117
combined_0p2mm_1pct,20260731,91,182,48026
combined_0p2mm_1pct,20260731,92,184,48408
combined_0p2mm_1pct,20260731,93,186,48161
combined_0p2mm_1pct,20260731,94,188,48470
combined_0p2mm_1pct,20260731,95,190,48440
combined_0p2mm_1pct,20260731,96,192,48119
combined_0p2mm_1pct,20260731,97,194,47878
combined_0p2mm_1pct,20260731,98,196,48098
combined_0p2mm_1pct,20260731,99,198,47890
combined_0p2mm_1pct,20260731,100,200,48142
combined_0p2mm_1pct,20260731,101,202,48312
combined_0p2mm_1pct,20260731,102,204,47912
combined_0p2mm_1pct,20260731,103,206,47993
combined_0p2mm_1pct,20260731,104,208,48075
combined_0p2mm_1pct,20260731,105,210,48186
combined_0p2mm_1pct,20260731,106,212,48224
combined_0p2mm_1pct,20260731,107,214,47863
combined_0p2mm_1pct,20260731,108,216,47902
combined_0p2mm_1pct,20260731,109,218,48179
combined_0p2mm_1pct,20260731,110,220,48280
combined_0p2mm_1pct,20260731,111,222,48016
combined_0p2mm_1pct,20260731,112,224,48346
combined_0p2mm_1pct,20260731,113,226,47981
combined_0p2mm_1pct,20260731,114,228,48520
combined_0p2mm_1pct,20260731,115,230,48062
combined_0p2mm_1pct,20260731,116,232,48615
combined_0p2mm_1pct,20260731,117,234,48199
combined_0p2mm_1pct,20260731,118,236,47874
combined_0p2mm_1pct,20260731,119,238,47840
combined_0p2mm_1pct,20260731,120,240,47994
combined_0p2mm_1pct,20260731,121,242,48067
combined_0p2mm_1pct,20260731,122,244,48359
combined_0p2mm_1pct,20260731,123,246,48455
combined_0p2mm_1pct,20260731,124,248,48297
combined_0p2mm_1pct,20260731,125,250,47916
combined_0p2mm_1pct,20260731,126,252,48339
combined_0p2mm_1pct,20260731,127,254,48082
combined_0p2mm_1pct,20260731,128,256,48145
combined_0p2mm_1pct,20260731,129,258,48293
combined_0p2mm_1pct,20260731,130,260,48225
combined_0p2mm_1pct,20260731,131,262,47785
combined_0p2mm_1pct,20260731,132,264,48492
combined_0p2mm_1pct,20260731,133,266,48264
combined_0p2mm_1pct,20260731,134,268,48330
combined_0p2mm_1pct,20260731,135,270,48249
combined_0p2mm_1pct,20260731,136,272,48598
combined_0p2mm_1pct,20260731,137,274,48087
combined_0p2mm_1pct,20260731,138,276,48250
combined_0p2mm_1pct,20260731,139,278,48206
combined_0p2mm_1pct,20260731,140,280,48110
combined_0p2mm_1pct,20260731,141,282,48131
combined_0p2mm_1pct,20260731,142,284,48165
combined_0p2mm_1pct,20260731,143,286,48100
combined_0p2mm_1pct,20260731,144,288,48196
combined_0p2mm_1pct,20260731,145,290,48505
combined_0p2mm_1pct,20260731,146,292,47887
combined_0p2mm_1pct,20260731,147,294,48443
combined_0p2mm_1pct,20260731,148,296,48449
combined_0p2mm_1pct,20260731,149,298,48164
combined_0p2mm_1pct,20260731,150,300,48085
combined_0p2mm_1pct,20260731,151,302,48228
combined_0p2mm_1pct,20260731,152,304,48138
combined_0p2mm_1pct,20260731,153,306,47951
combined_0p2mm_1pct,20260731,154,308,48106
combined_0p2mm_1pct,20260731,155,310,47619
combined_0p2mm_1pct,20260731,156,312,48608
combined_0p2mm_1pct,20260731,157,314,48552
combined_0p2mm_1pct,20260731,158,316,48312
combined_0p2mm_1pct,20260731,159,318,48035
combined_0p2mm_1pct,20260731,160,320,48070
combined_0p2mm_1pct,20260731,161,322,48719
combined_0p2mm_1pct,20260731,162,324,48516
combined_0p2mm_1pct,20260731,163,326,47841
combined_0p2mm_1pct,20260731,164,328,48322
combined_0p2mm_1pct,20260731,165,330,48621
combined_0p2mm_1pct,20260731,166,332,48408
combined_0p2mm_1pct,20260731,167,334,48607
combined_0p2mm_1pct,20260731,168,336,48029
combined_0p2mm_1pct,20260731,169,338,48230
combined_0p2mm_1pct,20260731,170,340,48311
combined_0p2mm_1pct,20260731,171,342,48051
combined_0p2mm_1pct,20260731,172,344,47821
combined_0p2mm_1pct,20260731,173,346,48152
combined_0p2mm_1pct,20260731,174,348,48062
combined_0p2mm_1pct,20260731,175,350,47971
combined_0p2mm_1pct,20260731,176,352,48229
combined_0p2mm_1pct,20260731,177,354,48234
combined_0p2mm_1pct,20260731,178,356,48031
combined_0p2mm_1pct,20260731,179,358,48199
combined_0p2mm_1pct,20260731,180,360,48663
combined_0p2mm_1pct,20260731,181,362,47801
combined_0p2mm_1pct,20260731,182,364,48010
combined_0p2mm_1pct,20260731,183,366,47868
combined_0p2mm_1pct,20260731,184,368,48389
combined_0p2mm_1pct,20260731,185,370,48493
combined_0p2mm_1pct,20260731,186,372,48483
combined_0p2mm_1pct,20260731,187,374,48209
combined_0p2mm_1pct,20260731,188,376,48286
combined_0p2mm_1pct,20260731,189,378,47866
combined_0p2mm_1pct,20260731,190,380,47946
combined_0p2mm_1pct,20260731,191,382,48384
combined_0p2mm_1pct,20260731,192,384,48140
combined_0p2mm_1pct,20260731,193,386,48506
combined_0p2mm_1pct,20260731,194,388,47963
combined_0p2mm_1pct,20260731,195,390,48132
combined_0p2mm_1pct,20260731,196,392,47935
combined_0p2mm_1pct,20260731,197,394,48503
combined_0p2mm_1pct,20260731,198,396,48273
combined_0p2mm_1pct,20260731,199,398,48134
combined_0p2mm_1pct,20260731,200,400,47872
combined_0p2mm_1pct,20260731,201,402,48444
combined_0p2mm_1pct,20260731,202,404,47570
combined_0p2mm_1pct,20260731,203,406,47811
combined_0p2mm_1pct,20260731,204,408,47821
combined_0p2mm_1pct,20260731,205,410,47982
combined_0p2mm_1pct,20260731,206,412,48230
combined_0p2mm_1pct,20260731,207,414,48443
combined_0p2mm_1pct,20260731,208,416,48278
combined_0p2mm_1pct,20260731,209,418,48481
combined_0p2mm_1pct,20260731,210,420,48205
combined_0p2mm_1pct,20260731,211,422,47843
combined_0p2mm_1pct,20260731,212,424,48098
combined_0p2mm_1pct,20260731,213,426,47853
combined_0p2mm_1pct,20260731,214,428,48394
combined_0p2mm_1pct,20260731,215,430,48528
combined_0p2mm_1pct,20260731,216,432,48273
combined_0p2mm_1pct,20260731,217,434,48166
combined_0p2mm_1pct,20260731,218,436,48779
combined_0p2mm_1pct,20260731,219,438,48674
combined_0p2mm_1pct,20260731,220,440,48602
combined_0p2mm_1pct,20260731,221,442,47992
combined_0p2mm_1pct,20260731,222,444,47988
combined_0p2mm_1pct,20260731,223,446,47881
combined_0p2mm_1pct,20260731,224,448,48237
combined_0p2mm_1pct,20260731,225,450,48369
combined_0p2mm_1pct,20260731,226,452,48543
combined_0p2mm_1pct,20260731,227,454,48365
combined_0p2mm_1pct,20260731,228,456,48045
combined_0p2mm_1pct,20260731,229,458,48480
combined_0p2mm_1pct,20260731,230,460,47484
combined_0p2mm_1pct,20260731,231,462,48213
combined_0p2mm_1pct,20260731,232,464,48499
combined_0p2mm_1pct,20260731,233,466,48081
combined_0p2mm_1pct,20260731,234,468,48406
combined_0p2mm_1pct,20260731,235,470,48401
combined_0p2mm_1pct,20260731,236,472,47926
combined_0p2mm_1pct,20260731,237,474,47784
combined_0p2mm_1pct,20260731,238,476,48230
combined_0p2mm_1pct,20260731,239,478,48506
combined_0p2mm_1pct,20260731,240,480,48174
combined_0p2mm_1pct,20260731,241,482,48008
combined_0p2mm_1pct,20260731,242,484,48148
combined_0p2mm_1pct,20260731,243,486,48294
combined_0p2mm_1pct,20260731,244,488,48211
combined_0p2mm_1pct,20260731,245,490,48013
combined_0p2mm_1pct,20260731,246,492,48020
combined_0p2mm_1pct,20260731,247,494,48137
combined_0p2mm_1pct,20260731,248,496,48004
combined_0p2mm_1pct,20260731,249,498,48311
combined_0p2mm_1pct,20260731,250,500,48162
combined_0p2mm_1pct,20260731,251,502,48508
combined_0p2mm_1pct,20260731,252,504,48645
combined_0p2mm_1pct,20260731,253,506,48158
combined_0p2mm_1pct,20260731,254,508,48320
combined_0p2mm_1pct,20260731,255,510,48262
combined_0p2mm_1pct,20260731,256,512,48087
combined_0p2mm_1pct,20260731,257,514,48269
combined_0p2mm_1pct,20260731,258,516,47858
combined_0p2mm_1pct,20260731,259,518,48334
combined_0p2mm_1pct,20260731,260,520,48106
combined_0p2mm_1pct,20260731,261,522,48283
combined_0p2mm_1pct,20260731,262,524,48268
combined_0p2mm_1pct,20260731,263,526,48532
combined_0p2mm_1pct,20260731,264,528,48036
combined_0p2mm_1pct,20260731,265,530,48904
combined_0p2mm_1pct,20260731,266,532,48102
combined_0p2mm_1pct,20260731,267,534,48475
combined_0p2mm_1pct,20260731,268,536,48252
combined_0p2mm_1pct,20260731,269,538,48356
combined_0p2mm_1pct,20260731,270,540,48020
combined_0p2mm_1pct,20260731,271,542,47793
combined_0p2mm_1pct,20260731,272,544,47910
combined_0p2mm_1pct,20260731,273,546,48386
combined_0p2mm_1pct,20260731,274,548,48097
combined_0p2mm_1pct,20260731,275,550,48390
combined_0p2mm_1pct,20260731,276,552,48367
combined_0p2mm_1pct,20260731,277,554,47950
combined_0p2mm_1pct,20260731,278,556,48270
combined_0p2mm_1pct,20260731,279,558,47798
combined_0p2mm_1pct,20260731,280,560,48414
combined_0p2mm_1pct,20260731,281,562,48058
combined_0p2mm_1pct,20260731,282,564,48327
combined_0p2mm_1pct,20260731,283,566,48013
combined_0p2mm_1pct,20260731,284,568,48388
combined_0p2mm_1pct,20260731,285,570,47952
combined_0p2mm_1pct,20260731,286,572,48151
combined_0p2mm_1pct,20260731,287,574,48786
combined_0p2mm_1pct,20260731,288,576,47836
combined_0p2mm_1pct,20260731,289,578,47964
combined_0p2mm_1pct,20260731,290,580,47876
combined_0p2mm_1pct,20260731,291,582,48025
combined_0p2mm_1pct,20260731,292,584,48529
combined_0p2mm_1pct,20260731,293,586,48092
combined_0p2mm_1pct,20260731,294,588,48021
combined_0p2mm_1pct,20260731,295,590,48367
combined_0p2mm_1pct,20260731,296,592,48178
combined_0p2mm_1pct,20260731,297,594,47824
combined_0p2mm_1pct,20260731,298,596,48091
combined_0p2mm_1pct,20260731,299,598,47675
combined_0p2mm_1pct,20260731,300,600,48360
combined_0p2mm_1pct,20260731,301,602,48512
combined_0p2mm_1pct,20260731,302,604,48160
combined_0p2mm_1pct,20260731,303,606,48666
combined_0p2mm_1pct,20260731,304,608,48150
combined_0p2mm_1pct,20260731,305,610,48537
combined_0p2mm_1pct,20260731,306,612,48183
combined_0p2mm_1pct,20260731,307,614,47997
combined_0p2mm_1pct,20260731,308,616,48116
combined_0p2mm_1pct,20260731,309,618,47974
combined_0p2mm_1pct,20260731,310,620,48429
combined_0p2mm_1pct,20260731,311,622,48204
combined_0p2mm_1pct,20260731,312,624,47973
combined_0p2mm_1pct,20260731,313,626,48561
combined_0p2mm_1pct,20260731,314,628,48394
combined_0p2mm_1pct,20260731,315,630,47688
combined_0p2mm_1pct,20260731,316,632,48099
combined_0p2mm_1pct,20260731,317,634,48171
combined_0p2mm_1pct,20260731,318,636,47779
combined_0p2mm_1pct,20260731,319,638,48378
combined_0p2mm_1pct,20260731,320,640,48298
combined_0p2mm_1pct,20260731,321,642,48231
combined_0p2mm_1pct,20260731,322,644,48324
combined_0p2mm_1pct,20260731,323,646,47931
combined_0p2mm_1pct,20260731,324,648,48140
combined_0p2mm_1pct,20260731,325,650,48284
combined_0p2mm_1pct,20260731,326,652,47821
combined_0p2mm_1pct,20260731,327,654,47974
combined_0p2mm_1pct,20260731,328,656,48260
combined_0p2mm_1pct,20260731,329,658,48588
combined_0p2mm_1pct,20260731,330,660,48031
combined_0p2mm_1pct,20260731,331,662,48225
combined_0p2mm_1pct,20260731,332,664,48222
combined_0p2mm_1pct,20260731,333,666,48241
combined_0p2mm_1pct,20260731,334,668,48224
combined_0p2mm_1pct,20260731,335,670,48291
combined_0p2mm_1pct,20260731,336,672,48187
combined_0p2mm_1pct,20260731,337,674,48178
combined_0p2mm_1pct,20260731,338,676,48383
combined_0p2mm_1pct,20260731,339,678,48285
combined_0p2mm_1pct,20260731,340,680,48184
combined_0p2mm_1pct,20260731,341,682,47707
combined_0p2mm_1pct,20260731,342,684,48456
combined_0p2mm_1pct,20260731,343,686,48506
combined_0p2mm_1pct,20260731,344,688,47753
combined_0p2mm_1pct,20260731,345,690,47695
combined_0p2mm_1pct,20260731,346,692,48565
combined_0p2mm_1pct,20260731,347,694,48494
combined_0p2mm_1pct,20260731,348,696,48183
combined_0p2mm_1pct,20260731,349,698,47613
combined_0p2mm_1pct,20260731,350,700,48190
combined_0p2mm_1pct,20260731,351,702,48030
combined_0p2mm_1pct,20260731,352,704,48179
combined_0p2mm_1pct,20260731,353,706,48117
combined_0p2mm_1pct,20260731,354,708,48347
combined_0p2mm_1pct,20260731,355,710,47776
combined_0p2mm_1pct,20260731,356,712,48695
combined_0p2mm_1pct,20260731,357,714,48644
combined_0p2mm_1pct,20260731,358,716,48471
combined_0p2mm_1pct,20260731,359,718,48518
position_0p2mm,20260803,0,0,51248
position_0p2mm,20260803,1,2,51216
position_0p2mm,20260803,2,4,51384
position_0p2mm,20260803,3,6,51411
position_0p2mm,20260803,4,8,51266
position_0p2mm,20260803,5,10,51119
position_0p2mm,20260803,6,12,51795
position_0p2mm,20260803,7,14,51611
position_0p2mm,20260803,8,16,51583
position_0p2mm,20260803,9,18,51608
position_0p2mm,20260803,10,20,51387
position_0p2mm,20260803,11,22,51699
position_0p2mm,20260803,12,24,51487
position_0p2mm,20260803,13,26,51709
position_0p2mm,20260803,14,28,51842
position_0p2mm,20260803,15,30,51504
position_0p2mm,20260803,16,32,51250
position_0p2mm,20260803,17,34,51939
position_0p2mm,20260803,18,36,51788
position_0p2mm,20260803,19,38,51600
position_0p2mm,20260803,20,40,51400
position_0p2mm,20260803,21,42,52263
position_0p2mm,20260803,22,44,51807
position_0p2mm,20260803,23,46,51719
position_0p2mm,20260803,24,48,51336
position_0p2mm,20260803,25,50,51362
position_0p2mm,20260803,26,52,51115
position_0p2mm,20260803,27,54,51682
position_0p2mm,20260803,28,56,51523
position_0p2mm,20260803,29,58,51792
position_0p2mm,20260803,30,60,51504
position_0p2mm,20260803,31,62,51413
position_0p2mm,20260803,32,64,51534
position_0p2mm,20260803,33,66,51320
position_0p2mm,20260803,34,68,51607
position_0p2mm,20260803,35,70,52102
position_0p2mm,20260803,36,72,51456
position_0p2mm,20260803,37,74,51545
position_0p2mm,20260803,38,76,51656
position_0p2mm,20260803,39,78,51550
position_0p2mm,20260803,40,80,51271
position_0p2mm,20260803,41,82,51734
position_0p2mm,20260803,42,84,51227
position_0p2mm,20260803,43,86,51406
position_0p2mm,20260803,44,88,51336
position_0p2mm,20260803,45,90,51469
position_0p2mm,20260803,46,92,51731
position_0p2mm,20260803,47,94,51373
position_0p2mm,20260803,48,96,51462
position_0p2mm,20260803,49,98,51573
position_0p2mm,20260803,50,100,51687
position_0p2mm,20260803,51,102,51261
position_0p2mm,20260803,52,104,51239
position_0p2mm,20260803,53,106,51804
position_0p2mm,20260803,54,108,51307
position_0p2mm,20260803,55,110,51752
position_0p2mm,20260803,56,112,51773
position_0p2mm,20260803,57,114,51424
position_0p2mm,20260803,58,116,51810
position_0p2mm,20260803,59,118,51504
position_0p2mm,20260803,60,120,51470
position_0p2mm,20260803,61,122,51359
position_0p2mm,20260803,62,124,51576
position_0p2mm,20260803,63,126,51579
position_0p2mm,20260803,64,128,51561
position_0p2mm,20260803,65,130,51218
position_0p2mm,20260803,66,132,51500
position_0p2mm,20260803,67,134,51782
position_0p2mm,20260803,68,136,51505
position_0p2mm,20260803,69,138,51317
position_0p2mm,20260803,70,140,51624
position_0p2mm,20260803,71,142,51109
position_0p2mm,20260803,72,144,51226
position_0p2mm,20260803,73,146,51660
position_0p2mm,20260803,74,148,51414
position_0p2mm,20260803,75,150,51403
position_0p2mm,20260803,76,152,51421
position_0p2mm,20260803,77,154,51174
position_0p2mm,20260803,78,156,51650
position_0p2mm,20260803,79,158,51754
position_0p2mm,20260803,80,160,51471
position_0p2mm,20260803,81,162,51207
position_0p2mm,20260803,82,164,51450
position_0p2mm,20260803,83,166,51536
position_0p2mm,20260803,84,168,51836
position_0p2mm,20260803,85,170,51450
position_0p2mm,20260803,86,172,51452
position_0p2mm,20260803,87,174,51701
position_0p2mm,20260803,88,176,51472
position_0p2mm,20260803,89,178,51320
position_0p2mm,20260803,90,180,51427
position_0p2mm,20260803,91,182,51585
position_0p2mm,20260803,92,184,51534
position_0p2mm,20260803,93,186,51792
position_0p2mm,20260803,94,188,51561
position_0p2mm,20260803,95,190,51535
position_0p2mm,20260803,96,192,51685
position_0p2mm,20260803,97,194,51203
position_0p2mm,20260803,98,196,51388
position_0p2mm,20260803,99,198,50776
position_0p2mm,20260803,100,200,51186
position_0p2mm,20260803,101,202,51402
position_0p2mm,20260803,102,204,51525
position_0p2mm,20260803,103,206,51277
position_0p2mm,20260803,104,208,51128
position_0p2mm,20260803,105,210,51592
position_0p2mm,20260803,106,212,51618
position_0p2mm,20260803,107,214,51572
position_0p2mm,20260803,108,216,51318
position_0p2mm,20260803,109,218,51357
position_0p2mm,20260803,110,220,51555
position_0p2mm,20260803,111,222,51333
position_0p2mm,20260803,112,224,51852
position_0p2mm,20260803,113,226,51363
position_0p2mm,20260803,114,228,51667
position_0p2mm,20260803,115,230,51487
position_0p2mm,20260803,116,232,51611
position_0p2mm,20260803,117,234,51333
position_0p2mm,20260803,118,236,51579
position_0p2mm,20260803,119,238,51257
position_0p2mm,20260803,120,240,51371
position_0p2mm,20260803,121,242,51180
position_0p2mm,20260803,122,244,51708
position_0p2mm,20260803,123,246,51478
position_0p2mm,20260803,124,248,51603
position_0p2mm,20260803,125,250,51740
position_0p2mm,20260803,126,252,51584
position_0p2mm,20260803,127,254,51387
position_0p2mm,20260803,128,256,51514
position_0p2mm,20260803,129,258,51185
position_0p2mm,20260803,130,260,51480
position_0p2mm,20260803,131,262,51239
position_0p2mm,20260803,132,264,51691
position_0p2mm,20260803,133,266,51081
position_0p2mm,20260803,134,268,51580
position_0p2mm,20260803,135,270,51580
position_0p2mm,20260803,136,272,51825
position_0p2mm,20260803,137,274,51647
position_0p2mm,20260803,138,276,51381
position_0p2mm,20260803,139,278,51472
position_0p2mm,20260803,140,280,51277
position_0p2mm,20260803,141,282,51942
position_0p2mm,20260803,142,284,51646
position_0p2mm,20260803,143,286,51220
position_0p2mm,20260803,144,288,51217
position_0p2mm,20260803,145,290,51628
position_0p2mm,20260803,146,292,51039
position_0p2mm,20260803,147,294,51734
position_0p2mm,20260803,148,296,51379
position_0p2mm,20260803,149,298,51297
position_0p2mm,20260803,150,300,51243
position_0p2mm,20260803,151,302,51485
position_0p2mm,20260803,152,304,51334
position_0p2mm,20260803,153,306,51502
position_0p2mm,20260803,154,308,51204
position_0p2mm,20260803,155,310,50838
position_0p2mm,20260803,156,312,51726
position_0p2mm,20260803,157,314,51672
position_0p2mm,20260803,158,316,51490
position_0p2mm,20260803,159,318,51525
position_0p2mm,20260803,160,320,51334
position_0p2mm,20260803,161,322,51910
position_0p2mm,20260803,162,324,51612
position_0p2mm,20260803,163,326,51435
position_0p2mm,20260803,164,328,51313
position_0p2mm,20260803,165,330,51866
position_0p2mm,20260803,166,332,51803
position_0p2mm,20260803,167,334,51565
position_0p2mm,20260803,168,336,51344
position_0p2mm,20260803,169,338,51742
position_0p2mm,20260803,170,340,51811
position_0p2mm,20260803,171,342,51561
position_0p2mm,20260803,172,344,51318
position_0p2mm,20260803,173,346,51930
position_0p2mm,20260803,174,348,51509
position_0p2mm,20260803,175,350,51253
position_0p2mm,20260803,176,352,51618
position_0p2mm,20260803,177,354,51457
position_0p2mm,20260803,178,356,51437
position_0p2mm,20260803,179,358,51455
position_0p2mm,20260803,180,360,51921
position_0p2mm,20260803,181,362,51459
position_0p2mm,20260803,182,364,51525
position_0p2mm,20260803,183,366,51256
position_0p2mm,20260803,184,368,51225
position_0p2mm,20260803,185,370,52018
position_0p2mm,20260803,186,372,51812
position_0p2mm,20260803,187,374,51435
position_0p2mm,20260803,188,376,51716
position_0p2mm,20260803,189,378,51690
position_0p2mm,20260803,190,380,51356
position_0p2mm,20260803,191,382,51774
position_0p2mm,20260803,192,384,51037
position_0p2mm,20260803,193,386,51663
position_0p2mm,20260803,194,388,51293
position_0p2mm,20260803,195,390,51650
position_0p2mm,20260803,196,392,51492
position_0p2mm,20260803,197,394,52018
position_0p2mm,20260803,198,396,51710
position_0p2mm,20260803,199,398,51690
position_0p2mm,20260803,200,400,50987
position_0p2mm,20260803,201,402,51572
position_0p2mm,20260803,202,404,51333
position_0p2mm,20260803,203,406,51065
position_0p2mm,20260803,204,408,50866
position_0p2mm,20260803,205,410,51370
position_0p2mm,20260803,206,412,51675
position_0p2mm,20260803,207,414,51802
position_0p2mm,20260803,208,416,51808
position_0p2mm,20260803,209,418,51922
position_0p2mm,20260803,210,420,51465
position_0p2mm,20260803,211,422,51284
position_0p2mm,20260803,212,424,51448
position_0p2mm,20260803,213,426,51290
position_0p2mm,20260803,214,428,51639
position_0p2mm,20260803,215,430,52122
position_0p2mm,20260803,216,432,51697
position_0p2mm,20260803,217,434,51352
position_0p2mm,20260803,218,436,51914
position_0p2mm,20260803,219,438,51996
position_0p2mm,20260803,220,440,51847
position_0p2mm,20260803,221,442,51158
position_0p2mm,20260803,222,444,51626
position_0p2mm,20260803,223,446,51293
position_0p2mm,20260803,224,448,51454
position_0p2mm,20260803,225,450,51398
position_0p2mm,20260803,226,452,51488
position_0p2mm,20260803,227,454,51940
position_0p2mm,20260803,228,456,51523
position_0p2mm,20260803,229,458,51510
position_0p2mm,20260803,230,460,51498
position_0p2mm,20260803,231,462,51541
position_0p2mm,20260803,232,464,51508
position_0p2mm,20260803,233,466,51399
position_0p2mm,20260803,234,468,51508
position_0p2mm,20260803,235,470,51385
position_0p2mm,20260803,236,472,51739
position_0p2mm,20260803,237,474,51025
position_0p2mm,20260803,238,476,51227
position_0p2mm,20260803,239,478,51742
position_0p2mm,20260803,240,480,51134
position_0p2mm,20260803,241,482,51370
position_0p2mm,20260803,242,484,51630
position_0p2mm,20260803,243,486,51820
position_0p2mm,20260803,244,488,51493
position_0p2mm,20260803,245,490,51514
position_0p2mm,20260803,246,492,51244
position_0p2mm,20260803,247,494,51311
position_0p2mm,20260803,248,496,51418
position_0p2mm,20260803,249,498,51678
position_0p2mm,20260803,250,500,51357
position_0p2mm,20260803,251,502,51707
position_0p2mm,20260803,252,504,51971
position_0p2mm,20260803,253,506,51429
position_0p2mm,20260803,254,508,51817
position_0p2mm,20260803,255,510,51904
position_0p2mm,20260803,256,512,51600
position_0p2mm,20260803,257,514,51573
position_0p2mm,20260803,258,516,51095
position_0p2mm,20260803,259,518,51575
position_0p2mm,20260803,260,520,51245
position_0p2mm,20260803,261,522,51476
position_0p2mm,20260803,262,524,51560
position_0p2mm,20260803,263,526,51616
position_0p2mm,20260803,264,528,51185
position_0p2mm,20260803,265,530,52071
position_0p2mm,20260803,266,532,51217
position_0p2mm,20260803,267,534,51301
position_0p2mm,20260803,268,536,51335
position_0p2mm,20260803,269,538,51729
position_0p2mm,20260803,270,540,51278
position_0p2mm,20260803,271,542,51075
position_0p2mm,20260803,272,544,51373
position_0p2mm,20260803,273,546,51761
position_0p2mm,20260803,274,548,51092
position_0p2mm,20260803,275,550,51656
position_0p2mm,20260803,276,552,51157
position_0p2mm,20260803,277,554,51182
position_0p2mm,20260803,278,556,51516
position_0p2mm,20260803,279,558,51235
position_0p2mm,20260803,280,560,52001
position_0p2mm,20260803,281,562,51360
position_0p2mm,20260803,282,564,51357
position_0p2mm,20260803,283,566,51188
position_0p2mm,20260803,284,568,51869
position_0p2mm,20260803,285,570,51258
position_0p2mm,20260803,286,572,51767
position_0p2mm,20260803,287,574,52057
position_0p2mm,20260803,288,576,51096
position_0p2mm,20260803,289,578,51349
position_0p2mm,20260803,290,580,51227
position_0p2mm,20260803,291,582,51750
position_0p2mm,20260803,292,584,51750
position_0p2mm,20260803,293,586,51397
position_0p2mm,20260803,294,588,51650
position_0p2mm,20260803,295,590,52043
position_0p2mm,20260803,296,592,51671
position_0p2mm,20260803,297,594,51020
position_0p2mm,20260803,298,596,51399
position_0p2mm,20260803,299,598,50780
position_0p2mm,20260803,300,600,51648
position_0p2mm,20260803,301,602,51753
position_0p2mm,20260803,302,604,51810
position_0p2mm,20260803,303,606,51695
position_0p2mm,20260803,304,608,51453
position_0p2mm,20260803,305,610,51587
position_0p2mm,20260803,306,612,51831
position_0p2mm,20260803,307,614,51345
position_0p2mm,20260803,308,616,51573
position_0p2mm,20260803,309,618,51214
position_0p2mm,20260803,310,620,51579
position_0p2mm,20260803,311,622,51921
position_0p2mm,20260803,312,624,51394
position_0p2mm,20260803,313,626,51884
position_0p2mm,20260803,314,628,51877
position_0p2mm,20260803,315,630,51042
position_0p2mm,20260803,316,632,51350
position_0p2mm,20260803,317,634,51424
position_0p2mm,20260803,318,636,51253
position_0p2mm,20260803,319,638,51808
position_0p2mm,20260803,320,640,51772
position_0p2mm,20260803,321,642,51731
position_0p2mm,20260803,322,644,51925
position_0p2mm,20260803,323,646,51467
position_0p2mm,20260803,324,648,51501
position_0p2mm,20260803,325,650,51665
position_0p2mm,20260803,326,652,51479
position_0p2mm,20260803,327,654,51414
position_0p2mm,20260803,328,656,51819
position_0p2mm,20260803,329,658,51777
position_0p2mm,20260803,330,660,51453
position_0p2mm,20260803,331,662,51506
position_0p2mm,20260803,332,664,51762
position_0p2mm,20260803,333,666,51567
position_0p2mm,20260803,334,668,51192
position_0p2mm,20260803,335,670,51183
position_0p2mm,20260803,336,672,51182
position_0p2mm,20260803,337,674,51361
position_0p2mm,20260803,338,676,51538
position_0p2mm,20260803,339,678,51590
position_0p2mm,20260803,340,680,51326
position_0p2mm,20260803,341,682,50999
position_0p2mm,20260803,342,684,51699
position_0p2mm,20260803,343,686,51859
position_0p2mm,20260803,344,688,51270
position_0p2mm,20260803,345,690,51461
position_0p2mm,20260803,346,692,51557
position_0p2mm,20260803,347,694,51604
position_0p2mm,20260803,348,696,51675
position_0p2mm,20260803,349,698,51000
position_0p2mm,20260803,350,700,51650
position_0p2mm,20260803,351,702,51433
position_0p2mm,20260803,352,704,51313
position_0p2mm,20260803,353,706,51424
position_0p2mm,20260803,354,708,51323
position_0p2mm,20260803,355,710,51132
position_0p2mm,20260803,356,712,52254
position_0p2mm,20260803,357,714,51673
position_0p2mm,20260803,358,716,51799
position_0p2mm,20260803,359,718,51423
combined_0p2mm_1pct,20260803,0,0,47864
combined_0p2mm_1pct,20260803,1,2,47903
combined_0p2mm_1pct,20260803,2,4,48017
combined_0p2mm_1pct,20260803,3,6,48069
combined_0p2mm_1pct,20260803,4,8,48029
combined_0p2mm_1pct,20260803,5,10,47744
combined_0p2mm_1pct,20260803,6,12,48448
combined_0p2mm_1pct,20260803,7,14,48235
combined_0p2mm_1pct,20260803,8,16,48234
combined_0p2mm_1pct,20260803,9,18,48306
combined_0p2mm_1pct,20260803,10,20,48091
combined_0p2mm_1pct,20260803,11,22,48377
combined_0p2mm_1pct,20260803,12,24,48101
combined_0p2mm_1pct,20260803,13,26,48455
combined_0p2mm_1pct,20260803,14,28,48498
combined_0p2mm_1pct,20260803,15,30,48130
combined_0p2mm_1pct,20260803,16,32,48004
combined_0p2mm_1pct,20260803,17,34,48543
combined_0p2mm_1pct,20260803,18,36,48449
combined_0p2mm_1pct,20260803,19,38,48327
combined_0p2mm_1pct,20260803,20,40,48060
combined_0p2mm_1pct,20260803,21,42,48847
combined_0p2mm_1pct,20260803,22,44,48432
combined_0p2mm_1pct,20260803,23,46,48474
combined_0p2mm_1pct,20260803,24,48,47924
combined_0p2mm_1pct,20260803,25,50,47932
combined_0p2mm_1pct,20260803,26,52,47852
combined_0p2mm_1pct,20260803,27,54,48400
combined_0p2mm_1pct,20260803,28,56,48161
combined_0p2mm_1pct,20260803,29,58,48454
combined_0p2mm_1pct,20260803,30,60,48205
combined_0p2mm_1pct,20260803,31,62,48129
combined_0p2mm_1pct,20260803,32,64,48234
combined_0p2mm_1pct,20260803,33,66,48032
combined_0p2mm_1pct,20260803,34,68,48234
combined_0p2mm_1pct,20260803,35,70,48761
combined_0p2mm_1pct,20260803,36,72,48219
combined_0p2mm_1pct,20260803,37,74,48233
combined_0p2mm_1pct,20260803,38,76,48396
combined_0p2mm_1pct,20260803,39,78,48143
combined_0p2mm_1pct,20260803,40,80,47971
combined_0p2mm_1pct,20260803,41,82,48436
combined_0p2mm_1pct,20260803,42,84,47978
combined_0p2mm_1pct,20260803,43,86,48023
combined_0p2mm_1pct,20260803,44,88,48024
combined_0p2mm_1pct,20260803,45,90,48170
combined_0p2mm_1pct,20260803,46,92,48360
combined_0p2mm_1pct,20260803,47,94,47991
combined_0p2mm_1pct,20260803,48,96,48251
combined_0p2mm_1pct,20260803,49,98,48199
combined_0p2mm_1pct,20260803,50,100,48251
combined_0p2mm_1pct,20260803,51,102,48009
combined_0p2mm_1pct,20260803,52,104,47903
combined_0p2mm_1pct,20260803,53,106,48487
combined_0p2mm_1pct,20260803,54,108,48035
combined_0p2mm_1pct,20260803,55,110,48454
combined_0p2mm_1pct,20260803,56,112,48346
combined_0p2mm_1pct,20260803,57,114,48143
combined_0p2mm_1pct,20260803,58,116,48462
combined_0p2mm_1pct,20260803,59,118,48235
combined_0p2mm_1pct,20260803,60,120,48163
combined_0p2mm_1pct,20260803,61,122,48070
combined_0p2mm_1pct,20260803,62,124,48201
combined_0p2mm_1pct,20260803,63,126,48305
combined_0p2mm_1pct,20260803,64,128,48243
combined_0p2mm_1pct,20260803,65,130,47967
combined_0p2mm_1pct,20260803,66,132,48156
combined_0p2mm_1pct,20260803,67,134,48507
combined_0p2mm_1pct,20260803,68,136,48222
combined_0p2mm_1pct,20260803,69,138,47938
combined_0p2mm_1pct,20260803,70,140,48265
combined_0p2mm_1pct,20260803,71,142,47776
combined_0p2mm_1pct,20260803,72,144,48014
combined_0p2mm_1pct,20260803,73,146,48345
combined_0p2mm_1pct,20260803,74,148,48191
combined_0p2mm_1pct,20260803,75,150,48060
combined_0p2mm_1pct,20260803,76,152,48146
combined_0p2mm_1pct,20260803,77,154,47829
combined_0p2mm_1pct,20260803,78,156,48227
combined_0p2mm_1pct,20260803,79,158,48314
combined_0p2mm_1pct,20260803,80,160,48175
combined_0p2mm_1pct,20260803,81,162,47803
combined_0p2mm_1pct,20260803,82,164,48037
combined_0p2mm_1pct,20260803,83,166,48223
combined_0p2mm_1pct,20260803,84,168,48494
combined_0p2mm_1pct,20260803,85,170,48230
combined_0p2mm_1pct,20260803,86,172,48117
combined_0p2mm_1pct,20260803,87,174,48325
combined_0p2mm_1pct,20260803,88,176,48170
combined_0p2mm_1pct,20260803,89,178,48032
combined_0p2mm_1pct,20260803,90,180,48060
combined_0p2mm_1pct,20260803,91,182,48329
combined_0p2mm_1pct,20260803,92,184,48274
combined_0p2mm_1pct,20260803,93,186,48384
combined_0p2mm_1pct,20260803,94,188,48259
combined_0p2mm_1pct,20260803,95,190,48235
combined_0p2mm_1pct,20260803,96,192,48476
combined_0p2mm_1pct,20260803,97,194,47814
combined_0p2mm_1pct,20260803,98,196,48088
combined_0p2mm_1pct,20260803,99,198,47570
combined_0p2mm_1pct,20260803,100,200,47862
combined_0p2mm_1pct,20260803,101,202,48146
combined_0p2mm_1pct,20260803,102,204,48253
combined_0p2mm_1pct,20260803,103,206,47891
combined_0p2mm_1pct,20260803,104,208,47794
combined_0p2mm_1pct,20260803,105,210,48263
combined_0p2mm_1pct,20260803,106,212,48180
combined_0p2mm_1pct,20260803,107,214,48130
combined_0p2mm_1pct,20260803,108,216,47973
combined_0p2mm_1pct,20260803,109,218,47993
combined_0p2mm_1pct,20260803,110,220,48285
combined_0p2mm_1pct,20260803,111,222,48089
combined_0p2mm_1pct,20260803,112,224,48551
combined_0p2mm_1pct,20260803,113,226,48062
combined_0p2mm_1pct,20260803,114,228,48365
combined_0p2mm_1pct,20260803,115,230,48093
combined_0p2mm_1pct,20260803,116,232,48355
combined_0p2mm_1pct,20260803,117,234,47953
combined_0p2mm_1pct,20260803,118,236,48189
combined_0p2mm_1pct,20260803,119,238,47926
combined_0p2mm_1pct,20260803,120,240,48084
combined_0p2mm_1pct,20260803,121,242,47856
combined_0p2mm_1pct,20260803,122,244,48350
combined_0p2mm_1pct,20260803,123,246,48213
combined_0p2mm_1pct,20260803,124,248,48286
combined_0p2mm_1pct,20260803,125,250,48470
combined_0p2mm_1pct,20260803,126,252,48327
combined_0p2mm_1pct,20260803,127,254,47937
combined_0p2mm_1pct,20260803,128,256,48156
combined_0p2mm_1pct,20260803,129,258,47917
combined_0p2mm_1pct,20260803,130,260,48169
combined_0p2mm_1pct,20260803,131,262,47963
combined_0p2mm_1pct,20260803,132,264,48341
combined_0p2mm_1pct,20260803,133,266,47803
combined_0p2mm_1pct,20260803,134,268,48265
combined_0p2mm_1pct,20260803,135,270,48265
combined_0p2mm_1pct,20260803,136,272,48349
combined_0p2mm_1pct,20260803,137,274,48354
combined_0p2mm_1pct,20260803,138,276,48077
combined_0p2mm_1pct,20260803,139,278,48039
combined_0p2mm_1pct,20260803,140,280,47905
combined_0p2mm_1pct,20260803,141,282,48571
combined_0p2mm_1pct,20260803,142,284,48327
combined_0p2mm_1pct,20260803,143,286,47921
combined_0p2mm_1pct,20260803,144,288,47925
combined_0p2mm_1pct,20260803,145,290,48410
combined_0p2mm_1pct,20260803,146,292,47655
combined_0p2mm_1pct,20260803,147,294,48375
combined_0p2mm_1pct,20260803,148,296,47992
combined_0p2mm_1pct,20260803,149,298,47935
combined_0p2mm_1pct,20260803,150,300,47940
combined_0p2mm_1pct,20260803,151,302,48129
combined_0p2mm_1pct,20260803,152,304,48067
combined_0p2mm_1pct,20260803,153,306,48088
combined_0p2mm_1pct,20260803,154,308,47950
combined_0p2mm_1pct,20260803,155,310,47515
combined_0p2mm_1pct,20260803,156,312,48582
combined_0p2mm_1pct,20260803,157,314,48342
combined_0p2mm_1pct,20260803,158,316,48105
combined_0p2mm_1pct,20260803,159,318,48156
combined_0p2mm_1pct,20260803,160,320,48006
combined_0p2mm_1pct,20260803,161,322,48667
combined_0p2mm_1pct,20260803,162,324,48363
combined_0p2mm_1pct,20260803,163,326,48153
combined_0p2mm_1pct,20260803,164,328,47885
combined_0p2mm_1pct,20260803,165,330,48512
combined_0p2mm_1pct,20260803,166,332,48376
combined_0p2mm_1pct,20260803,167,334,48256
combined_0p2mm_1pct,20260803,168,336,47995
combined_0p2mm_1pct,20260803,169,338,48336
combined_0p2mm_1pct,20260803,170,340,48439
combined_0p2mm_1pct,20260803,171,342,48212
combined_0p2mm_1pct,20260803,172,344,47847
combined_0p2mm_1pct,20260803,173,346,48632
combined_0p2mm_1pct,20260803,174,348,48070
combined_0p2mm_1pct,20260803,175,350,47871
combined_0p2mm_1pct,20260803,176,352,48298
combined_0p2mm_1pct,20260803,177,354,48142
combined_0p2mm_1pct,20260803,178,356,48184
combined_0p2mm_1pct,20260803,179,358,48173
combined_0p2mm_1pct,20260803,180,360,48586
combined_0p2mm_1pct,20260803,181,362,48143
combined_0p2mm_1pct,20260803,182,364,48176
combined_0p2mm_1pct,20260803,183,366,47883
combined_0p2mm_1pct,20260803,184,368,47894
combined_0p2mm_1pct,20260803,185,370,48706
combined_0p2mm_1pct,20260803,186,372,48419
combined_0p2mm_1pct,20260803,187,374,48090
combined_0p2mm_1pct,20260803,188,376,48467
combined_0p2mm_1pct,20260803,189,378,48353
combined_0p2mm_1pct,20260803,190,380,48088
combined_0p2mm_1pct,20260803,191,382,48400
combined_0p2mm_1pct,20260803,192,384,47807
combined_0p2mm_1pct,20260803,193,386,48235
combined_0p2mm_1pct,20260803,194,388,47983
combined_0p2mm_1pct,20260803,195,390,48291
combined_0p2mm_1pct,20260803,196,392,48181
combined_0p2mm_1pct,20260803,197,394,48790
combined_0p2mm_1pct,20260803,198,396,48326
combined_0p2mm_1pct,20260803,199,398,48290
combined_0p2mm_1pct,20260803,200,400,47550
combined_0p2mm_1pct,20260803,201,402,48258
combined_0p2mm_1pct,20260803,202,404,48015
combined_0p2mm_1pct,20260803,203,406,47763
combined_0p2mm_1pct,20260803,204,408,47628
combined_0p2mm_1pct,20260803,205,410,47935
combined_0p2mm_1pct,20260803,206,412,48334
combined_0p2mm_1pct,20260803,207,414,48359
combined_0p2mm_1pct,20260803,208,416,48541
combined_0p2mm_1pct,20260803,209,418,48591
combined_0p2mm_1pct,20260803,210,420,48077
combined_0p2mm_1pct,20260803,211,422,47994
combined_0p2mm_1pct,20260803,212,424,48087
combined_0p2mm_1pct,20260803,213,426,47960
combined_0p2mm_1pct,20260803,214,428,48223
combined_0p2mm_1pct,20260803,215,430,48708
combined_0p2mm_1pct,20260803,216,432,48362
combined_0p2mm_1pct,20260803,217,434,48162
combined_0p2mm_1pct,20260803,218,436,48611
combined_0p2mm_1pct,20260803,219,438,48567
combined_0p2mm_1pct,20260803,220,440,48577
combined_0p2mm_1pct,20260803,221,442,47889
combined_0p2mm_1pct,20260803,222,444,48334
combined_0p2mm_1pct,20260803,223,446,47972
combined_0p2mm_1pct,20260803,224,448,48204
combined_0p2mm_1pct,20260803,225,450,48045
combined_0p2mm_1pct,20260803,226,452,48183
combined_0p2mm_1pct,20260803,227,454,48488
combined_0p2mm_1pct,20260803,228,456,48124
combined_0p2mm_1pct,20260803,229,458,48285
combined_0p2mm_1pct,20260803,230,460,48147
combined_0p2mm_1pct,20260803,231,462,48175
combined_0p2mm_1pct,20260803,232,464,48241
combined_0p2mm_1pct,20260803,233,466,47955
combined_0p2mm_1pct,20260803,234,468,48058
combined_0p2mm_1pct,20260803,235,470,48165
combined_0p2mm_1pct,20260803,236,472,48394
combined_0p2mm_1pct,20260803,237,474,47670
combined_0p2mm_1pct,20260803,238,476,48071
combined_0p2mm_1pct,20260803,239,478,48429
combined_0p2mm_1pct,20260803,240,480,47897
combined_0p2mm_1pct,20260803,241,482,48105
combined_0p2mm_1pct,20260803,242,484,48271
combined_0p2mm_1pct,20260803,243,486,48507
combined_0p2mm_1pct,20260803,244,488,48121
combined_0p2mm_1pct,20260803,245,490,48108
combined_0p2mm_1pct,20260803,246,492,47909
combined_0p2mm_1pct,20260803,247,494,47941
combined_0p2mm_1pct,20260803,248,496,48012
combined_0p2mm_1pct,20260803,249,498,48320
combined_0p2mm_1pct,20260803,250,500,47993
combined_0p2mm_1pct,20260803,251,502,48497
combined_0p2mm_1pct,20260803,252,504,48604
combined_0p2mm_1pct,20260803,253,506,48018
combined_0p2mm_1pct,20260803,254,508,48435
combined_0p2mm_1pct,20260803,255,510,48566
combined_0p2mm_1pct,20260803,256,512,48264
combined_0p2mm_1pct,20260803,257,514,48179
combined_0p2mm_1pct,20260803,258,516,47831
combined_0p2mm_1pct,20260803,259,518,48311
combined_0p2mm_1pct,20260803,260,520,48011
combined_0p2mm_1pct,20260803,261,522,48179
combined_0p2mm_1pct,20260803,262,524,48175
combined_0p2mm_1pct,20260803,263,526,48340
combined_0p2mm_1pct,20260803,264,528,47930
combined_0p2mm_1pct,20260803,265,530,48763
combined_0p2mm_1pct,20260803,266,532,47880
combined_0p2mm_1pct,20260803,267,534,48071
combined_0p2mm_1pct,20260803,268,536,47971
combined_0p2mm_1pct,20260803,269,538,48491
combined_0p2mm_1pct,20260803,270,540,47976
combined_0p2mm_1pct,20260803,271,542,47817
combined_0p2mm_1pct,20260803,272,544,48117
combined_0p2mm_1pct,20260803,273,546,48498
combined_0p2mm_1pct,20260803,274,548,47729
combined_0p2mm_1pct,20260803,275,550,48317
combined_0p2mm_1pct,20260803,276,552,47884
combined_0p2mm_1pct,20260803,277,554,47938
combined_0p2mm_1pct,20260803,278,556,48177
combined_0p2mm_1pct,20260803,279,558,47913
combined_0p2mm_1pct,20260803,280,560,48616
combined_0p2mm_1pct,20260803,281,562,48168
combined_0p2mm_1pct,20260803,282,564,48087
combined_0p2mm_1pct,20260803,283,566,47879
combined_0p2mm_1pct,20260803,284,568,48613
combined_0p2mm_1pct,20260803,285,570,47871
combined_0p2mm_1pct,20260803,286,572,48471
combined_0p2mm_1pct,20260803,287,574,48726
combined_0p2mm_1pct,20260803,288,576,47762
combined_0p2mm_1pct,20260803,289,578,48113
combined_0p2mm_1pct,20260803,290,580,47941
combined_0p2mm_1pct,20260803,291,582,48293
combined_0p2mm_1pct,20260803,292,584,48338
combined_0p2mm_1pct,20260803,293,586,48145
combined_0p2mm_1pct,20260803,294,588,48352
combined_0p2mm_1pct,20260803,295,590,48620
combined_0p2mm_1pct,20260803,296,592,48336
combined_0p2mm_1pct,20260803,297,594,47712
combined_0p2mm_1pct,20260803,298,596,48022
combined_0p2mm_1pct,20260803,299,598,47458
combined_0p2mm_1pct,20260803,300,600,48399
combined_0p2mm_1pct,20260803,301,602,48411
combined_0p2mm_1pct,20260803,302,604,48488
combined_0p2mm_1pct,20260803,303,606,48434
combined_0p2mm_1pct,20260803,304,608,48137
combined_0p2mm_1pct,20260803,305,610,48217
combined_0p2mm_1pct,20260803,306,612,48392
combined_0p2mm_1pct,20260803,307,614,47935
combined_0p2mm_1pct,20260803,308,616,48144
combined_0p2mm_1pct,20260803,309,618,47967
combined_0p2mm_1pct,20260803,310,620,48199
combined_0p2mm_1pct,20260803,311,622,48639
combined_0p2mm_1pct,20260803,312,624,48001
combined_0p2mm_1pct,20260803,313,626,48723
combined_0p2mm_1pct,20260803,314,628,48545
combined_0p2mm_1pct,20260803,315,630,47709
combined_0p2mm_1pct,20260803,316,632,48048
combined_0p2mm_1pct,20260803,317,634,48060
combined_0p2mm_1pct,20260803,318,636,47948
combined_0p2mm_1pct,20260803,319,638,48465
combined_0p2mm_1pct,20260803,320,640,48495
combined_0p2mm_1pct,20260803,321,642,48399
combined_0p2mm_1pct,20260803,322,644,48682
combined_0p2mm_1pct,20260803,323,646,48175
combined_0p2mm_1pct,20260803,324,648,48061
combined_0p2mm_1pct,20260803,325,650,48378
combined_0p2mm_1pct,20260803,326,652,48078
combined_0p2mm_1pct,20260803,327,654,48099
combined_0p2mm_1pct,20260803,328,656,48461
combined_0p2mm_1pct,20260803,329,658,48424
combined_0p2mm_1pct,20260803,330,660,48148
combined_0p2mm_1pct,20260803,331,662,48214
combined_0p2mm_1pct,20260803,332,664,48417
combined_0p2mm_1pct,20260803,333,666,48262
combined_0p2mm_1pct,20260803,334,668,47970
combined_0p2mm_1pct,20260803,335,670,47892
combined_0p2mm_1pct,20260803,336,672,47812
combined_0p2mm_1pct,20260803,337,674,48012
combined_0p2mm_1pct,20260803,338,676,48234
combined_0p2mm_1pct,20260803,339,678,48280
combined_0p2mm_1pct,20260803,340,680,48121
combined_0p2mm_1pct,20260803,341,682,47712
combined_0p2mm_1pct,20260803,342,684,48407
combined_0p2mm_1pct,20260803,343,686,48542
combined_0p2mm_1pct,20260803,344,688,47973
combined_0p2mm_1pct,20260803,345,690,48159
combined_0p2mm_1pct,20260803,346,692,48228
combined_0p2mm_1pct,20260803,347,694,48272
combined_0p2mm_1pct,20260803,348,696,48411
combined_0p2mm_1pct,20260803,349,698,47700
combined_0p2mm_1pct,20260803,350,700,48379
combined_0p2mm_1pct,20260803,351,702,48065
combined_0p2mm_1pct,20260803,352,704,48096
combined_0p2mm_1pct,20260803,353,706,48106
combined_0p2mm_1pct,20260803,354,708,47939
combined_0p2mm_1pct,20260803,355,710,47798
combined_0p2mm_1pct,20260803,356,712,48917
combined_0p2mm_1pct,20260803,357,714,48373
combined_0p2mm_1pct,20260803,358,716,48469
combined_0p2mm_1pct,20260803,359,718,48047
