run_id,seed,fraction,parent,selected,status
0,20260730,0.2,59956,47958,written
1,20260730,0.2,60418,48462,written
2,20260730,0.2,60204,48227,written
3,20260730,0.2,60153,48026,written
5,20260730,0.2,60083,47939,written
4,20260730,0.2,60382,48158,written
6,20260730,0.2,59977,47918,written
7,20260730,0.2,60475,48476,written
8,20260730,0.2,60163,48124,written
9,20260730,0.2,60088,48174,written
11,20260730,0.2,60120,48069,written
10,20260730,0.2,59854,47934,written
12,20260730,0.2,60108,48116,written
13,20260730,0.2,60351,48460,written
14,20260730,0.2,60241,48229,written
15,20260730,0.2,60178,48246,written
16,20260730,0.2,60339,48329,written
17,20260730,0.2,60329,48333,written
18,20260730,0.2,60213,48180,written
19,20260730,0.2,60642,48447,written
20,20260730,0.2,60165,48186,written
21,20260730,0.2,60602,48558,written
22,20260730,0.2,60236,48165,written
23,20260730,0.2,59923,47884,written
24,20260730,0.2,60510,48368,written
25,20260730,0.2,60405,48142,written
26,20260730,0.2,60391,48218,written
27,20260730,0.2,60307,48366,written
29,20260730,0.2,60119,48007,written
28,20260730,0.2,60512,48358,written
30,20260730,0.2,59897,48077,written
31,20260730,0.2,60301,48330,written
32,20260730,0.2,60108,48056,written
33,20260730,0.2,60053,47933,written
34,20260730,0.2,60519,48609,written
35,20260730,0.2,60044,48255,written
37,20260730,0.2,60551,48438,written
36,20260730,0.2,60303,48373,written
38,20260730,0.2,60300,48304,written
39,20260730,0.2,60243,48297,written
40,20260730,0.2,59910,47870,written
41,20260730,0.2,59959,47966,written
43,20260730,0.2,59981,47936,written
42,20260730,0.2,60742,48535,written
45,20260730,0.2,59837,47923,written
44,20260730,0.2,60395,48404,written
47,20260730,0.2,60051,48089,written
46,20260730,0.2,60793,48608,written
48,20260730,0.2,60138,48005,written
49,20260730,0.2,59979,48000,written
51,20260730,0.2,60460,48296,written
50,20260730,0.2,59994,47997,written
53,20260730,0.2,60225,48223,written
52,20260730,0.2,59652,47674,written
54,20260730,0.2,60353,48303,written
55,20260730,0.2,60337,48282,written
57,20260730,0.2,60086,48211,written
58,20260730,0.2,60422,48374,written
56,20260730,0.2,60075,48134,written
59,20260730,0.2,59980,48137,written
60,20260730,0.2,60575,48151,written
61,20260730,0.2,60441,48344,written
62,20260730,0.2,60253,48203,written
63,20260730,0.2,60142,47944,written
65,20260730,0.2,60069,47889,written
66,20260730,0.2,60223,48269,written
64,20260730,0.2,60677,48672,written
67,20260730,0.2,59880,48028,written
68,20260730,0.2,60192,48128,written
70,20260730,0.2,60527,48581,written
69,20260730,0.2,60619,48654,written
71,20260730,0.2,59580,47673,written
72,20260730,0.2,59740,47856,written
73,20260730,0.2,59818,47824,written
74,20260730,0.2,60414,48440,written
75,20260730,0.2,60270,48244,written
76,20260730,0.2,60636,48392,written
77,20260730,0.2,60181,47985,written
78,20260730,0.2,60277,48121,written
79,20260730,0.2,60277,48318,written
80,20260730,0.2,60267,48122,written
81,20260730,0.2,59840,47988,written
82,20260730,0.2,60376,48299,written
83,20260730,0.2,60213,48113,written
84,20260730,0.2,60100,48136,written
85,20260730,0.2,60345,48370,written
86,20260730,0.2,60413,48283,written
87,20260730,0.2,60495,48248,written
88,20260730,0.2,60377,48282,written
89,20260730,0.2,60354,48229,written
90,20260730,0.2,60264,48305,written
91,20260730,0.2,60184,48132,written
92,20260730,0.2,60027,48112,written
94,20260730,0.2,59932,47872,written
93,20260730,0.2,60566,48365,written
95,20260730,0.2,60787,48647,written
96,20260730,0.2,59377,47564,written
97,20260730,0.2,60377,48362,written
98,20260730,0.2,60410,48427,written
99,20260730,0.2,60518,48466,written
100,20260730,0.2,60119,48139,written
101,20260730,0.2,60276,48238,written
102,20260730,0.2,59904,48019,written
104,20260730,0.2,60454,48166,written
103,20260730,0.2,60888,48812,written
105,20260730,0.2,60213,48251,written
106,20260730,0.2,60396,48366,written
107,20260730,0.2,60278,48317,written
109,20260730,0.2,60553,48336,written
108,20260730,0.2,60176,48158,written
110,20260730,0.2,60407,48500,written
113,20260730,0.2,60152,47924,written
111,20260730,0.2,59974,48107,written
112,20260730,0.2,60278,48242,written
114,20260730,0.2,59885,48052,written
116,20260730,0.2,60422,48284,written
117,20260730,0.2,60379,48194,written
115,20260730,0.2,60311,48436,written
118,20260730,0.2,60033,47822,written
120,20260730,0.2,60108,48061,written
119,20260730,0.2,60562,48422,written
121,20260730,0.2,59935,48067,written
122,20260730,0.2,60275,48066,written
124,20260730,0.2,60505,48348,written
125,20260730,0.2,60607,48538,written
123,20260730,0.2,59954,47848,written
126,20260730,0.2,60201,48046,written
127,20260730,0.2,60186,48228,written
129,20260730,0.2,60400,48317,written
128,20260730,0.2,60220,48336,written
130,20260730,0.2,60017,47994,written
131,20260730,0.2,60168,48259,written
133,20260730,0.2,60066,48122,written
132,20260730,0.2,60501,48297,written
134,20260730,0.2,60252,48220,written
135,20260730,0.2,60426,48408,written
136,20260730,0.2,60212,48216,written
137,20260730,0.2,60239,48261,written
138,20260730,0.2,60385,48127,written
139,20260730,0.2,60339,48075,written
140,20260730,0.2,60429,48299,written
141,20260730,0.2,59929,47994,written
142,20260730,0.2,60034,48058,written
143,20260730,0.2,60119,48028,written
144,20260730,0.2,59935,47845,written
145,20260730,0.2,60293,48347,written
146,20260730,0.2,60038,47967,written
147,20260730,0.2,59881,47980,written
148,20260730,0.2,60252,48069,written
149,20260730,0.2,60609,48707,written
150,20260730,0.2,60345,48138,written
151,20260730,0.2,60302,48284,written
152,20260730,0.2,60063,47969,written
153,20260730,0.2,60314,48261,written
154,20260730,0.2,60120,47885,written
155,20260730,0.2,60340,48218,written
156,20260730,0.2,60318,48331,written
157,20260730,0.2,59936,48176,written
158,20260730,0.2,60154,48220,written
159,20260730,0.2,60085,48046,written
160,20260730,0.2,60034,48075,written
161,20260730,0.2,60341,48461,written
162,20260730,0.2,59853,47815,written
164,20260730,0.2,60157,48166,written
163,20260730,0.2,60643,48450,written
165,20260730,0.2,60405,48367,written
166,20260730,0.2,60417,48329,written
168,20260730,0.2,60389,48361,written
167,20260730,0.2,60504,48421,written
169,20260730,0.2,60022,48098,written
170,20260730,0.2,60223,48015,written
171,20260730,0.2,60426,48448,written
172,20260730,0.2,60277,48029,written
174,20260730,0.2,60355,48282,written
173,20260730,0.2,60819,48614,written
175,20260730,0.2,60326,48114,written
176,20260730,0.2,60294,48167,written
178,20260730,0.2,59880,47977,written
177,20260730,0.2,60409,48340,written
179,20260730,0.2,60176,48085,written
180,20260730,0.2,60374,48251,written
181,20260730,0.2,60006,48001,written
182,20260730,0.2,60342,48193,written
184,20260730,0.2,60257,48104,written
183,20260730,0.2,60080,48043,written
186,20260730,0.2,59966,47934,written
185,20260730,0.2,60037,47798,written
188,20260730,0.2,60478,48343,written
187,20260730,0.2,60108,48133,written
189,20260730,0.2,60204,48238,written
190,20260730,0.2,60631,48516,written
192,20260730,0.2,60448,48393,written
191,20260730,0.2,60096,47995,written
193,20260730,0.2,59964,47840,written
194,20260730,0.2,60519,48260,written
196,20260730,0.2,60022,48086,written
195,20260730,0.2,60770,48704,written
198,20260730,0.2,59770,47775,written
197,20260730,0.2,60430,48432,written
200,20260730,0.2,60260,48135,written
199,20260730,0.2,59468,47754,written
202,20260730,0.2,60297,48272,written
201,20260730,0.2,60437,48454,written
204,20260730,0.2,59899,47915,written
203,20260730,0.2,60087,47978,written
205,20260730,0.2,60077,47944,written
206,20260730,0.2,59937,48016,written
207,20260730,0.2,60259,48345,written
209,20260730,0.2,60505,48373,written
208,20260730,0.2,60058,47948,written
210,20260730,0.2,60124,48186,written
211,20260730,0.2,60180,48268,written
214,20260730,0.2,60148,48311,written
213,20260730,0.2,60023,47871,written
212,20260730,0.2,59960,48042,written
215,20260730,0.2,60062,48021,written
217,20260730,0.2,60047,47988,written
216,20260730,0.2,59932,47979,written
218,20260730,0.2,60116,47980,written
219,20260730,0.2,59681,47642,written
221,20260730,0.2,60390,48456,written
220,20260730,0.2,60190,48127,written
222,20260730,0.2,59943,47822,written
223,20260730,0.2,59843,47749,written
224,20260730,0.2,60104,48091,written
225,20260730,0.2,60101,47978,written
226,20260730,0.2,60072,48027,written
227,20260730,0.2,60225,48186,written
229,20260730,0.2,59902,47913,written
228,20260730,0.2,60522,48561,written
230,20260730,0.2,60061,47997,written
231,20260730,0.2,60070,48274,written
232,20260730,0.2,60578,48557,written
233,20260730,0.2,60082,47950,written
234,20260730,0.2,60577,48309,written
235,20260730,0.2,60459,48287,written
236,20260730,0.2,60170,48251,written
237,20260730,0.2,60379,48375,written
238,20260730,0.2,60028,47842,written
239,20260730,0.2,59922,47985,written
241,20260730,0.2,60391,48222,written
240,20260730,0.2,60411,48229,written
242,20260730,0.2,60016,48072,written
243,20260730,0.2,60249,48359,written
244,20260730,0.2,60326,48122,written
245,20260730,0.2,60019,48239,written
246,20260730,0.2,60442,48292,written
247,20260730,0.2,60222,48295,written
249,20260730,0.2,60171,48002,written
248,20260730,0.2,60615,48612,written
250,20260730,0.2,60084,48083,written
251,20260730,0.2,60186,48271,written
253,20260730,0.2,60163,48075,written
252,20260730,0.2,60344,48232,written
254,20260730,0.2,60309,48288,written
255,20260730,0.2,60138,48212,written
256,20260730,0.2,60352,48240,written
257,20260730,0.2,60558,48256,written
258,20260730,0.2,60285,48032,written
259,20260730,0.2,60490,48424,written
260,20260730,0.2,60266,48156,written
261,20260730,0.2,60589,48494,written
262,20260730,0.2,59896,47860,written
263,20260730,0.2,60404,48337,written
264,20260730,0.2,60287,48346,written
265,20260730,0.2,60464,48311,written
266,20260730,0.2,59948,48121,written
267,20260730,0.2,60069,48096,written
268,20260730,0.2,60177,47990,written
269,20260730,0.2,60466,48385,written
270,20260730,0.2,60198,48392,written
271,20260730,0.2,60316,48265,written
273,20260730,0.2,60038,48153,written
274,20260730,0.2,60527,48322,written
272,20260730,0.2,60973,48755,written
275,20260730,0.2,60173,48135,written
276,20260730,0.2,60284,48274,written
277,20260730,0.2,59943,48078,written
278,20260730,0.2,60303,48198,written
279,20260730,0.2,59876,47766,written
281,20260730,0.2,60365,48473,written
280,20260730,0.2,60152,48180,written
282,20260730,0.2,60300,48332,written
283,20260730,0.2,60022,47894,written
285,20260730,0.2,60143,48257,written
284,20260730,0.2,60381,48431,written
286,20260730,0.2,59881,47975,written
287,20260730,0.2,59912,47976,written
289,20260730,0.2,60234,48228,written
288,20260730,0.2,60151,48106,written
290,20260730,0.2,60111,48073,written
291,20260730,0.2,60183,48085,written
292,20260730,0.2,59788,47874,written
293,20260730,0.2,60108,48066,written
294,20260730,0.2,60343,48329,written
295,20260730,0.2,60331,48326,written
297,20260730,0.2,60108,47992,written
296,20260730,0.2,60363,48235,written
298,20260730,0.2,59871,47932,written
299,20260730,0.2,60421,48283,written
301,20260730,0.2,59844,47817,written
300,20260730,0.2,59676,47628,written
302,20260730,0.2,60533,48335,written
303,20260730,0.2,60384,48115,written
304,20260730,0.2,60002,47925,written
305,20260730,0.2,60840,48506,written
306,20260730,0.2,60164,48198,written
307,20260730,0.2,60204,48255,written
308,20260730,0.2,59900,47962,written
309,20260730,0.2,59593,47793,written
310,20260730,0.2,59925,47882,written
311,20260730,0.2,60482,48299,written
312,20260730,0.2,60449,48428,written
313,20260730,0.2,59894,47951,written
314,20260730,0.2,60263,48271,written
315,20260730,0.2,60138,48118,written
316,20260730,0.2,59995,47990,written
317,20260730,0.2,60438,48331,written
318,20260730,0.2,60150,48130,written
319,20260730,0.2,60575,48413,written
320,20260730,0.2,60322,48264,written
321,20260730,0.2,60446,48432,written
322,20260730,0.2,60464,48510,written
323,20260730,0.2,60214,48015,written
324,20260730,0.2,60169,48267,written
325,20260730,0.2,60144,47988,written
326,20260730,0.2,60219,47938,written
327,20260730,0.2,60220,48263,written
328,20260730,0.2,60198,48224,written
330,20260730,0.2,60490,48394,written
329,20260730,0.2,60198,48068,written
331,20260730,0.2,60327,48252,written
332,20260730,0.2,60435,48428,written
333,20260730,0.2,60268,48231,written
334,20260730,0.2,60679,48475,written
335,20260730,0.2,60196,48036,written
336,20260730,0.2,59921,47834,written
337,20260730,0.2,60286,48063,written
338,20260730,0.2,60040,48140,written
339,20260730,0.2,60138,48304,written
340,20260730,0.2,60355,48315,written
341,20260730,0.2,60402,48354,written
342,20260730,0.2,60182,48224,written
343,20260730,0.2,60377,48292,written
344,20260730,0.2,60234,48059,written
345,20260730,0.2,60233,48181,written
346,20260730,0.2,60357,48178,written
347,20260730,0.2,60330,48231,written
348,20260730,0.2,60045,47955,written
349,20260730,0.2,60131,47964,written
350,20260730,0.2,60237,48297,written
351,20260730,0.2,60355,48375,written
352,20260730,0.2,60025,48120,written
353,20260730,0.2,60408,48359,written
354,20260730,0.2,60131,48180,written
355,20260730,0.2,59987,48132,written
356,20260730,0.2,60358,48223,written
357,20260730,0.2,60289,48233,written
358,20260730,0.2,59939,48018,written
359,20260730,0.2,59750,47769,written
360,20260730,0.2,60591,48554,written
361,20260730,0.2,60083,48041,written
362,20260730,0.2,60254,48101,written
363,20260730,0.2,59830,47833,written
364,20260730,0.2,60462,48317,written
365,20260730,0.2,60117,48094,written
366,20260730,0.2,60188,48102,written
367,20260730,0.2,60235,48201,written
368,20260730,0.2,60128,48161,written
369,20260730,0.2,60384,48409,written
370,20260730,0.2,60354,48293,written
371,20260730,0.2,60423,48390,written
372,20260730,0.2,60370,48444,written
373,20260730,0.2,60246,48157,written
374,20260730,0.2,60140,48179,written
375,20260730,0.2,60234,48000,written
376,20260730,0.2,60411,48315,written
377,20260730,0.2,60298,48305,written
378,20260730,0.2,60301,48258,written
379,20260730,0.2,60187,48345,written
380,20260730,0.2,59983,47916,written
381,20260730,0.2,59875,47827,written
382,20260730,0.2,60158,48160,written
383,20260730,0.2,60714,48431,written
384,20260730,0.2,59875,47810,written
385,20260730,0.2,59796,47785,written
386,20260730,0.2,60367,48268,written
387,20260730,0.2,60091,47931,written
388,20260730,0.2,59995,48060,written
389,20260730,0.2,60053,47917,written
390,20260730,0.2,60027,47895,written
391,20260730,0.2,59828,47944,written
392,20260730,0.2,60291,48329,written
393,20260730,0.2,59890,47876,written
394,20260730,0.2,60429,48558,written
395,20260730,0.2,60516,48583,written
396,20260730,0.2,60083,48095,written
397,20260730,0.2,60289,48209,written
398,20260730,0.2,60578,48309,written
399,20260730,0.2,60437,48426,written
400,20260730,0.2,59755,47809,written
402,20260730,0.2,60161,48153,written
401,20260730,0.2,60220,48286,written
404,20260730,0.2,59562,47642,written
403,20260730,0.2,59700,47728,written
406,20260730,0.2,59671,47710,written
405,20260730,0.2,59974,47885,written
408,20260730,0.2,59841,47621,written
407,20260730,0.2,60421,48197,written
409,20260730,0.2,59810,48012,written
410,20260730,0.2,59981,48090,written
411,20260730,0.2,60155,48150,written
412,20260730,0.2,60189,48212,written
413,20260730,0.2,60547,48465,written
414,20260730,0.2,60218,48327,written
415,20260730,0.2,60050,48065,written
416,20260730,0.2,60337,48337,written
417,20260730,0.2,59896,48000,written
418,20260730,0.2,60624,48443,written
419,20260730,0.2,60443,48266,written
420,20260730,0.2,59999,48098,written
421,20260730,0.2,60614,48505,written
422,20260730,0.2,60112,48012,written
423,20260730,0.2,60675,48664,written
424,20260730,0.2,60229,48230,written
425,20260730,0.2,60541,48465,written
426,20260730,0.2,60144,48174,written
427,20260730,0.2,60223,48241,written
428,20260730,0.2,60361,48437,written
429,20260730,0.2,59949,47836,written
430,20260730,0.2,60495,48454,written
432,20260730,0.2,60100,48145,written
431,20260730,0.2,59862,48052,written
433,20260730,0.2,59897,47887,written
434,20260730,0.2,60212,48080,written
436,20260730,0.2,60488,48386,written
435,20260730,0.2,60407,48248,written
437,20260730,0.2,60231,47989,written
440,20260730,0.2,60388,48282,written
439,20260730,0.2,59848,48071,written
438,20260730,0.2,60423,48401,written
441,20260730,0.2,60261,48153,written
442,20260730,0.2,59813,47831,written
443,20260730,0.2,60199,48217,written
444,20260730,0.2,59968,47954,written
445,20260730,0.2,60084,48058,written
446,20260730,0.2,60082,47899,written
447,20260730,0.2,60345,48265,written
448,20260730,0.2,60432,48242,written
449,20260730,0.2,60193,48131,written
451,20260730,0.2,60632,48509,written
450,20260730,0.2,60421,48245,written
452,20260730,0.2,60532,48287,written
453,20260730,0.2,60596,48459,written
455,20260730,0.2,60362,48301,written
454,20260730,0.2,60357,48357,written
456,20260730,0.2,60228,48136,written
457,20260730,0.2,60521,48414,written
458,20260730,0.2,60271,48237,written
459,20260730,0.2,59736,47754,written
460,20260730,0.2,59848,47827,written
461,20260730,0.2,60144,48171,written
462,20260730,0.2,59927,48086,written
463,20260730,0.2,60258,48210,written
464,20260730,0.2,60422,48278,written
465,20260730,0.2,61061,48661,written
466,20260730,0.2,60272,48109,written
467,20260730,0.2,60163,47999,written
468,20260730,0.2,60727,48495,written
469,20260730,0.2,60085,48063,written
470,20260730,0.2,60118,48142,written
471,20260730,0.2,60292,48116,written
472,20260730,0.2,60094,48188,written
473,20260730,0.2,60881,48707,written
474,20260730,0.2,59914,47862,written
475,20260730,0.2,59715,47807,written
476,20260730,0.2,60205,48237,written
477,20260730,0.2,60303,48320,written
478,20260730,0.2,60221,48213,written
479,20260730,0.2,60048,48135,written
480,20260730,0.2,60063,48117,written
481,20260730,0.2,60347,48168,written
482,20260730,0.2,60242,48257,written
483,20260730,0.2,60080,47967,written
484,20260730,0.2,60377,48259,written
485,20260730,0.2,60592,48501,written
486,20260730,0.2,60231,48079,written
487,20260730,0.2,60032,48067,written
488,20260730,0.2,60469,48521,written
489,20260730,0.2,60320,48164,written
490,20260730,0.2,59885,48006,written
491,20260730,0.2,60152,48202,written
492,20260730,0.2,60049,48035,written
493,20260730,0.2,60406,48331,written
495,20260730,0.2,60498,48534,written
494,20260730,0.2,60064,48154,written
496,20260730,0.2,59875,47918,written
497,20260730,0.2,60328,48354,written
498,20260730,0.2,60217,48133,written
499,20260730,0.2,59955,48135,written
500,20260730,0.2,60156,48140,written
501,20260730,0.2,59956,48097,written
502,20260730,0.2,60536,48440,written
503,20260730,0.2,60108,48095,written
504,20260730,0.2,60830,48687,written
505,20260730,0.2,59983,48026,written
506,20260730,0.2,60028,48045,written
507,20260730,0.2,60469,48291,written
508,20260730,0.2,60221,48195,written
509,20260730,0.2,59860,47819,written
511,20260730,0.2,60234,48109,written
510,20260730,0.2,60451,48529,written
512,20260730,0.2,60206,48186,written
513,20260730,0.2,60127,48196,written
514,20260730,0.2,60057,48086,written
515,20260730,0.2,60276,48211,written
516,20260730,0.2,59897,47887,written
517,20260730,0.2,60340,48341,written
518,20260730,0.2,60295,48402,written
519,20260730,0.2,60296,48484,written
520,20260730,0.2,60169,48031,written
521,20260730,0.2,59884,47913,written
522,20260730,0.2,60240,48078,written
523,20260730,0.2,59832,47693,written
524,20260730,0.2,60412,48357,written
525,20260730,0.2,60047,47877,written
526,20260730,0.2,60051,48107,written
527,20260730,0.2,60117,48088,written
529,20260730,0.2,60409,48368,written
528,20260730,0.2,59935,47865,written
531,20260730,0.2,60311,48178,written
530,20260730,0.2,60746,48825,written
532,20260730,0.2,60274,48228,written
533,20260730,0.2,59970,48056,written
535,20260730,0.2,60143,48057,written
534,20260730,0.2,60271,48216,written
536,20260730,0.2,60276,48176,written
537,20260730,0.2,59926,47968,written
538,20260730,0.2,60141,47990,written
539,20260730,0.2,60604,48478,written
540,20260730,0.2,60040,48102,written
541,20260730,0.2,60004,47978,written
542,20260730,0.2,59541,47678,written
543,20260730,0.2,60087,47960,written
544,20260730,0.2,60043,48114,written
546,20260730,0.2,60431,48185,written
545,20260730,0.2,60585,48604,written
547,20260730,0.2,60493,48318,written
548,20260730,0.2,59819,47873,written
549,20260730,0.2,60219,48133,written
550,20260730,0.2,60502,48474,written
551,20260730,0.2,60226,48241,written
553,20260730,0.2,60347,48214,written
554,20260730,0.2,59536,47769,written
552,20260730,0.2,59916,47972,written
555,20260730,0.2,60172,48048,written
556,20260730,0.2,59968,47939,written
557,20260730,0.2,59905,48049,written
558,20260730,0.2,59738,47514,written
559,20260730,0.2,60153,48205,written
560,20260730,0.2,60790,48596,written
562,20260730,0.2,60207,48300,written
561,20260730,0.2,60752,48670,written
563,20260730,0.2,60608,48629,written
564,20260730,0.2,59975,48200,written
565,20260730,0.2,60430,48485,written
566,20260730,0.2,59913,48004,written
567,20260730,0.2,60129,47883,written
568,20260730,0.2,60442,48480,written
569,20260730,0.2,59866,47789,written
570,20260730,0.2,60218,48102,written
571,20260730,0.2,60049,48047,written
572,20260730,0.2,60440,48378,written
573,20260730,0.2,60375,48368,written
574,20260730,0.2,60738,48802,written
575,20260730,0.2,60503,48294,written
576,20260730,0.2,59826,47772,written
577,20260730,0.2,60338,48199,written
578,20260730,0.2,60118,48052,written
579,20260730,0.2,59814,47674,written
580,20260730,0.2,59721,47646,written
581,20260730,0.2,60388,48416,written
582,20260730,0.2,60149,48262,written
583,20260730,0.2,60779,48667,written
585,20260730,0.2,60539,48419,written
584,20260730,0.2,60309,48380,written
586,20260730,0.2,59950,47879,written
587,20260730,0.2,60095,48007,written
589,20260730,0.2,60493,48529,written
588,20260730,0.2,60034,48255,written
590,20260730,0.2,60622,48566,written
591,20260730,0.2,60558,48367,written
592,20260730,0.2,60097,48126,written
593,20260730,0.2,59859,47994,written
594,20260730,0.2,59836,47945,written
595,20260730,0.2,60391,48327,written
596,20260730,0.2,60373,48275,written
597,20260730,0.2,60277,48194,written
598,20260730,0.2,59901,47716,written
599,20260730,0.2,60231,48225,written
600,20260730,0.2,60918,48614,written
602,20260730,0.2,60279,48166,written
601,20260730,0.2,60107,48247,written
603,20260730,0.2,60275,48277,written
604,20260730,0.2,60379,48257,written
605,20260730,0.2,60208,48099,written
607,20260730,0.2,60617,48474,written
606,20260730,0.2,60676,48537,written
608,20260730,0.2,60228,48116,written
609,20260730,0.2,60313,48121,written
610,20260730,0.2,60337,48289,written
611,20260730,0.2,60745,48552,written
612,20260730,0.2,60357,48433,written
613,20260730,0.2,60100,48159,written
614,20260730,0.2,60180,48048,written
615,20260730,0.2,60346,48398,written
616,20260730,0.2,60158,47943,written
617,20260730,0.2,60360,48226,written
618,20260730,0.2,60152,48211,written
619,20260730,0.2,60526,48380,written
620,20260730,0.2,60210,48134,written
622,20260730,0.2,60339,48382,written
621,20260730,0.2,60342,48325,written
623,20260730,0.2,60361,48140,written
624,20260730,0.2,59960,47939,written
626,20260730,0.2,60212,48266,written
625,20260730,0.2,60290,48303,written
627,20260730,0.2,60637,48637,written
628,20260730,0.2,60470,48650,written
629,20260730,0.2,60105,48172,written
630,20260730,0.2,60065,47883,written
631,20260730,0.2,60754,48611,written
632,20260730,0.2,59766,47822,written
634,20260730,0.2,60285,48120,written
633,20260730,0.2,60252,48207,written
635,20260730,0.2,60181,47953,written
636,20260730,0.2,59865,47879,written
637,20260730,0.2,59960,48044,written
638,20260730,0.2,60188,48296,written
639,20260730,0.2,60054,48044,written
640,20260730,0.2,60353,48317,written
641,20260730,0.2,59939,47696,written
642,20260730,0.2,60195,48207,written
643,20260730,0.2,60389,48366,written
644,20260730,0.2,60770,48702,written
645,20260730,0.2,60285,48169,written
646,20260730,0.2,59827,47879,written
647,20260730,0.2,60464,48288,written
648,20260730,0.2,60193,47993,written
650,20260730,0.2,60526,48403,written
649,20260730,0.2,60003,47979,written
651,20260730,0.2,60008,48236,written
652,20260730,0.2,59992,48078,written
653,20260730,0.2,60487,48349,written
654,20260730,0.2,60139,48001,written
655,20260730,0.2,60271,48084,written
656,20260730,0.2,60552,48431,written
657,20260730,0.2,60512,48446,written
658,20260730,0.2,60534,48472,written
660,20260730,0.2,59929,47833,written
659,20260730,0.2,59807,47858,written
661,20260730,0.2,60074,48081,written
662,20260730,0.2,60355,48280,written
663,20260730,0.2,59917,48052,written
664,20260730,0.2,60554,48359,written
665,20260730,0.2,59939,47998,written
666,20260730,0.2,60089,48320,written
667,20260730,0.2,59857,47848,written
668,20260730,0.2,60231,48049,written
669,20260730,0.2,60109,48012,written
670,20260730,0.2,60349,48185,written
671,20260730,0.2,60228,48106,written
672,20260730,0.2,60050,48044,written
673,20260730,0.2,60443,48395,written
674,20260730,0.2,59898,47826,written
676,20260730,0.2,60273,48358,written
675,20260730,0.2,60415,48183,written
677,20260730,0.2,60365,48350,written
678,20260730,0.2,60441,48404,written
680,20260730,0.2,60460,48368,written
679,20260730,0.2,60507,48467,written
682,20260730,0.2,59957,47876,written
681,20260730,0.2,59970,47926,written
683,20260730,0.2,60540,48538,written
684,20260730,0.2,60491,48461,written
685,20260730,0.2,60400,48276,written
686,20260730,0.2,60273,48406,written
688,20260730,0.2,60007,48014,written
687,20260730,0.2,60382,48366,written
689,20260730,0.2,59970,47996,written
690,20260730,0.2,60358,48251,written
691,20260730,0.2,60239,48202,written
692,20260730,0.2,60411,48385,written
693,20260730,0.2,60201,47961,written
694,20260730,0.2,60391,48188,written
695,20260730,0.2,60126,48010,written
696,20260730,0.2,60365,48187,written
697,20260730,0.2,59968,48045,written
698,20260730,0.2,60036,47945,written
699,20260730,0.2,60372,48366,written
700,20260730,0.2,60221,48263,written
701,20260730,0.2,60415,48307,written
702,20260730,0.2,60345,48179,written
703,20260730,0.2,59958,48004,written
704,20260730,0.2,60315,48081,written
705,20260730,0.2,60528,48351,written
707,20260730,0.2,60676,48533,written
706,20260730,0.2,60436,48279,written
708,20260730,0.2,60665,48692,written
709,20260730,0.2,60467,48334,written
711,20260730,0.2,60116,48018,written
710,20260730,0.2,59882,47830,written
712,20260730,0.2,60395,48521,written
713,20260730,0.2,60222,48017,written
714,20260730,0.2,60765,48615,written
716,20260730,0.2,60441,48537,written
715,20260730,0.2,60103,48290,written
717,20260730,0.2,60229,48142,written
718,20260730,0.2,60182,48265,written
719,20260730,0.2,60285,48300,written
0,20260730,0.175,59956,41888,written
2,20260730,0.175,60204,42174,written
3,20260730,0.175,60153,41988,written
1,20260730,0.175,60418,42480,written
4,20260730,0.175,60382,42185,written
6,20260730,0.175,59977,42086,written
7,20260730,0.175,60475,42388,written
5,20260730,0.175,60083,41984,written
8,20260730,0.175,60163,42137,written
9,20260730,0.175,60088,42206,written
10,20260730,0.175,59854,41892,written
11,20260730,0.175,60120,42030,written
12,20260730,0.175,60108,42202,written
13,20260730,0.175,60351,42328,written
14,20260730,0.175,60241,42224,written
15,20260730,0.175,60178,42230,written
16,20260730,0.175,60339,42381,written
18,20260730,0.175,60213,42217,written
17,20260730,0.175,60329,42326,written
19,20260730,0.175,60642,42390,written
21,20260730,0.175,60602,42568,written
20,20260730,0.175,60165,42194,written
23,20260730,0.175,59923,41943,written
22,20260730,0.175,60236,42223,written
24,20260730,0.175,60510,42320,written
26,20260730,0.175,60391,42112,written
25,20260730,0.175,60405,42125,written
27,20260730,0.175,60307,42494,written
28,20260730,0.175,60512,42299,written
29,20260730,0.175,60119,42048,written
30,20260730,0.175,59897,42011,written
32,20260730,0.175,60108,41996,written
31,20260730,0.175,60301,42342,written
33,20260730,0.175,60053,41991,written
34,20260730,0.175,60519,42604,written
35,20260730,0.175,60044,42274,written
36,20260730,0.175,60303,42261,written
37,20260730,0.175,60551,42416,written
38,20260730,0.175,60300,42230,written
39,20260730,0.175,60243,42197,written
40,20260730,0.175,59910,41864,written
41,20260730,0.175,59959,42039,written
42,20260730,0.175,60742,42325,written
43,20260730,0.175,59981,42054,written
44,20260730,0.175,60395,42430,written
45,20260730,0.175,59837,41761,written
46,20260730,0.175,60793,42619,written
47,20260730,0.175,60051,42072,written
48,20260730,0.175,60138,42071,written
49,20260730,0.175,59979,41931,written
50,20260730,0.175,59994,41995,written
51,20260730,0.175,60460,42235,written
52,20260730,0.175,59652,41749,written
53,20260730,0.175,60225,42190,written
54,20260730,0.175,60353,42174,written
55,20260730,0.175,60337,42261,written
56,20260730,0.175,60075,42109,written
57,20260730,0.175,60086,42155,written
58,20260730,0.175,60422,42404,written
59,20260730,0.175,59980,42138,written
60,20260730,0.175,60575,42077,written
61,20260730,0.175,60441,42364,written
62,20260730,0.175,60253,42311,written
63,20260730,0.175,60142,41922,written
64,20260730,0.175,60677,42610,written
65,20260730,0.175,60069,41833,written
66,20260730,0.175,60223,42248,written
67,20260730,0.175,59880,42071,written
68,20260730,0.175,60192,41977,written
69,20260730,0.175,60619,42659,written
70,20260730,0.175,60527,42430,written
71,20260730,0.175,59580,41710,written
72,20260730,0.175,59740,41775,written
73,20260730,0.175,59818,41830,written
74,20260730,0.175,60414,42451,written
75,20260730,0.175,60270,42312,written
76,20260730,0.175,60636,42329,written
77,20260730,0.175,60181,42093,written
78,20260730,0.175,60277,42038,written
79,20260730,0.175,60277,42350,written
80,20260730,0.175,60267,42084,written
81,20260730,0.175,59840,42001,written
82,20260730,0.175,60376,42226,written
83,20260730,0.175,60213,42027,written
84,20260730,0.175,60100,42156,written
85,20260730,0.175,60345,42232,written
86,20260730,0.175,60413,42347,written
87,20260730,0.175,60495,42119,written
88,20260730,0.175,60377,42202,written
89,20260730,0.175,60354,42233,written
90,20260730,0.175,60264,42328,written
91,20260730,0.175,60184,42136,written
92,20260730,0.175,60027,41996,written
94,20260730,0.175,59932,41743,written
93,20260730,0.175,60566,42341,written
95,20260730,0.175,60787,42557,written
97,20260730,0.175,60377,42386,written
96,20260730,0.175,59377,41557,written
98,20260730,0.175,60410,42390,written
99,20260730,0.175,60518,42433,written
101,20260730,0.175,60276,42177,written
100,20260730,0.175,60119,42009,written
102,20260730,0.175,59904,42015,written
103,20260730,0.175,60888,42765,written
104,20260730,0.175,60454,42045,written
105,20260730,0.175,60213,42156,written
106,20260730,0.175,60396,42424,written
107,20260730,0.175,60278,42263,written
108,20260730,0.175,60176,42313,written
109,20260730,0.175,60553,42319,written
110,20260730,0.175,60407,42422,written
111,20260730,0.175,59974,42064,written
112,20260730,0.175,60278,42205,written
113,20260730,0.175,60152,41885,written
114,20260730,0.175,59885,42200,written
115,20260730,0.175,60311,42409,written
116,20260730,0.175,60422,42343,written
117,20260730,0.175,60379,42202,written
118,20260730,0.175,60033,41825,written
119,20260730,0.175,60562,42272,written
120,20260730,0.175,60108,42063,written
121,20260730,0.175,59935,42059,written
123,20260730,0.175,59954,41848,written
122,20260730,0.175,60275,41946,written
124,20260730,0.175,60505,42184,written
125,20260730,0.175,60607,42512,written
126,20260730,0.175,60201,41994,written
127,20260730,0.175,60186,42252,written
128,20260730,0.175,60220,42237,written
129,20260730,0.175,60400,42338,written
130,20260730,0.175,60017,42010,written
131,20260730,0.175,60168,42230,written
132,20260730,0.175,60501,42223,written
133,20260730,0.175,60066,42096,written
134,20260730,0.175,60252,42147,written
135,20260730,0.175,60426,42349,written
136,20260730,0.175,60212,42195,written
137,20260730,0.175,60239,42134,written
138,20260730,0.175,60385,42108,written
139,20260730,0.175,60339,42131,written
141,20260730,0.175,59929,42035,written
140,20260730,0.175,60429,42338,written
142,20260730,0.175,60034,42022,written
143,20260730,0.175,60119,42012,written
144,20260730,0.175,59935,41869,written
145,20260730,0.175,60293,42421,written
146,20260730,0.175,60038,42004,written
147,20260730,0.175,59881,41945,written
148,20260730,0.175,60252,42103,written
149,20260730,0.175,60609,42558,written
150,20260730,0.175,60345,42029,written
151,20260730,0.175,60302,42069,written
152,20260730,0.175,60063,41962,written
153,20260730,0.175,60314,42275,written
154,20260730,0.175,60120,41940,written
155,20260730,0.175,60340,42219,written
156,20260730,0.175,60318,42278,written
157,20260730,0.175,59936,42111,written
158,20260730,0.175,60154,42096,written
159,20260730,0.175,60085,42050,written
160,20260730,0.175,60034,41999,written
161,20260730,0.175,60341,42408,written
162,20260730,0.175,59853,41791,written
163,20260730,0.175,60643,42575,written
164,20260730,0.175,60157,42341,written
165,20260730,0.175,60405,42185,written
166,20260730,0.175,60417,42279,written
167,20260730,0.175,60504,42421,written
168,20260730,0.175,60389,42282,written
169,20260730,0.175,60022,42118,written
170,20260730,0.175,60223,42051,written
171,20260730,0.175,60426,42297,written
172,20260730,0.175,60277,42007,written
173,20260730,0.175,60819,42642,written
174,20260730,0.175,60355,42197,written
175,20260730,0.175,60326,42228,written
176,20260730,0.175,60294,42117,written
177,20260730,0.175,60409,42307,written
178,20260730,0.175,59880,42002,written
179,20260730,0.175,60176,42073,written
180,20260730,0.175,60374,42275,written
181,20260730,0.175,60006,41994,written
182,20260730,0.175,60342,42137,written
183,20260730,0.175,60080,41914,written
184,20260730,0.175,60257,42121,written
185,20260730,0.175,60037,41916,written
186,20260730,0.175,59966,41983,written
187,20260730,0.175,60108,41984,written
188,20260730,0.175,60478,42391,written
189,20260730,0.175,60204,42358,written
190,20260730,0.175,60631,42397,written
191,20260730,0.175,60096,41999,written
192,20260730,0.175,60448,42348,written
193,20260730,0.175,59964,41810,written
194,20260730,0.175,60519,42152,written
195,20260730,0.175,60770,42610,written
196,20260730,0.175,60022,42079,written
197,20260730,0.175,60430,42516,written
198,20260730,0.175,59770,41672,written
199,20260730,0.175,59468,41655,written
200,20260730,0.175,60260,42080,written
201,20260730,0.175,60437,42367,written
202,20260730,0.175,60297,42244,written
203,20260730,0.175,60087,41947,written
204,20260730,0.175,59899,41841,written
205,20260730,0.175,60077,41993,written
206,20260730,0.175,59937,42022,written
207,20260730,0.175,60259,42309,written
208,20260730,0.175,60058,41990,written
209,20260730,0.175,60505,42285,written
210,20260730,0.175,60124,42237,written
211,20260730,0.175,60180,42111,written
212,20260730,0.175,59960,42110,written
213,20260730,0.175,60023,41837,written
214,20260730,0.175,60148,42207,written
216,20260730,0.175,59932,41900,written
215,20260730,0.175,60062,42022,written
217,20260730,0.175,60047,41955,written
218,20260730,0.175,60116,42117,written
220,20260730,0.175,60190,42111,written
219,20260730,0.175,59681,41780,written
221,20260730,0.175,60390,42389,written
222,20260730,0.175,59943,41872,written
223,20260730,0.175,59843,41808,written
224,20260730,0.175,60104,42063,written
225,20260730,0.175,60101,41967,written
226,20260730,0.175,60072,41974,written
227,20260730,0.175,60225,42202,written
228,20260730,0.175,60522,42598,written
229,20260730,0.175,59902,41968,written
230,20260730,0.175,60061,41863,written
231,20260730,0.175,60070,42204,written
232,20260730,0.175,60578,42589,written
233,20260730,0.175,60082,42056,written
234,20260730,0.175,60577,42202,written
235,20260730,0.175,60459,42069,written
236,20260730,0.175,60170,42191,written
237,20260730,0.175,60379,42239,written
238,20260730,0.175,60028,41832,written
239,20260730,0.175,59922,41916,written
240,20260730,0.175,60411,42263,written
241,20260730,0.175,60391,42318,written
242,20260730,0.175,60016,42086,written
243,20260730,0.175,60249,42253,written
244,20260730,0.175,60326,42104,written
245,20260730,0.175,60019,42196,written
246,20260730,0.175,60442,42274,written
247,20260730,0.175,60222,42146,written
248,20260730,0.175,60615,42551,written
249,20260730,0.175,60171,42109,written
250,20260730,0.175,60084,42030,written
253,20260730,0.175,60163,41955,written
251,20260730,0.175,60186,42240,written
252,20260730,0.175,60344,42165,written
254,20260730,0.175,60309,42214,written
255,20260730,0.175,60138,42211,written
256,20260730,0.175,60352,42195,written
257,20260730,0.175,60558,42341,written
258,20260730,0.175,60285,41873,written
259,20260730,0.175,60490,42217,written
262,20260730,0.175,59896,41971,written
261,20260730,0.175,60589,42488,written
260,20260730,0.175,60266,42101,written
263,20260730,0.175,60404,42262,written
265,20260730,0.175,60464,42210,written
266,20260730,0.175,59948,41984,written
264,20260730,0.175,60287,42350,written
269,20260730,0.175,60466,42353,written
268,20260730,0.175,60177,42067,written
267,20260730,0.175,60069,41917,written
270,20260730,0.175,60198,42276,written
272,20260730,0.175,60973,42621,written
271,20260730,0.175,60316,42259,written
273,20260730,0.175,60038,42137,written
274,20260730,0.175,60527,42402,written
275,20260730,0.175,60173,42121,written
276,20260730,0.175,60284,42302,written
277,20260730,0.175,59943,42128,written
278,20260730,0.175,60303,42212,written
280,20260730,0.175,60152,42127,written
281,20260730,0.175,60365,42568,written
279,20260730,0.175,59876,41781,written
282,20260730,0.175,60300,42220,written
284,20260730,0.175,60381,42407,written
285,20260730,0.175,60143,42236,written
283,20260730,0.175,60022,41909,written
286,20260730,0.175,59881,42128,written
288,20260730,0.175,60151,42104,written
287,20260730,0.175,59912,41943,written
289,20260730,0.175,60234,42220,written
290,20260730,0.175,60111,42056,written
292,20260730,0.175,59788,41871,written
293,20260730,0.175,60108,42070,written
291,20260730,0.175,60183,42120,written
294,20260730,0.175,60343,42304,written
295,20260730,0.175,60331,42204,written
296,20260730,0.175,60363,42181,written
297,20260730,0.175,60108,42026,written
298,20260730,0.175,59871,41824,written
300,20260730,0.175,59676,41690,written
301,20260730,0.175,59844,41908,written
299,20260730,0.175,60421,42236,written
302,20260730,0.175,60533,42216,written
303,20260730,0.175,60384,42176,written
304,20260730,0.175,60002,41896,written
305,20260730,0.175,60840,42388,written
306,20260730,0.175,60164,42173,written
308,20260730,0.175,59900,41925,written
309,20260730,0.175,59593,41813,written
307,20260730,0.175,60204,42375,written
310,20260730,0.175,59925,41997,written
311,20260730,0.175,60482,42213,written
313,20260730,0.175,59894,42002,written
312,20260730,0.175,60449,42281,written
314,20260730,0.175,60263,42270,written
315,20260730,0.175,60138,42020,written
316,20260730,0.175,59995,41978,written
317,20260730,0.175,60438,42237,written
318,20260730,0.175,60150,42182,written
320,20260730,0.175,60322,42216,written
319,20260730,0.175,60575,42488,written
322,20260730,0.175,60464,42349,written
321,20260730,0.175,60446,42460,written
323,20260730,0.175,60214,42078,written
324,20260730,0.175,60169,42311,written
325,20260730,0.175,60144,42107,written
326,20260730,0.175,60219,41964,written
327,20260730,0.175,60220,42233,written
328,20260730,0.175,60198,42137,written
329,20260730,0.175,60198,42072,written
330,20260730,0.175,60490,42291,written
331,20260730,0.175,60327,42307,written
332,20260730,0.175,60435,42464,written
333,20260730,0.175,60268,42083,written
335,20260730,0.175,60196,41927,written
334,20260730,0.175,60679,42340,written
336,20260730,0.175,59921,41894,written
337,20260730,0.175,60286,42049,written
338,20260730,0.175,60040,42215,written
339,20260730,0.175,60138,42299,written
340,20260730,0.175,60355,42361,written
341,20260730,0.175,60402,42451,written
342,20260730,0.175,60182,42097,written
343,20260730,0.175,60377,42329,written
344,20260730,0.175,60234,41985,written
345,20260730,0.175,60233,42122,written
346,20260730,0.175,60357,42079,written
347,20260730,0.175,60330,42244,written
348,20260730,0.175,60045,42042,written
350,20260730,0.175,60237,42210,written
349,20260730,0.175,60131,41967,written
351,20260730,0.175,60355,42342,written
355,20260730,0.175,59987,42078,written
353,20260730,0.175,60408,42285,written
352,20260730,0.175,60025,42065,written
354,20260730,0.175,60131,42227,written
357,20260730,0.175,60289,42138,written
358,20260730,0.175,59939,42082,written
356,20260730,0.175,60358,42233,written
359,20260730,0.175,59750,41908,written
361,20260730,0.175,60083,42079,written
360,20260730,0.175,60591,42458,written
362,20260730,0.175,60254,42075,written
363,20260730,0.175,59830,41846,written
365,20260730,0.175,60117,42121,written
364,20260730,0.175,60462,42317,written
366,20260730,0.175,60188,42014,written
367,20260730,0.175,60235,42087,written
369,20260730,0.175,60384,42376,written
368,20260730,0.175,60128,42122,written
370,20260730,0.175,60354,42107,written
371,20260730,0.175,60423,42350,written
372,20260730,0.175,60370,42434,written
373,20260730,0.175,60246,42068,written
374,20260730,0.175,60140,42163,written
375,20260730,0.175,60234,42070,written
376,20260730,0.175,60411,42259,written
377,20260730,0.175,60298,42269,written
378,20260730,0.175,60301,42165,written
379,20260730,0.175,60187,42232,written
380,20260730,0.175,59983,41935,written
381,20260730,0.175,59875,41891,written
382,20260730,0.175,60158,42123,written
383,20260730,0.175,60714,42352,written
384,20260730,0.175,59875,41878,written
385,20260730,0.175,59796,41826,written
386,20260730,0.175,60367,42240,written
387,20260730,0.175,60091,41917,written
388,20260730,0.175,59995,42004,written
389,20260730,0.175,60053,42076,written
390,20260730,0.175,60027,41795,written
392,20260730,0.175,60291,42361,written
391,20260730,0.175,59828,41931,written
393,20260730,0.175,59890,41894,written
394,20260730,0.175,60429,42616,written
396,20260730,0.175,60083,41989,written
395,20260730,0.175,60516,42506,written
397,20260730,0.175,60289,42254,written
398,20260730,0.175,60578,42267,written
399,20260730,0.175,60437,42504,written
400,20260730,0.175,59755,41847,written
401,20260730,0.175,60220,42336,written
402,20260730,0.175,60161,42118,written
403,20260730,0.175,59700,41882,written
404,20260730,0.175,59562,41773,written
405,20260730,0.175,59974,41851,written
406,20260730,0.175,59671,41656,written
407,20260730,0.175,60421,42240,written
408,20260730,0.175,59841,41686,written
409,20260730,0.175,59810,41980,written
410,20260730,0.175,59981,42183,written
411,20260730,0.175,60155,42161,written
412,20260730,0.175,60189,42301,written
413,20260730,0.175,60547,42505,written
414,20260730,0.175,60218,42305,written
416,20260730,0.175,60337,42226,written
415,20260730,0.175,60050,42128,written
417,20260730,0.175,59896,42114,written
418,20260730,0.175,60624,42563,written
419,20260730,0.175,60443,42240,written
420,20260730,0.175,59999,42083,written
421,20260730,0.175,60614,42536,written
422,20260730,0.175,60112,41947,written
423,20260730,0.175,60675,42645,written
424,20260730,0.175,60229,42131,written
425,20260730,0.175,60541,42335,written
426,20260730,0.175,60144,42246,written
427,20260730,0.175,60223,42251,written
428,20260730,0.175,60361,42353,written
429,20260730,0.175,59949,41767,written
431,20260730,0.175,59862,42076,written
432,20260730,0.175,60100,42092,written
430,20260730,0.175,60495,42420,written
433,20260730,0.175,59897,41805,written
434,20260730,0.175,60212,42092,written
435,20260730,0.175,60407,42277,written
436,20260730,0.175,60488,42382,written
437,20260730,0.175,60231,41999,written
438,20260730,0.175,60423,42215,written
439,20260730,0.175,59848,42050,written
440,20260730,0.175,60388,42263,written
441,20260730,0.175,60261,42102,written
442,20260730,0.175,59813,41774,written
444,20260730,0.175,59968,41903,written
443,20260730,0.175,60199,42302,written
445,20260730,0.175,60084,41871,written
446,20260730,0.175,60082,42022,written
447,20260730,0.175,60345,42197,written
448,20260730,0.175,60432,42230,written
449,20260730,0.175,60193,42145,written
450,20260730,0.175,60421,42156,written
451,20260730,0.175,60632,42413,written
452,20260730,0.175,60532,42192,written
453,20260730,0.175,60596,42460,written
454,20260730,0.175,60357,42347,written
455,20260730,0.175,60362,42337,written
456,20260730,0.175,60228,42211,written
457,20260730,0.175,60521,42224,written
459,20260730,0.175,59736,41750,written
458,20260730,0.175,60271,42103,written
460,20260730,0.175,59848,41777,written
461,20260730,0.175,60144,42137,written
462,20260730,0.175,59927,42079,written
463,20260730,0.175,60258,42258,written
464,20260730,0.175,60422,42277,written
465,20260730,0.175,61061,42667,written
467,20260730,0.175,60163,41862,written
466,20260730,0.175,60272,42005,written
468,20260730,0.175,60727,42369,written
469,20260730,0.175,60085,41980,written
471,20260730,0.175,60292,42092,written
470,20260730,0.175,60118,42162,written
472,20260730,0.175,60094,42355,written
473,20260730,0.175,60881,42562,written
474,20260730,0.175,59914,41791,written
475,20260730,0.175,59715,41831,written
476,20260730,0.175,60205,42214,written
477,20260730,0.175,60303,42230,written
479,20260730,0.175,60048,42098,written
478,20260730,0.175,60221,42265,written
480,20260730,0.175,60063,42023,written
481,20260730,0.175,60347,42124,written
482,20260730,0.175,60242,42187,written
483,20260730,0.175,60080,41906,written
484,20260730,0.175,60377,42162,written
485,20260730,0.175,60592,42565,written
487,20260730,0.175,60032,42115,written
486,20260730,0.175,60231,42145,written
488,20260730,0.175,60469,42443,written
489,20260730,0.175,60320,42330,written
491,20260730,0.175,60152,42197,written
490,20260730,0.175,59885,41997,written
492,20260730,0.175,60049,42025,written
493,20260730,0.175,60406,42331,written
494,20260730,0.175,60064,42114,written
495,20260730,0.175,60498,42381,written
496,20260730,0.175,59875,42076,written
497,20260730,0.175,60328,42355,written
499,20260730,0.175,59955,42158,written
498,20260730,0.175,60217,42137,written
500,20260730,0.175,60156,42078,written
501,20260730,0.175,59956,42091,written
502,20260730,0.175,60536,42445,written
503,20260730,0.175,60108,42035,written
504,20260730,0.175,60830,42470,written
505,20260730,0.175,59983,42000,written
506,20260730,0.175,60028,42016,written
507,20260730,0.175,60469,42341,written
508,20260730,0.175,60221,42138,written
509,20260730,0.175,59860,41761,written
510,20260730,0.175,60451,42319,written
511,20260730,0.175,60234,42198,written
512,20260730,0.175,60206,42144,written
513,20260730,0.175,60127,42209,written
514,20260730,0.175,60057,42105,written
515,20260730,0.175,60276,42185,written
516,20260730,0.175,59897,41957,written
517,20260730,0.175,60340,42360,written
518,20260730,0.175,60295,42395,written
519,20260730,0.175,60296,42422,written
520,20260730,0.175,60169,42134,written
522,20260730,0.175,60240,42097,written
521,20260730,0.175,59884,41925,written
523,20260730,0.175,59832,41827,written
524,20260730,0.175,60412,42264,written
526,20260730,0.175,60051,42243,written
527,20260730,0.175,60117,41956,written
525,20260730,0.175,60047,41835,written
528,20260730,0.175,59935,41924,written
529,20260730,0.175,60409,42212,written
531,20260730,0.175,60311,42172,written
530,20260730,0.175,60746,42787,written
532,20260730,0.175,60274,42329,written
533,20260730,0.175,59970,42129,written
534,20260730,0.175,60271,42134,written
535,20260730,0.175,60143,42079,written
536,20260730,0.175,60276,42225,written
537,20260730,0.175,59926,41990,written
539,20260730,0.175,60604,42469,written
538,20260730,0.175,60141,41993,written
540,20260730,0.175,60040,42052,written
541,20260730,0.175,60004,41917,written
542,20260730,0.175,59541,41564,written
543,20260730,0.175,60087,41968,written
544,20260730,0.175,60043,42092,written
546,20260730,0.175,60431,42193,written
545,20260730,0.175,60585,42377,written
547,20260730,0.175,60493,42289,written
548,20260730,0.175,59819,41807,written
549,20260730,0.175,60219,42112,written
551,20260730,0.175,60226,42251,written
550,20260730,0.175,60502,42371,written
552,20260730,0.175,59916,41983,written
553,20260730,0.175,60347,42170,written
554,20260730,0.175,59536,41851,written
555,20260730,0.175,60172,42045,written
557,20260730,0.175,59905,42022,written
558,20260730,0.175,59738,41554,written
556,20260730,0.175,59968,41828,written
559,20260730,0.175,60153,42081,written
561,20260730,0.175,60752,42627,written
560,20260730,0.175,60790,42679,written
562,20260730,0.175,60207,42333,written
563,20260730,0.175,60608,42411,written
564,20260730,0.175,59975,42326,written
565,20260730,0.175,60430,42441,written
566,20260730,0.175,59913,41997,written
567,20260730,0.175,60129,41905,written
569,20260730,0.175,59866,41738,written
568,20260730,0.175,60442,42368,written
570,20260730,0.175,60218,41972,written
571,20260730,0.175,60049,41934,written
572,20260730,0.175,60440,42252,written
574,20260730,0.175,60738,42687,written
573,20260730,0.175,60375,42292,written
578,20260730,0.175,60118,42074,written
577,20260730,0.175,60338,42100,written
575,20260730,0.175,60503,42190,written
576,20260730,0.175,59826,41810,written
580,20260730,0.175,59721,41608,written
579,20260730,0.175,59814,41740,written
581,20260730,0.175,60388,42346,written
582,20260730,0.175,60149,42147,written
583,20260730,0.175,60779,42643,written
584,20260730,0.175,60309,42179,written
585,20260730,0.175,60539,42287,written
586,20260730,0.175,59950,41762,written
587,20260730,0.175,60095,42096,written
589,20260730,0.175,60493,42431,written
588,20260730,0.175,60034,42257,written
590,20260730,0.175,60622,42545,written
591,20260730,0.175,60558,42280,written
593,20260730,0.175,59859,41970,written
592,20260730,0.175,60097,42233,written
594,20260730,0.175,59836,42025,written
596,20260730,0.175,60373,42158,written
595,20260730,0.175,60391,42273,written
597,20260730,0.175,60277,42097,written
598,20260730,0.175,59901,41750,written
600,20260730,0.175,60918,42445,written
599,20260730,0.175,60231,42173,written
601,20260730,0.175,60107,42131,written
602,20260730,0.175,60279,42259,written
603,20260730,0.175,60275,42313,written
604,20260730,0.175,60379,42315,written
605,20260730,0.175,60208,41958,written
606,20260730,0.175,60676,42573,written
607,20260730,0.175,60617,42403,written
608,20260730,0.175,60228,42124,written
610,20260730,0.175,60337,42281,written
609,20260730,0.175,60313,42068,written
611,20260730,0.175,60745,42599,written
612,20260730,0.175,60357,42437,written
613,20260730,0.175,60100,42075,written
614,20260730,0.175,60180,42039,written
615,20260730,0.175,60346,42340,written
616,20260730,0.175,60158,41905,written
617,20260730,0.175,60360,42275,written
618,20260730,0.175,60152,42301,written
620,20260730,0.175,60210,42131,written
621,20260730,0.175,60342,42315,written
622,20260730,0.175,60339,42426,written
619,20260730,0.175,60526,42261,written
624,20260730,0.175,59960,42007,written
625,20260730,0.175,60290,42341,written
623,20260730,0.175,60361,42088,written
626,20260730,0.175,60212,42131,written
629,20260730,0.175,60105,42267,written
630,20260730,0.175,60065,41867,written
628,20260730,0.175,60470,42660,written
631,20260730,0.175,60754,42530,written
627,20260730,0.175,60637,42427,written
632,20260730,0.175,59766,41771,written
635,20260730,0.175,60181,42042,written
636,20260730,0.175,59865,41828,written
633,20260730,0.175,60252,42266,written
634,20260730,0.175,60285,42012,written
638,20260730,0.175,60188,42141,written
637,20260730,0.175,59960,41882,written
639,20260730,0.175,60054,42165,written
640,20260730,0.175,60353,42325,written
642,20260730,0.175,60195,42145,written
641,20260730,0.175,59939,41537,written
643,20260730,0.175,60389,42324,written
644,20260730,0.175,60770,42470,written
645,20260730,0.175,60285,42050,written
646,20260730,0.175,59827,41914,written
647,20260730,0.175,60464,42240,written
648,20260730,0.175,60193,41910,written
649,20260730,0.175,60003,42056,written
651,20260730,0.175,60008,42242,written
650,20260730,0.175,60526,42249,written
652,20260730,0.175,59992,42108,written
653,20260730,0.175,60487,42331,written
654,20260730,0.175,60139,41934,written
655,20260730,0.175,60271,42014,written
656,20260730,0.175,60552,42494,written
657,20260730,0.175,60512,42497,written
658,20260730,0.175,60534,42348,written
659,20260730,0.175,59807,41801,written
660,20260730,0.175,59929,41885,written
661,20260730,0.175,60074,42024,written
662,20260730,0.175,60355,42233,written
663,20260730,0.175,59917,42132,written
664,20260730,0.175,60554,42457,written
666,20260730,0.175,60089,42260,written
665,20260730,0.175,59939,42058,written
667,20260730,0.175,59857,41798,written
668,20260730,0.175,60231,41900,written
670,20260730,0.175,60349,42105,written
669,20260730,0.175,60109,41990,written
672,20260730,0.175,60050,41975,written
671,20260730,0.175,60228,42250,written
673,20260730,0.175,60443,42404,written
674,20260730,0.175,59898,41872,written
675,20260730,0.175,60415,42161,written
676,20260730,0.175,60273,42381,written
677,20260730,0.175,60365,42359,written
678,20260730,0.175,60441,42346,written
679,20260730,0.175,60507,42407,written
680,20260730,0.175,60460,42351,written
681,20260730,0.175,59970,41943,written
682,20260730,0.175,59957,41889,written
684,20260730,0.175,60491,42506,written
683,20260730,0.175,60540,42441,written
688,20260730,0.175,60007,42052,written
687,20260730,0.175,60382,42301,written
686,20260730,0.175,60273,42338,written
685,20260730,0.175,60400,42220,written
689,20260730,0.175,59970,42029,written
692,20260730,0.175,60411,42464,written
690,20260730,0.175,60358,42196,written
691,20260730,0.175,60239,42153,written
693,20260730,0.175,60201,42015,written
695,20260730,0.175,60126,42020,written
694,20260730,0.175,60391,42151,written
696,20260730,0.175,60365,42167,written
698,20260730,0.175,60036,42035,written
699,20260730,0.175,60372,42310,written
697,20260730,0.175,59968,41997,written
700,20260730,0.175,60221,42223,written
701,20260730,0.175,60415,42280,written
702,20260730,0.175,60345,42196,written
703,20260730,0.175,59958,41970,written
704,20260730,0.175,60315,41924,written
705,20260730,0.175,60528,42460,written
706,20260730,0.175,60436,42196,written
707,20260730,0.175,60676,42572,written
708,20260730,0.175,60665,42771,written
709,20260730,0.175,60467,42465,written
710,20260730,0.175,59882,41861,written
711,20260730,0.175,60116,42012,written
712,20260730,0.175,60395,42436,written
713,20260730,0.175,60222,42130,written
714,20260730,0.175,60765,42596,written
716,20260730,0.175,60441,42581,written
715,20260730,0.175,60103,42152,written
717,20260730,0.175,60229,42100,written
718,20260730,0.175,60182,42178,written
719,20260730,0.175,60285,42301,written
0,20260730,0.15,59956,35892,written
2,20260730,0.15,60204,36158,written
3,20260730,0.15,60153,36036,written
1,20260730,0.15,60418,36360,written
4,20260730,0.15,60382,36202,written
6,20260730,0.15,59977,36063,written
5,20260730,0.15,60083,35928,written
7,20260730,0.15,60475,36246,written
10,20260730,0.15,59854,35816,written
9,20260730,0.15,60088,36048,written
8,20260730,0.15,60163,35978,written
11,20260730,0.15,60120,36040,written
12,20260730,0.15,60108,36204,written
13,20260730,0.15,60351,36314,written
14,20260730,0.15,60241,36128,written
15,20260730,0.15,60178,36085,written
16,20260730,0.15,60339,36385,written
17,20260730,0.15,60329,36254,written
18,20260730,0.15,60213,36072,written
19,20260730,0.15,60642,36394,written
21,20260730,0.15,60602,36401,written
20,20260730,0.15,60165,36062,written
23,20260730,0.15,59923,35884,written
22,20260730,0.15,60236,36166,written
25,20260730,0.15,60405,36051,written
24,20260730,0.15,60510,36290,written
26,20260730,0.15,60391,36055,written
27,20260730,0.15,60307,36419,written
28,20260730,0.15,60512,36185,written
29,20260730,0.15,60119,36125,written
30,20260730,0.15,59897,36094,written
32,20260730,0.15,60108,35899,written
33,20260730,0.15,60053,35956,written
31,20260730,0.15,60301,36321,written
34,20260730,0.15,60519,36615,written
35,20260730,0.15,60044,36308,written
36,20260730,0.15,60303,36211,written
38,20260730,0.15,60300,36170,written
37,20260730,0.15,60551,36425,written
39,20260730,0.15,60243,36159,written
40,20260730,0.15,59910,35994,written
41,20260730,0.15,59959,36015,written
42,20260730,0.15,60742,36316,written
43,20260730,0.15,59981,36055,written
44,20260730,0.15,60395,36315,written
45,20260730,0.15,59837,35794,written
46,20260730,0.15,60793,36496,written
47,20260730,0.15,60051,36068,written
48,20260730,0.15,60138,36012,written
49,20260730,0.15,59979,35914,written
51,20260730,0.15,60460,36112,written
52,20260730,0.15,59652,35710,written
50,20260730,0.15,59994,36132,written
53,20260730,0.15,60225,36116,written
54,20260730,0.15,60353,36156,written
55,20260730,0.15,60337,36229,written
57,20260730,0.15,60086,36288,written
56,20260730,0.15,60075,36051,written
58,20260730,0.15,60422,36249,written
59,20260730,0.15,59980,36156,written
60,20260730,0.15,60575,35943,written
61,20260730,0.15,60441,36393,written
62,20260730,0.15,60253,36234,written
63,20260730,0.15,60142,35936,written
64,20260730,0.15,60677,36493,written
65,20260730,0.15,60069,35781,written
67,20260730,0.15,59880,36048,written
66,20260730,0.15,60223,36265,written
68,20260730,0.15,60192,35928,written
69,20260730,0.15,60619,36480,written
70,20260730,0.15,60527,36456,written
71,20260730,0.15,59580,35826,written
72,20260730,0.15,59740,35721,written
74,20260730,0.15,60414,36437,written
73,20260730,0.15,59818,35896,written
75,20260730,0.15,60270,36307,written
77,20260730,0.15,60181,36094,written
76,20260730,0.15,60636,36343,written
78,20260730,0.15,60277,36102,written
79,20260730,0.15,60277,36221,written
80,20260730,0.15,60267,36047,written
83,20260730,0.15,60213,35960,written
81,20260730,0.15,59840,36133,written
82,20260730,0.15,60376,36105,written
84,20260730,0.15,60100,36163,written
85,20260730,0.15,60345,36158,written
86,20260730,0.15,60413,36284,written
87,20260730,0.15,60495,36094,written
88,20260730,0.15,60377,36308,written
89,20260730,0.15,60354,36207,written
90,20260730,0.15,60264,36311,written
91,20260730,0.15,60184,36160,written
92,20260730,0.15,60027,36155,written
93,20260730,0.15,60566,36408,written
94,20260730,0.15,59932,35775,written
95,20260730,0.15,60787,36550,written
96,20260730,0.15,59377,35622,written
97,20260730,0.15,60377,36334,written
98,20260730,0.15,60410,36375,written
99,20260730,0.15,60518,36437,written
100,20260730,0.15,60119,36006,written
101,20260730,0.15,60276,36139,written
102,20260730,0.15,59904,35978,written
103,20260730,0.15,60888,36688,written
104,20260730,0.15,60454,35994,written
105,20260730,0.15,60213,36074,written
106,20260730,0.15,60396,36333,written
107,20260730,0.15,60278,36249,written
108,20260730,0.15,60176,36228,written
109,20260730,0.15,60553,36400,written
110,20260730,0.15,60407,36365,written
111,20260730,0.15,59974,36023,written
112,20260730,0.15,60278,36166,written
114,20260730,0.15,59885,36315,written
113,20260730,0.15,60152,35879,written
115,20260730,0.15,60311,36318,written
116,20260730,0.15,60422,36297,written
117,20260730,0.15,60379,36137,written
118,20260730,0.15,60033,35901,written
119,20260730,0.15,60562,36305,written
120,20260730,0.15,60108,36020,written
121,20260730,0.15,59935,36097,written
122,20260730,0.15,60275,36017,written
123,20260730,0.15,59954,35880,written
124,20260730,0.15,60505,36130,written
126,20260730,0.15,60201,36094,written
125,20260730,0.15,60607,36516,written
127,20260730,0.15,60186,36219,written
128,20260730,0.15,60220,36222,written
129,20260730,0.15,60400,36312,written
131,20260730,0.15,60168,36204,written
130,20260730,0.15,60017,36074,written
132,20260730,0.15,60501,36213,written
133,20260730,0.15,60066,36178,written
134,20260730,0.15,60252,36107,written
135,20260730,0.15,60426,36180,written
136,20260730,0.15,60212,36153,written
138,20260730,0.15,60385,36069,written
137,20260730,0.15,60239,35953,written
139,20260730,0.15,60339,36065,written
140,20260730,0.15,60429,36396,written
142,20260730,0.15,60034,36114,written
141,20260730,0.15,59929,35967,written
143,20260730,0.15,60119,35975,written
144,20260730,0.15,59935,35845,written
145,20260730,0.15,60293,36333,written
146,20260730,0.15,60038,36033,written
147,20260730,0.15,59881,35982,written
148,20260730,0.15,60252,36195,written
149,20260730,0.15,60609,36549,written
150,20260730,0.15,60345,35963,written
151,20260730,0.15,60302,36049,written
152,20260730,0.15,60063,35936,written
153,20260730,0.15,60314,36259,written
154,20260730,0.15,60120,36025,written
155,20260730,0.15,60340,36155,written
156,20260730,0.15,60318,36184,written
158,20260730,0.15,60154,36049,written
157,20260730,0.15,59936,35929,written
159,20260730,0.15,60085,36201,written
160,20260730,0.15,60034,36044,written
161,20260730,0.15,60341,36320,written
162,20260730,0.15,59853,35810,written
163,20260730,0.15,60643,36607,written
164,20260730,0.15,60157,36293,written
165,20260730,0.15,60405,35922,written
166,20260730,0.15,60417,36138,written
167,20260730,0.15,60504,36402,written
168,20260730,0.15,60389,36229,written
170,20260730,0.15,60223,35937,written
169,20260730,0.15,60022,36048,written
171,20260730,0.15,60426,36243,written
174,20260730,0.15,60355,36194,written
173,20260730,0.15,60819,36519,written
172,20260730,0.15,60277,36018,written
175,20260730,0.15,60326,36278,written
178,20260730,0.15,59880,35962,written
176,20260730,0.15,60294,36151,written
177,20260730,0.15,60409,36205,written
179,20260730,0.15,60176,36122,written
180,20260730,0.15,60374,36221,written
181,20260730,0.15,60006,36057,written
182,20260730,0.15,60342,36042,written
183,20260730,0.15,60080,35997,written
186,20260730,0.15,59966,36016,written
187,20260730,0.15,60108,36000,written
184,20260730,0.15,60257,36075,written
185,20260730,0.15,60037,35876,written
188,20260730,0.15,60478,36265,written
189,20260730,0.15,60204,36350,written
190,20260730,0.15,60631,36248,written
191,20260730,0.15,60096,35960,written
192,20260730,0.15,60448,36304,written
193,20260730,0.15,59964,35941,written
195,20260730,0.15,60770,36499,written
194,20260730,0.15,60519,36157,written
196,20260730,0.15,60022,36051,written
197,20260730,0.15,60430,36442,written
198,20260730,0.15,59770,35651,written
199,20260730,0.15,59468,35768,written
200,20260730,0.15,60260,36024,written
202,20260730,0.15,60297,36197,written
201,20260730,0.15,60437,36313,written
203,20260730,0.15,60087,35884,written
204,20260730,0.15,59899,35895,written
207,20260730,0.15,60259,36274,written
205,20260730,0.15,60077,36002,written
206,20260730,0.15,59937,35944,written
208,20260730,0.15,60058,35994,written
209,20260730,0.15,60505,36329,written
211,20260730,0.15,60180,36118,written
210,20260730,0.15,60124,36198,written
212,20260730,0.15,59960,36127,written
214,20260730,0.15,60148,36062,written
213,20260730,0.15,60023,35809,written
215,20260730,0.15,60062,36006,written
216,20260730,0.15,59932,35981,written
218,20260730,0.15,60116,36084,written
217,20260730,0.15,60047,35930,written
219,20260730,0.15,59681,35789,written
220,20260730,0.15,60190,36060,written
221,20260730,0.15,60390,36364,written
222,20260730,0.15,59943,35998,written
223,20260730,0.15,59843,35868,written
224,20260730,0.15,60104,36099,written
227,20260730,0.15,60225,36222,written
225,20260730,0.15,60101,35992,written
226,20260730,0.15,60072,35913,written
228,20260730,0.15,60522,36534,written
230,20260730,0.15,60061,35855,written
231,20260730,0.15,60070,36201,written
229,20260730,0.15,59902,36002,written
232,20260730,0.15,60578,36543,written
233,20260730,0.15,60082,36052,written
234,20260730,0.15,60577,36168,written
235,20260730,0.15,60459,35996,written
236,20260730,0.15,60170,36178,written
237,20260730,0.15,60379,36225,written
238,20260730,0.15,60028,35878,written
239,20260730,0.15,59922,35984,written
240,20260730,0.15,60411,36262,written
241,20260730,0.15,60391,36207,written
242,20260730,0.15,60016,36081,written
243,20260730,0.15,60249,36274,written
244,20260730,0.15,60326,36102,written
245,20260730,0.15,60019,36128,written
246,20260730,0.15,60442,36166,written
247,20260730,0.15,60222,36074,written
248,20260730,0.15,60615,36697,written
249,20260730,0.15,60171,36063,written
250,20260730,0.15,60084,35930,written
251,20260730,0.15,60186,36211,written
252,20260730,0.15,60344,36134,written
253,20260730,0.15,60163,35870,written
254,20260730,0.15,60309,36244,written
255,20260730,0.15,60138,36186,written
256,20260730,0.15,60352,36162,written
257,20260730,0.15,60558,36155,written
258,20260730,0.15,60285,35843,written
259,20260730,0.15,60490,36082,written
260,20260730,0.15,60266,35950,written
261,20260730,0.15,60589,36525,written
262,20260730,0.15,59896,35956,written
263,20260730,0.15,60404,36188,written
264,20260730,0.15,60287,36320,written
265,20260730,0.15,60464,36308,written
266,20260730,0.15,59948,35998,written
267,20260730,0.15,60069,35909,written
268,20260730,0.15,60177,36064,written
269,20260730,0.15,60466,36382,written
270,20260730,0.15,60198,36344,written
271,20260730,0.15,60316,36199,written
272,20260730,0.15,60973,36663,written
273,20260730,0.15,60038,36070,written
274,20260730,0.15,60527,36448,written
276,20260730,0.15,60284,36289,written
275,20260730,0.15,60173,36118,written
277,20260730,0.15,59943,35925,written
278,20260730,0.15,60303,36232,written
280,20260730,0.15,60152,36142,written
279,20260730,0.15,59876,35693,written
281,20260730,0.15,60365,36467,written
282,20260730,0.15,60300,36259,written
284,20260730,0.15,60381,36337,written
283,20260730,0.15,60022,35857,written
285,20260730,0.15,60143,36280,written
286,20260730,0.15,59881,36053,written
287,20260730,0.15,59912,35939,written
288,20260730,0.15,60151,35984,written
289,20260730,0.15,60234,36106,written
290,20260730,0.15,60111,35863,written
292,20260730,0.15,59788,35857,written
291,20260730,0.15,60183,36254,written
293,20260730,0.15,60108,36086,written
294,20260730,0.15,60343,36274,written
296,20260730,0.15,60363,36112,written
295,20260730,0.15,60331,36062,written
297,20260730,0.15,60108,36028,written
298,20260730,0.15,59871,35860,written
299,20260730,0.15,60421,36142,written
300,20260730,0.15,59676,35948,written
301,20260730,0.15,59844,35816,written
302,20260730,0.15,60533,36149,written
303,20260730,0.15,60384,36034,written
304,20260730,0.15,60002,35905,written
305,20260730,0.15,60840,36329,written
306,20260730,0.15,60164,36164,written
307,20260730,0.15,60204,36389,written
308,20260730,0.15,59900,35972,written
309,20260730,0.15,59593,35929,written
310,20260730,0.15,59925,35987,written
311,20260730,0.15,60482,36086,written
312,20260730,0.15,60449,36166,written
313,20260730,0.15,59894,36000,written
314,20260730,0.15,60263,36275,written
315,20260730,0.15,60138,36102,written
316,20260730,0.15,59995,36024,written
317,20260730,0.15,60438,36146,written
318,20260730,0.15,60150,36209,written
319,20260730,0.15,60575,36430,written
320,20260730,0.15,60322,36078,written
321,20260730,0.15,60446,36340,written
322,20260730,0.15,60464,36328,written
324,20260730,0.15,60169,36278,written
323,20260730,0.15,60214,36102,written
325,20260730,0.15,60144,36132,written
326,20260730,0.15,60219,35942,written
327,20260730,0.15,60220,36156,written
329,20260730,0.15,60198,36008,written
328,20260730,0.15,60198,35942,written
330,20260730,0.15,60490,36375,written
331,20260730,0.15,60327,36153,written
332,20260730,0.15,60435,36319,written
333,20260730,0.15,60268,36122,written
334,20260730,0.15,60679,36290,written
335,20260730,0.15,60196,35964,written
336,20260730,0.15,59921,36030,written
337,20260730,0.15,60286,36164,written
338,20260730,0.15,60040,36142,written
339,20260730,0.15,60138,36283,written
340,20260730,0.15,60355,36374,written
341,20260730,0.15,60402,36402,written
342,20260730,0.15,60182,36049,written
343,20260730,0.15,60377,36311,written
344,20260730,0.15,60234,36030,written
345,20260730,0.15,60233,36063,written
346,20260730,0.15,60357,36129,written
347,20260730,0.15,60330,36173,written
348,20260730,0.15,60045,36052,written
350,20260730,0.15,60237,36217,written
349,20260730,0.15,60131,35975,written
351,20260730,0.15,60355,36311,written
352,20260730,0.15,60025,36027,written
354,20260730,0.15,60131,36128,written
353,20260730,0.15,60408,36276,written
355,20260730,0.15,59987,35987,written
356,20260730,0.15,60358,36249,written
357,20260730,0.15,60289,36028,written
358,20260730,0.15,59939,36099,written
359,20260730,0.15,59750,35974,written
360,20260730,0.15,60591,36396,written
362,20260730,0.15,60254,36094,written
361,20260730,0.15,60083,35901,written
363,20260730,0.15,59830,35919,written
365,20260730,0.15,60117,36182,written
364,20260730,0.15,60462,36148,written
366,20260730,0.15,60188,35900,written
367,20260730,0.15,60235,36081,written
368,20260730,0.15,60128,36109,written
370,20260730,0.15,60354,35989,written
369,20260730,0.15,60384,36279,written
371,20260730,0.15,60423,36242,written
372,20260730,0.15,60370,36348,written
373,20260730,0.15,60246,36078,written
374,20260730,0.15,60140,36164,written
375,20260730,0.15,60234,35992,written
376,20260730,0.15,60411,36343,written
377,20260730,0.15,60298,36320,written
378,20260730,0.15,60301,36168,written
379,20260730,0.15,60187,36265,written
380,20260730,0.15,59983,36009,written
381,20260730,0.15,59875,35936,written
382,20260730,0.15,60158,36194,written
383,20260730,0.15,60714,36411,written
384,20260730,0.15,59875,35851,written
385,20260730,0.15,59796,35811,written
386,20260730,0.15,60367,36212,written
387,20260730,0.15,60091,35955,written
388,20260730,0.15,59995,36007,written
389,20260730,0.15,60053,36035,written
390,20260730,0.15,60027,35778,written
391,20260730,0.15,59828,35850,written
392,20260730,0.15,60291,36210,written
393,20260730,0.15,59890,36006,written
394,20260730,0.15,60429,36375,written
395,20260730,0.15,60516,36419,written
396,20260730,0.15,60083,36110,written
397,20260730,0.15,60289,36159,written
398,20260730,0.15,60578,36243,written
399,20260730,0.15,60437,36420,written
400,20260730,0.15,59755,35892,written
401,20260730,0.15,60220,36255,written
402,20260730,0.15,60161,36140,written
403,20260730,0.15,59700,35970,written
404,20260730,0.15,59562,35835,written
405,20260730,0.15,59974,35978,written
406,20260730,0.15,59671,35675,written
407,20260730,0.15,60421,36254,written
408,20260730,0.15,59841,35775,written
409,20260730,0.15,59810,35922,written
410,20260730,0.15,59981,36327,written
412,20260730,0.15,60189,36187,written
411,20260730,0.15,60155,36146,written
413,20260730,0.15,60547,36338,written
414,20260730,0.15,60218,36210,written
416,20260730,0.15,60337,36123,written
415,20260730,0.15,60050,36109,written
417,20260730,0.15,59896,36169,written
418,20260730,0.15,60624,36469,written
421,20260730,0.15,60614,36438,written
419,20260730,0.15,60443,36269,written
420,20260730,0.15,59999,36021,written
422,20260730,0.15,60112,36024,written
423,20260730,0.15,60675,36514,written
424,20260730,0.15,60229,36169,written
425,20260730,0.15,60541,36251,written
426,20260730,0.15,60144,36250,written
427,20260730,0.15,60223,36213,written
428,20260730,0.15,60361,36360,written
429,20260730,0.15,59949,35906,written
430,20260730,0.15,60495,36259,written
431,20260730,0.15,59862,35977,written
432,20260730,0.15,60100,36028,written
433,20260730,0.15,59897,35847,written
434,20260730,0.15,60212,36030,written
436,20260730,0.15,60488,36423,written
435,20260730,0.15,60407,36278,written
437,20260730,0.15,60231,35888,written
438,20260730,0.15,60423,36168,written
440,20260730,0.15,60388,36227,written
439,20260730,0.15,59848,36134,written
441,20260730,0.15,60261,36100,written
442,20260730,0.15,59813,35889,written
443,20260730,0.15,60199,36237,written
444,20260730,0.15,59968,35987,written
445,20260730,0.15,60084,35918,written
446,20260730,0.15,60082,36096,written
447,20260730,0.15,60345,36251,written
448,20260730,0.15,60432,36159,written
449,20260730,0.15,60193,36081,written
450,20260730,0.15,60421,36068,written
451,20260730,0.15,60632,36474,written
452,20260730,0.15,60532,36148,written
453,20260730,0.15,60596,36465,written
454,20260730,0.15,60357,36349,written
455,20260730,0.15,60362,36274,written
456,20260730,0.15,60228,36108,written
457,20260730,0.15,60521,36281,written
458,20260730,0.15,60271,36036,written
460,20260730,0.15,59848,35942,written
459,20260730,0.15,59736,35775,written
461,20260730,0.15,60144,36071,written
462,20260730,0.15,59927,36112,written
463,20260730,0.15,60258,36225,written
464,20260730,0.15,60422,36153,written
465,20260730,0.15,61061,36635,written
466,20260730,0.15,60272,35962,written
467,20260730,0.15,60163,35943,written
468,20260730,0.15,60727,36215,written
469,20260730,0.15,60085,35894,written
470,20260730,0.15,60118,36104,written
471,20260730,0.15,60292,36098,written
472,20260730,0.15,60094,36258,written
473,20260730,0.15,60881,36426,written
474,20260730,0.15,59914,35773,written
475,20260730,0.15,59715,35936,written
476,20260730,0.15,60205,36315,written
477,20260730,0.15,60303,36209,written
478,20260730,0.15,60221,36314,written
479,20260730,0.15,60048,36035,written
480,20260730,0.15,60063,36033,written
481,20260730,0.15,60347,36113,written
482,20260730,0.15,60242,36094,written
483,20260730,0.15,60080,35910,written
484,20260730,0.15,60377,36133,written
485,20260730,0.15,60592,36222,written
486,20260730,0.15,60231,36078,written
487,20260730,0.15,60032,36183,written
488,20260730,0.15,60469,36443,written
489,20260730,0.15,60320,36298,written
490,20260730,0.15,59885,36026,written
491,20260730,0.15,60152,36162,written
492,20260730,0.15,60049,36048,written
493,20260730,0.15,60406,36181,written
494,20260730,0.15,60064,36069,written
495,20260730,0.15,60498,36325,written
496,20260730,0.15,59875,36090,written
497,20260730,0.15,60328,36238,written
498,20260730,0.15,60217,36084,written
499,20260730,0.15,59955,36118,written
500,20260730,0.15,60156,36116,written
501,20260730,0.15,59956,36143,written
503,20260730,0.15,60108,35885,written
502,20260730,0.15,60536,36362,written
504,20260730,0.15,60830,36498,written
505,20260730,0.15,59983,35989,written
507,20260730,0.15,60469,36270,written
506,20260730,0.15,60028,36108,written
508,20260730,0.15,60221,36136,written
509,20260730,0.15,59860,35761,written
511,20260730,0.15,60234,36193,written
510,20260730,0.15,60451,36206,written
512,20260730,0.15,60206,36112,written
513,20260730,0.15,60127,36269,written
515,20260730,0.15,60276,36190,written
516,20260730,0.15,59897,36064,written
514,20260730,0.15,60057,36004,written
517,20260730,0.15,60340,36342,written
518,20260730,0.15,60295,36312,written
519,20260730,0.15,60296,36395,written
520,20260730,0.15,60169,36149,written
521,20260730,0.15,59884,35943,written
522,20260730,0.15,60240,36016,written
523,20260730,0.15,59832,35766,written
524,20260730,0.15,60412,36314,written
525,20260730,0.15,60047,35775,written
527,20260730,0.15,60117,36042,written
526,20260730,0.15,60051,36226,written
528,20260730,0.15,59935,35808,written
529,20260730,0.15,60409,36195,written
530,20260730,0.15,60746,36689,written
532,20260730,0.15,60274,36406,written
531,20260730,0.15,60311,36087,written
533,20260730,0.15,59970,36085,written
534,20260730,0.15,60271,36083,written
535,20260730,0.15,60143,36083,written
536,20260730,0.15,60276,36245,written
537,20260730,0.15,59926,36023,written
538,20260730,0.15,60141,36065,written
540,20260730,0.15,60040,36026,written
539,20260730,0.15,60604,36460,written
541,20260730,0.15,60004,35883,written
542,20260730,0.15,59541,35687,written
543,20260730,0.15,60087,35969,written
544,20260730,0.15,60043,36223,written
545,20260730,0.15,60585,36402,written
546,20260730,0.15,60431,36193,written
547,20260730,0.15,60493,36326,written
548,20260730,0.15,59819,35830,written
549,20260730,0.15,60219,36097,written
550,20260730,0.15,60502,36383,written
551,20260730,0.15,60226,36174,written
552,20260730,0.15,59916,35924,written
553,20260730,0.15,60347,36211,written
554,20260730,0.15,59536,35853,written
555,20260730,0.15,60172,36141,written
556,20260730,0.15,59968,35865,written
557,20260730,0.15,59905,36041,written
558,20260730,0.15,59738,35662,written
559,20260730,0.15,60153,36110,written
560,20260730,0.15,60790,36540,written
561,20260730,0.15,60752,36539,written
562,20260730,0.15,60207,36285,written
564,20260730,0.15,59975,36205,written
563,20260730,0.15,60608,36360,written
565,20260730,0.15,60430,36420,written
568,20260730,0.15,60442,36387,written
567,20260730,0.15,60129,35958,written
566,20260730,0.15,59913,35852,written
569,20260730,0.15,59866,35646,written
570,20260730,0.15,60218,35943,written
571,20260730,0.15,60049,35954,written
572,20260730,0.15,60440,36225,written
573,20260730,0.15,60375,36128,written
574,20260730,0.15,60738,36664,written
575,20260730,0.15,60503,36189,written
576,20260730,0.15,59826,35916,written
577,20260730,0.15,60338,35901,written
578,20260730,0.15,60118,35914,written
579,20260730,0.15,59814,35716,written
580,20260730,0.15,59721,35743,written
581,20260730,0.15,60388,36319,written
582,20260730,0.15,60149,36062,written
583,20260730,0.15,60779,36581,written
584,20260730,0.15,60309,36182,written
585,20260730,0.15,60539,36339,written
586,20260730,0.15,59950,35716,written
587,20260730,0.15,60095,36124,written
588,20260730,0.15,60034,36161,written
589,20260730,0.15,60493,36483,written
590,20260730,0.15,60622,36438,written
591,20260730,0.15,60558,36237,written
592,20260730,0.15,60097,36259,written
593,20260730,0.15,59859,35889,written
594,20260730,0.15,59836,35906,written
595,20260730,0.15,60391,36326,written
596,20260730,0.15,60373,36057,written
597,20260730,0.15,60277,36132,written
598,20260730,0.15,59901,35709,written
599,20260730,0.15,60231,36223,written
600,20260730,0.15,60918,36438,written
601,20260730,0.15,60107,36201,written
602,20260730,0.15,60279,36202,written
603,20260730,0.15,60275,36377,written
604,20260730,0.15,60379,36243,written
605,20260730,0.15,60208,36005,written
607,20260730,0.15,60617,36352,written
606,20260730,0.15,60676,36459,written
608,20260730,0.15,60228,36100,written
610,20260730,0.15,60337,36276,written
609,20260730,0.15,60313,36053,written
611,20260730,0.15,60745,36622,written
612,20260730,0.15,60357,36346,written
614,20260730,0.15,60180,36154,written
613,20260730,0.15,60100,36092,written
615,20260730,0.15,60346,36243,written
616,20260730,0.15,60158,35877,written
617,20260730,0.15,60360,36277,written
618,20260730,0.15,60152,36271,written
619,20260730,0.15,60526,36166,written
620,20260730,0.15,60210,36025,written
621,20260730,0.15,60342,36323,written
622,20260730,0.15,60339,36373,written
623,20260730,0.15,60361,36128,written
624,20260730,0.15,59960,36144,written
625,20260730,0.15,60290,36343,written
626,20260730,0.15,60212,36245,written
627,20260730,0.15,60637,36405,written
628,20260730,0.15,60470,36516,written
629,20260730,0.15,60105,36265,written
630,20260730,0.15,60065,35946,written
632,20260730,0.15,59766,35729,written
631,20260730,0.15,60754,36341,written
633,20260730,0.15,60252,36261,written
634,20260730,0.15,60285,36040,written
635,20260730,0.15,60181,36004,written
636,20260730,0.15,59865,35804,written
638,20260730,0.15,60188,36230,written
637,20260730,0.15,59960,35998,written
639,20260730,0.15,60054,36155,written
640,20260730,0.15,60353,36236,written
641,20260730,0.15,59939,35499,written
642,20260730,0.15,60195,36259,written
643,20260730,0.15,60389,36221,written
644,20260730,0.15,60770,36440,written
645,20260730,0.15,60285,36131,written
646,20260730,0.15,59827,35960,written
647,20260730,0.15,60464,36202,written
648,20260730,0.15,60193,36004,written
649,20260730,0.15,60003,35983,written
650,20260730,0.15,60526,36186,written
651,20260730,0.15,60008,36156,written
652,20260730,0.15,59992,35958,written
653,20260730,0.15,60487,36332,written
654,20260730,0.15,60139,35885,written
655,20260730,0.15,60271,36051,written
656,20260730,0.15,60552,36433,written
657,20260730,0.15,60512,36437,written
658,20260730,0.15,60534,36209,written
659,20260730,0.15,59807,35829,written
660,20260730,0.15,59929,35837,written
661,20260730,0.15,60074,36055,written
662,20260730,0.15,60355,36298,written
663,20260730,0.15,59917,36052,written
664,20260730,0.15,60554,36393,written
665,20260730,0.15,59939,36052,written
666,20260730,0.15,60089,36101,written
667,20260730,0.15,59857,35838,written
669,20260730,0.15,60109,35980,written
668,20260730,0.15,60231,35896,written
670,20260730,0.15,60349,36096,written
671,20260730,0.15,60228,36230,written
673,20260730,0.15,60443,36457,written
672,20260730,0.15,60050,36004,written
674,20260730,0.15,59898,35779,written
675,20260730,0.15,60415,36007,written
676,20260730,0.15,60273,36303,written
677,20260730,0.15,60365,36294,written
678,20260730,0.15,60441,36280,written
679,20260730,0.15,60507,36343,written
680,20260730,0.15,60460,36272,written
681,20260730,0.15,59970,36000,written
682,20260730,0.15,59957,35870,written
683,20260730,0.15,60540,36418,written
684,20260730,0.15,60491,36475,written
685,20260730,0.15,60400,36241,written
686,20260730,0.15,60273,36354,written
687,20260730,0.15,60382,36182,written
688,20260730,0.15,60007,35987,written
689,20260730,0.15,59970,36124,written
690,20260730,0.15,60358,36185,written
691,20260730,0.15,60239,36147,written
693,20260730,0.15,60201,35946,written
694,20260730,0.15,60391,36176,written
692,20260730,0.15,60411,36432,written
695,20260730,0.15,60126,35999,written
696,20260730,0.15,60365,36207,written
697,20260730,0.15,59968,35926,written
698,20260730,0.15,60036,35988,written
699,20260730,0.15,60372,36277,written
700,20260730,0.15,60221,36130,written
701,20260730,0.15,60415,36239,written
702,20260730,0.15,60345,36015,written
703,20260730,0.15,59958,36049,written
704,20260730,0.15,60315,35925,written
705,20260730,0.15,60528,36467,written
706,20260730,0.15,60436,36073,written
707,20260730,0.15,60676,36627,written
708,20260730,0.15,60665,36702,written
709,20260730,0.15,60467,36374,written
710,20260730,0.15,59882,35816,written
711,20260730,0.15,60116,36000,written
712,20260730,0.15,60395,36204,written
713,20260730,0.15,60222,36092,written
714,20260730,0.15,60765,36411,written
715,20260730,0.15,60103,36081,written
716,20260730,0.15,60441,36539,written
717,20260730,0.15,60229,36162,written
718,20260730,0.15,60182,36112,written
719,20260730,0.15,60285,36284,written
0,20260730,0.125,59956,29888,written
2,20260730,0.125,60204,30208,written
1,20260730,0.125,60418,30385,written
3,20260730,0.125,60153,29974,written
5,20260730,0.125,60083,30014,written
4,20260730,0.125,60382,30073,written
6,20260730,0.125,59977,30068,written
7,20260730,0.125,60475,30269,written
8,20260730,0.125,60163,29876,written
9,20260730,0.125,60088,30007,written
10,20260730,0.125,59854,29795,written
11,20260730,0.125,60120,29995,written
12,20260730,0.125,60108,30222,written
14,20260730,0.125,60241,30316,written
13,20260730,0.125,60351,30208,written
15,20260730,0.125,60178,30026,written
16,20260730,0.125,60339,30285,written
18,20260730,0.125,60213,30161,written
17,20260730,0.125,60329,30184,written
19,20260730,0.125,60642,30341,written
22,20260730,0.125,60236,30138,written
20,20260730,0.125,60165,29977,written
21,20260730,0.125,60602,30351,written
23,20260730,0.125,59923,30028,written
24,20260730,0.125,60510,30163,written
25,20260730,0.125,60405,30007,written
26,20260730,0.125,60391,30153,written
27,20260730,0.125,60307,30291,written
28,20260730,0.125,60512,30152,written
30,20260730,0.125,59897,30165,written
29,20260730,0.125,60119,30143,written
31,20260730,0.125,60301,30262,written
32,20260730,0.125,60108,30032,written
34,20260730,0.125,60519,30304,written
33,20260730,0.125,60053,29916,written
35,20260730,0.125,60044,30252,written
36,20260730,0.125,60303,30274,written
37,20260730,0.125,60551,30325,written
38,20260730,0.125,60300,30037,written
39,20260730,0.125,60243,30084,written
40,20260730,0.125,59910,29928,written
41,20260730,0.125,59959,30115,written
42,20260730,0.125,60742,30241,written
43,20260730,0.125,59981,30026,written
44,20260730,0.125,60395,30372,written
45,20260730,0.125,59837,29990,written
46,20260730,0.125,60793,30474,written
47,20260730,0.125,60051,29979,written
48,20260730,0.125,60138,30050,written
49,20260730,0.125,59979,29827,written
50,20260730,0.125,59994,30085,written
51,20260730,0.125,60460,30121,written
52,20260730,0.125,59652,29743,written
53,20260730,0.125,60225,30093,written
54,20260730,0.125,60353,30081,written
55,20260730,0.125,60337,30173,written
56,20260730,0.125,60075,30080,written
57,20260730,0.125,60086,30322,written
58,20260730,0.125,60422,30327,written
59,20260730,0.125,59980,30141,written
60,20260730,0.125,60575,29991,written
62,20260730,0.125,60253,30243,written
61,20260730,0.125,60441,30325,written
63,20260730,0.125,60142,30017,written
64,20260730,0.125,60677,30472,written
65,20260730,0.125,60069,29795,written
66,20260730,0.125,60223,30303,written
67,20260730,0.125,59880,30020,written
68,20260730,0.125,60192,29972,written
71,20260730,0.125,59580,29909,written
69,20260730,0.125,60619,30452,written
70,20260730,0.125,60527,30476,written
72,20260730,0.125,59740,29673,written
73,20260730,0.125,59818,29939,written
75,20260730,0.125,60270,30319,written
74,20260730,0.125,60414,30373,written
76,20260730,0.125,60636,30229,written
77,20260730,0.125,60181,29995,written
79,20260730,0.125,60277,30118,written
78,20260730,0.125,60277,30048,written
80,20260730,0.125,60267,30009,written
81,20260730,0.125,59840,30096,written
82,20260730,0.125,60376,30015,written
83,20260730,0.125,60213,30002,written
84,20260730,0.125,60100,30060,written
85,20260730,0.125,60345,30138,written
86,20260730,0.125,60413,30229,written
87,20260730,0.125,60495,30191,written
88,20260730,0.125,60377,30264,written
89,20260730,0.125,60354,30299,written
90,20260730,0.125,60264,30287,written
91,20260730,0.125,60184,30334,written
93,20260730,0.125,60566,30312,written
92,20260730,0.125,60027,30206,written
94,20260730,0.125,59932,29843,written
95,20260730,0.125,60787,30327,written
96,20260730,0.125,59377,29596,written
97,20260730,0.125,60377,30298,written
98,20260730,0.125,60410,30355,written
99,20260730,0.125,60518,30458,written
100,20260730,0.125,60119,29998,written
101,20260730,0.125,60276,30057,written
102,20260730,0.125,59904,29984,written
103,20260730,0.125,60888,30499,written
104,20260730,0.125,60454,30062,written
105,20260730,0.125,60213,30017,written
107,20260730,0.125,60278,30255,written
106,20260730,0.125,60396,30336,written
108,20260730,0.125,60176,30148,written
109,20260730,0.125,60553,30380,written
110,20260730,0.125,60407,30338,written
111,20260730,0.125,59974,30009,written
112,20260730,0.125,60278,30159,written
113,20260730,0.125,60152,29898,written
114,20260730,0.125,59885,30244,written
115,20260730,0.125,60311,30256,written
116,20260730,0.125,60422,30349,written
117,20260730,0.125,60379,30034,written
119,20260730,0.125,60562,30309,written
118,20260730,0.125,60033,29876,written
120,20260730,0.125,60108,29950,written
121,20260730,0.125,59935,30166,written
122,20260730,0.125,60275,29971,written
123,20260730,0.125,59954,29885,written
124,20260730,0.125,60505,30137,written
125,20260730,0.125,60607,30340,written
126,20260730,0.125,60201,29957,written
127,20260730,0.125,60186,30213,written
128,20260730,0.125,60220,30293,written
129,20260730,0.125,60400,30307,written
130,20260730,0.125,60017,30079,written
131,20260730,0.125,60168,30184,written
132,20260730,0.125,60501,30172,written
133,20260730,0.125,60066,30222,written
134,20260730,0.125,60252,30140,written
135,20260730,0.125,60426,30333,written
136,20260730,0.125,60212,29967,written
137,20260730,0.125,60239,30103,written
138,20260730,0.125,60385,30052,written
139,20260730,0.125,60339,30091,written
140,20260730,0.125,60429,30260,written
141,20260730,0.125,59929,29882,written
142,20260730,0.125,60034,30015,written
143,20260730,0.125,60119,30005,written
144,20260730,0.125,59935,29762,written
145,20260730,0.125,60293,30363,written
146,20260730,0.125,60038,29963,written
147,20260730,0.125,59881,30138,written
148,20260730,0.125,60252,30097,written
149,20260730,0.125,60609,30541,written
150,20260730,0.125,60345,29885,written
151,20260730,0.125,60302,30118,written
152,20260730,0.125,60063,30023,written
153,20260730,0.125,60314,30098,written
154,20260730,0.125,60120,30009,written
155,20260730,0.125,60340,30102,written
156,20260730,0.125,60318,30154,written
158,20260730,0.125,60154,30096,written
157,20260730,0.125,59936,29921,written
159,20260730,0.125,60085,30305,written
160,20260730,0.125,60034,29999,written
161,20260730,0.125,60341,30228,written
162,20260730,0.125,59853,29859,written
163,20260730,0.125,60643,30507,written
164,20260730,0.125,60157,30193,written
165,20260730,0.125,60405,29920,written
166,20260730,0.125,60417,30070,written
167,20260730,0.125,60504,30299,written
168,20260730,0.125,60389,30152,written
169,20260730,0.125,60022,30119,written
170,20260730,0.125,60223,29897,written
171,20260730,0.125,60426,30199,written
172,20260730,0.125,60277,29957,written
174,20260730,0.125,60355,30092,written
173,20260730,0.125,60819,30417,written
175,20260730,0.125,60326,30098,written
176,20260730,0.125,60294,29953,written
178,20260730,0.125,59880,29873,written
177,20260730,0.125,60409,30214,written
179,20260730,0.125,60176,30005,written
180,20260730,0.125,60374,30257,written
181,20260730,0.125,60006,30121,written
182,20260730,0.125,60342,30207,written
183,20260730,0.125,60080,30019,written
184,20260730,0.125,60257,30006,written
185,20260730,0.125,60037,29905,written
186,20260730,0.125,59966,30087,written
187,20260730,0.125,60108,30068,written
188,20260730,0.125,60478,30298,written
189,20260730,0.125,60204,30290,written
190,20260730,0.125,60631,30142,written
191,20260730,0.125,60096,29959,written
192,20260730,0.125,60448,30304,written
193,20260730,0.125,59964,29959,written
195,20260730,0.125,60770,30447,written
194,20260730,0.125,60519,30140,written
196,20260730,0.125,60022,29970,written
197,20260730,0.125,60430,30422,written
199,20260730,0.125,59468,29850,written
198,20260730,0.125,59770,29742,written
200,20260730,0.125,60260,30073,written
201,20260730,0.125,60437,30260,written
204,20260730,0.125,59899,29852,written
202,20260730,0.125,60297,30157,written
203,20260730,0.125,60087,29884,written
205,20260730,0.125,60077,29984,written
206,20260730,0.125,59937,29977,written
207,20260730,0.125,60259,30220,written
208,20260730,0.125,60058,30104,written
209,20260730,0.125,60505,30258,written
211,20260730,0.125,60180,30087,written
210,20260730,0.125,60124,30175,written
212,20260730,0.125,59960,30077,written
216,20260730,0.125,59932,30023,written
215,20260730,0.125,60062,30088,written
213,20260730,0.125,60023,29803,written
214,20260730,0.125,60148,30003,written
219,20260730,0.125,59681,29719,written
218,20260730,0.125,60116,30008,written
220,20260730,0.125,60190,29919,written
217,20260730,0.125,60047,29901,written
221,20260730,0.125,60390,30342,written
222,20260730,0.125,59943,29988,written
223,20260730,0.125,59843,30057,written
224,20260730,0.125,60104,30079,written
225,20260730,0.125,60101,29981,written
227,20260730,0.125,60225,30197,written
226,20260730,0.125,60072,29737,written
228,20260730,0.125,60522,30374,written
230,20260730,0.125,60061,29886,written
229,20260730,0.125,59902,29899,written
231,20260730,0.125,60070,30114,written
232,20260730,0.125,60578,30487,written
233,20260730,0.125,60082,30032,written
234,20260730,0.125,60577,30166,written
235,20260730,0.125,60459,29957,written
236,20260730,0.125,60170,30127,written
238,20260730,0.125,60028,29924,written
239,20260730,0.125,59922,29955,written
237,20260730,0.125,60379,30166,written
240,20260730,0.125,60411,30166,written
242,20260730,0.125,60016,30023,written
241,20260730,0.125,60391,30198,written
244,20260730,0.125,60326,30079,written
243,20260730,0.125,60249,30240,written
245,20260730,0.125,60019,30055,written
246,20260730,0.125,60442,30240,written
247,20260730,0.125,60222,30166,written
248,20260730,0.125,60615,30589,written
249,20260730,0.125,60171,30022,written
251,20260730,0.125,60186,30187,written
250,20260730,0.125,60084,29823,written
252,20260730,0.125,60344,30181,written
254,20260730,0.125,60309,30113,written
253,20260730,0.125,60163,29955,written
256,20260730,0.125,60352,30342,written
255,20260730,0.125,60138,30131,written
257,20260730,0.125,60558,30123,written
258,20260730,0.125,60285,29928,written
259,20260730,0.125,60490,30095,written
260,20260730,0.125,60266,29955,written
261,20260730,0.125,60589,30519,written
262,20260730,0.125,59896,29875,written
263,20260730,0.125,60404,30257,written
264,20260730,0.125,60287,30322,written
265,20260730,0.125,60464,30283,written
268,20260730,0.125,60177,30021,written
267,20260730,0.125,60069,29771,written
266,20260730,0.125,59948,29893,written
269,20260730,0.125,60466,30334,written
270,20260730,0.125,60198,30210,written
271,20260730,0.125,60316,29997,written
272,20260730,0.125,60973,30515,written
273,20260730,0.125,60038,30019,written
274,20260730,0.125,60527,30337,written
276,20260730,0.125,60284,30158,written
275,20260730,0.125,60173,30114,written
277,20260730,0.125,59943,30005,written
278,20260730,0.125,60303,30196,written
279,20260730,0.125,59876,29734,written
280,20260730,0.125,60152,30023,written
281,20260730,0.125,60365,30359,written
282,20260730,0.125,60300,30280,written
283,20260730,0.125,60022,29866,written
284,20260730,0.125,60381,30326,written
285,20260730,0.125,60143,30270,written
287,20260730,0.125,59912,29950,written
286,20260730,0.125,59881,30106,written
288,20260730,0.125,60151,30040,written
290,20260730,0.125,60111,29797,written
291,20260730,0.125,60183,30216,written
289,20260730,0.125,60234,30069,written
292,20260730,0.125,59788,29832,written
293,20260730,0.125,60108,30077,written
294,20260730,0.125,60343,30184,written
295,20260730,0.125,60331,29993,written
296,20260730,0.125,60363,30161,written
300,20260730,0.125,59676,29963,written
298,20260730,0.125,59871,29818,written
299,20260730,0.125,60421,30097,written
297,20260730,0.125,60108,30067,written
301,20260730,0.125,59844,29958,written
302,20260730,0.125,60533,30217,written
303,20260730,0.125,60384,30043,written
304,20260730,0.125,60002,29875,written
305,20260730,0.125,60840,30296,written
306,20260730,0.125,60164,30080,written
308,20260730,0.125,59900,29916,written
307,20260730,0.125,60204,30258,written
310,20260730,0.125,59925,30003,written
309,20260730,0.125,59593,30046,written
312,20260730,0.125,60449,30131,written
311,20260730,0.125,60482,30166,written
315,20260730,0.125,60138,30126,written
314,20260730,0.125,60263,30287,written
316,20260730,0.125,59995,29885,written
313,20260730,0.125,59894,30027,written
317,20260730,0.125,60438,30057,written
319,20260730,0.125,60575,30395,written
320,20260730,0.125,60322,30053,written
318,20260730,0.125,60150,30189,written
322,20260730,0.125,60464,30162,written
323,20260730,0.125,60214,30181,written
324,20260730,0.125,60169,30155,written
321,20260730,0.125,60446,30419,written
325,20260730,0.125,60144,30140,written
326,20260730,0.125,60219,29890,written
328,20260730,0.125,60198,29899,written
327,20260730,0.125,60220,30184,written
329,20260730,0.125,60198,30006,written
330,20260730,0.125,60490,30449,written
332,20260730,0.125,60435,30322,written
331,20260730,0.125,60327,30071,written
334,20260730,0.125,60679,30283,written
333,20260730,0.125,60268,30125,written
335,20260730,0.125,60196,29840,written
336,20260730,0.125,59921,30032,written
338,20260730,0.125,60040,30200,written
337,20260730,0.125,60286,30108,written
340,20260730,0.125,60355,30339,written
339,20260730,0.125,60138,30246,written
342,20260730,0.125,60182,30085,written
341,20260730,0.125,60402,30234,written
344,20260730,0.125,60234,30041,written
343,20260730,0.125,60377,30205,written
345,20260730,0.125,60233,30020,written
346,20260730,0.125,60357,30099,written
348,20260730,0.125,60045,30114,written
347,20260730,0.125,60330,29961,written
349,20260730,0.125,60131,29939,written
351,20260730,0.125,60355,30288,written
352,20260730,0.125,60025,29977,written
350,20260730,0.125,60237,30215,written
355,20260730,0.125,59987,30058,written
354,20260730,0.125,60131,30076,written
353,20260730,0.125,60408,30290,written
356,20260730,0.125,60358,30173,written
359,20260730,0.125,59750,30036,written
357,20260730,0.125,60289,30158,written
360,20260730,0.125,60591,30325,written
358,20260730,0.125,59939,30001,written
364,20260730,0.125,60462,30199,written
362,20260730,0.125,60254,30090,written
363,20260730,0.125,59830,29929,written
361,20260730,0.125,60083,29950,written
365,20260730,0.125,60117,30118,written
367,20260730,0.125,60235,30177,written
368,20260730,0.125,60128,30132,written
366,20260730,0.125,60188,29948,written
371,20260730,0.125,60423,30299,written
370,20260730,0.125,60354,29895,written
369,20260730,0.125,60384,30185,written
372,20260730,0.125,60370,30304,written
374,20260730,0.125,60140,30071,written
375,20260730,0.125,60234,29959,written
376,20260730,0.125,60411,30212,written
373,20260730,0.125,60246,30120,written
377,20260730,0.125,60298,30254,written
378,20260730,0.125,60301,30192,written
379,20260730,0.125,60187,30209,written
380,20260730,0.125,59983,29964,written
382,20260730,0.125,60158,30138,written
381,20260730,0.125,59875,30047,written
383,20260730,0.125,60714,30267,written
384,20260730,0.125,59875,29845,written
385,20260730,0.125,59796,29970,written
386,20260730,0.125,60367,30393,written
387,20260730,0.125,60091,29928,written
388,20260730,0.125,59995,30011,written
389,20260730,0.125,60053,30128,written
390,20260730,0.125,60027,29674,written
391,20260730,0.125,59828,29880,written
392,20260730,0.125,60291,30140,written
394,20260730,0.125,60429,30228,written
393,20260730,0.125,59890,29977,written
395,20260730,0.125,60516,30255,written
396,20260730,0.125,60083,30036,written
397,20260730,0.125,60289,30215,written
400,20260730,0.125,59755,29982,written
398,20260730,0.125,60578,30222,written
399,20260730,0.125,60437,30366,written
401,20260730,0.125,60220,30244,written
402,20260730,0.125,60161,30216,written
403,20260730,0.125,59700,30005,written
404,20260730,0.125,59562,29778,written
405,20260730,0.125,59974,29951,written
406,20260730,0.125,59671,29733,written
407,20260730,0.125,60421,30104,written
408,20260730,0.125,59841,29804,written
409,20260730,0.125,59810,30010,written
410,20260730,0.125,59981,30295,written
411,20260730,0.125,60155,29943,written
412,20260730,0.125,60189,30195,written
413,20260730,0.125,60547,30273,written
414,20260730,0.125,60218,30158,written
415,20260730,0.125,60050,30081,written
416,20260730,0.125,60337,30001,written
417,20260730,0.125,59896,30168,written
418,20260730,0.125,60624,30316,written
419,20260730,0.125,60443,30245,written
420,20260730,0.125,59999,30063,written
421,20260730,0.125,60614,30431,written
422,20260730,0.125,60112,30065,written
423,20260730,0.125,60675,30544,written
424,20260730,0.125,60229,30115,written
425,20260730,0.125,60541,30262,written
426,20260730,0.125,60144,30249,written
427,20260730,0.125,60223,30206,written
428,20260730,0.125,60361,30308,written
429,20260730,0.125,59949,29904,written
430,20260730,0.125,60495,30303,written
431,20260730,0.125,59862,30063,written
432,20260730,0.125,60100,29991,written
433,20260730,0.125,59897,29904,written
434,20260730,0.125,60212,30106,written
435,20260730,0.125,60407,30219,written
436,20260730,0.125,60488,30407,written
437,20260730,0.125,60231,29887,written
438,20260730,0.125,60423,30178,written
439,20260730,0.125,59848,29983,written
440,20260730,0.125,60388,30329,written
441,20260730,0.125,60261,30157,written
442,20260730,0.125,59813,30012,written
443,20260730,0.125,60199,30279,written
444,20260730,0.125,59968,30010,written
445,20260730,0.125,60084,30021,written
446,20260730,0.125,60082,30029,written
447,20260730,0.125,60345,30273,written
448,20260730,0.125,60432,30151,written
449,20260730,0.125,60193,30152,written
450,20260730,0.125,60421,30074,written
451,20260730,0.125,60632,30290,written
452,20260730,0.125,60532,30030,written
453,20260730,0.125,60596,30226,written
454,20260730,0.125,60357,30277,written
455,20260730,0.125,60362,30290,written
456,20260730,0.125,60228,30213,written
457,20260730,0.125,60521,30195,written
458,20260730,0.125,60271,30018,written
459,20260730,0.125,59736,29849,written
460,20260730,0.125,59848,29921,written
461,20260730,0.125,60144,30094,written
462,20260730,0.125,59927,30091,written
463,20260730,0.125,60258,30183,written
464,20260730,0.125,60422,30155,written
465,20260730,0.125,61061,30567,written
466,20260730,0.125,60272,29778,written
467,20260730,0.125,60163,29998,written
468,20260730,0.125,60727,30115,written
469,20260730,0.125,60085,30020,written
470,20260730,0.125,60118,29995,written
471,20260730,0.125,60292,30079,written
473,20260730,0.125,60881,30422,written
472,20260730,0.125,60094,30243,written
474,20260730,0.125,59914,29708,written
475,20260730,0.125,59715,29945,written
476,20260730,0.125,60205,30235,written
477,20260730,0.125,60303,30245,written
478,20260730,0.125,60221,30251,written
479,20260730,0.125,60048,29977,written
480,20260730,0.125,60063,30027,written
481,20260730,0.125,60347,30043,written
482,20260730,0.125,60242,30143,written
483,20260730,0.125,60080,29961,written
484,20260730,0.125,60377,29980,written
485,20260730,0.125,60592,30250,written
486,20260730,0.125,60231,29904,written
487,20260730,0.125,60032,30340,written
488,20260730,0.125,60469,30226,written
490,20260730,0.125,59885,30006,written
489,20260730,0.125,60320,30282,written
491,20260730,0.125,60152,30125,written
492,20260730,0.125,60049,30081,written
494,20260730,0.125,60064,30055,written
493,20260730,0.125,60406,30249,written
495,20260730,0.125,60498,30317,written
496,20260730,0.125,59875,29958,written
497,20260730,0.125,60328,30213,written
498,20260730,0.125,60217,30216,written
499,20260730,0.125,59955,30133,written
500,20260730,0.125,60156,30132,written
501,20260730,0.125,59956,30103,written
502,20260730,0.125,60536,30347,written
503,20260730,0.125,60108,29793,written
504,20260730,0.125,60830,30383,written
505,20260730,0.125,59983,29929,written
506,20260730,0.125,60028,30095,written
507,20260730,0.125,60469,30307,written
508,20260730,0.125,60221,30066,written
509,20260730,0.125,59860,29771,written
510,20260730,0.125,60451,30129,written
511,20260730,0.125,60234,30263,written
512,20260730,0.125,60206,30127,written
513,20260730,0.125,60127,30163,written
514,20260730,0.125,60057,30005,written
515,20260730,0.125,60276,30146,written
516,20260730,0.125,59897,30112,written
518,20260730,0.125,60295,30288,written
517,20260730,0.125,60340,30175,written
519,20260730,0.125,60296,30214,written
521,20260730,0.125,59884,29835,written
522,20260730,0.125,60240,30071,written
520,20260730,0.125,60169,29999,written
523,20260730,0.125,59832,29878,written
524,20260730,0.125,60412,30309,written
525,20260730,0.125,60047,29885,written
526,20260730,0.125,60051,30265,written
527,20260730,0.125,60117,30115,written
528,20260730,0.125,59935,29897,written
530,20260730,0.125,60746,30476,written
529,20260730,0.125,60409,30149,written
531,20260730,0.125,60311,30039,written
532,20260730,0.125,60274,30477,written
533,20260730,0.125,59970,30074,written
534,20260730,0.125,60271,30190,written
535,20260730,0.125,60143,30048,written
536,20260730,0.125,60276,30254,written
538,20260730,0.125,60141,30072,written
537,20260730,0.125,59926,30102,written
539,20260730,0.125,60604,30467,written
540,20260730,0.125,60040,29950,written
541,20260730,0.125,60004,29916,written
542,20260730,0.125,59541,29708,written
543,20260730,0.125,60087,29880,written
544,20260730,0.125,60043,30283,written
545,20260730,0.125,60585,30329,written
546,20260730,0.125,60431,30115,written
547,20260730,0.125,60493,30297,written
548,20260730,0.125,59819,29849,written
549,20260730,0.125,60219,30081,written
550,20260730,0.125,60502,30342,written
551,20260730,0.125,60226,30107,written
552,20260730,0.125,59916,29870,written
554,20260730,0.125,59536,29872,written
553,20260730,0.125,60347,30154,written
555,20260730,0.125,60172,30272,written
556,20260730,0.125,59968,30050,written
557,20260730,0.125,59905,30112,written
558,20260730,0.125,59738,29825,written
559,20260730,0.125,60153,29974,written
560,20260730,0.125,60790,30501,written
561,20260730,0.125,60752,30406,written
562,20260730,0.125,60207,30283,written
563,20260730,0.125,60608,30294,written
564,20260730,0.125,59975,30248,written
566,20260730,0.125,59913,29829,written
565,20260730,0.125,60430,30260,written
567,20260730,0.125,60129,29992,written
570,20260730,0.125,60218,29869,written
569,20260730,0.125,59866,29770,written
568,20260730,0.125,60442,30233,written
571,20260730,0.125,60049,30187,written
573,20260730,0.125,60375,29966,written
572,20260730,0.125,60440,30162,written
574,20260730,0.125,60738,30569,written
575,20260730,0.125,60503,30106,written
576,20260730,0.125,59826,30008,written
577,20260730,0.125,60338,29896,written
578,20260730,0.125,60118,29971,written
579,20260730,0.125,59814,29718,written
581,20260730,0.125,60388,30338,written
582,20260730,0.125,60149,30055,written
580,20260730,0.125,59721,29805,written
583,20260730,0.125,60779,30560,written
584,20260730,0.125,60309,30169,written
586,20260730,0.125,59950,29737,written
585,20260730,0.125,60539,30307,written
587,20260730,0.125,60095,30238,written
588,20260730,0.125,60034,30050,written
589,20260730,0.125,60493,30497,written
590,20260730,0.125,60622,30279,written
591,20260730,0.125,60558,30140,written
592,20260730,0.125,60097,30237,written
593,20260730,0.125,59859,30040,written
594,20260730,0.125,59836,29896,written
595,20260730,0.125,60391,30395,written
597,20260730,0.125,60277,30101,written
596,20260730,0.125,60373,30089,written
598,20260730,0.125,59901,29753,written
599,20260730,0.125,60231,30150,written
600,20260730,0.125,60918,30471,written
601,20260730,0.125,60107,30094,written
602,20260730,0.125,60279,30283,written
603,20260730,0.125,60275,30200,written
605,20260730,0.125,60208,29982,written
604,20260730,0.125,60379,30231,written
606,20260730,0.125,60676,30357,written
607,20260730,0.125,60617,30301,written
608,20260730,0.125,60228,30139,written
609,20260730,0.125,60313,30078,written
610,20260730,0.125,60337,30206,written
611,20260730,0.125,60745,30438,written
613,20260730,0.125,60100,30053,written
614,20260730,0.125,60180,30025,written
612,20260730,0.125,60357,30199,written
615,20260730,0.125,60346,30291,written
617,20260730,0.125,60360,30188,written
618,20260730,0.125,60152,30185,written
616,20260730,0.125,60158,29917,written
619,20260730,0.125,60526,30050,written
620,20260730,0.125,60210,30067,written
622,20260730,0.125,60339,30395,written
621,20260730,0.125,60342,30327,written
623,20260730,0.125,60361,30018,written
624,20260730,0.125,59960,30097,written
625,20260730,0.125,60290,30278,written
626,20260730,0.125,60212,30237,written
627,20260730,0.125,60637,30363,written
628,20260730,0.125,60470,30405,written
629,20260730,0.125,60105,30226,written
630,20260730,0.125,60065,29914,written
631,20260730,0.125,60754,30455,written
632,20260730,0.125,59766,29789,written
633,20260730,0.125,60252,30156,written
634,20260730,0.125,60285,30018,written
635,20260730,0.125,60181,29997,written
636,20260730,0.125,59865,29884,written
637,20260730,0.125,59960,29980,written
638,20260730,0.125,60188,30231,written
639,20260730,0.125,60054,30259,written
640,20260730,0.125,60353,30189,written
641,20260730,0.125,59939,29492,written
642,20260730,0.125,60195,30213,written
643,20260730,0.125,60389,30188,written
644,20260730,0.125,60770,30352,written
645,20260730,0.125,60285,30147,written
646,20260730,0.125,59827,30038,written
647,20260730,0.125,60464,30092,written
648,20260730,0.125,60193,29993,written
649,20260730,0.125,60003,30105,written
650,20260730,0.125,60526,30122,written
651,20260730,0.125,60008,30100,written
652,20260730,0.125,59992,30011,written
653,20260730,0.125,60487,30366,written
654,20260730,0.125,60139,29902,written
655,20260730,0.125,60271,29937,written
656,20260730,0.125,60552,30309,written
657,20260730,0.125,60512,30381,written
658,20260730,0.125,60534,30201,written
659,20260730,0.125,59807,29904,written
661,20260730,0.125,60074,29913,written
660,20260730,0.125,59929,29906,written
662,20260730,0.125,60355,30257,written
663,20260730,0.125,59917,30129,written
664,20260730,0.125,60554,30344,written
665,20260730,0.125,59939,30156,written
666,20260730,0.125,60089,30061,written
667,20260730,0.125,59857,29828,written
668,20260730,0.125,60231,29879,written
669,20260730,0.125,60109,29953,written
670,20260730,0.125,60349,30165,written
671,20260730,0.125,60228,30346,written
672,20260730,0.125,60050,30039,written
673,20260730,0.125,60443,30493,written
675,20260730,0.125,60415,30032,written
674,20260730,0.125,59898,29687,written
676,20260730,0.125,60273,30227,written
678,20260730,0.125,60441,30357,written
677,20260730,0.125,60365,30223,written
680,20260730,0.125,60460,30165,written
679,20260730,0.125,60507,30466,written
681,20260730,0.125,59970,29891,written
682,20260730,0.125,59957,29831,written
684,20260730,0.125,60491,30291,written
683,20260730,0.125,60540,30249,written
685,20260730,0.125,60400,30167,written
686,20260730,0.125,60273,30318,written
688,20260730,0.125,60007,29872,written
687,20260730,0.125,60382,30150,written
689,20260730,0.125,59970,29929,written
690,20260730,0.125,60358,30211,written
691,20260730,0.125,60239,30201,written
692,20260730,0.125,60411,30361,written
693,20260730,0.125,60201,30003,written
694,20260730,0.125,60391,30134,written
695,20260730,0.125,60126,30152,written
696,20260730,0.125,60365,30194,written
697,20260730,0.125,59968,29981,written
698,20260730,0.125,60036,29984,written
699,20260730,0.125,60372,30316,written
700,20260730,0.125,60221,30143,written
701,20260730,0.125,60415,30118,written
702,20260730,0.125,60345,30017,written
703,20260730,0.125,59958,29993,written
705,20260730,0.125,60528,30311,written
704,20260730,0.125,60315,29971,written
708,20260730,0.125,60665,30671,written
706,20260730,0.125,60436,30071,written
707,20260730,0.125,60676,30469,written
709,20260730,0.125,60467,30535,written
710,20260730,0.125,59882,29792,written
711,20260730,0.125,60116,29993,written
712,20260730,0.125,60395,30265,written
713,20260730,0.125,60222,30035,written
714,20260730,0.125,60765,30316,written
715,20260730,0.125,60103,30230,written
716,20260730,0.125,60441,30315,written
717,20260730,0.125,60229,30218,written
718,20260730,0.125,60182,30197,written
719,20260730,0.125,60285,30266,written
