dataset,run_id,total,train,validation,test,validation_mask_sha256,test_mask_sha256,pairs,cylinder_hit,cylinder_miss,air_length_mean_mm,air_length_min_mm,air_length_max_mm,wepl_before_mean_mm,air_correction_mean_mm,wepl_after_mean_mm,clipped_to_zero
material,0,64990,52257,6478,6255,e737e2d09414abc637bffb26660a83d469408f6b694adb12263b326c3046d34c,e421c24fac37390f6fe0362a8f1b9791046c7d22e3c7e34b3bb71a8cfaf49417,52257,45769,6488,85.68697159979877,20.000974897678063,221.65721781170623,136.3613197036554,0.09829903307244253,136.2673424242916,4751
material,1,64741,51639,6507,6595,9638b38361342f8bb31703163a184ad538743878dda43fb45a81383467422081,89cbbb73ed33857581712cd20c4b32ae0e798f120fb28e726769796b25631110,51639,45271,6368,85.4109499237129,20.001673828252763,221.63118519083451,136.70713592372232,0.09798238442259882,136.6133497741052,4663
material,2,64723,51773,6460,6490,d42b559ef1dc32bfe63ff233ba540f663d28b628b507e864ef655d693cb53282,ba0458cf0fdb0f38241a17a78b7b333926df9b7b245bd0f32455da4aecee604d,51773,45480,6293,84.67179018661848,20.000623264971452,221.50806000288406,137.32635823841093,0.0971344295225025,137.23330540463857,4544
material,3,65169,52049,6486,6634,5c843907b25f60f9426f9e518019573f122fffe38ecafc781dcb4281f6f89d89,c57be9baa3a82f41b69348277fc2f06c54c9747cff097cbaafb4736d0fdc7fd3,52049,45710,6339,85.1955464942545,20.000676740795196,221.5304855997001,136.73535448103624,0.0977352762748731,136.641743898908,4608
material,4,64780,51788,6540,6452,f898a16b3c03b18fb4c88aa854d0878f136a710b89f0850062fe673a9274f69a,b7fdc8123f19b9e228bd8080681517b32e9b66db2e79cd06efea4fc40395da2e,51788,45318,6470,85.96212342140997,20.000656273796835,221.6891115477178,135.92361199681034,0.09861468383600118,135.8292981373328,4733
material,5,64220,51423,6386,6411,5ac4c5bdd943c5894f592e5cc560bf60a24c69869d924e5c1dcdaaccdea29951,674ae0e71c0c40505a79c93719c776515cce9aedaf22da2a1e08f95cf669e7ac,51423,45146,6277,85.52483737333816,20.000959078936027,221.58758781142055,136.52492289162834,0.09811303469495919,136.4309499612051,4567
material,6,64699,51987,6354,6358,3c44c7378072d173d42a36a4ba8b66986072453cdc3fbfaf4cdc366f175b1ed1,1dc6d12961fa302785f85c138eedc8fa3207bb28cedd555a3236fd9caa473de6,51987,45579,6408,85.44438413401889,20.000785203010217,226.04813542185187,136.6286797775801,0.09802073973476887,136.53490862947444,4710
material,7,64663,51697,6475,6491,490d3732414f9ca667d1f2d2de3c9be8112d3f6f01c626c2bec037f0905a1ef3,4e2806da07101710236e3dabad725418536d5d564ab65277106c230b5a5a212c,51697,45325,6372,85.28039131481029,20.00119512257921,221.57413143502075,136.79282289348708,0.09783260920269311,136.6991812393341,4659
material,8,64270,51216,6579,6475,def2b8e5a2aa3981302d2eae4e902835bd5c84691d0ada7a99856681ee060a4d,93cd7cf5401054f4ae0aafd83d49a11de6aae4df12670c8452e9a67750daa31d,51216,44802,6414,85.3657519559296,20.000453171275545,221.6708325308425,136.61521984039206,0.0979305338734781,136.52156688715448,4678
material,9,64839,51774,6498,6567,fb59803d89fe5e5afa2f965c77f394d24f97b2af57b7302764672375c906696e,0c7da94037a89f8dca3ba6f534c030c225657942067af3e584994190c089e027,51774,45284,6490,85.4637172751572,20.000542284273614,222.05451806252262,136.53428843923584,0.09804291847495149,136.44054639754071,4752
material,10,64842,51894,6435,6513,4c6de62d195feb17a9dd82c04b38bbf32137f8053ab8a1d33feabb66d8fb32b9,528031ba76900785bcfb5738fc650eceda177993444eaf6d753f06744480d6b7,51894,45342,6552,85.90848486164236,20.000523676572662,221.5357235360464,136.04366687622195,0.09855315034424492,135.94941429761533,4770
material,11,64670,51672,6543,6455,cc440eeeee02e056ffffb5ba08e44b95b1645af34e72da8b1bd1a4c6a969771d,c68ec0065a39e5f84894e9506f6017b8fd8cd8ee4afbf4895920458172eff0a7,51672,45247,6425,85.70754259569587,20.001022776408128,222.11263276083218,136.31327223860563,0.09832263186428065,136.2191792771058,4734
material,12,65018,51854,6594,6570,bfb66d508c75b974d6982267516dc81684d57ef50d8621d12e8a9924ac948af4,bf1ec750f6a2b72023acb3859a09fa63c5c164fb9807addc1cee6c7c7cccfa04,51854,45541,6313,85.0477187203499,20.000238835934105,221.8803753148455,136.992840328655,0.09756569008265778,136.89943151377298,4610
material,13,64876,51908,6487,6481,3129d96bb316316a60dab23aab30e708d35c9a02dc705f8280a3afc27ad3f4a5,3e1d2501ff7ebbbd309f0c3b04d4e59980c0ff3dfd4de085f657abcb1234a489,51908,45467,6441,85.737300420885,20.001060480902808,221.71345722498683,136.36401719477988,0.09835676967295585,136.2698735992446,4711
material,14,64565,51563,6507,6495,4a7fa6f4c3b5793d1e96c27901fe98f8979dd5195fdf7f215a48a64cb78f9876,dee1c4422b3a4b29012acbb3dd982a4f8a9e261ef2a7a4f8ffc25cb93d005af8,51563,45193,6370,85.13197175744797,20.00095330252884,221.48065389766984,136.91690876473635,0.097662344123821,136.82341937365524,4614
material,15,64791,51802,6546,6443,2a6a7ec00d00ac3952b71daefe1a8674287a85086160d6c8e1bc70da1605b421,a32dbd04e78081d1d7131e149a9c92b6de403e66a8b24ecf354bfc7cf1d31935,51802,45230,6572,86.15795509296143,20.000639876729693,221.49932367463327,135.83618530407873,0.09883933950534113,135.74165911754628,4807
material,16,64777,51970,6410,6397,26815534b8f10b1cfbdcc04d538bc435348a2fdab740beb464283539c29aa33d,a12209f1979ea4857a2a958b2cfb7a3a9d43b0948424408792c8bb2ab8566af9,51970,45509,6461,85.47284347668419,20.00108329306243,221.708096085036,136.6053399160407,0.09805338794036708,136.51156846643497,4706
material,17,64786,51928,6488,6370,5aaf0afc392d66c928dc3ec1e857cda020361314b6eb9f7073fdf5256afcdc75,0374dedcd97459f850884e67060e4739578fbbdae80061c36109745815bf0a3b,51928,45386,6542,85.58933477522919,20.0008154844706,222.236231121825,136.47971030206844,0.09818702531597426,136.38577297733204,4746
material,18,64555,51540,6394,6621,f593f068892a731a019a8eac26466cd73e1290ef951037a8ad1b88201e02d59e,81374c33f480394164c8cb9aa27b0e0b09222c2ea13d8b9fbf88fe6c479893f2,51540,45254,6286,85.14880988120363,20.00127026906776,221.57980362726005,136.91829240796238,0.09768166061094888,136.82475422243502,4573
material,19,64701,51619,6609,6473,1732b1440b213031220cfb3523c6050b1906fe0034a23a127351b6409f838a4d,f28a5ac6003609204c8da8f0fa67e21f3b7bd2e2b07a47e9303075320c85a88a,51619,45207,6412,85.5496132868662,20.000882888644764,221.52151257228374,136.4434490190512,0.09814145731624944,136.34952560561985,4671
material,20,65143,52205,6428,6510,ea454aac5e99d40a37a903d670fb64831c62d2a6ac1ad9a991b3d99b47e33003,0e1234d8592413cfe6846e848601d58d1bf05bc41bdbb1f414cf0892b2adec78,52205,45731,6474,85.49297380586833,20.001320836033358,221.73840909105687,136.57595712950308,0.09807648120480725,136.48219362283,4779
material,21,64478,51652,6299,6527,010a4690e9cc2832fb09ec66c99b9eafed4365fa6368fa7257328efba9187724,3348b9be5e7817c6beb01a147bdc01468e87be3ce494a1399ea27e574d898dcf,51652,45177,6475,85.35044415213275,20.001472065087725,221.54776056713092,136.67569620389003,0.09791297295046263,136.58216439985205,4766
material,22,64708,51779,6381,6548,e1e735b64671112853f06dcf9ef47b7d52c89e637fce30213c6087e900e539f3,64865a836b354d77cc976726ae51fdce32620a691696809016ab4187e953c3e2,51779,45258,6521,85.78838172979005,20.00187682251015,222.4194305266118,136.18025970799923,0.09841536951817963,136.08620879356351,4824
material,23,64719,51932,6354,6433,0bc751a95b94e8b566e41e0a9503ff1437b216f021a4fd411afef2473c4481c0,fb4c95620fe511a53ada2ad58c5bef1605c06a1eaada5525e2ac1d948d31ce5e,51932,45471,6461,85.77928333188629,20.000629982719786,221.69586454204895,136.22614844078802,0.09840493194873644,136.13193190268873,4650
material,24,64536,51594,6554,6388,320f734a5bfe7c98a8fe214b2263ca599ccaa3b1fd4b663de9d794fbf12b9d2d,7fcb36f7b374a6e1cbb20d31bda72dcbc480464036f9d65873f43d90a115bb58,51594,45197,6397,85.34689202323064,20.00131684798435,221.64031553392934,136.73302954375015,0.0979088979921591,136.6394278107763,4695
material,25,64706,51818,6463,6425,e6de11c863f2beb53c8d3c8695cadcea81acf07507cabc7e9b64a95c13f37f38,b4037818dcbdc056a6293fe28372da47f0b6724aad499331c3f9cbe426aa4dcb,51818,45471,6347,84.87708224888496,20.001381040509102,234.33962907083094,137.1398086328941,0.09736993803495751,137.0465394735466,4583
material,26,64923,51823,6584,6516,f13f22ea7330dd0a145501c610d2ce6733220eb1d8e52fc2a2a6893456aa0502,983057eb4ffc15f200fe30bf9c28f09dab1c4e700fa48eb6855e8d66147aabb9,51823,45483,6340,85.35054483016427,20.00273104317599,221.5705186915747,136.67845352786526,0.09791308844705406,136.58471236508322,4571
material,27,64950,51820,6526,6604,c9dcbfb70a9345e7d96a0d6603078f6a89e8009a6fe338eea3b4aca1f03ec6d2,eb7417268ecdb556ce29930189eaa8b0b66838ba551d064a25618c44627d23ec,51820,45376,6444,85.2521302568317,20.00141728579446,221.5350501008869,136.79901670997597,0.09780018846683292,136.70546231582014,4711
material,28,64688,51726,6458,6504,e62f7566ee2301fdb762ef07f5eda858e2013afd9dbaa18e52e5ed4645474e2b,e3784e3edd7797d391d5b63504b57e7181b85bf7cf2513490b48b766316efaa1,51726,45253,6473,85.79295390159399,20.001165849197598,221.61529761545404,136.22082455400658,0.09842061465707266,136.1266794174346,4752
material,29,64683,51785,6337,6561,d14deb12f3bab84d0c9a0f88397bb8db51f4c0a83959d738dfec604b0809e17c,5b412c0d59ec65e7f182f521d9d1807d57ca6e57321dd41de0316e9a515b8fc1,51785,45436,6349,85.24678444606505,20.000667819713918,221.58018737949683,136.7188379435425,0.09779405581889895,136.6251537915795,4557
material,30,64873,51758,6571,6544,8e4b4642d958b8f72dccd62ef15df8b9c25dffeca6b87fc1130481edd327e511,6a4274c3813e746069428eafe623f144f080f14fb1f801f91978640de8cd1e42,51758,45173,6585,85.87394556917528,20.00054855984378,221.81392179537067,136.23171873807956,0.09851352729549977,136.1375707889633,4767
material,31,64965,51948,6567,6450,f86e60aacf537bf6c65ff690d5c51699c97441deea9a11c052729cae75206bc8,228a43d41072b97f39f4b1582149493a2f52035b431efcfe5282ce2fa8d41a1b,51948,45462,6486,85.13668065059106,20.002337505395943,221.8677410036602,136.86772129559535,0.09766774610774182,136.77429423546752,4744
material,32,64984,51954,6485,6545,5fcde2f822663e445c9ab1e1438278b92548473fd094fa72c58778e68d709d66,af23b12e6efd21e87ec6ba630a14877bc45edfc1dad683b72a4ec90abb98a3d4,51954,45456,6498,85.56294097846083,20.001623921402416,222.55288330839736,136.5117627426273,0.09815674667905899,136.41786612735268,4719
material,33,64500,51558,6462,6480,38ce4619c5c92e5606b63e672f294ac04c4c07a48053554fd1bf98937ec1984e,2161907cd301d6c091a680ebea91c0cbfcadf57a1f3983bd9ae67ce2bb976b07,51558,45143,6415,85.91078221489775,20.000713094520222,221.80593227965275,136.0743052445095,0.09855578583945983,135.98003205483042,4713
material,34,64771,51779,6526,6466,09035cb7cf203bf70ea41c15da7f73e65e43defc2bea474797955ae6a7917a4a,ed5bf87e653cc2ff6ddbc6d4b5194ca452125b72e1b1c3fb340a5bedd05b6ce7,51779,45485,6294,85.20274818440267,20.00038357561521,221.70780343602408,136.7565357637645,0.09774353796465902,136.66290029611113,4589
material,35,64809,51910,6413,6486,b399596d030b14577629416b2d9443ce8847580299459cf1ff61b97f5fa829b2,bd49ca97b8e1846b8db503aaa2757f1b0732d21e2ffb6e77b7e70081767af04d,51910,45382,6528,85.72461738054078,20.000801843146025,221.58204032022198,136.2355962280136,0.09834221984608044,136.14158632655997,4816
material,36,64462,51522,6489,6451,949abb0dd855be642ab26eb6ff160bc46c5fd7cee66e3fcdb0ac13d4ebfc50a9,a25ed9323a5027e78abf718438b9907e4dd079c2993a4d308b2ee89996abd715,51522,45120,6402,85.48256928016056,20.001836850914188,221.49869655029826,136.5791452962521,0.09806454526171626,136.48533143544856,4691
material,37,65135,52169,6474,6492,8aead1fecf90a8ee4f9a822e78e98654a5af9fef52c0f86652fffb8d21f582e5,c1bd746cd975d9ceedacb43a6aaadc0a75675325d06035b8d75f9c809d093230,52169,45494,6675,86.14198485167692,20.000535258242937,222.63920218602337,135.94911902180118,0.09882101864224037,135.8546683149674,4858
material,38,64587,51660,6433,6494,05cb9cbe0869ff2a4ed77471fbb1df51e5ea58b29b2fe9a3692fb971b3f41ae6,1cf198dc7330b4f4b4544e400ebaf3936fe02d3679d15579a4da69c50eb6b052,51660,45280,6380,85.71630873350203,20.001387690090958,221.6948103483956,136.29103999789479,0.09833268826905303,136.19705671299565,4732
material,39,64990,52003,6517,6470,52c15b99dee5c18ce868fbbb363923bb350e8152543a53ff48fbbb44e50ce9ad,dcd4464c118362318cf54c9ce0b26be4166c42f6d220da0f885bd13cdf290201,52003,45569,6434,85.47156535080255,20.000670623577967,221.57373438393756,136.64642505008632,0.098051921690178,136.5525535574758,4680
material,40,64964,52064,6469,6431,3893aad5439b14fdc3ae3acb4fbf4a941150868cae1ecd6d4c61c881755e4e87,a0d98150afb916ad2fb997ed6d1c62c1e6fa0c4aed7d78afbac6ef86faa5ad2c,52064,45571,6493,85.71389707097657,20.000660539223986,221.6034771786036,136.36420608542176,0.09832992163965854,136.27008724585139,4715
material,41,64559,51632,6476,6451,73fc8f6aa00dac93327c95e6d1063ef7a9588acb7ed0800076615a3e2e57382c,50e936405898159e6afbd82f8a960e0bfabe7e69ff6ad4fe24087bc3c12fc55c,51632,45343,6289,85.15805791818853,20.002059514721417,224.8089762708665,137.00382123661822,0.09769226984449349,136.91031950677245,4603
material,42,64514,51637,6413,6464,e39f1bdeca785b9e3a543ac5411095c19b1c0d89c55bb051cb09e0460e108969,849372fb7f90474ac08ac8789999555fcf2b3b828785980918c1ec0001b89340,51637,45258,6379,85.52989969439278,20.00018157013112,221.5465294843507,136.56341454897546,0.0981188421270049,136.46954744330748,4697
material,43,64854,51725,6513,6616,29d2994f3da166456b80b09bcf70ff7dc69d5c307cb80b9d38cdf4c296fe0672,c57057d49e2fdf72d7d862cfffe8091ee541484a0486167983ceb4aa048cef32,51725,45224,6501,85.72149777593644,20.000699528213264,221.61686641992054,136.4235768585968,0.09833864107429693,136.32953118878382,4740
material,44,65088,51892,6668,6528,25cd0c3158d22cdc942cf640a05a7dd5886db976c3b6771f1a1161034c474f8d,98c76d678b97b5368deee6b2020a55d3dded1774eb73075cd235901d996d1061,51892,45407,6485,85.73888505037569,20.000535976231532,222.10586554141105,136.3147856436258,0.09835858754029089,136.22070347210922,4708
material,45,64834,51773,6546,6515,d14151682e61e3f6edbb9e5557679a3a0b07ac822abd7709ad7ea36c868fb8d6,e213c1edf5a6f88f84d0262c356408f32df39c3bc1e6be415ecfe5ae13012347,51773,45338,6435,85.71670604771002,20.001470202964164,221.56058466086597,136.27829211352073,0.09833314406299393,136.18417504726202,4677
material,46,64867,51755,6557,6555,c3859d3fb3ad05b048e4fa1b6fea470381b868954fdc9bc8537aa40624be2150,6dab932e754fc5abcf2374ad1bfed90d98452f64c797050d5858951991bfa6ad,51755,45287,6468,85.4017289802778,20.00110916897364,221.7016602108001,136.67088258875626,0.0979718062704391,136.5771691176262,4682
material,47,64635,51777,6365,6493,05fc5bbb4b51501febcce6da32c477c478253264b3f6325720ca2b0a4f3d6304,b3485801bb70d95a4dc648619deff37e5562d4644a7066745325ba927d0706d4,51777,45319,6458,85.43781752794261,20.000968533149777,221.56274136076624,136.6439062720716,0.09801320660556832,136.55012691091105,4717
material,48,64388,51504,6455,6429,ca6d2a12fbc394313eaf2f203c2a2f685fe54d5178e73a1b90d2617070ec2594,0b1fe8c7f824bc7b504b03268aebb07f574fac7dc1dcef6b79da17ab4d28d3e3,51504,45069,6435,85.5402889020034,20.00302401749217,224.99686563858378,136.5260902918414,0.09813076049736442,136.43218929085333,4613
material,49,64588,51616,6488,6484,bfeb910e8db34e6caad4a7ab00c21af7941dc5c86be6b659a78472bd7bcaa58b,141aac69344f93be540895c94ba2eb91c4e65174f4f2089cd9d21a86f55adede,51616,45095,6521,85.55903838438233,20.002166737650867,221.6231639893291,136.5965997603406,0.09815226967144361,136.50277387751464,4751
material,50,64518,51674,6498,6346,edeb4b1e9d4bf240fc6314aed05d7afad8287ca0dfe092726296bc0dc6a4193d,6f065387db7ee8b25ce9521831688e3952c386ffb1d1b41fd701494b66d17ddb,51674,45314,6360,85.22576929173749,20.001530185628454,222.38867517589193,136.88609698135778,0.09776994749400779,136.79250452623128,4612
material,51,64549,51638,6518,6393,a1d214896f1ebee3d4ebad8c4ea6b098eeb415fa7edee4f3096e55f2937924b1,0a9074d77c6862f73ea97b1fb13411184ad434dc663724f55aac20213267e61d,51638,45278,6360,85.53662414400165,20.000638644654593,230.16420714939343,136.60908979874918,0.09812655633235205,136.51514766513893,4643
material,52,64830,51859,6410,6561,43331ef556b6bc24813de32506e760927a38d9efea17c2a4af3c141e2777ed35,408364763929e737a31a8b52ed03cd2583b6153b92859845abef3108994b7f0d,51859,45448,6411,85.37418296629527,20.000937405938586,222.10730544229028,136.7626472940073,0.09794020582419939,136.668911032205,4654
material,53,64572,51608,6428,6536,b15805b1d7233b24157be3763e4e28f8484a10c0d758c6f0b4e8ff3e29e36206,2cedc235c44be9ea3c8be2126359e4280a0f5bbabb5a3ea07f2675a71bb77892,51608,45289,6319,84.85319020882542,20.000888234829922,221.5979229095447,137.2048649157026,0.09734252938236852,137.11176045842575,4645
material,54,64381,51564,6491,6326,9bb1141b69caee3ce2079153e8cfa2b4ce5f37f3c59ddb0c6a3b18a929d4fce1,f545d3b634f3f7d61efeb829c29dc2beb12797922e6c40eaf43b63b7ab189da9,51564,45175,6389,85.37672182679796,20.001283251446758,221.50673157443873,136.7907557648712,0.0979431183735387,136.69704123218145,4657
material,55,64459,51641,6388,6430,ce2bfcc858b4034ca87ba687474598b35780aa3505d145273a8159652dca894b,079822e5fe675b538bef3cdfe31bef543f56ff512c9358bd8f25c218257af2ee,51641,45253,6388,85.17981819987595,20.00128203536627,221.73103994177455,136.95526629555727,0.09771723297026771,136.86176393090295,4663
material,56,64824,51885,6549,6390,886a0192c1d61e22ec2869ebabb43d33ef00dd3e77e22740fe3a8a435d6a0598,c5b6d5f7fac6d6d1ec37a4c1273a7628df4f3adcaf630e3351bac51b16a8a57c,51885,45473,6412,85.48632365726965,20.00156814838424,221.7655101514277,136.6586182376082,0.09806885223665916,136.56479017679095,4714
material,57,64683,51845,6390,6448,3f2175dabcf926c0d014cf6f3ccb63479ece0da1424385acdc07946ef5400be8,bc567b1dc715ff28d4964c9bfaf906183daecd758311e64184b1fc98f8e24825,51845,45463,6382,85.47371657816988,20.000933516682345,223.89432186034486,136.6831227974726,0.09805438955158305,136.589249809678,4638
material,58,64615,51811,6360,6444,3cb20af71f1d7c2ab9ec51280057673d938f8e862cc8822c4202c6eaf3f4ebb9,37f9075158c4795299e5e16f9267c1c71dcb9daed4d31f573e72121686810382,51811,45464,6347,85.17396563682453,20.00204238412784,221.51129655816916,137.00152066142073,0.0977105189823859,136.90795275110483,4656
material,59,64229,51453,6439,6337,ffa6d3875b86b2c23432f278599a2101b190952972897d073e84bad7bc4aa771,687169116015aba7548e40160faf958d3d89515f6100778c42f0fbb9e1f6cc8e,51453,45075,6378,85.59502775246926,20.00097150637645,221.72169632872223,136.54288602225412,0.09819355622898887,136.4489389618833,4689
material,60,64387,51532,6441,6414,c59d6b52dbd71ad3d04128007aebeec6d6bf1a06df6723faa28a7af3676be1e2,d05c7839690d896d2be6e67e8fdd833be08bf7e76e1060d71bafc7bbfe2149e9,51532,45207,6325,85.45444781609086,20.002491352723975,221.51842957942813,136.76042625269116,0.09803228466626028,136.6665959099645,4649
material,61,65139,52118,6524,6497,437e9c99f136757757afe43e73f8eb61fe3a06cf21563794438a62b0230d8b85,bcbd0fe8ded648d1f80731798628ad5a04e9b5ccc139f1d2560c7683a9a7b5cb,52118,45613,6505,85.54924473526064,20.00253465258025,221.96685419961545,136.65242718676282,0.09814103451840996,136.5585079645275,4729
material,62,65254,52158,6571,6525,f49e297b364be43ec7b1dd7255a6ba185e065872d4db7e9794c9936471b66b42,d62c8bf08eb5a1226d289453f7a16e04200a01399be83ee41062aea7f7825efe,52158,45756,6402,85.13048339430931,20.000609803310034,221.5070951439512,137.08313309490495,0.09766063669205324,136.98959390154062,4605
material,63,65157,51902,6532,6723,857cc055912f0d4b5f72e6c3f377d71a443977d77cca0aab553910ba0790b983,7996bb8524f871f871ebc9d361a232009104cbd00087fdd0add39e220e44e6ca,51902,45491,6411,85.5107510552222,20.000660584982313,221.58226029052648,136.79519861257575,0.09809687504519565,136.70128465235234,4666
material,64,64636,51710,6433,6493,9303ded1f76b252be368e1644814af19b683982dbd1e68a2ca7369ba986b028b,e06960d96965cbee10f95b1938d0bda4d1a51f3423f99fc0710b5f96722b0ae5,51710,45375,6335,85.42147816474028,20.002011637455304,221.77426549304892,136.8645511202161,0.09799446229037287,136.7707246239779,4638
material,65,65036,52058,6505,6473,39dd213980bc2c6bb9d14576af9b7ffa769765f1d7a4cbe88ac5169dee13134f,c270c5d2d3722cb8fb4151e83a860c255a3b4634326d584d42cb2df6f8642a8b,52058,45581,6477,85.38343276561854,20.002464506602884,221.63257885159018,136.89168730753929,0.09795081707947678,136.79786892675352,4626
material,66,65098,52175,6489,6434,c30e9f09c0a245e9fd41345a16933283a217903f1bb470347ec8ddc612690cc6,ec009eaa5416310c9f82d5f4f84c95326e3a8a19743045b766a50b0cd90d0225,52175,45759,6416,85.23559086968206,20.001299603615195,221.74887622543204,136.98011023648687,0.09778121468664129,136.88649176417522,4643
material,67,64697,51702,6553,6442,d871b41644903cb043d208445c3799e0541af104f3e0544578245615f1b285dd,70c0c05a36e57d07b2c93743585fcd1f9a18d11c977c95e47f57eff3919f6581,51702,45208,6494,85.4685661810335,20.001390410145625,221.83844337244824,136.77029203423658,0.09804848107974663,136.67658025648785,4776
material,68,64989,51841,6601,6547,a868075cdfba275b1b82c188f6525d40784085fc3a8d361955d8e03dd723ca31,8c1c8ec4b5b9fb9ceaad75e4aa56399a46e16d73b593f2ebdfd593df554fdd2a,51841,45341,6500,85.4579623760495,20.001137862329866,221.51004073550826,136.777089795427,0.09803631652593692,136.68342819582767,4829
material,69,64831,51790,6537,6504,d84b39d298aa18ebe1750617c9ecd8a3af7e06a1f6c3a5170c6c59d3c7c352a1,6c090c8f0dcadc3d936987bd3bbb3341a0949ad45ddb28af3d803f4a6433ead0,51790,45407,6383,85.04097669259748,20.00098640469237,221.64897815154794,137.0951907632114,0.09755795571188196,137.00188280713334,4637
material,70,64793,51793,6456,6544,d0b3618f023e28789d6c87f0e3f81a9a211d2e3c7c00e1261784320c8ba7820c,2a7284afcbabcd52acc8bdbc151f71b2bea39ed96b6661f412682ded7d137e5c,51793,45356,6437,85.47470503949394,20.001680356396157,222.0047391642405,136.6964228206906,0.09805552350217754,136.60260279339752,4679
material,71,64633,51631,6444,6558,3446761199e66c8db316eeae7cb04d8d1bba3a192f2f4a6c72e701dbd5a836af,257a85c9524706632d899f4d32bb75b03a1c1a6b7378164835d24518f3610a24,51631,45292,6339,85.32767724551805,20.000916529448702,221.5516951550187,136.8347494252046,0.09788685503703318,136.74108198114246,4636
material,72,64559,51531,6474,6554,c64db40719a65696733e8c04906169ccc748ddfed2689bb8f8193527ca8eadf3,f151966ed93b856b8453a7f48cbc3678f4b515f1bc715fee976444b1f0b02df3,51531,45230,6301,85.46151839799842,20.00256070544746,222.08186613112926,136.71550895651137,0.09804039595029557,136.62161742737374,4575
material,73,64719,51766,6411,6542,4aefa5ad73e7afce9e20c0497f213cdd88a6af589746c3df1fc60eb88ece02a7,2d2f541c4525570a4110fc285757cf22f07982ca6cdb54f9ad9616c0f13c0177,51766,45318,6448,85.6396826178112,20.001204299836115,221.82217256079855,136.61049169120292,0.09824478373771207,136.51647234123973,4733
material,74,64698,51623,6580,6495,80aa907a9496ce7fb66130767f82055fd98da2e8458070b06f9791e50476a9ce,7f0cec9c9e4b9c7144001498703b0fd8f181f947ee8b2305a580deeaa9a07dc8,51623,45349,6274,85.01708208459553,20.000715207699386,221.64830075548556,137.1926339722237,0.09753054411338122,137.09926815206273,4615
material,75,64279,51367,6469,6443,29264752cb6a1aba8da81a25bc79f7561a7586cdc59bb897419acaddedc28327,a24b0f00b28213953ef60a5b05f823ac9a2371e588351d13638dd2b07bb213c8,51367,45056,6311,85.35104942151953,20.00159286644391,221.95725655593773,136.89750173762548,0.09791366730801034,136.8038676183783,4619
material,76,64686,51653,6559,6474,f661ea5858c57180cfd54912f8f245ba695a6ebf322453b889452d3b7e8c217d,4b32955dc486f3e32ce596996783b6f73bdf0f72c66740418d66953c8e029238,51653,45241,6412,85.5737508392462,20.0025503025418,221.62862800516146,136.65405201922167,0.0981691476175332,136.56009444725166,4700
material,77,64235,51141,6569,6525,e7895b26aa05c8643640c49320c32d6df3dcfa18ee33f1d95fe3c7c546323ee2,a09cd5f72ec2f85dffd60dd3aff011b3e8b91d0880df9fd6c8ebedea94b267be,51141,44762,6379,85.39332753426706,20.00046041071596,221.52771768827066,136.82993508811617,0.09796216823557982,136.73625507355047,4658
material,78,64845,51788,6569,6488,c6cc255cbc685a94cfdc26d17be929e48c0195b06b6fbf407b7f224809e1397e,7f4e006abf6087b18b0717431c5933f7f96ecc9c5308785bc6b4a5186d00c8ee,51788,45436,6352,85.34140052618301,20.0012485446308,221.60435602151898,136.83775500336583,0.09790259821472706,136.7440562556187,4643
material,79,64606,51724,6528,6354,3f13866e51f986d792d0e8499414723a1f00213a8e7519951cbaa717e954f401,b55c8999e785bdf1a8dbf611fbc424e7f559ffd2eab891689262089dc033da15,51724,45219,6505,85.75785051692698,20.0008261218873,221.77443801500144,136.40887684771084,0.09838034448873888,136.31474652183047,4689
material,80,65084,52138,6430,6516,727a26411e6e7a1fc62235715e93c1e365041bf541c279c595620f6b437343c3,95e4c0385bec44b81d37618d503fc60cf99979fb7e40ba5305b55e7c3908efb4,52138,45612,6526,85.5669085206646,20.00167367952715,222.13690975211304,136.63458762934115,0.09816129819435965,136.54073762290534,4807
material,81,64882,51853,6662,6367,9b611a83acf61f0ad827778a826089b9b3e10a385e04ca656e7eba416d5f3ee2,e2d85c17e5ecef0813c3482251326d9a5e80577f64a72bf2fef7ce7bf26abce2,51853,45479,6374,84.87504163206802,20.00245642498446,221.57581152285013,137.3070239960849,0.09736759706460656,137.21396854186466,4742
material,82,64749,51858,6468,6423,9e81f7ce6a05590ed22a22a1248f29c607f0011d51b0fa47079188f9d606b339,f326303f1b4a175479f7978ffba7215e1e1d1ff4d80b74744e22f1e91219a0fc,51858,45364,6494,85.89771862396857,20.001559883924457,221.85035814523312,136.262551030039,0.09854079944966429,136.16818520991143,4663
material,83,64885,51796,6625,6464,4fda95cb00bb4804675ed13cc3c83dac0e9e93ffc91fb5d882b2c9b4a4231412,251bac80779df405eb7e49d2844e5f2eb36e69ba09e2be010f8abad55728f465,51796,45240,6556,86.13639658393821,20.00163122797005,221.89205505113765,136.07131676740684,0.09881460785066948,135.976842616022,4756
material,84,64579,51720,6481,6378,f76be9afc7b1f630ec4df7668083bf82114c675b0d70544088da00c4718e93fe,30ff6d4353b9b4060499d80e6c4f1a1cf8075c4cf12d8bc2938275c59cdf8fbe,51720,45330,6390,85.18816212428221,20.00097901050857,221.55592222687986,136.99870688061893,0.0977268050170544,136.9051827701891,4639
material,85,64405,51501,6465,6439,452cb3513619655492f4665a66eed2b77cac97bb4e8cfb0e502a278fcc009595,be51bef08874019b05b18961f2b0ccf7888ad9d9914d0275e39e05ed89cb1ab3,51501,45249,6252,85.14312712774893,20.00203832889261,221.57878592196826,137.1337564772572,0.09767514142653429,137.04020805186553,4554
material,86,64499,51413,6560,6526,c2952c8b01729ef77451f7536cca8a1dd2311b077c11bef5917aa3847d6830d8,d7d202b40891c6b9fd9bdec8473dd11777fe8aeddb122fdbb6ee6a8c78205a29,51413,45117,6296,85.28372676111607,20.001625282211585,221.91463760815867,136.91745893654135,0.09783643558540454,136.82383481650638,4563
material,87,64781,51829,6444,6508,4ce151112dd3a9baa526046d1d48a053cea2e6fe99f999a3250f28e7f7a34de8,527cce6207e8bd8d4638606c41390d01465e48830a810c17abad59cf280d2c1c,51829,45437,6392,85.25990166728634,20.001065985037805,222.24144380823859,136.9523644275047,0.09780910373270164,136.85866599990518,4591
material,88,64540,51632,6511,6397,64977dde8fbd762d53c18678f654674406f1a1c29e7c1556eaa82cea2a34b6c7,b3734275aaf35c5b11147055afac0e36e8c41c4eb72b1ca698650fb99a0baed8,51632,45253,6379,85.38271050378032,20.000514460406947,221.62204090494922,136.79833462723448,0.09794998850963707,136.70455870259667,4676
material,89,64928,51925,6498,6505,1f1d148d8e9e20dc5fd58f8d81ad8401d0d94ea11187890b0396772da392a72e,884d916780d80d938c871b0bccd7b384e257b7a8a65ba5e80d947965595d6824,51925,45566,6359,84.95794790289516,20.000493594681274,223.40962166107585,137.32452196368934,0.09746270611217579,137.2311848647634,4596
material,90,64358,51175,6541,6642,e2e31c92afcb13e2276902f3314466789ad497285430d09d2ca7516dabcb75de,0287b132b94f0c169b39f182b07e8a35ec76e69c31521aab5a4a5cf6718dfca3,51175,44800,6375,85.54884044273042,20.000658645761327,221.90379125721816,136.69012015519226,0.0981405707190242,136.59627182897106,4652
material,91,64658,51642,6593,6423,ca398a4b0553d825f9b5a97e9dd1a7963ad569fab9277a234c5b7eedb9728998,2cf552e7f7b73b519a8e408f5b1a0e27838706318880004c14b2b4a4b4aa754d,51642,45267,6375,85.4128870784189,20.001586466206092,224.88988800479905,136.85312364797565,0.09798460670249684,136.75935821132802,4634
material,92,64356,51438,6489,6429,e4be83601aa8a93cbed1c2a3010ee6359e41203723e73418016f627bea70e7c8,4aab4b740fbc6ebb5b9d23207ed3b7a1f2d43ebccb95cf2f721261a3c5d69eb3,51438,45120,6318,85.19832815677148,20.000778586665923,223.50052101876892,137.16334421461139,0.09773846736367749,137.06977553349589,4608
material,93,64513,51658,6539,6316,dbec562e2d04cd2e5a06ce1560db2317424b255371076a45cc615bba84eb6fbd,c56f6734f21e2b800edfb39edf927d616d81e806e9741b6784865f3bd2129959,51658,45256,6402,85.47060458762043,20.001543629641404,221.69049168194292,136.73492560654745,0.09805081951454905,136.64109389601649,4685
material,94,64948,51989,6559,6400,0680dc156dbe66a0cdbf60fd8331af2a580a2f72a0822720e74c619aee966acd,ec1b0157c39788371e79afef81c359df56dc2bac78a2bb003fdd5b0d459dff97,51989,45488,6501,85.61746122060214,20.001354570722306,221.59033551176873,136.60740287070638,0.09821929162591973,136.51343900946614,4744
material,95,65025,51934,6605,6486,bc1795ee14a82985a2e0d5eceb76a50e7471989a930732937a83b415b3a85b81,4e560e870ab5cd843a95b66a309f540fab4c3ee840fb83cd96c63d5bbfe82515,51934,45420,6514,85.77683353492564,20.001170886690133,221.97478266811189,136.46444795279632,0.09840212157199,136.37030890430904,4716
material,96,64125,51051,6652,6422,52d6550cf9660cae93f29448a403ff81de9fb96ae84c527a5ddd1679b33ea080,b4acac7f596de6c8ba5efe1c5246a2162e01a0b60d9dc663e11dd910381012be,51051,44776,6275,84.93427823661698,20.000883089202492,221.67146767006554,137.36830157025935,0.09743555256403595,137.27510019175438,4600
material,97,64820,51749,6412,6659,414395e0ac5a926c361a4bc3782bfc010d3f578a47e012fb68b4cac1720b1285,4a03b83db1d94c100f413312b49aea0b29af1b99331b9ebea9bf23adf8f22c8d,51749,45189,6560,85.9168741427196,20.0006384980625,222.07862875766492,136.35754893947112,0.09856277442364308,136.26329217466636,4798
material,98,64368,51470,6470,6428,98db9be300bef2ebb1b925c88464c37e40101db2302382d4534585a92f953b59,07a1ad874024d2666851cdc90e266a18eaaf5af1150283c3222df2d07faa6197,51470,45129,6341,85.1884203273718,20.00052481181664,222.01812684516608,137.0448713594162,0.09772710122444239,136.95130025451365,4542
material,99,64644,51616,6511,6517,756402627873cbd5602706a29b8024ee1f5d9f952adab55f1af318eb0f066063,98a77929aa99566f99ce6f747f5d0caaa159e5e53b7093a7c4d40c152257fb82,51616,45340,6276,84.8328273266986,20.000729233130116,221.58018620662835,137.4130540308225,0.09731916933607133,137.31986788300495,4540
material,100,64408,51725,6245,6438,448a70d8c177a94cda34d214b5144b721845746b4b3583160cd27874a4bd0ede,5bf33b796ba5d713cefa567214004a6252cbe52fa9763a80a8418b761a2cffe6,51725,45164,6561,86.03377813141992,20.00067988253222,221.63527354897624,136.20435908870718,0.09869688523228765,136.1099732739593,4773
material,101,64542,51695,6413,6434,3850b47773a60ba0b7d55f57068a06478119c1288adc380378bde7d2eb3f644e,38295f099cbbdbe17670546fdd0fd45b700c6b5fbc3459a6d773551a3c8f9dc2,51695,45413,6282,84.78018952509245,20.000281483801842,221.50728786775963,137.4017376971494,0.0972587839016892,137.3086873071619,4636
material,102,64449,51689,6416,6344,6d68f5180d4f96ca28e9de8a4796442109f089954e1bb3ccce4a65281ea16060,a1aa9d85e3ff730d58d350da4a9767f26ae156aa36a34cd42c6a62c54e683e38,51689,45320,6369,85.16841692912706,20.000562830558906,221.49726237860128,137.11397399737174,0.09770415357360461,137.02053307646062,4685
material,103,65003,51874,6582,6547,f41e10591b6004edd085c889e17bdc8c48ea2ffbef1327313af450ccf628b617,71877c00f4b214934820c77b095e965c036db6bce43485ac594fecced1ac5266,51874,45404,6470,85.44651395032214,20.001519243127188,222.46707449419264,136.8203754375583,0.09802318303366628,136.72665249428553,4739
material,104,65019,51858,6523,6638,03fc2d0cf463dbf6a83043611e32f5fe79c148fcb425fd7fa7240158f632fb5a,5051cde7d6a3f309e0ef8bb9d1bd51dcf95785084519ac1d68cf09740d621822,51858,45479,6379,85.38307617469978,20.00062263421632,221.48728755138347,136.983440239234,0.09795040800278915,136.88966041574824,4682
material,105,64663,51716,6444,6503,03aac0e40a355627ef9320f8759d560d4db09ae465e35cfdb3ead3e3e8d4a964,612d31ff61995c3d808e088608c14a405b116e5ba69b5612f30d4c65706a1f9f,51716,45397,6319,85.20405234668218,20.00145464437361,221.65183401747228,137.09483449109072,0.09774503408348144,137.0012823777696,4682
material,106,64899,51924,6538,6437,c8cf6d51ce661121d473f77b518244a3462b2a5313a41ef0b8faddf07bd052fc,072d553d7bd00d53c56a393aacbf0c8486fa5a1835d6c2264d3b3f898f1c0343,51924,45692,6232,84.81147442821268,20.001404721748994,221.70832308217737,137.51249602176242,0.09729467355526276,137.41930393111838,4571
material,107,64469,51572,6439,6458,d1aac8e3ce932cad96db52507661b1e4787c3abd6c0a15df536625cb487a4df0,4bf5c0f5dc4ebaef68b81e928c189a398f7b420dba127e65fb1c1eb6958bdcb2,51572,45074,6498,85.92907740890575,20.002709047641694,221.5482425070786,136.42682020187945,0.09857677385954365,136.33246295541014,4725
material,108,64668,51663,6543,6462,028a3ba83ed0477a2635d5c3aac386dcce87389bcd7aec141a4e905ed52a3c33,cc6f4512b7dca590a488ea2c8d979da80ea8c940b4b952990d269b888d999a9c,51663,45243,6420,85.14750480969553,20.00072786361391,221.75354472005128,137.2750697177292,0.09768016344907071,137.18162908253623,4692
material,109,65039,51915,6510,6614,44e2fe30b29ebfee031078cbcff3c2cf49462e636c5b73524fc0dd6858075bc2,8292b34cfa40b646eab8423fc61e4a15f6cb7749c8f81a84427eb33dce239558,51915,45474,6441,85.23737149227675,20.000534694393444,221.61191103045084,137.14447043096956,0.097783257394839,137.05094194791792,4684
material,110,64419,51641,6309,6469,236c5225439327f904f420c4c6c3f2f80d15d00e60f9d10266b896e93d198e62,85bccb43311a4e41fa8a8c2cb4e4d2acd9db89c6a3ec65e53d663118a6c9cce7,51641,45229,6412,85.20265926103731,20.002007466953884,221.73217853252558,137.19916509027766,0.0977434359528751,137.10570951577438,4710
material,111,64278,51479,6443,6356,4efb29e9a79967d538a5b8e73bd7845873ad2fb12de709b1420d4680a4e35e28,84b5d026a65af1057fe2026f9cd00e95bcb0691bd3507f7493cd0cf62878f034,51479,45082,6397,85.18056276905524,20.001448083298108,221.5217243369627,137.2040057873513,0.09771808713081293,137.11053173029393,4663
material,112,64597,51670,6467,6460,7d188d8504b11806acdc8abefc3f225999891dd8f737452d4de461726c816bbd,1c683492bfadea07440540a013ac4e00a8b88c7c490b1cb5d763f4fe895cba3f,51670,45198,6472,85.41997074393625,20.00105624593688,221.73581731751258,137.026167682172,0.09799273299588734,136.9324737062164,4715
material,113,64711,51719,6479,6513,a4afb24f75a0379dcc89651db252fa66aae9ff1ff0f182ad9a041321a491cb28,3277c63d46230c6eb4993d3e78dd0ca2dea9e0dcea36855de5e7c02cacedf423,51719,45176,6543,85.80866778559401,20.002261749696142,221.67214628829066,136.6241018056481,0.09843864143027026,136.5299815939984,4752
material,114,64837,52058,6491,6288,1813c2c34bc86e978b5e681ba1899c560084c5a815fc19bcd2abc68ed115d7b7,0c215bc8d0b8cb1fe24369a65199c55394342fc7e45c52353b00244d472fcee8,52058,45545,6513,85.48206667549131,20.001759853786425,222.58501997481082,136.96534420930598,0.09806396867986161,136.87161068097203,4791
material,115,64084,51198,6430,6456,308d4e6b6b2070776fe6fda5c2a3f294c76fdc07dcaeef18c81238379f3dd012,f2e71dbbfa24bc3c399bf5b4424bb2cf53a5ebbb795e06f173a0428e73d9892f,51198,44796,6402,85.34947109392579,20.001794161425664,221.58206887076898,137.12287754769446,0.09791185667013341,137.02926734508412,4705
material,116,64942,51918,6491,6533,b4faddf1e4b091cf5142d54b16f175c1b9781f79eb7648cc4e070fc590401d68,f5d871c59e790bade99efb3f72058f267b4cdd5958c9649c352c69ef9e88243e,51918,45295,6623,85.69739899661624,20.000820375626432,221.66862969660605,136.72701202218312,0.09831099525298741,136.63320785641002,4922
material,117,64634,51722,6522,6390,0f64da2d9d729aed207522bd75cbff834e1bf9551cb8b99205a3e5e737447c24,d86514adf0eb0672274325363921ee846809e62a343cea4fd9ba91073757d972,51722,45238,6484,85.67636888835275,20.000668111323115,221.591409919596,136.74822267862695,0.0982868697731261,136.65426979074172,4750
material,118,64315,51483,6371,6461,fbcc768b2945247b166c012c2a4f8d5dfb7ac7f7774f2c7328331b5dd2d170c6,5d8c4ec44d0deb4acf6ee5dc10a8c276810fc8d7a93761c2246a2615f577fa18,51483,44981,6502,85.39816629420639,20.00043945044672,221.57205898906133,137.08585510504756,0.09796771920108159,136.9921715390483,4751
material,119,64648,51672,6525,6451,711e0a25363506a70d4f83ccfa1fcb3f5d567cba5f40f8f8e5245f955b4ddcfc,0283bf529dedb7dcb34598d8b6391069d2ee026e446f8a0b96fb708cd035c346,51672,45335,6337,84.99931646952399,20.001322209553123,221.55281445440872,137.42741478538568,0.09751016361969751,137.33408797847338,4627
material,120,64802,51960,6455,6387,c2ce9186345085ca5132e965ea3f12318846eb6fbd3efad3a71945407d2bbeed,34e3db6304a0a74738352df28b71d070653140b449f5154c031903a94cf19cbc,51960,45588,6372,84.91535264559734,20.00292549691289,222.02180099419533,137.48584369684443,0.09741384136030425,137.39265365126118,4699
material,121,65150,52172,6589,6389,daf5352c4f7631f30d13247227f4088985855a9dc7e6d4e7ca646d1e9eef7cfd,43a9085ee8a9209a9dc0a34b849a9cd0aeb85bdd1ca8563aab2de753f5d758ed,52172,45508,6664,86.38921486432193,20.000191338613433,221.50528228903454,136.00535052595728,0.09910463785220607,135.91058173788957,4830
material,122,64757,51720,6424,6613,9af60644a41e12a099effeb25d3ea95de7eec70188e26fe0517da74c11aa636b,77963b4d5e1303d11ddea2e32de2c62398c0f8bdb41860d8655939458f9e7b22,51720,45180,6540,85.61072304414193,20.001175851882664,221.58796040085375,136.8036807459928,0.09821156167329863,136.7097939103946,4769
material,123,65049,52188,6426,6435,f39afe29b0697e3864a3148ebe02dba01848385e17cd63fcb0b022630fd40339,6c053f292a742336a52beb54a07d91f32e71863ba413d36c3a62e898710c1e1b,52188,45604,6584,85.46725887578161,20.00125238580819,221.48539682397427,136.91885858943047,0.09804698135534519,136.8250845918906,4790
material,124,64500,51641,6602,6257,d092e32efccb8b5203f118348b6cd3c69041d50159eb5f8f045d1ca508f7938e,f27465b918dde33b0e9d29e21d22f73ab91545f5669c2e0aa2d4df525488da2b,51641,45331,6310,85.12208268527448,20.001630087860246,227.98918966171468,137.31554101013162,0.09765099950264358,137.22200992267818,4560
material,125,64073,51239,6409,6425,baaca07cd7963a19bed5028c2f2a892e6e99225f4347ce5145e93b1b8ddbe1a0,752363742cb759a76b4f5ac4d557c25f569f32ac179c626532791909ded10a1e,51239,44857,6382,85.50218116888202,20.002819401986567,221.48107766094938,136.91157074441625,0.09808704377767559,136.8176738756243,4635
material,126,65095,52049,6542,6504,735a9677a3f5ffbf7dd98d30196664c878e30cb321cdfb07ba55a9774da026c2,d0c7af739e7257ce07a8ecd2ab73f4fdbe8abe80116f97ea60c7f0e6983b0705,52049,45518,6531,85.77152795994246,20.000549826661604,221.59370043391155,136.6142097608089,0.09839603508204872,136.5201776114157,4788
material,127,64097,51157,6380,6560,fb374a8d5dcda858c4a34ab163cba63a7763b2cad448361c3005714b2f7bad37,15c0d037169d226f5a9128a2011336c72a6015d270b6275b369efb8778c34f6e,51157,44856,6301,85.45837169130903,20.001711222837944,221.76782922718593,136.98735715401872,0.09803678608733561,136.89355967727843,4584
material,128,64647,51685,6591,6371,d565932e1ca7e9706beb284b5e5056298a77a1c6eab5de2cba251c3cde6a86cb,63e5bfe3179ad6212f011e915f4d6a45c37a0416eeceb401f35ae709d52148c9,51685,45337,6348,85.06619358871025,20.001377090160318,221.73588941676536,137.3461593319911,0.09758688422293438,137.25273715628984,4633
material,129,64677,51672,6478,6527,99b06fcf258dfa8e99718dbcbc8c8566a6341088602dfa64251baa5392e938c5,e36f5bb8b6b7c57bc6b40fdd060cb071911e13d4851348520ab744914a9c0b3e,51672,45140,6532,85.78065606381078,20.001894895396234,221.66014290005552,136.66408635855365,0.09840650672980673,136.56995915669094,4716
material,130,64808,51912,6493,6403,e85c5cc237d6a18d9885e77e708aa2d9bc95d6742b9e9050b48d9d5f386947c7,5e52daef18efafa3ee10bec18858c25a33d49d72d7ead7fc908294ee308f9c50,51912,45328,6584,85.60875345519993,20.002542640058245,221.80806842902547,136.86052104696262,0.09820930218524657,136.76659413254708,4785
material,131,64895,51825,6528,6542,919fc2f0e3ebf82aefc056ec3bf242b635009b505eb9de3fc8d3795a59ca729f,21bb8ed71df3a698cdeecf997101b852012b904fb420f7f5ec8df7907ffcec5f,51825,45448,6377,85.16237176296416,20.00078085019188,221.99790083801466,137.28401374598633,0.09769721863381763,137.19055008492558,4652
material,132,64668,51661,6602,6405,ed5e24f390752f8727801b8fe97851f083e698488ea755ad95d8f9da3a38bee2,99c7fb53b063ea0c232038f0b1497c74b416e78bc6409c0972cd829ec03cb18c,51661,45344,6317,84.8739781602827,20.000798194275298,221.56805683080904,137.60889312601367,0.09736637706293949,137.51567023988378,4609
material,133,64538,51439,6577,6522,a4337380bb09b402f50c2aceed9e411c0d7432f7b59de7f0f969aa90d69d72b7,f5c5f9c59d51ee817f7652d3570931470ed7fe7a677cf66c4b405b675128662e,51439,45041,6398,85.40630281124447,20.000242475904685,223.60205641679522,137.05341806166223,0.09797705331270311,136.95974952067237,4660
material,134,64404,51463,6440,6501,20bddda43d3a9b0904a30a89f49029f59fe5bf491831487e8d0ff1a3937d5cb5,7429b627b1174fee644c486f73cbc6db70596b2bc76346731f0e5795f8b816c2,51463,45155,6308,85.15040141551856,20.00078351708072,221.66680959505177,137.28007808444045,0.09768348639941285,137.18656631598154,4591
material,135,64819,51871,6403,6545,b4d9fbce3d8aaa6f10b26e99f3c6678b33073a9ddbd4eaf830f59b4d42069939,4b9f5e0e647f39a27cde82641adcffde98b53d7e2950337f0bd410f5c87b5f85,51871,45438,6433,85.10811795829073,20.002236003322867,221.5462510863293,137.34743436556045,0.09763497934072171,137.25404270887952,4724
material,136,65085,52080,6529,6476,6de0502652c4cb0e00fdf014483eeb2101499299b2c9e112f323529cacad5707,8af6401d129a4da7c72b1391f727bd8df96d8c5948fabfbdd0dad0ac2fedea12,52080,45592,6488,85.72496040055299,20.000888784643664,221.64394204735962,136.71445211368038,0.09834261335439207,136.620410031323,4799
material,137,64916,51963,6507,6446,3fcd70a13a1c8c5bff69bbf593b1841a7381746480fbdae99b05f756d2c9c658,6b6e9289d059e64ef82bfed6eb8e09c635b6a1d137623cf5104d6959aed8c961,51963,45430,6533,85.56727123214125,20.002200660738847,221.49838007442045,136.8776736556136,0.09816171429247555,136.78381910140408,4785
material,138,64565,51475,6552,6538,156cf97d46e642d68fad14774d327d11182c4a730c081d187e8165a8aad1fc49,2d542a8404ac20b7e90263fd36d7282dc2b8c61796fd99be4d0c649bca7a82c5,51475,45050,6425,85.4347185173167,20.002975911520068,224.90993173311432,137.01228074176385,0.09800965145894193,136.9184790587904,4648
material,139,64540,51644,6436,6460,a3196d49bb92a387e1fc4fd0710ed36cf2b6e6b055410f11656a1a46f1ac3f7e,093832162054896a4deaf9261fc1213ad2a63d300ec927f1613eebfdd3cf76c3,51644,45168,6476,85.34676068422873,20.00158653949234,224.5017996278336,137.05526341228435,0.09790874732168196,136.96159924978235,4703
material,140,64390,51445,6490,6455,b51c48ec4fdd8749b4b59f56ddcbafd5e8e46c78966b4da4b5a120b94aa0a3eb,d5f4254baadc3e9675a8c7c1835ae5c127b4a43d5cff49518731809dd3396caa,51445,45000,6445,85.65378924376522,20.0014607087737,221.58516833128425,136.79816121812442,0.09826096668437599,136.70422066734923,4696
material,141,64614,51655,6403,6556,2ae9dab09633dda258e47ff66de03cb6ba8f51200200a7d89d4455140bf5526a,6159c55132935ad5eb999200f2681fdd35edd0230e30f808b16833c2f29b1a42,51655,45154,6501,85.49980390363723,20.000820524557884,221.66179612624595,136.98969503875773,0.09808431660841568,136.89581980623413,4664
material,142,64426,51664,6407,6355,7d72189660292bfe8f18877fd74d2e7f87a76e5e8b0acf6b064729416ed97c7a,121670c98481eb3af0fddf7272d58b36f85dea35a4d86c5b101d2e21a043d4e1,51664,45175,6489,85.3573647413583,20.000684826687955,221.60572716420162,137.0842716223876,0.09792091216474993,136.99070093764095,4774
material,143,65302,52231,6593,6478,1a2a57198614b66af56a95c9a0a44fb33f55afbebc1d17af6385570221433ad8,715f3d58f9e26393d479b06bda8b3e5602cc9ce24043980530fe9a5518613a9c,52231,45826,6405,85.13965275229194,20.00196062016505,221.95379048774853,137.3503899310201,0.09767115566602044,137.25692500372313,4691
material,144,64010,51096,6425,6489,d8b23c2ad370a91df5309cfb4c64650edad5c6c11caaedeb48924c4f90bdf129,a2419d9e03aaa37353ef73c7855d8fe76ce9f73b5dcb984634e9f9113e605184,51096,44685,6411,85.29646555428906,20.000460930601857,233.8986885049391,137.1666770949671,0.09785104937123493,137.07308988472008,4638
material,145,64737,51679,6505,6553,4cf8dd68758f8bb2ec715dbe876073b1ee307a09876b435a0d4b1c1ee448dbb2,dd237836b66e82e19f2147ad96c1ea4829fe79a71e2e8ea00bc057102f4bd68d,51679,45317,6362,85.06552693016634,20.001750960200916,223.66686256082352,137.37077597158307,0.09758611944050559,137.27736735390272,4608
material,146,64779,51718,6503,6558,85f9c6596b1ed3f3de41da597fc4cbd78319008ca0edf7b9175bba13c7b42d33,8cf4a358174706a3973d6d0ce1db42f8c0fde6a2eab35e62383569f356a2a5d1,51718,45342,6376,85.23518277745086,20.000932012674525,222.1992978677897,137.24166770785612,0.09778074652828556,137.14805154367664,4607
material,147,64469,51770,6385,6314,1364fae101549962ef10499bf09a71cbb5350b4aa9cf0f9a8b94cbd77e1c91d1,a4ed82704a95c6ef54768380c07ddbb878d49716b12d6d3ddebe3d47554f0375,51770,45266,6504,85.66652269540087,20.000634977932684,221.9805094342293,136.7393053160131,0.0982755743424609,136.64522371402717,4690
material,148,64354,51579,6390,6385,e102b138c357cb42dc194fe1736611f54a3a57496299d2f187d5e282095a0f56,4939690a0ef0b50a4e63bf4d3421ddd5bd14934064e47d57d7a7671401b27eb7,51579,45240,6339,85.01712439229753,20.001119639841512,221.55455211242995,137.4129741911317,0.09753059264825323,137.3196546387368,4590
material,149,64283,51588,6340,6355,2c8d1279d4eb68f135f76856e9d858f0de64e4490e9cf5ccee1b5d1c717577ab,24fec8bcf8544e2b1c43b5b4ecd6c5ae5b195cba4ef6f84e9242a04bd90a9ac8,51588,45119,6469,85.51133308372106,20.000332244514833,222.34293526957435,136.9516372389449,0.09809754274108443,136.85777493324144,4685
material,150,64832,52039,6347,6446,19344ec8689051b81f44ad1f83c62f78c6f777d04a8fc9cdefcd01afcdb2bebc,6efd1a479e65b4fcf3c804f09ef23f1aa4e25d3b8335780d55c59c0b7b8b57e3,52039,45643,6396,84.75979612968314,20.001751571829516,221.53351151406943,137.63828515106943,0.09723538885093212,137.5452989486919,4664
material,151,64766,51803,6614,6349,235b88ab192132de8ffb815822085a0b2eb48900d227c05f798972175cf2863a,c42bd39cb7ecaca138806e291e510c7f585507661522d4918dd8dea0dc828ee8,51803,45400,6403,85.66159594677735,20.000556166472737,221.55157056789224,136.78268247375155,0.09826992243742982,136.68868915000283,4721
material,152,64761,51754,6548,6459,ee6167860112511d6cddce135f39f9401dc0c7cafc2e0c6c7981f975d1169bc6,da7fbb4c4f6b78fe21de264ba78b4709753609436ae38e93fe508390cb3cd8b4,51754,45233,6521,85.58004924633082,20.001043368333704,221.53706465836635,136.82372016871952,0.09817637307217063,136.72985572871153,4769
material,153,64482,51537,6529,6416,5c439e251b52cd4f5e1582ce8c0b8dc19b4090860dc0931877bc46f7301de338,5c8ed12f0b28d9dbc5ad459dfe7a17d859fd5be7e22d4432008d3d1e0e7194f9,51537,45167,6370,85.19718154290722,20.000964600857714,221.57366436376418,137.24200766231482,0.09773715198244672,137.14859398435055,4715
material,154,64656,51638,6490,6528,d6396f15e1667de39b88b1d6109ef72aed3ce78811ea98b9a8a74d2c5b1e26e0,0065a0687a3cdd95e14e006bd9b6de747fdccdd5f6befbe6fec8fed223a2646a,51638,45253,6385,85.41550785244074,20.000914629203635,221.67202387709514,136.9935556621403,0.09798761322201129,136.8998223457641,4716
material,155,64832,51835,6431,6566,f9962518e67b894c81a0b769042dab9f311a09381a92b9995428f2dbd57065fa,7128dffbcc170e8c9d7a900204103d852e49cf8cbd01ac65524ece05d0d49112,51835,45355,6480,85.60182341802324,20.000663042644064,221.6088978889997,136.923244518595,0.09820135213238665,136.82927816457368,4735
material,156,64878,51838,6507,6533,fadd2444c62c6d1c0c3c436c58d8198466a8397c945b981bdf1f8e69ab91f550,2fc0859af7445f114e48c4c196fd043826a847a96bcb91961705364df0c4b0e5,51838,45476,6362,85.21745286464379,20.00055592738456,223.1653752968711,137.26833228877445,0.09776040699179762,137.17482401810972,4709
material,157,64535,51504,6488,6543,06cd31ec465ee07ac254bbf16900ff70a3489f0556500fd735460e8f65f3907d,153bbfa415320ec0d639f69f582062f3e74ac77d0a4c559d7ea2250e0e85e71a,51504,44996,6508,85.87203379970313,20.001872814913757,224.99811927629437,136.52496870927848,0.09851133413722776,136.43076415036836,4730
material,158,64735,51534,6600,6601,d438c0f24534408781d37a079e2b4ae10b7b40e18b4bc2f161c7f13d7af8abb2,97e744b8f95672ff8172fc7569b2e6f2cbe9265c7866bc857a1c638f20feeea8,51534,45150,6384,85.11198459275916,20.000888513333194,221.52661285935127,137.32382771333124,0.09763941509591757,137.23049842630712,4683
material,159,64581,51620,6450,6511,20584ea02ecd6f661ec6d7c0c79d8668979f6d207594ef3072be68ab1f8418cc,ea2b78ced127320ddd8ffa8d2154ae04fd5378c895ce100ff383a1c4b11a8765,51620,45159,6461,85.62776869964601,20.002124142391327,221.5641059743123,136.80678147365913,0.09823111623827921,136.71290009956482,4769
material,160,64989,51957,6564,6468,a5100e9f39150722c8450f192fcf86ac96f7bd1883159335ecda5b9b07d90822,64351b1ee2831d160fc92eae9c35c1a3d368b68ef40dfa4bc9248aadd71b031e,51957,45463,6494,85.32762375811835,20.001776111443487,222.12514268077467,137.1224361667073,0.0978867936769504,137.02878157000615,4706
material,161,64869,51923,6408,6538,0417d6ef4277de3e75a422ac52e152e59b357545468ff4827a4f2ba56365b4a3,d8a1ef9e5c56368013e60d8c025a8c180b068b7008221346d89bdf686a57ebcd,51923,45334,6589,86.12484366964378,20.00056533698679,221.63530977958388,136.25857500733065,0.09880135449040818,136.16415834775756,4845
material,162,64293,51360,6434,6499,42a2ff30a01736f6a05c9a85d91744058f63662d4ddd971ae5a74b9aa74f63ca,e4ea23990336c40c8f93827c60882623fd1c5d547709c75dda49bac4b77e6a20,51360,45134,6226,84.92075195761181,20.000565152528246,221.62132478404558,137.51291612568355,0.09742003538420743,137.41965177529235,4549
material,163,64598,51726,6469,6403,752edaa5b21bd0b98425a73582248b6b138b7147771a8ea8df52a25cca9ee5e0,af93afc48fb24102fc983c811c091f5609e4506c43619efb7ec9cee235284c7d,51726,45260,6466,85.42754192264415,20.000521068916235,221.49715855586092,137.02753020167881,0.09800141855837499,136.9338433348078,4743
material,164,64100,51378,6462,6260,50a60c94cfdfadb70d9cf51ba191dcf459aa277d7c10f745a954e7831d818d28,782f69197f864a01180b097d8b03a0a2ec38f78501701a4c86521d700dc8cf30,51378,45128,6250,84.86763029490585,20.000976381650382,223.3264495914411,137.58987180456074,0.09735909487036146,137.49664301711,4537
material,165,64390,51576,6326,6488,b67575c356128c7b2d7c926887d99ac2d7780e12125800b4c4786477d9e5d124,418f531b450b5737e65f4337735352c2575798fca14364b61544dd5b4a6fe0a7,51576,45122,6454,85.75315791093705,20.00047395332732,221.58409798969467,136.69434867289084,0.09837496118923855,136.60015097036825,4660
material,166,65073,52109,6486,6478,954c5ce52dd0ba10f516c23248aa39ff3673cf94b5e8b8f25683b4333d96d9cd,0b79f6698e0761a45fd0f4cf34d80fec2fbaad3a49400a2bf6b690f07f9aaf73,52109,45700,6409,84.88887993142862,20.000516627469977,222.3567228124802,137.49385068210256,0.09738347219032421,137.40069348415608,4698
material,167,64845,51956,6535,6354,31920f6f360b0d4f8b9fab3ab18b31a0700cde2f5808d0a326c16bb2bc1b1524,d690e1e9972e9822b1fc91b365b64f448906b79c4b1a0d332206efadf50a3823,51956,45535,6421,85.17305502632513,20.000390818525553,223.77555041982967,137.28353473500556,0.09770947434129375,137.19003395795667,4658
material,168,64646,51537,6519,6590,cfacfe1b8dde5bd1415ecb0ddbc4c500535b3afbdca818e1379e016323966790,be6d450b6bd8c3dd62005a4e3d98dc6837f61eb7b6b592c2c7bc1fa8f1a77510,51537,45099,6438,84.90535067946176,20.00155490316076,221.58167504156026,137.6034180161341,0.09740236722857112,137.5102718364163,4644
material,169,64434,51532,6423,6479,f22fa273168d8058dcc6a4a6ed839ea10f032f983c28fabad070aecea35131a1,c21d4182e485fc42d940fa6a05e43443d70ec788d269ba95a0b927a123cbe3c0,51532,44937,6595,86.06156400780566,20.001816333161692,221.56986134133598,136.47785976618067,0.09872876084570698,136.38347300303468,4827
material,170,64788,51859,6462,6467,1453ded1ff18a817c96794e6e61faed227d1f107cbb3c224eab4d62bc8298952,2be2337d808aaf58a07804709d9e6615a43e35bb652df6e26214dde935cc03fc,51859,45430,6429,85.08985969654267,20.001225584664397,221.51995581349757,137.3972195525508,0.09761403368886931,137.30384429775958,4694
material,171,64222,51433,6458,6331,d89df59a877e70f39260224dddf7023ba55b9653f3ebd084ac3526995892718b,0860fb8c13614f0b42838c0d68d975d34a51f82f3c140adf3750b45bcc496cc1,51433,44920,6513,85.58943453346706,20.002605758638914,221.57955922421766,136.89872958412914,0.09818713975738982,136.80482286602904,4762
material,172,64938,51918,6414,6606,c44a425591dc9ef3c99dcbcfbdabdce008a5c359833ad9a73a110e17705a71b7,357f0990b1238930d71322357dc7ec917aa9701fa993929e78b97285805975d6,51918,45341,6577,85.68263888786016,20.001159069098502,221.75748345969097,136.75934689636986,0.09829406263894262,136.66536389256387,4829
material,173,64727,51671,6434,6622,a7cd7d57839a2c6826af484649c63976a29180994c61a018728d2d6d023ec324,2c1dcadc383fb076bb3484bf839d5236cf0514ac024f167b6572263f3d3a899c,51671,45287,6384,85.03503246223603,20.001579699815558,221.63310339285124,137.5288123981167,0.09755113656439685,137.43545885435157,4634
material,174,64805,51821,6519,6465,95cdb7e76ee354b8dbc06950f95c5f4617575214375e5d99dccf7fc4912e2352,ab97c129e45e17e33b7cbb1b853994e552833abd242d2944f1ab03b83882641d,51821,45325,6496,85.77062892581623,20.00094247516995,221.5584985080578,136.8130755734922,0.09839500372122857,136.71897035254324,4748
material,175,64681,51762,6445,6474,9ee5ca13c06079f71df271d1010d0eac5ab484dff242ec40ce37aa685391a1f9,2ca45e5bc25818f28de0a3056c4311310b9f46d2af62c5eb650162eb7c5ec70b,51762,45289,6473,85.62965434571325,20.00067701465862,221.76011328224308,136.89477768201635,0.09823327942810453,136.80091542760084,4826
material,176,64490,51713,6334,6443,512ce4178f3465627b3e3a7c6eef25abffe9de0b7276594682f1cc7f39de47ac,322ee791fb93f331ce33df57cc38a842ed1b5eebecf0aec47f08e05ae25022a9,51713,45243,6470,85.34360285749158,20.00208285507098,221.5950089539849,137.21166037247278,0.09790512470194089,137.11801172554672,4738
material,177,65322,52418,6380,6524,6f0d5a7fbc8e67dc4aa9aa28079d77ad5840a2087d9fa61faaf7e3f9160fe169,a8b07559315369f54dc35cb14401c4fb8ddf6bb7c4d2669b3317a21625e563ed,52418,45831,6587,85.63709656846034,20.0005684733214,221.97207818854824,136.92696709239112,0.09824181705391027,136.8330256938233,4822
material,178,64740,51814,6474,6452,64959fc0941f4db89bf1cd09ad595524b20bd3347a843a5805d265a26019c4c6,437a3121d6c924418677cc67b7cf9571446fb3c42cb6eba3104fbcc5b60dd71b,51814,45394,6420,84.89581456664811,20.000216017545597,221.5226601074632,137.63178006652933,0.09739142751800194,137.53853493858935,4615
material,179,65044,52101,6525,6418,a00154d0ff3e230ad38b90664c84a6e0c5e5bd26543b1602b4edb616af4a2b3a,91f9696f7ff815fbcd823599ec9c315ab038f782af69308c705738d963073b32,52101,45524,6577,85.48257351707389,20.000674152645736,221.5470246609912,137.06814957763214,0.09806455012225078,136.9743966811952,4796
material,180,64932,51716,6540,6676,36b672e5d4b202093fd3fccfa0c63686a90452de00d4ff6850961aef00546a70,7d6bdafce1ba8d8955487e9128ec2dda3a3008f96eb56ea68651fc834b63a052,51716,45253,6463,85.22268251182929,20.001938754744117,221.69892884011838,137.2999154143482,0.09776640637830934,137.2064117453791,4718
material,181,64495,51567,6499,6429,860ca4c76c3dd80bd6d04154c9bfb15e78648eb6cc731c27f17fd916ccd1db0e,26fbe33dae4f3953820086858c6e759f3c431c7ee9598db549bd64176d5b515e,51567,45063,6504,85.74318883762476,20.00215574913613,221.7245104854041,136.81012676665753,0.0983635247917451,136.71610918965615,4791
material,182,64344,51403,6477,6464,a88a630bf105e04e96205cb03d84269c80b96c0c444d4e4fd7c5d1703c55703d,1e5d8b30d4dc7c055443c453afbdbbe153a7debbe108397bf157a69ac392d236,51403,45035,6368,84.97173066392783,20.00115690638331,221.6627292582649,137.50193721249428,0.09747851752501119,137.40868256665607,4655
material,183,64976,52107,6391,6478,189ceb46e43aa2ac14e7c5a9ed84f8151c5a79428f0b6894459e745fd5670a44,5cff32bd1765b89e7a2af62e40cb4a4ba51b751122eded707d4cb7f67bd46b06,52107,45732,6375,85.15207871262503,20.000685589814676,221.73174521133444,137.32816650155442,0.09768541057388958,137.23472190883803,4692
material,184,64725,51876,6403,6446,4eb39785e8e902da2c09288b2e041ec7092c1e96ac2b5a2a678b90cd360422c2,2377b8815eb9eded7973f653380587a0e044b5ffbd9e86de3bb6716d471f0771,51876,45495,6381,85.09249654890749,20.00095667313476,221.60733643396145,137.39564756563266,0.09761705865325976,137.30223641968516,4637
material,185,64472,51644,6337,6491,0e408a2df1d239c90a4b48bfde3850a74c1d86ea450259f00821a880ed444bce,d638a0817ec496f51009935d9d8ba2c974649a6da1554c64bb435b093c730213,51644,45202,6442,85.26590415496325,20.000830479284062,221.64429283443883,137.25846614130808,0.09781598971225784,137.16484767862084,4668
material,186,64613,51871,6433,6309,18834ffee00854ff539fe79c92bbb0ce9882bbad27ff5f394a4f9fc90b314529,3cf1a98fbb9f70979b5e880317f515ce9d4fb8e9ab613bb2f0a9f9389f3ede39,51871,45457,6414,84.9302785337711,20.00102001572391,221.58040092280999,137.55098855442566,0.09743096415444479,137.45782792654668,4716
material,187,64182,51557,6268,6357,d9a5130861556a19c628884456e09cab0d445f82022f18fcbed93faa4df1af76,162cbb72f94f2e06816a076a8426d76e7d55e387b5f22be4061fbf945af0492a,51557,45242,6315,84.94180418728327,20.00037500460836,221.75489945904286,137.64091735059975,0.09744418624147416,137.54761254654545,4574
material,188,65021,51943,6530,6548,293c2a3985842d7b6bbe3be3240fab6d32def07ebab91768a169e2a90ef1f0f9,b7b547df60b8375e62aca3596c6ec63c9b141b0ea47e1fb2f0f9a1449317ff24,51943,45531,6412,84.89173322913865,20.000639778162697,221.72957362955626,137.58459197679437,0.09738674545813532,137.49142276526223,4686
material,189,64414,51358,6587,6469,1a8531581e2d590507ae74c36dc1a527eadc1cb996429a4c0537f3e3feb044c3,15348b73d1d141a2627a4cc94d08b7fc6287abb229bd4849af12afeb9278ac32,51358,44855,6503,85.7163677442078,20.000930804075118,222.44951444101758,136.74626259975605,0.09833275596540415,136.65222928493347,4740
material,190,64399,51502,6427,6470,cf5d106baa7d5fec9209a7f407df32819414edf79936191fdddadf6e61a1e182,298bd0210c8d4729011c65a1105cbf5abd6df4c78a07f7791163b991d7c51d7e,51502,45150,6352,85.06283817045905,20.001754288352032,221.86123341688145,137.4665705717388,0.0975830349286544,137.37317399931865,4609
material,191,64757,51623,6576,6558,05cfa4a52fe7c6a3a7fa6f903fbe1c6970a7ef4eb193035fce9231624fe8f227,c4ef30d029d24d84c10aac0a089b8beee0967670765d08bd8dd2a6ddcb7f2584,51623,45092,6531,85.41656481556636,20.00116495416679,221.53035604676236,137.06945156127077,0.09798882575702449,136.97577721796378,4756
material,192,64301,51340,6528,6433,427e7283d0c9951bd77daefd4a861168680d6fcd8f6e8e498b361058bf29308c,1f4164012d09d909d941089aebed6b97aa3111a5995561de8ab3a027045bb384,51340,44948,6392,84.91545840724442,20.000255379407307,221.74017892809667,137.53370249353185,0.09741396268875652,137.44051386522943,4655
material,193,64560,51832,6370,6358,2e409ec147e5e06d46436f720231940a06430a94154da345c044c051cedebe0b,94b685a4a3a4830394384643670f33131a62139ba6d6bc1be47e661f4d29111f,51832,45459,6373,85.21920114261859,20.00077329321251,221.56430611119592,137.25952555718618,0.09776241259464782,137.16602216601618,4723
material,194,64657,51789,6410,6458,2d6d161016b113edc430bcc3845e79f7938c9947bd85e073ea8dd1dd63430e87,07f9366e8920e7d588eb8ae9e66ffb7bea0c8c5629e6d5daf674f65ff924940c,51789,45342,6447,85.14671167195199,20.001101467057786,221.55332587204745,137.25736296209826,0.0976792535712698,137.16396861781848,4701
material,195,63961,51221,6315,6425,3fff1b7822cd8173f3843b9c4a861a56078c08337a239caa9aafa6038d1c80e5,930d3b27d5c3a45d9c1d463d82a0bd7f468169a7fdb062de8c573fa7e4baa443,51221,44843,6378,85.64743265032604,20.000725575036398,221.585772034913,136.83152940907297,0.09825367447907292,136.73748122098814,4600
material,196,64838,51916,6434,6488,b1af2f8f5233fabc7dd15efd6cdaba4e6d47dc2b2d6779c783d9eaf0f544fa74,4cecc32842c7aacd764d673efd0e8a949ce75fa2df6f1f8e4e40298cc3df35d0,51916,45388,6528,85.42369462368474,20.001048440571907,221.91168767551224,137.07888340602196,0.09799700498463569,136.98515109141562,4731
material,197,64659,51634,6512,6513,930bc7ed662af3fe11d85ab8ff95b671c37851e1fa2b090f5932ce77da739515,f655a178ea000d11135889e75da9f54547bcacf62695e393068368105054818e,51634,45271,6363,85.06927912237352,20.000709815800974,221.7532639595934,137.3751285797812,0.09759042390895602,137.2817588036215,4604
material,198,64127,51130,6468,6529,dc0e7026b4b2b380f96f13b0006d4493ccf7df083968df7c918a84760387099f,3277c8b469943e1cb54f372e18053db96aa20bfd826adf3fb0812a9f9b68aa2e,51130,44857,6273,84.90229804471699,20.00076824823219,221.9734081277491,137.50063572776554,0.09739886528378147,137.40740190379657,4539
material,199,64713,51773,6400,6540,5106b87d02d88aca481c081614a5f017c23a610d4943ca8deeb103550ac9a3ea,5292968b6b0bbc7d70ef858d073813becca26358a1149d8dc52d7f986bc7eca8,51773,45291,6482,85.01390749742859,20.00139708744819,222.14603206342426,137.48615918278463,0.09752690226628256,137.39289926901506,4712
material,200,64866,51876,6464,6526,6797538a20239ce6d96885f09abfd0a53082b7af2893775e115ae2522057c3b0,033e48b4b17612cc6def2f99c27d7d6f267dcdb007cbb86a8f3fe16f973efe70,51876,45438,6438,85.38366321359834,20.002017093729776,221.59066519986072,137.14706395931782,0.0979510814465464,137.05339879180883,4731
material,201,64716,51924,6418,6374,877e47564aebf164308b98dc64fe720545fce5e8f9fbd1079d6a0e5fb4d85e23,159db9d0aa9fc2c89b30dbba6a020780fa3c888ed5e197d9c5a07337fa2c3d52,51924,45567,6357,85.12835841980572,20.001706319410474,221.59561798150318,137.31060389727935,0.09765819894760847,137.21712824246185,4614
material,202,65143,52066,6542,6535,767c84455f0ef94e152695f80f7b9ec761e556f6728511bf9b73a4c52a041e25,b35bd408c58c3238339be417bd94fdc097e637df94861c926e2d0d2fb210b7cf,52066,45616,6450,85.86350594311159,20.001531807688202,221.52965394388656,136.54566374880125,0.09850155108571504,136.45141477004992,4700
material,203,64182,51205,6407,6570,a3fbccac6e87416749115aa469df5d3415a61d74525fb5e6e8375eb4c766a79c,524d5ef7e67d841176f21e21c4dd93a6dfad573aabbab69b1dbeb13ec1005960,51205,44753,6452,85.74587659019681,20.000210421151046,221.97866350027078,136.7519463620196,0.09836660814822319,136.65790283218143,4693
material,204,65323,52241,6581,6501,d5c7bda73877d53ddb01c1be4703161f55eb42d068aab432e3ff93880c2766ef,81524008059c752f7bf86c5ccd102a18b0e11ccafb0747ccd9c4c5e910216cce,52241,45670,6571,85.02086489442254,20.001154361147403,221.56266188113753,137.42112379024888,0.09753488370598613,137.32791211502004,4795
material,205,64898,51800,6687,6411,73af1b57084aa8ca6df8f95c8d774363f2e0d2a30dab3679fb0dd6a7e8340e9f,abea750d42c2d7abc19d1d103ecf612a829f0bb67909739cbb61019296edc5b7,51800,45500,6300,84.53288720087434,20.001064927526606,232.01522375114115,137.89965653751835,0.09697508173678196,137.8067450413137,4511
material,206,64529,51639,6454,6436,cd62f3274da0113f7886c12d10270ead67993f0f908826b181648bfb29914e91,0f7de0a35316e707ad33b74a478add6ef8f052acb94c7c22f57fbddd99ba555a,51639,45137,6502,85.46436110429343,20.0002311614698,221.53467871589677,137.01038941933837,0.09804365706776642,136.91664130753088,4790
material,207,63980,51362,6449,6169,90bea7c49a9d11cf5eaec1ce47772cf734dadc9697f32fd12704112a6af79b9e,61f4ea522e6c4a076ca2c179ceae8f21603befd9b083e61646544d9c09738a8c,51362,45019,6343,84.941456010703,20.00124265090786,223.3866053340948,137.54260317997404,0.09744378681761143,137.44948316929163,4675
material,208,64871,51660,6627,6584,1b7161b15cb258e6fc9002228b5d1e074e232ff079397940c6a09e1221308d53,3f9d199f2efb054a59443a5580ac6f5aa8af0dfe66633ff8e274d460f2c09869,51660,45167,6493,85.62334078082438,20.00063578691876,221.51629198220544,136.8827074008643,0.09822603658462169,136.7887285434831,4690
material,209,64872,51919,6430,6523,36b4d8918559ccc2132cb74d3d72d11fe92ace96248d1a47dd527fcde37ca5d4,3403addedf1597fe8368b3e5273296ae9b745ce651b80a150c06caf797627ad7,51919,45406,6513,85.63468462994645,20.000956496874622,221.88019831249372,136.85412034309468,0.09823905010790533,136.76011053224906,4692
material,210,64813,51977,6478,6358,d0663ec1e3b0bbfc50bfab1f70e2db122df46b7950d922fcf0ebbbf88fa407ef,1f1cfa77c23103db82a8f5c4fe21eb68f8c0684ace29fcf71bf4d67f568c759c,51977,45601,6376,84.92817249334175,20.000315660913127,221.63419873813652,137.58771149076827,0.09742854813093559,137.4945996514545,4736
material,211,64911,51963,6539,6409,04ced135f34d2523ce6d6788176c308d220b86e7170d9f5712143ba3bdaab640,f4d1483c631621ee4ce17aa1e2862b4df1f269d2e2e04057c75986af5523d56c,51963,45415,6548,85.58305995416846,20.000689044979804,221.51263665807576,136.84884960044735,0.09817982691893144,136.75492639393514,4777
material,212,65066,52061,6581,6424,480fd8a29a4b751e4d4c9844793fe213f9533ae37e2d9e0d0ab130ca5f5e7b9a,f9489c0044bd238f15ea53942195f2e3d7af658328c75d1cab51c7f7626a050c,52061,45478,6583,85.74938101512078,20.001119986872688,224.1677070877576,136.77997021661508,0.09837062838111353,136.6859815348122,4817
material,213,64826,51982,6384,6460,ea60b9467c73b94cb72ddca0fc84e6128719ff0d67ff7e67e867c0f54624f5c8,eb11439f32fdc0574da381fdbc3940c58427bcb1e4f007a8da87b77125775d8e,51982,45513,6469,85.54141609450602,20.00105085832686,221.6399432061308,136.9430360307525,0.09813205359864956,136.84914555372498,4723
material,214,64825,51890,6516,6419,d650b9efde5493967dc9ad19b0cb782ea2237f68eb4ae0ff1b03f38825b2c5e4,09a3c1f9858e9afbdcfd5b4073500b8182efa8bd62052652e476fb8d46c337da,51890,45466,6424,85.05633925395551,20.000982798322642,226.50145026533806,137.51379937816702,0.09757557945209376,137.42057020504984,4716
material,215,64584,51698,6383,6503,75b2b91b40fa97f64589120997ddb166a34b44502e6ad82da64c90c3d5dbc5da,cbd35fa45609401bdd297bb17a82f9e336a2229279d12f7a6db9288c2b86823e,51698,45187,6511,85.31627992578973,20.00073303409927,221.8573664890223,137.2288044222961,0.09787378017293195,137.1353173060031,4838
material,216,64616,51774,6347,6495,e856667894c9d59b924437f494e85a0ef96fe200f88ca26245dc3f43fd9b0f1c,8b87c4172a8d5aa964b812ba9cda44dad140bff256f3a82ab71b2e44b16f03da,51774,45314,6460,85.6512857303673,20.001359191218572,223.73160414907804,136.9187846783349,0.09825809468479771,136.82480823961242,4717
material,217,64812,51824,6502,6486,78f8ec0d8377b0996ffbf0ae5885d3c4e613f5c669c7735bd0c520b747efa18b,5adb878bc76aee0ec40d23c1ea501fb4b4c2bc09f72122c8fcff26fcc6258b82,51824,45582,6242,84.82912593029646,20.000711695971333,221.5361129966661,137.72681023749715,0.0973149231399396,137.63362273932626,4564
material,218,64483,51637,6480,6366,f717608d36e6dfd60c64d0db58c4535c82234465a90893f29c978f63e9068580,44929f550f6fa77fa6c943e90e2335363807a8164d5410d2897c5ff5a9160c42,51637,45322,6315,84.81636241541605,20.000291868426874,222.3144030744919,137.65428078627914,0.0973002809936725,137.56113914842507,4626
material,219,64615,51627,6511,6477,b504dc2249499930fb117ba91d6873d03c316e6c29fb7eee94acb700e0e051b1,d68a5decd9c7f0f976c3a60ac919a0b0bd405371112d22bc3ab05aa003ca8c10,51627,45166,6461,85.21956102902831,20.00069295012803,221.73235531424785,137.32961344582296,0.09776282545188189,137.23611843735463,4696
material,220,64696,51864,6457,6375,8729529be1a5dd6023d695e6a8dfcdf01eaf2ac9b6406053da6ec2b70c800329,c02f6939ced41566dcd2fe2aa95edea19bb2e4b53bff3afa96f7ab7da2e52acf,51864,45432,6432,85.0970476142875,20.001525588675648,221.65374433266646,137.44229140262559,0.09762227957912462,137.34887914397652,4659
material,221,64427,51588,6326,6513,ac8898959d046af502d82721c8f07c909ce3e8e921de8ec3b7058efec01d8da7,e7d4e99c8fb32a15fb3e64034223ce7c75bb4f6b848250da9fdd8f11abfca741,51588,45156,6432,85.05410089783055,20.002765609783616,221.93729727022466,137.42347112690933,0.09757301163765654,137.33014230606017,4657
material,222,64780,51957,6326,6497,48d71298d36b565d1d62f599dd1d786760b0d5733e0ffa3257017b930b80e8a0,7a091e79a0ac8483ac4725b86c4c8a55d025a2d5aa9d6463a5b3af16528dfc73,51957,45484,6473,85.30725753175066,20.00119418351422,221.82283540186074,137.1837789418163,0.09786342979418149,137.09010202234364,4722
material,223,64939,51968,6509,6462,f7f017fa98b744daad498f4a673d34bdbf38d4a5ee1dfcdf8c7e957eea1940c2,707314e00107e3a337addc03dc45b0361801b7171848f16c755a47301fd8b493,51968,45586,6382,85.19141889937477,20.001528740675177,221.51021197732618,137.34472816660679,0.09773054114912393,137.25119427769107,4635
material,224,64838,51804,6593,6441,af6f2cd5fecbbd18cddb482f6b688611ef9b74879547cb457ed0b350ba10c85c,a7cca72f0b342b66b503658eb96d76f648e676201aab9fb0482106512f2d628c,51804,45372,6432,85.12616476741881,20.00151569313785,221.48334283697642,137.38908345021585,0.09765568241674615,137.29572329614643,4712
material,225,64701,51874,6381,6446,a7f8428001ba4be127d8a7a2a3596e4ea5864096730550bdb08a496d2b13aef0,f06a95f8a74fe70cd2e3e305b462116c2806578b76b93e1d11c492570379de78,51874,45365,6509,85.40733247370707,20.002903057807323,222.56900996039172,137.0903610514042,0.09797823452873371,136.9966422320024,4723
material,226,64610,51564,6550,6496,05eb6cf3e7efc5597891fbc934026059ddad52c938b6b92746e7f54fe0fb415a,872b1bf6a27b24e8214d734849607eace9c92c832a5af9ec1ae197dd6ea49ad4,51564,45106,6458,85.2618833659896,20.00126021849247,221.73965980702317,137.16636564987857,0.09781137711292195,137.07288973725852,4720
material,227,64557,51578,6527,6452,e73818b668286c781d942b1e2e621c730d2118454620341ef5f7a36bcdd74cfe,90a12bb09df01b7fd7ffd0f052fffdcb2dab4275d3fc9c660154991b0b2de6ab,51578,45157,6421,85.27580860518471,20.000919492343893,221.63864525380225,137.17113197273417,0.09782735197494152,137.07756401510517,4712
material,228,64775,51898,6442,6435,9f7bba8ccdedc38e1b4309fd1d24b89432e43a796154c842cc8d2dfa62c3929f,793aefb61e9b2592f1ba717aceb82e6b5b89a41e7429a6ac619f137b75643f18,51898,45543,6355,84.91188179570568,20.00045475030888,221.84890487456815,137.57478837459553,0.09740985964427533,137.48154714966162,4644
material,229,65214,52025,6593,6596,812fe7a6c029206faf352ed3f74c1e55da421993fa9176e966d5866177524b6b,1adce0e98acf13f7cefde7d127686dffe7e771f2314b9f0166fb13178ce15fb8,52025,45583,6442,84.75000341155,20.001720224440476,221.5145518998463,137.7395322631469,0.09722415476591699,137.64658376917112,4806
material,230,64620,51778,6408,6434,fd8eb9592658eb24e20cfe90da1e29e727b8e706f21fff7c8ebe7ba3665011c0,13aa94e55507a44baed5834f908b1bf412fb4a97ff50b9bd3af368f8eec35c0b,51778,45329,6449,85.1379297329955,20.00151916137173,222.57864463761996,137.3059758088855,0.09766917903961339,137.21255617813924,4697
material,231,64630,51711,6541,6378,d52985d0c12b31ed9b9214744102ceda8ffc97f87b11b85d70b8691ba875c72a,825ae03cf36a187d4b4c7eeb8bb78b098f406265563004e3d64c925aaa93dd6a,51711,45430,6281,85.07506095979686,20.00248810099807,221.51792871424365,137.39408236033256,0.09759705676127284,137.30064426330733,4586
material,232,64651,51838,6295,6518,d17926fa51917a27335ff0aa7959c6c67d40baf989729e18dc0235b44b70ceed,330d0062839965e19247a0fb5fda0225790a3596bfdea7ed3e005f158e8a7e60,51838,45324,6514,85.50330275634231,20.001132700224158,221.56662546622968,136.99387525079348,0.09808833044892554,136.90010911357885,4738
material,233,64595,51760,6449,6386,9084bc07ca6227d82e58846047663d12e88a171703e3f2cc52314d6ded723a14,d86fabf2e94bd3aea4f78b061184ab16b15baf57abe03e7bb78dcd2506812ae4,51760,45316,6444,85.17060671231368,20.001197644926364,221.9416916259307,137.32619880901066,0.09770666566576826,137.2327351119253,4740
material,234,64695,51665,6504,6526,c24d95a7710359d9d88f3a8dbeb40dc0f13a12381902c937a7a350bcba4b59f1,7bd37e5c36be861bf943d35678ee122b91ce220f83f6a20482773e66c28b3dc6,51665,45335,6330,84.85961146468213,20.001413071746427,226.6490504201337,137.5949963859006,0.0973498957675965,137.50187020818026,4630
material,235,64692,51765,6481,6446,c33150f73390f1b8e55da96fe3c008bf9d9cb8025c956f1f63277a2245053330,a194b13b1eaea70bc383dc7014e454506060aaacc8e6a1731907c001e9e2dee1,51765,45266,6499,85.2913471828416,20.001390294386372,222.24475302756625,137.1922036474671,0.09784517763887245,137.09860501438544,4696
material,236,64653,51856,6498,6299,81f026dd363a6b9ee719aae1d809a6ae2ca8e541085c105be3b8260c79d9134a,936cc10049fbfe5b08be92bf4f781e5378077c673ffeaa9dc8b85e9ee381bd83,51856,45457,6399,85.01776155453341,20.001242932201837,221.4839784910875,137.4343938529661,0.0975313235928826,137.34114240022964,4734
material,237,64953,51970,6539,6444,42ddcd6c622e9805a6466fb55053da8ed21af30ebd6ab13e323f77da34c6aa1a,0987653aedfe5d98c108ec36af89cf87fec2fda3715c2fe6c94b4e74fc71c164,51970,45557,6413,85.24730133410459,20.001232673377,221.7734643097434,137.2990383085842,0.09779464878645915,137.2054281807173,4622
material,238,64624,51732,6435,6457,634defb5269916ea205502e1f7eb15c08ce9876b307700c7c549f28ddc3c1fe3,bb1cc39ee8bd230986569e644b5f961a08e79ee583fda0af267e8d93c2282be4,51732,45315,6417,85.06470914973404,20.000194742250848,221.58495893665537,137.44100323775382,0.09758518129291723,137.3476806781324,4655
material,239,64422,51512,6495,6415,1d26b44b58e3da0753f9d21a365567ac4aa1466d9a22d5b7ec07b5dd5a230a6a,174dbc2963761ea7210d21786acf77d9de03bf916ec9ed8e83aed6944cca5de3,51512,45072,6440,85.23211532643332,20.000211270918438,221.6092968477223,137.23489678303733,0.0977772275864512,137.1413974313789,4646
material,240,64659,51669,6654,6336,d5389817210f034a59b4affb7a2978a92d979f08c779291275fc8cafbad00823,5f801d87edd2bfd563dd9c3df18c27dc661c322fe5871223dfee1b6cddc183df,51669,45287,6382,85.23709283923559,20.000881071967218,221.47425055606098,137.20378029658656,0.09778293772751973,137.11021009708833,4685
material,241,64614,51560,6564,6490,4b9ea086c693d84562c3a1e67a365ca25e6a2cb4da3f8bebb85a0acaa97fac5f,43a495e0e78deae40bfcd11355861c6e07f837fe87ef0dd4708e05e198f39ed3,51560,45144,6416,85.23505678830435,20.000880675795507,221.66409812608336,137.28791945503954,0.09778060199509635,137.19442385980386,4721
material,242,64663,51676,6533,6454,8d80200d330994296f9d0e95e483d2a6e1da562c57df2fd9b2fa340d3be24553,05a20d8e3e6cb006f9c4e74106ee022a779822f699ce003cf1ec862fadfa9350,51676,45177,6499,85.5289425259134,20.001136219245886,221.87311396657182,136.9547427434165,0.09811774407517446,136.8609111642017,4723
material,243,64447,51578,6419,6450,8efe297d968660346e0351713fc24e4fc8a842633dd7b287ecbdcc40fd0b4c66,283c7f88f9c4e8e283a3f125ceab85020361e4516c513ae7cbf56659775965c0,51578,45166,6412,85.21868381270302,20.002489524411732,221.71012844395497,137.2255320422855,0.09776181912017286,137.13201892036506,4735
material,244,64654,51703,6414,6537,d7340d766fc025a7851e35aa90b211c756c63e2d7d4e4d1b2dead829510c27a2,2350568a9b54a4b4180e1974bdc1ecdf56674e43dca83510dbe02d40e053bd60,51703,45249,6454,85.54737966332664,20.000754181636726,221.5448726740601,136.8811860988656,0.09813889493097563,136.78726979422714,4686
material,245,64422,51520,6467,6435,99fd7213753749edc78d5618f6e83bfb92bb55fec8c8dee088f974c73e38b7ea,579afe6e1848c824f38d6d87126c1b03d47329190a7994a3621b65255d5e8652,51520,45080,6440,85.39280215438045,20.000628350905224,221.57588567681228,137.05185614829242,0.09796156552627773,136.95816434582136,4688
material,246,65139,52143,6506,6490,9e57f6ffeb302b80a67e671bfb8ced4514173845116e18cb851f358d050ff686,2476f6da48263b7ec0f93eaa1b430f53bfc8eacb193867fc956ba1fb0da9c7fd,52143,45677,6466,85.49516944710952,20.000723182981375,224.05593058894246,136.99344038142172,0.09807900001725857,136.89956816710946,4676
material,247,64830,51896,6426,6508,e13e885a7afb395ee0709d2eade6ddc21f9d04b6547f64c8f4145f8e4fe6c212,f24be340efd49f06102d6b987e2436102dd1e3f264f51689407c6ccbc740e02e,51896,45511,6385,85.1469265321798,20.001418739635803,224.6198697880719,137.24760821723603,0.09767950005626334,137.15408434015976,4623
material,248,64522,51631,6499,6392,09996a43fb9f1e76fcc9703473982512ca7ce7981a827ee97eed99ff210c4b85,acb56990732ac02bd444763d785ec50ea4661fc9ae94de4a013cda0e198de170,51631,45197,6434,85.06300315680524,20.00099567787538,221.65684823849205,137.3772527298509,0.09758322419894835,137.2839234269289,4645
material,249,64646,51715,6440,6491,7c13b626e356bacbbd92f8e1ec5814251ee0ec292ef02161d58e4f77b0e7bebc,cca1b5f9c82233cdf8b59b7dd04df635f3fe27e91c799f84068822a9503b2ab4,51715,45476,6239,84.87579711897133,20.000674909624877,221.82190050888426,137.57238291710726,0.09736846374982962,137.47914089025275,4540
material,250,65060,52089,6509,6462,beb7fb52a07465a6cedaee5459bd42acd9b2586abc89c2abbda25118c0c71688,54395d38d06454084cee6cf39c3e58d710633919fa30beacd83900f54ee6efa1,52089,45631,6458,85.31186252225991,20.000779153101867,221.48634521551762,137.1145729311854,0.09786871258228708,137.0209615269474,4733
material,251,64650,51831,6451,6368,da272ace0f4ab20e808c65b10cff60565be90cf73f28c95117eed316992b68db,a306b6f31c2bb88395e79e44cff215da116e4cb5cbf8b8e2c56901fe0df02f72,51831,45327,6504,85.67953498550987,20.000406816118105,226.73310056712762,136.7488860476349,0.0982905018805906,136.65497272442656,4799
material,252,64687,51814,6446,6427,20be6a0895deed818a0b8d5a7e593ab6f523f73ef772c0a7d74b9614e89810dd,d5c84838633572d225657d72d7d39b7dbdfa1703a639b28fe6b35d644a596717,51814,45217,6597,85.85598257009846,20.00018377265321,221.5694419387533,136.6017708323061,0.09849292036532864,136.5076022690689,4821
material,253,64674,51770,6331,6573,145aa7665050ed3770ac55a7425145aa41acf167f91dd84cfce6b545decbe030,83e9c085d62c8deada86292f9473225331394666bb196f60db04326e9f873f85,51770,45429,6341,85.37356367950008,20.00201069438229,221.56390657176604,137.1049354915007,0.0979394953860543,137.01119250718563,4621
material,254,64492,51600,6416,6476,b91b9ba414e3a5e9c25511911248a5cfa2665cb329f0ccc68c9f48da1f4ff246,01bdd557688452836680742889a74edc487ef749b56e84dd956a7c26c98dbaec,51600,45137,6463,85.46754417282553,20.00155905237216,221.49965161063201,136.91624258802756,0.0980473086445822,136.82252130765184,4739
material,255,64027,51261,6342,6424,a8937c97024ccd5e180cd2c2d5be8c4ac3a22e5c17a15ecfeed2ae476b735c7f,e172c76034423395f1b4011fcec98566b1d5022f756caf9a3b6b4b87b126b3bb,51261,44948,6313,84.88964001249612,20.0007414454727,222.44184577872494,137.49007825234384,0.09738434414591558,137.39691968466778,4602
material,256,64271,51351,6518,6402,eaa20b9582b6558d19303c8ce136622620252012e1b8ae05f2bb0d8fe36eebfc,b7d6d8639e32c2b7191160db13f6a0fd7ea2ce26da763ef164ce3cb19a8e5496,51351,44835,6516,85.35824246114919,20.000458719858315,227.7146134810413,137.0757419345952,0.0979219190740285,136.98217548917847,4729
material,257,64354,51374,6460,6520,9a5ea9b825b351b598cfb21d4f02de2770488ae72aaee4eb86b743615d801513,81e1d9bfa766d9215da963821cbf53b4f49bce9ba227584fa34b358295814115,51374,44947,6427,85.38031703748479,20.002271217662184,221.6277210941019,136.95077591704967,0.09794724275473234,136.85708426197175,4712
material,258,64435,51543,6508,6384,971d56687ddc95bc54bc5e280a9f6ceb52a18560c109f9625db84bf25ac48448,5a5a10bb93bc667fe4db7c25c32978baad6bc74d46545651a23d0f8d8a0b8d4c,51543,45079,6464,85.59850995998984,20.001774706645392,221.5616683633339,136.7280775684675,0.0981975509743491,136.6341990375891,4798
material,259,64636,51502,6478,6656,41fe65e3b50c659cacd329a4deed22e007106bc0d1f762777754c80cb0c2b143,9dee12bc92d3b1a1fb3f6b96ba4951c86d44ebc2783513b87a504f257604c95b,51502,45192,6310,85.16694140421035,20.000604015199375,222.34123994224177,137.2077404953773,0.09770246086968619,137.1142341583172,4594
material,260,64521,51620,6316,6585,4da3a9317e4ff467e39e65e559bc3c761f78c01776944d4ba3ae983e799f0044,b85685522c69bbecc479c78950a1f4b122c536e0f4c669849a596667d9026033,51620,45230,6390,84.86379867506248,20.001113374792872,221.68489495921148,137.46211989991272,0.09735469928351004,137.36900865972672,4724
material,261,64822,52012,6395,6415,cc6f1d4224ee7b61ef145ec8b2162ec61e6110245409fd3ab893d591e07f2290,7c3c4db83eaa21b77cf95323ff6dc387e273d4292d0c2808ee2223a22597379a,52012,45602,6410,85.32933676775885,20.001576723292892,221.47059984553286,137.01170283055308,0.09788875882040404,136.91801175603362,4691
material,262,64606,51803,6458,6345,53a2291e959ddf712ece0df101574ab91d167d65f982a5d6729f4be75e327d35,d739def67c93a7677a40af401d9d52764808d22bad9cb7681e090694b2e0b872,51803,45221,6582,85.80147579548425,20.0014175299099,221.88449955765415,136.4867280973629,0.09843039086824827,136.39263651413626,4832
material,263,64965,52160,6476,6329,8ab8390be42f28ac6002a44dca42a4ec1c8792204be36d268826c2166328224f,0a03503914b97e64547c189d67cb9f0627c8cedc5373e3d9ca429d1f5adff685,52160,45706,6454,84.96962559292153,20.001441647147463,221.71188930944834,137.36398730970137,0.09747610261361211,137.27076276624294,4751
material,264,64512,51801,6286,6425,168bc5771f62535eae53ccbf3a7e82eb40da82e026f4ad55b624a8e1fd90aba6,b26954d6502b0f88e06ff4e0a1b2e0f21829c108df09d0ec1996ee138860546a,51801,45298,6503,85.74124090534244,20.001218213107556,221.64512292447588,136.57666993794024,0.09836129014794487,136.4825963052031,4746
material,265,64486,51594,6460,6432,f9c5b68e7eb684b79bc9b843ebcbf65155fae2f7081d90547819257d863830dd,4f621322d228e8d17ab77f5ccdb572afb08a4036cbac670d926954db9437f20e,51594,45167,6427,85.4033060211955,20.00105845935995,221.7382534150748,136.99365337530293,0.09797361543225719,136.89991147561966,4653
material,266,64816,51980,6427,6409,c0e22098d4b4f3cf8dcdbf1a1151478b3c8def21761d85c62293144b09b54eb0,a5a1a73bb20c8000233f8e1ff1307a810580daae67715c584fcc9ff136f08346,51980,45393,6587,86.0875593283337,20.000500974689956,222.33867816301984,136.28869371294786,0.09875858235561225,136.19420376528254,4800
material,267,64626,51847,6453,6326,a452c6714d14bf3a46a98643b562600841d612e5dcc1519ebdf496dccf348434,b08fb3e797a04123d7edd75d9f212e6e7bd2e0ceb083e0e256ac5c63fba8e75a,51847,45412,6435,85.30255638372417,20.000146187358247,221.77499141138097,137.01305156739883,0.09785803669536254,136.91939976737316,4720
material,268,64606,51649,6429,6528,c05d742d64f88836fe1b937f606427f7db212cbc8eb3213316859bb06a2effeb,fedc578df9b6450f277433ca783aaad1145cbc3d526b904903b3bca09fa42b0b,51649,45296,6353,85.17706000251519,20.000943137889244,221.5300851229912,137.09640480899546,0.09771406880040005,137.00295542829295,4671
material,269,64250,51547,6358,6345,5487da25188200b7d599f11a73861e23e54172a65a80dd26e5981453faf1b6d4,a999e45df6e4401d3c38429645e26c35276ebd34d6c9e60671421d7f319c0cdc,51547,45146,6401,85.10514213668365,20.000068168692778,221.76966765585928,137.19733992810282,0.09763156551501274,137.1039534181724,4645
material,270,64583,51750,6480,6353,61f7a083d61e965d86ba0b666e9dacc6e0c8e4054accaa7324d2ee2ac4f4524a,76f97d7f108957daa76ecfaa1cb61dd2e5461f04660271a5b737ac97ee5300e0,51750,45442,6308,84.92253100014878,20.00116591161285,223.876159297207,137.42029701650114,0.0974220762797825,137.32696705575287,4566
material,271,64573,51815,6371,6387,972bf13732d1fc6f138c661b4f19cef159fbc963a599de9a4d312ba53415d1de,c52b40e8f16b833014ae2587967a0696d085417a4cdc423ea9d867aff3e2652a,51815,45234,6581,85.5663283186117,20.000203178635946,221.57381532875897,136.7884174280578,0.09816063259374706,136.69462197610753,4852
material,272,64421,51697,6367,6357,e6e0fe1505ea6f5e17b392cab5778a5b383ead7fa0872a9f36428009d249db4b,3ba49d03795ff546c0b2e7e85d0a3de6206ddbc7d23aad342144b81c4b8202e4,51697,45301,6396,85.25826873525061,20.00076828218683,221.6322820148499,137.09394315623842,0.09780723045328486,137.00036618352243,4656
material,273,64139,51273,6462,6404,2b8ac6d83e4a4c154bacf8b843123e7dad9f92d599c590b7e972b0bd0a006c5c,5393d31ca7e8355fbfd3a22ed91aa5480941a9889b12440570939f2b01efbf47,51273,44921,6352,85.41726860350366,20.00052336918646,221.60459723240461,136.83154824661005,0.09798963313383374,136.73782028287627,4650
material,274,64472,51567,6413,6492,aa29a7aeece07c6930f6f5e8a13bf6711e8048671245a3564a729b5519c6fed7,1232d7289c7818c86e9bf3d468876c95facc51409f8fd3268f0531c7e7301c4c,51567,45050,6517,85.28055324942459,20.00112787450055,221.48740434363876,137.04143705605105,0.097832794972078,136.9479173793003,4746
material,275,64701,51696,6580,6425,a7ca625387c55f8b7376ada237ac6c4369ee8ab068179b85a2c08b459c63da41,72438d89cb1b0af75f8df6e48f93609f8c0f5f8622685b43af77b7bc8c17a402,51696,45354,6342,84.86108498427434,20.000906546893994,223.8573891746126,137.34848261561046,0.09735158617103153,137.25534593929854,4656
material,276,64485,51784,6343,6358,6e2755f51d5bc5cdd309223d35aecbb8d2e2e8394327bb4a67ca35c4d5e03bdf,2dac3e78512929d02e45dff27ec0c9639e719865d32594a9d4c7e84d56b97e8a,51784,45383,6401,85.2810690170202,20.00106042631315,221.73554519042733,136.95614891991949,0.09783338665427885,136.86259905725308,4716
material,277,64802,51785,6531,6486,c2d118645fbd2a1ef077dd9c327c2512084cd43a732646a5200ade357a2d73fa,83e1445735564edeeed3745b782c5a8025a1e484505d34d671958a62cd5a8160,51785,45380,6405,85.66554905374531,20.001382034567957,222.23692486925418,136.57509595614678,0.09827445739280666,136.4810720111027,4630
material,278,64886,51825,6493,6568,dda6dfe3404d76c82ba5cdbd879db21d1de2ac45b894fb634d397e7734c4f00c,621f2ae9bf124b1e265214b44e2dd5c07acd38f4f51de8f899b41ff974c9f913,51825,45381,6444,85.39219659002532,20.000676809514108,221.4945830231322,136.8603199561385,0.097960870830346,136.76663155587264,4721
material,279,64573,51926,6382,6265,8bddef79e3d31b2cd1c7452f307cf066faad2be57d9d111da0378b61b0e99f4e,38c50f06110bf8281e0d5781218bfa4452ff1d0e996d8024ffe5ef2894a735f4,51926,45305,6621,86.12497582914695,20.000166148168237,221.59571317826203,136.19066846908908,0.09880150610215416,136.09620684432122,4801
material,280,64621,51738,6506,6377,f0e92d76af2c6ffc5030f27ea12047bb4986070ad34837ea7e7c6ba0989bde3b,2296be9d1523e3d3758a1e85af06c64f55a3bc8470075fe39e8c0a5c33f34d86,51738,45254,6484,85.62572513743923,20.0006067902436,234.57748682528012,136.65710513637197,0.09822877188901351,136.5631283004679,4723
material,281,64557,51677,6312,6568,a8555ba389528fea49f97ff44bac45e205a54f3e72ea961673b5acf517dccb8f,22ea355d501bd037daac78ba08e631fb357f04fbfdd3b2da29b3d858d4de67a5,51677,45293,6384,85.24776762581978,20.001381960213827,221.55851047130952,136.97046025198148,0.09779518371054248,136.87691990314056,4675
material,282,64622,51686,6478,6458,2a704ed9bc35bf219b5e2645495e518290b522a1277ce253262bd38c0ff5a713,c00b6b0382c2f9c43d1e290afeffa027a07bbd0e4ca5a3b8d436983d402c81d7,51686,45316,6370,85.49337051122899,20.001068561608953,221.61502228693556,136.72548461501762,0.09807693630028604,136.63167802850393,4668
material,283,64654,51737,6508,6409,d7ac201397c1e14bdff1cda0322b7116aa9d618b5895dc66a000c1c0eb46d938,8f34a163385fa13de5d5e01138fef41ccd09478e6702ecb171a266e372850d4c,51737,45281,6456,85.35985840969511,20.000769553939257,221.71564769969956,136.83600577160706,0.09792377287019602,136.74232860775234,4655
material,284,64603,51768,6366,6469,4cb29252766f1dd1fa218e9d766668e49c00816d19c339c371a8946ab6c15060,1955a47efcc35a0a4e346d3a5f672a2378566d0e7c25e7f01532ae432d84469b,51768,45307,6461,85.57701085286098,20.000629608620436,222.69051163833254,136.6954906233996,0.0981728874647953,136.60164082172386,4750
material,285,65017,52040,6501,6476,e6867ad8a558cea50d8495e91f91243ce4b03dceff0d84953fb8b6727994d3b7,a456c5364f6c1e72f181eb7893818f9bd0dc2b10b0f87b4be13f02611ea01d84,52040,45466,6574,85.66094617638139,20.00110243669061,221.5425173895337,136.57053952797628,0.0982691770288753,136.4765928312924,4777
material,286,64488,51520,6417,6551,c82568ed26d1ca09b3d7416bfb77c6563a256da0cca57b956331254f3f881cee,8b9f48120129273cca4f83772b896931eb32ed2fb9215a9d93ee12f3300f2b9a,51520,45104,6416,85.13969803986797,20.000567445559305,221.5337148628041,137.03814805195643,0.09767120761936703,136.94473194846265,4695
material,287,64835,52012,6429,6394,5a7edd212ba3cc884ec078098cf5f6dc9724f906a1603e39d7547d9c80287401,cf30c60a77652e12667efc1a9d274f3a7f48db349c70d1549b955937509a9b18,52012,45460,6552,85.64266156406946,20.001990135196102,222.90786439361426,136.58739824716375,0.0982482011479822,136.49343122361552,4773
material,288,64381,51460,6366,6555,0475d80abb9ba11d2ebd7d84768fdf75bfefac573225955c336119e601755670,a1d99d54db9bb2cf2ced7a8bfa7406c25500eae0ede8f613182f6eea006c5d0e,51460,45003,6457,85.89147852002775,20.0022273839497,221.56732581593582,136.3768131643768,0.09853364087967167,136.2825775895368,4697
material,289,65020,51903,6521,6596,731ad4d14fac8212f62fac3ca0306b0f4a6bc8e34222f7baceeb1f120253c211,4c7c34d2a1cac67c88e4cba931a4b0c68b75c0bde0126e8e912287a1f7bec99e,51903,45566,6337,85.10852595357218,20.00123919982918,221.4980656832504,137.23549165271584,0.09763544738785787,137.14193475988253,4610
material,290,64907,51965,6456,6486,a774ce5bc27125221ebe858983a6b8659e00adb1ca110f01d85bede2f5469069,3a6314382e32b444515240272e09b520a3b001ca87ec12e9d56378117573f888,51965,45619,6346,85.26662484092277,20.000864774516174,221.57111283675266,136.97169244522615,0.09781681647426904,136.87805466750208,4611
material,291,64384,51467,6350,6567,de1aeef386b9eeef4dfb545d67b418154d625bdccd49e83eccf8f317276deba5,c255b56189fbfb2be07e1fe880b9fc760ff5b04ed1e19e0fd6023be0aa5229b9,51467,45105,6362,85.27308701123387,20.001045241528093,221.50937126500958,136.99223861140706,0.0978242297960526,136.89854944775385,4570
material,292,64478,51439,6525,6514,25efd2a53d1171f2a4d97a009ff3c328b5384629a8121dc2a6e43fe03dd15e99,386378d41507e3c4eaf249ecd0f6d1ce2beea5dad0cf2c273a07f2d5e22ec1e8,51439,45003,6436,85.36666616663119,20.000395408333617,221.54099855729075,136.91838834474422,0.09793158264467768,136.824760347156,4744
material,293,64677,51826,6459,6392,31325b12447b684e6c2766f9f9d520778df53ce83ee870c1bafcb9b678bb0405,c35962ae7ea056d5932fc8b90964d6b7ee7373088943839aa422583e1d39417d,51826,45310,6516,85.2589413094062,20.000925439520543,221.95487710895196,136.9193241511236,0.09780800202203015,136.82584137240752,4788
material,294,64682,51802,6487,6393,1964f095abdd269cdd2ef40412a65ce4d4d48b941c53117a5a20128b90151900,f04d375f5992dc5b7824a7050b639a484a440aaac07f572eb2c1b05543c678ec,51802,45211,6591,86.11625415561804,20.001505672222933,221.58695370548213,136.0871665076671,0.09879150070625024,135.99273601305276,4805
material,295,64825,51979,6336,6510,38f43eec1207650c97bff82d1425266e233b737c6896a5e95a9a0eb1bde822e1,17cb9782848e06545bf428e9436192c3fbf49c48b95a8b5a7dcb8557667588ba,51979,45540,6439,85.42969325892541,20.000312963227223,221.54492490161988,136.8402290769113,0.09800388654472475,136.7463861422243,4633
material,296,64701,51779,6537,6385,2cdd747a8ac90f8c340a1ee7dafdf062f7bf4abefda6d33f09b1678811f7d5c5,8dc707643f9413697319e5c47fd6bd1e103830f22be38c14987c3edc03098ca2,51779,45275,6504,85.64639178261318,20.000899779454798,221.5610394473159,136.620508212642,0.09825248040851796,136.5265711994231,4728
material,297,64336,51422,6308,6606,b78b67b9f78ee5af694c5e9a45cc27b8b8fb24708b33f4a2f0e194a64d840967,04b47fed0a9e1a9714557cead9685011e2a6eac0dc5b3d5bdf8a83f646b1f8a1,51422,45001,6421,85.05643810349103,20.001217931373453,221.8650997551876,137.11031227345137,0.09757569285105719,137.0170060248495,4699
material,298,64846,51859,6422,6565,217e58ca9ab6353a50ea6600ef233acddd5d5ce4a335dd91c799e2d45a1c6291,08fe436d30f60ab4df04d62a2b61fa49c71be9401b86355933ab0f5dd4b9d755,51859,45414,6445,85.39092602148789,20.001298232066766,221.66752445777865,136.8080704140782,0.09795941324984865,136.71441788345848,4765
material,299,64795,51784,6566,6445,3c4243ddc86a7850cf8ea3f1f9f64822077af3d4c7de9bb2718ff46e0d99a7dd,283bf6440a39781ed4b658a64ebd911faa6057ba7b2c5b959347b2fe36522607,51784,45335,6449,85.12605808824979,20.00060737635593,221.51268754543227,137.02927539685834,0.09765556003572405,136.93594468220508,4723
material,300,65028,52061,6470,6497,6f802ad512d13930af419d6a9c307fb877d750b8fa2098f19dd167c5faf5fb3d,5a1291378bf0812957a999c3d77681873285ad5e3fdd06b9c20518a04822bcbd,52061,45579,6482,85.09052914196172,20.000462331430235,221.53240745856866,137.1014737630779,0.09761480166836677,137.0081383708522,4763
material,301,65147,52056,6528,6563,2475d5e4ab2311552833a64c37477b4f2649771c5cd8955f9980655276b2185c,d0240fabcfb0386692010d271bfca1ff5087a4ae673aff9b845491d9ec466b7e,52056,45554,6502,85.41837331713083,20.00125871469845,221.60635678138317,136.72584853992004,0.09799090044763127,136.63216885125948,4772
material,302,64587,51729,6521,6337,0b3c7af7b2930153fe461410232c173361da5b74b0c3cc2902c0f22c4fd841df,8be268f712743e30e28024421b2d8f4fdfa5cc4ca04885ec1841ea4a0034c7e6,51729,45354,6375,84.80936260791582,20.001093545275353,221.63150068237664,137.44463831071184,0.09729225090116111,137.3514989048215,4660
material,303,64321,51570,6451,6300,3d48d5dc6f0254e660ba7aec26aaac86e6b24e8509ac8b2f4a0a2a53f3b8b5b4,712a14410f0aa1b7dc139cb21d10c78a4efce70c9a591e02b0dcd7da01b41d72,51570,45132,6438,85.0188455179656,20.00042357178487,221.8651631902037,137.15330126433062,0.09753256710231326,137.060069180755,4665
material,304,64374,51322,6403,6649,c664edea654e81fa398585f96b4e48086ebf272d32335f07a66561734e76a09b,85a137a753bbeaa1a5dcf78e6ddc849e526b897c78fd7d68730aa6a3bd224e9b,51322,44915,6407,85.71786028728043,20.001270296654347,221.58414014919674,136.4758348081636,0.09833446819234042,136.38170322857954,4605
material,305,64433,51670,6482,6281,93dad68e288d2961de7434268185d532464e3c5c18e5ddc6b872fbbfa56cea03,eaa0dd97f7f8ddfa5b29ffa8a6d7c2d8f5b7519df7556296d2ef955ef97fb9ec,51670,45230,6440,85.67938717296965,20.00054342293764,221.92777015970088,136.5603994301614,0.09829033231187427,136.46638448416223,4711
material,306,65087,52095,6474,6518,d8ae009986305bfcd2e904f4cef6440ab539cc26da9e4e9b43f526f3d670a6a4,a48232d2e64dc94ed4f46d737996b80197400057f385797d57eb4d2014c3f0f6,52095,45484,6611,85.82225362039102,20.00071524936022,221.5891360039291,136.38961957971702,0.09845422693176592,136.29551914635934,4819
material,307,64684,51699,6457,6528,a2cee883e0e16259d9cf95d1531ab80b577bbd17aac5caa578f923124cd6c381,bfe77d4b0f8f96ce12126b63c73fd560b10c3e9085ca0f6c5aff9b5030efe718,51699,45371,6328,85.33550307829817,20.000214973365004,221.75066714448113,136.93297648280654,0.09789583273552001,136.8393045649188,4613
material,308,64690,51771,6385,6534,45571c2085a846932025d99501650e9e3dafc98249ea59c7ea1962bc937d4755,a7d1755f8bb658ad0d6e20a0fd8862e29c0af0886052b51ce27f757a594c5f68,51771,45302,6469,85.21128455662728,20.000870632782085,221.5500973307908,136.97929692110873,0.09775333078520058,136.8857967900817,4729
material,309,64551,51636,6516,6399,4f32cfe6160aefd1ba4bf96d3f295b3b8d6fea2f58916fb5277cb4f7ba190a3f,7e278ae3e437f18ff0096386964d19b01cd0423e2cdc6ed1cee0b35c902c61d9,51636,45333,6303,85.10527045953005,20.001040510757917,222.41083117493056,137.0597956328303,0.09763171272539356,136.96635103435193,4623
material,310,64808,51974,6338,6496,a10f138e85d587c383df3da46f0a170905c8da40b81eb5c304626c12bf5934e1,2f98578250b49a03aa401762b3027b34cc940ccc29c6bb4f3e632cac95345572,51974,45488,6486,85.81185579171382,20.000464092909823,221.55346627693018,136.31391997402304,0.09844229867142551,136.21974654533824,4694
material,311,64703,51775,6403,6525,f7a44878be70574fe757ae2bf194eb7f822006df657f7faa56fd384ff6750933,ebfc41c43fed60798e60e830c0d0725eba9d3f56d1682dfbcdcde7a0e7cf4ae1,51775,45311,6464,85.697900462228,20.001862412878424,221.59444360502812,136.47479204138656,0.09831157052812944,136.38073256063902,4698
material,312,64780,51939,6414,6427,12371a48a58f6cdcc3229ee0246ef27902eb6eeb169d9cc9f3a600606a06dd8e,868f096a396993b00ab99a91ea7edfd1995f8827401641d95d97a73d4ad3d439,51939,45589,6350,85.07598341518934,20.000479213532017,221.60602057106502,137.00467459034988,0.09759811499067976,136.9112909364011,4677
material,313,64710,51827,6375,6508,209e3be5ab65f4dd3709271a018881e9111de50b1ce6da916b67e937fc748571,1794c79768a1b487f431e07b861a952a52f109aad8c49b60eac2789509226447,51827,45222,6605,85.93301625412879,20.00097027265793,221.60241638614693,136.23782575946063,0.09858129245402325,136.1436927377389,4877
material,314,65011,52139,6398,6474,15e5cd2ab720c13fb25bf6920b47fe6ac551c14eff19f4413e9faf0b06af5dfd,e7fcf53c258fc3fbc83c002c361a54b057dce3741672fb5add49bd707920b4cb,52139,45691,6448,85.48911464242148,20.002236727807215,223.41782648596987,136.68309374828553,0.09807205402027484,136.58929672895684,4707
material,315,64632,51960,6371,6301,efca2d76782df5d0675be790893cc31626f6c3b27d6a9fac337711012bda1bf7,df8833b5bb78f276f9a723247e7d50a9a46c0d40efb9d91a9abeb4df528f634d,51960,45472,6488,86.07508140666204,20.001482523204004,221.6390724297697,136.0042329374457,0.09874426783833876,135.9096918766906,4719
material,316,64542,51655,6436,6451,3abef079a91f28fe7b35836f3348a04bb2baddc81fda8d46887e742679b6805e,f3d9fb3d480cf50e20bed8095f186cf5196b5dbeb40a4bbcf1b671cb297775f3,51655,45112,6543,85.65672732385178,20.001095839570887,221.72583039403818,136.50447938241942,0.09826433721347988,136.41061630842756,4830
material,317,65072,52218,6336,6518,ca2543696fda1963432f2ac7f6a6a21a3618d26af985ddb074a36f6d9c79ba7b,9002cb05f25f089bda33ac8ce3c2ba6a51a4ae0741113ec5eb718f31e623c801,52218,45787,6431,85.40570757327967,20.001502889330034,223.3526753463114,136.75942196529715,0.09797637046307851,136.665602882851,4643
material,318,64782,51874,6401,6507,4f59e8bcc620088e239c44aa1558cf02a743eea44763bf3c4c26f1e300f30cb5,952c3828671ae59faa5d2b24aafe214f07ab22291baec3651f7afd7fa908da03,51874,45312,6562,85.89400724966924,20.00038021100808,221.7340007384328,136.18059453951088,0.0985365418070124,136.0864392379038,4855
material,319,64707,51818,6532,6357,af1700419f3660efb156e920ae060f9e8fc50c4ae2812570070bcd9017b08d3f,f5786c49801902f11543908c50c958691b688cdbb96bfe59680f17ebec3cd5ed,51818,45351,6467,85.17224120786842,20.00110513536641,228.66721639926018,136.91983979707803,0.09770854073883471,136.82638419174233,4714
material,320,64945,51939,6419,6587,f12475eff2b41e965c0dae155dcfcc3dfd164460146c9b032f7dad78e075687b,71ad03a3bf436d360998f2fb60e1b6619e44e11b7785e07d4bd206a853156991,51939,45568,6371,84.84590233138307,20.0009659520853,222.6515075231145,137.26476389407415,0.09733416881958566,137.17166259101475,4676
material,321,64748,51691,6521,6536,be52070eac3360d10bcab270ef82014a6bc85878f6621b044803ecae76947542,b0155587a70b6de4d29760bf2bd617c32d1ab660be3fd689c8a5a83c91b9cb25,51691,45217,6474,85.49942957981142,20.00089622818105,221.5450576082728,136.57108844757732,0.09808388718875662,136.4773057271245,4728
material,322,65074,52111,6418,6545,70b6c4a6a720575d074d1b2c5c5848dc722831dc630b7b51f39629c5c8d4e0a0,20ec0a0b021738293c46ebc696ec4d0d05f32fc632fc1e4b6e452c1a9dccbebc,52111,45702,6409,85.1176094316839,20.001333183082025,223.34298050400963,136.98818892502598,0.09764586784150034,136.89472850395995,4681
material,323,64726,51790,6472,6464,b333c613bdb9dc69d0da608dc4b6a02361d5991b4041820667341f52f21449a7,a3a7bec2e79a52994c1c5df3d70c004858f153ae153269e1e3b490bc46ce9a31,51790,45319,6471,85.23055984411232,20.001484204630955,221.5680060372077,136.88614439796524,0.09777544315638836,136.79253698973525,4653
material,324,64726,51649,6483,6594,41fd014aa48e1c8adf66219d0baea3629d7deda0167e886b37a2c93a9b2f1443,ceb10a32984f773d67c738d80675f25c19553af6d4c0e7ed4a5defc8b3ab27d0,51649,45258,6391,85.22513892386063,20.00063991468876,221.63691166685962,136.90692299128148,0.09776922434378296,136.8134022096418,4672
material,325,64644,51617,6486,6541,e3dccf88704e1d41ad54f871a157b798b4c5bf4be0be32cf5a4618774ad0393d,eb51524f89c1878373978cd79555970dc3770216ed700554ae9d4d377a90b6f6,51617,45355,6262,85.06469580907395,20.000602682928896,221.5592563905084,137.00361859680126,0.09758516598867711,136.9101997567558,4543
material,326,64645,51662,6395,6588,bf609ffd0d754ed72b9e8d1c3f55ee5ac1ae7534e436e752cfb9e6969ba770a2,aa08b68f53aec8765d869e60483127a0af099e19d7219d7f0c573b31795f2b86,51662,45262,6400,85.77272544308994,20.00073882856713,221.54319933829112,136.24740413347115,0.0983974088198915,136.15320953916316,4684
material,327,64428,51419,6458,6551,5d81991aef4cb5d7b207b74f8d4d0c52150d4705dc2885d83746ae6c3bf27231,d87220b1a50eb743076d7d731cb823b6e94eb46a3c76c46532bb0dbe72891255,51419,45057,6362,85.23403085957581,20.000408551065654,221.80612255924294,136.92103118035254,0.09777942506235927,136.82742412845596,4600
material,328,64858,51828,6477,6553,42d561f51543241da8f5756c64230c3a10dda77d0a358541e49089ae1a642c5e,7235ece8c4409f54c84b28a474f9b49dc63f969e7e8bb9effdc88ac9a493775a,51828,45288,6540,85.8460989643159,20.000625879379584,221.60449248977076,136.2923784970572,0.09848158201512726,136.19819937409872,4756
material,329,64764,51862,6413,6489,64fbb4df8b0fad351f67d282dd976123f8b6bb66f5e74fb535fba4afeb438d0b,8ddd22e1baa9fd3bc8ed83e6b150738871f747867a3968265cf1bbcd28d61fb0,51862,45309,6553,85.875614126047,20.00036486219172,221.73304297199456,136.19967014662538,0.09851544144328742,136.10544428224043,4779
material,330,64945,51900,6496,6549,f1c6a1964375bbf402c33242f7f25a0598c0778bb7c49fcc9ab27ed7d5170965,cb8a639c8e2e6a916ad96c00200164a649bec5035d60921c357603ee01c347b6,51900,45428,6472,85.56929950758531,20.00065394798674,223.0635574600675,136.49572212639657,0.09816404110495631,136.4018312754424,4750
material,331,64271,51652,6187,6432,3ed93c8df053964a1ef72cc5e6896ab84bb42f056dee6959523a2a97464bfb3d,b50199fceaa0d09c39babdf6af92597706db15b2b027f7e59283977cd14dd64e,51652,45266,6386,85.38174769756195,20.001201106965162,223.91855289543577,136.7665613202949,0.09794888399026226,136.6728445900389,4660
material,332,65027,51980,6542,6505,8e542e7b2314d209f2ab3a61c70ecb5c8b98364eea4f4cc6a42d46714e10bb69,d60600f293dc5c2e697ae58b4d15944d01618c9f0626d3310660fb4d27d04c93,51980,45586,6394,85.14541612506139,20.001250448452378,221.51838000388867,136.93110003027465,0.09767776733591488,136.83753390191512,4636
material,333,64536,51590,6473,6473,c0a9b6fe3cc4b45e8933248dc9f09030c3fd830b760a5f49d0dacd2102987dc2,d1cd0e2ee1e1ab0d49f15ab08587b55c3e6f86602d46f443aebf2012f3fd1af3,51590,45113,6477,85.85366985009226,20.00079702686486,221.56318274935342,136.29765747789844,0.09849026724156745,136.2034948436582,4763
material,334,64250,51358,6504,6388,a225386fa53f1c7614ba2ad88fc48abc9c3be60e35834245d4c51564ba81ca30,ad5641faa0b973e491b28d730db3ad7e11d735c2f18150707115b3982be9bf5f,51358,45018,6340,84.97005198679284,20.00138562477165,221.7077337918364,137.10070392788745,0.09747659176738284,137.00747710872903,4680
material,335,65016,52092,6399,6525,7a57c5b9c713ae3fed74c28a5d2e75fc04027eed5fb6f33797563e30f8e06499,acfd4a02d7484a7820b238eb17bed7f8c73f0c44d26f730ffc5a5c30cf8dfe1d,52092,45610,6482,85.6352009539204,20.000458439767705,221.46720767973903,136.43140039841163,0.09823964242837652,136.33745525327333,4749
material,336,64777,51738,6619,6420,323a27cd739d4f234298c323b38344685ad0b84b195514231bafdeb7d969fb4a,bff5306425dc24f6a2de5868f97d9c0771e1004ad81f69c933f4cd515d3e932b,51738,45368,6370,85.19479835109392,20.000708480745182,221.7438002317546,136.78889037800096,0.09773441801430081,136.6953312724288,4633
material,337,64518,51519,6414,6585,135ae682abd205b8b7df85d3733c4d261b91f0062a7d37e31170b001b4c099fd,dd655d655a108767715f6961d8c0704870f0d55325ca2fe31ef5942e37949118,51519,45153,6366,85.47076309414955,20.000695999789194,221.48238892769416,136.59266857946184,0.09805100135127703,136.49885029114535,4650
material,338,64380,51507,6429,6444,5928dedef7618eb997df1c82009c54e32972faaac642e660e72169f285be910f,d566631a5e52e501e01501545843234113173cbf7b7291f728793eac68f505f3,51507,45135,6372,85.13213870463883,20.00200991712987,221.90002044960272,136.90186133723907,0.09766253564357164,136.80836254983305,4623
material,339,64850,51809,6531,6510,1493be10c7eed205779f2ad53e7652c96bf3d5c9ccd7a647c30a63388dbe0227,34e39c7cfd94ad2100097fb14e871f5b15c91c28117a70373da287b77d1c3576,51809,45319,6490,85.52489458372055,20.001014921144584,221.62079804851956,136.39966649829879,0.09811310032600161,136.30585404049185,4743
material,340,64607,51850,6413,6344,68c409c586f5b39d65074f4cbe7828a9aa967f91b4b10ac7888c7d0d13046825,f6984443850517819a839de676d78a88bd27300e512faeadd33781a145197a04,51850,45417,6433,85.11001314733106,20.00020387559396,221.6637935542532,136.9398138278171,0.09763715347812763,136.84638985122706,4693
material,341,64170,51215,6481,6474,8b36f4b03ef18993f62f509451c26f367be933d37991a472c961a54734b8e40f,7df0b7862250b220f1d3263bc4c4e82a78a7d32ebd2ec3cf2bb66e44412d5dec,51215,44905,6310,85.3628926492411,20.000543165845905,221.5556586133478,136.71070161449524,0.09792725371224134,136.6169949811386,4585
material,342,64371,51631,6395,6345,f2f702fb5c84ee9f249c9385c78ab4de9ba9a7a3cad4217c43940306359b5d5d,0107c19efc605b90aa8f53ae5a22b79293f450152e3d4c2a752944612bfb77e9,51631,45299,6332,85.20285905398151,20.000983622908766,222.13481725334688,136.8556708675195,0.09774366515286739,136.76211785820905,4567
material,343,64820,51769,6511,6540,493b63be7e2446fd59df77842209fd248822c6581520a2c4f489695e78da85b1,ff4c7a7066e6c384294be16b638512faff222c39e6abbc0770872fd3a662390c,51769,45442,6327,85.06288435983137,20.00065414031218,221.78743009363265,136.87997104724067,0.09758308791653056,136.78660605080213,4657
material,344,64916,52040,6495,6381,58814837ce45b695ae728b626785098ca6042133fa99d8b3a370d943e168779a,958a11b5871eadcbf336fd47a5a2f0836e73fbab0a0b965b041ed2f0ef5fd9ef,52040,45554,6486,85.44120852692109,20.00026601254975,221.50210160746477,136.57403003712378,0.09801709671761817,136.4803052788351,4748
material,345,64539,51614,6447,6478,b22ac9d78ff28cfbe0dc16f5ff976122663bbaeff15326727bedc83286e6aac1,2e1246c4d483439414de14fe467f8d9cce2d6acbc140691a1684770d976baeaf,51614,45162,6452,85.32592047609307,20.00041731669145,227.53898372783925,136.62509256636383,0.0978848396928965,136.53143885543918,4663
material,346,64907,51894,6551,6462,7848ba86790a923101338ab3742771e213232541e1f07bb3948dcf2644daebe6,ba4c5bca57cb75540e46f729ebb3411802aafab870354b7f24775d2baf72210a,51894,45392,6502,85.55370430230613,20.00034175412029,221.94361500523127,136.38676078109899,0.09814615047851813,136.29287418268882,4756
material,347,64732,51633,6584,6515,560c5d86d40c002f7334a17f4742c4fc80de5ea7c83dcde98f7bafcf8e1ac753,df01bf6b3656bbb5990b67d0c709924f4b6c80855c977d3fe69ca16db0faf2f0,51633,45178,6455,85.61699097885439,20.00118350515168,221.6821439949392,136.39434794276602,0.09821875217040797,136.30037374338391,4713
material,348,65052,52204,6339,6509,b1132683b89d217531e97c54428beed96122cd0fc3632f1f02dae214dc089e0b,70a0badf4802aeefb6b4ed0cd4fad71fc104ea711e6c1b444f41080f4bd6d964,52204,45663,6541,85.88670052933102,20.000694318504834,221.90437763794856,136.22278075818176,0.09852815962789267,136.12847732802373,4733
material,349,64769,51905,6346,6518,d96c962a9656d0eaa34ba621606c1593499bee116f1423e006539da8b1dfc9fd,427dec2b2dc480764b501e1ee9ad26fcaf6567493255ece6675efb9a6f34cf9b,51905,45461,6444,85.52924889259855,20.001250901253222,221.80448969062311,136.42065907305386,0.09811809553524305,136.32678121514994,4676
material,350,64856,51940,6379,6537,6b96cf0aea812ce505216b2a0e309d7d4e04cc280860d4b13311dd950f7aefa4,3202781e7c942c8e122fc46ec43c0fa57d1eaaae2b5337344e7ce9d7e10505fa,51940,45480,6460,85.31978846101946,20.001060791417267,221.67629672885892,136.6906797783767,0.09787780512111423,136.59704841370453,4726
material,351,64033,51370,6252,6411,36226619937b1e555e0da8aae881e3a77707366a3a3c8e0c1daea1ab1f16d762,2b9f3330722abacb904dd15ee6bfefb256fa9fac47d0181429a2a1c9b2a1df0e,51370,45098,6272,84.56442665765623,20.001052293016084,221.79547711454768,137.4055087954824,0.09701126341116498,137.31273865842178,4627
material,352,64742,51833,6454,6455,dddd7f042c58e453b1029b4699e51980c1f589fd7ac0400c69318081c71849a4,b09de3ef89bb7d3df6624d75a9494d55883a20e154a8a5b22514cfbdda326a6b,51833,45308,6525,85.7953633685087,20.001466616474794,221.58355018495953,136.10242695631854,0.09842337876768968,136.00830332744093,4734
material,353,64381,51353,6462,6566,431240ee15857568548c7be45bcc718599ef1e636ae05771b3a265112a2bacd9,e323219a5e556dd8b1b834f267b0cd3b982514de6e897f01955485653b054921,51353,45014,6339,85.22716916880985,20.002650887534685,221.55710256935254,136.71221022886533,0.09777155341565566,136.61860755577146,4592
material,354,64443,51581,6362,6500,40da3de16e4fec1dae10727538acbb18d87727aa43348b922bb48bd1ec69dd8a,437bc45ce9a3b0ffaf782bd9b0522212b25c9fdb6ea71eac75c7c73ffd5e8140,51581,45143,6438,85.19349496229502,20.0016885072423,221.59952685901,136.63605437114964,0.09773292278280576,136.5425839294671,4658
material,355,64530,51619,6512,6399,cef1b2b3e9f8c40d6936971bc7e55034676293d153965a133e6caf96c0ba2090,3dce3235d26fae49495ee4cbb9c00a21d0b3892bf746d709b809635cc1e3d8a4,51619,45086,6533,86.18788630426634,20.00133853343833,221.5319012522422,135.71245651629812,0.09887367622042194,135.61787835637148,4744
material,356,64836,51791,6480,6565,b9a55a530c8606c9d5862f11c94684757b6ff538824b2b41efea6235e66ce774,2cd2128b1592b618361fb5d92e3ec32b1d30c3698bf70f0c972251fb1d442af9,51791,45443,6348,84.94678970233268,20.001293962770582,221.74890809971384,137.04987963790902,0.0974499055626215,136.95653933354004,4619
material,357,64437,51571,6451,6415,79becd48ff6450feaad3e6ebc374709ed85d74a4588ee5e7a2a68564fbe3d862,b7efdf09fa583853d2c02b39f55efffcb3e9ac2efb60e83927bc4a681a9e18c4,51571,45050,6521,85.34697245947577,20.00090446698521,221.4842592306905,136.43125786285407,0.09790899026762377,136.33765318755357,4755
material,358,64584,51717,6525,6342,16761b4fb7ae238824d38a2564c5396dcce77ef7063c4d6c146b957955f47da3,99f104d7052a57fe5ceb9d30eb9e2601e807a947b6e43d472e033e24c19c9e0b,51717,45251,6466,85.11753234644918,20.00109838721667,221.98952474403833,136.7602841464211,0.09764577941027332,136.6668898864946,4679
material,359,63984,51302,6265,6417,37bc5bd736620cf973d604edc520b67284682a9ed4f9d53059001afdf466cb3a,25c8c409759da4430596eb5f523e70b0d5a25f3caf7b7dc643936a2b25ee3d38,51302,44881,6421,85.42101332626152,20.000855788460164,221.67600366109284,136.3698078403748,0.09799392903342444,136.27602205850758,4674
material,360,64490,51598,6400,6492,46c2c12f9fe22b855cc92a70058b076a5fd86f3f4ba23f2e60d9e10c49eec766,6a9bcc2603782ce15d4f9c2e24a8edaa28c3e78571650882512bdaee115ff32e,51598,45236,6362,85.37909455021067,20.00031749135507,222.24530676224083,136.4744887754201,0.09794584033246506,136.38076018311182,4616
material,361,64918,52011,6473,6434,338b3b98da8a2c19ec185195c910450f56d4ff8361b9751b423e476ffbfd7ac0,379e20f87c38f5c8f6398ed77bed81ea5bfb5dba00fbcf0f22486869b4df9dce,52011,45562,6449,85.56990611367863,20.001323413917838,221.78055192324697,136.31321493370078,0.09816473699595717,136.21920023931833,4709
material,362,64499,51684,6295,6520,a7cef4f73ba9a30e93af24e6b0e86aec8552d003dd87602ad45841105b99c678,376d98efc86e362b75cfcdef993d40f967c9424d613bb2163ecac9400aaa342c,51684,45398,6286,85.46518216345153,20.00089938802798,221.517913604089,136.40810687624645,0.09804459897666844,136.31420708684595,4553
material,363,64760,51734,6395,6631,dbc8ca7c9f32878f451fd38bd1775d8fa5d285b81db031247024f08ec5d8d634,08750e3bc254929edfcc314fd38fd826fc7e56852dc304b719c662a4a6c85654,51734,45265,6469,85.27268231036412,20.0011865452231,221.90226011726148,136.70714239060484,0.09782376552822475,136.61360417247872,4728
material,364,64439,51707,6363,6369,1a999401b352d9aef38c3dd2e68ec67861f0612190f2360ab95e98d63432369b,3cd9ee4fb7ef9d5be1c9ace5e432d4d2fdb44173782809c17412eca18640786c,51707,45285,6422,85.37699656572174,20.00039324488114,221.9991000988767,136.55821045907587,0.09794343355063098,136.46452514797753,4675
material,365,64448,51558,6349,6541,a8e375b2d2bac41cdfd12abbf9b75f66975ac0c9007dea14a5a75712dc6d4b99,c889c5caad2bbdb2578b9435bb71151f73ab7d5aec7d8f950294fc80ac3315c1,51558,45067,6491,85.70367638384056,20.00099308309764,221.68245690963684,136.24815610475721,0.09831819659390137,136.1542285636713,4802
material,366,64952,51879,6512,6561,02769bc55be10dd6700164b3d4fb0431e8da4dc11031b4c06111ea7e7452d252,0d4a6e9a6a5eab63b513062173e9a70af1c547d22de3df591ee92f460926956c,51879,45463,6416,85.28931246361907,20.00047460096929,221.49649824479394,136.6277927813715,0.09784284343416878,136.53412205306202,4607
material,367,64652,51787,6425,6440,0f60daf90bd4a8a4d165517586a575f0bcecc49be6bcb302f29fd841ce4597ff,4da0dbd7c41033eeb0a319cf1c04b558750007c9f052ff0e95ffd10ca35719fb,51787,45271,6516,85.75418299839869,20.00166436318392,221.5627305955125,136.16570391408771,0.0983761371568846,136.07156275652403,4742
material,368,64304,51366,6553,6385,c1e7e8e0ef9012de280846a6410ec7e7b4263bdf833c8a2bfd89597841d01b15,cf7baf0a8a774b3d14a2a35cff2eef78fa4c62bc39854c068393525b62a6bf15,51366,45112,6254,84.93651603414024,20.000727590026685,221.49941488141562,137.03576955760929,0.09743811973765223,136.94243021714428,4540
material,369,64798,51885,6494,6419,d191c7256de0ccefaf96b6a068c37a6e78c571219f32febd1acc23e197a78530,2b38073cc664506bf97d75207318d72aaed10d63fb84fa176a592fc79b63f4aa,51885,45401,6484,85.64646819474012,20.000825765657357,221.7074689668286,136.2562404374362,0.09825256806756406,136.16221555689512,4729
material,370,64099,51312,6372,6415,408981ebe2055383d518d4743bbafd85637a3cfcca2818a1ba099a36944f37c3,948f8694f6adfb0531172fd96c266a946324b445da7b3a5bc7b525c95cd19361,51312,44941,6371,85.48890697515039,20.001677319500637,222.2250455542663,136.4085171078548,0.09807181578695225,136.314708550463,4698
material,371,64913,51970,6401,6542,326469458455eed7bcc4f8d2ca6e5c46ce3284589059803615df50138888dd52,cb368e89c3a8f3dfee724887d23b69ec98d80d5769dad0de9958a87cb2fd3620,51970,45409,6561,85.75711050711999,20.00067030852391,221.605256154068,136.10963744060373,0.09837949555864914,136.0155819112099,4819
material,372,64529,51710,6452,6367,cc228ba3850ed73d145ce537a8ba772fadeacd48271a505cbc472797eb928c7d,73ca43030bd392461b1a197fffcbcf5226dbb8c4a455bbb0f59f2d13d7a2d9fe,51710,45313,6397,85.58585903877969,20.001537913952887,221.5046416252245,136.31589281785492,0.09818303799414668,136.22192197904874,4666
material,373,64430,51423,6390,6617,b9913b98b959983802928cb229770e1ce0d21429e90266d75da3e406a22b91eb,2ec9de1c3d838e79df9e1ac7f942dba08138535edfc6b51b786c9f7021876395,51423,44996,6427,85.24175593691463,20.001121802427726,221.60161924660866,136.71489007382687,0.09778828717545109,136.62137745498654,4724
material,374,63975,51208,6424,6343,6a07127a362a64dc66e2b09c3a4b872afa273530d93ae427459cbd43f9606f7d,77b258479e6d77fef8f215b9dff252a8a6d5073dc5d8038839d8ae9a46953668,51208,44902,6306,85.2590489704335,20.00062959566503,221.54925301537796,136.6410896842413,0.0978081255294279,136.54751196985723,4607
material,375,64774,51848,6454,6472,cbbf04a7f0854ba2c35fabe511d333cf86a595e51dda58bedbde004757f1b9cd,56bffa777f28f3ebe8cc34570e472e560bb6c56a6dab563c9af520ca1ec1b9af,51848,45501,6347,84.86343556041055,20.000228644229622,221.88807763610936,137.0075111182947,0.09735428272287645,136.91431902717167,4599
material,376,64325,51412,6541,6372,a59fc6eb9eda1e6deceb33eece13c568bbccd59c9609944a2eecb7e2e187f9fa,0bd7288d33f727db87f59a93d8e7222acad014e1762b3ce071ee615cd7e001ed,51412,44997,6415,85.46180567674546,20.00040297701249,221.5759024018051,136.42799631635472,0.09804072551291784,136.33419610672547,4658
material,377,64465,51638,6569,6258,734f38e37a53418e05e280ff844d214b24cb83e5ee1113f81756e19116c1dd61,e9caff59fddd20072b6ec44657c4829a81bb6f46b92b8f346b00a98a079026a5,51638,45217,6421,85.47721518371218,20.0011939469831,221.80240662925908,136.43376971258337,0.0980584031085508,136.33988428689395,4615
material,378,64278,51369,6397,6512,bdbddbfaf14f48b630a4bf8e2d90f80060b99564626402d70d7cce1cdaab233d,a287fd1efa63e078f85847ed84f028af2b85a1ea1a604005ae07be822490399b,51369,44980,6389,85.75160036178008,20.000665659759235,221.6744236191716,136.0714000523579,0.09837317438812707,135.97723975854166,4617
material,379,64538,51692,6426,6420,0fd8b4e5834db7b3a22644b3a529fef06ad99f28bcbba3a2f32aae89529435b5,58988a53c4f6755852820249ee513fc2b8f4e0e43811c7cc4dd06ce39666b1c9,51692,45327,6365,85.09090289469475,20.000441330698074,222.14051253050212,136.79218582735635,0.09761523043287526,136.69875154454715,4614
material,380,64163,51304,6393,6466,d9c1c516c21b430fd4f364a031bfe2dec63b9fcb8bad4a9bb6fa2a8fd1634e3b,2d12e63d013f011add01daff112e7977913efe03a5d3c33c7984c807473483f8,51304,44889,6415,85.43305152828314,20.00220762316786,221.49672297462428,136.45601447472927,0.09800773910975884,136.36221301491253,4688
material,381,64829,51927,6452,6450,7bd44aa6c3d135d63c66a29e9adf7c10d933f3b6b142c72bd25b77d94851b021,34c6209e4f825bf70fe06ae8e72d9f51601ff6a0eb44c1610b03af6ab509a752,51927,45495,6432,85.20256648542062,20.000380852139116,221.96028598469206,136.7063539728273,0.09774332952183616,136.61284968767026,4701
material,382,64818,51985,6338,6495,e4c80d464d247c99d148f0fbf8a401a2ec4ca6534feca6eb0c011468ae9f7b63,306377ab2a880c1580c85e243649a877a7fce42a7e2ad2737a4823361fd61d17,51985,45494,6491,85.72039695542256,20.000567013499538,221.53496325725186,136.17685075158528,0.09833737822663083,136.08283845445223,4777
material,383,64672,51783,6425,6464,c5040141f398911f0d41d2f7d049051278e5b66fec948a73fc0e2e95c7f36e73,5fde729835ee3c11c30d2fd9dce2f643e0676326e428ef0d7c10d434c2be9862,51783,45396,6387,85.31887054042699,20.001356054081022,222.2734950758529,136.53901874447635,0.09787675209397377,136.44544813402422,4672
material,384,65308,52271,6582,6455,22b3f996b902d81dbedf465241a901f72d5afade9d1a048446822e93a19b5680,8724b6ae3e39ce8f1ab0bd84099dab3171932fab1277e52ddd85cd369efde994,52271,45739,6532,85.38034265203888,20.001401807470028,222.5215461343786,136.56414075426528,0.0979472721394317,136.47045075198912,4745
material,385,65204,52323,6447,6434,b6c04939f0e38bf1f58cc6f90e940409f7866ed57640a30d3bb1d1a9a469fde9,669b51c11901b6eeac9fc3bc12fbe0cd4dd8df6ff1020d8fec89ef50bdaf5202,52323,45733,6590,85.74018178781016,20.001034862800196,221.5111007421868,136.1549181766798,0.09836007514142302,136.0608747869022,4812
material,386,64775,51838,6394,6543,9c58412c2ee27a4e6adf06549168a81ad7606e07d54f693030b66968a07d99a9,142e2183e147b24d3a50c8f6d2c15a3f1ec77081204d14cab711f07303127ed6,51838,45486,6352,85.13521081306699,20.001277358889855,221.73930936464862,136.74085199780714,0.09766605992832979,136.64736144064213,4639
material,387,64681,51900,6463,6318,a248fa882b7c466a15000118ded98648499e3836ffcd7dcc6ba3d24b9a7f6fcf,dfb6b21eb149fa703b64f06b7d78b14f4234f394aa340261e3e71ef4b3b1e963,51900,45491,6409,85.54819413099122,20.000926920508242,221.62664388513522,136.25793178620768,0.09813982927819788,136.16404109219746,4696
material,388,65011,52079,6495,6437,134a929524c030c9a139d49e290c4c18d0460906c703c9ebc7a581ad330b72f3,65e450b04f96cafc855793dd4dce5b9c7b57a6e9fbaf8ae8f9280aeaa5c7aaf4,52079,45518,6561,85.77277474981932,20.00137905102651,222.11044082025592,136.05469950467293,0.09839746538396107,135.96062758489177,4810
material,389,64279,51646,6199,6434,fa5d7f1397482d9daef368bbc09fea1b86faf89982311961687030c30b873786,ebacd204170db6bfe686f2f82cff5e0a63f99532d276eb40ef0b1942aa215b54,51646,45294,6352,85.47219555281468,20.00120832969693,221.65439276656025,136.33904644437672,0.09805264465012481,136.24513623184254,4601
material,390,64761,51886,6497,6378,0ec39767fc2b54e3d0b0a246a9f49a74543e8e2590da8435d4b9efe7c5efd347,573e5baf642338823a38629aec218e546ebb4fa1475abdb2970b5dd80fce369f,51886,45430,6456,85.34186466621026,20.000187153441427,221.4739552752305,136.45945286203926,0.0979031306704206,136.36584648039442,4763
material,391,64602,51677,6533,6392,e6fd08bfcb209f2e94c09ec8757c6535976be4cb321397fd8fe4fe5cd775d134,b6a5b233bd2310b9c00de140a81699b83eb1d49e1e6fb80e00e712b387aa5650,51677,45230,6447,85.7051915187741,20.001264291143006,221.58345442786148,136.06793562516785,0.09831993473794075,135.97383539291354,4665
material,392,64812,52175,6324,6313,162dc24376e0f0c74db9aabec0695c30279029df0524b790f7e0c8518a8ac35a,024453b2d4adfd31a13f44dcba93ec147d8680943e5083bdb5a76b219f68cc62,52175,45688,6487,85.4994870710781,20.00231339460347,221.76626149850972,136.32553998311514,0.09808395314202605,136.23169095449896,4706
material,393,64565,51630,6426,6509,e0c25dfaf80c33bd7ef8f23683dbff5c6a4757435cb64520ac14e789e5ac6c06,25d15adb320eeb9709550bf175c331f5996a76145aa6bd468d45462e2c00e3e5,51630,45235,6395,85.42344631809932,20.001825147175282,221.52487810815722,136.3602914889916,0.09799672013154198,136.26649436719717,4686
material,394,64858,52033,6425,6400,2978130897636b338a0d9bd98c8973edb24df8d1212bfd92c3efa4b2498bfe0b,4aeed491722afbe055189612c92e5b2fd83358815c1af0441151ca7a626b2580,52033,45512,6521,85.98738105190469,20.001240165877526,221.87139352491712,135.7758237678157,0.0986436590770323,135.68147918167998,4797
material,395,64561,51570,6499,6492,94055545415a08e6b37573a55620f0adcb836b4003164e50c877a514c779b1c9,6bea3861a2c7c1e6e0300038292bfaf3e968386a9e425aae648069571697908a,51570,45246,6324,85.40324765533752,20.00063075028484,221.87797038027995,136.32984007343504,0.09797354847566743,136.23605535879543,4615
material,396,64933,51837,6523,6573,cc9daea2bb996d9d738b3f96e83c9ebe82458596077168f5819734b5e49dc25a,d854f391a1ef353f6ec849c8614157da6f3fafd86ea7ce85a7b3bfd356e9fccb,51837,45433,6404,85.12660276474776,20.000795295025704,221.65533103904852,136.76559437059288,0.0976561848818598,136.6721729419881,4700
material,397,64834,51949,6407,6478,34818963679e0e693aedd2785d8112dd8a5898c7d42a837fa1998b7abe79d729,20a96c61e66c8215e8feb60eb49a8dfddb08bc442d748fea0386370cd4c558a6,51949,45443,6506,85.58171861540062,20.001370498150642,221.62436594100788,136.2057607413367,0.09817828815170183,136.1118103221826,4700
material,398,65074,51960,6562,6552,5d56faadd2af40b71d06f7be84b37b6e250bacc4ec6e77b6b6e120c1847eabd1,b889213cb680a18fb3a6619c57eb98cbeefc1ac559ca1c532b0e6e8d27855caf,51960,45527,6433,84.95578718735504,20.002085880405858,221.55645777815917,136.78382542540302,0.09746022736605638,136.69055877885222,4689
material,399,64448,51550,6421,6477,f0cc5c620782c993d61e0cb12394e532042fb9c6ec6da3b550167acf2836a7cb,7bbb247838cf776319f512c2cfe842747962b2885beeea71bc95b26317e75268,51550,44939,6611,86.17846594688885,20.00266516174311,222.61605298788467,135.58119244018823,0.09886286930305617,135.4867438600533,4776
material,400,65036,52079,6436,6521,d442a15b3598041888d484776a2f09093fb6749b4b7ac4c96c2c2396e6d82622,9abe02a4b5bb200549b5041b4c0b47b2ac141a070e6b44d31879e86dcec15f1a,52079,45611,6468,85.56125093740624,20.001068536492426,221.52736871812746,136.1813013981438,0.09815480788488275,136.08737030563128,4686
material,401,64369,51508,6393,6468,57c268a86f52b09a3a2312d1c9c9ac379e52319b2f3b32e65fd889b129340776,86ed1747918093bf21131ddd2f5872188ad9440a967801e7ce6697cff7c60283,51508,45161,6347,85.15762516058932,20.000721355021476,221.5158058947295,136.663614119877,0.09769177339033291,136.5701334560134,4595
material,402,64877,51940,6387,6550,64955bee8fefe97c93439fc47fb507e048650d8299b4c082247263c02080d022,83090c73d1df6cde756bdb9b2d81c35bc6733e42ac529e0b6e5862d57d0b90c1,51940,45467,6473,85.41318369825171,20.001462642999908,221.78361492762554,136.31766491251804,0.0979849469810971,136.2239198750721,4689
material,403,64400,51381,6479,6540,058ccf8c00fb59f2cf04fe959cec63b02e6f32967dea197b48be7d2083ac9eab,725b48cb1a41fead2eff9e84e382512d294707c18ec3cf9ac91585276044b93b,51381,45089,6292,85.40079446947803,20.00031904823801,221.4966588725974,136.4187761918779,0.09797073421121821,136.32503061224205,4631
material,404,65020,51964,6503,6553,f9519c73f61a6e41b317e5d5461485a380e8b02bdfe146f10439e273872f7c1c,17fda12c5579ce53f491bdf86c97f55e23471a8c3aa459c5c317df57515bd4ab,51964,45477,6487,85.50543791158961,20.00100802304795,221.72488561813125,136.21557462331705,0.09809077987259347,136.12170749303542,4676
material,405,64556,51628,6455,6473,0ea3a24940d3c73a3cb08675f459f5907f4ccba3a0b99e845fc73bae2def5b9d,51de6e35bffa72ceaa20da92137cfc444d77c56449f728969227473078271e4d,51628,45129,6499,85.1757026466392,20.00042488430033,222.14991918501275,136.59737399035487,0.09771251165854228,136.5040031075326,4784
material,406,64226,51367,6538,6321,e1749c0f66b748de47bd3656f3015b1714aca5c57d0aacaf11ea9e38b7824fb7,48b44e940afff18aee1e71d607e68ec647ba46cb673bb1c4b4e8ed9ae181e441,51367,44860,6507,85.8138609508012,20.00104874755339,221.73907333387194,136.07474265770344,0.09844459896510806,135.98060275489192,4734
material,407,64591,51778,6447,6366,2dcc93c8a8fb178e696cdfb6d0af0ba2a47efc990833829a5e45bc3e77e5f60f,78ba2c46830cf974d93205466d673061f87f991e483a9e56203a79d3c0688f1b,51778,45440,6338,84.82733169081834,20.000991444975796,221.61925002108367,136.9708271178947,0.09731286481062179,136.87770856183758,4627
material,408,64796,51745,6446,6605,8bb5f863c608933328856b4510fa67e10d4223b2b0f373ce03c25133e7eb1bb7,04cb1d1bb0a3ce1add5b3a9ecc6215a6a502c8bd72ed4c725498d47bcd77fc27,51745,45288,6457,85.69826730084822,20.00103196920369,222.18332813911343,136.11395322198464,0.0983119913608533,136.01995675332273,4745
material,409,64502,51578,6445,6479,e3477b1414c76c40fc79323d3f36d08863adac64e4bebde1f642240fd69abdad,8ef1b6b2d6b4ead398e9d75a1b0c266e0a9a7d94888bf261438c736c1d4612ef,51578,45062,6516,85.83663930210614,20.000693688752015,221.58438086861096,135.94458328699753,0.09847073000774444,135.85047517217876,4789
material,410,64759,51949,6419,6391,1d107cc1610f68517048bd480d8cc98a9101fecf2ca18db0a1d8411d4f0f78fd,ca9cefb43618bc2203eff433fdc1c47b1b08ac1829b61b7837247ac0eeca5f00,51949,45516,6433,85.69139573616046,20.001203403048777,221.52542595433948,136.04460740339226,0.09830410838690885,135.95049922399127,4679
material,411,64743,51752,6508,6483,c6a4eb9cf83fb8341330e9bcf04b0a33180a3d86261272fe099aa9f9f684dd74,5cf5a1cedf487a2aaeb6ad02793daff7531b18796ff4026664caf09051066112,51752,45407,6345,84.89609687792988,20.000647734740113,221.59183143479783,136.9637226291625,0.09739175138200955,136.8705720931019,4659
material,412,64602,51529,6588,6485,5f270e82dbeae0731ea0d255309f7f6532eb4e85e5bb0cd8fad669297521bc9c,3518f3008c9809c7a40f6d33e9e7dd76364a55a1f86c59b5513f91a9fdd6383d,51529,45046,6483,85.76024959465501,20.00104158876789,221.52906575963232,136.05420815643896,0.09838309668100952,135.96011403023994,4724
material,413,64825,51755,6508,6562,d5d127a800bd6f3bb91059a9ace61449df393015e592468b4f684bc42a8d8991,431ef6f93332cebb6cdf987a5196458b38f41eb1b6c2e89bb2112b82015a8b94,51755,45313,6442,85.34148121244432,20.000346526911038,221.56084636252376,136.46999163140381,0.0979026907770072,136.37637001470415,4774
material,414,64503,51629,6421,6453,cdc8703d3b1894fbc7ace0bf92c4fa266c1803de06898509274d77bba60232a6,9a2f88ca10d06dbe9bb873854b226dde4074cccef06ae661df17eda934fa4959,51629,45274,6355,85.16551021633367,20.001358072564102,221.99733796567494,136.63735845359903,0.09770081902867116,136.5438277693404,4619
material,415,64863,51981,6484,6398,3065d35b12dbed25c73cc5ab4053c1d30fd4916d476118422b23c85553732309,060c018266291cdfd14bb84d1d3202f5717e5874f88b3b07032e6e0a98818599,51981,45560,6421,85.07243970856442,20.000590508113405,221.7068321455454,136.742348164068,0.09759404969430832,136.64906755274566,4743
material,416,65137,52131,6466,6540,0517732eed5e3a012db020cd3b4602043dbac7f0220ffc53418f2713368c9fc6,0d2e8f712f3e1c51e9acc43caa9a40814108d3ee7e6eca71d615f1f294a675ba,52131,45584,6547,85.66490889628464,20.000844720901064,221.5350553545238,136.03345595754342,0.09827372301209251,135.93942622915006,4759
material,417,64854,51973,6528,6353,183c983633e371cdd457246462d3420ec095221c71cf08749c75522547ea4a7f,697c478e8d9ae904ea4a5d6b7c6e74649dd32dae552c75f1c1d9356077799e3b,51973,45483,6490,85.63830926028842,20.000402827668545,221.50413028941898,136.23181251117924,0.09824320823896317,136.13783272989718,4758
material,418,64776,51743,6462,6571,e1fe416b71cd6c1fd1365cce6ac503ac000b48a3e278f093ec15b9e64f0bf936,e4137ecce59fbae33b9f02b6994bf050fc3f7d83398192db455a22f8ba23a318,51743,45344,6399,85.66162782903976,20.000518442263875,223.09685322570184,136.15397080150436,0.09826995901236658,136.05996653099305,4656
material,419,64696,51705,6516,6475,f3f259e40b06579202f6abb6e19699e680d205876e7f2c9669d5dbdf31aaba05,cff2e2da985342c81d0b64309043cc034cef0c4b68598ae841854e6a8e1f3ef8,51705,45326,6379,85.11579620049072,20.0014433411314,221.53536375608394,136.71599978093522,0.0976437877251221,136.6224641262757,4590
material,420,64726,51816,6450,6460,f5f8cdc04fb1baadd881b050686d00f44c1ac38bdcd5330024d15e6419709ee8,de1d9ef37d56d3c20e7d72e3cf5b79f2fba77304787a85237908d0a50530d28c,51816,45388,6428,85.46123081117878,20.001077611717125,221.7293676438388,136.35282514867097,0.0980400660342562,136.25900759331873,4681
material,421,64684,51781,6438,6465,314ac0866b1d2539ca69d00a80cc6c87893ee0bf83c97a041fed3987020ab896,c5140626e972f455209bcca1ef9e6924798c26b81f7a52027fb5305f2449b268,51781,45332,6449,85.67343026409834,20.000726110430783,221.8683777623542,136.13838272373025,0.09828349861975959,136.04429983998384,4665
material,422,64746,51748,6470,6528,08fed00ac0b1779f54b4cb04446708b187f57554186dd4854bf77f8163458da1,be605414ff89a53ddcdb68b3749f059a8efd19892aaeec0081a16109c8628773,51748,45321,6427,85.65017273054305,20.000596705050768,222.11804848497715,136.1642815927613,0.09825681786517751,136.07026594589553,4702
material,423,64531,51616,6488,6427,9a14581df64b483ed9accc0cbb093a7513680a341816f8a276bf000787fab173,eaf6f9ac3e6e2016c3b1e5bf4fa25d8708bd01f7d692f247a5d516c614fe7515,51616,45225,6391,85.27179500663748,20.00066859913695,221.81390357498412,136.5040046319652,0.09782274762437376,136.410411715307,4636
material,424,65002,52013,6546,6443,f5fc96ed7ed080c6cf490fc3ec046f692fdf102442aa67fdb7bc4b1aa61873d2,26100dda59a2d3e852ccc3d7e86b77b7509375aa79af6ce53790f79ec053f04e,52013,45471,6542,85.9243715722065,20.000609325097003,222.84829394119373,135.82244646453051,0.09857137538193733,135.72826453180423,4837
material,425,64798,51721,6504,6573,9667d938af44a5844e064b20446343d400d00fbc7e10001720723b7c553da852,e22309460ed0319741324608215493a83e65530cc5fb17f9abe54838fd0c16e0,51721,45322,6399,85.41222930743784,20.000741863922762,221.55259057295223,136.41677156880812,0.09798385211577014,136.32297148662263,4647
material,426,64637,51608,6419,6610,db38a35f08d08ccb908e4c16981744806e61586a344a68f386de119ce9314963,7912d62d6dd8662aab44308b6711bc9359966bf6e88ad3006ba3c02d7eeb5d24,51608,45217,6391,85.41128989170002,20.000685393405675,221.57422698408848,136.43879590737873,0.09798277442966503,136.34504926413396,4596
material,427,65100,52138,6413,6549,272d60e8f248a1328fb8df13350d772ec0f0310c45fc069c2c9ecf9f67264b48,61e712a05220d1c32560979996b8bd2dd62c6e2620a46be1e496cdc81ae097a3,52138,45595,6543,85.86913414580359,20.001476629188115,221.8138408639704,135.88350564567168,0.09850800769016997,135.78930899064682,4775
material,428,64932,51886,6504,6542,79b43cd4e937f71d9052f2cf7963cc2098d521bc03d4114426314375ecd1fd66,97ec70ed2a2cdb178de477f9e3c11bc9a33def59b2eaff27b825c43dad066d43,51886,45440,6446,85.24663264853787,20.001721026415233,221.8158665112004,136.53072341833783,0.09779388167865488,136.437204215523,4692
material,429,63873,50968,6567,6338,fc1b5222cace379abde1dd4591aba4778880407d7326a6896a7e07ad2bb8ee14,002142c8fd6d247d9ca26074057dacfb60e628f28f5dade99e21698fec72e950,50968,44765,6203,84.98803008992093,20.0019124988457,221.56213611920143,136.91913579535947,0.09749721602473459,136.82579217620918,4497
material,430,64909,51876,6536,6497,ca1a2cad0de13d6635341a0483d12b73045487ab2b402fe93ed0a51e9cbc166b,d012e583cb8817bb86965c61942cecda7f3a1c2004a3b53764fc3d1f71c0f24f,51876,45426,6450,85.66320640173541,20.000225128983956,221.4797817040738,136.16890695850904,0.09827176993142134,136.07480167413664,4696
material,431,65054,52034,6589,6431,7755e6b38ee9670596de67fcce653f2fe494e4a021714fd3f8d169663dfa8595,812e6a2b674778c1b749ad16387b4e6ea5833ea0d38f15aa777381427c7d4420,52034,45549,6485,85.54915302314991,20.000923066221212,221.65015429073839,136.31174031538959,0.0981409293074119,136.21785663586252,4725
material,432,64653,51601,6577,6475,f68b6537cf15a1ac0f6a6bc0d4095711fd717461a6b4b64d425dab6ec14902c9,6cee54849778862bf8604d4839cfe2ca6ff5c0177066aec92bb6f30c691ecced,51601,45329,6272,85.21817347067261,20.002126773320043,221.50129538368756,136.51677932349682,0.09776123366211327,136.4231308157196,4507
material,433,64604,51578,6575,6451,430da49b7fdfbaf7ec5cc16e7b5b4f8bf3487607e98466bec2a06c9b926a6704,9dbe6d5239fee154d65692501dd93f369ba5f1ee171538b7b1c2eef5f706032e,51578,45089,6489,85.71003611708396,20.002745551186546,221.48422820957546,136.08149182539438,0.09832549240114896,135.98747979917343,4738
material,434,65016,51972,6552,6492,60f187a68be0c8334927fc9defea951d84d85bcf285271173c4163dc032e2d94,a34dda358da76279a6abd228e520eceee65c952552d93867cb923f19238d924a,51972,45485,6487,85.4038289848815,20.00114518750521,221.73729183278485,136.42611523329373,0.09797421536972382,136.33239973624399,4710
material,435,64788,51718,6571,6499,e4050daeeea1b2f2f3d568b1aef2d0bb71ae3e021e5e22cfbf0db824373775c8,061ceaffc7fb037255a25ccfca6fe7f6b43a33c7e167fd835872bc643d87601f,51718,45332,6386,85.34418330436623,20.000873919755847,221.57331914583904,136.44976209367118,0.09790579058340995,136.356109923178,4707
material,436,65439,52181,6758,6500,c586b5e7e80541101f5851c66fe93009be33f2611d22cd7df1d1c9c68e966b18,4d0fb3625e883e01b8ec89a1ac6d2d5e8012c8d7abf70f96cb7aed270b4195c7,52181,45777,6404,85.05172879665963,20.00129434800252,222.09816661694904,136.67960878092975,0.09757029039255828,136.5862482905502,4674
material,437,65077,52056,6534,6487,d7f63254e60657feae668577841b4b9a60f6d9fe0695a8e1a2e8cacfebaaaf57,d08a8822247e4d1a0407be4642ed1772b82670a92d7370269b878f58e3000167,52056,45490,6566,85.83443627244765,20.00139423568551,221.82567514131483,135.9539316872337,0.09846820271939229,135.8598467142554,4868
material,438,64334,51333,6467,6534,25ffd8749be0557d9d89ba535239d5662f880bb9053803becdfdd10ec1802ad7,d3aa052708482880b179adee0d2ab5f31f84102f6eb7597e5e79c8b934101b64,51333,44967,6366,85.20259609423358,20.000531342577094,221.64433104675146,136.49617500923236,0.09774336348869983,136.40269435238196,4696
material,439,64963,51873,6544,6546,18815c53dae66f0d1e9ae4bed7834e01af2afff5dd7fa9aaea860ccbbfbd1926,9bab1cef7d0ad231f746e09c3657d11177f9e7f2ed6d3431ddf32785c6bc71d7,51873,45370,6503,85.93525887319406,20.001201399413663,221.60443967389455,135.81475835125354,0.09858386515885283,135.72045193608022,4786
material,440,64689,51755,6520,6414,51b99309940175984e210dd8f961020b027c963f4cc9ac9826e67b3667f743ab,0c7797e67e8067307fc82c88e2bfadf7a62cb1e48af1e7f1afa0ac0d9f7a7838,51755,45216,6539,85.82296875341082,20.000530777284283,221.6726150515328,135.9191024446229,0.09845504732351337,135.82494675741162,4765
material,441,64454,51485,6506,6463,7cdeb226ae251ffb5f9ee4a8cb06b2271a090a9d4ce25e4f60648d1114c29ed1,1e8368fd8db105a4f9e16b06faaf0872bd8ba20639eb93c54ee3c0e4b18c0e1d,51485,44977,6508,85.65031743629133,20.00044059095611,222.997925578014,136.20258447806518,0.0982569838698206,136.10859147415573,4725
material,442,64814,51755,6571,6488,1b8a888408e4d62f39bc9e673ada7b2172c00a0f678b004bcf052efaf2e7397c,fba792e80c7c106ace16e19ad2d842ac2ee147c0ac3cc28ef8721d7c493336cd,51755,45300,6455,85.30056797425475,20.001492026583733,222.453226052251,136.3304055300548,0.0978557556166344,136.2368496889856,4728
material,443,65033,51929,6508,6596,6cb6101ad82258c89884f0ac84a38d6b04cb3ada3a6e420067525458b6d1ecdb,e32a5839afe1ad1005d45448d28037a78646b9b0ab5c9c250f1a744cac8802d8,51929,45449,6480,85.57265218291167,20.000551988645846,221.58287334005328,136.20215954259749,0.09816788725258684,136.1082507830856,4729
material,444,64722,51846,6466,6410,733b7dd720413e4d4983c0a6736d7bccb085f54a7136e8ffae3a3db9f77198cb,8bc8f449e14d9c421bc92a9d10eeb313fbae283be8a13e0bd9caa509d1ce8beb,51846,45410,6436,85.37612455221687,20.001788689579875,221.54859700798931,136.37746539734715,0.09794243318753312,136.28368974565836,4641
material,445,64949,51922,6562,6465,908fb2588c4e71f07548f2bd584564985d3f6e30e3fffd6375923e269d21ccc1,1eed96504de141d986f2e74a3bec4325c79ea90e0f56a4283fc7798184991f03,51922,45469,6453,85.42046130552947,20.002041843656244,221.5988400393224,136.35285129452578,0.09799329576207429,136.25913904604687,4728
material,446,64511,51456,6500,6555,ae993caa0a73b955c9e3b834634f8a50c03d32ba4abb32375696e1c9593dbfa7,51853d7eb130a535c7b2bd8493c8e2580713fb31ed69bc9a7648b2d5b74da162,51456,44991,6465,85.61273885560237,20.00129932459253,221.50187954494385,136.2079116653504,0.09821387418725169,136.11397622449914,4711
material,447,64679,51783,6477,6419,ee1873fb5ad2b4e20bc4a644e8ae5d3cd07fdcff17a3cd79635ae3fe3a5ca7d2,87dcf726f120ef9536de2896099a02d910f9a2f2bce58bb348e4c942a04e68ce,51783,45241,6542,85.84464490992994,20.003225116208142,221.68995468279272,135.90234545675258,0.0984799139419359,135.80826337865997,4818
material,448,65059,52035,6469,6555,f90bb5ff02ffd4fc7f4aa4cd0dcc2f66cf8219e447b9586e60b6ddaa81a61485,2420b122ce7fca39a3aa8128d084b63305e11d76d09401741a833c5a96ec2236,52035,45642,6393,85.4819954184174,20.00019434637914,221.69218341956622,136.29009372497012,0.09806388693462854,136.19615950832406,4621
material,449,64865,51831,6581,6453,036aa1a1f3b52fe097f446388d9c4362362eb6801b1e26780e6e26d3e2306075,fc2c3664a07a693f56d5d80e1798c6639f9a0aea74dd6e203a02cdb879aa7f84,51831,45399,6432,85.6913377806471,20.001342810187168,221.71768318311138,136.05690377577068,0.09830404190106139,135.96285661084124,4648
material,450,64847,51802,6542,6503,ff0f36b76fa5ea26cde8b2596e66061fe2f6b6a28ff30017d7cf601402e89e3b,d2501f32cbe2c1000f78fb18588cda1dab1f86b005a051ee6e2ab49e849fac6b,51802,45358,6444,85.65877182720789,20.000786336387172,221.73663585246038,136.1199711420424,0.09826668264242043,136.0259313801936,4714
material,451,65125,52225,6536,6364,0944bb69a49bebbc92e6f1af5fbdd3925c2ccf5e121ca947367069195c882fbc,792ae7eb98eb74daa07473c1536892342ddd5f9724454de0b3f28b3ec3a3c17d,52225,45725,6500,85.65271890322147,20.001451945282497,221.56607942929105,136.15682752018515,0.09825973880295431,136.06281168453197,4710
material,452,64727,51809,6464,6454,ced424f527aa88c003005a45574d651c75f62e43d24dd1ea3cea63c681e2b99d,856327caa8c3a1162bba6ee40f05cf33cf76c04e836b6535168826573c903cd1,51809,45283,6526,86.11653891610989,20.000478202474312,222.62582335227577,135.65080790412438,0.09879182737996133,135.5563229716609,4808
material,453,64749,51781,6522,6446,9f7094e151ca35b84824d8629fecfa886e7ff7f4539d5836a938c5257c315e9c,30a0f81c525751db1eda681c63dd3926b49f44113f7e587a07811972691065d2,51781,45320,6461,85.67125447190233,20.000577864667488,221.51183082026498,136.1701536652585,0.09828100257788719,136.07622923074814,4769
material,454,64415,51602,6394,6419,ac7e13e44e9424b29b73883853c2868b277729fec9c6190b8b25dfb9dcf13cc2,d0fcab61c2d1a4b173f4451635461b757e6f431e9a107d1feab364919540bcd0,51602,45220,6382,85.4293771542797,20.00200717834656,221.59679730854813,136.38487521198064,0.09800352391338837,136.29111358667436,4693
material,455,64953,52013,6389,6551,39a2ba19bc7295377ac30540d04e95c748969e5ada996f49ad5ad6ae66ecc4fc,a0042decb60bb4da8a59e4feab00c06ed13d8b9c011b4e1e2e4f673e4a62f017,52013,45430,6583,85.92668551284062,20.000444843288207,221.89414512543465,135.85646438820348,0.0985740299059878,135.7622155435162,4817
material,456,64694,51735,6452,6507,ebf9d744bda14e71c667faa3a23ba95ce24ff96d314d103bfaaf80d1880d069a,4dce07dc2b8e8b2f819081d2f329076e547919b5ab1fd7399af43ece233d5a06,51735,45260,6475,85.77942648691739,20.00043134625954,223.06068100726222,136.0057391882706,0.09840509617441595,135.91155772117875,4708
material,457,64825,51910,6407,6508,613d58b3af27f405ba595387fc02052d8470f1cb3aa088d0db8fa7484cfa6a93,537a2129c66a9579229d0016b92c2ff2925114f4a996f001df76dd33ede261d0,51910,45449,6461,85.56902927413653,20.001421201743018,221.98373998555977,136.24788714543033,0.09816373109648914,136.1538665441786,4676
material,458,64989,51905,6516,6568,a9ff221693c9722ff37e1880d8428067139a656f577ed7e3d929c7b570b5c276,96c1fdbe6bfea694b684fa5042920b79c39113657b8e74b209bc91211d487ae3,51905,45400,6505,85.55367413229231,20.000805534207196,221.7091996005346,136.2811640098322,0.09814611586785177,136.1873140600782,4755
material,459,64578,51477,6490,6611,15693fff5b343a3c795bc7564314ac37dc5a2bff38c38bfb8cc5e290d7e712c5,82e8aa962b996341cd68caae2276f77b7f017b5349bfc3b56c0486ff18d938d0,51477,45165,6312,85.30554428758803,20.000960047446046,221.99329208930806,136.4661593828929,0.09786146438168696,136.37249397280573,4609
material,460,64598,51654,6445,6499,9c914398226511350650e37b484db7596ef4e3c4e4701bfa6bec96e89e144961,a94e041cd815f2fda81d82cd417bfeec2f83d14866b126aa9457df61fd653dd5,51654,45251,6403,85.44349063612589,20.001192705097786,221.61261464806185,136.3369182007031,0.09801971472504692,136.2430776127745,4624
material,461,65023,52116,6432,6475,597456decfd7f855fecf55304fd39ec1f8ad14f192a9ddec8a4b9ad610015971,7fc2fefc4d7354805dae4dfc007214c40011566152361d0b2e5633cbc56c3cac,52116,45750,6366,85.41217103298364,20.00024989521109,221.50589187095207,136.36021298246317,0.09798378526403768,136.26643360847487,4666
material,462,64600,51680,6422,6498,1b1ac799700ceda6d79867f1ea2ac6337d85427b25c7bb80342ef01555c9615c,be8bfe1bdd7a9d1f5a9be6c402167dca4bc246398e83153651a8badf174f0362,51680,45069,6611,85.92214122313726,20.000465731161448,221.5841660215308,135.75777453424254,0.09856881675309534,135.66359739285448,4845
material,463,64533,51423,6660,6450,770417d2b9a75b2feaf0637536ea4eb9d2694d8302bf5d72e5c45841f7733e97,c3b293153f19a0014bef5464d9c67b5ccc23ee926327d48243b81bfbbce80762,51423,44956,6467,85.44475726413414,20.00058219192855,221.60461624340695,136.28603772511966,0.09802116778501799,136.19227218803042,4684
material,464,65016,51932,6596,6488,40b248a1849c5d8edc36a35fefc9157545c674787a7cbab3301a3ee1cc6f36d9,1953d1630c35f04e4653dbe44d5da4dd350fa41cd5157c11c4b99bc24280d9ea,51932,45477,6455,85.49992001819172,20.00047866480811,226.84080628726363,136.1634052209533,0.09808444981359518,136.06959686365357,4714
material,465,64792,51783,6620,6389,d8aa0c7a501982b15b024268724917d356b55ab3b1eadc1b634ba5c4a2102d56,708b30cb5b7baed4a47d696d801b18a3b70ffd06390b3e8b38fe112fb6525696,51783,45344,6439,85.20620030318099,20.000715403504515,221.6980446577814,136.53351569060845,0.09774749819258662,136.44002889572567,4704
material,466,64765,51959,6459,6347,75d19ee55c79e47f065701c30b7c2075bd62ee00cb24e419e0b7b2b387001bca,3a96e4726b726947df59b40bfae3eb18bc9075fa57d62a5068adec2cfebb3c97,51959,45477,6482,85.38771484697877,20.001768961175436,221.5133416859467,136.37228006087128,0.09795572943020395,136.27866413838237,4765
material,467,64700,51816,6433,6451,51cec7bae097cf50f2a2b50daeb90fb7517b7684a8088b02c10761a17d7b4cfe,bc0aaf415130eb1bd43c77255714b63800550db73fbf4a5a1231a8360904a2e0,51816,45448,6368,85.22529089266119,20.00052985055145,228.1745338095347,136.52676176667669,0.09776939868050968,136.43321516689196,4676
material,468,64662,51571,6706,6385,1069315d04ebd78da331be0b55d5f15dfb692e9551dccefca0d30986ca9259ce,37aa4966e20fd7e14aa14812dc35cf1f1ff6b441b6ebf9351c09ed5f26d6cc9d,51571,45142,6429,85.3033838459511,20.001375380460676,221.56828986982353,136.4496043289641,0.09785898594978586,136.35602003782702,4727
material,469,64805,51836,6482,6487,125f5fcfba3b0f04b979ebfd70c65c06ebc37005d6d69052a87076c99793fa57,5aabd8815efef8c727bab07638a3d31672942f9e7d8c9cc6ed321b8abc6da2c7,51836,45255,6581,85.7298589100298,20.000768393481756,221.5808058398613,136.00811504779347,0.09834823286382365,135.91403445526112,4754
material,470,64423,51578,6463,6382,8412d1d450d3498c713996cf950117a12c10bd823c1ced3712a92f9565749927,c22fc085a92bbb7d4c97c21dd082611b9a1b2e9c0d620b24c9e791aa94de852c,51578,45112,6466,85.70363084645997,20.001498404845044,221.67092241464474,136.12835209551218,0.09831814435398205,136.0342319452079,4639
material,471,64632,51782,6424,6426,5515225d0d31a696120bed72dcbf6d2a7bb81ed294dbe0d45a525b17a549cc9f,3ac47d779ec53d0db53d99f115ee1ab069be6661a941f9d033be0a91f0f6021f,51782,45467,6315,84.93795415788094,20.00132748293993,221.57564697563774,136.77550556009828,0.09743976953540452,136.68230442051302,4624
material,472,64791,51729,6564,6498,013de55d51958fda9953f90dc7bfa3a566895c812c744595f884a9d59c1ebce0,bf78fd6080b8d1de7aa1ef8791274224da735a2f242381b4dabf18a4b01dd5ed,51729,45504,6225,84.94543908270839,20.000683446981718,221.6715460231163,136.80968248685568,0.09744835614850827,136.71635232481347,4581
material,473,64515,51673,6494,6348,61d68aab2bd85e2f59e316f23924717a9acd0146c074c5acb2d0404f0da05b17,d1847727411df3ebe458c17718f6756548e7a70d3f63031ba30b0cf42469a7e8,51673,45289,6384,85.1271885837943,20.001031820157607,221.59495241523686,136.67082010653425,0.09765685692621794,136.5773705328192,4629
material,474,64499,51612,6560,6327,170caa20af39777f18ccd7403ab771a0a8e6e704ae310982760a0351e52c2685,1674c1271d63547aded2665800f870e651d351cb1b81a0a55a7b880eaf79856c,51612,45129,6483,85.50503751669176,20.000645994695063,221.54298666280656,136.36849045671917,0.09809032054452328,136.27473444172168,4740
material,475,64571,51626,6561,6384,2affb5c6db7fcc19942720ec6b4bdd8c5689d67d58d99ae5abf9a2da1385b66c,b64cff68ae773304ec176a090ef4597c0fecd433108cbfd1ae77cc525dfb3d46,51626,45202,6424,85.39618302546336,20.00046294103342,221.87177938479863,136.4284803462735,0.09796544401973116,136.33480424815423,4689
material,476,64935,51977,6434,6524,efe49fba457a2784591ec00d1d0347352915ddb08f5f3745d0aed00b707ec4e6,5f0588a0173eb72aa4cdfacb2228d0d2d542b9b926a314748339548d1e42e833,51977,45525,6452,85.3372760658709,20.000704976394495,221.49030183189328,136.47718678254392,0.09789786668491506,136.38354135970016,4731
material,477,64736,51824,6466,6446,bdba987033d1fd9a131ca853734690be4d7334f60ea950e7a683c5cbb0ddfd0d,762b0df4a1dafffcd79561a455f92f1e1b1d10ab901fc1026361c547339fe5cb,51824,45473,6351,85.0270294888317,20.00223801952081,221.52605659015703,136.78810263769233,0.09754195565237882,136.69471738468147,4629
material,478,64971,51982,6559,6430,92d0eb9c1eebba582166ca54653cc01a22e1b485de93fb4117c1846578bd95af,0d631b395aaea731e3ad0b0ca276901ec4fbe26b77e6222504bef1cd86c1982d,51982,45531,6451,85.45925886986295,20.00185346939881,221.61183292249183,136.40667782928665,0.09803780384759002,136.31285980751483,4680
material,479,65003,52052,6501,6450,b275fe146bd5860cd983ba588fb3d1d087d39aacc3f5db02d8b8aeb989c95305,72412b5c08d2c20723f9f5c088d5b0513745e0dd6e3921e8af92d742bdfe37e4,52052,45597,6455,85.28767692687191,20.000932514833607,221.55115763020453,136.55570099354196,0.09784096716665924,136.46208392585623,4725
material,480,64713,51888,6452,6373,2ba969245d616afd39dc118e3a11e2af15d19a9d70aeec6a018e1275f81ce331,327e910e8d60749d44722e49e8a7a28ac2ba8e6b34bacdc0e0c8a5c0e95b47b8,51888,45356,6532,85.34773241193038,20.001962351441627,221.6593525683907,136.5352530325029,0.09790986207567197,136.44162037535216,4745
material,481,64599,51661,6503,6435,8d5d955485e52a48c35f1b1bec31229008a1a7d03d8d857896b41ebcf68e1d0b,a2719809e461a164b3b8e69c2abf42672ed5fcdba373daf0b2808cebbc5a34a1,51661,45156,6505,85.366228612747,20.001368679983784,221.58465712217165,136.50838666725053,0.09793108068827834,136.41477613766057,4760
material,482,64433,51598,6425,6410,7f0a7dc6ad0597b89831b5f14701c8417930e9e3292b8d73e4ba91805ee9d779,8694fcaf787413940a6dec2a56b152316fda892ed1edad66cfb3fde8ee1baf45,51598,45181,6417,85.53131891761215,20.001293326669607,221.70075771415256,136.33523315877443,0.09812047024231314,136.2413824599678,4681
material,483,64781,51736,6585,6460,57710201d6c95d4a74fe8f6507a026e64b71e8696835f7e84653e293815a9100,405cec8e4a222a41259628ce21f25edae1a668cc347f9aed11763767336cf536,51736,45337,6399,85.3319423080553,20.000550409253,221.5348780074125,136.53663423926142,0.09789174786397732,136.44288186984386,4624
material,484,64705,51863,6596,6246,d4caa4b31db8520dcaa5f65e15068f67300f4fa3e9a6ead837e558f6d7000fa3,c750b9cd6071f004adec4f6c7165b4bb233975aba7d44549a35e40248943cfc6,51863,45476,6387,84.78916509078684,20.001517251210032,221.67056337289338,137.0665152558327,0.09726908055954238,136.97343903030747,4643
material,485,65482,52393,6537,6552,a76959244eb55a40f1e5c2dccdff09df8beccd79216291da960fcecba1a51dd6,da2924c0b240b207bc51b9c59f460f1a306eda1cc82235aa243668e642732457,52393,45815,6578,85.7961901796462,20.001251308965138,221.59652025576483,136.09751491204068,0.09842432727519126,136.0033046070261,4756
material,486,64732,51792,6448,6492,f384840eac0a1d672bd64907fee0a7fc292cfefd3706d6960b30a7e0eef65f49,99b13eb20a96519563934f75a960f4fc65aa344419dd1256c98942dbf9c2eabf,51792,45372,6420,85.2840955804564,20.000996828293232,221.8581066312075,136.57916747737426,0.09783685869038605,136.48559773956978,4699
material,487,64264,51312,6466,6486,454100719965c59a0c164bd7c84264d56e10ea541a1ff214f2cf6bb496125f48,8a442ed1035878287e9bd5704ebe89ec04168ba4b7545d40f265f6d3d1117a1c,51312,44858,6454,85.86270765220712,20.001045555002882,221.75621049962717,135.93662168433187,0.09850063529627175,135.84250279539893,4757
material,488,64743,51628,6641,6474,dd2f8774b9f0974c4ed97b73cf0384d8ac817a6d9bd864ad5a8b20da43644f43,07474e27608bd78a96b8e64d21689bc852bcb31c1991b1e8e1d090de353b40e3,51628,45254,6374,84.96532807278508,20.000333320114027,221.52554441171213,136.90089347350403,0.09747117255171199,136.80770120010297,4741
material,489,64898,51937,6452,6509,ecc7be07ed05c15712d03d5a7e63c908edbf103470810cd76c7b1eb82211d30e,fcbe2399078a4dade7be58673efa074806cd9140e834e2b540f02e4844eb5507,51937,45428,6509,85.58827934916995,20.000953274166804,221.75607715339615,136.27389661203716,0.09818581454426457,136.17997465995137,4751
material,490,64373,51538,6492,6343,d4edf0c67782b754547332c6363f1ab62398f596a3b82294a739f084ebbaf451,6a25e964aa882e68a0dcb4300a610792cc6043f01b924a1dd63524339c34f177,51538,45136,6402,85.47699180659733,20.001440225533884,222.2071440202747,136.39800495352668,0.0980581468530899,136.30417508664664,4633
material,491,65154,52127,6401,6626,c670f989734ce86787f40b9b0311638726071e456810bd9544f3be4985328eb0,fec47a1edbde3fb5a7ec28605966286c668157d4c47d73b1a60819f303b95d41,52127,45591,6536,85.44567268483377,20.00164285420489,222.76454419009028,136.42748368083875,0.0980222179443123,136.33372104298763,4813
material,492,65025,52035,6502,6488,10b68b56a2332f3796a7e702b6f44e8eedfa7448ffe45696f48e9ed69a5db89c,5813070ac385e6294babce1946e4adb80fff1ed61df4292e8f56d2bc92079a27,52035,45722,6313,85.06965916400289,20.002075188535148,222.057636798906,136.7708323437416,0.09759085988800861,136.6773450182689,4590
material,493,64206,51194,6422,6590,12ba67356a630408624357598638fde66cc532d493e5cd34235be809a0cd0aeb,372ca14a9b382eb0d0a78eb469d66540e472fd126b53fa84d26c84816ed3517d,51194,44918,6276,84.89252041120005,20.00047167956358,221.6632586396311,136.99747879413843,0.09738764850365135,136.90429758971268,4571
material,494,65012,52199,6419,6394,ff634b7491c9ea54250e4d11de9058e401a3e6b72875d487e082126b5150e84f,484b19666c99af36fb619d0cfc49d8370ba4c8bc169580d82fd359ae88696497,52199,45689,6510,85.74637802184128,20.001875247863023,221.61623184394924,136.0838666437601,0.09836718338439833,135.98965583611232,4672
material,495,64626,51731,6478,6417,004cf428c8ed801cad5cb71a55619d3320f8eb9724e3080d295cfb76e9fa836b,37c82ada7a437d6bcebe2c6c5427906f4440545312eb5474bd48d48ba5c2025a,51731,45294,6437,85.48993002512024,20.000514032261883,221.90516671613733,136.36678614744156,0.09807298941721297,136.27292869788553,4650
material,496,64515,51731,6346,6438,7377d109dcabe5b8ff555cd08d6ac43a543f3af3f74d02414e24794f8bef6a6f,67643e748041c67c329a4b8374145f9f22d1b536151fadf77e578a91972f4abf,51731,45283,6448,85.11358275131741,20.001529556939186,223.2486385850951,136.7189511080717,0.09764124848363147,136.62551477497058,4673
material,497,64786,52003,6277,6506,d3d1baf1fc18d3379d78bcf8ebc9e21087d95ea16bcb52f0f980510be8edc12c,cb852bb1502435d338d59d2b32672a964a34cc910264268d6561a545779be223,52003,45492,6511,85.6647078247362,20.000874352613053,221.60484333514614,136.26043147896343,0.09827349234530126,136.16638006586118,4716
material,498,64630,51889,6382,6359,6766dc4133eb68d9c6bce3726426e68b335916f0e555d19318c955ac90a90c7e,95ff98ec94519c8ded19ef445a6868449eb830a7fc4b11bfd846ced46d0fe7d6,51889,45476,6413,85.48378103508543,20.000368347025187,221.6328693331623,136.3834921805315,0.09806593537196538,136.28969326511722,4662
material,499,64624,51786,6429,6409,2426167e09bd02f8d4589303c155416129a5091186c20a1d8972522fbfbd8c48,e730ccd3d1b940e4a5b3a9228137a921f81a87d6bf3194933622950af774f632,51786,45241,6545,85.74640896855328,20.002172285158622,221.4766005950667,136.09374156933154,0.09836721888608324,135.9997206216762,4783
material,500,64419,51484,6494,6441,dc24f295240c7f30d04bc4265888ea52e213cb6bd62a33ce6e9394e929d27167,5f7b5c0dcb2a3e16e94f2fad3b04bfc1fcec8d53f9afc73bd933c1c498040c25,51484,45120,6364,85.38548622382578,20.001678667949143,221.64342542572524,136.44886552462015,0.0979531727813117,136.3551292426452,4601
material,501,64571,51746,6451,6374,ce04ea45cf67956b1db51fe30b397bbe7260e67d943887487e59ad4cd02182fc,f5a97cc84c49a18bb8dfd8e3ac578e9a40f8388f99c4ecc231d8aece7d5e1daa,51746,45176,6570,85.7621700088686,20.00124578556415,221.52065373051258,136.13480136239073,0.0983852997564219,136.04077765781864,4813
material,502,64557,51580,6462,6515,09f9cefd58ffdec4437ec727ff71ab636f7b5ade0075400269b5753607e1825f,06458817f3ebe655a58492c0c1f05841050b5b5dd9e2ee8af6e335394998d6b3,51580,45154,6426,85.27545216919178,20.00176658252076,221.69445777005583,136.63635121537513,0.09782694307598286,136.54272327646504,4668
material,503,64659,51612,6500,6547,358f5db2f59d53777fbe6a290e9c35ef4d0afb240f83f512c6add9d9fea7601c,12d790c2c895f3674649e92412f80c09aedec643a1a65a67c08974f595e4cd7b,51612,45150,6462,85.85773507372163,20.001071245640482,230.83468347936366,136.06122996723713,0.09849493081579036,135.9670080584426,4755
material,504,65077,52021,6508,6548,05666445b8119c7da81818a4ce2a07123fd016c047c5dc2c769ac37ebe9d13ed,8fb71375969a35e09babc891103e120c2b604b9997b53fd90271a4ca5b997c1f,52021,45547,6474,85.37454382408986,20.000074862185656,221.8825765147066,136.58555227876624,0.09794061979579417,136.49188163630336,4739
material,505,64966,51800,6597,6569,c0dbfa533cfc3824997a613aa75be8caf4004d178614de2b7fd3df379ed5900e,efe5fb9996a889ce04896db68705b95781c75387e7eb44936476352850348d61,51800,45418,6382,85.24870364256772,20.001158292414758,221.62316394131662,136.6486886452803,0.09779625749736842,136.55512807657018,4677
material,506,64918,51858,6550,6510,73d7572f5f51ba7f0a8952dc893033c21a71bd310596a872db6304bde8866007,9a37f6dbcbef426825a72cfb9498d6526717d493b5b1de607f2c4b18d959a05c,51858,45471,6387,85.10405876378844,20.001495975148494,221.75623025132805,136.81419190435935,0.09763032268303878,136.72072203205653,4633
material,507,64296,51483,6372,6441,1f4c34df2377c41c292d51e1a40d7efdd7d0f275e931393d71593402f0849542,a23dd0a704429d4a64913b7f3b30615afd259fec0466918eed8cc6a418273900,51483,45195,6288,85.2194436665646,20.00029936838997,221.70137185197274,136.6676522851777,0.0977626908151164,136.5740072827775,4554
material,508,64967,51865,6571,6531,2027bf2a711020cb857abd0213c5b593263d4c4b3875fc785873fd124ebf259a,a30122f312d557841f78b2629a8b2a3b0b9d03a958a63fc12e3e7817d19e1b51,51865,45362,6503,85.78852452461736,20.001404539941593,221.46752538181576,136.08303419442538,0.09841553333063777,135.98888843740306,4750
material,509,64851,51798,6559,6494,663c125537dfe31de68f4c8c9ab6a6f55ff220e0d97157ae5497b39777163f8e,89443076764e038d9b00f113c89e5b6a7bf9ff9da62bbbdfae7cc407fdb59327,51798,45308,6490,85.51095712123555,20.00194957704778,221.50915657800007,136.38433250841,0.09809711144157521,136.2905588976152,4763
material,510,64687,51704,6590,6393,aa3a1ee7782b8eee6ce37930e9f95ee110e0907b6c9ff07c98610acb1b2b3587,94030d73d816274f089748d7a2e53c788790aa42d68e76411803124ddd928c18,51704,45365,6339,85.0494425929934,20.000307536215296,221.70784673759167,136.85441991003236,0.09756766768801402,136.76103598802584,4583
material,511,64610,51712,6347,6551,db58fe8e77c55abb669857b1e68a876975b2bdad0532ab992a8a1b8118c8b6e4,cf563c0c67259ada08432cf214a6688e31e431d488a5fcc2dfb1a2e75b148f01,51712,45280,6432,85.50191694027791,20.000973891654425,222.10266329883854,136.4161552843764,0.09808674065789194,136.32228479389588,4676
material,512,64932,51845,6434,6653,4b6a2589764c1b0659b18ece89b4c3c46c112f60345f7db54586ee269f353485,da1612c908d8260c64f975fb4898342a384cec45161f972a75edbebe3e35bf08,51845,45559,6286,84.88765996728668,20.001904286479288,221.60517585621503,136.99363048564922,0.09738207266256295,136.90040370474807,4592
material,513,64683,51742,6551,6390,0ba7c3bc9acedc205d434bd43031a8e10c950cf47c4972d4a835fa1ecf140931,f7b2398f6cee07cbefe20b14aaf466720f15ae1e4c7d8ff40d4af0009708aa7f,51742,45374,6368,84.57938313162543,20.001481837603045,221.57460751874805,137.25251021831082,0.0970284212929514,137.1596854478286,4614
material,514,64825,51768,6536,6521,03bd825dfb53e1e137c021860837678d1dbb1e2f96b90f7bae19e08666915cfa,7c143e054a5bcbf55dbaee2b88eedf6724ec57a6efa3bf705821e7f2231365c2,51768,45307,6461,85.47103143076733,20.00040486635752,222.04326502227516,136.4050995742675,0.09805130918372312,136.31138650100897,4757
material,515,64514,51659,6371,6484,a528c6d21c4a0acd10272442bb3287b779fd190d1bbaa85e03126cb725ba1651,bac4083661d69e3eaf29d106cf9bbe1d660059d825156b1fd5105b658046eccf,51659,45222,6437,85.34778678180471,20.001549548022254,221.50139738377078,136.43231895767585,0.09790992444811875,136.33865432688506,4630
material,516,64679,51827,6377,6475,e19c57caccdfd78a8f55929321557e571142341dead6d3b3f2af19671c547868,16607f3ff2ae308d4ca315545890beeeaf23e2efebc17d0cf429601bd2da0911,51827,45411,6416,85.01788506036823,20.00044247975412,221.54856280409177,136.85067199195458,0.09753146527724736,136.75740851662903,4698
material,517,64460,51500,6461,6499,b92d2096f58d005f7fbef5456d40834b68a7b8ca36f2947a5236a0104f782ce4,e038b53e322f296ee219f3a92a24ecc71b61ac13b2ef036606a577d5303b9a4b,51500,45003,6497,85.78957979078635,20.000984410469336,222.08085579679874,136.14857380594415,0.09841674391892336,136.0544904179874,4739
material,518,64614,51726,6462,6426,b43e216bfb543c8ce4949d9766909282acbfc8663693ec33ab90fc254af95470,33f81a89be3b952072a1ab25c7fcdcc50e330769322944c57fc23c93a62d32d2,51726,45309,6417,85.07552413856767,20.001083617999974,221.68574897424077,136.7336649167811,0.09759758811422489,136.64029167322101,4685
material,519,65049,52209,6381,6459,c9f9fb91823d04cc855e6df70c7aa31df60fc5bd53ddc5e182be9cd1593e3b96,92101fd256a2d3c71e23e54e375ea8e304144f13ab2b19ce099cfe257ac2e402,52209,45634,6575,85.6284874987203,20.00110416190732,221.48979797355304,136.1595746954565,0.09823194083567899,136.0656427601805,4800
material,520,64317,51479,6463,6375,19d8ef16a5bcb9fd29f4f05cfa3ea77d28f8ce660677959a22ae6146cfc74152,36d7c4bc59b5259c95017f36e7a7e30cae3fc23561375096e3263414e76c583e,51479,45116,6363,85.58725355691067,20.000142832913426,222.01464978331927,136.32391456165578,0.09818463776808337,136.22991777548108,4598
material,521,64980,51974,6499,6507,0989aa42426c925819d133bacae44d1d8046aee8fc4f0e96e5bda0975853a193,8d6f3ffdcef5b728ae4c4b71d398fc209ba48d7f7602c16ff88194420c286ca9,51974,45547,6427,85.15816265136462,20.0013087756989,221.57896881500918,136.64468615646274,0.09769238999309658,136.55120942966258,4665
material,522,64513,51641,6506,6366,2ca8ac405acd3eccff2db3c36ef87d8e3a4ad02cc7eaa1f50d7bcc23a8a99f2a,f5de7142410b82aad76dbc857d6d67f429f1dd0fcb710ab5009d1eaabaff0728,51641,45276,6365,85.27144252477325,20.001695216650454,221.64734656320502,136.55814087274874,0.09782234326154261,136.464519694256,4675
material,523,65163,51990,6478,6695,4cf7c25f07a5b7ed7aa936407c5ead9eb21ac4c79720bcf89efab15ad64a4c93,aef5d9e12a1de141f499e5a78735d83eddf6219da2ef907dc0256234e26277ce,51990,45676,6314,85.00062258074128,20.001038234889574,228.4374825431089,136.7957962816049,0.09751166197431714,136.70246085269267,4653
material,524,65017,51861,6566,6590,3a180feee9caabe4ecc4caabbc36185cb0bdade4c583c25ba696d306b10440b6,5653a07201b859dc3fc952ca36469b6e484aa9ad3d5abd02f16d8846df6ebe11,51861,45504,6357,84.94913282923238,20.000139266880474,223.5227069655794,136.8982000573767,0.09745259356879453,136.80493924172356,4621
material,525,64980,51921,6523,6536,d03ef6c1e694c9edc6fcd0b00aed2f4d72b93f0b7a0f4c038df1c50a16989bb3,2acc1a5a601fb0baf8a08a9b6e22cdb37f674618fc99755f01facfc5b278cbbb,51921,45568,6353,85.356580212881,20.00075659429286,221.6575872708189,136.46231091349296,0.09792001216339276,136.36859498058863,4660
material,526,64502,51692,6400,6410,639922b3a8b69d17fd2493db815cc1429f2b282f6e9d6efb37154e230b8b018a,036c8f60f8c6c54be7549e58c4c33e9a3b0a244803971c21401d5764390727ce,51692,45257,6435,85.21569238950889,20.00115840921346,222.03652714281202,136.66895859465805,0.09775838739651638,136.57549382324163,4711
material,527,64590,51657,6476,6457,754834eb2db1bf5e6b3c958c94b1d1c28d530efc1f0e5f6dd4a544fd5f3cffdd,69cdaee801b645cd9dc753a9443d2e7afd9b92886d1e5d2a12ee5cc601824662,51657,45269,6388,85.06581247717881,20.00114617197798,221.74918239919708,136.86712635822417,0.09758644701650339,136.77380199919136,4722
material,528,64104,51275,6414,6415,caee69c1c0f97a3d2206ad5fba53993ec8a5227b794fccd988bf075eae7aa8b9,278c64f425f94931c05693a286c8f3ad5d2625362f1ba0c9e872cdbbcb5133bd,51275,44913,6362,85.27015855911895,20.001441170066023,222.3015686060022,136.57423236268517,0.09782087031203866,136.48068543828384,4679
material,529,64624,51713,6503,6408,ff2abccf28b39e0eeaa8da622eedc58142662753094b1e0fadc15214eb1e71c9,13fe719e060b966ade531b505fc8f7a31d75ae428c220ae0418e0733bbbfa701,51713,45290,6423,85.25483971755598,20.001388333413573,221.49258285221134,136.64640375941798,0.09780329672663453,136.55286346567846,4722
material,530,64473,51554,6560,6359,ed30fd115fae3948e55233e65951ac1fe9357b9a0a4b3b26fb9b90cc68cf8ecb,6c39d817e3a2d323ac84694761564d04983fb9bef208528f981532ce27c51f9e,51554,45133,6421,85.40375933443669,20.001565940778075,221.69637200094155,136.41263587800594,0.09797413546759577,136.31885827937222,4673
material,531,64411,51508,6509,6394,1d53215b6847fe554fc798640a5ff1b08a542813740277893038340d7faa75df,2f89426a952147623f1a4d9a90772d833aea68ffe3e9acfc0d17239ce0f938cc,51508,45099,6409,85.60476178618616,20.000527753954408,222.32454826720516,136.15965200963123,0.09820472299196814,136.06564310882587,4632
material,532,64855,51840,6579,6436,c406ae83f2091328b374c2f9e53b0a70a1670a6069d47b204b20690e0e558f74,614889595cd272e03fe363b6e1669186caf546f3a016b5d9f3ab0a3f64b896d7,51840,45372,6468,85.40373648255805,20.00116940145116,221.6452015114008,136.46146713267396,0.0979741092522035,136.367789344852,4738
material,533,64588,51662,6408,6518,3dd98394a19a0d6a81852e36a674b9fe61d84a4b192f9da973bbe38bbbe1ba38,fe670a3631bda580b46f8d9ee4d23ce847cdbd2a661465f0f4c0ceebc48d23d6,51662,45244,6418,85.38739424224951,20.001725399177726,221.52900454476813,136.44446357390962,0.0979553616364274,136.35078582865816,4666
material,534,64804,51817,6459,6528,ac1f1d90d9417bea9fc42c6c376acec4a2c2974b983890cad371631587c8126a,ef04510e7914eefaa9d869b9225b1e9a7cb62d66891d44d337b3d9e910714ad7,51817,45256,6561,85.73970466354443,20.00023368078711,236.46293412612619,136.02021573745233,0.09835952779037183,135.92612389477983,4721
material,535,64590,51627,6436,6527,036fa27ea0660844969b354fc1b82f7157fa1e5827cf8ae0c71d86b1cd4123ae,0873f060ff022a7f88eb9fb03395dbba899549e156bf3a05a5d0116e0bddbcf8,51627,45243,6384,85.09571544853002,20.002490446217625,221.54491300459648,136.70830793636188,0.09762075133505893,136.61487161238077,4593
material,536,65190,52145,6535,6510,9af04992ab431e499dda7556c64c4c6f08e7dcb88fb9a68a9ed6875de8b97449,a761035a13fe22b4ff20ab4a11f0ef00ec4c273fea41a76ac74b58f893a1683f,52145,45746,6399,85.11869262846987,20.00136017020796,223.85427843789137,136.75830202729455,0.09764711047144393,136.66487511252137,4714
material,537,64431,51644,6458,6329,4ed41fd346159cff5a12aea37832be3b527ccf832bf51a27e782dcdae2ffb60d,a3de0f5f23c98132146da936501c4a7fc33da826823c254500f759767e5886f9,51644,45272,6372,84.91688085199428,20.001609265573983,222.56556500671363,137.01055061449776,0.09741559449976465,136.91737264736878,4610
material,538,64573,51632,6432,6509,1d8d768e32c7602407c65f0292651c0f85f19ff40c200e373fd6229654632cf2,dfc2153014b0de031f9c10e55426973ad7307dc997855b2a53672765af1ffcda,51632,45207,6425,85.37860228000753,20.00100071639291,221.6738223310562,136.46284824087124,0.09794527560618198,136.36916413682903,4718
material,539,64694,51624,6527,6543,c770570f3d708935e2412f125006e7a6fc1fba617ac47aba5fde9f1ccf3fc048,4438a94b46c573a49e4423b555d00c61b9db8e51f822b85c8e34f8967bbd0e83,51624,45213,6411,85.30738742718559,20.000813633774758,221.5167677473658,136.56081909527484,0.09786357880861642,136.46720853106734,4639
material,540,64962,52015,6507,6440,0c2ec0ac85ab712bcbd88e0d941931197b352b4502db268398b0078a5adcf7de,048c9c5c77770fcd03089b74813c69a656a65e91b9c0844ae7d84c01ca961d61,52015,45611,6404,84.90086800038577,20.00031461640626,221.61216317349184,136.99741235403192,0.09739722475462768,136.904225979412,4669
material,541,64601,51695,6484,6422,5506dc84d926a99368febc823606a16edbb6344210a43adce4ebce9e71b18e7a,4296168a985b66b8499b83b3f871db945cc0b5b782232e7806627a7a61ca4179,51695,45136,6559,85.71230613836585,20.002468041846875,221.90008581751545,136.1126059497437,0.09832809654146218,136.018575860463,4722
material,542,64658,51669,6468,6521,455c25eacb38b4188f100ced61b80c5d549213fa18a3f20ab9aa06588e6449d1,d463732123690dc724602c5fb309a1587b83317bf76c3456b2c719d2c8eb045b,51669,45194,6475,84.8727740289435,20.000209219113504,221.56375378871078,136.9596255796528,0.09736499569837352,136.8665227025187,4690
material,543,64940,51925,6555,6460,b7520b2278686d32a793dd5f4ace107b9d04895416e83439420330c53d98d7e5,537511bccf723ef36bc6475a583a924c5ce793ebaa0dda2b8bfe1ca6e9626c8d,51925,45405,6520,85.64564502333035,20.000267389951578,221.65461147669572,136.26415153269133,0.09825162373551308,136.17015871294828,4771
material,544,64347,51625,6320,6402,3c7f52a5a269e574aa5d26ceaad6f723999e261af4057a3b14ab28dff2f5cacb,62dbb9c36889a40e999d2061cf4d55f3575297374089945e8019e1564235b61e,51625,45340,6285,84.75418089915858,20.000429407743322,231.63098911139016,137.1918045659937,0.09722894712798712,137.09869694751936,4561
material,545,64765,51716,6547,6502,6aab8bd6c45b6bc801e2e6eba14e6af52ffabcf97d53a309bcad8aec6043d13e,5dff4c81d4b5c169ff41a000fd25d654e2b97d7ffe28aa67bfaddee7cbb3f0f6,51716,45460,6256,84.66847046499178,20.001628403276214,221.5606760036726,137.23843637075322,0.09713062117894825,137.1454444012718,4565
material,546,65047,52108,6469,6470,2314779930097d4817844cf5be4990c228261039ff6c0fba52e9322543e96a58,6059c4cdd6fe584428b8c7334447aa7cfec0ba965e34a1c52a34b1449c06ef22,52108,45537,6571,85.63426666938881,20.000710751430603,222.8739670661488,136.2672497383553,0.09823857062872765,136.17333930952333,4811
material,547,64838,51928,6400,6510,094d8086ffbfd434b268ec6b07ee3acf63a79cd9c82445d0018b17f23b75298a,0be42952955c8e6602e4d98bf78bdea93dcc5b0a5a91b0a0ec4334f9b75db30e,51928,45451,6477,85.401441845413,20.00128311089339,221.94102012206793,136.48003953356226,0.0979714768728767,136.38636681042814,4750
material,548,64212,51505,6383,6324,cea73e1dc8dfeb5241edeff36373123b91136a3649b14931d8c3e85ff9b4a6f8,616f945a49390b9ce0704c90bd6d1bf3d6bea5c4bad6cd9591657b9382a1404c,51505,45025,6480,85.39421299431409,20.00101709657931,221.52915283253654,136.54911737361616,0.09796318402438435,136.45555652566406,4782
material,549,64559,51638,6445,6476,e940e3bd600b72b6817523ab75bbaec4df32fda0f8dc5a9bb5d8286802a4eae4,0aef2482cd1e7ea1e53b0d7c99d8c339a1246dfcbe49d622659a2edbd8e7fccd,51638,45173,6465,85.60841623683727,20.000349796377527,221.57145683877545,136.29848394671143,0.09820891533251548,136.20453416470733,4710
material,550,65010,52094,6513,6403,e05c8ff1fa2113590a032b3b87660d3f5a7a1c6f9be56858eaa6547e50be8160,9a040c1917db78fd02720561b6a8444cd6e9ac30372d6b5d96a3de4ab48f13a6,52094,45595,6499,85.58674928758131,20.001096393162477,222.24359959014313,136.3256904712755,0.09818405927655126,136.2317650209438,4715
material,551,64472,51676,6440,6356,efbffcd5dafaae51e63682b4de44ef484ec6032a6b44f831036d2d3ae2ffc7e9,8c27ac577e0c7c799970d64540eda04ba71384a685ccd096bc7ff61bc56f69bf,51676,45304,6372,85.11869945844448,20.001508627313754,221.72461572820856,136.8271831153946,0.09764711830670628,136.73379509375422,4641
material,552,64806,51753,6532,6521,e91c808ee1b3b8cf1da7f401eec3bc72cf2b32599cc47faad24152da53ab12bf,27157c348e36675396111c7be5f6c6644951994dbae951c3145b88c47388ae4a,51753,45318,6435,85.23278842830081,20.00115771971389,221.82926735803463,136.67739784146107,0.09777799976058103,136.58383172010357,4666
material,553,64768,51993,6473,6302,d88dda7ec8285244180a77d0eb0849ed118853d6cfa0091143f289955918daa7,128ad73563385c227f5149de49bacae1f77715305a468570279334b91bcea51e,51993,45545,6448,84.89312047971612,20.001736943746184,221.5777724297213,136.98875485595147,0.09738833689482453,136.89561340392,4706
material,554,64937,51876,6576,6485,14e3a0f1a59ff249f40fa01ba77b18d554a7107d5e5ab1a5f970fd4e1ef4d77f,caa70b8e7dea49a7a05e6c87ab5ae1381f2830952153beeb9f0d42071e75d4d2,51876,45335,6541,85.52928421416334,20.00065855457594,221.96934254466643,136.41153249012592,0.09811813605570494,136.31772909437012,4791
material,555,64946,51870,6565,6511,a102c1d8a132bef9cc422459f063c1e6849cea323f0124a3aa16a74594cf03a7,5e3413c65ce89134578fa2403077e1f2e1c10361bd6d8b1d42443ff559e462ad,51870,45408,6462,85.34647259644335,20.001011993392364,221.48802948193403,136.57187878342265,0.09790841683094093,136.47829189952958,4728
material,556,64200,51344,6392,6464,9cd1aec5e309a5dd9df110da427994901411f630a9666e3e3d361e3fad19aeb2,8aa231ecb45f1a3debbd2795d197bc97ef4583ba6a44c3625b61501ad1055484,51344,44947,6397,85.29399815290257,20.001214212992423,221.80358304016664,136.62290272586327,0.09784821879890912,136.52925966567852,4670
material,557,64413,51473,6463,6477,ebd0c45b293c28b2393245f472d344f06c01b460a5efacc75f3d5c0c8bf15c47,7b042a8479c18876ba0a038aa7666ab6c116bbb411bd73ef90c1f925432d48dc,51473,44914,6559,85.44586722660942,20.00106015301632,221.7361239196324,136.34706424986064,0.09802244112022904,136.25335343525737,4709
material,558,64607,51635,6356,6616,82781cf1c282bef228f701672f2956e3338ac91879108733cd501e640d57b96c,573a6eebb5eeaca488cb0dc85ad9a23ed404f748542bd4f5caaaf134705cfdbd,51635,45187,6448,85.52450076831494,20.000613553585474,221.64828065330167,136.43101334064187,0.09811264854584344,136.3372558609899,4725
material,559,64597,51793,6432,6372,7bdfcfcfb7413f0861672afe3b1bec0f7cd087808011ec43b7ac6310897d6421,0c15832b3a9322e2e88410fb9b70ad9bc60b0ea7d64524ad84b7f4a8ee224671,51793,45321,6472,85.40755971583178,20.001080309774757,221.62389681196927,136.47211909966813,0.09797849521808605,136.3784018985467,4732
material,560,64393,51602,6458,6333,eb6f47394288e244b68bb50c1666194c3ecb92bc03da337a675cd4607334f39b,27e1918e1581dcf479c6896a6d6fb322e78036a17e17d750c65221b64113311b,51602,45142,6460,85.40478262822016,20.00170429588702,221.61880743498807,136.4938532198041,0.09797530937755645,136.40015529408072,4648
material,561,64990,51928,6527,6535,2d48526109ad13c0f197776ff7edab9656507f09d76b179f5d565445f0231d03,ebbc47ee27ab3f8d80c9f7bc5272582c45d138be24dccb352410e938801ef8c6,51928,45571,6357,84.65490949134896,20.001172442996456,221.67049769259071,137.16018244646492,0.09711506419786091,137.0672469672561,4637
material,562,64840,51814,6456,6570,f893ff4591c6049d723b88bbe8861f4ad5d752f54597046c82d971d9360f6c20,572834462f1f203f84171ad151b2d3c1e7437bd7391353088d1e19642c29e266,51814,45283,6531,85.53447112164089,20.00201173971887,221.6758171773591,136.30549354135437,0.09812408641175274,136.21165336582072,4769
material,563,64618,51699,6426,6493,e3d930dad47391689f5293324c55ac3237350e4b5677fc993c01bf72e80acc6b,f4ea55c479b9133fc4c1ffbdbacc82e95335561bff2d687b93f0949d04a16991,51699,45339,6360,85.17967408573509,20.000520322501206,222.02101463738185,136.73592777005754,0.09771706764430935,136.6424268909317,4659
material,564,64493,51349,6624,6520,6982400c36f69670cd2bf9ad8d24e43c06bc9f8deee7e62751c18b30699df5f4,b272627266bf65f08238b6dc3615566dea2507c4d7016af2b49856a6cc22348d,51349,44903,6446,85.41769610207253,20.000344369382518,221.51533638229418,136.47238351834937,0.09799012355489982,136.37871272153467,4719
material,565,64989,51865,6583,6541,ba3d4b4bf91274c1b5a1c6ffe68fef6067a0d4f0fec6b2eb51d3821b556d63a2,4a784bd68331e600264a24cbc777263b932a1bcac479e9da581317cf24b13701,51865,45401,6464,85.31487571150248,20.000954144155703,221.6990161190036,136.49696245636912,0.09787216927568486,136.4033618245226,4735
material,566,64437,51625,6411,6401,d1b48f4549b3c31d2a1d84470d5ad9c5dd54b0b283b0703cd98d47167c4bbc4c,8563f358c0c66c571790368c5d364951d988c0109f58f8487b319f0029c36ee8,51625,45212,6413,85.01560294769115,20.000487457758716,222.04604405956505,136.85421594258227,0.09752884726583524,136.76102654172246,4741
material,567,64534,51473,6553,6508,161133f8f75133e91c9196b37b3ce5dcf524a983a1189cefee41eebbd7879cbf,6a1cffada400e700a45b645f3b59c9403145a156ce661f12fd7e68ebcc944153,51473,45070,6403,85.22084747722306,20.001146768642805,221.52022868492188,136.67418998595554,0.09776430124932559,136.58070274327142,4745
material,568,64792,51750,6613,6429,a76dc5737874da1e01752dd59362dbae120b2f184643296b214401f8b3a2dcfb,ca79e288cf10bc813ab1d71f4e24d4a2ffdb7da96ea212f55c3238937554ad91,51750,45229,6521,85.4170436940232,20.000402894571366,221.8109027312756,136.55196986304043,0.097989375120462,136.45818157091813,4690
material,569,64755,51696,6572,6487,003c90c226a6bd9146570bcfaf87ab1c65229f34ee49b880b66b477c54148741,d5ad13f6a91806652d2c1964be7caf7d87333097c8566e22f7b3502310849fe0,51696,45315,6381,85.53387882365385,20.000634819948395,221.51786175867207,136.37183664631905,0.09812340693483428,136.2779711942331,4685
material,570,64903,51971,6427,6505,52e9c79f10eb50fc86a94e8b0f7f68e49b17be0b4700ca92ed89f01a3c6cea36,0eabdf5b593e480ac93c6d8cb56a16cd8a0b05d3a6f6d7ccc177c838d0b05145,51971,45478,6493,85.18780090724029,20.000774413623915,221.562921418411,136.66896569066955,0.09772639063333555,136.57551392838823,4735
material,571,64566,51606,6419,6541,8d78dc06f4f3597fee699ffad7c580c2dd92c14cad1413795f9cff82fb326f8a,13fc4679bf0ec3f25ca99c2f2e754fc9578270701cb999aee0543ea06230bfb4,51606,45318,6288,85.1052447361942,20.000591856915378,221.6142667676441,136.83877540225023,0.09763168321590115,136.74535261817752,4587
material,572,64718,51620,6499,6599,c2e7b61b807223865900b0ebb057d3739bdce97d8be8fe0bd34838361306ff03,a648a60a8972ab0df302603ec2f8579c018013f9ab7751fda5c4f528a3cd938d,51620,44976,6644,85.69784841347378,20.000455360055994,221.76613768869035,136.21715677611354,0.09831151081844289,136.12320536661144,4806
material,573,64479,51686,6418,6375,d71520a7fdae83122f115ebc349f22140f8f800d7653b8c695f7eb4268960902,28c7d26687292c64dcddf9e1a150147c15caab5f0466c53fb008828e2d0a89f6,51686,45336,6350,84.91060314417734,20.000462253721018,221.53277920960184,137.00681989742432,0.0974083927910709,136.9135856897507,4595
material,574,64600,51673,6495,6432,b84f6141442c1dc5512473c981bbe11583401b4fa8098c47b57322a631835263,53f08496e0c1048c27d6027e90a7b37f1d07add7839633674cb99df045554bdb,51673,45243,6430,85.20357802502758,20.000804865328263,221.55090716339228,136.73197780295612,0.09774448994755107,136.63839803051349,4659
material,575,65089,51979,6566,6544,dc7a94dd5b6e900633df735b41c6cb4954642e8b25e6dc1f62b59b459fca346f,00baeed3193cda3fc1b8fef594fa149e4c82709a509cff27c5d95117a1653a36,51979,45433,6546,85.4273874158749,20.001242629202345,221.67863653618195,136.48510883329985,0.09800124131012197,136.39137763654838,4750
material,576,64912,52024,6340,6548,b1301bf44905762485aea7665efeba68300b490929497c5dfd1bf0b8d8fc0683,0ceb18828294e5d8c1b5f4f209d64ad0ae95ae0256f6d77fa936e0104b8d758c,52024,45598,6426,84.85182360270628,20.00034436741783,222.16044109100136,137.08274926223615,0.09734096162874628,136.98961116635104,4677
material,577,64568,51421,6505,6642,534a3467f3897131878922effca904087ef0926ebf56488aeaa0de503b3c1859,34a6e92e12f1c58f8599ca569c06ab23e8360cf2e3eeb1b7b04b800391f3af94,51421,45088,6333,85.13516652214068,20.000828680488993,221.58571072897212,136.82743430743378,0.09766600911832743,136.73393766269245,4608
material,578,64737,51782,6496,6459,65d476fba81f4ed94df82fe4b81e7fb3bd8412143e007cadd3543a810e0ed820,4a4948da20edbedcbc9eec8e55242c4fd30fd8446ec1d1a1e7c1886fcbd7318e,51782,45430,6352,84.96229174355288,20.000643191715405,221.57601950463953,136.98219856940466,0.09746768931240453,136.88897263375927,4667
material,579,64895,51659,6643,6593,d177241f76d24d6bd7135903ebc0eace93005d6745fbb8fdc77a49d92dff5084,3fd254a054c17651b45ee7e5df30a772916d7d9062c666cdc348ceacc2c2e361,51659,45129,6530,85.76315048391024,20.000318729246118,222.40680963573544,136.20224326387893,0.09838642454525207,136.10817032488688,4808
material,580,64505,51542,6489,6474,477030141a6be0602f2dfbc0e6ea60f1dd68e7a78c1e475a7237fd4b7c63697c,fbeff97ac350c0b2a6b16d1d646383f159fd26aa1cad6b0f8b84a50766ed1209,51542,45095,6447,85.50896093264564,20.000866857554616,221.93586762004298,136.48735552357033,0.09809482143873634,136.3935699398479,4709
material,581,64642,51930,6382,6330,be1c873468a23d9ccba3038999040e0bbf208e1c323cf622bc50cd4c6f4ad10c,b1ed56f9ff750e9cfde975db41511e1fac8d36da11d19278f28f6d7f03bfb259,51930,45387,6543,85.46739510622923,20.000481386447653,221.51577890176418,136.48769475617075,0.0980471376372283,136.3939651950406,4763
material,582,64714,51799,6444,6471,475109fb0d557c71c3daf2ff09a0fb937e2a90b93a0a7d797c933e7003e65dba,9cc9974c8dc1806d323c54fc3008c2f41a282e0b95f10296f57c7d25618e4316,51799,45429,6370,84.8134332870033,20.000788016587876,221.54917403309605,137.2149624926268,0.09729692073381802,137.12186230598022,4668
material,583,64966,52094,6505,6367,e3e262c3ff4e302e6ed4848ff3553ecdb7af2444130ca855026350a5c98f4f25,dac93d7f1646b7f6e3019561ae32dc1d8d51e20cfa558262774dcdf01518a7dd,52094,45749,6345,84.76793722503061,20.002212850631864,221.5559067217001,137.18409634860285,0.09724472821473347,137.09102219845042,4665
material,584,65031,51905,6647,6479,1199027fd133dabad6d93df85a1c97e18b2d25e5082a454d811340585814bda1,bdd742c2e09daf7fb41e43f98fcc52acba82bda558c6b68ffe55d09def32bace,51905,45480,6425,85.15534618828511,20.00082440266113,221.70528831733708,136.8638573957941,0.09768915898151767,136.77036374926715,4681
material,585,64380,51536,6442,6402,8dd46cdb07563aaf40e2d62b6b080b31158b905094935964029fa63f0ad6c517,7832710cbb394448e8f58401f2dc3158df5b74bcb56a2bfaefc3d6205a5c962b,51536,45336,6200,84.62930743130123,20.00194712358598,221.65956942343763,137.36130820624288,0.09708569383151038,137.26833819947177,4508
material,586,64702,51926,6454,6322,03d32b9c84b00664c7d6a14267ee1cdfd7a11dfccd613651c4b1c6476b4b6151,ba110bdf856e456198a98b5a783e18c11f6170634e277e0d3bc7bae0cfc2a477,51926,45339,6587,85.85938117745276,20.001578193439876,221.6343959510612,136.15661313778148,0.09849681920561304,136.0625198164353,4857
material,587,65204,52333,6466,6405,fd863c6c387e0c2a04a9ad56be383b0407ebcab0f58658c8d026fb08acede1e0,180aa93902e43e480a41a148848495df4b92a1be5aa3199f1c875680c3459306,52333,45839,6494,85.39222263833881,20.001112280499434,221.6251124038265,136.57814669348022,0.09796090071264878,136.48444922104235,4743
material,588,64459,51610,6429,6420,7799d4395c7f7c8dab773ae611aa841fcd364b79772325bbae04998cd3120fc2,eb111fe07408075da967b8563cf0930c964963a3f73c896824b57e54ea730f2a,51610,45080,6530,85.5804591077592,20.001532846019458,221.66064385284577,136.35438702687046,0.09817684326012746,136.26050994565108,4718
material,589,64965,51917,6528,6520,858aaf9a75b4565a6f90fb2cdfcb6442df2d3117822aed802bc7e16287832be1,846089124610b7c6cb9284ea1c3c005aba03419cac2a456b1e7bbeb1df111dda,51917,45598,6319,84.72563068261181,20.000609114081463,221.6543097487659,137.22027390633428,0.09719619467299702,137.12724577480475,4630
material,590,65091,52227,6232,6632,afe102401880513537ade33768cb31a46cad4e4f866d3fb7a968c4354df3f182,6744a9f7df7d6be5739c0337d2cdf713f69b64e3f343aa7cd058e881641161af,52227,45723,6504,85.24454344080016,20.002025654413934,221.5132810282457,136.74211582802502,0.09779148496540117,136.64861455561538,4785
material,591,64184,51214,6629,6341,b6af1ca73078adfb5944cca9092396a7e9971dbf927b20f4ed0a7c1b8aaa8028,a0c0751fd9696ff9bf85ea686dae14b3a9e95cbb83bc28e6bc99bbedbaa037d4,51214,44765,6449,85.3585023229168,20.001806501866007,222.0927932668242,136.62672823444507,0.09792221718423137,136.53315835425138,4747
material,592,64504,51539,6546,6419,d81a049594fc1dbf60035c344a70ea26485f44287734b6b74bf9a2a23a4330cb,1666cded93af63944bbfec405b86be56b31f62ccb7801ad44fd088b610bef8a2,51539,45115,6424,85.42292380494703,20.000208474357752,221.6836986519979,136.55627063333296,0.097996120710922,136.46244569319288,4614
material,593,64896,51903,6466,6527,42eb64fb20b789a2995a94f8559ee9f2de34ec4a60bb858c426a54135a8c76c5,8046a07af8919ce3042c10f114e052a9d0e6477efb92028add682cc91fc5a96f,51903,45586,6317,84.92670648793079,20.000353558291128,222.07699025560044,137.034706865583,0.09742686634767628,136.94147974664327,4640
material,594,64953,51976,6494,6483,47a1715452dfe5ab30f09901b2bb765b32783c9addc0dd4b2fbfae0366410c1e,bce36fc7e90bf32bea45e8969b1caedd2bf467b7e3de998fe60d3c5352b7c94b,51976,45580,6396,84.88287451294002,20.000602518358967,221.48771426008105,137.07028822972052,0.09737658284857711,136.9770585058208,4643
material,595,64849,51954,6364,6531,39bf21e531b4c380a6332270558388d828a7674f55b2b0cad31c89f160a8a88a,d881c88ae0aa29269caebfe8608ed7ede3ef0d1636b14219aeb8b901a8bc5acb,51954,45548,6406,85.06486428426692,20.000912305588656,221.51856873255923,136.88780161065873,0.09758535926133287,136.79435769024414,4691
material,596,64730,51834,6526,6370,8119a12e9ec9248659f827336bb07f3bab80a01da23c8f88e70e9329c001ff0c,05bfc0edb665b7ae83afae346f034523e083dd07a592e208bf82c7b03e49a788,51834,45341,6493,85.59800940598315,20.000479302286443,221.69184797279513,136.376876471382,0.09819697674498913,136.28289946783636,4680
material,597,64763,51979,6440,6344,82c26c60580b9584e2bf67f15a055f0a54e816366a40a6d0ce726ffdbcebe7ef,f0a255463d7fe31330c3ddd0f081a52cbf5aa9244fe8188eabacd20715d72c70,51979,45620,6359,84.78668830190564,20.00180414782315,221.84228411407972,137.20882534060456,0.09726623921799883,137.11572634115294,4620
material,598,64723,51735,6459,6529,54b9c0f18fe2ef9cf72a39720d7c648d1e5c540aa8cd15788da33c4aafea65a3,9fec76a33d3e1a3ffc191239567649157050d9637b28c1b46e1b7ea0861a3b00,51735,45418,6317,84.782888775933,20.00038998593272,221.7633634488036,137.16996011942973,0.09726188044883861,137.07688959941214,4610
material,599,64880,51763,6478,6639,f3f0dea274cc5f3ed1e3c253c3d84caf21b48faabd0fe0a29b2b696f19bb3343,2b0ac7c3d2c609d227741602966298bf36b90e1c48aecf550d6529c3d58d8188,51763,45316,6447,85.24104788077317,20.001275891401434,221.6011274066948,136.70997970076996,0.09778747490221087,136.61645424118387,4690
material,600,65185,52233,6586,6366,0f7ac038561c18bca3d4829471d488b0c91970b1369c5797a56605aaaddcdbf4,3b42270c638df99c216ea5f9c0f95f74b355ec51bebb606f409c3c1ccaff25bc,52233,45718,6515,85.1581866822891,20.00089771491799,221.52269328810414,136.81272857958825,0.09769241756107566,136.71930611164183,4744
material,601,64213,51439,6474,6300,ce2ceec9d7fefe8507641e29f9b30c2054ef48111ee84e80bc9e73b44efd3136,962337afb7976b1f7cbe310db0b487d3c73004a220fab5994cbe1b0ea8cbcad2,51439,45015,6424,84.76083439961539,20.000555480924525,221.5763289786582,137.23322727339814,0.0972365799413453,137.14024467312538,4657
material,602,64465,51393,6451,6621,e30a25d8b16348d5197996acbea6920106faecab4a843ef2f8dc067008d56464,ddbeaaa17ef9c1b469f8bcbf77623ea61da0f1b09f042212964253952928eda8,51393,45124,6269,85.12203829326977,20.001759751469105,221.65674570434598,136.83122814122456,0.09765094857668533,136.73773465582613,4626
material,603,64545,51705,6361,6479,a59d895708b6f0f4e2e51610171cf117b39f5742576d30ad84a7bfd339675ffa,7df185d0fda77b1d50392764c5522b4227697d22c6bbc38cec9d09dd74921766,51705,45189,6516,85.4123372262394,20.000915002944286,221.8084272380156,136.57995514674985,0.0979839759188833,136.48621422337231,4708
material,604,64788,51871,6430,6487,e526faf307b082473d90267704faa364cb89b624acb6a9b407f24b52e8214ace,46c3ea21e4d68947fe24552733402885157848cf9f885d74fa68ca730b74f2a8,51871,45404,6467,85.78895459715706,20.001148780846712,228.95510485534928,136.25089443605617,0.09841602670453134,136.15678446987786,4715
material,605,64871,52145,6280,6446,2a1360b2cf8a4c10ca0881a80b302e0cbe2c9a72d915c46ab715c85a38794e2d,51023761c47c153a4955accb542bde3c83a01c50a03d80f27d15c72e179b892a,52145,45671,6474,85.1463108492038,20.00186423587172,224.33253459882064,136.83708848690088,0.097678793752375,136.74358471275679,4667
material,606,64750,52015,6304,6431,baa7f5eca1841cc2097468d6843f3bfe3439b21e9a9cb0eab5818217a114964e,82e02280ebcf0fffa4718cbcddeda48ea22ea88cc129d0724ffe33be96e372e9,52015,45458,6557,85.5459986720553,20.00127367407407,221.6837525246655,136.46820326106894,0.09813731067488489,136.37435549659781,4771
material,607,64600,51693,6427,6480,37f62b3d2503eaffaa95025be9edbd62d34020bdc66b04866a1e6bf0eadbb231,02c4e069f4913d9269b8d44e328e6498e6e2991d25de4c907cbdde744d383a45,51693,45330,6363,85.11692406945481,20.00242302856524,221.7114185554321,136.88741944907017,0.09764508160243544,136.79389190827936,4573
material,608,64706,51644,6509,6553,dee9976e07f4b8f03d766e712b2cad5bc46a545dd469afac97dfa01998b27899,618b5036e5fc8123456be2b81a5ffdf9d4f08775a36af8e6535d29b7960ee063,51644,45193,6451,85.34459123115877,20.000333805457196,221.60274155864224,136.667578781926,0.0979062585519765,136.57395678031426,4733
material,609,64722,51833,6454,6435,bd668953962bbf4a3d3954ae012b737060a9fe18a2602a975eb28a463ee7607a,93d951d8b835ee94e574e9275f29f768587d08f3a2257bf6028d61729c5bc01b,51833,45371,6462,85.2603608582053,20.00065760731045,222.30920767548923,136.7670784139939,0.09780963051083942,136.6735432158894,4727
material,610,64558,51693,6358,6507,ea2de9500ce8c9a8067d109f55bd50944df790816239344633a8a2946fa2f709,b0153a45d8fef5f1fc1212aef81d3bf7aa1c581177daa84b3ef583afeeed014e,51693,45286,6407,84.9486272159632,20.00102999591614,221.51665374210063,137.1380801109842,0.09745201353551128,137.0447504937305,4656
material,611,64845,51974,6464,6407,888d723eb6d6f96868aeba485efa0c5bdd2beab4de9b01fb232d480bd5ed31fc,60ce998f86f3f48d37c524ae00eb52d6957496a159f2dca8f47f3a6f27d2ae55,51974,45523,6451,85.2466432685589,20.00069829690853,221.71091656653252,136.75598885272348,0.09779389386181157,136.66239571191423,4704
material,612,64628,51737,6345,6546,5afeef2715d6e942092b7b1ee7aebeffe4cccfcdff439823ec2114203021cfe9,6591a7e1920de18f59ac5585ebfeb685d08aff6dd43e792effa2abf05c949a0b,51737,45281,6456,85.56133982914905,20.0013618357574,221.57709314501435,136.50230547325393,0.09815490986038966,136.40842673693365,4748
material,613,65327,52297,6434,6596,6d5354bfae2a5b83b2feb900171a6f4cbdeb9831bcca9d068899672ed465bace,2699de872b54704cb95a76de9a04d33da0eb49e8817296dffcd08447853274cb,52297,45895,6402,84.73314576845617,20.000765632284537,235.10156340820953,137.27094629110627,0.09720481588644601,137.17796815428179,4720
material,614,64700,51676,6553,6471,0b0675e25d4660092776239a0e90e73911edb404c7e8a370155fa0f1817c64da,6fc27498da0ade9cb845a3ebad8717092a697141193dcef97b28183742bd045e,51676,45335,6341,84.99401796661712,20.00101316457455,221.64233202118407,136.94729225832384,0.09750408524275461,136.85395742115068,4637
material,615,64525,51428,6493,6604,553809536fa9fa36c1363e50cd2fc22a43394bb7f48ccbf9b1bb259b0735bb66,06adef5af1600f7a7ed7fae46c646ae9483bf64de482d70055b52d047ab044dd,51428,45026,6402,84.93820417165759,20.001950327955754,221.69942614838504,137.05537042595046,0.09744005634811412,136.9621426885503,4627
material,616,64731,51671,6428,6632,9ae31a09a578646f496c8c941231879f858f63a0a918c1ec603e38f039d5da39,3f48d18c9564661ed930c187f654d09901a9756fb3386a7853034d2d6a20d962,51671,45315,6356,84.91622424620476,20.00028746396353,221.7224969355367,137.09541302328313,0.09741484124973128,137.0022246618135,4661
material,617,64852,51761,6541,6550,0acc0d562eb21d879fa1522d9c79e585354e2d887d74938faca11a9da868304c,a79fa2cd5b03a627725090619858d39e88fbf7bba7f7d4e500550cd5dfa9ea7e,51761,45249,6512,85.345962529523,20.00096044896027,221.50745729443275,136.6238824321083,0.09790783168848423,136.53031061509347,4746
material,618,64845,51798,6444,6603,4d18b0c846044b1be4a317b4b3740091025ea8fc3d66711204aa0a2f1c15f97b,0eaab1dfc46757245bc91956d46e3ecc1aba4494307e60e1c170422ae11dedb6,51798,45467,6331,84.92630837992148,20.000185447084885,223.13293043728194,137.07243932130345,0.0974264096430963,136.97919250237447,4632
material,619,64199,51345,6374,6480,da2209e13c81940d780944c65b23af216e68517a3fb41bac463621e647b16472,95759ef47aa8dd585f032ab62e9f8398390ddba6af560888d509400354495c91,51345,45044,6301,85.29744700816099,20.001066104650246,221.54791991652465,136.66899026306078,0.09785217528296708,136.57541896889174,4662
material,620,64337,51533,6359,6445,4ee04a3deb8a3a7cc6157b11ffd7a8655672eea0d9fd2c63b762bca8e7c36211,e3e7fdc7f7d6a7097464cb4035773f831dbfa1c71d1459f3a3788de9600b1e42,51533,45116,6417,85.40014353342626,20.0009832836327,222.0338187399893,136.54705887869048,0.09796998746543777,136.45333357197234,4684
material,621,64495,51768,6427,6300,5f50a36dcdb404188e87ff34f149a3846c51e8064be388f07633624b59d90ac5,460d951ac54d8269863ca4f9eee58499f51a5f806cbac44525b55a87455b55f5,51768,45268,6500,85.46442401375415,20.002105650117887,222.00207042025616,136.51470895155774,0.09804372923672099,136.4209514225121,4749
material,622,64397,51465,6479,6453,7bd4e33ef80afe75d36a30aff24f8931ba321d884629565f00bfc253f3fa9d02,13ff17d481c0fdd8736f5c3c97fb183c56a8b8036bd543f2ffa0e1bacd27adef,51465,45107,6358,85.29473420036182,20.001465411994737,222.12383897821172,136.7808585676359,0.0978490631834426,136.6872638241122,4669
material,623,64481,51494,6507,6480,64315b593d2cddbd5b41ec3f7fa0667ff0ce101008c584850562a713c663aa19,729c69a87240e73cf4bd901cbd6c43bd0e0ed9fa74e5938888c0c26dba7d103d,51494,45033,6461,85.75322885870004,20.001205373809547,221.63585324258773,136.2060079163922,0.09837504257963395,136.11189906003645,4664
material,624,64960,51938,6604,6418,34ff84c6f43ceee1873e39e4c38f3a2ea16f2326b7c3dc61adc7549d4cf24a6f,f1a67489a99b5baa706bc84a9bd34767c215153841053acb733e467c6f6294c2,51938,45478,6460,85.28782891704704,20.00051364126947,221.76333316401187,136.71020862876404,0.09784114152790664,136.61659775959686,4706
material,625,64602,51697,6408,6497,2b37b9ddab5a89e4d76124bff0fd6a0fbd7bb17da0adae09eebee9e652824904,ccf1170036505e6eb39cc77b834c64af67d3fe0ac966f788d273fb0471076532,51697,45308,6389,85.49387786829705,20.0003847275948,230.46275818427827,136.46191648253193,0.09807751833403378,136.3680532837986,4656
material,626,64723,51710,6509,6504,23dfde5f67112fe063b54e417c42cd337a5f9aece79e7ebdefb5ff40346a0e65,2aeb22e5cbc12e4dd639767774022d1cd4a7cb90e4a98b3ed2e3c431aa7b5f4b,51710,45347,6363,85.00006799026895,20.001013756701653,221.62808752666118,136.86898028202495,0.09751102575499276,136.77568754299082,4628
material,627,64705,51751,6602,6352,8d7961cd21cfe40bdb71b82f9f5c5ea6c8f75579c8070f1f99bb00bed3b7da4a,9ca88eb3fbdce3ec358e29ec82ec9c3e7586fc7eb6239f2db728da33d91ea1f7,51751,45427,6324,84.93190637494652,20.001144841690383,221.6524034765308,137.0526670850126,0.09743283159368966,136.95952189432978,4681
material,628,64686,51753,6413,6520,1157c565a6257ed55c14d53a8bdff255c81bf686050cc00904989647cb0fcde4,fedac7eb01667301cf22b2c888c2c28da57013d1c901eb1fc5d58e180a0003eb,51753,45283,6470,85.45022280805043,20.00080998046977,221.61584986715323,136.48573093304847,0.09802743778933899,136.3919571051232,4734
material,629,64282,51526,6507,6249,8e1c8988e8bc66881d0175c6f460ed47c80d0ad981e4e7ac6452b236db136e8a,2c5c7bbfa97574028510c914f7f4cdc96344a47b3020a7ebf7ac2860d2a021f8,51526,45197,6329,85.39134255137493,20.000416341816003,221.83290021844704,136.66403413476397,0.0979598910877787,136.57026523548282,4622
material,630,65110,51990,6618,6502,ac2bb365656336f71e7741807c923f7bb68aef55d273ca2e9aced98594eb369b,a4117d515895ce28f68570829aff7f8d3f273db823df3013822a3cbce0559d62,51990,45508,6482,85.59189867182732,20.000261226208735,221.73246302286677,136.36700187641702,0.09818996658641231,136.27305556148917,4706
material,631,64750,51896,6446,6408,6c96eba30889a4a5eda138e5a3c42003f7feee63a03dbcee6fd5911701ff71c8,a1e16798586e6b2ad120a0ee18319e1d819f916f66bb6618b91b27acf362f95c,51896,45411,6485,85.57019586435634,20.000541780590353,221.59334631643944,136.30930438890556,0.09816506939434774,136.21539065775738,4689
material,632,64482,51695,6423,6364,dc5e6a5af333f542e79011a609b3f3342f61c9f7c1f96ac952d4a17f45766577,821b2d2b5b99a03ae2bb5f009be57211023b08a5a3153d15f8a4a9c1a514c462,51695,45328,6367,85.26956095078204,20.001211895689707,221.5967644998721,136.66577781277667,0.09782018474315249,136.57219624523387,4627
material,633,64956,51860,6519,6577,e7f7847fda70e89a257157394e07040aee3c4967a5f738ad0a11545efe05e61a,d02280fbcc15b22d92e45cac097e6bd019d303e15dea6703a1ee1fab597423d6,51860,45378,6482,85.45125387363832,20.00080768316503,221.63766680056918,136.46342864609736,0.09802862061501753,136.36963864961123,4699
material,634,64708,51891,6390,6427,a3b8b74806aab1f99875f0fb583b8f364a440e38ffbd9ad79b4a943e2f1974a0,7c7ad76483e73867e2541235b79edab5beb7d4931a1799b15f2f2bb4b78b81d4,51891,45613,6278,84.71228254620804,20.000847722196703,221.55062647282924,137.20306378337642,0.09718088185615555,137.10998251892693,4611
material,635,65246,52158,6632,6456,648f17ed874dbab02e0abe7d69f178ce7653e61288dd99e5c47073987b1b1cfc,80c3759967add91f27595eb74f6ac41e1e39ff8130ffcb51ef3708f75d7aaeb2,52158,45736,6422,84.9879705790709,20.001367941889143,221.67262262575625,136.9666890181346,0.09749714775462413,136.87334885142127,4688
material,636,64699,51656,6485,6558,92d3e5f08f2a2bef2c3b15104f63d1b0156027dcacb489cbdc8e75b2389919a8,abb699d1484a82fdd276deb53aae7e3974f9583dfbca6f744e230cd39f93684d,51656,45302,6354,85.32730461216984,20.00082533373581,221.68177039386134,136.58981059599463,0.09788642755666908,136.4961240092686,4639
material,637,64712,51745,6392,6575,cbe6238b6652f2be006d0fa01259e5545e74a474573ef6ea7ebf773ee39ff251,e95c69031524e4f2a48edd0c02b736d218acfa84e1f83825d5eb46a7c12c9697,51745,45353,6392,85.07699895874555,20.001501130589055,221.58237871173552,136.81829689083952,0.09759928000967567,136.72492456299213,4718
material,638,64995,52075,6465,6455,b30d62210088dfe0b63aad016957ee543660ec810f8ca929a755d7425b272387,739f882cf8db427ff3c4d3b3c9a5547ac49d219b78babc3d6a2a2ae8e275670c,52075,45685,6390,85.3259128798941,20.00176535935439,223.19630468189968,136.6343421722417,0.09788483097863106,136.54062010946672,4647
material,639,65235,51966,6546,6723,866ae6b5ab5eb40fd81b8479dd4bccbf431654b111a739fb9c748407c1bd3068,f94aab37019a067509470f95a68b2caa082ad94c2827968e4e9c7d2d7f0704c7,51966,45554,6412,85.1290002161972,20.000537115920086,221.68024116765835,136.8370928340644,0.09765893520848377,136.7435934562557,4675
material,640,64552,51429,6560,6563,25988a9f4a0482496437990baadef6e963692a828ab939cd642852da06ec6710,b2a96afbb33a63a6d40bb920d11dfe4f6a978e45158e32c9411ff6a6f0dad2e3,51429,45134,6295,85.02566636142579,20.00189673940646,221.61766833089553,136.9292070596591,0.09754039188949336,136.83586040329232,4618
material,641,65095,52198,6576,6321,4ab4505d7f1ae2ee7397217efcb1020d43c27ec9b26bb29b393fcfaa89dae2a5,5dfab33d20a3290e6657d7c698c9e06cfb7dcfd8ff5f16e00735a6fa8fc5729f,52198,45659,6539,85.53178960072918,20.0008409934086,221.68352658084518,136.40010922951595,0.09812101020415827,136.30621430937154,4706
material,642,64871,51823,6593,6455,156a9fe157e2ea1cc5e360e53408f0214374ccf9b293226340cb60d89a124021,1e21e96c128b80e3d48fb9b44990ca3d5e0fdd40ef28b61f122eb3b857ead02b,51823,45439,6384,85.14029684139184,20.00010443105127,221.58831193096253,136.78221818021913,0.09767189455706246,136.6887416862527,4652
material,643,64594,51685,6386,6523,8ff7c898b6b2951ac998b1865ca10eb237836f008b3a787ba61f450497a6addd,30d41438065b4eecfd651be285ff82c4abfa21dcc2a2fc09c602ef7a0a16c651,51685,45163,6522,85.37810100648639,20.00107262448065,221.6746088394168,136.6202349425602,0.09794470055140395,136.52654534487058,4712
material,644,64455,51638,6520,6297,1ad807c1ecd1537dee65321d5afd3cccc67fb8822609e6addf3e44fba296b31a,d77089ccdaa4181b636131a8b45f4eccb144e72bdab0d8ba767cd60262969324,51638,45218,6420,85.113635802063,20.001654687638663,221.60880620946327,136.8501599083571,0.0976413093427901,136.7567854913913,4687
material,645,64419,51547,6466,6406,3f54cf9f4118e08a356f450f68e5ccc35177ecd37d762bbece564b014e73c9a4,a27722dcfcfdb1f9dce3397eafbd924a953f50c53639bf3f87d40d3cfb033d98,51547,45041,6506,85.65145928498387,20.000582987903776,221.6361204703192,136.3554517532433,0.09825829378450535,136.26143056032961,4685
material,646,65096,52223,6456,6417,ed9ad790149bea6a8540509d3f9e3b30b731e7504e5cc3f8d443615a2f0f7e88,3fec6c82a476e020a836e097953bf007dd2c3d36a080e6e324ae8369f065f2c7,52223,45818,6405,85.10824412995534,20.000431879876075,221.66375034869918,136.8435855228985,0.09763512408329343,136.75012872900223,4661
material,647,64638,51817,6521,6300,7fd9729f8ad112f0a6f35d271c40ba649e47b2d372edea0146945fa6f8e47afa,708e02bd2cbce08a838d8e6cd1d14d03b1dc226b7e7805b50f0dd4a3b63ed60c,51817,45339,6478,85.38327784204718,20.000900385187684,221.49161899203503,136.63996473668217,0.09795063935307353,136.54623688843378,4679
material,648,64717,51704,6647,6366,58cc2adbd66d8302f4bec94b267ad27083cac04d635599338c6eb226931aeb86,60f91c3cf3f179438a629547bd205a858ca434f0458d2d330bd788f8da7bff2e,51704,45285,6419,85.04670496368831,20.000988524831172,223.35287829003258,136.96794974218358,0.09756452711356525,136.8746299337595,4676
material,649,64326,51412,6424,6490,339f64c9b60df48efaf139c0a923a5c8218613a43a4f48b92ff23c108e9e2098,c464cc9656fbca9ac7997945a4903bb8268c1895ca4b2e0566ebcbbd9cc51bde,51412,45147,6265,84.8272036736363,20.000904163201774,223.05066092711638,137.08657215649836,0.09731271795089531,136.99339170776946,4573
material,650,64830,51762,6487,6581,6131d9a140e9752ec14e9e2cce9beee71c93757775a9400dc88d80215869506c,3aa7160b2f96969edb7d573278620f802c698b524ab8e64644a367e78b2578a9,51762,45350,6412,85.18646587115798,20.000470391723013,221.60247645832393,136.81159747408952,0.09772485909646875,136.71817242323115,4750
material,651,64797,51846,6528,6423,23de424ce0bef4c1500e6103a561df6fdfc91cf495b87a6fee258647dd395184,f8e2aaccb4422b85ffe5b65ef87e97d9b3a61102f93801157ee660d27ad23491,51846,45379,6467,85.26039323130561,20.001175011986334,221.59588061905558,136.71001259169728,0.09780966764885932,136.61649641153815,4727
material,652,64822,51971,6463,6388,3505167cbe716e7de8a3726126d22a4b592b3f7743880bd79ec5c25cf9738697,aa0a7729d8bcdcbab50aecd8687f2e389523f89ce6d80213de0653d69a6285dc,51971,45487,6484,85.22238913972241,20.000934938021313,221.82588040141832,136.72430260555086,0.09776606982546006,136.63083257395323,4743
material,653,64499,51464,6526,6509,28ef05b10dbd7c8c2fc688aad7991992e785b2e0347341426bb32ca6afa4b2b1,61494a77f58ef1385b3d07a92972fd98cefd1eb9c3f7c86b40ff0aff2537ac59,51464,45124,6340,84.98108630592779,20.00108618679947,221.79047512773278,136.97756344139995,0.09748925020169702,136.88428082104306,4636
material,654,64737,51598,6614,6525,13a95c9d59f8069815a9bc7cbcef5fe04b97dd9a3cb54f78ca8d572c5a7cadeb,f891da51ed6e536e95a80c108a073839dfe87049f05a211aa7554fa9d7ac0af9,51598,45150,6448,85.24394483653619,20.00068330289077,224.70399412084888,136.7397236840029,0.09779079825399985,136.6461539909731,4681
material,655,64401,51488,6531,6382,8ebd8c722afef1cf86b8e0d25ccf48ae57e02c54d9c6ef95ba710da7bc89de70,92a7359e4fd70ed417d59141225a9052187ec60c4e7859777b3dd9e1a3ac1c4e,51488,45171,6317,85.32310751884683,20.000602719682675,221.9776414166716,136.65194391165764,0.0978816127031661,136.5582576745394,4639
material,656,64768,51871,6446,6451,bbb55c34bd44f54a571f6fd465e155f3290cf8076dba7ece069342bf3674d8be,0a8becd88a43573e92c1a47f07e098e019ea646a414311adcb7050417cb46d0c,51871,45320,6551,85.65346516329903,20.00127612934942,221.84632899382126,136.26771267830833,0.0982605949032771,136.17379305760593,4805
material,657,64969,51976,6523,6470,d7f3aa7053974f76ab431bf4c305fdebbe285db5cc76b188c3d0658febc5d3e4,a63bfb5a74c98deb2bd317f62501086528c772f973150655f4e47c1a1fd9d447,51976,45468,6508,85.60893733869274,20.000359119130252,222.20039955130022,136.3978404926544,0.09820951313411318,136.30390601308633,4743
material,658,64926,52036,6414,6476,57b1ef83c964acaa1a9ed2fb8f20c5a1d4c92ef2ff8d8a1e1aa562076474a6b5,caf98cc4493a317f0e6e7a82bf8a12a69c49e291f2551c648882817bceeaf7ff,52036,45525,6511,85.413566371198,20.00154409971676,222.47389322833044,136.52781168045672,0.09798538597876386,136.43414223669706,4772
material,659,64626,51692,6471,6463,0f443899e68a33380db48f259f950b99fa9afe7afcc35ebd7720877b75ab9be2,5669c54adf412f6f130a6ee6e005f05a6814ae196710e97ebbad5403fd76b796,51692,45260,6432,85.38924435950658,20.000117913959905,221.9371496400711,136.67191463900892,0.09795748406804151,136.5782493208024,4717
material,660,64845,51862,6375,6608,6b3c7267de9fa914e4ec0214d0df11524ecaa895d667db0225e3692fca5efcf9,fe1a7731aa38408074d04b8f038b6753a2ef71ea041527ab0c06e18570e9ef08,51862,45156,6706,85.90963261324167,20.001001173316897,221.72033889125308,136.15265313683756,0.09855446703067124,136.05846043483922,4891
material,661,65119,52198,6382,6539,be720b2bb515d559148103b9e0fa53ff5cf12a72a5db213777fc4b0f053e62be,17851d75374159a77800ef2fafb41e3c9861a5aeb660e78bad6983bfad480c93,52198,45696,6502,85.44277139886795,20.001517793623556,221.67046100929034,136.62829656670453,0.09801888962496827,136.53452926568102,4725
material,662,64456,51596,6351,6509,b067f4286755fbebb2294b25401856a33e4f1650f71f4669ee1693fca5b24615,888049405abd98de41e5970a78fcc777b9f3a96cc95f5a594cbb773d4181aaee,51596,45163,6433,85.42176831317593,20.00031814292879,222.58695529508458,136.5850751538132,0.09799479514506644,136.4913260388531,4666
material,663,64904,51888,6484,6532,201d7683234c509d906442d88b6c4684ece1b854b64784f9b8180658d0a05866,c7b53fc4b7a8f90057a8eaf0d553b406f690513b2d6bf3f5bbf698445c69a5a3,51888,45424,6464,85.40377294244256,20.000775115791267,221.543390402581,136.5823589832247,0.09797415107853166,136.48866509849816,4724
material,664,64594,51623,6404,6567,b1bc5a93ba644c4ad74ee41eea217ae19747e6616e410bf455e0d856ce8f8890,51b4c0f16ebc6943dea1df100a8afca5c262f5fa1e965f823b49357134a8f23c,51623,45177,6446,85.46955505163268,20.001109417170646,221.78128157720207,136.57799639593316,0.09804961549985644,136.4842123873121,4681
material,665,65068,52172,6516,6380,935ef7295647cbf6db3b12a72f3b076d9da0542c1fe60a6e202a9d828cc2a9a6,9c262146a007801ab7577c3704bfe5da9b8824510d8c21f283d389255703677f,52172,45581,6591,85.70732673166928,20.00141763032476,221.49690576188516,136.2058827305427,0.09832238422774159,136.1119344338166,4852
material,666,64920,51878,6484,6558,2c0cf5f82fb938d13861bf50e1e090689b87a3c7bf50fa8b158ad4409e50b5dd,b4c74237ee34d453aa98083d9dc4c8983acdd428d17b33623e6b3baac4e7c4e4,51878,45518,6360,84.72056973672257,20.000402153469857,221.6771750039715,137.20378991524652,0.09719038881852403,137.11080471500685,4662
material,667,64815,51596,6666,6553,d5cd4424899586e4aacfd3191fc8cdd892ee76b0ac19940a677750976c882439,f8a15a02ee359bcde25c31fb873ee485980eef087dbfd65e88e4032c08a420d9,51596,45223,6373,84.8864488409087,20.000509493347277,221.87459252508322,137.0753693645565,0.09738068327337504,136.98220897750815,4668
material,668,65340,52181,6606,6553,0a85c1c6d8af4b0764b177ab854893cee270103027997c13e04d576310ec3028,a41142df836ce0f8c1efdd1061b2ca2303c5e480426f38bd42f6b6b490eb47b6,52181,45735,6446,85.33803743272824,20.00133080404838,221.9752484709735,136.65749436619154,0.0978987401155486,136.56378410270003,4721
material,669,64241,51467,6400,6374,701ab10feb96fc23327866de2542cd5d03900caef7cf52a63d7e7ffd369f9dff,cabd6a09e70d15f8f6ae8a2f111fd3a8bb29d63c96909ca5329a1b72236230e5,51467,45156,6311,85.33269986651894,20.0013507062326,222.42130021814123,136.69525552369515,0.09789261692566875,136.60166834463044,4710
material,670,64561,51701,6462,6398,178308c72ca59405ece9c9c4b30c2aca885eb0dc6cd4037df6e86be4a7c9e1ea,8190b132dc560f8d0c09393762628fe67fab9a69b3609d2a8445897b12469df4,51701,45174,6527,85.67378704765467,20.000520705043687,224.17135124333657,136.34959192899652,0.09828390791743867,136.2557023770068,4846
material,671,64887,51949,6437,6501,31ef0d0b0ed900bdd871dfeee7c8b15b521361faa398000f1d9483791b1c0924,e3b8cf66a72ba9a1c7bf13186271c780915340aac217b5397acfd9d9a156acd6,51949,45323,6626,85.92707298685464,20.001351817474117,221.9147797011991,136.08761287219235,0.09857447441137998,135.99335726903345,4852
material,672,65041,52001,6549,6491,c595698b78b4e51a20cc2e18957afed55563e6e7da695cf63c1d64b0ea430b11,3c5bafc27b3394c7b2cb416a9c1101c410b255a38fbba017dfc183ec6579fb29,52001,45404,6597,86.0401656655791,20.00098877655322,221.73024934223707,135.99247555179755,0.09870421293240168,135.8981587794688,4831
material,673,64760,51829,6388,6543,e8f48d0a9e26f4568770167a12de34ba788c70e948baee3d068d736727196752,21013cf6d8dc9ab93ba123122022a582d4828bac6796dec590b42e3da3ec72b6,51829,45379,6450,85.09807862181503,20.000680365634196,221.87164858461696,136.89518891901866,0.09762346233819702,136.8017667592911,4651
material,674,64959,51980,6486,6493,b84fe771cdfb024e1033a2209f5a07687e578f6374214d8508fcde2521975026,a78273da265435d1c47ef9f76a26efe9d45e59ea3d78c1eb19cf049c875843fb,51980,45416,6564,85.7241650530132,20.000704857545458,223.38113352544295,136.2586902132323,0.09834170094154027,136.16460247445647,4761
material,675,64661,51800,6398,6463,f542ba144879a55027a6bce9d6bca5263bf8420e368e7c384f63e2b03a6a040e,b0345aef092a0defb5b7235c708d250d7746abb435485ccdc92b22222ef484a0,51800,45319,6481,85.46717400569717,20.00080867487977,221.50404894379196,136.50354158034168,0.09804688399343497,136.40983636283198,4768
material,676,65136,52080,6594,6462,f5dc2fd17134b7b0e4e5ca5f719174b0d330a398ad0d814bd38f8f086092e1a9,ffa79a1e464344e3f822c1c03e69e8d8e90e44495efcd6946f96eed8668a740f,52080,45639,6441,85.33837604486695,20.000770505057183,221.53229777444506,136.6751082611575,0.09789912856720233,136.58140225958562,4661
material,677,64867,52166,6319,6382,e2cac625282b23e741b01512824b501d15107b2869e134c033bb0386c1db06ab,1797d38c881d4a9e1aae215198c1fca76fe7fb6e97d7a840ba8a66ea10c8ef2b,52166,45658,6508,85.28235222660048,20.000554162122338,221.63117968360152,136.72706801476372,0.09783485873642409,136.63341086741133,4754
material,678,64566,51640,6431,6495,708dcb44495c66da857ada5c03684902bf231fdb9783bb4c9f82ed993d850686,56bd92dc20dc7854ff29f7b4a7c0f7bcf91127f862cda51396f0517a2cb8197f,51640,45194,6446,85.71184543840909,20.00157967557508,221.57385547942638,136.2118603857654,0.09832756803217493,136.11777577619085,4691
material,679,64785,51789,6445,6551,03a089f52906bed223fa80fa0a1d466872830b95391952e9daf6278208d897cb,c06b20c855745ff39ed5a80f3b98954235bede02e194aafc8049656c2211df59,51789,45397,6392,85.31628568072728,20.00080887424127,221.5819342506814,136.70332077992992,0.09787378677492509,136.60971211593213,4709
material,680,64699,51803,6455,6441,5d03acc758a6cdd2337a7e5ceceeaf2210b1969c7c2fb42d58131b35e0187742,fb4a0f0f8873265b8e7df913c531549e68f55de8b0aa0aee161654b53920a894,51803,45427,6376,84.90988187818303,20.0017144535621,221.6782612914668,137.0723634703498,0.09740756536365097,136.97912792462873,4607
material,681,64668,51727,6529,6412,a7da2e62a251eabd7f8cd8fe280b2c2d2f571f43d9b741f59e8c64c1cb2751f4,7b0e300a1bc18d0b8b2d9f4375132e7feabcf14fb99184ebe97adfb38a35ae8d,51727,45150,6577,85.889617319069,20.00096205854665,221.53217718731045,136.13898106096698,0.09853150573297217,136.04487083397657,4832
material,682,64689,51731,6436,6522,84ebd22df80b2c2ed7ff1c0547d92c72ded4b216ddcd0f5b34cb73fc6000128f,d973dd73e3c5f2bc94d5f7559b21a680dbd89506f4c263b6ae311ad52c344f48,51731,45304,6427,85.19727754615029,20.001500978593313,221.66554618917846,136.76402626881173,0.09773726211617871,136.67056969824077,4690
material,683,64176,51253,6443,6480,2c2de6037fce75b66b913369a24005d23ab6d5e075cd3f32ce07e1c81d3723ee,f3f78b162e3eed408d57296fed02517db19f049d7e6decb300c30c1d5af12067,51253,44948,6305,85.04372606464118,20.000602309343456,221.6678636183898,137.00839994493018,0.0975611097574551,136.91502840864428,4564
material,684,64744,51660,6605,6479,8a52836605b63bbb341c960f1c2c1f63f8e4102b3770328b73fe0a72d474232c,7470d71ea2f464b7e8f7b81a79cfe766fa1baaea852d9ebe31e93ac527be89ee,51660,45298,6362,85.06328150690247,20.000339941101224,222.46739624678685,136.94209185204951,0.0975835435187341,136.8486890259493,4629
material,685,64685,51756,6399,6530,08e61bc28284c49414891a0f2590369b31b05fba564d891d39f318883eb776a6,fd2eb40bbf9a9b6059565e865fa0fbdb9bd97c9fd828d5f6d40f596eee809083,51756,45322,6434,85.1489833311531,20.000494995123283,221.5193470998524,136.91926102538073,0.09768185959058372,136.8258534913575,4716
material,686,64571,51454,6572,6545,e9285cd8014dea63414d66bf91b07e9da7556629e3a9220bb1f47c37d685ddd7,fbf333a981d8fb164ae2e71cabc76609dfa7c6c9b88d34011be3f1ba992bc94a,51454,45061,6393,85.33383077565183,20.000865113706013,230.6043551644661,136.62957621584985,0.0978939142906261,136.53595812490056,4672
material,687,64674,51660,6393,6621,3ae8e40c34bf466cbcc15b2ef57450165ef64eb5e41d30efa6f5539191eb0bc0,3142eb5a9d456c6226d0303f4c517ee33306266c2cde551a07d4f8f985811b2b,51660,45292,6368,85.57731219329271,20.000392668574698,221.76406161576503,136.46106198146865,0.09817323315880816,136.3671773067266,4704
material,688,64870,51872,6496,6502,31bbda16b24686fb7eb571bdbb13fe4ea69cd06ec3ab5a6784aeac2e549e375e,289216ac1a15ef0d41946217f0dd965c89c1928b24395121a6f8d78abf104ada,51872,45422,6450,85.22823217124073,20.001052927853607,221.58562349412006,136.7570124574633,0.0977727728788851,136.66350295031268,4682
material,689,65117,52201,6476,6440,4e0b2160136df271a8b8b850510c6814edb09d97f8a6664a7f634f3d02798b9a,459b59dc1a1b11f8422dfdad03a25868b33048b1464356eca562d612f833c79e,52201,45798,6403,85.25063668987035,20.00157812733532,221.47547099525903,136.69959076732636,0.09779847506530419,136.6060081676291,4680
material,690,64815,51935,6553,6327,31e22e842d931ca76954487a1e3e335b06999dc0b10bf6287286add670165dee,3f2353a58b984f11f04213bfb176e211563eb145343821f89d4edc1e20b71208,51935,45578,6357,85.14368880799815,20.001718972382047,221.72018292571988,136.9353574753855,0.09767578577916296,136.84186968034285,4661
material,691,64957,52049,6441,6467,8cc826c6c37757b157bbf33627f9ffb6d092b0335fa1b47feda7b428e6830e0a,d2e87f0c07fc2cc7be5dd4c2b21da106aee0a1f608600c97e7d245d8b12ece6f,52049,45675,6374,84.7956571309635,20.001129402710028,222.0809571276309,137.22858172721038,0.09727652814766599,137.13552164623755,4657
material,692,64558,51589,6454,6515,bdb3104a94f31868a2d0f49904eef33e8e58eb14cedbd1ed0a58d968ed3c6e65,2a2479cb49a420aca9dc7e08dd7709d505f3aa59addc6f81897c617e730f5fb7,51589,45197,6392,85.50099660148547,20.000543915783304,221.55549508866073,136.57996253063067,0.0980856848566224,136.48612902421584,4639
material,693,64547,51594,6511,6442,a1b6065929eb437db9e2ff343106d4413d8540122a334af7d7f66070d1599a57,cbe5487d8b7fd1a8b4adc2c755993bfcf1e84e59a8eb8bc5a580729a4ab9303b,51594,45124,6470,85.39143139226948,20.00059238506303,221.5644193131331,136.7178712943339,0.09795999300495314,136.62427573613917,4736
material,694,64620,51741,6450,6429,750c38488383169073e9d1e935a3889cb821f372fb42bb2d9bf68e3fad9eca4a,2eb5955b9378e425b5f0eb73313284b16e0ed437cd8d635d3e35a9cf19fd3202,51741,45167,6574,85.98835689619565,20.00186421546706,222.10868771092566,135.99561327000598,0.09864477855352258,135.901262344744,4713
material,695,64660,51673,6497,6490,b91a19e68fb0c1d0a2204b55572cc9eb7e009a02ad1e7a0bfb8d724a97cdbec9,b9dbdb72ce99206a43b67c7ba206864f9719fb77b5f15de1ffab07afc65645af,51673,45195,6478,85.74221348954991,20.000594478656552,221.77875112799939,136.20543619268318,0.09836240588450776,136.11143565675383,4831
material,696,64549,51447,6591,6511,3c23365fa30e26e94311194df6adbd1f69770e432ac4dfc994f4a60d9a78f189,53d0d59518dc1f9bae7e4b2dda4c155988e15922d9479b77dce384be5490a32f,51447,45114,6333,85.27771216145509,20.001157339465454,221.6560955564367,136.73583853596202,0.09782953571113012,136.64216895477355,4623
material,697,64941,51984,6541,6416,6e0afa3addff12ff5f4239ea2fae94a42e4d884a251512f1a413ea1726cdd714,cdccdbb4e5fc0e04666e0c094800bf03190fc63e26bf4d1a0c021b9762e9cca1,51984,45491,6493,85.11377240496391,20.00082699952003,221.59112403620878,136.88447490058954,0.09764146605194696,136.79123000454618,4777
material,698,64684,51681,6550,6453,217905cedc0c3f2a52f35bae042733436f5619346ee03b133068cd3d734eb69a,0abc0759ba7f2394e21d293dd93b0d7925dfbcd5059b222ef8a1a33ce695b5e3,51681,45264,6417,85.54163221471936,20.000532543023873,221.5218348264374,136.39011073312273,0.0981323015290829,136.29622040734276,4711
material,699,64515,51583,6412,6520,ab1bf76c9d55587a2a605f27d12ec7ce6d3882a2b5f705d0ce911b93d230fc6b,5ec61470932291783090e1c9358ed61371b02bbeb89b47cc79bdbbe1b3626bac,51583,45048,6535,85.50624286049582,20.001286903068248,221.63626544546855,136.51454071443413,0.09809170330001395,136.4206837172526,4714
material,700,64498,51704,6373,6421,a2afe9488a4becf9da8f37d6d1ff80e49beba78936e2cba2fba26e5175212789,522821ded654a71d06a690f9e9fde2fdc34c8a020fca56c4af1829a80a87be55,51704,45304,6400,85.18748846334208,20.000766983065198,231.11039944257692,136.8515794596576,0.09772603220156338,136.75807539402274,4657
material,701,64534,51509,6513,6512,8e6ea88729ebee3d87a681195b44fb7ea823cf5a51ba7b1317e8960871d3b279,99449e9972228dfd1ada89df9230428a35ee3ce5c7b5e961fa87a7a2e692b579,51509,45298,6211,84.61745508850659,20.001264066488105,221.72739473126768,137.4089527029132,0.09707209697058033,137.31605719246778,4586
material,702,64677,51761,6372,6544,e6943fc3ed302b8ea34dfe40bbe19087ef55006b7607862777d6e9ab8c82d390,7be3e7ab331a7690650347494df73c12bf25283017b3342f38fe761c62cbe732,51761,45233,6528,85.55995069226226,20.001503160833643,221.72313238795738,136.44394101207928,0.09815331625974973,136.3500468381759,4746
material,703,64706,51765,6447,6494,a30ccb325a29290d74a37c7d3e68519dbbc5a8c65277ef9fd0e8600a8adce341,f1fad795d17a073b0528c2d34a3c302167aa5adc0c4625d5ef92e6702547d7c6,51765,45322,6443,85.21066502914488,20.00142755359249,221.5266007440589,136.7218998681704,0.09775262007094208,136.62839408880635,4663
material,704,64834,51761,6588,6485,f3a32bf526494669045588905f64fb1985fb4354a9f542e901807dbe11ce2463,062dc61d1b531e4b58da5680d7f8c97a4af5133294f3faf226ca5a9f2618df55,51761,45298,6463,85.31622036676876,20.00054085918108,221.6321827008395,136.6739344458258,0.09787371184756044,136.5803263053298,4717
material,705,64522,51574,6487,6461,074bf59bb2747eba78aa9f6049761ae99ada131cdec50986a07671779f33d3a6,221be8eff2fbcfbaebccda5405b1e5eaa2ac6b2350d3805f67c5761d7335f273,51574,45278,6296,84.69874169286402,20.000699900015764,222.00769320365765,137.25628018211864,0.09716534795682592,137.1632217352285,4579
material,706,64488,51545,6475,6468,fadccfaaea042aa9a1c1bc9ab820ed3f38647d46e4a91702605f64390e628e61,926d6bf162c433c0adc51f1e96ede7b7fc0b92449276ffc5b5d50b424aa7cc3c,51545,45100,6445,85.420115101455,20.00059994152234,223.91424631053928,136.48804250002365,0.09799289860104583,136.39437839596744,4755
material,707,64792,51855,6454,6483,ac498171597186a4fc45739c94fe0d1289a80c1471bfd3915d77ade3b4614708,faf2c99d2ba8c1457edbf44c17c8639b5092cb28cae9b40d7574cd463f28c856,51855,45458,6397,85.02531654663113,20.000836194722126,221.54888907821817,136.89316536549455,0.0975399905862914,136.79977236435283,4644
material,708,64624,51790,6375,6459,933e959c6156a7c0ba051dc9688a625fdb9e1162e474060f4f0abe781a1cd6e6,2669a55c18aa1e3b4bbaeaa89d14cdca847bac9609b54c1f08838bb364a492a7,51790,45398,6392,85.48845073221514,20.000382196418737,221.5149419101456,136.59650114126694,0.09807129239070489,136.50258522370083,4616
material,709,65042,52032,6457,6553,97a9904a992cb954ea1bd05c095e13e5d2c51d1abf8a25952a084f98a1352426,eac4c7e83f8bbc6d7cea1ae7e105e5507279c1e69f06f0a09abdd5e7863e7ed5,52032,45671,6361,85.11508507235817,20.00100940596251,222.9239346365876,136.8972145299044,0.09764297192773169,136.80369197107834,4612
material,710,64667,51681,6480,6506,ea5c7c7b3dee84f8789dae246ff3b82d0fdcc916b25dafc048a2e850467c17e6,2925858e82deb9bc6cf65c6a7009fd7f8c7b80ec60ae8da89a8e460e035aa443,51681,45287,6394,85.42471970507384,20.000426450947096,222.4836458157508,136.53094442118734,0.09799818094531548,136.43716177621656,4671
material,711,64898,51931,6494,6473,7d54e6b73c8711667fabefb9b9803a7b1e9be90ddbb32363c65b3968ef2052b1,f7facd10c5866348800e22c93a3feedf50fab63020fdd9360494d31f9f00a05e,51931,45542,6389,84.94790315748833,20.001784560374965,221.6681161940097,137.02176454497598,0.09745118290459226,136.92846565183171,4697
material,712,64698,51577,6597,6524,c66dc7eae5c8d5be0d1f2c35ae3ad45a3b732b2807c59553803cc831efb26499,4d852c161c1a9b479390b1cdadf4d31f360198c402f2517f837c1707df0616dd,51577,45069,6508,85.68404200546105,20.000475723957386,221.59679189244815,136.20276520316082,0.0982956722780847,136.108693973123,4662
material,713,64812,51731,6530,6551,8f1fa9770456175a7778b8e3e30dc5f588c99ed6d7111ba1832da6b5a4a674b4,2135dd24d3a0a117edb78d313a11e21d0d41c17b7c77fade31f1bc9d0ac496cb,51731,45116,6615,85.90799066504594,20.00113006027646,223.78104827352774,136.0836547443983,0.0985525834080273,135.98951933650167,4837
material,714,64528,51634,6420,6474,8959c800f1d3325bbf7033549ec1d561c2f9ea51c02a878842f375ab3e18f01a,2fbd1f58580f116fb611931addedb411239cde56e7a2b3b4149a262f221d3c4d,51634,45171,6463,85.45601801881187,20.000666998473037,221.92494535010582,136.5052006914926,0.09803408598338373,136.41138240862216,4674
material,715,64420,51485,6322,6613,7fa85c66fb61203d522c842c8b163e8f6f338f5b84a0a463a5aaacbe0523ac34,c1ce7540ebda39ac757441a6c63a2b992dfa98b691e5aec5725cfdfeb851a854,51485,45156,6329,85.05963201420344,20.00148937260816,224.52560173567375,136.97165829314818,0.09757935686588803,136.8782248802693,4563
material,716,65024,52111,6498,6415,87fd9d0ae04ab63e89698adc82c13c46c1cc702570e30b0f8f71404b76536354,018d14523d7555e252827eabb30ad6f70d7a4486e123fee29531449510339306,52111,45594,6517,85.77602984365458,20.000688909855185,221.54771273950922,136.22550115776102,0.09840119958731298,136.13131301331188,4724
material,717,64925,51971,6494,6460,891050bc2bacba15d84666858fca6960fd5cde5114ec2cbc947aa239b69bce3b,ee186edd62f904a5906117f67857954297714f6512af81a8fe6075d05ea92ac5,51971,45522,6449,85.20392284226087,20.00103570100996,221.46557098684127,136.882512646654,0.0977448855176125,136.78897982620185,4665
material,718,64272,51284,6481,6507,db19e72ad8d32073f399aaf884902203bc108f7abd9b8b94ac4d1bf49ab74cef,316e6454622f42834c7e9322f0d2f3ecd965199d2ccfda32db81816853318558,51284,45040,6244,84.54666423863569,20.00067055175807,221.8491431136523,137.41602101089953,0.09699088658395137,137.323182844964,4541
material,719,64296,51298,6496,6502,fe6bd2c49d0baee8906c9192e56294cf4ad96d48e72d8bcf784a1782910ee538,2feedc71d02799df9cd1965aa25a149cf38853090b244d884ec75e986af9b2b3,51298,44993,6305,85.25735369632726,20.000865511063957,221.55398004693453,136.69125961651991,0.09780618073195957,136.5976515978697,4615
