input_rows,input_unique_merge_keys,input_duplicates_removed,output_rows,output_unique_run_event_track_keys,output_duplicate_run_event_track_rows,matched_input_merge_keys,unmatched_input_merge_keys,pairs,primary_pairs,secondary_pairs,local_run_id,run_id,matched_same_track_pairs,secondary_pairs_removed,input_in,input_out
100332,100332,0,91139,91138,1,88125,12207,88113,88113,0,0,0,88125,12,/home/ltf/project/github/PCT/data/simulation_data/results0717_s4_material_calibration_air_pilot/run_000/PhaseSpaceIn.root,/home/ltf/project/github/PCT/data/simulation_data/results0717_s4_material_calibration_air_pilot/run_000/PhaseSpaceOut.root
100362,100362,0,91104,91104,0,88008,12354,87989,87989,0,0,1,88008,19,/home/ltf/project/github/PCT/data/simulation_data/results0717_s4_material_calibration_air_pilot/run_001/PhaseSpaceIn.root,/home/ltf/project/github/PCT/data/simulation_data/results0717_s4_material_calibration_air_pilot/run_001/PhaseSpaceOut.root
99992,99992,0,90686,90686,0,87645,12347,87639,87639,0,0,2,87645,6,/home/ltf/project/github/PCT/data/simulation_data/results0717_s4_material_calibration_air_pilot/run_002/PhaseSpaceIn.root,/home/ltf/project/github/PCT/data/simulation_data/results0717_s4_material_calibration_air_pilot/run_002/PhaseSpaceOut.root
100459,100459,0,91287,91287,0,88272,12187,88261,88261,0,0,3,88272,11,/home/ltf/project/github/PCT/data/simulation_data/results0717_s4_material_calibration_air_pilot/run_003/PhaseSpaceIn.root,/home/ltf/project/github/PCT/data/simulation_data/results0717_s4_material_calibration_air_pilot/run_003/PhaseSpaceOut.root
99858,99858,0,90738,90738,0,87755,12103,87740,87740,0,0,4,87755,15,/home/ltf/project/github/PCT/data/simulation_data/results0717_s4_material_calibration_air_pilot/run_004/PhaseSpaceIn.root,/home/ltf/project/github/PCT/data/simulation_data/results0717_s4_material_calibration_air_pilot/run_004/PhaseSpaceOut.root
99635,99635,0,90492,90492,0,87328,12307,87312,87312,0,0,5,87328,16,/home/ltf/project/github/PCT/data/simulation_data/results0717_s4_material_calibration_air_pilot/run_005/PhaseSpaceIn.root,/home/ltf/project/github/PCT/data/simulation_data/results0717_s4_material_calibration_air_pilot/run_005/PhaseSpaceOut.root
100366,100366,0,91033,91033,0,87975,12391,87961,87961,0,0,6,87975,14,/home/ltf/project/github/PCT/data/simulation_data/results0717_s4_material_calibration_air_pilot/run_006/PhaseSpaceIn.root,/home/ltf/project/github/PCT/data/simulation_data/results0717_s4_material_calibration_air_pilot/run_006/PhaseSpaceOut.root
99987,99987,0,90877,90877,0,87704,12283,87692,87692,0,0,7,87704,12,/home/ltf/project/github/PCT/data/simulation_data/results0717_s4_material_calibration_air_pilot/run_007/PhaseSpaceIn.root,/home/ltf/project/github/PCT/data/simulation_data/results0717_s4_material_calibration_air_pilot/run_007/PhaseSpaceOut.root
99560,99560,0,90217,90217,0,87207,12353,87198,87198,0,0,8,87207,9,/home/ltf/project/github/PCT/data/simulation_data/results0717_s4_material_calibration_air_pilot/run_008/PhaseSpaceIn.root,/home/ltf/project/github/PCT/data/simulation_data/results0717_s4_material_calibration_air_pilot/run_008/PhaseSpaceOut.root
100685,100685,0,91187,91187,0,88108,12577,88095,88095,0,0,9,88108,13,/home/ltf/project/github/PCT/data/simulation_data/results0717_s4_material_calibration_air_pilot/run_009/PhaseSpaceIn.root,/home/ltf/project/github/PCT/data/simulation_data/results0717_s4_material_calibration_air_pilot/run_009/PhaseSpaceOut.root
100345,100345,0,91086,91086,0,88011,12334,88002,88002,0,0,10,88011,9,/home/ltf/project/github/PCT/data/simulation_data/results0717_s4_material_calibration_air_pilot/run_010/PhaseSpaceIn.root,/home/ltf/project/github/PCT/data/simulation_data/results0717_s4_material_calibration_air_pilot/run_010/PhaseSpaceOut.root
100201,100201,0,90964,90964,0,87776,12425,87762,87762,0,0,11,87776,14,/home/ltf/project/github/PCT/data/simulation_data/results0717_s4_material_calibration_air_pilot/run_011/PhaseSpaceIn.root,/home/ltf/project/github/PCT/data/simulation_data/results0717_s4_material_calibration_air_pilot/run_011/PhaseSpaceOut.root
100246,100246,0,91068,91068,0,88124,12122,88114,88114,0,0,12,88124,10,/home/ltf/project/github/PCT/data/simulation_data/results0717_s4_material_calibration_air_pilot/run_012/PhaseSpaceIn.root,/home/ltf/project/github/PCT/data/simulation_data/results0717_s4_material_calibration_air_pilot/run_012/PhaseSpaceOut.root
100156,100156,0,90857,90857,0,87864,12292,87849,87849,0,0,13,87864,15,/home/ltf/project/github/PCT/data/simulation_data/results0717_s4_material_calibration_air_pilot/run_013/PhaseSpaceIn.root,/home/ltf/project/github/PCT/data/simulation_data/results0717_s4_material_calibration_air_pilot/run_013/PhaseSpaceOut.root
99986,99986,0,90764,90764,0,87745,12241,87731,87731,0,0,14,87745,14,/home/ltf/project/github/PCT/data/simulation_data/results0717_s4_material_calibration_air_pilot/run_014/PhaseSpaceIn.root,/home/ltf/project/github/PCT/data/simulation_data/results0717_s4_material_calibration_air_pilot/run_014/PhaseSpaceOut.root
100100,100100,0,90777,90777,0,87800,12300,87788,87788,0,0,15,87800,12,/home/ltf/project/github/PCT/data/simulation_data/results0717_s4_material_calibration_air_pilot/run_015/PhaseSpaceIn.root,/home/ltf/project/github/PCT/data/simulation_data/results0717_s4_material_calibration_air_pilot/run_015/PhaseSpaceOut.root
100259,100259,0,91102,91102,0,88088,12171,88071,88071,0,0,16,88088,17,/home/ltf/project/github/PCT/data/simulation_data/results0717_s4_material_calibration_air_pilot/run_016/PhaseSpaceIn.root,/home/ltf/project/github/PCT/data/simulation_data/results0717_s4_material_calibration_air_pilot/run_016/PhaseSpaceOut.root
100006,100006,0,90954,90954,0,87893,12113,87887,87887,0,0,17,87893,6,/home/ltf/project/github/PCT/data/simulation_data/results0717_s4_material_calibration_air_pilot/run_017/PhaseSpaceIn.root,/home/ltf/project/github/PCT/data/simulation_data/results0717_s4_material_calibration_air_pilot/run_017/PhaseSpaceOut.root
99884,99884,0,90575,90575,0,87574,12310,87565,87565,0,0,18,87574,9,/home/ltf/project/github/PCT/data/simulation_data/results0717_s4_material_calibration_air_pilot/run_018/PhaseSpaceIn.root,/home/ltf/project/github/PCT/data/simulation_data/results0717_s4_material_calibration_air_pilot/run_018/PhaseSpaceOut.root
99736,99736,0,90720,90720,0,87653,12083,87640,87640,0,0,19,87653,13,/home/ltf/project/github/PCT/data/simulation_data/results0717_s4_material_calibration_air_pilot/run_019/PhaseSpaceIn.root,/home/ltf/project/github/PCT/data/simulation_data/results0717_s4_material_calibration_air_pilot/run_019/PhaseSpaceOut.root
100302,100302,0,91181,91181,0,88180,12122,88172,88172,0,0,20,88180,8,/home/ltf/project/github/PCT/data/simulation_data/results0717_s4_material_calibration_air_pilot/run_020/PhaseSpaceIn.root,/home/ltf/project/github/PCT/data/simulation_data/results0717_s4_material_calibration_air_pilot/run_020/PhaseSpaceOut.root
99857,99857,0,90693,90693,0,87640,12217,87632,87632,0,0,21,87640,8,/home/ltf/project/github/PCT/data/simulation_data/results0717_s4_material_calibration_air_pilot/run_021/PhaseSpaceIn.root,/home/ltf/project/github/PCT/data/simulation_data/results0717_s4_material_calibration_air_pilot/run_021/PhaseSpaceOut.root
100417,100417,0,90999,90999,0,87917,12500,87900,87900,0,0,22,87917,17,/home/ltf/project/github/PCT/data/simulation_data/results0717_s4_material_calibration_air_pilot/run_022/PhaseSpaceIn.root,/home/ltf/project/github/PCT/data/simulation_data/results0717_s4_material_calibration_air_pilot/run_022/PhaseSpaceOut.root
99998,99998,0,90869,90869,0,87857,12141,87842,87842,0,0,23,87857,15,/home/ltf/project/github/PCT/data/simulation_data/results0717_s4_material_calibration_air_pilot/run_023/PhaseSpaceIn.root,/home/ltf/project/github/PCT/data/simulation_data/results0717_s4_material_calibration_air_pilot/run_023/PhaseSpaceOut.root
100012,100012,0,90775,90775,0,87674,12338,87657,87657,0,0,24,87674,17,/home/ltf/project/github/PCT/data/simulation_data/results0717_s4_material_calibration_air_pilot/run_024/PhaseSpaceIn.root,/home/ltf/project/github/PCT/data/simulation_data/results0717_s4_material_calibration_air_pilot/run_024/PhaseSpaceOut.root
100281,100281,0,91095,91093,2,87987,12294,87974,87974,0,0,25,87987,13,/home/ltf/project/github/PCT/data/simulation_data/results0717_s4_material_calibration_air_pilot/run_025/PhaseSpaceIn.root,/home/ltf/project/github/PCT/data/simulation_data/results0717_s4_material_calibration_air_pilot/run_025/PhaseSpaceOut.root
100147,100147,0,90847,90847,0,87849,12298,87841,87841,0,0,26,87849,8,/home/ltf/project/github/PCT/data/simulation_data/results0717_s4_material_calibration_air_pilot/run_026/PhaseSpaceIn.root,/home/ltf/project/github/PCT/data/simulation_data/results0717_s4_material_calibration_air_pilot/run_026/PhaseSpaceOut.root
100038,100038,0,90977,90977,0,87870,12168,87848,87848,0,0,27,87870,22,/home/ltf/project/github/PCT/data/simulation_data/results0717_s4_material_calibration_air_pilot/run_027/PhaseSpaceIn.root,/home/ltf/project/github/PCT/data/simulation_data/results0717_s4_material_calibration_air_pilot/run_027/PhaseSpaceOut.root
100025,100024,1,90876,90875,1,87842,12182,87827,87827,0,0,28,87842,15,/home/ltf/project/github/PCT/data/simulation_data/results0717_s4_material_calibration_air_pilot/run_028/PhaseSpaceIn.root,/home/ltf/project/github/PCT/data/simulation_data/results0717_s4_material_calibration_air_pilot/run_028/PhaseSpaceOut.root
100200,100200,0,90840,90840,0,87760,12440,87751,87751,0,0,29,87760,9,/home/ltf/project/github/PCT/data/simulation_data/results0717_s4_material_calibration_air_pilot/run_029/PhaseSpaceIn.root,/home/ltf/project/github/PCT/data/simulation_data/results0717_s4_material_calibration_air_pilot/run_029/PhaseSpaceOut.root
100069,100069,0,91041,91041,0,87957,12112,87944,87944,0,0,30,87957,13,/home/ltf/project/github/PCT/data/simulation_data/results0717_s4_material_calibration_air_pilot/run_030/PhaseSpaceIn.root,/home/ltf/project/github/PCT/data/simulation_data/results0717_s4_material_calibration_air_pilot/run_030/PhaseSpaceOut.root
100471,100471,0,91185,91185,0,88148,12323,88138,88138,0,0,31,88148,10,/home/ltf/project/github/PCT/data/simulation_data/results0717_s4_material_calibration_air_pilot/run_031/PhaseSpaceIn.root,/home/ltf/project/github/PCT/data/simulation_data/results0717_s4_material_calibration_air_pilot/run_031/PhaseSpaceOut.root
100103,100103,0,90965,90965,0,88007,12096,87999,87999,0,0,32,88007,8,/home/ltf/project/github/PCT/data/simulation_data/results0717_s4_material_calibration_air_pilot/run_032/PhaseSpaceIn.root,/home/ltf/project/github/PCT/data/simulation_data/results0717_s4_material_calibration_air_pilot/run_032/PhaseSpaceOut.root
99838,99838,0,90646,90645,1,87615,12223,87601,87601,0,0,33,87615,14,/home/ltf/project/github/PCT/data/simulation_data/results0717_s4_material_calibration_air_pilot/run_033/PhaseSpaceIn.root,/home/ltf/project/github/PCT/data/simulation_data/results0717_s4_material_calibration_air_pilot/run_033/PhaseSpaceOut.root
99877,99877,0,90814,90814,0,87753,12124,87742,87742,0,0,34,87753,11,/home/ltf/project/github/PCT/data/simulation_data/results0717_s4_material_calibration_air_pilot/run_034/PhaseSpaceIn.root,/home/ltf/project/github/PCT/data/simulation_data/results0717_s4_material_calibration_air_pilot/run_034/PhaseSpaceOut.root
100240,100240,0,90995,90995,0,87917,12323,87909,87909,0,0,35,87917,8,/home/ltf/project/github/PCT/data/simulation_data/results0717_s4_material_calibration_air_pilot/run_035/PhaseSpaceIn.root,/home/ltf/project/github/PCT/data/simulation_data/results0717_s4_material_calibration_air_pilot/run_035/PhaseSpaceOut.root
99973,99973,0,90652,90652,0,87685,12288,87660,87660,0,0,36,87685,25,/home/ltf/project/github/PCT/data/simulation_data/results0717_s4_material_calibration_air_pilot/run_036/PhaseSpaceIn.root,/home/ltf/project/github/PCT/data/simulation_data/results0717_s4_material_calibration_air_pilot/run_036/PhaseSpaceOut.root
100747,100747,0,91615,91615,0,88556,12191,88543,88543,0,0,37,88556,13,/home/ltf/project/github/PCT/data/simulation_data/results0717_s4_material_calibration_air_pilot/run_037/PhaseSpaceIn.root,/home/ltf/project/github/PCT/data/simulation_data/results0717_s4_material_calibration_air_pilot/run_037/PhaseSpaceOut.root
99908,99908,0,90689,90689,0,87615,12293,87602,87602,0,0,38,87615,13,/home/ltf/project/github/PCT/data/simulation_data/results0717_s4_material_calibration_air_pilot/run_038/PhaseSpaceIn.root,/home/ltf/project/github/PCT/data/simulation_data/results0717_s4_material_calibration_air_pilot/run_038/PhaseSpaceOut.root
100263,100263,0,91017,91017,0,87862,12401,87848,87848,0,0,39,87862,14,/home/ltf/project/github/PCT/data/simulation_data/results0717_s4_material_calibration_air_pilot/run_039/PhaseSpaceIn.root,/home/ltf/project/github/PCT/data/simulation_data/results0717_s4_material_calibration_air_pilot/run_039/PhaseSpaceOut.root
99974,99974,0,90719,90719,0,87693,12281,87685,87685,0,0,40,87693,8,/home/ltf/project/github/PCT/data/simulation_data/results0717_s4_material_calibration_air_pilot/run_040/PhaseSpaceIn.root,/home/ltf/project/github/PCT/data/simulation_data/results0717_s4_material_calibration_air_pilot/run_040/PhaseSpaceOut.root
99690,99690,0,90566,90566,0,87596,12094,87588,87588,0,0,41,87596,8,/home/ltf/project/github/PCT/data/simulation_data/results0717_s4_material_calibration_air_pilot/run_041/PhaseSpaceIn.root,/home/ltf/project/github/PCT/data/simulation_data/results0717_s4_material_calibration_air_pilot/run_041/PhaseSpaceOut.root
99799,99799,0,90565,90565,0,87612,12187,87598,87598,0,0,42,87612,14,/home/ltf/project/github/PCT/data/simulation_data/results0717_s4_material_calibration_air_pilot/run_042/PhaseSpaceIn.root,/home/ltf/project/github/PCT/data/simulation_data/results0717_s4_material_calibration_air_pilot/run_042/PhaseSpaceOut.root
99939,99939,0,90586,90586,0,87649,12290,87632,87632,0,0,43,87649,17,/home/ltf/project/github/PCT/data/simulation_data/results0717_s4_material_calibration_air_pilot/run_043/PhaseSpaceIn.root,/home/ltf/project/github/PCT/data/simulation_data/results0717_s4_material_calibration_air_pilot/run_043/PhaseSpaceOut.root
100662,100662,0,91433,91433,0,88354,12308,88341,88341,0,0,44,88354,13,/home/ltf/project/github/PCT/data/simulation_data/results0717_s4_material_calibration_air_pilot/run_044/PhaseSpaceIn.root,/home/ltf/project/github/PCT/data/simulation_data/results0717_s4_material_calibration_air_pilot/run_044/PhaseSpaceOut.root
100195,100195,0,91190,91189,1,88052,12143,88039,88039,0,0,45,88052,13,/home/ltf/project/github/PCT/data/simulation_data/results0717_s4_material_calibration_air_pilot/run_045/PhaseSpaceIn.root,/home/ltf/project/github/PCT/data/simulation_data/results0717_s4_material_calibration_air_pilot/run_045/PhaseSpaceOut.root
99853,99853,0,90806,90806,0,87734,12119,87728,87728,0,0,46,87734,6,/home/ltf/project/github/PCT/data/simulation_data/results0717_s4_material_calibration_air_pilot/run_046/PhaseSpaceIn.root,/home/ltf/project/github/PCT/data/simulation_data/results0717_s4_material_calibration_air_pilot/run_046/PhaseSpaceOut.root
100138,100138,0,91010,91010,0,87787,12351,87774,87774,0,0,47,87787,13,/home/ltf/project/github/PCT/data/simulation_data/results0717_s4_material_calibration_air_pilot/run_047/PhaseSpaceIn.root,/home/ltf/project/github/PCT/data/simulation_data/results0717_s4_material_calibration_air_pilot/run_047/PhaseSpaceOut.root
99408,99408,0,90392,90392,0,87425,11983,87411,87411,0,0,48,87425,14,/home/ltf/project/github/PCT/data/simulation_data/results0717_s4_material_calibration_air_pilot/run_048/PhaseSpaceIn.root,/home/ltf/project/github/PCT/data/simulation_data/results0717_s4_material_calibration_air_pilot/run_048/PhaseSpaceOut.root
99768,99768,0,90590,90589,1,87556,12212,87543,87543,0,0,49,87556,13,/home/ltf/project/github/PCT/data/simulation_data/results0717_s4_material_calibration_air_pilot/run_049/PhaseSpaceIn.root,/home/ltf/project/github/PCT/data/simulation_data/results0717_s4_material_calibration_air_pilot/run_049/PhaseSpaceOut.root
99910,99910,0,90699,90699,0,87634,12276,87621,87621,0,0,50,87634,13,/home/ltf/project/github/PCT/data/simulation_data/results0717_s4_material_calibration_air_pilot/run_050/PhaseSpaceIn.root,/home/ltf/project/github/PCT/data/simulation_data/results0717_s4_material_calibration_air_pilot/run_050/PhaseSpaceOut.root
99651,99651,0,90524,90524,0,87543,12108,87529,87529,0,0,51,87543,14,/home/ltf/project/github/PCT/data/simulation_data/results0717_s4_material_calibration_air_pilot/run_051/PhaseSpaceIn.root,/home/ltf/project/github/PCT/data/simulation_data/results0717_s4_material_calibration_air_pilot/run_051/PhaseSpaceOut.root
100286,100286,0,91243,91242,1,88118,12168,88111,88111,0,0,52,88118,7,/home/ltf/project/github/PCT/data/simulation_data/results0717_s4_material_calibration_air_pilot/run_052/PhaseSpaceIn.root,/home/ltf/project/github/PCT/data/simulation_data/results0717_s4_material_calibration_air_pilot/run_052/PhaseSpaceOut.root
99725,99725,0,90603,90603,0,87400,12325,87392,87392,0,0,53,87400,8,/home/ltf/project/github/PCT/data/simulation_data/results0717_s4_material_calibration_air_pilot/run_053/PhaseSpaceIn.root,/home/ltf/project/github/PCT/data/simulation_data/results0717_s4_material_calibration_air_pilot/run_053/PhaseSpaceOut.root
99276,99276,0,90225,90225,0,87273,12003,87267,87267,0,0,54,87273,6,/home/ltf/project/github/PCT/data/simulation_data/results0717_s4_material_calibration_air_pilot/run_054/PhaseSpaceIn.root,/home/ltf/project/github/PCT/data/simulation_data/results0717_s4_material_calibration_air_pilot/run_054/PhaseSpaceOut.root
99766,99766,0,90533,90533,0,87439,12327,87427,87427,0,0,55,87439,12,/home/ltf/project/github/PCT/data/simulation_data/results0717_s4_material_calibration_air_pilot/run_055/PhaseSpaceIn.root,/home/ltf/project/github/PCT/data/simulation_data/results0717_s4_material_calibration_air_pilot/run_055/PhaseSpaceOut.root
100265,100265,0,91211,91211,0,88220,12045,88212,88212,0,0,56,88220,8,/home/ltf/project/github/PCT/data/simulation_data/results0717_s4_material_calibration_air_pilot/run_056/PhaseSpaceIn.root,/home/ltf/project/github/PCT/data/simulation_data/results0717_s4_material_calibration_air_pilot/run_056/PhaseSpaceOut.root
99851,99851,0,90786,90786,0,87871,11980,87860,87860,0,0,57,87871,11,/home/ltf/project/github/PCT/data/simulation_data/results0717_s4_material_calibration_air_pilot/run_057/PhaseSpaceIn.root,/home/ltf/project/github/PCT/data/simulation_data/results0717_s4_material_calibration_air_pilot/run_057/PhaseSpaceOut.root
99942,99942,0,90701,90701,0,87695,12247,87682,87682,0,0,58,87695,13,/home/ltf/project/github/PCT/data/simulation_data/results0717_s4_material_calibration_air_pilot/run_058/PhaseSpaceIn.root,/home/ltf/project/github/PCT/data/simulation_data/results0717_s4_material_calibration_air_pilot/run_058/PhaseSpaceOut.root
99337,99337,0,90112,90112,0,87102,12235,87094,87094,0,0,59,87102,8,/home/ltf/project/github/PCT/data/simulation_data/results0717_s4_material_calibration_air_pilot/run_059/PhaseSpaceIn.root,/home/ltf/project/github/PCT/data/simulation_data/results0717_s4_material_calibration_air_pilot/run_059/PhaseSpaceOut.root
100028,100028,0,90752,90752,0,87623,12405,87616,87616,0,0,60,87623,7,/home/ltf/project/github/PCT/data/simulation_data/results0717_s4_material_calibration_air_pilot/run_060/PhaseSpaceIn.root,/home/ltf/project/github/PCT/data/simulation_data/results0717_s4_material_calibration_air_pilot/run_060/PhaseSpaceOut.root
100749,100749,0,91401,91401,0,88351,12398,88338,88338,0,0,61,88351,13,/home/ltf/project/github/PCT/data/simulation_data/results0717_s4_material_calibration_air_pilot/run_061/PhaseSpaceIn.root,/home/ltf/project/github/PCT/data/simulation_data/results0717_s4_material_calibration_air_pilot/run_061/PhaseSpaceOut.root
100745,100745,0,91538,91538,0,88490,12255,88480,88480,0,0,62,88490,10,/home/ltf/project/github/PCT/data/simulation_data/results0717_s4_material_calibration_air_pilot/run_062/PhaseSpaceIn.root,/home/ltf/project/github/PCT/data/simulation_data/results0717_s4_material_calibration_air_pilot/run_062/PhaseSpaceOut.root
100339,100339,0,91132,91132,0,88056,12283,88040,88040,0,0,63,88056,16,/home/ltf/project/github/PCT/data/simulation_data/results0717_s4_material_calibration_air_pilot/run_063/PhaseSpaceIn.root,/home/ltf/project/github/PCT/data/simulation_data/results0717_s4_material_calibration_air_pilot/run_063/PhaseSpaceOut.root
99967,99967,0,90685,90685,0,87550,12417,87531,87531,0,0,64,87550,19,/home/ltf/project/github/PCT/data/simulation_data/results0717_s4_material_calibration_air_pilot/run_064/PhaseSpaceIn.root,/home/ltf/project/github/PCT/data/simulation_data/results0717_s4_material_calibration_air_pilot/run_064/PhaseSpaceOut.root
100597,100597,0,91478,91478,0,88370,12227,88360,88360,0,0,65,88370,10,/home/ltf/project/github/PCT/data/simulation_data/results0717_s4_material_calibration_air_pilot/run_065/PhaseSpaceIn.root,/home/ltf/project/github/PCT/data/simulation_data/results0717_s4_material_calibration_air_pilot/run_065/PhaseSpaceOut.root
100315,100315,0,91095,91094,1,88060,12255,88045,88045,0,0,66,88060,15,/home/ltf/project/github/PCT/data/simulation_data/results0717_s4_material_calibration_air_pilot/run_066/PhaseSpaceIn.root,/home/ltf/project/github/PCT/data/simulation_data/results0717_s4_material_calibration_air_pilot/run_066/PhaseSpaceOut.root
99881,99881,0,90755,90755,0,87704,12177,87691,87691,0,0,67,87704,13,/home/ltf/project/github/PCT/data/simulation_data/results0717_s4_material_calibration_air_pilot/run_067/PhaseSpaceIn.root,/home/ltf/project/github/PCT/data/simulation_data/results0717_s4_material_calibration_air_pilot/run_067/PhaseSpaceOut.root
100637,100637,0,91421,91421,0,88321,12316,88297,88297,0,0,68,88321,24,/home/ltf/project/github/PCT/data/simulation_data/results0717_s4_material_calibration_air_pilot/run_068/PhaseSpaceIn.root,/home/ltf/project/github/PCT/data/simulation_data/results0717_s4_material_calibration_air_pilot/run_068/PhaseSpaceOut.root
100117,100117,0,91007,91007,0,87936,12181,87919,87919,0,0,69,87936,17,/home/ltf/project/github/PCT/data/simulation_data/results0717_s4_material_calibration_air_pilot/run_069/PhaseSpaceIn.root,/home/ltf/project/github/PCT/data/simulation_data/results0717_s4_material_calibration_air_pilot/run_069/PhaseSpaceOut.root
100125,100125,0,90787,90787,0,87796,12329,87778,87778,0,0,70,87796,18,/home/ltf/project/github/PCT/data/simulation_data/results0717_s4_material_calibration_air_pilot/run_070/PhaseSpaceIn.root,/home/ltf/project/github/PCT/data/simulation_data/results0717_s4_material_calibration_air_pilot/run_070/PhaseSpaceOut.root
100190,100190,0,90941,90941,0,87829,12361,87822,87822,0,0,71,87829,7,/home/ltf/project/github/PCT/data/simulation_data/results0717_s4_material_calibration_air_pilot/run_071/PhaseSpaceIn.root,/home/ltf/project/github/PCT/data/simulation_data/results0717_s4_material_calibration_air_pilot/run_071/PhaseSpaceOut.root
99640,99640,0,90478,90478,0,87589,12051,87569,87569,0,0,72,87589,20,/home/ltf/project/github/PCT/data/simulation_data/results0717_s4_material_calibration_air_pilot/run_072/PhaseSpaceIn.root,/home/ltf/project/github/PCT/data/simulation_data/results0717_s4_material_calibration_air_pilot/run_072/PhaseSpaceOut.root
100037,100037,0,90878,90878,0,87771,12266,87759,87759,0,0,73,87771,12,/home/ltf/project/github/PCT/data/simulation_data/results0717_s4_material_calibration_air_pilot/run_073/PhaseSpaceIn.root,/home/ltf/project/github/PCT/data/simulation_data/results0717_s4_material_calibration_air_pilot/run_073/PhaseSpaceOut.root
99896,99896,0,90532,90532,0,87516,12380,87506,87506,0,0,74,87516,10,/home/ltf/project/github/PCT/data/simulation_data/results0717_s4_material_calibration_air_pilot/run_074/PhaseSpaceIn.root,/home/ltf/project/github/PCT/data/simulation_data/results0717_s4_material_calibration_air_pilot/run_074/PhaseSpaceOut.root
99594,99594,0,90418,90418,0,87388,12206,87379,87379,0,0,75,87388,9,/home/ltf/project/github/PCT/data/simulation_data/results0717_s4_material_calibration_air_pilot/run_075/PhaseSpaceIn.root,/home/ltf/project/github/PCT/data/simulation_data/results0717_s4_material_calibration_air_pilot/run_075/PhaseSpaceOut.root
100036,100036,0,90771,90771,0,87740,12296,87723,87723,0,0,76,87740,17,/home/ltf/project/github/PCT/data/simulation_data/results0717_s4_material_calibration_air_pilot/run_076/PhaseSpaceIn.root,/home/ltf/project/github/PCT/data/simulation_data/results0717_s4_material_calibration_air_pilot/run_076/PhaseSpaceOut.root
99560,99560,0,90461,90461,0,87462,12098,87449,87449,0,0,77,87462,13,/home/ltf/project/github/PCT/data/simulation_data/results0717_s4_material_calibration_air_pilot/run_077/PhaseSpaceIn.root,/home/ltf/project/github/PCT/data/simulation_data/results0717_s4_material_calibration_air_pilot/run_077/PhaseSpaceOut.root
99922,99922,0,90644,90644,0,87660,12262,87648,87648,0,0,78,87660,12,/home/ltf/project/github/PCT/data/simulation_data/results0717_s4_material_calibration_air_pilot/run_078/PhaseSpaceIn.root,/home/ltf/project/github/PCT/data/simulation_data/results0717_s4_material_calibration_air_pilot/run_078/PhaseSpaceOut.root
100009,100009,0,90787,90787,0,87695,12314,87681,87681,0,0,79,87695,14,/home/ltf/project/github/PCT/data/simulation_data/results0717_s4_material_calibration_air_pilot/run_079/PhaseSpaceIn.root,/home/ltf/project/github/PCT/data/simulation_data/results0717_s4_material_calibration_air_pilot/run_079/PhaseSpaceOut.root
100404,100404,0,91143,91143,0,88181,12223,88161,88161,0,0,80,88181,20,/home/ltf/project/github/PCT/data/simulation_data/results0717_s4_material_calibration_air_pilot/run_080/PhaseSpaceIn.root,/home/ltf/project/github/PCT/data/simulation_data/results0717_s4_material_calibration_air_pilot/run_080/PhaseSpaceOut.root
100128,100128,0,90975,90975,0,87926,12202,87918,87918,0,0,81,87926,8,/home/ltf/project/github/PCT/data/simulation_data/results0717_s4_material_calibration_air_pilot/run_081/PhaseSpaceIn.root,/home/ltf/project/github/PCT/data/simulation_data/results0717_s4_material_calibration_air_pilot/run_081/PhaseSpaceOut.root
100101,100101,0,90877,90877,0,87779,12322,87767,87767,0,0,82,87779,12,/home/ltf/project/github/PCT/data/simulation_data/results0717_s4_material_calibration_air_pilot/run_082/PhaseSpaceIn.root,/home/ltf/project/github/PCT/data/simulation_data/results0717_s4_material_calibration_air_pilot/run_082/PhaseSpaceOut.root
100184,100183,1,91064,91064,0,88079,12104,88063,88063,0,0,83,88079,16,/home/ltf/project/github/PCT/data/simulation_data/results0717_s4_material_calibration_air_pilot/run_083/PhaseSpaceIn.root,/home/ltf/project/github/PCT/data/simulation_data/results0717_s4_material_calibration_air_pilot/run_083/PhaseSpaceOut.root
100014,100014,0,90897,90897,0,87869,12145,87857,87857,0,0,84,87869,12,/home/ltf/project/github/PCT/data/simulation_data/results0717_s4_material_calibration_air_pilot/run_084/PhaseSpaceIn.root,/home/ltf/project/github/PCT/data/simulation_data/results0717_s4_material_calibration_air_pilot/run_084/PhaseSpaceOut.root
99857,99857,0,90643,90643,0,87535,12322,87524,87524,0,0,85,87535,11,/home/ltf/project/github/PCT/data/simulation_data/results0717_s4_material_calibration_air_pilot/run_085/PhaseSpaceIn.root,/home/ltf/project/github/PCT/data/simulation_data/results0717_s4_material_calibration_air_pilot/run_085/PhaseSpaceOut.root
99754,99754,0,90587,90587,0,87522,12232,87508,87508,0,0,86,87522,14,/home/ltf/project/github/PCT/data/simulation_data/results0717_s4_material_calibration_air_pilot/run_086/PhaseSpaceIn.root,/home/ltf/project/github/PCT/data/simulation_data/results0717_s4_material_calibration_air_pilot/run_086/PhaseSpaceOut.root
100085,100085,0,90845,90845,0,87839,12246,87828,87828,0,0,87,87839,11,/home/ltf/project/github/PCT/data/simulation_data/results0717_s4_material_calibration_air_pilot/run_087/PhaseSpaceIn.root,/home/ltf/project/github/PCT/data/simulation_data/results0717_s4_material_calibration_air_pilot/run_087/PhaseSpaceOut.root
99965,99965,0,90775,90775,0,87692,12273,87676,87676,0,0,88,87692,16,/home/ltf/project/github/PCT/data/simulation_data/results0717_s4_material_calibration_air_pilot/run_088/PhaseSpaceIn.root,/home/ltf/project/github/PCT/data/simulation_data/results0717_s4_material_calibration_air_pilot/run_088/PhaseSpaceOut.root
100377,100377,0,90982,90982,0,87894,12483,87883,87883,0,0,89,87894,11,/home/ltf/project/github/PCT/data/simulation_data/results0717_s4_material_calibration_air_pilot/run_089/PhaseSpaceIn.root,/home/ltf/project/github/PCT/data/simulation_data/results0717_s4_material_calibration_air_pilot/run_089/PhaseSpaceOut.root
100041,100041,0,90735,90734,1,87634,12407,87622,87622,0,0,90,87634,12,/home/ltf/project/github/PCT/data/simulation_data/results0717_s4_material_calibration_air_pilot/run_090/PhaseSpaceIn.root,/home/ltf/project/github/PCT/data/simulation_data/results0717_s4_material_calibration_air_pilot/run_090/PhaseSpaceOut.root
99999,99999,0,90926,90926,0,87872,12127,87860,87860,0,0,91,87872,12,/home/ltf/project/github/PCT/data/simulation_data/results0717_s4_material_calibration_air_pilot/run_091/PhaseSpaceIn.root,/home/ltf/project/github/PCT/data/simulation_data/results0717_s4_material_calibration_air_pilot/run_091/PhaseSpaceOut.root
99889,99888,1,90633,90633,0,87614,12274,87596,87596,0,0,92,87614,18,/home/ltf/project/github/PCT/data/simulation_data/results0717_s4_material_calibration_air_pilot/run_092/PhaseSpaceIn.root,/home/ltf/project/github/PCT/data/simulation_data/results0717_s4_material_calibration_air_pilot/run_092/PhaseSpaceOut.root
99776,99776,0,90678,90678,0,87587,12189,87576,87576,0,0,93,87587,11,/home/ltf/project/github/PCT/data/simulation_data/results0717_s4_material_calibration_air_pilot/run_093/PhaseSpaceIn.root,/home/ltf/project/github/PCT/data/simulation_data/results0717_s4_material_calibration_air_pilot/run_093/PhaseSpaceOut.root
100369,100369,0,91092,91092,0,88108,12261,88097,88097,0,0,94,88108,11,/home/ltf/project/github/PCT/data/simulation_data/results0717_s4_material_calibration_air_pilot/run_094/PhaseSpaceIn.root,/home/ltf/project/github/PCT/data/simulation_data/results0717_s4_material_calibration_air_pilot/run_094/PhaseSpaceOut.root
100298,100298,0,91077,91077,0,88052,12246,88041,88041,0,0,95,88052,11,/home/ltf/project/github/PCT/data/simulation_data/results0717_s4_material_calibration_air_pilot/run_095/PhaseSpaceIn.root,/home/ltf/project/github/PCT/data/simulation_data/results0717_s4_material_calibration_air_pilot/run_095/PhaseSpaceOut.root
99393,99393,0,90176,90176,0,87150,12243,87131,87131,0,0,96,87150,19,/home/ltf/project/github/PCT/data/simulation_data/results0717_s4_material_calibration_air_pilot/run_096/PhaseSpaceIn.root,/home/ltf/project/github/PCT/data/simulation_data/results0717_s4_material_calibration_air_pilot/run_096/PhaseSpaceOut.root
100218,100218,0,90962,90962,0,87925,12293,87917,87917,0,0,97,87925,8,/home/ltf/project/github/PCT/data/simulation_data/results0717_s4_material_calibration_air_pilot/run_097/PhaseSpaceIn.root,/home/ltf/project/github/PCT/data/simulation_data/results0717_s4_material_calibration_air_pilot/run_097/PhaseSpaceOut.root
99369,99369,0,90285,90285,0,87186,12183,87171,87171,0,0,98,87186,15,/home/ltf/project/github/PCT/data/simulation_data/results0717_s4_material_calibration_air_pilot/run_098/PhaseSpaceIn.root,/home/ltf/project/github/PCT/data/simulation_data/results0717_s4_material_calibration_air_pilot/run_098/PhaseSpaceOut.root
99802,99802,0,90802,90802,0,87741,12061,87726,87726,0,0,99,87741,15,/home/ltf/project/github/PCT/data/simulation_data/results0717_s4_material_calibration_air_pilot/run_099/PhaseSpaceIn.root,/home/ltf/project/github/PCT/data/simulation_data/results0717_s4_material_calibration_air_pilot/run_099/PhaseSpaceOut.root
99443,99443,0,90363,90363,0,87416,12027,87403,87403,0,0,100,87416,13,/home/ltf/project/github/PCT/data/simulation_data/results0717_s4_material_calibration_air_pilot/run_100/PhaseSpaceIn.root,/home/ltf/project/github/PCT/data/simulation_data/results0717_s4_material_calibration_air_pilot/run_100/PhaseSpaceOut.root
99759,99759,0,90672,90672,0,87642,12117,87629,87629,0,0,101,87642,13,/home/ltf/project/github/PCT/data/simulation_data/results0717_s4_material_calibration_air_pilot/run_101/PhaseSpaceIn.root,/home/ltf/project/github/PCT/data/simulation_data/results0717_s4_material_calibration_air_pilot/run_101/PhaseSpaceOut.root
99665,99665,0,90477,90477,0,87405,12260,87394,87394,0,0,102,87405,11,/home/ltf/project/github/PCT/data/simulation_data/results0717_s4_material_calibration_air_pilot/run_102/PhaseSpaceIn.root,/home/ltf/project/github/PCT/data/simulation_data/results0717_s4_material_calibration_air_pilot/run_102/PhaseSpaceOut.root
100354,100354,0,91018,91018,0,87946,12408,87933,87933,0,0,103,87946,13,/home/ltf/project/github/PCT/data/simulation_data/results0717_s4_material_calibration_air_pilot/run_103/PhaseSpaceIn.root,/home/ltf/project/github/PCT/data/simulation_data/results0717_s4_material_calibration_air_pilot/run_103/PhaseSpaceOut.root
100695,100695,0,91454,91454,0,88402,12293,88385,88385,0,0,104,88402,17,/home/ltf/project/github/PCT/data/simulation_data/results0717_s4_material_calibration_air_pilot/run_104/PhaseSpaceIn.root,/home/ltf/project/github/PCT/data/simulation_data/results0717_s4_material_calibration_air_pilot/run_104/PhaseSpaceOut.root
99852,99852,0,90587,90587,0,87551,12301,87539,87539,0,0,105,87551,12,/home/ltf/project/github/PCT/data/simulation_data/results0717_s4_material_calibration_air_pilot/run_105/PhaseSpaceIn.root,/home/ltf/project/github/PCT/data/simulation_data/results0717_s4_material_calibration_air_pilot/run_105/PhaseSpaceOut.root
99993,99993,0,90869,90869,0,87875,12118,87861,87861,0,0,106,87875,14,/home/ltf/project/github/PCT/data/simulation_data/results0717_s4_material_calibration_air_pilot/run_106/PhaseSpaceIn.root,/home/ltf/project/github/PCT/data/simulation_data/results0717_s4_material_calibration_air_pilot/run_106/PhaseSpaceOut.root
99535,99535,0,90312,90312,0,87284,12251,87273,87273,0,0,107,87284,11,/home/ltf/project/github/PCT/data/simulation_data/results0717_s4_material_calibration_air_pilot/run_107/PhaseSpaceIn.root,/home/ltf/project/github/PCT/data/simulation_data/results0717_s4_material_calibration_air_pilot/run_107/PhaseSpaceOut.root
100327,100327,0,91149,91149,0,88109,12218,88097,88097,0,0,108,88109,12,/home/ltf/project/github/PCT/data/simulation_data/results0717_s4_material_calibration_air_pilot/run_108/PhaseSpaceIn.root,/home/ltf/project/github/PCT/data/simulation_data/results0717_s4_material_calibration_air_pilot/run_108/PhaseSpaceOut.root
100301,100301,0,91186,91186,0,88100,12201,88090,88090,0,0,109,88100,10,/home/ltf/project/github/PCT/data/simulation_data/results0717_s4_material_calibration_air_pilot/run_109/PhaseSpaceIn.root,/home/ltf/project/github/PCT/data/simulation_data/results0717_s4_material_calibration_air_pilot/run_109/PhaseSpaceOut.root
100085,100085,0,90784,90784,0,87627,12458,87621,87621,0,0,110,87627,6,/home/ltf/project/github/PCT/data/simulation_data/results0717_s4_material_calibration_air_pilot/run_110/PhaseSpaceIn.root,/home/ltf/project/github/PCT/data/simulation_data/results0717_s4_material_calibration_air_pilot/run_110/PhaseSpaceOut.root
99698,99698,0,90418,90418,0,87385,12313,87372,87372,0,0,111,87385,13,/home/ltf/project/github/PCT/data/simulation_data/results0717_s4_material_calibration_air_pilot/run_111/PhaseSpaceIn.root,/home/ltf/project/github/PCT/data/simulation_data/results0717_s4_material_calibration_air_pilot/run_111/PhaseSpaceOut.root
99892,99892,0,90866,90866,0,87849,12043,87825,87825,0,0,112,87849,24,/home/ltf/project/github/PCT/data/simulation_data/results0717_s4_material_calibration_air_pilot/run_112/PhaseSpaceIn.root,/home/ltf/project/github/PCT/data/simulation_data/results0717_s4_material_calibration_air_pilot/run_112/PhaseSpaceOut.root
99649,99649,0,90508,90508,0,87471,12178,87458,87458,0,0,113,87471,13,/home/ltf/project/github/PCT/data/simulation_data/results0717_s4_material_calibration_air_pilot/run_113/PhaseSpaceIn.root,/home/ltf/project/github/PCT/data/simulation_data/results0717_s4_material_calibration_air_pilot/run_113/PhaseSpaceOut.root
99893,99893,0,90678,90678,0,87487,12406,87473,87473,0,0,114,87487,14,/home/ltf/project/github/PCT/data/simulation_data/results0717_s4_material_calibration_air_pilot/run_114/PhaseSpaceIn.root,/home/ltf/project/github/PCT/data/simulation_data/results0717_s4_material_calibration_air_pilot/run_114/PhaseSpaceOut.root
99388,99388,0,90187,90187,0,87098,12290,87083,87083,0,0,115,87098,15,/home/ltf/project/github/PCT/data/simulation_data/results0717_s4_material_calibration_air_pilot/run_115/PhaseSpaceIn.root,/home/ltf/project/github/PCT/data/simulation_data/results0717_s4_material_calibration_air_pilot/run_115/PhaseSpaceOut.root
100334,100334,0,91187,91187,0,88117,12217,88098,88098,0,0,116,88117,19,/home/ltf/project/github/PCT/data/simulation_data/results0717_s4_material_calibration_air_pilot/run_116/PhaseSpaceIn.root,/home/ltf/project/github/PCT/data/simulation_data/results0717_s4_material_calibration_air_pilot/run_116/PhaseSpaceOut.root
99836,99836,0,90893,90893,0,87810,12026,87797,87797,0,0,117,87810,13,/home/ltf/project/github/PCT/data/simulation_data/results0717_s4_material_calibration_air_pilot/run_117/PhaseSpaceIn.root,/home/ltf/project/github/PCT/data/simulation_data/results0717_s4_material_calibration_air_pilot/run_117/PhaseSpaceOut.root
99481,99481,0,90478,90478,0,87465,12016,87452,87452,0,0,118,87465,13,/home/ltf/project/github/PCT/data/simulation_data/results0717_s4_material_calibration_air_pilot/run_118/PhaseSpaceIn.root,/home/ltf/project/github/PCT/data/simulation_data/results0717_s4_material_calibration_air_pilot/run_118/PhaseSpaceOut.root
99806,99806,0,90675,90675,0,87656,12150,87649,87649,0,0,119,87656,7,/home/ltf/project/github/PCT/data/simulation_data/results0717_s4_material_calibration_air_pilot/run_119/PhaseSpaceIn.root,/home/ltf/project/github/PCT/data/simulation_data/results0717_s4_material_calibration_air_pilot/run_119/PhaseSpaceOut.root
100030,100030,0,90810,90810,0,87735,12295,87724,87724,0,0,120,87735,11,/home/ltf/project/github/PCT/data/simulation_data/results0717_s4_material_calibration_air_pilot/run_120/PhaseSpaceIn.root,/home/ltf/project/github/PCT/data/simulation_data/results0717_s4_material_calibration_air_pilot/run_120/PhaseSpaceOut.root
100165,100165,0,90993,90993,0,87925,12240,87916,87916,0,0,121,87925,9,/home/ltf/project/github/PCT/data/simulation_data/results0717_s4_material_calibration_air_pilot/run_121/PhaseSpaceIn.root,/home/ltf/project/github/PCT/data/simulation_data/results0717_s4_material_calibration_air_pilot/run_121/PhaseSpaceOut.root
100047,100047,0,90935,90935,0,87802,12245,87783,87783,0,0,122,87802,19,/home/ltf/project/github/PCT/data/simulation_data/results0717_s4_material_calibration_air_pilot/run_122/PhaseSpaceIn.root,/home/ltf/project/github/PCT/data/simulation_data/results0717_s4_material_calibration_air_pilot/run_122/PhaseSpaceOut.root
100147,100147,0,90949,90949,0,87862,12285,87845,87845,0,0,123,87862,17,/home/ltf/project/github/PCT/data/simulation_data/results0717_s4_material_calibration_air_pilot/run_123/PhaseSpaceIn.root,/home/ltf/project/github/PCT/data/simulation_data/results0717_s4_material_calibration_air_pilot/run_123/PhaseSpaceOut.root
100040,100040,0,90890,90890,0,87736,12304,87723,87723,0,0,124,87736,13,/home/ltf/project/github/PCT/data/simulation_data/results0717_s4_material_calibration_air_pilot/run_124/PhaseSpaceIn.root,/home/ltf/project/github/PCT/data/simulation_data/results0717_s4_material_calibration_air_pilot/run_124/PhaseSpaceOut.root
99380,99380,0,90123,90123,0,87047,12333,87033,87033,0,0,125,87047,14,/home/ltf/project/github/PCT/data/simulation_data/results0717_s4_material_calibration_air_pilot/run_125/PhaseSpaceIn.root,/home/ltf/project/github/PCT/data/simulation_data/results0717_s4_material_calibration_air_pilot/run_125/PhaseSpaceOut.root
100341,100341,0,91127,91127,0,88023,12318,88008,88008,0,0,126,88023,15,/home/ltf/project/github/PCT/data/simulation_data/results0717_s4_material_calibration_air_pilot/run_126/PhaseSpaceIn.root,/home/ltf/project/github/PCT/data/simulation_data/results0717_s4_material_calibration_air_pilot/run_126/PhaseSpaceOut.root
99548,99548,0,90504,90504,0,87508,12040,87496,87496,0,0,127,87508,12,/home/ltf/project/github/PCT/data/simulation_data/results0717_s4_material_calibration_air_pilot/run_127/PhaseSpaceIn.root,/home/ltf/project/github/PCT/data/simulation_data/results0717_s4_material_calibration_air_pilot/run_127/PhaseSpaceOut.root
99596,99596,0,90416,90416,0,87353,12243,87341,87341,0,0,128,87353,12,/home/ltf/project/github/PCT/data/simulation_data/results0717_s4_material_calibration_air_pilot/run_128/PhaseSpaceIn.root,/home/ltf/project/github/PCT/data/simulation_data/results0717_s4_material_calibration_air_pilot/run_128/PhaseSpaceOut.root
99846,99846,0,90791,90791,0,87720,12126,87707,87707,0,0,129,87720,13,/home/ltf/project/github/PCT/data/simulation_data/results0717_s4_material_calibration_air_pilot/run_129/PhaseSpaceIn.root,/home/ltf/project/github/PCT/data/simulation_data/results0717_s4_material_calibration_air_pilot/run_129/PhaseSpaceOut.root
100343,100343,0,91116,91116,0,88019,12324,88003,88003,0,0,130,88019,16,/home/ltf/project/github/PCT/data/simulation_data/results0717_s4_material_calibration_air_pilot/run_130/PhaseSpaceIn.root,/home/ltf/project/github/PCT/data/simulation_data/results0717_s4_material_calibration_air_pilot/run_130/PhaseSpaceOut.root
99892,99892,0,90933,90933,0,87780,12112,87768,87768,0,0,131,87780,12,/home/ltf/project/github/PCT/data/simulation_data/results0717_s4_material_calibration_air_pilot/run_131/PhaseSpaceIn.root,/home/ltf/project/github/PCT/data/simulation_data/results0717_s4_material_calibration_air_pilot/run_131/PhaseSpaceOut.root
100045,100045,0,90867,90867,0,87604,12441,87591,87591,0,0,132,87604,13,/home/ltf/project/github/PCT/data/simulation_data/results0717_s4_material_calibration_air_pilot/run_132/PhaseSpaceIn.root,/home/ltf/project/github/PCT/data/simulation_data/results0717_s4_material_calibration_air_pilot/run_132/PhaseSpaceOut.root
99621,99621,0,90345,90345,0,87261,12360,87238,87238,0,0,133,87261,23,/home/ltf/project/github/PCT/data/simulation_data/results0717_s4_material_calibration_air_pilot/run_133/PhaseSpaceIn.root,/home/ltf/project/github/PCT/data/simulation_data/results0717_s4_material_calibration_air_pilot/run_133/PhaseSpaceOut.root
99658,99658,0,90493,90493,0,87440,12218,87425,87425,0,0,134,87440,15,/home/ltf/project/github/PCT/data/simulation_data/results0717_s4_material_calibration_air_pilot/run_134/PhaseSpaceIn.root,/home/ltf/project/github/PCT/data/simulation_data/results0717_s4_material_calibration_air_pilot/run_134/PhaseSpaceOut.root
100392,100392,0,91053,91053,0,87902,12490,87892,87892,0,0,135,87902,10,/home/ltf/project/github/PCT/data/simulation_data/results0717_s4_material_calibration_air_pilot/run_135/PhaseSpaceIn.root,/home/ltf/project/github/PCT/data/simulation_data/results0717_s4_material_calibration_air_pilot/run_135/PhaseSpaceOut.root
99977,99977,0,90878,90878,0,87799,12178,87791,87791,0,0,136,87799,8,/home/ltf/project/github/PCT/data/simulation_data/results0717_s4_material_calibration_air_pilot/run_136/PhaseSpaceIn.root,/home/ltf/project/github/PCT/data/simulation_data/results0717_s4_material_calibration_air_pilot/run_136/PhaseSpaceOut.root
100502,100502,0,91310,91310,0,88160,12342,88143,88143,0,0,137,88160,17,/home/ltf/project/github/PCT/data/simulation_data/results0717_s4_material_calibration_air_pilot/run_137/PhaseSpaceIn.root,/home/ltf/project/github/PCT/data/simulation_data/results0717_s4_material_calibration_air_pilot/run_137/PhaseSpaceOut.root
99895,99895,0,90798,90798,0,87657,12238,87643,87643,0,0,138,87657,14,/home/ltf/project/github/PCT/data/simulation_data/results0717_s4_material_calibration_air_pilot/run_138/PhaseSpaceIn.root,/home/ltf/project/github/PCT/data/simulation_data/results0717_s4_material_calibration_air_pilot/run_138/PhaseSpaceOut.root
99620,99620,0,90599,90599,0,87502,12118,87488,87488,0,0,139,87502,14,/home/ltf/project/github/PCT/data/simulation_data/results0717_s4_material_calibration_air_pilot/run_139/PhaseSpaceIn.root,/home/ltf/project/github/PCT/data/simulation_data/results0717_s4_material_calibration_air_pilot/run_139/PhaseSpaceOut.root
99661,99661,0,90634,90633,1,87463,12198,87449,87449,0,0,140,87463,14,/home/ltf/project/github/PCT/data/simulation_data/results0717_s4_material_calibration_air_pilot/run_140/PhaseSpaceIn.root,/home/ltf/project/github/PCT/data/simulation_data/results0717_s4_material_calibration_air_pilot/run_140/PhaseSpaceOut.root
100105,100105,0,90768,90768,0,87717,12388,87688,87688,0,0,141,87717,29,/home/ltf/project/github/PCT/data/simulation_data/results0717_s4_material_calibration_air_pilot/run_141/PhaseSpaceIn.root,/home/ltf/project/github/PCT/data/simulation_data/results0717_s4_material_calibration_air_pilot/run_141/PhaseSpaceOut.root
99610,99610,0,90451,90451,0,87343,12267,87331,87331,0,0,142,87343,12,/home/ltf/project/github/PCT/data/simulation_data/results0717_s4_material_calibration_air_pilot/run_142/PhaseSpaceIn.root,/home/ltf/project/github/PCT/data/simulation_data/results0717_s4_material_calibration_air_pilot/run_142/PhaseSpaceOut.root
100503,100503,0,91458,91458,0,88385,12118,88377,88377,0,0,143,88385,8,/home/ltf/project/github/PCT/data/simulation_data/results0717_s4_material_calibration_air_pilot/run_143/PhaseSpaceIn.root,/home/ltf/project/github/PCT/data/simulation_data/results0717_s4_material_calibration_air_pilot/run_143/PhaseSpaceOut.root
99765,99765,0,90537,90537,0,87364,12401,87352,87352,0,0,144,87364,12,/home/ltf/project/github/PCT/data/simulation_data/results0717_s4_material_calibration_air_pilot/run_144/PhaseSpaceIn.root,/home/ltf/project/github/PCT/data/simulation_data/results0717_s4_material_calibration_air_pilot/run_144/PhaseSpaceOut.root
99887,99887,0,90865,90865,0,87803,12084,87789,87789,0,0,145,87803,14,/home/ltf/project/github/PCT/data/simulation_data/results0717_s4_material_calibration_air_pilot/run_145/PhaseSpaceIn.root,/home/ltf/project/github/PCT/data/simulation_data/results0717_s4_material_calibration_air_pilot/run_145/PhaseSpaceOut.root
99698,99698,0,90647,90646,1,87646,12052,87631,87631,0,0,146,87646,15,/home/ltf/project/github/PCT/data/simulation_data/results0717_s4_material_calibration_air_pilot/run_146/PhaseSpaceIn.root,/home/ltf/project/github/PCT/data/simulation_data/results0717_s4_material_calibration_air_pilot/run_146/PhaseSpaceOut.root
99735,99735,0,90447,90447,0,87402,12333,87388,87388,0,0,147,87402,14,/home/ltf/project/github/PCT/data/simulation_data/results0717_s4_material_calibration_air_pilot/run_147/PhaseSpaceIn.root,/home/ltf/project/github/PCT/data/simulation_data/results0717_s4_material_calibration_air_pilot/run_147/PhaseSpaceOut.root
99953,99953,0,90721,90721,0,87763,12190,87748,87748,0,0,148,87763,15,/home/ltf/project/github/PCT/data/simulation_data/results0717_s4_material_calibration_air_pilot/run_148/PhaseSpaceIn.root,/home/ltf/project/github/PCT/data/simulation_data/results0717_s4_material_calibration_air_pilot/run_148/PhaseSpaceOut.root
99667,99667,0,90625,90625,0,87561,12106,87551,87551,0,0,149,87561,10,/home/ltf/project/github/PCT/data/simulation_data/results0717_s4_material_calibration_air_pilot/run_149/PhaseSpaceIn.root,/home/ltf/project/github/PCT/data/simulation_data/results0717_s4_material_calibration_air_pilot/run_149/PhaseSpaceOut.root
99920,99920,0,90786,90786,0,87739,12181,87725,87725,0,0,150,87739,14,/home/ltf/project/github/PCT/data/simulation_data/results0717_s4_material_calibration_air_pilot/run_150/PhaseSpaceIn.root,/home/ltf/project/github/PCT/data/simulation_data/results0717_s4_material_calibration_air_pilot/run_150/PhaseSpaceOut.root
100282,100282,0,91114,91114,0,87965,12317,87954,87954,0,0,151,87965,11,/home/ltf/project/github/PCT/data/simulation_data/results0717_s4_material_calibration_air_pilot/run_151/PhaseSpaceIn.root,/home/ltf/project/github/PCT/data/simulation_data/results0717_s4_material_calibration_air_pilot/run_151/PhaseSpaceOut.root
99928,99928,0,90885,90885,0,87767,12161,87753,87753,0,0,152,87767,14,/home/ltf/project/github/PCT/data/simulation_data/results0717_s4_material_calibration_air_pilot/run_152/PhaseSpaceIn.root,/home/ltf/project/github/PCT/data/simulation_data/results0717_s4_material_calibration_air_pilot/run_152/PhaseSpaceOut.root
100062,100062,0,90744,90744,0,87618,12444,87601,87601,0,0,153,87618,17,/home/ltf/project/github/PCT/data/simulation_data/results0717_s4_material_calibration_air_pilot/run_153/PhaseSpaceIn.root,/home/ltf/project/github/PCT/data/simulation_data/results0717_s4_material_calibration_air_pilot/run_153/PhaseSpaceOut.root
99945,99945,0,90754,90754,0,87630,12315,87617,87617,0,0,154,87630,13,/home/ltf/project/github/PCT/data/simulation_data/results0717_s4_material_calibration_air_pilot/run_154/PhaseSpaceIn.root,/home/ltf/project/github/PCT/data/simulation_data/results0717_s4_material_calibration_air_pilot/run_154/PhaseSpaceOut.root
100237,100237,0,91086,91086,0,87951,12286,87943,87943,0,0,155,87951,8,/home/ltf/project/github/PCT/data/simulation_data/results0717_s4_material_calibration_air_pilot/run_155/PhaseSpaceIn.root,/home/ltf/project/github/PCT/data/simulation_data/results0717_s4_material_calibration_air_pilot/run_155/PhaseSpaceOut.root
100214,100213,1,91126,91126,0,87996,12217,87986,87986,0,0,156,87996,10,/home/ltf/project/github/PCT/data/simulation_data/results0717_s4_material_calibration_air_pilot/run_156/PhaseSpaceIn.root,/home/ltf/project/github/PCT/data/simulation_data/results0717_s4_material_calibration_air_pilot/run_156/PhaseSpaceOut.root
100125,100125,0,91093,91093,0,87974,12151,87961,87961,0,0,157,87974,13,/home/ltf/project/github/PCT/data/simulation_data/results0717_s4_material_calibration_air_pilot/run_157/PhaseSpaceIn.root,/home/ltf/project/github/PCT/data/simulation_data/results0717_s4_material_calibration_air_pilot/run_157/PhaseSpaceOut.root
99904,99904,0,90862,90862,0,87782,12122,87767,87767,0,0,158,87782,15,/home/ltf/project/github/PCT/data/simulation_data/results0717_s4_material_calibration_air_pilot/run_158/PhaseSpaceIn.root,/home/ltf/project/github/PCT/data/simulation_data/results0717_s4_material_calibration_air_pilot/run_158/PhaseSpaceOut.root
99979,99979,0,90877,90877,0,87719,12260,87710,87710,0,0,159,87719,9,/home/ltf/project/github/PCT/data/simulation_data/results0717_s4_material_calibration_air_pilot/run_159/PhaseSpaceIn.root,/home/ltf/project/github/PCT/data/simulation_data/results0717_s4_material_calibration_air_pilot/run_159/PhaseSpaceOut.root
100261,100261,0,91122,91122,0,88059,12202,88046,88046,0,0,160,88059,13,/home/ltf/project/github/PCT/data/simulation_data/results0717_s4_material_calibration_air_pilot/run_160/PhaseSpaceIn.root,/home/ltf/project/github/PCT/data/simulation_data/results0717_s4_material_calibration_air_pilot/run_160/PhaseSpaceOut.root
100092,100092,0,91061,91061,0,87980,12112,87965,87965,0,0,161,87980,15,/home/ltf/project/github/PCT/data/simulation_data/results0717_s4_material_calibration_air_pilot/run_161/PhaseSpaceIn.root,/home/ltf/project/github/PCT/data/simulation_data/results0717_s4_material_calibration_air_pilot/run_161/PhaseSpaceOut.root
99748,99748,0,90654,90654,0,87502,12246,87487,87487,0,0,162,87502,15,/home/ltf/project/github/PCT/data/simulation_data/results0717_s4_material_calibration_air_pilot/run_162/PhaseSpaceIn.root,/home/ltf/project/github/PCT/data/simulation_data/results0717_s4_material_calibration_air_pilot/run_162/PhaseSpaceOut.root
99717,99717,0,90695,90695,0,87682,12035,87667,87667,0,0,163,87682,15,/home/ltf/project/github/PCT/data/simulation_data/results0717_s4_material_calibration_air_pilot/run_163/PhaseSpaceIn.root,/home/ltf/project/github/PCT/data/simulation_data/results0717_s4_material_calibration_air_pilot/run_163/PhaseSpaceOut.root
99154,99154,0,90210,90210,0,87127,12027,87111,87111,0,0,164,87127,16,/home/ltf/project/github/PCT/data/simulation_data/results0717_s4_material_calibration_air_pilot/run_164/PhaseSpaceIn.root,/home/ltf/project/github/PCT/data/simulation_data/results0717_s4_material_calibration_air_pilot/run_164/PhaseSpaceOut.root
100013,100012,1,90660,90660,0,87570,12442,87550,87550,0,0,165,87570,20,/home/ltf/project/github/PCT/data/simulation_data/results0717_s4_material_calibration_air_pilot/run_165/PhaseSpaceIn.root,/home/ltf/project/github/PCT/data/simulation_data/results0717_s4_material_calibration_air_pilot/run_165/PhaseSpaceOut.root
100440,100440,0,91253,91253,0,88238,12202,88226,88226,0,0,166,88238,12,/home/ltf/project/github/PCT/data/simulation_data/results0717_s4_material_calibration_air_pilot/run_166/PhaseSpaceIn.root,/home/ltf/project/github/PCT/data/simulation_data/results0717_s4_material_calibration_air_pilot/run_166/PhaseSpaceOut.root
99982,99982,0,90877,90877,0,87863,12119,87850,87850,0,0,167,87863,13,/home/ltf/project/github/PCT/data/simulation_data/results0717_s4_material_calibration_air_pilot/run_167/PhaseSpaceIn.root,/home/ltf/project/github/PCT/data/simulation_data/results0717_s4_material_calibration_air_pilot/run_167/PhaseSpaceOut.root
99716,99716,0,90632,90632,0,87550,12166,87540,87540,0,0,168,87550,10,/home/ltf/project/github/PCT/data/simulation_data/results0717_s4_material_calibration_air_pilot/run_168/PhaseSpaceIn.root,/home/ltf/project/github/PCT/data/simulation_data/results0717_s4_material_calibration_air_pilot/run_168/PhaseSpaceOut.root
99732,99732,0,90576,90576,0,87421,12311,87403,87403,0,0,169,87421,18,/home/ltf/project/github/PCT/data/simulation_data/results0717_s4_material_calibration_air_pilot/run_169/PhaseSpaceIn.root,/home/ltf/project/github/PCT/data/simulation_data/results0717_s4_material_calibration_air_pilot/run_169/PhaseSpaceOut.root
100219,100219,0,90996,90996,0,87898,12321,87882,87882,0,0,170,87898,16,/home/ltf/project/github/PCT/data/simulation_data/results0717_s4_material_calibration_air_pilot/run_170/PhaseSpaceIn.root,/home/ltf/project/github/PCT/data/simulation_data/results0717_s4_material_calibration_air_pilot/run_170/PhaseSpaceOut.root
99853,99853,0,90680,90680,0,87637,12216,87624,87624,0,0,171,87637,13,/home/ltf/project/github/PCT/data/simulation_data/results0717_s4_material_calibration_air_pilot/run_171/PhaseSpaceIn.root,/home/ltf/project/github/PCT/data/simulation_data/results0717_s4_material_calibration_air_pilot/run_171/PhaseSpaceOut.root
100143,100143,0,90970,90970,0,87914,12229,87899,87899,0,0,172,87914,15,/home/ltf/project/github/PCT/data/simulation_data/results0717_s4_material_calibration_air_pilot/run_172/PhaseSpaceIn.root,/home/ltf/project/github/PCT/data/simulation_data/results0717_s4_material_calibration_air_pilot/run_172/PhaseSpaceOut.root
100440,100440,0,91059,91059,0,87900,12540,87885,87885,0,0,173,87900,15,/home/ltf/project/github/PCT/data/simulation_data/results0717_s4_material_calibration_air_pilot/run_173/PhaseSpaceIn.root,/home/ltf/project/github/PCT/data/simulation_data/results0717_s4_material_calibration_air_pilot/run_173/PhaseSpaceOut.root
100526,100526,0,91325,91325,0,88220,12306,88203,88203,0,0,174,88220,17,/home/ltf/project/github/PCT/data/simulation_data/results0717_s4_material_calibration_air_pilot/run_174/PhaseSpaceIn.root,/home/ltf/project/github/PCT/data/simulation_data/results0717_s4_material_calibration_air_pilot/run_174/PhaseSpaceOut.root
99907,99907,0,90791,90791,0,87675,12232,87663,87663,0,0,175,87675,12,/home/ltf/project/github/PCT/data/simulation_data/results0717_s4_material_calibration_air_pilot/run_175/PhaseSpaceIn.root,/home/ltf/project/github/PCT/data/simulation_data/results0717_s4_material_calibration_air_pilot/run_175/PhaseSpaceOut.root
100132,100131,1,91009,91009,0,87875,12256,87860,87860,0,0,176,87875,15,/home/ltf/project/github/PCT/data/simulation_data/results0717_s4_material_calibration_air_pilot/run_176/PhaseSpaceIn.root,/home/ltf/project/github/PCT/data/simulation_data/results0717_s4_material_calibration_air_pilot/run_176/PhaseSpaceOut.root
100672,100672,0,91471,91471,0,88384,12288,88373,88373,0,0,177,88384,11,/home/ltf/project/github/PCT/data/simulation_data/results0717_s4_material_calibration_air_pilot/run_177/PhaseSpaceIn.root,/home/ltf/project/github/PCT/data/simulation_data/results0717_s4_material_calibration_air_pilot/run_177/PhaseSpaceOut.root
99863,99863,0,90868,90868,0,87813,12050,87792,87792,0,0,178,87813,21,/home/ltf/project/github/PCT/data/simulation_data/results0717_s4_material_calibration_air_pilot/run_178/PhaseSpaceIn.root,/home/ltf/project/github/PCT/data/simulation_data/results0717_s4_material_calibration_air_pilot/run_178/PhaseSpaceOut.root
100469,100469,0,91235,91234,1,88128,12341,88115,88115,0,0,179,88128,13,/home/ltf/project/github/PCT/data/simulation_data/results0717_s4_material_calibration_air_pilot/run_179/PhaseSpaceIn.root,/home/ltf/project/github/PCT/data/simulation_data/results0717_s4_material_calibration_air_pilot/run_179/PhaseSpaceOut.root
100448,100448,0,91323,91323,0,88210,12238,88196,88196,0,0,180,88210,14,/home/ltf/project/github/PCT/data/simulation_data/results0717_s4_material_calibration_air_pilot/run_180/PhaseSpaceIn.root,/home/ltf/project/github/PCT/data/simulation_data/results0717_s4_material_calibration_air_pilot/run_180/PhaseSpaceOut.root
99936,99936,0,90728,90728,0,87550,12386,87539,87539,0,0,181,87550,11,/home/ltf/project/github/PCT/data/simulation_data/results0717_s4_material_calibration_air_pilot/run_181/PhaseSpaceIn.root,/home/ltf/project/github/PCT/data/simulation_data/results0717_s4_material_calibration_air_pilot/run_181/PhaseSpaceOut.root
99658,99658,0,90513,90513,0,87413,12245,87396,87396,0,0,182,87413,17,/home/ltf/project/github/PCT/data/simulation_data/results0717_s4_material_calibration_air_pilot/run_182/PhaseSpaceIn.root,/home/ltf/project/github/PCT/data/simulation_data/results0717_s4_material_calibration_air_pilot/run_182/PhaseSpaceOut.root
100283,100283,0,91000,91000,0,87923,12360,87909,87909,0,0,183,87923,14,/home/ltf/project/github/PCT/data/simulation_data/results0717_s4_material_calibration_air_pilot/run_183/PhaseSpaceIn.root,/home/ltf/project/github/PCT/data/simulation_data/results0717_s4_material_calibration_air_pilot/run_183/PhaseSpaceOut.root
100189,100189,0,91109,91109,0,87967,12222,87960,87960,0,0,184,87967,7,/home/ltf/project/github/PCT/data/simulation_data/results0717_s4_material_calibration_air_pilot/run_184/PhaseSpaceIn.root,/home/ltf/project/github/PCT/data/simulation_data/results0717_s4_material_calibration_air_pilot/run_184/PhaseSpaceOut.root
99645,99645,0,90618,90618,0,87524,12121,87513,87513,0,0,185,87524,11,/home/ltf/project/github/PCT/data/simulation_data/results0717_s4_material_calibration_air_pilot/run_185/PhaseSpaceIn.root,/home/ltf/project/github/PCT/data/simulation_data/results0717_s4_material_calibration_air_pilot/run_185/PhaseSpaceOut.root
99886,99886,0,90848,90847,1,87767,12119,87754,87754,0,0,186,87767,13,/home/ltf/project/github/PCT/data/simulation_data/results0717_s4_material_calibration_air_pilot/run_186/PhaseSpaceIn.root,/home/ltf/project/github/PCT/data/simulation_data/results0717_s4_material_calibration_air_pilot/run_186/PhaseSpaceOut.root
99933,99933,0,90645,90645,0,87493,12440,87480,87480,0,0,187,87493,13,/home/ltf/project/github/PCT/data/simulation_data/results0717_s4_material_calibration_air_pilot/run_187/PhaseSpaceIn.root,/home/ltf/project/github/PCT/data/simulation_data/results0717_s4_material_calibration_air_pilot/run_187/PhaseSpaceOut.root
100045,100045,0,90972,90972,0,87963,12082,87948,87948,0,0,188,87963,15,/home/ltf/project/github/PCT/data/simulation_data/results0717_s4_material_calibration_air_pilot/run_188/PhaseSpaceIn.root,/home/ltf/project/github/PCT/data/simulation_data/results0717_s4_material_calibration_air_pilot/run_188/PhaseSpaceOut.root
99649,99649,0,90611,90611,0,87464,12185,87453,87453,0,0,189,87464,11,/home/ltf/project/github/PCT/data/simulation_data/results0717_s4_material_calibration_air_pilot/run_189/PhaseSpaceIn.root,/home/ltf/project/github/PCT/data/simulation_data/results0717_s4_material_calibration_air_pilot/run_189/PhaseSpaceOut.root
99747,99747,0,90668,90668,0,87625,12122,87618,87618,0,0,190,87625,7,/home/ltf/project/github/PCT/data/simulation_data/results0717_s4_material_calibration_air_pilot/run_190/PhaseSpaceIn.root,/home/ltf/project/github/PCT/data/simulation_data/results0717_s4_material_calibration_air_pilot/run_190/PhaseSpaceOut.root
99636,99636,0,90746,90746,0,87598,12038,87588,87588,0,0,191,87598,10,/home/ltf/project/github/PCT/data/simulation_data/results0717_s4_material_calibration_air_pilot/run_191/PhaseSpaceIn.root,/home/ltf/project/github/PCT/data/simulation_data/results0717_s4_material_calibration_air_pilot/run_191/PhaseSpaceOut.root
99645,99645,0,90395,90394,1,87267,12378,87254,87254,0,0,192,87267,13,/home/ltf/project/github/PCT/data/simulation_data/results0717_s4_material_calibration_air_pilot/run_192/PhaseSpaceIn.root,/home/ltf/project/github/PCT/data/simulation_data/results0717_s4_material_calibration_air_pilot/run_192/PhaseSpaceOut.root
99660,99660,0,90579,90579,0,87462,12198,87448,87448,0,0,193,87462,14,/home/ltf/project/github/PCT/data/simulation_data/results0717_s4_material_calibration_air_pilot/run_193/PhaseSpaceIn.root,/home/ltf/project/github/PCT/data/simulation_data/results0717_s4_material_calibration_air_pilot/run_193/PhaseSpaceOut.root
100014,100014,0,90782,90782,0,87727,12287,87709,87709,0,0,194,87727,18,/home/ltf/project/github/PCT/data/simulation_data/results0717_s4_material_calibration_air_pilot/run_194/PhaseSpaceIn.root,/home/ltf/project/github/PCT/data/simulation_data/results0717_s4_material_calibration_air_pilot/run_194/PhaseSpaceOut.root
99473,99473,0,90323,90323,0,87133,12340,87117,87117,0,0,195,87133,16,/home/ltf/project/github/PCT/data/simulation_data/results0717_s4_material_calibration_air_pilot/run_195/PhaseSpaceIn.root,/home/ltf/project/github/PCT/data/simulation_data/results0717_s4_material_calibration_air_pilot/run_195/PhaseSpaceOut.root
100090,100090,0,91010,91010,0,87949,12141,87936,87936,0,0,196,87949,13,/home/ltf/project/github/PCT/data/simulation_data/results0717_s4_material_calibration_air_pilot/run_196/PhaseSpaceIn.root,/home/ltf/project/github/PCT/data/simulation_data/results0717_s4_material_calibration_air_pilot/run_196/PhaseSpaceOut.root
100046,100046,0,90793,90793,0,87732,12314,87719,87719,0,0,197,87732,13,/home/ltf/project/github/PCT/data/simulation_data/results0717_s4_material_calibration_air_pilot/run_197/PhaseSpaceIn.root,/home/ltf/project/github/PCT/data/simulation_data/results0717_s4_material_calibration_air_pilot/run_197/PhaseSpaceOut.root
99714,99714,0,90515,90515,0,87410,12304,87400,87400,0,0,198,87410,10,/home/ltf/project/github/PCT/data/simulation_data/results0717_s4_material_calibration_air_pilot/run_198/PhaseSpaceIn.root,/home/ltf/project/github/PCT/data/simulation_data/results0717_s4_material_calibration_air_pilot/run_198/PhaseSpaceOut.root
99984,99984,0,90752,90752,0,87728,12256,87712,87712,0,0,199,87728,16,/home/ltf/project/github/PCT/data/simulation_data/results0717_s4_material_calibration_air_pilot/run_199/PhaseSpaceIn.root,/home/ltf/project/github/PCT/data/simulation_data/results0717_s4_material_calibration_air_pilot/run_199/PhaseSpaceOut.root
100012,100012,0,91067,91067,0,87908,12104,87897,87897,0,0,200,87908,11,/home/ltf/project/github/PCT/data/simulation_data/results0717_s4_material_calibration_air_pilot/run_200/PhaseSpaceIn.root,/home/ltf/project/github/PCT/data/simulation_data/results0717_s4_material_calibration_air_pilot/run_200/PhaseSpaceOut.root
100013,100013,0,90983,90983,0,87893,12120,87884,87884,0,0,201,87893,9,/home/ltf/project/github/PCT/data/simulation_data/results0717_s4_material_calibration_air_pilot/run_201/PhaseSpaceIn.root,/home/ltf/project/github/PCT/data/simulation_data/results0717_s4_material_calibration_air_pilot/run_201/PhaseSpaceOut.root
100615,100615,0,91374,91374,0,88220,12395,88211,88211,0,0,202,88220,9,/home/ltf/project/github/PCT/data/simulation_data/results0717_s4_material_calibration_air_pilot/run_202/PhaseSpaceIn.root,/home/ltf/project/github/PCT/data/simulation_data/results0717_s4_material_calibration_air_pilot/run_202/PhaseSpaceOut.root
99565,99565,0,90274,90274,0,87133,12432,87121,87121,0,0,203,87133,12,/home/ltf/project/github/PCT/data/simulation_data/results0717_s4_material_calibration_air_pilot/run_203/PhaseSpaceIn.root,/home/ltf/project/github/PCT/data/simulation_data/results0717_s4_material_calibration_air_pilot/run_203/PhaseSpaceOut.root
100559,100559,0,91533,91533,0,88372,12187,88359,88359,0,0,204,88372,13,/home/ltf/project/github/PCT/data/simulation_data/results0717_s4_material_calibration_air_pilot/run_204/PhaseSpaceIn.root,/home/ltf/project/github/PCT/data/simulation_data/results0717_s4_material_calibration_air_pilot/run_204/PhaseSpaceOut.root
100045,100045,0,91004,91004,0,87893,12152,87881,87881,0,0,205,87893,12,/home/ltf/project/github/PCT/data/simulation_data/results0717_s4_material_calibration_air_pilot/run_205/PhaseSpaceIn.root,/home/ltf/project/github/PCT/data/simulation_data/results0717_s4_material_calibration_air_pilot/run_205/PhaseSpaceOut.root
99769,99769,0,90637,90637,0,87614,12155,87597,87597,0,0,206,87614,17,/home/ltf/project/github/PCT/data/simulation_data/results0717_s4_material_calibration_air_pilot/run_206/PhaseSpaceIn.root,/home/ltf/project/github/PCT/data/simulation_data/results0717_s4_material_calibration_air_pilot/run_206/PhaseSpaceOut.root
98977,98977,0,89999,89999,0,86971,12006,86959,86959,0,0,207,86971,12,/home/ltf/project/github/PCT/data/simulation_data/results0717_s4_material_calibration_air_pilot/run_207/PhaseSpaceIn.root,/home/ltf/project/github/PCT/data/simulation_data/results0717_s4_material_calibration_air_pilot/run_207/PhaseSpaceOut.root
100311,100311,0,91248,91248,0,88067,12244,88051,88051,0,0,208,88067,16,/home/ltf/project/github/PCT/data/simulation_data/results0717_s4_material_calibration_air_pilot/run_208/PhaseSpaceIn.root,/home/ltf/project/github/PCT/data/simulation_data/results0717_s4_material_calibration_air_pilot/run_208/PhaseSpaceOut.root
100062,100062,0,91025,91025,0,87835,12227,87827,87827,0,0,209,87835,8,/home/ltf/project/github/PCT/data/simulation_data/results0717_s4_material_calibration_air_pilot/run_209/PhaseSpaceIn.root,/home/ltf/project/github/PCT/data/simulation_data/results0717_s4_material_calibration_air_pilot/run_209/PhaseSpaceOut.root
99666,99666,0,90720,90720,0,87573,12093,87559,87559,0,0,210,87573,14,/home/ltf/project/github/PCT/data/simulation_data/results0717_s4_material_calibration_air_pilot/run_210/PhaseSpaceIn.root,/home/ltf/project/github/PCT/data/simulation_data/results0717_s4_material_calibration_air_pilot/run_210/PhaseSpaceOut.root
100017,100017,0,90911,90911,0,87805,12212,87796,87796,0,0,211,87805,9,/home/ltf/project/github/PCT/data/simulation_data/results0717_s4_material_calibration_air_pilot/run_211/PhaseSpaceIn.root,/home/ltf/project/github/PCT/data/simulation_data/results0717_s4_material_calibration_air_pilot/run_211/PhaseSpaceOut.root
100244,100244,0,91051,91051,0,87956,12288,87941,87941,0,0,212,87956,15,/home/ltf/project/github/PCT/data/simulation_data/results0717_s4_material_calibration_air_pilot/run_212/PhaseSpaceIn.root,/home/ltf/project/github/PCT/data/simulation_data/results0717_s4_material_calibration_air_pilot/run_212/PhaseSpaceOut.root
100180,100180,0,90883,90883,0,87881,12299,87865,87865,0,0,213,87881,16,/home/ltf/project/github/PCT/data/simulation_data/results0717_s4_material_calibration_air_pilot/run_213/PhaseSpaceIn.root,/home/ltf/project/github/PCT/data/simulation_data/results0717_s4_material_calibration_air_pilot/run_213/PhaseSpaceOut.root
100084,100084,0,91103,91103,0,87946,12138,87930,87930,0,0,214,87946,16,/home/ltf/project/github/PCT/data/simulation_data/results0717_s4_material_calibration_air_pilot/run_214/PhaseSpaceIn.root,/home/ltf/project/github/PCT/data/simulation_data/results0717_s4_material_calibration_air_pilot/run_214/PhaseSpaceOut.root
99822,99822,0,90747,90747,0,87681,12141,87668,87668,0,0,215,87681,13,/home/ltf/project/github/PCT/data/simulation_data/results0717_s4_material_calibration_air_pilot/run_215/PhaseSpaceIn.root,/home/ltf/project/github/PCT/data/simulation_data/results0717_s4_material_calibration_air_pilot/run_215/PhaseSpaceOut.root
99845,99845,0,90754,90754,0,87734,12111,87720,87720,0,0,216,87734,14,/home/ltf/project/github/PCT/data/simulation_data/results0717_s4_material_calibration_air_pilot/run_216/PhaseSpaceIn.root,/home/ltf/project/github/PCT/data/simulation_data/results0717_s4_material_calibration_air_pilot/run_216/PhaseSpaceOut.root
99918,99918,0,90956,90956,0,87880,12038,87870,87870,0,0,217,87880,10,/home/ltf/project/github/PCT/data/simulation_data/results0717_s4_material_calibration_air_pilot/run_217/PhaseSpaceIn.root,/home/ltf/project/github/PCT/data/simulation_data/results0717_s4_material_calibration_air_pilot/run_217/PhaseSpaceOut.root
99571,99571,0,90454,90454,0,87363,12208,87350,87350,0,0,218,87363,13,/home/ltf/project/github/PCT/data/simulation_data/results0717_s4_material_calibration_air_pilot/run_218/PhaseSpaceIn.root,/home/ltf/project/github/PCT/data/simulation_data/results0717_s4_material_calibration_air_pilot/run_218/PhaseSpaceOut.root
99874,99874,0,90709,90709,0,87662,12212,87647,87647,0,0,219,87662,15,/home/ltf/project/github/PCT/data/simulation_data/results0717_s4_material_calibration_air_pilot/run_219/PhaseSpaceIn.root,/home/ltf/project/github/PCT/data/simulation_data/results0717_s4_material_calibration_air_pilot/run_219/PhaseSpaceOut.root
100021,100021,0,90925,90924,1,87864,12157,87845,87845,0,0,220,87864,19,/home/ltf/project/github/PCT/data/simulation_data/results0717_s4_material_calibration_air_pilot/run_220/PhaseSpaceIn.root,/home/ltf/project/github/PCT/data/simulation_data/results0717_s4_material_calibration_air_pilot/run_220/PhaseSpaceOut.root
99334,99334,0,90355,90354,1,87268,12066,87251,87251,0,0,221,87268,17,/home/ltf/project/github/PCT/data/simulation_data/results0717_s4_material_calibration_air_pilot/run_221/PhaseSpaceIn.root,/home/ltf/project/github/PCT/data/simulation_data/results0717_s4_material_calibration_air_pilot/run_221/PhaseSpaceOut.root
100208,100208,0,91025,91025,0,87888,12320,87872,87872,0,0,222,87888,16,/home/ltf/project/github/PCT/data/simulation_data/results0717_s4_material_calibration_air_pilot/run_222/PhaseSpaceIn.root,/home/ltf/project/github/PCT/data/simulation_data/results0717_s4_material_calibration_air_pilot/run_222/PhaseSpaceOut.root
100070,100070,0,91070,91070,0,87930,12140,87913,87913,0,0,223,87930,17,/home/ltf/project/github/PCT/data/simulation_data/results0717_s4_material_calibration_air_pilot/run_223/PhaseSpaceIn.root,/home/ltf/project/github/PCT/data/simulation_data/results0717_s4_material_calibration_air_pilot/run_223/PhaseSpaceOut.root
100342,100342,0,91147,91147,0,87968,12374,87954,87954,0,0,224,87968,14,/home/ltf/project/github/PCT/data/simulation_data/results0717_s4_material_calibration_air_pilot/run_224/PhaseSpaceIn.root,/home/ltf/project/github/PCT/data/simulation_data/results0717_s4_material_calibration_air_pilot/run_224/PhaseSpaceOut.root
100106,100106,0,90844,90844,0,87758,12348,87746,87746,0,0,225,87758,12,/home/ltf/project/github/PCT/data/simulation_data/results0717_s4_material_calibration_air_pilot/run_225/PhaseSpaceIn.root,/home/ltf/project/github/PCT/data/simulation_data/results0717_s4_material_calibration_air_pilot/run_225/PhaseSpaceOut.root
99690,99690,0,90621,90621,0,87528,12162,87515,87515,0,0,226,87528,13,/home/ltf/project/github/PCT/data/simulation_data/results0717_s4_material_calibration_air_pilot/run_226/PhaseSpaceIn.root,/home/ltf/project/github/PCT/data/simulation_data/results0717_s4_material_calibration_air_pilot/run_226/PhaseSpaceOut.root
99934,99934,0,90829,90829,0,87711,12223,87701,87701,0,0,227,87711,10,/home/ltf/project/github/PCT/data/simulation_data/results0717_s4_material_calibration_air_pilot/run_227/PhaseSpaceIn.root,/home/ltf/project/github/PCT/data/simulation_data/results0717_s4_material_calibration_air_pilot/run_227/PhaseSpaceOut.root
100156,100156,0,91075,91075,0,87874,12282,87860,87860,0,0,228,87874,14,/home/ltf/project/github/PCT/data/simulation_data/results0717_s4_material_calibration_air_pilot/run_228/PhaseSpaceIn.root,/home/ltf/project/github/PCT/data/simulation_data/results0717_s4_material_calibration_air_pilot/run_228/PhaseSpaceOut.root
100732,100732,0,91425,91425,0,88333,12399,88319,88319,0,0,229,88333,14,/home/ltf/project/github/PCT/data/simulation_data/results0717_s4_material_calibration_air_pilot/run_229/PhaseSpaceIn.root,/home/ltf/project/github/PCT/data/simulation_data/results0717_s4_material_calibration_air_pilot/run_229/PhaseSpaceOut.root
100035,100035,0,90812,90812,0,87636,12399,87625,87625,0,0,230,87636,11,/home/ltf/project/github/PCT/data/simulation_data/results0717_s4_material_calibration_air_pilot/run_230/PhaseSpaceIn.root,/home/ltf/project/github/PCT/data/simulation_data/results0717_s4_material_calibration_air_pilot/run_230/PhaseSpaceOut.root
99624,99624,0,90661,90661,0,87548,12076,87534,87534,0,0,231,87548,14,/home/ltf/project/github/PCT/data/simulation_data/results0717_s4_material_calibration_air_pilot/run_231/PhaseSpaceIn.root,/home/ltf/project/github/PCT/data/simulation_data/results0717_s4_material_calibration_air_pilot/run_231/PhaseSpaceOut.root
99663,99663,0,90728,90727,1,87533,12130,87520,87520,0,0,232,87533,13,/home/ltf/project/github/PCT/data/simulation_data/results0717_s4_material_calibration_air_pilot/run_232/PhaseSpaceIn.root,/home/ltf/project/github/PCT/data/simulation_data/results0717_s4_material_calibration_air_pilot/run_232/PhaseSpaceOut.root
100075,100075,0,90841,90841,0,87676,12399,87662,87662,0,0,233,87676,14,/home/ltf/project/github/PCT/data/simulation_data/results0717_s4_material_calibration_air_pilot/run_233/PhaseSpaceIn.root,/home/ltf/project/github/PCT/data/simulation_data/results0717_s4_material_calibration_air_pilot/run_233/PhaseSpaceOut.root
100031,100031,0,90826,90826,0,87695,12336,87683,87683,0,0,234,87695,12,/home/ltf/project/github/PCT/data/simulation_data/results0717_s4_material_calibration_air_pilot/run_234/PhaseSpaceIn.root,/home/ltf/project/github/PCT/data/simulation_data/results0717_s4_material_calibration_air_pilot/run_234/PhaseSpaceOut.root
100210,100210,0,91175,91175,0,88022,12188,88010,88010,0,0,235,88022,12,/home/ltf/project/github/PCT/data/simulation_data/results0717_s4_material_calibration_air_pilot/run_235/PhaseSpaceIn.root,/home/ltf/project/github/PCT/data/simulation_data/results0717_s4_material_calibration_air_pilot/run_235/PhaseSpaceOut.root
99792,99792,0,90850,90850,0,87698,12094,87687,87687,0,0,236,87698,11,/home/ltf/project/github/PCT/data/simulation_data/results0717_s4_material_calibration_air_pilot/run_236/PhaseSpaceIn.root,/home/ltf/project/github/PCT/data/simulation_data/results0717_s4_material_calibration_air_pilot/run_236/PhaseSpaceOut.root
100386,100385,1,91274,91274,0,88085,12300,88074,88074,0,0,237,88085,11,/home/ltf/project/github/PCT/data/simulation_data/results0717_s4_material_calibration_air_pilot/run_237/PhaseSpaceIn.root,/home/ltf/project/github/PCT/data/simulation_data/results0717_s4_material_calibration_air_pilot/run_237/PhaseSpaceOut.root
99905,99905,0,90891,90891,0,87746,12159,87734,87734,0,0,238,87746,12,/home/ltf/project/github/PCT/data/simulation_data/results0717_s4_material_calibration_air_pilot/run_238/PhaseSpaceIn.root,/home/ltf/project/github/PCT/data/simulation_data/results0717_s4_material_calibration_air_pilot/run_238/PhaseSpaceOut.root
99885,99885,0,90606,90606,0,87502,12383,87490,87490,0,0,239,87502,12,/home/ltf/project/github/PCT/data/simulation_data/results0717_s4_material_calibration_air_pilot/run_239/PhaseSpaceIn.root,/home/ltf/project/github/PCT/data/simulation_data/results0717_s4_material_calibration_air_pilot/run_239/PhaseSpaceOut.root
99944,99944,0,90885,90885,0,87772,12172,87755,87755,0,0,240,87772,17,/home/ltf/project/github/PCT/data/simulation_data/results0717_s4_material_calibration_air_pilot/run_240/PhaseSpaceIn.root,/home/ltf/project/github/PCT/data/simulation_data/results0717_s4_material_calibration_air_pilot/run_240/PhaseSpaceOut.root
99975,99975,0,90865,90865,0,87797,12178,87781,87781,0,0,241,87797,16,/home/ltf/project/github/PCT/data/simulation_data/results0717_s4_material_calibration_air_pilot/run_241/PhaseSpaceIn.root,/home/ltf/project/github/PCT/data/simulation_data/results0717_s4_material_calibration_air_pilot/run_241/PhaseSpaceOut.root
100087,100087,0,90979,90979,0,87874,12213,87862,87862,0,0,242,87874,12,/home/ltf/project/github/PCT/data/simulation_data/results0717_s4_material_calibration_air_pilot/run_242/PhaseSpaceIn.root,/home/ltf/project/github/PCT/data/simulation_data/results0717_s4_material_calibration_air_pilot/run_242/PhaseSpaceOut.root
100023,100023,0,90908,90908,0,87752,12271,87746,87746,0,0,243,87752,6,/home/ltf/project/github/PCT/data/simulation_data/results0717_s4_material_calibration_air_pilot/run_243/PhaseSpaceIn.root,/home/ltf/project/github/PCT/data/simulation_data/results0717_s4_material_calibration_air_pilot/run_243/PhaseSpaceOut.root
100244,100244,0,91129,91129,0,88012,12232,87993,87993,0,0,244,88012,19,/home/ltf/project/github/PCT/data/simulation_data/results0717_s4_material_calibration_air_pilot/run_244/PhaseSpaceIn.root,/home/ltf/project/github/PCT/data/simulation_data/results0717_s4_material_calibration_air_pilot/run_244/PhaseSpaceOut.root
99482,99482,0,90479,90479,0,87371,12111,87360,87360,0,0,245,87371,11,/home/ltf/project/github/PCT/data/simulation_data/results0717_s4_material_calibration_air_pilot/run_245/PhaseSpaceIn.root,/home/ltf/project/github/PCT/data/simulation_data/results0717_s4_material_calibration_air_pilot/run_245/PhaseSpaceOut.root
100381,100381,0,91210,91210,0,88167,12214,88157,88157,0,0,246,88167,10,/home/ltf/project/github/PCT/data/simulation_data/results0717_s4_material_calibration_air_pilot/run_246/PhaseSpaceIn.root,/home/ltf/project/github/PCT/data/simulation_data/results0717_s4_material_calibration_air_pilot/run_246/PhaseSpaceOut.root
100151,100151,0,90919,90919,0,87923,12228,87910,87910,0,0,247,87923,13,/home/ltf/project/github/PCT/data/simulation_data/results0717_s4_material_calibration_air_pilot/run_247/PhaseSpaceIn.root,/home/ltf/project/github/PCT/data/simulation_data/results0717_s4_material_calibration_air_pilot/run_247/PhaseSpaceOut.root
99858,99858,0,90870,90870,0,87699,12159,87683,87683,0,0,248,87699,16,/home/ltf/project/github/PCT/data/simulation_data/results0717_s4_material_calibration_air_pilot/run_248/PhaseSpaceIn.root,/home/ltf/project/github/PCT/data/simulation_data/results0717_s4_material_calibration_air_pilot/run_248/PhaseSpaceOut.root
100333,100333,0,91102,91102,0,87874,12459,87863,87863,0,0,249,87874,11,/home/ltf/project/github/PCT/data/simulation_data/results0717_s4_material_calibration_air_pilot/run_249/PhaseSpaceIn.root,/home/ltf/project/github/PCT/data/simulation_data/results0717_s4_material_calibration_air_pilot/run_249/PhaseSpaceOut.root
100830,100830,0,91745,91745,0,88565,12265,88553,88553,0,0,250,88565,12,/home/ltf/project/github/PCT/data/simulation_data/results0717_s4_material_calibration_air_pilot/run_250/PhaseSpaceIn.root,/home/ltf/project/github/PCT/data/simulation_data/results0717_s4_material_calibration_air_pilot/run_250/PhaseSpaceOut.root
100186,100186,0,91058,91058,0,87911,12275,87888,87888,0,0,251,87911,23,/home/ltf/project/github/PCT/data/simulation_data/results0717_s4_material_calibration_air_pilot/run_251/PhaseSpaceIn.root,/home/ltf/project/github/PCT/data/simulation_data/results0717_s4_material_calibration_air_pilot/run_251/PhaseSpaceOut.root
100131,100131,0,90873,90873,0,87878,12253,87873,87873,0,0,252,87878,5,/home/ltf/project/github/PCT/data/simulation_data/results0717_s4_material_calibration_air_pilot/run_252/PhaseSpaceIn.root,/home/ltf/project/github/PCT/data/simulation_data/results0717_s4_material_calibration_air_pilot/run_252/PhaseSpaceOut.root
100386,100386,0,91260,91260,0,88092,12294,88079,88079,0,0,253,88092,13,/home/ltf/project/github/PCT/data/simulation_data/results0717_s4_material_calibration_air_pilot/run_253/PhaseSpaceIn.root,/home/ltf/project/github/PCT/data/simulation_data/results0717_s4_material_calibration_air_pilot/run_253/PhaseSpaceOut.root
99765,99765,0,90702,90702,0,87583,12182,87565,87565,0,0,254,87583,18,/home/ltf/project/github/PCT/data/simulation_data/results0717_s4_material_calibration_air_pilot/run_254/PhaseSpaceIn.root,/home/ltf/project/github/PCT/data/simulation_data/results0717_s4_material_calibration_air_pilot/run_254/PhaseSpaceOut.root
99377,99377,0,90274,90274,0,87189,12188,87171,87171,0,0,255,87189,18,/home/ltf/project/github/PCT/data/simulation_data/results0717_s4_material_calibration_air_pilot/run_255/PhaseSpaceIn.root,/home/ltf/project/github/PCT/data/simulation_data/results0717_s4_material_calibration_air_pilot/run_255/PhaseSpaceOut.root
99584,99584,0,90369,90369,0,87299,12285,87287,87287,0,0,256,87299,12,/home/ltf/project/github/PCT/data/simulation_data/results0717_s4_material_calibration_air_pilot/run_256/PhaseSpaceIn.root,/home/ltf/project/github/PCT/data/simulation_data/results0717_s4_material_calibration_air_pilot/run_256/PhaseSpaceOut.root
99586,99586,0,90407,90407,0,87213,12373,87205,87205,0,0,257,87213,8,/home/ltf/project/github/PCT/data/simulation_data/results0717_s4_material_calibration_air_pilot/run_257/PhaseSpaceIn.root,/home/ltf/project/github/PCT/data/simulation_data/results0717_s4_material_calibration_air_pilot/run_257/PhaseSpaceOut.root
99738,99738,0,90669,90669,0,87420,12318,87411,87411,0,0,258,87420,9,/home/ltf/project/github/PCT/data/simulation_data/results0717_s4_material_calibration_air_pilot/run_258/PhaseSpaceIn.root,/home/ltf/project/github/PCT/data/simulation_data/results0717_s4_material_calibration_air_pilot/run_258/PhaseSpaceOut.root
100020,100020,0,91050,91050,0,87924,12096,87907,87907,0,0,259,87924,17,/home/ltf/project/github/PCT/data/simulation_data/results0717_s4_material_calibration_air_pilot/run_259/PhaseSpaceIn.root,/home/ltf/project/github/PCT/data/simulation_data/results0717_s4_material_calibration_air_pilot/run_259/PhaseSpaceOut.root
100132,100132,0,90899,90899,0,87808,12324,87801,87801,0,0,260,87808,7,/home/ltf/project/github/PCT/data/simulation_data/results0717_s4_material_calibration_air_pilot/run_260/PhaseSpaceIn.root,/home/ltf/project/github/PCT/data/simulation_data/results0717_s4_material_calibration_air_pilot/run_260/PhaseSpaceOut.root
99956,99956,0,90779,90779,0,87672,12284,87656,87656,0,0,261,87672,16,/home/ltf/project/github/PCT/data/simulation_data/results0717_s4_material_calibration_air_pilot/run_261/PhaseSpaceIn.root,/home/ltf/project/github/PCT/data/simulation_data/results0717_s4_material_calibration_air_pilot/run_261/PhaseSpaceOut.root
99984,99984,0,90854,90854,0,87742,12242,87728,87728,0,0,262,87742,14,/home/ltf/project/github/PCT/data/simulation_data/results0717_s4_material_calibration_air_pilot/run_262/PhaseSpaceIn.root,/home/ltf/project/github/PCT/data/simulation_data/results0717_s4_material_calibration_air_pilot/run_262/PhaseSpaceOut.root
100619,100619,0,91314,91314,0,88210,12409,88200,88200,0,0,263,88210,10,/home/ltf/project/github/PCT/data/simulation_data/results0717_s4_material_calibration_air_pilot/run_263/PhaseSpaceIn.root,/home/ltf/project/github/PCT/data/simulation_data/results0717_s4_material_calibration_air_pilot/run_263/PhaseSpaceOut.root
99802,99802,0,90835,90835,0,87776,12026,87763,87763,0,0,264,87776,13,/home/ltf/project/github/PCT/data/simulation_data/results0717_s4_material_calibration_air_pilot/run_264/PhaseSpaceIn.root,/home/ltf/project/github/PCT/data/simulation_data/results0717_s4_material_calibration_air_pilot/run_264/PhaseSpaceOut.root
99495,99495,0,90459,90459,0,87424,12071,87412,87412,0,0,265,87424,12,/home/ltf/project/github/PCT/data/simulation_data/results0717_s4_material_calibration_air_pilot/run_265/PhaseSpaceIn.root,/home/ltf/project/github/PCT/data/simulation_data/results0717_s4_material_calibration_air_pilot/run_265/PhaseSpaceOut.root
100280,100280,0,91044,91044,0,87881,12399,87864,87864,0,0,266,87881,17,/home/ltf/project/github/PCT/data/simulation_data/results0717_s4_material_calibration_air_pilot/run_266/PhaseSpaceIn.root,/home/ltf/project/github/PCT/data/simulation_data/results0717_s4_material_calibration_air_pilot/run_266/PhaseSpaceOut.root
99848,99848,0,90790,90790,0,87723,12125,87701,87701,0,0,267,87723,22,/home/ltf/project/github/PCT/data/simulation_data/results0717_s4_material_calibration_air_pilot/run_267/PhaseSpaceIn.root,/home/ltf/project/github/PCT/data/simulation_data/results0717_s4_material_calibration_air_pilot/run_267/PhaseSpaceOut.root
99954,99954,0,90954,90954,0,87868,12086,87857,87857,0,0,268,87868,11,/home/ltf/project/github/PCT/data/simulation_data/results0717_s4_material_calibration_air_pilot/run_268/PhaseSpaceIn.root,/home/ltf/project/github/PCT/data/simulation_data/results0717_s4_material_calibration_air_pilot/run_268/PhaseSpaceOut.root
99580,99580,0,90511,90511,0,87384,12196,87368,87368,0,0,269,87384,16,/home/ltf/project/github/PCT/data/simulation_data/results0717_s4_material_calibration_air_pilot/run_269/PhaseSpaceIn.root,/home/ltf/project/github/PCT/data/simulation_data/results0717_s4_material_calibration_air_pilot/run_269/PhaseSpaceOut.root
99826,99826,0,90776,90776,0,87693,12133,87677,87677,0,0,270,87693,16,/home/ltf/project/github/PCT/data/simulation_data/results0717_s4_material_calibration_air_pilot/run_270/PhaseSpaceIn.root,/home/ltf/project/github/PCT/data/simulation_data/results0717_s4_material_calibration_air_pilot/run_270/PhaseSpaceOut.root
100154,100154,0,91004,91004,0,87823,12331,87811,87811,0,0,271,87823,12,/home/ltf/project/github/PCT/data/simulation_data/results0717_s4_material_calibration_air_pilot/run_271/PhaseSpaceIn.root,/home/ltf/project/github/PCT/data/simulation_data/results0717_s4_material_calibration_air_pilot/run_271/PhaseSpaceOut.root
99785,99785,0,90606,90606,0,87522,12263,87512,87512,0,0,272,87522,10,/home/ltf/project/github/PCT/data/simulation_data/results0717_s4_material_calibration_air_pilot/run_272/PhaseSpaceIn.root,/home/ltf/project/github/PCT/data/simulation_data/results0717_s4_material_calibration_air_pilot/run_272/PhaseSpaceOut.root
99401,99401,0,90266,90266,0,87228,12173,87215,87215,0,0,273,87228,13,/home/ltf/project/github/PCT/data/simulation_data/results0717_s4_material_calibration_air_pilot/run_273/PhaseSpaceIn.root,/home/ltf/project/github/PCT/data/simulation_data/results0717_s4_material_calibration_air_pilot/run_273/PhaseSpaceOut.root
100074,100074,0,90801,90801,0,87651,12423,87640,87640,0,0,274,87651,11,/home/ltf/project/github/PCT/data/simulation_data/results0717_s4_material_calibration_air_pilot/run_274/PhaseSpaceIn.root,/home/ltf/project/github/PCT/data/simulation_data/results0717_s4_material_calibration_air_pilot/run_274/PhaseSpaceOut.root
99939,99939,0,90850,90850,0,87742,12197,87729,87729,0,0,275,87742,13,/home/ltf/project/github/PCT/data/simulation_data/results0717_s4_material_calibration_air_pilot/run_275/PhaseSpaceIn.root,/home/ltf/project/github/PCT/data/simulation_data/results0717_s4_material_calibration_air_pilot/run_275/PhaseSpaceOut.root
99956,99956,0,90697,90697,0,87526,12430,87522,87522,0,0,276,87526,4,/home/ltf/project/github/PCT/data/simulation_data/results0717_s4_material_calibration_air_pilot/run_276/PhaseSpaceIn.root,/home/ltf/project/github/PCT/data/simulation_data/results0717_s4_material_calibration_air_pilot/run_276/PhaseSpaceOut.root
100388,100388,0,91199,91198,1,88172,12216,88158,88158,0,0,277,88172,14,/home/ltf/project/github/PCT/data/simulation_data/results0717_s4_material_calibration_air_pilot/run_277/PhaseSpaceIn.root,/home/ltf/project/github/PCT/data/simulation_data/results0717_s4_material_calibration_air_pilot/run_277/PhaseSpaceOut.root
100626,100626,0,91493,91493,0,88383,12243,88374,88374,0,0,278,88383,9,/home/ltf/project/github/PCT/data/simulation_data/results0717_s4_material_calibration_air_pilot/run_278/PhaseSpaceIn.root,/home/ltf/project/github/PCT/data/simulation_data/results0717_s4_material_calibration_air_pilot/run_278/PhaseSpaceOut.root
100025,100025,0,90818,90818,0,87708,12317,87693,87693,0,0,279,87708,15,/home/ltf/project/github/PCT/data/simulation_data/results0717_s4_material_calibration_air_pilot/run_279/PhaseSpaceIn.root,/home/ltf/project/github/PCT/data/simulation_data/results0717_s4_material_calibration_air_pilot/run_279/PhaseSpaceOut.root
99976,99976,0,90779,90778,1,87718,12258,87704,87704,0,0,280,87718,14,/home/ltf/project/github/PCT/data/simulation_data/results0717_s4_material_calibration_air_pilot/run_280/PhaseSpaceIn.root,/home/ltf/project/github/PCT/data/simulation_data/results0717_s4_material_calibration_air_pilot/run_280/PhaseSpaceOut.root
99628,99628,0,90655,90655,0,87599,12029,87593,87593,0,0,281,87599,6,/home/ltf/project/github/PCT/data/simulation_data/results0717_s4_material_calibration_air_pilot/run_281/PhaseSpaceIn.root,/home/ltf/project/github/PCT/data/simulation_data/results0717_s4_material_calibration_air_pilot/run_281/PhaseSpaceOut.root
100163,100163,0,91091,91091,0,87950,12213,87937,87937,0,0,282,87950,13,/home/ltf/project/github/PCT/data/simulation_data/results0717_s4_material_calibration_air_pilot/run_282/PhaseSpaceIn.root,/home/ltf/project/github/PCT/data/simulation_data/results0717_s4_material_calibration_air_pilot/run_282/PhaseSpaceOut.root
100099,100098,1,90931,90931,0,87819,12279,87808,87808,0,0,283,87819,11,/home/ltf/project/github/PCT/data/simulation_data/results0717_s4_material_calibration_air_pilot/run_283/PhaseSpaceIn.root,/home/ltf/project/github/PCT/data/simulation_data/results0717_s4_material_calibration_air_pilot/run_283/PhaseSpaceOut.root
99728,99728,0,90652,90652,0,87632,12096,87614,87614,0,0,284,87632,18,/home/ltf/project/github/PCT/data/simulation_data/results0717_s4_material_calibration_air_pilot/run_284/PhaseSpaceIn.root,/home/ltf/project/github/PCT/data/simulation_data/results0717_s4_material_calibration_air_pilot/run_284/PhaseSpaceOut.root
100427,100427,0,91278,91278,0,88091,12336,88082,88082,0,0,285,88091,9,/home/ltf/project/github/PCT/data/simulation_data/results0717_s4_material_calibration_air_pilot/run_285/PhaseSpaceIn.root,/home/ltf/project/github/PCT/data/simulation_data/results0717_s4_material_calibration_air_pilot/run_285/PhaseSpaceOut.root
99919,99919,0,90607,90607,0,87521,12398,87510,87510,0,0,286,87521,11,/home/ltf/project/github/PCT/data/simulation_data/results0717_s4_material_calibration_air_pilot/run_286/PhaseSpaceIn.root,/home/ltf/project/github/PCT/data/simulation_data/results0717_s4_material_calibration_air_pilot/run_286/PhaseSpaceOut.root
99961,99961,0,90989,90989,0,88006,11955,87990,87990,0,0,287,88006,16,/home/ltf/project/github/PCT/data/simulation_data/results0717_s4_material_calibration_air_pilot/run_287/PhaseSpaceIn.root,/home/ltf/project/github/PCT/data/simulation_data/results0717_s4_material_calibration_air_pilot/run_287/PhaseSpaceOut.root
99445,99445,0,90413,90413,0,87406,12039,87393,87393,0,0,288,87406,13,/home/ltf/project/github/PCT/data/simulation_data/results0717_s4_material_calibration_air_pilot/run_288/PhaseSpaceIn.root,/home/ltf/project/github/PCT/data/simulation_data/results0717_s4_material_calibration_air_pilot/run_288/PhaseSpaceOut.root
100284,100284,0,91153,91153,0,88072,12212,88060,88060,0,0,289,88072,12,/home/ltf/project/github/PCT/data/simulation_data/results0717_s4_material_calibration_air_pilot/run_289/PhaseSpaceIn.root,/home/ltf/project/github/PCT/data/simulation_data/results0717_s4_material_calibration_air_pilot/run_289/PhaseSpaceOut.root
100303,100303,0,91193,91193,0,88045,12258,88031,88031,0,0,290,88045,14,/home/ltf/project/github/PCT/data/simulation_data/results0717_s4_material_calibration_air_pilot/run_290/PhaseSpaceIn.root,/home/ltf/project/github/PCT/data/simulation_data/results0717_s4_material_calibration_air_pilot/run_290/PhaseSpaceOut.root
99602,99602,0,90702,90702,0,87562,12040,87548,87548,0,0,291,87562,14,/home/ltf/project/github/PCT/data/simulation_data/results0717_s4_material_calibration_air_pilot/run_291/PhaseSpaceIn.root,/home/ltf/project/github/PCT/data/simulation_data/results0717_s4_material_calibration_air_pilot/run_291/PhaseSpaceOut.root
99574,99574,0,90581,90581,0,87482,12092,87470,87470,0,0,292,87482,12,/home/ltf/project/github/PCT/data/simulation_data/results0717_s4_material_calibration_air_pilot/run_292/PhaseSpaceIn.root,/home/ltf/project/github/PCT/data/simulation_data/results0717_s4_material_calibration_air_pilot/run_292/PhaseSpaceOut.root
99730,99730,0,90641,90641,0,87540,12190,87529,87529,0,0,293,87540,11,/home/ltf/project/github/PCT/data/simulation_data/results0717_s4_material_calibration_air_pilot/run_293/PhaseSpaceIn.root,/home/ltf/project/github/PCT/data/simulation_data/results0717_s4_material_calibration_air_pilot/run_293/PhaseSpaceOut.root
100262,100262,0,91152,91152,0,88031,12231,88017,88017,0,0,294,88031,14,/home/ltf/project/github/PCT/data/simulation_data/results0717_s4_material_calibration_air_pilot/run_294/PhaseSpaceIn.root,/home/ltf/project/github/PCT/data/simulation_data/results0717_s4_material_calibration_air_pilot/run_294/PhaseSpaceOut.root
99990,99990,0,90860,90860,0,87760,12230,87744,87744,0,0,295,87760,16,/home/ltf/project/github/PCT/data/simulation_data/results0717_s4_material_calibration_air_pilot/run_295/PhaseSpaceIn.root,/home/ltf/project/github/PCT/data/simulation_data/results0717_s4_material_calibration_air_pilot/run_295/PhaseSpaceOut.root
100195,100195,0,90995,90995,0,87877,12318,87856,87856,0,0,296,87877,21,/home/ltf/project/github/PCT/data/simulation_data/results0717_s4_material_calibration_air_pilot/run_296/PhaseSpaceIn.root,/home/ltf/project/github/PCT/data/simulation_data/results0717_s4_material_calibration_air_pilot/run_296/PhaseSpaceOut.root
99694,99694,0,90421,90421,0,87244,12450,87232,87232,0,0,297,87244,12,/home/ltf/project/github/PCT/data/simulation_data/results0717_s4_material_calibration_air_pilot/run_297/PhaseSpaceIn.root,/home/ltf/project/github/PCT/data/simulation_data/results0717_s4_material_calibration_air_pilot/run_297/PhaseSpaceOut.root
100262,100262,0,91177,91177,0,88091,12171,88070,88070,0,0,298,88091,21,/home/ltf/project/github/PCT/data/simulation_data/results0717_s4_material_calibration_air_pilot/run_298/PhaseSpaceIn.root,/home/ltf/project/github/PCT/data/simulation_data/results0717_s4_material_calibration_air_pilot/run_298/PhaseSpaceOut.root
99680,99680,0,90691,90691,0,87577,12103,87565,87565,0,0,299,87577,12,/home/ltf/project/github/PCT/data/simulation_data/results0717_s4_material_calibration_air_pilot/run_299/PhaseSpaceIn.root,/home/ltf/project/github/PCT/data/simulation_data/results0717_s4_material_calibration_air_pilot/run_299/PhaseSpaceOut.root
100406,100406,0,91254,91254,0,88100,12306,88077,88077,0,0,300,88100,23,/home/ltf/project/github/PCT/data/simulation_data/results0717_s4_material_calibration_air_pilot/run_300/PhaseSpaceIn.root,/home/ltf/project/github/PCT/data/simulation_data/results0717_s4_material_calibration_air_pilot/run_300/PhaseSpaceOut.root
100501,100501,0,91418,91418,0,88260,12241,88243,88243,0,0,301,88260,17,/home/ltf/project/github/PCT/data/simulation_data/results0717_s4_material_calibration_air_pilot/run_301/PhaseSpaceIn.root,/home/ltf/project/github/PCT/data/simulation_data/results0717_s4_material_calibration_air_pilot/run_301/PhaseSpaceOut.root
99889,99889,0,90697,90697,0,87697,12192,87683,87683,0,0,302,87697,14,/home/ltf/project/github/PCT/data/simulation_data/results0717_s4_material_calibration_air_pilot/run_302/PhaseSpaceIn.root,/home/ltf/project/github/PCT/data/simulation_data/results0717_s4_material_calibration_air_pilot/run_302/PhaseSpaceOut.root
99729,99729,0,90575,90574,1,87464,12265,87453,87453,0,0,303,87464,11,/home/ltf/project/github/PCT/data/simulation_data/results0717_s4_material_calibration_air_pilot/run_303/PhaseSpaceIn.root,/home/ltf/project/github/PCT/data/simulation_data/results0717_s4_material_calibration_air_pilot/run_303/PhaseSpaceOut.root
99375,99375,0,90298,90298,0,87226,12149,87208,87208,0,0,304,87226,18,/home/ltf/project/github/PCT/data/simulation_data/results0717_s4_material_calibration_air_pilot/run_304/PhaseSpaceIn.root,/home/ltf/project/github/PCT/data/simulation_data/results0717_s4_material_calibration_air_pilot/run_304/PhaseSpaceOut.root
99392,99392,0,90417,90417,0,87281,12111,87268,87268,0,0,305,87281,13,/home/ltf/project/github/PCT/data/simulation_data/results0717_s4_material_calibration_air_pilot/run_305/PhaseSpaceIn.root,/home/ltf/project/github/PCT/data/simulation_data/results0717_s4_material_calibration_air_pilot/run_305/PhaseSpaceOut.root
100659,100659,0,91444,91444,0,88394,12265,88382,88382,0,0,306,88394,12,/home/ltf/project/github/PCT/data/simulation_data/results0717_s4_material_calibration_air_pilot/run_306/PhaseSpaceIn.root,/home/ltf/project/github/PCT/data/simulation_data/results0717_s4_material_calibration_air_pilot/run_306/PhaseSpaceOut.root
100068,100068,0,91032,91030,2,87942,12126,87925,87925,0,0,307,87942,17,/home/ltf/project/github/PCT/data/simulation_data/results0717_s4_material_calibration_air_pilot/run_307/PhaseSpaceIn.root,/home/ltf/project/github/PCT/data/simulation_data/results0717_s4_material_calibration_air_pilot/run_307/PhaseSpaceOut.root
100361,100361,0,91209,91209,0,88054,12307,88036,88036,0,0,308,88054,18,/home/ltf/project/github/PCT/data/simulation_data/results0717_s4_material_calibration_air_pilot/run_308/PhaseSpaceIn.root,/home/ltf/project/github/PCT/data/simulation_data/results0717_s4_material_calibration_air_pilot/run_308/PhaseSpaceOut.root
99471,99471,0,90494,90494,0,87361,12110,87342,87342,0,0,309,87361,19,/home/ltf/project/github/PCT/data/simulation_data/results0717_s4_material_calibration_air_pilot/run_309/PhaseSpaceIn.root,/home/ltf/project/github/PCT/data/simulation_data/results0717_s4_material_calibration_air_pilot/run_309/PhaseSpaceOut.root
100002,100002,0,90720,90720,0,87588,12414,87577,87577,0,0,310,87588,11,/home/ltf/project/github/PCT/data/simulation_data/results0717_s4_material_calibration_air_pilot/run_310/PhaseSpaceIn.root,/home/ltf/project/github/PCT/data/simulation_data/results0717_s4_material_calibration_air_pilot/run_310/PhaseSpaceOut.root
100290,100290,0,91045,91045,0,87966,12324,87955,87955,0,0,311,87966,11,/home/ltf/project/github/PCT/data/simulation_data/results0717_s4_material_calibration_air_pilot/run_311/PhaseSpaceIn.root,/home/ltf/project/github/PCT/data/simulation_data/results0717_s4_material_calibration_air_pilot/run_311/PhaseSpaceOut.root
100052,100052,0,90892,90892,0,87874,12178,87861,87861,0,0,312,87874,13,/home/ltf/project/github/PCT/data/simulation_data/results0717_s4_material_calibration_air_pilot/run_312/PhaseSpaceIn.root,/home/ltf/project/github/PCT/data/simulation_data/results0717_s4_material_calibration_air_pilot/run_312/PhaseSpaceOut.root
100006,100006,0,90905,90905,0,87869,12137,87852,87852,0,0,313,87869,17,/home/ltf/project/github/PCT/data/simulation_data/results0717_s4_material_calibration_air_pilot/run_313/PhaseSpaceIn.root,/home/ltf/project/github/PCT/data/simulation_data/results0717_s4_material_calibration_air_pilot/run_313/PhaseSpaceOut.root
100119,100119,0,90992,90992,0,87991,12128,87980,87980,0,0,314,87991,11,/home/ltf/project/github/PCT/data/simulation_data/results0717_s4_material_calibration_air_pilot/run_314/PhaseSpaceIn.root,/home/ltf/project/github/PCT/data/simulation_data/results0717_s4_material_calibration_air_pilot/run_314/PhaseSpaceOut.root
99909,99909,0,90687,90687,0,87658,12251,87651,87651,0,0,315,87658,7,/home/ltf/project/github/PCT/data/simulation_data/results0717_s4_material_calibration_air_pilot/run_315/PhaseSpaceIn.root,/home/ltf/project/github/PCT/data/simulation_data/results0717_s4_material_calibration_air_pilot/run_315/PhaseSpaceOut.root
99964,99964,0,90819,90819,0,87776,12188,87758,87758,0,0,316,87776,18,/home/ltf/project/github/PCT/data/simulation_data/results0717_s4_material_calibration_air_pilot/run_316/PhaseSpaceIn.root,/home/ltf/project/github/PCT/data/simulation_data/results0717_s4_material_calibration_air_pilot/run_316/PhaseSpaceOut.root
100283,100283,0,91078,91078,0,88029,12254,88014,88014,0,0,317,88029,15,/home/ltf/project/github/PCT/data/simulation_data/results0717_s4_material_calibration_air_pilot/run_317/PhaseSpaceIn.root,/home/ltf/project/github/PCT/data/simulation_data/results0717_s4_material_calibration_air_pilot/run_317/PhaseSpaceOut.root
99665,99665,0,90515,90515,0,87489,12176,87480,87480,0,0,318,87489,9,/home/ltf/project/github/PCT/data/simulation_data/results0717_s4_material_calibration_air_pilot/run_318/PhaseSpaceIn.root,/home/ltf/project/github/PCT/data/simulation_data/results0717_s4_material_calibration_air_pilot/run_318/PhaseSpaceOut.root
100049,100049,0,90908,90908,0,87894,12155,87884,87884,0,0,319,87894,10,/home/ltf/project/github/PCT/data/simulation_data/results0717_s4_material_calibration_air_pilot/run_319/PhaseSpaceIn.root,/home/ltf/project/github/PCT/data/simulation_data/results0717_s4_material_calibration_air_pilot/run_319/PhaseSpaceOut.root
100108,100108,0,91102,91102,0,88130,11978,88122,88122,0,0,320,88130,8,/home/ltf/project/github/PCT/data/simulation_data/results0717_s4_material_calibration_air_pilot/run_320/PhaseSpaceIn.root,/home/ltf/project/github/PCT/data/simulation_data/results0717_s4_material_calibration_air_pilot/run_320/PhaseSpaceOut.root
100015,100015,0,90790,90790,0,87775,12240,87760,87760,0,0,321,87775,15,/home/ltf/project/github/PCT/data/simulation_data/results0717_s4_material_calibration_air_pilot/run_321/PhaseSpaceIn.root,/home/ltf/project/github/PCT/data/simulation_data/results0717_s4_material_calibration_air_pilot/run_321/PhaseSpaceOut.root
100199,100199,0,91133,91133,0,88124,12075,88105,88105,0,0,322,88124,19,/home/ltf/project/github/PCT/data/simulation_data/results0717_s4_material_calibration_air_pilot/run_322/PhaseSpaceIn.root,/home/ltf/project/github/PCT/data/simulation_data/results0717_s4_material_calibration_air_pilot/run_322/PhaseSpaceOut.root
99703,99703,0,90554,90554,0,87421,12282,87410,87410,0,0,323,87421,11,/home/ltf/project/github/PCT/data/simulation_data/results0717_s4_material_calibration_air_pilot/run_323/PhaseSpaceIn.root,/home/ltf/project/github/PCT/data/simulation_data/results0717_s4_material_calibration_air_pilot/run_323/PhaseSpaceOut.root
100061,100060,1,90895,90895,0,87852,12208,87841,87841,0,0,324,87852,11,/home/ltf/project/github/PCT/data/simulation_data/results0717_s4_material_calibration_air_pilot/run_324/PhaseSpaceIn.root,/home/ltf/project/github/PCT/data/simulation_data/results0717_s4_material_calibration_air_pilot/run_324/PhaseSpaceOut.root
100189,100189,0,90963,90963,0,87910,12279,87892,87892,0,0,325,87910,18,/home/ltf/project/github/PCT/data/simulation_data/results0717_s4_material_calibration_air_pilot/run_325/PhaseSpaceIn.root,/home/ltf/project/github/PCT/data/simulation_data/results0717_s4_material_calibration_air_pilot/run_325/PhaseSpaceOut.root
100169,100169,0,90890,90890,0,87773,12396,87757,87757,0,0,326,87773,16,/home/ltf/project/github/PCT/data/simulation_data/results0717_s4_material_calibration_air_pilot/run_326/PhaseSpaceIn.root,/home/ltf/project/github/PCT/data/simulation_data/results0717_s4_material_calibration_air_pilot/run_326/PhaseSpaceOut.root
99704,99704,0,90517,90517,0,87438,12266,87429,87429,0,0,327,87438,9,/home/ltf/project/github/PCT/data/simulation_data/results0717_s4_material_calibration_air_pilot/run_327/PhaseSpaceIn.root,/home/ltf/project/github/PCT/data/simulation_data/results0717_s4_material_calibration_air_pilot/run_327/PhaseSpaceOut.root
99980,99980,0,91045,91045,0,88033,11947,88023,88023,0,0,328,88033,10,/home/ltf/project/github/PCT/data/simulation_data/results0717_s4_material_calibration_air_pilot/run_328/PhaseSpaceIn.root,/home/ltf/project/github/PCT/data/simulation_data/results0717_s4_material_calibration_air_pilot/run_328/PhaseSpaceOut.root
99777,99777,0,90708,90708,0,87701,12076,87689,87689,0,0,329,87701,12,/home/ltf/project/github/PCT/data/simulation_data/results0717_s4_material_calibration_air_pilot/run_329/PhaseSpaceIn.root,/home/ltf/project/github/PCT/data/simulation_data/results0717_s4_material_calibration_air_pilot/run_329/PhaseSpaceOut.root
100184,100184,0,91065,91065,0,88077,12107,88063,88063,0,0,330,88077,14,/home/ltf/project/github/PCT/data/simulation_data/results0717_s4_material_calibration_air_pilot/run_330/PhaseSpaceIn.root,/home/ltf/project/github/PCT/data/simulation_data/results0717_s4_material_calibration_air_pilot/run_330/PhaseSpaceOut.root
99577,99577,0,90498,90498,0,87362,12215,87348,87348,0,0,331,87362,14,/home/ltf/project/github/PCT/data/simulation_data/results0717_s4_material_calibration_air_pilot/run_331/PhaseSpaceIn.root,/home/ltf/project/github/PCT/data/simulation_data/results0717_s4_material_calibration_air_pilot/run_331/PhaseSpaceOut.root
100825,100825,0,91578,91578,0,88402,12423,88385,88385,0,0,332,88402,17,/home/ltf/project/github/PCT/data/simulation_data/results0717_s4_material_calibration_air_pilot/run_332/PhaseSpaceIn.root,/home/ltf/project/github/PCT/data/simulation_data/results0717_s4_material_calibration_air_pilot/run_332/PhaseSpaceOut.root
99512,99512,0,90456,90456,0,87469,12043,87454,87454,0,0,333,87469,15,/home/ltf/project/github/PCT/data/simulation_data/results0717_s4_material_calibration_air_pilot/run_333/PhaseSpaceIn.root,/home/ltf/project/github/PCT/data/simulation_data/results0717_s4_material_calibration_air_pilot/run_333/PhaseSpaceOut.root
99861,99861,0,90650,90650,0,87569,12292,87557,87557,0,0,334,87569,12,/home/ltf/project/github/PCT/data/simulation_data/results0717_s4_material_calibration_air_pilot/run_334/PhaseSpaceIn.root,/home/ltf/project/github/PCT/data/simulation_data/results0717_s4_material_calibration_air_pilot/run_334/PhaseSpaceOut.root
100135,100135,0,91080,91080,0,88106,12029,88091,88091,0,0,335,88106,15,/home/ltf/project/github/PCT/data/simulation_data/results0717_s4_material_calibration_air_pilot/run_335/PhaseSpaceIn.root,/home/ltf/project/github/PCT/data/simulation_data/results0717_s4_material_calibration_air_pilot/run_335/PhaseSpaceOut.root
100007,100007,0,91024,91024,0,88028,11979,88010,88010,0,0,336,88028,18,/home/ltf/project/github/PCT/data/simulation_data/results0717_s4_material_calibration_air_pilot/run_336/PhaseSpaceIn.root,/home/ltf/project/github/PCT/data/simulation_data/results0717_s4_material_calibration_air_pilot/run_336/PhaseSpaceOut.root
99800,99800,0,90540,90540,0,87458,12342,87446,87446,0,0,337,87458,12,/home/ltf/project/github/PCT/data/simulation_data/results0717_s4_material_calibration_air_pilot/run_337/PhaseSpaceIn.root,/home/ltf/project/github/PCT/data/simulation_data/results0717_s4_material_calibration_air_pilot/run_337/PhaseSpaceOut.root
99484,99484,0,90440,90440,0,87327,12157,87313,87313,0,0,338,87327,14,/home/ltf/project/github/PCT/data/simulation_data/results0717_s4_material_calibration_air_pilot/run_338/PhaseSpaceIn.root,/home/ltf/project/github/PCT/data/simulation_data/results0717_s4_material_calibration_air_pilot/run_338/PhaseSpaceOut.root
100350,100350,0,91198,91198,0,88096,12254,88083,88083,0,0,339,88096,13,/home/ltf/project/github/PCT/data/simulation_data/results0717_s4_material_calibration_air_pilot/run_339/PhaseSpaceIn.root,/home/ltf/project/github/PCT/data/simulation_data/results0717_s4_material_calibration_air_pilot/run_339/PhaseSpaceOut.root
100231,100231,0,91077,91077,0,87944,12287,87935,87935,0,0,340,87944,9,/home/ltf/project/github/PCT/data/simulation_data/results0717_s4_material_calibration_air_pilot/run_340/PhaseSpaceIn.root,/home/ltf/project/github/PCT/data/simulation_data/results0717_s4_material_calibration_air_pilot/run_340/PhaseSpaceOut.root
99631,99631,0,90391,90391,0,87293,12338,87272,87272,0,0,341,87293,21,/home/ltf/project/github/PCT/data/simulation_data/results0717_s4_material_calibration_air_pilot/run_341/PhaseSpaceIn.root,/home/ltf/project/github/PCT/data/simulation_data/results0717_s4_material_calibration_air_pilot/run_341/PhaseSpaceOut.root
99798,99798,0,90613,90613,0,87465,12333,87450,87450,0,0,342,87465,15,/home/ltf/project/github/PCT/data/simulation_data/results0717_s4_material_calibration_air_pilot/run_342/PhaseSpaceIn.root,/home/ltf/project/github/PCT/data/simulation_data/results0717_s4_material_calibration_air_pilot/run_342/PhaseSpaceOut.root
99800,99799,1,90509,90509,0,87543,12256,87531,87531,0,0,343,87543,12,/home/ltf/project/github/PCT/data/simulation_data/results0717_s4_material_calibration_air_pilot/run_343/PhaseSpaceIn.root,/home/ltf/project/github/PCT/data/simulation_data/results0717_s4_material_calibration_air_pilot/run_343/PhaseSpaceOut.root
100106,100106,0,90900,90900,0,87918,12188,87900,87900,0,0,344,87918,18,/home/ltf/project/github/PCT/data/simulation_data/results0717_s4_material_calibration_air_pilot/run_344/PhaseSpaceIn.root,/home/ltf/project/github/PCT/data/simulation_data/results0717_s4_material_calibration_air_pilot/run_344/PhaseSpaceOut.root
99773,99773,0,90496,90496,0,87561,12212,87548,87548,0,0,345,87561,13,/home/ltf/project/github/PCT/data/simulation_data/results0717_s4_material_calibration_air_pilot/run_345/PhaseSpaceIn.root,/home/ltf/project/github/PCT/data/simulation_data/results0717_s4_material_calibration_air_pilot/run_345/PhaseSpaceOut.root
100542,100542,0,91453,91453,0,88468,12074,88457,88457,0,0,346,88468,11,/home/ltf/project/github/PCT/data/simulation_data/results0717_s4_material_calibration_air_pilot/run_346/PhaseSpaceIn.root,/home/ltf/project/github/PCT/data/simulation_data/results0717_s4_material_calibration_air_pilot/run_346/PhaseSpaceOut.root
99803,99803,0,90741,90740,1,87784,12019,87767,87767,0,0,347,87784,17,/home/ltf/project/github/PCT/data/simulation_data/results0717_s4_material_calibration_air_pilot/run_347/PhaseSpaceIn.root,/home/ltf/project/github/PCT/data/simulation_data/results0717_s4_material_calibration_air_pilot/run_347/PhaseSpaceOut.root
100643,100643,0,91268,91268,0,88129,12514,88112,88112,0,0,348,88129,17,/home/ltf/project/github/PCT/data/simulation_data/results0717_s4_material_calibration_air_pilot/run_348/PhaseSpaceIn.root,/home/ltf/project/github/PCT/data/simulation_data/results0717_s4_material_calibration_air_pilot/run_348/PhaseSpaceOut.root
99999,99999,0,90818,90818,0,87803,12196,87787,87787,0,0,349,87803,16,/home/ltf/project/github/PCT/data/simulation_data/results0717_s4_material_calibration_air_pilot/run_349/PhaseSpaceIn.root,/home/ltf/project/github/PCT/data/simulation_data/results0717_s4_material_calibration_air_pilot/run_349/PhaseSpaceOut.root
100408,100408,0,91200,91200,0,88166,12242,88144,88144,0,0,350,88166,22,/home/ltf/project/github/PCT/data/simulation_data/results0717_s4_material_calibration_air_pilot/run_350/PhaseSpaceIn.root,/home/ltf/project/github/PCT/data/simulation_data/results0717_s4_material_calibration_air_pilot/run_350/PhaseSpaceOut.root
99411,99410,1,90142,90142,0,87127,12283,87116,87116,0,0,351,87127,11,/home/ltf/project/github/PCT/data/simulation_data/results0717_s4_material_calibration_air_pilot/run_351/PhaseSpaceIn.root,/home/ltf/project/github/PCT/data/simulation_data/results0717_s4_material_calibration_air_pilot/run_351/PhaseSpaceOut.root
100042,100042,0,90910,90910,0,87826,12216,87810,87810,0,0,352,87826,16,/home/ltf/project/github/PCT/data/simulation_data/results0717_s4_material_calibration_air_pilot/run_352/PhaseSpaceIn.root,/home/ltf/project/github/PCT/data/simulation_data/results0717_s4_material_calibration_air_pilot/run_352/PhaseSpaceOut.root
99917,99917,0,90640,90640,0,87592,12325,87581,87581,0,0,353,87592,11,/home/ltf/project/github/PCT/data/simulation_data/results0717_s4_material_calibration_air_pilot/run_353/PhaseSpaceIn.root,/home/ltf/project/github/PCT/data/simulation_data/results0717_s4_material_calibration_air_pilot/run_353/PhaseSpaceOut.root
99795,99795,0,90615,90615,0,87642,12153,87625,87625,0,0,354,87642,17,/home/ltf/project/github/PCT/data/simulation_data/results0717_s4_material_calibration_air_pilot/run_354/PhaseSpaceIn.root,/home/ltf/project/github/PCT/data/simulation_data/results0717_s4_material_calibration_air_pilot/run_354/PhaseSpaceOut.root
99678,99678,0,90362,90362,0,87407,12271,87388,87388,0,0,355,87407,19,/home/ltf/project/github/PCT/data/simulation_data/results0717_s4_material_calibration_air_pilot/run_355/PhaseSpaceIn.root,/home/ltf/project/github/PCT/data/simulation_data/results0717_s4_material_calibration_air_pilot/run_355/PhaseSpaceOut.root
100073,100073,0,90960,90959,1,87911,12162,87896,87896,0,0,356,87911,15,/home/ltf/project/github/PCT/data/simulation_data/results0717_s4_material_calibration_air_pilot/run_356/PhaseSpaceIn.root,/home/ltf/project/github/PCT/data/simulation_data/results0717_s4_material_calibration_air_pilot/run_356/PhaseSpaceOut.root
99640,99640,0,90506,90506,0,87433,12207,87422,87422,0,0,357,87433,11,/home/ltf/project/github/PCT/data/simulation_data/results0717_s4_material_calibration_air_pilot/run_357/PhaseSpaceIn.root,/home/ltf/project/github/PCT/data/simulation_data/results0717_s4_material_calibration_air_pilot/run_357/PhaseSpaceOut.root
100059,100059,0,90751,90751,0,87740,12319,87727,87727,0,0,358,87740,13,/home/ltf/project/github/PCT/data/simulation_data/results0717_s4_material_calibration_air_pilot/run_358/PhaseSpaceIn.root,/home/ltf/project/github/PCT/data/simulation_data/results0717_s4_material_calibration_air_pilot/run_358/PhaseSpaceOut.root
99305,99305,0,90146,90146,0,87179,12126,87169,87169,0,0,359,87179,10,/home/ltf/project/github/PCT/data/simulation_data/results0717_s4_material_calibration_air_pilot/run_359/PhaseSpaceIn.root,/home/ltf/project/github/PCT/data/simulation_data/results0717_s4_material_calibration_air_pilot/run_359/PhaseSpaceOut.root
99669,99669,0,90664,90663,1,87655,12014,87650,87650,0,0,360,87655,5,/home/ltf/project/github/PCT/data/simulation_data/results0717_s4_material_calibration_air_pilot/run_360/PhaseSpaceIn.root,/home/ltf/project/github/PCT/data/simulation_data/results0717_s4_material_calibration_air_pilot/run_360/PhaseSpaceOut.root
100365,100365,0,91361,91361,0,88340,12025,88326,88326,0,0,361,88340,14,/home/ltf/project/github/PCT/data/simulation_data/results0717_s4_material_calibration_air_pilot/run_361/PhaseSpaceIn.root,/home/ltf/project/github/PCT/data/simulation_data/results0717_s4_material_calibration_air_pilot/run_361/PhaseSpaceOut.root
99638,99638,0,90467,90467,0,87450,12188,87434,87434,0,0,362,87450,16,/home/ltf/project/github/PCT/data/simulation_data/results0717_s4_material_calibration_air_pilot/run_362/PhaseSpaceIn.root,/home/ltf/project/github/PCT/data/simulation_data/results0717_s4_material_calibration_air_pilot/run_362/PhaseSpaceOut.root
100225,100225,0,91160,91160,0,88173,12052,88161,88161,0,0,363,88173,12,/home/ltf/project/github/PCT/data/simulation_data/results0717_s4_material_calibration_air_pilot/run_363/PhaseSpaceIn.root,/home/ltf/project/github/PCT/data/simulation_data/results0717_s4_material_calibration_air_pilot/run_363/PhaseSpaceOut.root
99644,99644,0,90659,90659,0,87607,12037,87587,87587,0,0,364,87607,20,/home/ltf/project/github/PCT/data/simulation_data/results0717_s4_material_calibration_air_pilot/run_364/PhaseSpaceIn.root,/home/ltf/project/github/PCT/data/simulation_data/results0717_s4_material_calibration_air_pilot/run_364/PhaseSpaceOut.root
99755,99755,0,90527,90527,0,87497,12258,87486,87486,0,0,365,87497,11,/home/ltf/project/github/PCT/data/simulation_data/results0717_s4_material_calibration_air_pilot/run_365/PhaseSpaceIn.root,/home/ltf/project/github/PCT/data/simulation_data/results0717_s4_material_calibration_air_pilot/run_365/PhaseSpaceOut.root
100274,100274,0,91010,91010,0,87921,12353,87903,87903,0,0,366,87921,18,/home/ltf/project/github/PCT/data/simulation_data/results0717_s4_material_calibration_air_pilot/run_366/PhaseSpaceIn.root,/home/ltf/project/github/PCT/data/simulation_data/results0717_s4_material_calibration_air_pilot/run_366/PhaseSpaceOut.root
100249,100249,0,91050,91050,0,87958,12291,87952,87952,0,0,367,87958,6,/home/ltf/project/github/PCT/data/simulation_data/results0717_s4_material_calibration_air_pilot/run_367/PhaseSpaceIn.root,/home/ltf/project/github/PCT/data/simulation_data/results0717_s4_material_calibration_air_pilot/run_367/PhaseSpaceOut.root
99588,99588,0,90453,90453,0,87427,12161,87412,87412,0,0,368,87427,15,/home/ltf/project/github/PCT/data/simulation_data/results0717_s4_material_calibration_air_pilot/run_368/PhaseSpaceIn.root,/home/ltf/project/github/PCT/data/simulation_data/results0717_s4_material_calibration_air_pilot/run_368/PhaseSpaceOut.root
99996,99996,0,91024,91024,0,87865,12131,87854,87854,0,0,369,87865,11,/home/ltf/project/github/PCT/data/simulation_data/results0717_s4_material_calibration_air_pilot/run_369/PhaseSpaceIn.root,/home/ltf/project/github/PCT/data/simulation_data/results0717_s4_material_calibration_air_pilot/run_369/PhaseSpaceOut.root
99380,99380,0,90105,90105,0,87043,12337,87032,87032,0,0,370,87043,11,/home/ltf/project/github/PCT/data/simulation_data/results0717_s4_material_calibration_air_pilot/run_370/PhaseSpaceIn.root,/home/ltf/project/github/PCT/data/simulation_data/results0717_s4_material_calibration_air_pilot/run_370/PhaseSpaceOut.root
100405,100405,0,91196,91195,1,88104,12301,88093,88093,0,0,371,88104,11,/home/ltf/project/github/PCT/data/simulation_data/results0717_s4_material_calibration_air_pilot/run_371/PhaseSpaceIn.root,/home/ltf/project/github/PCT/data/simulation_data/results0717_s4_material_calibration_air_pilot/run_371/PhaseSpaceOut.root
100017,100017,0,90865,90865,0,87838,12179,87829,87829,0,0,372,87838,9,/home/ltf/project/github/PCT/data/simulation_data/results0717_s4_material_calibration_air_pilot/run_372/PhaseSpaceIn.root,/home/ltf/project/github/PCT/data/simulation_data/results0717_s4_material_calibration_air_pilot/run_372/PhaseSpaceOut.root
99654,99654,0,90548,90548,0,87450,12204,87430,87430,0,0,373,87450,20,/home/ltf/project/github/PCT/data/simulation_data/results0717_s4_material_calibration_air_pilot/run_373/PhaseSpaceIn.root,/home/ltf/project/github/PCT/data/simulation_data/results0717_s4_material_calibration_air_pilot/run_373/PhaseSpaceOut.root
99242,99242,0,90088,90088,0,86987,12255,86972,86972,0,0,374,86987,15,/home/ltf/project/github/PCT/data/simulation_data/results0717_s4_material_calibration_air_pilot/run_374/PhaseSpaceIn.root,/home/ltf/project/github/PCT/data/simulation_data/results0717_s4_material_calibration_air_pilot/run_374/PhaseSpaceOut.root
100343,100343,0,91119,91119,0,87928,12415,87914,87914,0,0,375,87928,14,/home/ltf/project/github/PCT/data/simulation_data/results0717_s4_material_calibration_air_pilot/run_375/PhaseSpaceIn.root,/home/ltf/project/github/PCT/data/simulation_data/results0717_s4_material_calibration_air_pilot/run_375/PhaseSpaceOut.root
99775,99775,0,90569,90569,0,87444,12331,87435,87435,0,0,376,87444,9,/home/ltf/project/github/PCT/data/simulation_data/results0717_s4_material_calibration_air_pilot/run_376/PhaseSpaceIn.root,/home/ltf/project/github/PCT/data/simulation_data/results0717_s4_material_calibration_air_pilot/run_376/PhaseSpaceOut.root
99792,99792,0,90655,90655,0,87603,12189,87588,87588,0,0,377,87603,15,/home/ltf/project/github/PCT/data/simulation_data/results0717_s4_material_calibration_air_pilot/run_377/PhaseSpaceIn.root,/home/ltf/project/github/PCT/data/simulation_data/results0717_s4_material_calibration_air_pilot/run_377/PhaseSpaceOut.root
99828,99828,0,90606,90606,0,87551,12277,87541,87541,0,0,378,87551,10,/home/ltf/project/github/PCT/data/simulation_data/results0717_s4_material_calibration_air_pilot/run_378/PhaseSpaceIn.root,/home/ltf/project/github/PCT/data/simulation_data/results0717_s4_material_calibration_air_pilot/run_378/PhaseSpaceOut.root
99794,99794,0,90623,90623,0,87580,12214,87565,87565,0,0,379,87580,15,/home/ltf/project/github/PCT/data/simulation_data/results0717_s4_material_calibration_air_pilot/run_379/PhaseSpaceIn.root,/home/ltf/project/github/PCT/data/simulation_data/results0717_s4_material_calibration_air_pilot/run_379/PhaseSpaceOut.root
99268,99268,0,90145,90145,0,87086,12182,87074,87074,0,0,380,87086,12,/home/ltf/project/github/PCT/data/simulation_data/results0717_s4_material_calibration_air_pilot/run_380/PhaseSpaceIn.root,/home/ltf/project/github/PCT/data/simulation_data/results0717_s4_material_calibration_air_pilot/run_380/PhaseSpaceOut.root
100170,100170,0,90943,90943,0,87942,12228,87929,87929,0,0,381,87942,13,/home/ltf/project/github/PCT/data/simulation_data/results0717_s4_material_calibration_air_pilot/run_381/PhaseSpaceIn.root,/home/ltf/project/github/PCT/data/simulation_data/results0717_s4_material_calibration_air_pilot/run_381/PhaseSpaceOut.root
100073,100073,0,90889,90889,0,87807,12266,87795,87795,0,0,382,87807,12,/home/ltf/project/github/PCT/data/simulation_data/results0717_s4_material_calibration_air_pilot/run_382/PhaseSpaceIn.root,/home/ltf/project/github/PCT/data/simulation_data/results0717_s4_material_calibration_air_pilot/run_382/PhaseSpaceOut.root
100048,100048,0,90888,90888,0,87758,12290,87745,87745,0,0,383,87758,13,/home/ltf/project/github/PCT/data/simulation_data/results0717_s4_material_calibration_air_pilot/run_383/PhaseSpaceIn.root,/home/ltf/project/github/PCT/data/simulation_data/results0717_s4_material_calibration_air_pilot/run_383/PhaseSpaceOut.root
100436,100436,0,91330,91330,0,88332,12104,88322,88322,0,0,384,88332,10,/home/ltf/project/github/PCT/data/simulation_data/results0717_s4_material_calibration_air_pilot/run_384/PhaseSpaceIn.root,/home/ltf/project/github/PCT/data/simulation_data/results0717_s4_material_calibration_air_pilot/run_384/PhaseSpaceOut.root
100311,100311,0,91073,91073,0,88208,12103,88195,88195,0,0,385,88208,13,/home/ltf/project/github/PCT/data/simulation_data/results0717_s4_material_calibration_air_pilot/run_385/PhaseSpaceIn.root,/home/ltf/project/github/PCT/data/simulation_data/results0717_s4_material_calibration_air_pilot/run_385/PhaseSpaceOut.root
99901,99901,0,90861,90861,0,87830,12071,87811,87811,0,0,386,87830,19,/home/ltf/project/github/PCT/data/simulation_data/results0717_s4_material_calibration_air_pilot/run_386/PhaseSpaceIn.root,/home/ltf/project/github/PCT/data/simulation_data/results0717_s4_material_calibration_air_pilot/run_386/PhaseSpaceOut.root
99888,99888,0,90742,90742,0,87745,12143,87732,87732,0,0,387,87745,13,/home/ltf/project/github/PCT/data/simulation_data/results0717_s4_material_calibration_air_pilot/run_387/PhaseSpaceIn.root,/home/ltf/project/github/PCT/data/simulation_data/results0717_s4_material_calibration_air_pilot/run_387/PhaseSpaceOut.root
100338,100338,0,91278,91278,0,88216,12122,88204,88204,0,0,388,88216,12,/home/ltf/project/github/PCT/data/simulation_data/results0717_s4_material_calibration_air_pilot/run_388/PhaseSpaceIn.root,/home/ltf/project/github/PCT/data/simulation_data/results0717_s4_material_calibration_air_pilot/run_388/PhaseSpaceOut.root
99738,99738,0,90299,90299,0,87309,12429,87291,87291,0,0,389,87309,18,/home/ltf/project/github/PCT/data/simulation_data/results0717_s4_material_calibration_air_pilot/run_389/PhaseSpaceIn.root,/home/ltf/project/github/PCT/data/simulation_data/results0717_s4_material_calibration_air_pilot/run_389/PhaseSpaceOut.root
100227,100227,0,91038,91038,0,87928,12299,87914,87914,0,0,390,87928,14,/home/ltf/project/github/PCT/data/simulation_data/results0717_s4_material_calibration_air_pilot/run_390/PhaseSpaceIn.root,/home/ltf/project/github/PCT/data/simulation_data/results0717_s4_material_calibration_air_pilot/run_390/PhaseSpaceOut.root
99891,99891,0,90755,90755,0,87684,12207,87672,87672,0,0,391,87684,12,/home/ltf/project/github/PCT/data/simulation_data/results0717_s4_material_calibration_air_pilot/run_391/PhaseSpaceIn.root,/home/ltf/project/github/PCT/data/simulation_data/results0717_s4_material_calibration_air_pilot/run_391/PhaseSpaceOut.root
100408,100408,0,91183,91183,0,88132,12276,88125,88125,0,0,392,88132,7,/home/ltf/project/github/PCT/data/simulation_data/results0717_s4_material_calibration_air_pilot/run_392/PhaseSpaceIn.root,/home/ltf/project/github/PCT/data/simulation_data/results0717_s4_material_calibration_air_pilot/run_392/PhaseSpaceOut.root
99820,99820,0,90727,90727,0,87661,12159,87639,87639,0,0,393,87661,22,/home/ltf/project/github/PCT/data/simulation_data/results0717_s4_material_calibration_air_pilot/run_393/PhaseSpaceIn.root,/home/ltf/project/github/PCT/data/simulation_data/results0717_s4_material_calibration_air_pilot/run_393/PhaseSpaceOut.root
100197,100197,0,91114,91114,0,88039,12158,88022,88022,0,0,394,88039,17,/home/ltf/project/github/PCT/data/simulation_data/results0717_s4_material_calibration_air_pilot/run_394/PhaseSpaceIn.root,/home/ltf/project/github/PCT/data/simulation_data/results0717_s4_material_calibration_air_pilot/run_394/PhaseSpaceOut.root
99846,99846,0,90494,90494,0,87546,12300,87535,87535,0,0,395,87546,11,/home/ltf/project/github/PCT/data/simulation_data/results0717_s4_material_calibration_air_pilot/run_395/PhaseSpaceIn.root,/home/ltf/project/github/PCT/data/simulation_data/results0717_s4_material_calibration_air_pilot/run_395/PhaseSpaceOut.root
100309,100309,0,91221,91221,0,88069,12240,88051,88051,0,0,396,88069,18,/home/ltf/project/github/PCT/data/simulation_data/results0717_s4_material_calibration_air_pilot/run_396/PhaseSpaceIn.root,/home/ltf/project/github/PCT/data/simulation_data/results0717_s4_material_calibration_air_pilot/run_396/PhaseSpaceOut.root
99814,99814,0,90683,90683,0,87691,12123,87668,87668,0,0,397,87691,23,/home/ltf/project/github/PCT/data/simulation_data/results0717_s4_material_calibration_air_pilot/run_397/PhaseSpaceIn.root,/home/ltf/project/github/PCT/data/simulation_data/results0717_s4_material_calibration_air_pilot/run_397/PhaseSpaceOut.root
100299,100299,0,91197,91197,0,88154,12145,88143,88143,0,0,398,88154,11,/home/ltf/project/github/PCT/data/simulation_data/results0717_s4_material_calibration_air_pilot/run_398/PhaseSpaceIn.root,/home/ltf/project/github/PCT/data/simulation_data/results0717_s4_material_calibration_air_pilot/run_398/PhaseSpaceOut.root
99877,99877,0,90628,90628,0,87636,12241,87618,87618,0,0,399,87636,18,/home/ltf/project/github/PCT/data/simulation_data/results0717_s4_material_calibration_air_pilot/run_399/PhaseSpaceIn.root,/home/ltf/project/github/PCT/data/simulation_data/results0717_s4_material_calibration_air_pilot/run_399/PhaseSpaceOut.root
100010,100010,0,90892,90892,0,88005,12005,87998,87998,0,0,400,88005,7,/home/ltf/project/github/PCT/data/simulation_data/results0717_s4_material_calibration_air_pilot/run_400/PhaseSpaceIn.root,/home/ltf/project/github/PCT/data/simulation_data/results0717_s4_material_calibration_air_pilot/run_400/PhaseSpaceOut.root
99589,99589,0,90467,90467,0,87499,12090,87488,87488,0,0,401,87499,11,/home/ltf/project/github/PCT/data/simulation_data/results0717_s4_material_calibration_air_pilot/run_401/PhaseSpaceIn.root,/home/ltf/project/github/PCT/data/simulation_data/results0717_s4_material_calibration_air_pilot/run_401/PhaseSpaceOut.root
100321,100321,0,91159,91158,1,88089,12232,88073,88073,0,0,402,88089,16,/home/ltf/project/github/PCT/data/simulation_data/results0717_s4_material_calibration_air_pilot/run_402/PhaseSpaceIn.root,/home/ltf/project/github/PCT/data/simulation_data/results0717_s4_material_calibration_air_pilot/run_402/PhaseSpaceOut.root
99377,99377,0,90318,90318,0,87285,12092,87273,87273,0,0,403,87285,12,/home/ltf/project/github/PCT/data/simulation_data/results0717_s4_material_calibration_air_pilot/run_403/PhaseSpaceIn.root,/home/ltf/project/github/PCT/data/simulation_data/results0717_s4_material_calibration_air_pilot/run_403/PhaseSpaceOut.root
100208,100208,0,91069,91069,0,87996,12212,87983,87983,0,0,404,87996,13,/home/ltf/project/github/PCT/data/simulation_data/results0717_s4_material_calibration_air_pilot/run_404/PhaseSpaceIn.root,/home/ltf/project/github/PCT/data/simulation_data/results0717_s4_material_calibration_air_pilot/run_404/PhaseSpaceOut.root
99839,99839,0,90679,90679,0,87600,12239,87586,87586,0,0,405,87600,14,/home/ltf/project/github/PCT/data/simulation_data/results0717_s4_material_calibration_air_pilot/run_405/PhaseSpaceIn.root,/home/ltf/project/github/PCT/data/simulation_data/results0717_s4_material_calibration_air_pilot/run_405/PhaseSpaceOut.root
99637,99637,0,90381,90381,0,87281,12356,87266,87266,0,0,406,87281,15,/home/ltf/project/github/PCT/data/simulation_data/results0717_s4_material_calibration_air_pilot/run_406/PhaseSpaceIn.root,/home/ltf/project/github/PCT/data/simulation_data/results0717_s4_material_calibration_air_pilot/run_406/PhaseSpaceOut.root
99662,99662,0,90582,90582,0,87512,12150,87494,87494,0,0,407,87512,18,/home/ltf/project/github/PCT/data/simulation_data/results0717_s4_material_calibration_air_pilot/run_407/PhaseSpaceIn.root,/home/ltf/project/github/PCT/data/simulation_data/results0717_s4_material_calibration_air_pilot/run_407/PhaseSpaceOut.root
100194,100194,0,91040,91040,0,87937,12257,87927,87927,0,0,408,87937,10,/home/ltf/project/github/PCT/data/simulation_data/results0717_s4_material_calibration_air_pilot/run_408/PhaseSpaceIn.root,/home/ltf/project/github/PCT/data/simulation_data/results0717_s4_material_calibration_air_pilot/run_408/PhaseSpaceOut.root
99984,99984,0,90684,90684,0,87644,12340,87630,87630,0,0,409,87644,14,/home/ltf/project/github/PCT/data/simulation_data/results0717_s4_material_calibration_air_pilot/run_409/PhaseSpaceIn.root,/home/ltf/project/github/PCT/data/simulation_data/results0717_s4_material_calibration_air_pilot/run_409/PhaseSpaceOut.root
100047,100047,0,90846,90846,0,87839,12208,87824,87824,0,0,410,87839,15,/home/ltf/project/github/PCT/data/simulation_data/results0717_s4_material_calibration_air_pilot/run_410/PhaseSpaceIn.root,/home/ltf/project/github/PCT/data/simulation_data/results0717_s4_material_calibration_air_pilot/run_410/PhaseSpaceOut.root
100098,100098,0,91100,91099,1,87972,12126,87954,87954,0,0,411,87972,18,/home/ltf/project/github/PCT/data/simulation_data/results0717_s4_material_calibration_air_pilot/run_411/PhaseSpaceIn.root,/home/ltf/project/github/PCT/data/simulation_data/results0717_s4_material_calibration_air_pilot/run_411/PhaseSpaceOut.root
99745,99745,0,90540,90540,0,87479,12266,87460,87460,0,0,412,87479,19,/home/ltf/project/github/PCT/data/simulation_data/results0717_s4_material_calibration_air_pilot/run_412/PhaseSpaceIn.root,/home/ltf/project/github/PCT/data/simulation_data/results0717_s4_material_calibration_air_pilot/run_412/PhaseSpaceOut.root
100142,100142,0,91013,91013,0,87970,12172,87957,87957,0,0,413,87970,13,/home/ltf/project/github/PCT/data/simulation_data/results0717_s4_material_calibration_air_pilot/run_413/PhaseSpaceIn.root,/home/ltf/project/github/PCT/data/simulation_data/results0717_s4_material_calibration_air_pilot/run_413/PhaseSpaceOut.root
99612,99612,0,90454,90454,0,87451,12161,87437,87437,0,0,414,87451,14,/home/ltf/project/github/PCT/data/simulation_data/results0717_s4_material_calibration_air_pilot/run_414/PhaseSpaceIn.root,/home/ltf/project/github/PCT/data/simulation_data/results0717_s4_material_calibration_air_pilot/run_414/PhaseSpaceOut.root
100166,100166,0,91101,91101,0,87966,12200,87957,87957,0,0,415,87966,9,/home/ltf/project/github/PCT/data/simulation_data/results0717_s4_material_calibration_air_pilot/run_415/PhaseSpaceIn.root,/home/ltf/project/github/PCT/data/simulation_data/results0717_s4_material_calibration_air_pilot/run_415/PhaseSpaceOut.root
100490,100489,1,91378,91378,0,88329,12160,88319,88319,0,0,416,88329,10,/home/ltf/project/github/PCT/data/simulation_data/results0717_s4_material_calibration_air_pilot/run_416/PhaseSpaceIn.root,/home/ltf/project/github/PCT/data/simulation_data/results0717_s4_material_calibration_air_pilot/run_416/PhaseSpaceOut.root
100075,100075,0,90777,90777,0,87773,12302,87760,87760,0,0,417,87773,13,/home/ltf/project/github/PCT/data/simulation_data/results0717_s4_material_calibration_air_pilot/run_417/PhaseSpaceIn.root,/home/ltf/project/github/PCT/data/simulation_data/results0717_s4_material_calibration_air_pilot/run_417/PhaseSpaceOut.root
99851,99851,0,90813,90813,0,87792,12059,87771,87771,0,0,418,87792,21,/home/ltf/project/github/PCT/data/simulation_data/results0717_s4_material_calibration_air_pilot/run_418/PhaseSpaceIn.root,/home/ltf/project/github/PCT/data/simulation_data/results0717_s4_material_calibration_air_pilot/run_418/PhaseSpaceOut.root
100093,100093,0,90932,90932,0,87806,12287,87793,87793,0,0,419,87806,13,/home/ltf/project/github/PCT/data/simulation_data/results0717_s4_material_calibration_air_pilot/run_419/PhaseSpaceIn.root,/home/ltf/project/github/PCT/data/simulation_data/results0717_s4_material_calibration_air_pilot/run_419/PhaseSpaceOut.root
99994,99994,0,90913,90913,0,87890,12104,87882,87882,0,0,420,87890,8,/home/ltf/project/github/PCT/data/simulation_data/results0717_s4_material_calibration_air_pilot/run_420/PhaseSpaceIn.root,/home/ltf/project/github/PCT/data/simulation_data/results0717_s4_material_calibration_air_pilot/run_420/PhaseSpaceOut.root
100017,100017,0,90929,90929,0,87954,12063,87941,87941,0,0,421,87954,13,/home/ltf/project/github/PCT/data/simulation_data/results0717_s4_material_calibration_air_pilot/run_421/PhaseSpaceIn.root,/home/ltf/project/github/PCT/data/simulation_data/results0717_s4_material_calibration_air_pilot/run_421/PhaseSpaceOut.root
100373,100373,0,90924,90924,0,87845,12528,87825,87825,0,0,422,87845,20,/home/ltf/project/github/PCT/data/simulation_data/results0717_s4_material_calibration_air_pilot/run_422/PhaseSpaceIn.root,/home/ltf/project/github/PCT/data/simulation_data/results0717_s4_material_calibration_air_pilot/run_422/PhaseSpaceOut.root
100021,100021,0,90870,90870,0,87793,12228,87780,87780,0,0,423,87793,13,/home/ltf/project/github/PCT/data/simulation_data/results0717_s4_material_calibration_air_pilot/run_423/PhaseSpaceIn.root,/home/ltf/project/github/PCT/data/simulation_data/results0717_s4_material_calibration_air_pilot/run_423/PhaseSpaceOut.root
100679,100679,0,91350,91350,0,88312,12367,88304,88304,0,0,424,88312,8,/home/ltf/project/github/PCT/data/simulation_data/results0717_s4_material_calibration_air_pilot/run_424/PhaseSpaceIn.root,/home/ltf/project/github/PCT/data/simulation_data/results0717_s4_material_calibration_air_pilot/run_424/PhaseSpaceOut.root
99936,99936,0,90789,90789,0,87733,12203,87723,87723,0,0,425,87733,10,/home/ltf/project/github/PCT/data/simulation_data/results0717_s4_material_calibration_air_pilot/run_425/PhaseSpaceIn.root,/home/ltf/project/github/PCT/data/simulation_data/results0717_s4_material_calibration_air_pilot/run_425/PhaseSpaceOut.root
99847,99847,0,90816,90816,0,87852,11995,87840,87840,0,0,426,87852,12,/home/ltf/project/github/PCT/data/simulation_data/results0717_s4_material_calibration_air_pilot/run_426/PhaseSpaceIn.root,/home/ltf/project/github/PCT/data/simulation_data/results0717_s4_material_calibration_air_pilot/run_426/PhaseSpaceOut.root
100329,100329,0,91182,91182,0,88164,12165,88146,88146,0,0,427,88164,18,/home/ltf/project/github/PCT/data/simulation_data/results0717_s4_material_calibration_air_pilot/run_427/PhaseSpaceIn.root,/home/ltf/project/github/PCT/data/simulation_data/results0717_s4_material_calibration_air_pilot/run_427/PhaseSpaceOut.root
100317,100317,0,91121,91121,0,88113,12204,88108,88108,0,0,428,88113,5,/home/ltf/project/github/PCT/data/simulation_data/results0717_s4_material_calibration_air_pilot/run_428/PhaseSpaceIn.root,/home/ltf/project/github/PCT/data/simulation_data/results0717_s4_material_calibration_air_pilot/run_428/PhaseSpaceOut.root
99374,99374,0,90054,90054,0,87058,12316,87044,87044,0,0,429,87058,14,/home/ltf/project/github/PCT/data/simulation_data/results0717_s4_material_calibration_air_pilot/run_429/PhaseSpaceIn.root,/home/ltf/project/github/PCT/data/simulation_data/results0717_s4_material_calibration_air_pilot/run_429/PhaseSpaceOut.root
100429,100429,0,91156,91156,0,88031,12398,88020,88020,0,0,430,88031,11,/home/ltf/project/github/PCT/data/simulation_data/results0717_s4_material_calibration_air_pilot/run_430/PhaseSpaceIn.root,/home/ltf/project/github/PCT/data/simulation_data/results0717_s4_material_calibration_air_pilot/run_430/PhaseSpaceOut.root
100275,100275,0,91077,91077,0,88026,12249,88012,88012,0,0,431,88026,14,/home/ltf/project/github/PCT/data/simulation_data/results0717_s4_material_calibration_air_pilot/run_431/PhaseSpaceIn.root,/home/ltf/project/github/PCT/data/simulation_data/results0717_s4_material_calibration_air_pilot/run_431/PhaseSpaceOut.root
100237,100237,0,90970,90970,0,87891,12346,87880,87880,0,0,432,87891,11,/home/ltf/project/github/PCT/data/simulation_data/results0717_s4_material_calibration_air_pilot/run_432/PhaseSpaceIn.root,/home/ltf/project/github/PCT/data/simulation_data/results0717_s4_material_calibration_air_pilot/run_432/PhaseSpaceOut.root
100145,100145,0,90904,90904,0,87939,12206,87931,87931,0,0,433,87939,8,/home/ltf/project/github/PCT/data/simulation_data/results0717_s4_material_calibration_air_pilot/run_433/PhaseSpaceIn.root,/home/ltf/project/github/PCT/data/simulation_data/results0717_s4_material_calibration_air_pilot/run_433/PhaseSpaceOut.root
100421,100421,0,91362,91362,0,88375,12046,88363,88363,0,0,434,88375,12,/home/ltf/project/github/PCT/data/simulation_data/results0717_s4_material_calibration_air_pilot/run_434/PhaseSpaceIn.root,/home/ltf/project/github/PCT/data/simulation_data/results0717_s4_material_calibration_air_pilot/run_434/PhaseSpaceOut.root
99703,99703,0,90685,90685,0,87702,12001,87685,87685,0,0,435,87702,17,/home/ltf/project/github/PCT/data/simulation_data/results0717_s4_material_calibration_air_pilot/run_435/PhaseSpaceIn.root,/home/ltf/project/github/PCT/data/simulation_data/results0717_s4_material_calibration_air_pilot/run_435/PhaseSpaceOut.root
100482,100482,0,91423,91423,0,88485,11997,88472,88472,0,0,436,88485,13,/home/ltf/project/github/PCT/data/simulation_data/results0717_s4_material_calibration_air_pilot/run_436/PhaseSpaceIn.root,/home/ltf/project/github/PCT/data/simulation_data/results0717_s4_material_calibration_air_pilot/run_436/PhaseSpaceOut.root
100418,100418,0,91401,91401,0,88448,11970,88436,88436,0,0,437,88448,12,/home/ltf/project/github/PCT/data/simulation_data/results0717_s4_material_calibration_air_pilot/run_437/PhaseSpaceIn.root,/home/ltf/project/github/PCT/data/simulation_data/results0717_s4_material_calibration_air_pilot/run_437/PhaseSpaceOut.root
99631,99631,0,90276,90276,0,87378,12253,87361,87361,0,0,438,87378,17,/home/ltf/project/github/PCT/data/simulation_data/results0717_s4_material_calibration_air_pilot/run_438/PhaseSpaceIn.root,/home/ltf/project/github/PCT/data/simulation_data/results0717_s4_material_calibration_air_pilot/run_438/PhaseSpaceOut.root
100162,100162,0,91046,91046,0,87957,12205,87943,87943,0,0,439,87957,14,/home/ltf/project/github/PCT/data/simulation_data/results0717_s4_material_calibration_air_pilot/run_439/PhaseSpaceIn.root,/home/ltf/project/github/PCT/data/simulation_data/results0717_s4_material_calibration_air_pilot/run_439/PhaseSpaceOut.root
99426,99426,0,90355,90355,0,87352,12074,87343,87343,0,0,440,87352,9,/home/ltf/project/github/PCT/data/simulation_data/results0717_s4_material_calibration_air_pilot/run_440/PhaseSpaceIn.root,/home/ltf/project/github/PCT/data/simulation_data/results0717_s4_material_calibration_air_pilot/run_440/PhaseSpaceOut.root
99552,99552,0,90452,90452,0,87436,12116,87421,87421,0,0,441,87436,15,/home/ltf/project/github/PCT/data/simulation_data/results0717_s4_material_calibration_air_pilot/run_441/PhaseSpaceIn.root,/home/ltf/project/github/PCT/data/simulation_data/results0717_s4_material_calibration_air_pilot/run_441/PhaseSpaceOut.root
100238,100238,0,91080,91080,0,88009,12229,87991,87991,0,0,442,88009,18,/home/ltf/project/github/PCT/data/simulation_data/results0717_s4_material_calibration_air_pilot/run_442/PhaseSpaceIn.root,/home/ltf/project/github/PCT/data/simulation_data/results0717_s4_material_calibration_air_pilot/run_442/PhaseSpaceOut.root
99986,99986,0,90930,90930,0,87876,12110,87868,87868,0,0,443,87876,8,/home/ltf/project/github/PCT/data/simulation_data/results0717_s4_material_calibration_air_pilot/run_443/PhaseSpaceIn.root,/home/ltf/project/github/PCT/data/simulation_data/results0717_s4_material_calibration_air_pilot/run_443/PhaseSpaceOut.root
100226,100226,0,91123,91123,0,87953,12273,87941,87941,0,0,444,87953,12,/home/ltf/project/github/PCT/data/simulation_data/results0717_s4_material_calibration_air_pilot/run_444/PhaseSpaceIn.root,/home/ltf/project/github/PCT/data/simulation_data/results0717_s4_material_calibration_air_pilot/run_444/PhaseSpaceOut.root
100474,100474,0,91378,91378,0,88333,12141,88325,88325,0,0,445,88333,8,/home/ltf/project/github/PCT/data/simulation_data/results0717_s4_material_calibration_air_pilot/run_445/PhaseSpaceIn.root,/home/ltf/project/github/PCT/data/simulation_data/results0717_s4_material_calibration_air_pilot/run_445/PhaseSpaceOut.root
99689,99689,0,90614,90614,0,87610,12079,87596,87596,0,0,446,87610,14,/home/ltf/project/github/PCT/data/simulation_data/results0717_s4_material_calibration_air_pilot/run_446/PhaseSpaceIn.root,/home/ltf/project/github/PCT/data/simulation_data/results0717_s4_material_calibration_air_pilot/run_446/PhaseSpaceOut.root
100025,100024,1,90981,90981,0,87911,12113,87901,87901,0,0,447,87911,10,/home/ltf/project/github/PCT/data/simulation_data/results0717_s4_material_calibration_air_pilot/run_447/PhaseSpaceIn.root,/home/ltf/project/github/PCT/data/simulation_data/results0717_s4_material_calibration_air_pilot/run_447/PhaseSpaceOut.root
100478,100478,0,91381,91381,0,88256,12222,88245,88245,0,0,448,88256,11,/home/ltf/project/github/PCT/data/simulation_data/results0717_s4_material_calibration_air_pilot/run_448/PhaseSpaceIn.root,/home/ltf/project/github/PCT/data/simulation_data/results0717_s4_material_calibration_air_pilot/run_448/PhaseSpaceOut.root
100317,100317,0,91177,91177,0,88124,12193,88110,88110,0,0,449,88124,14,/home/ltf/project/github/PCT/data/simulation_data/results0717_s4_material_calibration_air_pilot/run_449/PhaseSpaceIn.root,/home/ltf/project/github/PCT/data/simulation_data/results0717_s4_material_calibration_air_pilot/run_449/PhaseSpaceOut.root
99875,99875,0,90774,90774,0,87715,12160,87700,87700,0,0,450,87715,15,/home/ltf/project/github/PCT/data/simulation_data/results0717_s4_material_calibration_air_pilot/run_450/PhaseSpaceIn.root,/home/ltf/project/github/PCT/data/simulation_data/results0717_s4_material_calibration_air_pilot/run_450/PhaseSpaceOut.root
100649,100649,0,91301,91301,0,88291,12358,88278,88278,0,0,451,88291,13,/home/ltf/project/github/PCT/data/simulation_data/results0717_s4_material_calibration_air_pilot/run_451/PhaseSpaceIn.root,/home/ltf/project/github/PCT/data/simulation_data/results0717_s4_material_calibration_air_pilot/run_451/PhaseSpaceOut.root
100131,100131,0,90991,90991,0,87851,12280,87841,87841,0,0,452,87851,10,/home/ltf/project/github/PCT/data/simulation_data/results0717_s4_material_calibration_air_pilot/run_452/PhaseSpaceIn.root,/home/ltf/project/github/PCT/data/simulation_data/results0717_s4_material_calibration_air_pilot/run_452/PhaseSpaceOut.root
99970,99970,0,90834,90834,0,87740,12230,87726,87726,0,0,453,87740,14,/home/ltf/project/github/PCT/data/simulation_data/results0717_s4_material_calibration_air_pilot/run_453/PhaseSpaceIn.root,/home/ltf/project/github/PCT/data/simulation_data/results0717_s4_material_calibration_air_pilot/run_453/PhaseSpaceOut.root
99431,99431,0,90474,90474,0,87485,11946,87477,87477,0,0,454,87485,8,/home/ltf/project/github/PCT/data/simulation_data/results0717_s4_material_calibration_air_pilot/run_454/PhaseSpaceIn.root,/home/ltf/project/github/PCT/data/simulation_data/results0717_s4_material_calibration_air_pilot/run_454/PhaseSpaceOut.root
100451,100451,0,91353,91353,0,88301,12150,88290,88290,0,0,455,88301,11,/home/ltf/project/github/PCT/data/simulation_data/results0717_s4_material_calibration_air_pilot/run_455/PhaseSpaceIn.root,/home/ltf/project/github/PCT/data/simulation_data/results0717_s4_material_calibration_air_pilot/run_455/PhaseSpaceOut.root
99845,99844,1,90799,90799,0,87878,11966,87862,87862,0,0,456,87878,16,/home/ltf/project/github/PCT/data/simulation_data/results0717_s4_material_calibration_air_pilot/run_456/PhaseSpaceIn.root,/home/ltf/project/github/PCT/data/simulation_data/results0717_s4_material_calibration_air_pilot/run_456/PhaseSpaceOut.root
100288,100288,0,91141,91141,0,88081,12207,88065,88065,0,0,457,88081,16,/home/ltf/project/github/PCT/data/simulation_data/results0717_s4_material_calibration_air_pilot/run_457/PhaseSpaceIn.root,/home/ltf/project/github/PCT/data/simulation_data/results0717_s4_material_calibration_air_pilot/run_457/PhaseSpaceOut.root
100192,100192,0,91060,91060,0,88003,12189,87988,87988,0,0,458,88003,15,/home/ltf/project/github/PCT/data/simulation_data/results0717_s4_material_calibration_air_pilot/run_458/PhaseSpaceIn.root,/home/ltf/project/github/PCT/data/simulation_data/results0717_s4_material_calibration_air_pilot/run_458/PhaseSpaceOut.root
99947,99947,0,90746,90746,0,87775,12172,87766,87766,0,0,459,87775,9,/home/ltf/project/github/PCT/data/simulation_data/results0717_s4_material_calibration_air_pilot/run_459/PhaseSpaceIn.root,/home/ltf/project/github/PCT/data/simulation_data/results0717_s4_material_calibration_air_pilot/run_459/PhaseSpaceOut.root
99844,99844,0,90613,90613,0,87594,12250,87577,87577,0,0,460,87594,17,/home/ltf/project/github/PCT/data/simulation_data/results0717_s4_material_calibration_air_pilot/run_460/PhaseSpaceIn.root,/home/ltf/project/github/PCT/data/simulation_data/results0717_s4_material_calibration_air_pilot/run_460/PhaseSpaceOut.root
100563,100563,0,91319,91319,0,88183,12380,88167,88167,0,0,461,88183,16,/home/ltf/project/github/PCT/data/simulation_data/results0717_s4_material_calibration_air_pilot/run_461/PhaseSpaceIn.root,/home/ltf/project/github/PCT/data/simulation_data/results0717_s4_material_calibration_air_pilot/run_461/PhaseSpaceOut.root
99479,99479,0,90524,90524,0,87534,11945,87517,87517,0,0,462,87534,17,/home/ltf/project/github/PCT/data/simulation_data/results0717_s4_material_calibration_air_pilot/run_462/PhaseSpaceIn.root,/home/ltf/project/github/PCT/data/simulation_data/results0717_s4_material_calibration_air_pilot/run_462/PhaseSpaceOut.root
99717,99717,0,90705,90705,0,87685,12032,87669,87669,0,0,463,87685,16,/home/ltf/project/github/PCT/data/simulation_data/results0717_s4_material_calibration_air_pilot/run_463/PhaseSpaceIn.root,/home/ltf/project/github/PCT/data/simulation_data/results0717_s4_material_calibration_air_pilot/run_463/PhaseSpaceOut.root
100586,100586,0,91273,91273,0,88147,12439,88135,88135,0,0,464,88147,12,/home/ltf/project/github/PCT/data/simulation_data/results0717_s4_material_calibration_air_pilot/run_464/PhaseSpaceIn.root,/home/ltf/project/github/PCT/data/simulation_data/results0717_s4_material_calibration_air_pilot/run_464/PhaseSpaceOut.root
100318,100318,0,91146,91146,0,88018,12300,88011,88011,0,0,465,88018,7,/home/ltf/project/github/PCT/data/simulation_data/results0717_s4_material_calibration_air_pilot/run_465/PhaseSpaceIn.root,/home/ltf/project/github/PCT/data/simulation_data/results0717_s4_material_calibration_air_pilot/run_465/PhaseSpaceOut.root
100482,100482,0,91274,91274,0,88224,12258,88205,88205,0,0,466,88224,19,/home/ltf/project/github/PCT/data/simulation_data/results0717_s4_material_calibration_air_pilot/run_466/PhaseSpaceIn.root,/home/ltf/project/github/PCT/data/simulation_data/results0717_s4_material_calibration_air_pilot/run_466/PhaseSpaceOut.root
100086,100086,0,90887,90887,0,87717,12369,87707,87707,0,0,467,87717,10,/home/ltf/project/github/PCT/data/simulation_data/results0717_s4_material_calibration_air_pilot/run_467/PhaseSpaceIn.root,/home/ltf/project/github/PCT/data/simulation_data/results0717_s4_material_calibration_air_pilot/run_467/PhaseSpaceOut.root
99833,99833,0,90849,90849,0,87808,12025,87799,87799,0,0,468,87808,9,/home/ltf/project/github/PCT/data/simulation_data/results0717_s4_material_calibration_air_pilot/run_468/PhaseSpaceIn.root,/home/ltf/project/github/PCT/data/simulation_data/results0717_s4_material_calibration_air_pilot/run_468/PhaseSpaceOut.root
100194,100194,0,90963,90963,0,87926,12268,87906,87906,0,0,469,87926,20,/home/ltf/project/github/PCT/data/simulation_data/results0717_s4_material_calibration_air_pilot/run_469/PhaseSpaceIn.root,/home/ltf/project/github/PCT/data/simulation_data/results0717_s4_material_calibration_air_pilot/run_469/PhaseSpaceOut.root
99843,99843,0,90656,90655,1,87488,12355,87471,87471,0,0,470,87488,17,/home/ltf/project/github/PCT/data/simulation_data/results0717_s4_material_calibration_air_pilot/run_470/PhaseSpaceIn.root,/home/ltf/project/github/PCT/data/simulation_data/results0717_s4_material_calibration_air_pilot/run_470/PhaseSpaceOut.root
100041,100041,0,90990,90990,0,87882,12159,87871,87871,0,0,471,87882,11,/home/ltf/project/github/PCT/data/simulation_data/results0717_s4_material_calibration_air_pilot/run_471/PhaseSpaceIn.root,/home/ltf/project/github/PCT/data/simulation_data/results0717_s4_material_calibration_air_pilot/run_471/PhaseSpaceOut.root
100122,100122,0,90903,90903,0,87887,12235,87872,87872,0,0,472,87887,15,/home/ltf/project/github/PCT/data/simulation_data/results0717_s4_material_calibration_air_pilot/run_472/PhaseSpaceIn.root,/home/ltf/project/github/PCT/data/simulation_data/results0717_s4_material_calibration_air_pilot/run_472/PhaseSpaceOut.root
99791,99790,1,90848,90848,0,87790,12000,87773,87773,0,0,473,87790,17,/home/ltf/project/github/PCT/data/simulation_data/results0717_s4_material_calibration_air_pilot/run_473/PhaseSpaceIn.root,/home/ltf/project/github/PCT/data/simulation_data/results0717_s4_material_calibration_air_pilot/run_473/PhaseSpaceOut.root
100121,100121,0,90831,90830,1,87704,12417,87686,87686,0,0,474,87704,18,/home/ltf/project/github/PCT/data/simulation_data/results0717_s4_material_calibration_air_pilot/run_474/PhaseSpaceIn.root,/home/ltf/project/github/PCT/data/simulation_data/results0717_s4_material_calibration_air_pilot/run_474/PhaseSpaceOut.root
100027,100027,0,90931,90931,0,87821,12206,87803,87803,0,0,475,87821,18,/home/ltf/project/github/PCT/data/simulation_data/results0717_s4_material_calibration_air_pilot/run_475/PhaseSpaceIn.root,/home/ltf/project/github/PCT/data/simulation_data/results0717_s4_material_calibration_air_pilot/run_475/PhaseSpaceOut.root
100319,100319,0,91171,91171,0,88089,12230,88079,88079,0,0,476,88089,10,/home/ltf/project/github/PCT/data/simulation_data/results0717_s4_material_calibration_air_pilot/run_476/PhaseSpaceIn.root,/home/ltf/project/github/PCT/data/simulation_data/results0717_s4_material_calibration_air_pilot/run_476/PhaseSpaceOut.root
100392,100392,0,91285,91285,0,88061,12331,88048,88048,0,0,477,88061,13,/home/ltf/project/github/PCT/data/simulation_data/results0717_s4_material_calibration_air_pilot/run_477/PhaseSpaceIn.root,/home/ltf/project/github/PCT/data/simulation_data/results0717_s4_material_calibration_air_pilot/run_477/PhaseSpaceOut.root
99882,99882,0,90870,90870,0,87854,12028,87837,87837,0,0,478,87854,17,/home/ltf/project/github/PCT/data/simulation_data/results0717_s4_material_calibration_air_pilot/run_478/PhaseSpaceIn.root,/home/ltf/project/github/PCT/data/simulation_data/results0717_s4_material_calibration_air_pilot/run_478/PhaseSpaceOut.root
100437,100437,0,91414,91414,0,88271,12166,88258,88258,0,0,479,88271,13,/home/ltf/project/github/PCT/data/simulation_data/results0717_s4_material_calibration_air_pilot/run_479/PhaseSpaceIn.root,/home/ltf/project/github/PCT/data/simulation_data/results0717_s4_material_calibration_air_pilot/run_479/PhaseSpaceOut.root
99667,99667,0,90694,90694,0,87645,12022,87636,87636,0,0,480,87645,9,/home/ltf/project/github/PCT/data/simulation_data/results0717_s4_material_calibration_air_pilot/run_480/PhaseSpaceIn.root,/home/ltf/project/github/PCT/data/simulation_data/results0717_s4_material_calibration_air_pilot/run_480/PhaseSpaceOut.root
100056,100056,0,90790,90790,0,87744,12312,87726,87726,0,0,481,87744,18,/home/ltf/project/github/PCT/data/simulation_data/results0717_s4_material_calibration_air_pilot/run_481/PhaseSpaceIn.root,/home/ltf/project/github/PCT/data/simulation_data/results0717_s4_material_calibration_air_pilot/run_481/PhaseSpaceOut.root
99755,99755,0,90683,90683,0,87488,12267,87479,87479,0,0,482,87488,9,/home/ltf/project/github/PCT/data/simulation_data/results0717_s4_material_calibration_air_pilot/run_482/PhaseSpaceIn.root,/home/ltf/project/github/PCT/data/simulation_data/results0717_s4_material_calibration_air_pilot/run_482/PhaseSpaceOut.root
99843,99843,0,90622,90622,0,87622,12221,87606,87606,0,0,483,87622,16,/home/ltf/project/github/PCT/data/simulation_data/results0717_s4_material_calibration_air_pilot/run_483/PhaseSpaceIn.root,/home/ltf/project/github/PCT/data/simulation_data/results0717_s4_material_calibration_air_pilot/run_483/PhaseSpaceOut.root
99854,99854,0,90732,90732,0,87652,12202,87647,87647,0,0,484,87652,5,/home/ltf/project/github/PCT/data/simulation_data/results0717_s4_material_calibration_air_pilot/run_484/PhaseSpaceIn.root,/home/ltf/project/github/PCT/data/simulation_data/results0717_s4_material_calibration_air_pilot/run_484/PhaseSpaceOut.root
100688,100688,0,91578,91578,0,88509,12179,88492,88492,0,0,485,88509,17,/home/ltf/project/github/PCT/data/simulation_data/results0717_s4_material_calibration_air_pilot/run_485/PhaseSpaceIn.root,/home/ltf/project/github/PCT/data/simulation_data/results0717_s4_material_calibration_air_pilot/run_485/PhaseSpaceOut.root
100227,100227,0,90958,90958,0,87841,12386,87830,87830,0,0,486,87841,11,/home/ltf/project/github/PCT/data/simulation_data/results0717_s4_material_calibration_air_pilot/run_486/PhaseSpaceIn.root,/home/ltf/project/github/PCT/data/simulation_data/results0717_s4_material_calibration_air_pilot/run_486/PhaseSpaceOut.root
99601,99601,0,90500,90500,0,87507,12094,87492,87492,0,0,487,87507,15,/home/ltf/project/github/PCT/data/simulation_data/results0717_s4_material_calibration_air_pilot/run_487/PhaseSpaceIn.root,/home/ltf/project/github/PCT/data/simulation_data/results0717_s4_material_calibration_air_pilot/run_487/PhaseSpaceOut.root
99873,99873,0,90852,90852,0,87825,12048,87813,87813,0,0,488,87825,12,/home/ltf/project/github/PCT/data/simulation_data/results0717_s4_material_calibration_air_pilot/run_488/PhaseSpaceIn.root,/home/ltf/project/github/PCT/data/simulation_data/results0717_s4_material_calibration_air_pilot/run_488/PhaseSpaceOut.root
99846,99846,0,90857,90857,0,87775,12071,87767,87767,0,0,489,87775,8,/home/ltf/project/github/PCT/data/simulation_data/results0717_s4_material_calibration_air_pilot/run_489/PhaseSpaceIn.root,/home/ltf/project/github/PCT/data/simulation_data/results0717_s4_material_calibration_air_pilot/run_489/PhaseSpaceOut.root
99672,99672,0,90519,90519,0,87432,12240,87422,87422,0,0,490,87432,10,/home/ltf/project/github/PCT/data/simulation_data/results0717_s4_material_calibration_air_pilot/run_490/PhaseSpaceIn.root,/home/ltf/project/github/PCT/data/simulation_data/results0717_s4_material_calibration_air_pilot/run_490/PhaseSpaceOut.root
100508,100508,0,91334,91334,0,88251,12257,88238,88238,0,0,491,88251,13,/home/ltf/project/github/PCT/data/simulation_data/results0717_s4_material_calibration_air_pilot/run_491/PhaseSpaceIn.root,/home/ltf/project/github/PCT/data/simulation_data/results0717_s4_material_calibration_air_pilot/run_491/PhaseSpaceOut.root
99894,99894,0,91067,91067,0,88000,11894,87986,87986,0,0,492,88000,14,/home/ltf/project/github/PCT/data/simulation_data/results0717_s4_material_calibration_air_pilot/run_492/PhaseSpaceIn.root,/home/ltf/project/github/PCT/data/simulation_data/results0717_s4_material_calibration_air_pilot/run_492/PhaseSpaceOut.root
99533,99533,0,90564,90564,0,87504,12029,87491,87491,0,0,493,87504,13,/home/ltf/project/github/PCT/data/simulation_data/results0717_s4_material_calibration_air_pilot/run_493/PhaseSpaceIn.root,/home/ltf/project/github/PCT/data/simulation_data/results0717_s4_material_calibration_air_pilot/run_493/PhaseSpaceOut.root
100127,100127,0,90972,90972,0,87989,12138,87979,87979,0,0,494,87989,10,/home/ltf/project/github/PCT/data/simulation_data/results0717_s4_material_calibration_air_pilot/run_494/PhaseSpaceIn.root,/home/ltf/project/github/PCT/data/simulation_data/results0717_s4_material_calibration_air_pilot/run_494/PhaseSpaceOut.root
99741,99741,0,90645,90645,0,87570,12171,87554,87554,0,0,495,87570,16,/home/ltf/project/github/PCT/data/simulation_data/results0717_s4_material_calibration_air_pilot/run_495/PhaseSpaceIn.root,/home/ltf/project/github/PCT/data/simulation_data/results0717_s4_material_calibration_air_pilot/run_495/PhaseSpaceOut.root
99998,99998,0,90829,90829,0,87616,12382,87598,87598,0,0,496,87616,18,/home/ltf/project/github/PCT/data/simulation_data/results0717_s4_material_calibration_air_pilot/run_496/PhaseSpaceIn.root,/home/ltf/project/github/PCT/data/simulation_data/results0717_s4_material_calibration_air_pilot/run_496/PhaseSpaceOut.root
100148,100148,0,91062,91062,0,87939,12209,87930,87930,0,0,497,87939,9,/home/ltf/project/github/PCT/data/simulation_data/results0717_s4_material_calibration_air_pilot/run_497/PhaseSpaceIn.root,/home/ltf/project/github/PCT/data/simulation_data/results0717_s4_material_calibration_air_pilot/run_497/PhaseSpaceOut.root
99567,99567,0,90539,90539,0,87416,12151,87402,87402,0,0,498,87416,14,/home/ltf/project/github/PCT/data/simulation_data/results0717_s4_material_calibration_air_pilot/run_498/PhaseSpaceIn.root,/home/ltf/project/github/PCT/data/simulation_data/results0717_s4_material_calibration_air_pilot/run_498/PhaseSpaceOut.root
100113,100113,0,90945,90945,0,87828,12285,87813,87813,0,0,499,87828,15,/home/ltf/project/github/PCT/data/simulation_data/results0717_s4_material_calibration_air_pilot/run_499/PhaseSpaceIn.root,/home/ltf/project/github/PCT/data/simulation_data/results0717_s4_material_calibration_air_pilot/run_499/PhaseSpaceOut.root
99699,99699,0,90576,90576,0,87475,12224,87464,87464,0,0,500,87475,11,/home/ltf/project/github/PCT/data/simulation_data/results0717_s4_material_calibration_air_pilot/run_500/PhaseSpaceIn.root,/home/ltf/project/github/PCT/data/simulation_data/results0717_s4_material_calibration_air_pilot/run_500/PhaseSpaceOut.root
100012,100012,0,90964,90964,0,87788,12224,87777,87777,0,0,501,87788,11,/home/ltf/project/github/PCT/data/simulation_data/results0717_s4_material_calibration_air_pilot/run_501/PhaseSpaceIn.root,/home/ltf/project/github/PCT/data/simulation_data/results0717_s4_material_calibration_air_pilot/run_501/PhaseSpaceOut.root
99856,99856,0,90642,90642,0,87529,12327,87516,87516,0,0,502,87529,13,/home/ltf/project/github/PCT/data/simulation_data/results0717_s4_material_calibration_air_pilot/run_502/PhaseSpaceIn.root,/home/ltf/project/github/PCT/data/simulation_data/results0717_s4_material_calibration_air_pilot/run_502/PhaseSpaceOut.root
99745,99745,0,90736,90736,0,87656,12089,87631,87631,0,0,503,87656,25,/home/ltf/project/github/PCT/data/simulation_data/results0717_s4_material_calibration_air_pilot/run_503/PhaseSpaceIn.root,/home/ltf/project/github/PCT/data/simulation_data/results0717_s4_material_calibration_air_pilot/run_503/PhaseSpaceOut.root
100126,100126,0,91044,91044,0,87950,12176,87937,87937,0,0,504,87950,13,/home/ltf/project/github/PCT/data/simulation_data/results0717_s4_material_calibration_air_pilot/run_504/PhaseSpaceIn.root,/home/ltf/project/github/PCT/data/simulation_data/results0717_s4_material_calibration_air_pilot/run_504/PhaseSpaceOut.root
100331,100331,0,91098,91098,0,87985,12346,87966,87966,0,0,505,87985,19,/home/ltf/project/github/PCT/data/simulation_data/results0717_s4_material_calibration_air_pilot/run_505/PhaseSpaceIn.root,/home/ltf/project/github/PCT/data/simulation_data/results0717_s4_material_calibration_air_pilot/run_505/PhaseSpaceOut.root
100460,100460,0,91296,91296,0,88202,12258,88184,88184,0,0,506,88202,18,/home/ltf/project/github/PCT/data/simulation_data/results0717_s4_material_calibration_air_pilot/run_506/PhaseSpaceIn.root,/home/ltf/project/github/PCT/data/simulation_data/results0717_s4_material_calibration_air_pilot/run_506/PhaseSpaceOut.root
99436,99436,0,90489,90489,0,87373,12063,87361,87361,0,0,507,87373,12,/home/ltf/project/github/PCT/data/simulation_data/results0717_s4_material_calibration_air_pilot/run_507/PhaseSpaceIn.root,/home/ltf/project/github/PCT/data/simulation_data/results0717_s4_material_calibration_air_pilot/run_507/PhaseSpaceOut.root
100321,100321,0,91220,91220,0,88134,12187,88121,88121,0,0,508,88134,13,/home/ltf/project/github/PCT/data/simulation_data/results0717_s4_material_calibration_air_pilot/run_508/PhaseSpaceIn.root,/home/ltf/project/github/PCT/data/simulation_data/results0717_s4_material_calibration_air_pilot/run_508/PhaseSpaceOut.root
100279,100279,0,91175,91175,0,88041,12238,88034,88034,0,0,509,88041,7,/home/ltf/project/github/PCT/data/simulation_data/results0717_s4_material_calibration_air_pilot/run_509/PhaseSpaceIn.root,/home/ltf/project/github/PCT/data/simulation_data/results0717_s4_material_calibration_air_pilot/run_509/PhaseSpaceOut.root
100027,100027,0,90971,90971,0,87864,12163,87849,87849,0,0,510,87864,15,/home/ltf/project/github/PCT/data/simulation_data/results0717_s4_material_calibration_air_pilot/run_510/PhaseSpaceIn.root,/home/ltf/project/github/PCT/data/simulation_data/results0717_s4_material_calibration_air_pilot/run_510/PhaseSpaceOut.root
99585,99585,0,90436,90436,0,87314,12271,87301,87301,0,0,511,87314,13,/home/ltf/project/github/PCT/data/simulation_data/results0717_s4_material_calibration_air_pilot/run_511/PhaseSpaceIn.root,/home/ltf/project/github/PCT/data/simulation_data/results0717_s4_material_calibration_air_pilot/run_511/PhaseSpaceOut.root
100104,100104,0,90791,90791,0,87777,12327,87761,87761,0,0,512,87777,16,/home/ltf/project/github/PCT/data/simulation_data/results0717_s4_material_calibration_air_pilot/run_512/PhaseSpaceIn.root,/home/ltf/project/github/PCT/data/simulation_data/results0717_s4_material_calibration_air_pilot/run_512/PhaseSpaceOut.root
99675,99675,0,90663,90663,0,87558,12117,87540,87540,0,0,513,87558,18,/home/ltf/project/github/PCT/data/simulation_data/results0717_s4_material_calibration_air_pilot/run_513/PhaseSpaceIn.root,/home/ltf/project/github/PCT/data/simulation_data/results0717_s4_material_calibration_air_pilot/run_513/PhaseSpaceOut.root
100008,100008,0,90893,90892,1,87899,12109,87885,87885,0,0,514,87899,14,/home/ltf/project/github/PCT/data/simulation_data/results0717_s4_material_calibration_air_pilot/run_514/PhaseSpaceIn.root,/home/ltf/project/github/PCT/data/simulation_data/results0717_s4_material_calibration_air_pilot/run_514/PhaseSpaceOut.root
99829,99829,0,90788,90788,0,87711,12118,87693,87693,0,0,515,87711,18,/home/ltf/project/github/PCT/data/simulation_data/results0717_s4_material_calibration_air_pilot/run_515/PhaseSpaceIn.root,/home/ltf/project/github/PCT/data/simulation_data/results0717_s4_material_calibration_air_pilot/run_515/PhaseSpaceOut.root
99514,99514,0,90687,90687,0,87493,12021,87477,87477,0,0,516,87493,16,/home/ltf/project/github/PCT/data/simulation_data/results0717_s4_material_calibration_air_pilot/run_516/PhaseSpaceIn.root,/home/ltf/project/github/PCT/data/simulation_data/results0717_s4_material_calibration_air_pilot/run_516/PhaseSpaceOut.root
99618,99618,0,90488,90488,0,87321,12297,87310,87310,0,0,517,87321,11,/home/ltf/project/github/PCT/data/simulation_data/results0717_s4_material_calibration_air_pilot/run_517/PhaseSpaceIn.root,/home/ltf/project/github/PCT/data/simulation_data/results0717_s4_material_calibration_air_pilot/run_517/PhaseSpaceOut.root
99465,99465,0,90536,90536,0,87436,12029,87425,87425,0,0,518,87436,11,/home/ltf/project/github/PCT/data/simulation_data/results0717_s4_material_calibration_air_pilot/run_518/PhaseSpaceIn.root,/home/ltf/project/github/PCT/data/simulation_data/results0717_s4_material_calibration_air_pilot/run_518/PhaseSpaceOut.root
100252,100250,2,91266,91266,0,88160,12090,88148,88148,0,0,519,88160,12,/home/ltf/project/github/PCT/data/simulation_data/results0717_s4_material_calibration_air_pilot/run_519/PhaseSpaceIn.root,/home/ltf/project/github/PCT/data/simulation_data/results0717_s4_material_calibration_air_pilot/run_519/PhaseSpaceOut.root
99413,99413,0,90368,90368,0,87408,12005,87391,87391,0,0,520,87408,17,/home/ltf/project/github/PCT/data/simulation_data/results0717_s4_material_calibration_air_pilot/run_520/PhaseSpaceIn.root,/home/ltf/project/github/PCT/data/simulation_data/results0717_s4_material_calibration_air_pilot/run_520/PhaseSpaceOut.root
100234,100233,1,91119,91119,0,88057,12176,88044,88044,0,0,521,88057,13,/home/ltf/project/github/PCT/data/simulation_data/results0717_s4_material_calibration_air_pilot/run_521/PhaseSpaceIn.root,/home/ltf/project/github/PCT/data/simulation_data/results0717_s4_material_calibration_air_pilot/run_521/PhaseSpaceOut.root
99382,99382,0,90394,90394,0,87360,12022,87350,87350,0,0,522,87360,10,/home/ltf/project/github/PCT/data/simulation_data/results0717_s4_material_calibration_air_pilot/run_522/PhaseSpaceIn.root,/home/ltf/project/github/PCT/data/simulation_data/results0717_s4_material_calibration_air_pilot/run_522/PhaseSpaceOut.root
100724,100724,0,91674,91674,0,88568,12156,88554,88554,0,0,523,88568,14,/home/ltf/project/github/PCT/data/simulation_data/results0717_s4_material_calibration_air_pilot/run_523/PhaseSpaceIn.root,/home/ltf/project/github/PCT/data/simulation_data/results0717_s4_material_calibration_air_pilot/run_523/PhaseSpaceOut.root
100156,100156,0,91081,91081,0,87990,12166,87979,87979,0,0,524,87990,11,/home/ltf/project/github/PCT/data/simulation_data/results0717_s4_material_calibration_air_pilot/run_524/PhaseSpaceIn.root,/home/ltf/project/github/PCT/data/simulation_data/results0717_s4_material_calibration_air_pilot/run_524/PhaseSpaceOut.root
100563,100563,0,91310,91310,0,88199,12364,88190,88190,0,0,525,88199,9,/home/ltf/project/github/PCT/data/simulation_data/results0717_s4_material_calibration_air_pilot/run_525/PhaseSpaceIn.root,/home/ltf/project/github/PCT/data/simulation_data/results0717_s4_material_calibration_air_pilot/run_525/PhaseSpaceOut.root
99640,99640,0,90567,90567,0,87408,12232,87396,87396,0,0,526,87408,12,/home/ltf/project/github/PCT/data/simulation_data/results0717_s4_material_calibration_air_pilot/run_526/PhaseSpaceIn.root,/home/ltf/project/github/PCT/data/simulation_data/results0717_s4_material_calibration_air_pilot/run_526/PhaseSpaceOut.root
99651,99651,0,90520,90520,0,87518,12133,87507,87507,0,0,527,87518,11,/home/ltf/project/github/PCT/data/simulation_data/results0717_s4_material_calibration_air_pilot/run_527/PhaseSpaceIn.root,/home/ltf/project/github/PCT/data/simulation_data/results0717_s4_material_calibration_air_pilot/run_527/PhaseSpaceOut.root
99716,99716,0,90380,90380,0,87282,12434,87267,87267,0,0,528,87282,15,/home/ltf/project/github/PCT/data/simulation_data/results0717_s4_material_calibration_air_pilot/run_528/PhaseSpaceIn.root,/home/ltf/project/github/PCT/data/simulation_data/results0717_s4_material_calibration_air_pilot/run_528/PhaseSpaceOut.root
100091,100091,0,90964,90964,0,87902,12189,87894,87894,0,0,529,87902,8,/home/ltf/project/github/PCT/data/simulation_data/results0717_s4_material_calibration_air_pilot/run_529/PhaseSpaceIn.root,/home/ltf/project/github/PCT/data/simulation_data/results0717_s4_material_calibration_air_pilot/run_529/PhaseSpaceOut.root
99555,99555,0,90407,90407,0,87316,12239,87302,87302,0,0,530,87316,14,/home/ltf/project/github/PCT/data/simulation_data/results0717_s4_material_calibration_air_pilot/run_530/PhaseSpaceIn.root,/home/ltf/project/github/PCT/data/simulation_data/results0717_s4_material_calibration_air_pilot/run_530/PhaseSpaceOut.root
99731,99731,0,90556,90556,0,87477,12254,87459,87459,0,0,531,87477,18,/home/ltf/project/github/PCT/data/simulation_data/results0717_s4_material_calibration_air_pilot/run_531/PhaseSpaceIn.root,/home/ltf/project/github/PCT/data/simulation_data/results0717_s4_material_calibration_air_pilot/run_531/PhaseSpaceOut.root
100012,100012,0,90941,90941,0,87814,12198,87806,87806,0,0,532,87814,8,/home/ltf/project/github/PCT/data/simulation_data/results0717_s4_material_calibration_air_pilot/run_532/PhaseSpaceIn.root,/home/ltf/project/github/PCT/data/simulation_data/results0717_s4_material_calibration_air_pilot/run_532/PhaseSpaceOut.root
100064,100064,0,90993,90993,0,87883,12181,87872,87872,0,0,533,87883,11,/home/ltf/project/github/PCT/data/simulation_data/results0717_s4_material_calibration_air_pilot/run_533/PhaseSpaceIn.root,/home/ltf/project/github/PCT/data/simulation_data/results0717_s4_material_calibration_air_pilot/run_533/PhaseSpaceOut.root
100389,100389,0,91151,91151,0,88052,12337,88035,88035,0,0,534,88052,17,/home/ltf/project/github/PCT/data/simulation_data/results0717_s4_material_calibration_air_pilot/run_534/PhaseSpaceIn.root,/home/ltf/project/github/PCT/data/simulation_data/results0717_s4_material_calibration_air_pilot/run_534/PhaseSpaceOut.root
99848,99848,0,90874,90874,0,87845,12003,87828,87828,0,0,535,87845,17,/home/ltf/project/github/PCT/data/simulation_data/results0717_s4_material_calibration_air_pilot/run_535/PhaseSpaceIn.root,/home/ltf/project/github/PCT/data/simulation_data/results0717_s4_material_calibration_air_pilot/run_535/PhaseSpaceOut.root
100389,100389,0,91370,91370,0,88176,12213,88160,88160,0,0,536,88176,16,/home/ltf/project/github/PCT/data/simulation_data/results0717_s4_material_calibration_air_pilot/run_536/PhaseSpaceIn.root,/home/ltf/project/github/PCT/data/simulation_data/results0717_s4_material_calibration_air_pilot/run_536/PhaseSpaceOut.root
99705,99705,0,90701,90701,0,87587,12118,87570,87570,0,0,537,87587,17,/home/ltf/project/github/PCT/data/simulation_data/results0717_s4_material_calibration_air_pilot/run_537/PhaseSpaceIn.root,/home/ltf/project/github/PCT/data/simulation_data/results0717_s4_material_calibration_air_pilot/run_537/PhaseSpaceOut.root
99791,99791,0,90761,90761,0,87618,12173,87604,87604,0,0,538,87618,14,/home/ltf/project/github/PCT/data/simulation_data/results0717_s4_material_calibration_air_pilot/run_538/PhaseSpaceIn.root,/home/ltf/project/github/PCT/data/simulation_data/results0717_s4_material_calibration_air_pilot/run_538/PhaseSpaceOut.root
100074,100074,0,90936,90936,0,87821,12253,87807,87807,0,0,539,87821,14,/home/ltf/project/github/PCT/data/simulation_data/results0717_s4_material_calibration_air_pilot/run_539/PhaseSpaceIn.root,/home/ltf/project/github/PCT/data/simulation_data/results0717_s4_material_calibration_air_pilot/run_539/PhaseSpaceOut.root
100314,100314,0,91207,91207,0,88067,12247,88060,88060,0,0,540,88067,7,/home/ltf/project/github/PCT/data/simulation_data/results0717_s4_material_calibration_air_pilot/run_540/PhaseSpaceIn.root,/home/ltf/project/github/PCT/data/simulation_data/results0717_s4_material_calibration_air_pilot/run_540/PhaseSpaceOut.root
99824,99824,0,90658,90657,1,87566,12258,87555,87555,0,0,541,87566,11,/home/ltf/project/github/PCT/data/simulation_data/results0717_s4_material_calibration_air_pilot/run_541/PhaseSpaceIn.root,/home/ltf/project/github/PCT/data/simulation_data/results0717_s4_material_calibration_air_pilot/run_541/PhaseSpaceOut.root
99517,99517,0,90385,90385,0,87305,12212,87288,87288,0,0,542,87305,17,/home/ltf/project/github/PCT/data/simulation_data/results0717_s4_material_calibration_air_pilot/run_542/PhaseSpaceIn.root,/home/ltf/project/github/PCT/data/simulation_data/results0717_s4_material_calibration_air_pilot/run_542/PhaseSpaceOut.root
100234,100234,0,91019,91019,0,87981,12253,87970,87970,0,0,543,87981,11,/home/ltf/project/github/PCT/data/simulation_data/results0717_s4_material_calibration_air_pilot/run_543/PhaseSpaceIn.root,/home/ltf/project/github/PCT/data/simulation_data/results0717_s4_material_calibration_air_pilot/run_543/PhaseSpaceOut.root
100017,100017,0,90833,90833,0,87664,12353,87656,87656,0,0,544,87664,8,/home/ltf/project/github/PCT/data/simulation_data/results0717_s4_material_calibration_air_pilot/run_544/PhaseSpaceIn.root,/home/ltf/project/github/PCT/data/simulation_data/results0717_s4_material_calibration_air_pilot/run_544/PhaseSpaceOut.root
99960,99960,0,90868,90868,0,87792,12168,87782,87782,0,0,545,87792,10,/home/ltf/project/github/PCT/data/simulation_data/results0717_s4_material_calibration_air_pilot/run_545/PhaseSpaceIn.root,/home/ltf/project/github/PCT/data/simulation_data/results0717_s4_material_calibration_air_pilot/run_545/PhaseSpaceOut.root
99967,99967,0,90961,90961,0,87861,12106,87840,87840,0,0,546,87861,21,/home/ltf/project/github/PCT/data/simulation_data/results0717_s4_material_calibration_air_pilot/run_546/PhaseSpaceIn.root,/home/ltf/project/github/PCT/data/simulation_data/results0717_s4_material_calibration_air_pilot/run_546/PhaseSpaceOut.root
100137,100137,0,91003,91003,0,87893,12244,87883,87883,0,0,547,87893,10,/home/ltf/project/github/PCT/data/simulation_data/results0717_s4_material_calibration_air_pilot/run_547/PhaseSpaceIn.root,/home/ltf/project/github/PCT/data/simulation_data/results0717_s4_material_calibration_air_pilot/run_547/PhaseSpaceOut.root
99537,99537,0,90396,90396,0,87323,12214,87314,87314,0,0,548,87323,9,/home/ltf/project/github/PCT/data/simulation_data/results0717_s4_material_calibration_air_pilot/run_548/PhaseSpaceIn.root,/home/ltf/project/github/PCT/data/simulation_data/results0717_s4_material_calibration_air_pilot/run_548/PhaseSpaceOut.root
100164,100164,0,90947,90947,0,87822,12342,87815,87815,0,0,549,87822,7,/home/ltf/project/github/PCT/data/simulation_data/results0717_s4_material_calibration_air_pilot/run_549/PhaseSpaceIn.root,/home/ltf/project/github/PCT/data/simulation_data/results0717_s4_material_calibration_air_pilot/run_549/PhaseSpaceOut.root
100348,100348,0,91284,91284,0,88229,12119,88212,88212,0,0,550,88229,17,/home/ltf/project/github/PCT/data/simulation_data/results0717_s4_material_calibration_air_pilot/run_550/PhaseSpaceIn.root,/home/ltf/project/github/PCT/data/simulation_data/results0717_s4_material_calibration_air_pilot/run_550/PhaseSpaceOut.root
99627,99627,0,90549,90549,0,87451,12176,87439,87439,0,0,551,87451,12,/home/ltf/project/github/PCT/data/simulation_data/results0717_s4_material_calibration_air_pilot/run_551/PhaseSpaceIn.root,/home/ltf/project/github/PCT/data/simulation_data/results0717_s4_material_calibration_air_pilot/run_551/PhaseSpaceOut.root
100389,100389,0,91165,91165,0,88005,12384,87987,87987,0,0,552,88005,18,/home/ltf/project/github/PCT/data/simulation_data/results0717_s4_material_calibration_air_pilot/run_552/PhaseSpaceIn.root,/home/ltf/project/github/PCT/data/simulation_data/results0717_s4_material_calibration_air_pilot/run_552/PhaseSpaceOut.root
100107,100107,0,91052,91052,0,87967,12140,87950,87950,0,0,553,87967,17,/home/ltf/project/github/PCT/data/simulation_data/results0717_s4_material_calibration_air_pilot/run_553/PhaseSpaceIn.root,/home/ltf/project/github/PCT/data/simulation_data/results0717_s4_material_calibration_air_pilot/run_553/PhaseSpaceOut.root
100371,100371,0,91220,91220,0,88057,12314,88035,88035,0,0,554,88057,22,/home/ltf/project/github/PCT/data/simulation_data/results0717_s4_material_calibration_air_pilot/run_554/PhaseSpaceIn.root,/home/ltf/project/github/PCT/data/simulation_data/results0717_s4_material_calibration_air_pilot/run_554/PhaseSpaceOut.root
100244,100244,0,90957,90957,0,87866,12378,87848,87848,0,0,555,87866,18,/home/ltf/project/github/PCT/data/simulation_data/results0717_s4_material_calibration_air_pilot/run_555/PhaseSpaceIn.root,/home/ltf/project/github/PCT/data/simulation_data/results0717_s4_material_calibration_air_pilot/run_555/PhaseSpaceOut.root
99799,99799,0,90458,90458,0,87198,12601,87178,87178,0,0,556,87198,20,/home/ltf/project/github/PCT/data/simulation_data/results0717_s4_material_calibration_air_pilot/run_556/PhaseSpaceIn.root,/home/ltf/project/github/PCT/data/simulation_data/results0717_s4_material_calibration_air_pilot/run_556/PhaseSpaceOut.root
100039,100039,0,90976,90976,0,87841,12198,87828,87828,0,0,557,87841,13,/home/ltf/project/github/PCT/data/simulation_data/results0717_s4_material_calibration_air_pilot/run_557/PhaseSpaceIn.root,/home/ltf/project/github/PCT/data/simulation_data/results0717_s4_material_calibration_air_pilot/run_557/PhaseSpaceOut.root
100121,100121,0,90987,90987,0,87796,12325,87777,87777,0,0,558,87796,19,/home/ltf/project/github/PCT/data/simulation_data/results0717_s4_material_calibration_air_pilot/run_558/PhaseSpaceIn.root,/home/ltf/project/github/PCT/data/simulation_data/results0717_s4_material_calibration_air_pilot/run_558/PhaseSpaceOut.root
99683,99683,0,90696,90696,0,87613,12070,87600,87600,0,0,559,87613,13,/home/ltf/project/github/PCT/data/simulation_data/results0717_s4_material_calibration_air_pilot/run_559/PhaseSpaceIn.root,/home/ltf/project/github/PCT/data/simulation_data/results0717_s4_material_calibration_air_pilot/run_559/PhaseSpaceOut.root
99509,99509,0,90598,90597,1,87498,12011,87483,87483,0,0,560,87498,15,/home/ltf/project/github/PCT/data/simulation_data/results0717_s4_material_calibration_air_pilot/run_560/PhaseSpaceIn.root,/home/ltf/project/github/PCT/data/simulation_data/results0717_s4_material_calibration_air_pilot/run_560/PhaseSpaceOut.root
100105,100105,0,91023,91023,0,87975,12130,87964,87964,0,0,561,87975,11,/home/ltf/project/github/PCT/data/simulation_data/results0717_s4_material_calibration_air_pilot/run_561/PhaseSpaceIn.root,/home/ltf/project/github/PCT/data/simulation_data/results0717_s4_material_calibration_air_pilot/run_561/PhaseSpaceOut.root
99922,99922,0,90854,90854,0,87789,12133,87773,87773,0,0,562,87789,16,/home/ltf/project/github/PCT/data/simulation_data/results0717_s4_material_calibration_air_pilot/run_562/PhaseSpaceIn.root,/home/ltf/project/github/PCT/data/simulation_data/results0717_s4_material_calibration_air_pilot/run_562/PhaseSpaceOut.root
100056,100056,0,90983,90983,0,87869,12187,87860,87860,0,0,563,87869,9,/home/ltf/project/github/PCT/data/simulation_data/results0717_s4_material_calibration_air_pilot/run_563/PhaseSpaceIn.root,/home/ltf/project/github/PCT/data/simulation_data/results0717_s4_material_calibration_air_pilot/run_563/PhaseSpaceOut.root
100183,100183,0,90989,90989,0,87796,12387,87782,87782,0,0,564,87796,14,/home/ltf/project/github/PCT/data/simulation_data/results0717_s4_material_calibration_air_pilot/run_564/PhaseSpaceIn.root,/home/ltf/project/github/PCT/data/simulation_data/results0717_s4_material_calibration_air_pilot/run_564/PhaseSpaceOut.root
100368,100368,0,91287,91287,0,88137,12231,88119,88119,0,0,565,88137,18,/home/ltf/project/github/PCT/data/simulation_data/results0717_s4_material_calibration_air_pilot/run_565/PhaseSpaceIn.root,/home/ltf/project/github/PCT/data/simulation_data/results0717_s4_material_calibration_air_pilot/run_565/PhaseSpaceOut.root
99548,99548,0,90394,90394,0,87328,12220,87319,87319,0,0,566,87328,9,/home/ltf/project/github/PCT/data/simulation_data/results0717_s4_material_calibration_air_pilot/run_566/PhaseSpaceIn.root,/home/ltf/project/github/PCT/data/simulation_data/results0717_s4_material_calibration_air_pilot/run_566/PhaseSpaceOut.root
99784,99784,0,90806,90806,0,87768,12016,87755,87755,0,0,567,87768,13,/home/ltf/project/github/PCT/data/simulation_data/results0717_s4_material_calibration_air_pilot/run_567/PhaseSpaceIn.root,/home/ltf/project/github/PCT/data/simulation_data/results0717_s4_material_calibration_air_pilot/run_567/PhaseSpaceOut.root
100025,100025,0,90942,90942,0,87829,12196,87821,87821,0,0,568,87829,8,/home/ltf/project/github/PCT/data/simulation_data/results0717_s4_material_calibration_air_pilot/run_568/PhaseSpaceIn.root,/home/ltf/project/github/PCT/data/simulation_data/results0717_s4_material_calibration_air_pilot/run_568/PhaseSpaceOut.root
99974,99974,0,90978,90978,0,87840,12134,87826,87826,0,0,569,87840,14,/home/ltf/project/github/PCT/data/simulation_data/results0717_s4_material_calibration_air_pilot/run_569/PhaseSpaceIn.root,/home/ltf/project/github/PCT/data/simulation_data/results0717_s4_material_calibration_air_pilot/run_569/PhaseSpaceOut.root
100198,100198,0,91246,91246,0,88146,12052,88129,88129,0,0,570,88146,17,/home/ltf/project/github/PCT/data/simulation_data/results0717_s4_material_calibration_air_pilot/run_570/PhaseSpaceIn.root,/home/ltf/project/github/PCT/data/simulation_data/results0717_s4_material_calibration_air_pilot/run_570/PhaseSpaceOut.root
99753,99753,0,90713,90713,0,87615,12138,87605,87605,0,0,571,87615,10,/home/ltf/project/github/PCT/data/simulation_data/results0717_s4_material_calibration_air_pilot/run_571/PhaseSpaceIn.root,/home/ltf/project/github/PCT/data/simulation_data/results0717_s4_material_calibration_air_pilot/run_571/PhaseSpaceOut.root
100328,100328,0,91179,91178,1,88028,12300,88016,88016,0,0,572,88028,12,/home/ltf/project/github/PCT/data/simulation_data/results0717_s4_material_calibration_air_pilot/run_572/PhaseSpaceIn.root,/home/ltf/project/github/PCT/data/simulation_data/results0717_s4_material_calibration_air_pilot/run_572/PhaseSpaceOut.root
99612,99612,0,90618,90618,0,87508,12104,87491,87491,0,0,573,87508,17,/home/ltf/project/github/PCT/data/simulation_data/results0717_s4_material_calibration_air_pilot/run_573/PhaseSpaceIn.root,/home/ltf/project/github/PCT/data/simulation_data/results0717_s4_material_calibration_air_pilot/run_573/PhaseSpaceOut.root
99519,99519,0,90539,90539,0,87466,12053,87452,87452,0,0,574,87466,14,/home/ltf/project/github/PCT/data/simulation_data/results0717_s4_material_calibration_air_pilot/run_574/PhaseSpaceIn.root,/home/ltf/project/github/PCT/data/simulation_data/results0717_s4_material_calibration_air_pilot/run_574/PhaseSpaceOut.root
100359,100359,0,91297,91297,0,88129,12230,88118,88118,0,0,575,88129,11,/home/ltf/project/github/PCT/data/simulation_data/results0717_s4_material_calibration_air_pilot/run_575/PhaseSpaceIn.root,/home/ltf/project/github/PCT/data/simulation_data/results0717_s4_material_calibration_air_pilot/run_575/PhaseSpaceOut.root
100647,100647,0,91355,91355,0,88171,12476,88156,88156,0,0,576,88171,15,/home/ltf/project/github/PCT/data/simulation_data/results0717_s4_material_calibration_air_pilot/run_576/PhaseSpaceIn.root,/home/ltf/project/github/PCT/data/simulation_data/results0717_s4_material_calibration_air_pilot/run_576/PhaseSpaceOut.root
99952,99952,0,90882,90882,0,87707,12245,87695,87695,0,0,577,87707,12,/home/ltf/project/github/PCT/data/simulation_data/results0717_s4_material_calibration_air_pilot/run_577/PhaseSpaceIn.root,/home/ltf/project/github/PCT/data/simulation_data/results0717_s4_material_calibration_air_pilot/run_577/PhaseSpaceOut.root
100268,100268,0,91141,91141,0,87898,12370,87879,87879,0,0,578,87898,19,/home/ltf/project/github/PCT/data/simulation_data/results0717_s4_material_calibration_air_pilot/run_578/PhaseSpaceIn.root,/home/ltf/project/github/PCT/data/simulation_data/results0717_s4_material_calibration_air_pilot/run_578/PhaseSpaceOut.root
100186,100186,0,91007,91007,0,87927,12259,87913,87913,0,0,579,87927,14,/home/ltf/project/github/PCT/data/simulation_data/results0717_s4_material_calibration_air_pilot/run_579/PhaseSpaceIn.root,/home/ltf/project/github/PCT/data/simulation_data/results0717_s4_material_calibration_air_pilot/run_579/PhaseSpaceOut.root
99798,99798,0,90725,90725,0,87572,12226,87554,87554,0,0,580,87572,18,/home/ltf/project/github/PCT/data/simulation_data/results0717_s4_material_calibration_air_pilot/run_580/PhaseSpaceIn.root,/home/ltf/project/github/PCT/data/simulation_data/results0717_s4_material_calibration_air_pilot/run_580/PhaseSpaceOut.root
99705,99705,0,90758,90758,0,87589,12116,87576,87576,0,0,581,87589,13,/home/ltf/project/github/PCT/data/simulation_data/results0717_s4_material_calibration_air_pilot/run_581/PhaseSpaceIn.root,/home/ltf/project/github/PCT/data/simulation_data/results0717_s4_material_calibration_air_pilot/run_581/PhaseSpaceOut.root
100080,100080,0,90994,90994,0,87758,12322,87745,87745,0,0,582,87758,13,/home/ltf/project/github/PCT/data/simulation_data/results0717_s4_material_calibration_air_pilot/run_582/PhaseSpaceIn.root,/home/ltf/project/github/PCT/data/simulation_data/results0717_s4_material_calibration_air_pilot/run_582/PhaseSpaceOut.root
100139,100139,0,91091,91091,0,87978,12161,87962,87962,0,0,583,87978,16,/home/ltf/project/github/PCT/data/simulation_data/results0717_s4_material_calibration_air_pilot/run_583/PhaseSpaceIn.root,/home/ltf/project/github/PCT/data/simulation_data/results0717_s4_material_calibration_air_pilot/run_583/PhaseSpaceOut.root
100238,100238,0,91226,91226,0,88147,12091,88134,88134,0,0,584,88147,13,/home/ltf/project/github/PCT/data/simulation_data/results0717_s4_material_calibration_air_pilot/run_584/PhaseSpaceIn.root,/home/ltf/project/github/PCT/data/simulation_data/results0717_s4_material_calibration_air_pilot/run_584/PhaseSpaceOut.root
99749,99749,0,90474,90474,0,87397,12352,87382,87382,0,0,585,87397,15,/home/ltf/project/github/PCT/data/simulation_data/results0717_s4_material_calibration_air_pilot/run_585/PhaseSpaceIn.root,/home/ltf/project/github/PCT/data/simulation_data/results0717_s4_material_calibration_air_pilot/run_585/PhaseSpaceOut.root
99990,99990,0,90904,90904,0,87824,12166,87812,87812,0,0,586,87824,12,/home/ltf/project/github/PCT/data/simulation_data/results0717_s4_material_calibration_air_pilot/run_586/PhaseSpaceIn.root,/home/ltf/project/github/PCT/data/simulation_data/results0717_s4_material_calibration_air_pilot/run_586/PhaseSpaceOut.root
100575,100575,0,91436,91436,0,88290,12285,88286,88286,0,0,587,88290,4,/home/ltf/project/github/PCT/data/simulation_data/results0717_s4_material_calibration_air_pilot/run_587/PhaseSpaceIn.root,/home/ltf/project/github/PCT/data/simulation_data/results0717_s4_material_calibration_air_pilot/run_587/PhaseSpaceOut.root
99604,99604,0,90601,90601,0,87472,12132,87462,87462,0,0,588,87472,10,/home/ltf/project/github/PCT/data/simulation_data/results0717_s4_material_calibration_air_pilot/run_588/PhaseSpaceIn.root,/home/ltf/project/github/PCT/data/simulation_data/results0717_s4_material_calibration_air_pilot/run_588/PhaseSpaceOut.root
100114,100114,0,91136,91136,0,88005,12109,87992,87992,0,0,589,88005,13,/home/ltf/project/github/PCT/data/simulation_data/results0717_s4_material_calibration_air_pilot/run_589/PhaseSpaceIn.root,/home/ltf/project/github/PCT/data/simulation_data/results0717_s4_material_calibration_air_pilot/run_589/PhaseSpaceOut.root
100075,100075,0,91039,91039,0,87875,12200,87859,87859,0,0,590,87875,16,/home/ltf/project/github/PCT/data/simulation_data/results0717_s4_material_calibration_air_pilot/run_590/PhaseSpaceIn.root,/home/ltf/project/github/PCT/data/simulation_data/results0717_s4_material_calibration_air_pilot/run_590/PhaseSpaceOut.root
99113,99113,0,90269,90269,0,87101,12012,87088,87088,0,0,591,87101,13,/home/ltf/project/github/PCT/data/simulation_data/results0717_s4_material_calibration_air_pilot/run_591/PhaseSpaceIn.root,/home/ltf/project/github/PCT/data/simulation_data/results0717_s4_material_calibration_air_pilot/run_591/PhaseSpaceOut.root
99809,99809,0,90665,90665,0,87513,12296,87499,87499,0,0,592,87513,14,/home/ltf/project/github/PCT/data/simulation_data/results0717_s4_material_calibration_air_pilot/run_592/PhaseSpaceIn.root,/home/ltf/project/github/PCT/data/simulation_data/results0717_s4_material_calibration_air_pilot/run_592/PhaseSpaceOut.root
100042,100042,0,91155,91155,0,87996,12046,87982,87982,0,0,593,87996,14,/home/ltf/project/github/PCT/data/simulation_data/results0717_s4_material_calibration_air_pilot/run_593/PhaseSpaceIn.root,/home/ltf/project/github/PCT/data/simulation_data/results0717_s4_material_calibration_air_pilot/run_593/PhaseSpaceOut.root
100353,100353,0,91142,91142,0,88029,12324,88014,88014,0,0,594,88029,15,/home/ltf/project/github/PCT/data/simulation_data/results0717_s4_material_calibration_air_pilot/run_594/PhaseSpaceIn.root,/home/ltf/project/github/PCT/data/simulation_data/results0717_s4_material_calibration_air_pilot/run_594/PhaseSpaceOut.root
100062,100062,0,91007,91007,0,87801,12261,87782,87782,0,0,595,87801,19,/home/ltf/project/github/PCT/data/simulation_data/results0717_s4_material_calibration_air_pilot/run_595/PhaseSpaceIn.root,/home/ltf/project/github/PCT/data/simulation_data/results0717_s4_material_calibration_air_pilot/run_595/PhaseSpaceOut.root
99883,99883,0,90757,90757,0,87618,12265,87600,87600,0,0,596,87618,18,/home/ltf/project/github/PCT/data/simulation_data/results0717_s4_material_calibration_air_pilot/run_596/PhaseSpaceIn.root,/home/ltf/project/github/PCT/data/simulation_data/results0717_s4_material_calibration_air_pilot/run_596/PhaseSpaceOut.root
99618,99618,0,90567,90567,0,87441,12177,87432,87432,0,0,597,87441,9,/home/ltf/project/github/PCT/data/simulation_data/results0717_s4_material_calibration_air_pilot/run_597/PhaseSpaceIn.root,/home/ltf/project/github/PCT/data/simulation_data/results0717_s4_material_calibration_air_pilot/run_597/PhaseSpaceOut.root
99694,99694,0,90736,90736,0,87693,12001,87679,87679,0,0,598,87693,14,/home/ltf/project/github/PCT/data/simulation_data/results0717_s4_material_calibration_air_pilot/run_598/PhaseSpaceIn.root,/home/ltf/project/github/PCT/data/simulation_data/results0717_s4_material_calibration_air_pilot/run_598/PhaseSpaceOut.root
100264,100264,0,91134,91134,0,87998,12266,87983,87983,0,0,599,87998,15,/home/ltf/project/github/PCT/data/simulation_data/results0717_s4_material_calibration_air_pilot/run_599/PhaseSpaceIn.root,/home/ltf/project/github/PCT/data/simulation_data/results0717_s4_material_calibration_air_pilot/run_599/PhaseSpaceOut.root
100206,100206,0,91181,91181,0,88210,11996,88198,88198,0,0,600,88210,12,/home/ltf/project/github/PCT/data/simulation_data/results0717_s4_material_calibration_air_pilot/run_600/PhaseSpaceIn.root,/home/ltf/project/github/PCT/data/simulation_data/results0717_s4_material_calibration_air_pilot/run_600/PhaseSpaceOut.root
99643,99643,0,90546,90546,0,87442,12201,87430,87430,0,0,601,87442,12,/home/ltf/project/github/PCT/data/simulation_data/results0717_s4_material_calibration_air_pilot/run_601/PhaseSpaceIn.root,/home/ltf/project/github/PCT/data/simulation_data/results0717_s4_material_calibration_air_pilot/run_601/PhaseSpaceOut.root
99922,99922,0,90765,90765,0,87631,12291,87621,87621,0,0,602,87631,10,/home/ltf/project/github/PCT/data/simulation_data/results0717_s4_material_calibration_air_pilot/run_602/PhaseSpaceIn.root,/home/ltf/project/github/PCT/data/simulation_data/results0717_s4_material_calibration_air_pilot/run_602/PhaseSpaceOut.root
99674,99674,0,90668,90667,1,87537,12137,87520,87520,0,0,603,87537,17,/home/ltf/project/github/PCT/data/simulation_data/results0717_s4_material_calibration_air_pilot/run_603/PhaseSpaceIn.root,/home/ltf/project/github/PCT/data/simulation_data/results0717_s4_material_calibration_air_pilot/run_603/PhaseSpaceOut.root
99791,99791,0,90743,90743,0,87652,12139,87637,87637,0,0,604,87652,15,/home/ltf/project/github/PCT/data/simulation_data/results0717_s4_material_calibration_air_pilot/run_604/PhaseSpaceIn.root,/home/ltf/project/github/PCT/data/simulation_data/results0717_s4_material_calibration_air_pilot/run_604/PhaseSpaceOut.root
100096,100096,0,90959,90959,0,87854,12242,87840,87840,0,0,605,87854,14,/home/ltf/project/github/PCT/data/simulation_data/results0717_s4_material_calibration_air_pilot/run_605/PhaseSpaceIn.root,/home/ltf/project/github/PCT/data/simulation_data/results0717_s4_material_calibration_air_pilot/run_605/PhaseSpaceOut.root
100417,100417,0,91076,91076,0,87898,12519,87880,87880,0,0,606,87898,18,/home/ltf/project/github/PCT/data/simulation_data/results0717_s4_material_calibration_air_pilot/run_606/PhaseSpaceIn.root,/home/ltf/project/github/PCT/data/simulation_data/results0717_s4_material_calibration_air_pilot/run_606/PhaseSpaceOut.root
99644,99644,0,90604,90604,0,87597,12047,87584,87584,0,0,607,87597,13,/home/ltf/project/github/PCT/data/simulation_data/results0717_s4_material_calibration_air_pilot/run_607/PhaseSpaceIn.root,/home/ltf/project/github/PCT/data/simulation_data/results0717_s4_material_calibration_air_pilot/run_607/PhaseSpaceOut.root
99849,99849,0,90836,90836,0,87698,12151,87690,87690,0,0,608,87698,8,/home/ltf/project/github/PCT/data/simulation_data/results0717_s4_material_calibration_air_pilot/run_608/PhaseSpaceIn.root,/home/ltf/project/github/PCT/data/simulation_data/results0717_s4_material_calibration_air_pilot/run_608/PhaseSpaceOut.root
99777,99777,0,90756,90756,0,87607,12170,87592,87592,0,0,609,87607,15,/home/ltf/project/github/PCT/data/simulation_data/results0717_s4_material_calibration_air_pilot/run_609/PhaseSpaceIn.root,/home/ltf/project/github/PCT/data/simulation_data/results0717_s4_material_calibration_air_pilot/run_609/PhaseSpaceOut.root
99674,99673,1,90678,90678,0,87641,12032,87618,87618,0,0,610,87641,23,/home/ltf/project/github/PCT/data/simulation_data/results0717_s4_material_calibration_air_pilot/run_610/PhaseSpaceIn.root,/home/ltf/project/github/PCT/data/simulation_data/results0717_s4_material_calibration_air_pilot/run_610/PhaseSpaceOut.root
100334,100334,0,91172,91172,0,87993,12341,87980,87980,0,0,611,87993,13,/home/ltf/project/github/PCT/data/simulation_data/results0717_s4_material_calibration_air_pilot/run_611/PhaseSpaceIn.root,/home/ltf/project/github/PCT/data/simulation_data/results0717_s4_material_calibration_air_pilot/run_611/PhaseSpaceOut.root
99692,99692,0,90720,90720,0,87665,12027,87651,87651,0,0,612,87665,14,/home/ltf/project/github/PCT/data/simulation_data/results0717_s4_material_calibration_air_pilot/run_612/PhaseSpaceIn.root,/home/ltf/project/github/PCT/data/simulation_data/results0717_s4_material_calibration_air_pilot/run_612/PhaseSpaceOut.root
100611,100611,0,91572,91572,0,88437,12174,88418,88418,0,0,613,88437,19,/home/ltf/project/github/PCT/data/simulation_data/results0717_s4_material_calibration_air_pilot/run_613/PhaseSpaceIn.root,/home/ltf/project/github/PCT/data/simulation_data/results0717_s4_material_calibration_air_pilot/run_613/PhaseSpaceOut.root
100010,100010,0,90789,90789,0,87660,12350,87649,87649,0,0,614,87660,11,/home/ltf/project/github/PCT/data/simulation_data/results0717_s4_material_calibration_air_pilot/run_614/PhaseSpaceIn.root,/home/ltf/project/github/PCT/data/simulation_data/results0717_s4_material_calibration_air_pilot/run_614/PhaseSpaceOut.root
99689,99689,0,90560,90560,0,87381,12308,87370,87370,0,0,615,87381,11,/home/ltf/project/github/PCT/data/simulation_data/results0717_s4_material_calibration_air_pilot/run_615/PhaseSpaceIn.root,/home/ltf/project/github/PCT/data/simulation_data/results0717_s4_material_calibration_air_pilot/run_615/PhaseSpaceOut.root
99954,99954,0,90723,90723,0,87691,12263,87679,87679,0,0,616,87691,12,/home/ltf/project/github/PCT/data/simulation_data/results0717_s4_material_calibration_air_pilot/run_616/PhaseSpaceIn.root,/home/ltf/project/github/PCT/data/simulation_data/results0717_s4_material_calibration_air_pilot/run_616/PhaseSpaceOut.root
100051,100051,0,90891,90891,0,87664,12387,87651,87651,0,0,617,87664,13,/home/ltf/project/github/PCT/data/simulation_data/results0717_s4_material_calibration_air_pilot/run_617/PhaseSpaceIn.root,/home/ltf/project/github/PCT/data/simulation_data/results0717_s4_material_calibration_air_pilot/run_617/PhaseSpaceOut.root
100276,100276,0,91068,91068,0,87994,12282,87976,87976,0,0,618,87994,18,/home/ltf/project/github/PCT/data/simulation_data/results0717_s4_material_calibration_air_pilot/run_618/PhaseSpaceIn.root,/home/ltf/project/github/PCT/data/simulation_data/results0717_s4_material_calibration_air_pilot/run_618/PhaseSpaceOut.root
99524,99524,0,90465,90465,0,87326,12198,87321,87321,0,0,619,87326,5,/home/ltf/project/github/PCT/data/simulation_data/results0717_s4_material_calibration_air_pilot/run_619/PhaseSpaceIn.root,/home/ltf/project/github/PCT/data/simulation_data/results0717_s4_material_calibration_air_pilot/run_619/PhaseSpaceOut.root
99320,99320,0,90303,90303,0,87347,11973,87335,87335,0,0,620,87347,12,/home/ltf/project/github/PCT/data/simulation_data/results0717_s4_material_calibration_air_pilot/run_620/PhaseSpaceIn.root,/home/ltf/project/github/PCT/data/simulation_data/results0717_s4_material_calibration_air_pilot/run_620/PhaseSpaceOut.root
99896,99896,0,90693,90692,1,87571,12325,87552,87552,0,0,621,87571,19,/home/ltf/project/github/PCT/data/simulation_data/results0717_s4_material_calibration_air_pilot/run_621/PhaseSpaceIn.root,/home/ltf/project/github/PCT/data/simulation_data/results0717_s4_material_calibration_air_pilot/run_621/PhaseSpaceOut.root
99710,99710,0,90567,90567,0,87442,12268,87423,87423,0,0,622,87442,19,/home/ltf/project/github/PCT/data/simulation_data/results0717_s4_material_calibration_air_pilot/run_622/PhaseSpaceIn.root,/home/ltf/project/github/PCT/data/simulation_data/results0717_s4_material_calibration_air_pilot/run_622/PhaseSpaceOut.root
99811,99811,0,90552,90552,0,87575,12236,87557,87557,0,0,623,87575,18,/home/ltf/project/github/PCT/data/simulation_data/results0717_s4_material_calibration_air_pilot/run_623/PhaseSpaceIn.root,/home/ltf/project/github/PCT/data/simulation_data/results0717_s4_material_calibration_air_pilot/run_623/PhaseSpaceOut.root
100331,100331,0,91300,91300,0,88138,12193,88118,88118,0,0,624,88138,20,/home/ltf/project/github/PCT/data/simulation_data/results0717_s4_material_calibration_air_pilot/run_624/PhaseSpaceIn.root,/home/ltf/project/github/PCT/data/simulation_data/results0717_s4_material_calibration_air_pilot/run_624/PhaseSpaceOut.root
99830,99830,0,90769,90769,0,87771,12059,87763,87763,0,0,625,87771,8,/home/ltf/project/github/PCT/data/simulation_data/results0717_s4_material_calibration_air_pilot/run_625/PhaseSpaceIn.root,/home/ltf/project/github/PCT/data/simulation_data/results0717_s4_material_calibration_air_pilot/run_625/PhaseSpaceOut.root
100130,100130,0,91142,91142,0,87987,12143,87975,87975,0,0,626,87987,12,/home/ltf/project/github/PCT/data/simulation_data/results0717_s4_material_calibration_air_pilot/run_626/PhaseSpaceIn.root,/home/ltf/project/github/PCT/data/simulation_data/results0717_s4_material_calibration_air_pilot/run_626/PhaseSpaceOut.root
100232,100232,0,90975,90975,0,87945,12287,87937,87937,0,0,627,87945,8,/home/ltf/project/github/PCT/data/simulation_data/results0717_s4_material_calibration_air_pilot/run_627/PhaseSpaceIn.root,/home/ltf/project/github/PCT/data/simulation_data/results0717_s4_material_calibration_air_pilot/run_627/PhaseSpaceOut.root
100164,100164,0,90861,90861,0,87701,12463,87683,87683,0,0,628,87701,18,/home/ltf/project/github/PCT/data/simulation_data/results0717_s4_material_calibration_air_pilot/run_628/PhaseSpaceIn.root,/home/ltf/project/github/PCT/data/simulation_data/results0717_s4_material_calibration_air_pilot/run_628/PhaseSpaceOut.root
99459,99459,0,90312,90312,0,87186,12273,87173,87173,0,0,629,87186,13,/home/ltf/project/github/PCT/data/simulation_data/results0717_s4_material_calibration_air_pilot/run_629/PhaseSpaceIn.root,/home/ltf/project/github/PCT/data/simulation_data/results0717_s4_material_calibration_air_pilot/run_629/PhaseSpaceOut.root
100418,100418,0,91245,91245,0,88120,12298,88103,88103,0,0,630,88120,17,/home/ltf/project/github/PCT/data/simulation_data/results0717_s4_material_calibration_air_pilot/run_630/PhaseSpaceIn.root,/home/ltf/project/github/PCT/data/simulation_data/results0717_s4_material_calibration_air_pilot/run_630/PhaseSpaceOut.root
99845,99845,0,90723,90723,0,87582,12263,87572,87572,0,0,631,87582,10,/home/ltf/project/github/PCT/data/simulation_data/results0717_s4_material_calibration_air_pilot/run_631/PhaseSpaceIn.root,/home/ltf/project/github/PCT/data/simulation_data/results0717_s4_material_calibration_air_pilot/run_631/PhaseSpaceOut.root
100029,100029,0,90835,90835,0,87751,12278,87738,87738,0,0,632,87751,13,/home/ltf/project/github/PCT/data/simulation_data/results0717_s4_material_calibration_air_pilot/run_632/PhaseSpaceIn.root,/home/ltf/project/github/PCT/data/simulation_data/results0717_s4_material_calibration_air_pilot/run_632/PhaseSpaceOut.root
100225,100225,0,91284,91284,0,88183,12042,88172,88172,0,0,633,88183,11,/home/ltf/project/github/PCT/data/simulation_data/results0717_s4_material_calibration_air_pilot/run_633/PhaseSpaceIn.root,/home/ltf/project/github/PCT/data/simulation_data/results0717_s4_material_calibration_air_pilot/run_633/PhaseSpaceOut.root
99824,99824,0,90676,90676,0,87564,12260,87554,87554,0,0,634,87564,10,/home/ltf/project/github/PCT/data/simulation_data/results0717_s4_material_calibration_air_pilot/run_634/PhaseSpaceIn.root,/home/ltf/project/github/PCT/data/simulation_data/results0717_s4_material_calibration_air_pilot/run_634/PhaseSpaceOut.root
100495,100495,0,91439,91439,0,88365,12130,88347,88347,0,0,635,88365,18,/home/ltf/project/github/PCT/data/simulation_data/results0717_s4_material_calibration_air_pilot/run_635/PhaseSpaceIn.root,/home/ltf/project/github/PCT/data/simulation_data/results0717_s4_material_calibration_air_pilot/run_635/PhaseSpaceOut.root
100093,100093,0,91066,91066,0,87880,12213,87867,87867,0,0,636,87880,13,/home/ltf/project/github/PCT/data/simulation_data/results0717_s4_material_calibration_air_pilot/run_636/PhaseSpaceIn.root,/home/ltf/project/github/PCT/data/simulation_data/results0717_s4_material_calibration_air_pilot/run_636/PhaseSpaceOut.root
99884,99884,0,90837,90837,0,87662,12222,87645,87645,0,0,637,87662,17,/home/ltf/project/github/PCT/data/simulation_data/results0717_s4_material_calibration_air_pilot/run_637/PhaseSpaceIn.root,/home/ltf/project/github/PCT/data/simulation_data/results0717_s4_material_calibration_air_pilot/run_637/PhaseSpaceOut.root
100297,100297,0,91178,91178,0,88137,12160,88127,88127,0,0,638,88137,10,/home/ltf/project/github/PCT/data/simulation_data/results0717_s4_material_calibration_air_pilot/run_638/PhaseSpaceIn.root,/home/ltf/project/github/PCT/data/simulation_data/results0717_s4_material_calibration_air_pilot/run_638/PhaseSpaceOut.root
100781,100781,0,91691,91691,0,88588,12193,88574,88574,0,0,639,88588,14,/home/ltf/project/github/PCT/data/simulation_data/results0717_s4_material_calibration_air_pilot/run_639/PhaseSpaceIn.root,/home/ltf/project/github/PCT/data/simulation_data/results0717_s4_material_calibration_air_pilot/run_639/PhaseSpaceOut.root
99738,99738,0,90706,90706,0,87691,12047,87680,87680,0,0,640,87691,11,/home/ltf/project/github/PCT/data/simulation_data/results0717_s4_material_calibration_air_pilot/run_640/PhaseSpaceIn.root,/home/ltf/project/github/PCT/data/simulation_data/results0717_s4_material_calibration_air_pilot/run_640/PhaseSpaceOut.root
100447,100447,0,91445,91445,0,88267,12180,88260,88260,0,0,641,88267,7,/home/ltf/project/github/PCT/data/simulation_data/results0717_s4_material_calibration_air_pilot/run_641/PhaseSpaceIn.root,/home/ltf/project/github/PCT/data/simulation_data/results0717_s4_material_calibration_air_pilot/run_641/PhaseSpaceOut.root
100000,100000,0,90881,90881,0,87790,12210,87772,87772,0,0,642,87790,18,/home/ltf/project/github/PCT/data/simulation_data/results0717_s4_material_calibration_air_pilot/run_642/PhaseSpaceIn.root,/home/ltf/project/github/PCT/data/simulation_data/results0717_s4_material_calibration_air_pilot/run_642/PhaseSpaceOut.root
100001,100001,0,90908,90908,0,87752,12249,87737,87737,0,0,643,87752,15,/home/ltf/project/github/PCT/data/simulation_data/results0717_s4_material_calibration_air_pilot/run_643/PhaseSpaceIn.root,/home/ltf/project/github/PCT/data/simulation_data/results0717_s4_material_calibration_air_pilot/run_643/PhaseSpaceOut.root
99937,99937,0,90860,90860,0,87739,12198,87730,87730,0,0,644,87739,9,/home/ltf/project/github/PCT/data/simulation_data/results0717_s4_material_calibration_air_pilot/run_644/PhaseSpaceIn.root,/home/ltf/project/github/PCT/data/simulation_data/results0717_s4_material_calibration_air_pilot/run_644/PhaseSpaceOut.root
99840,99840,0,90787,90787,0,87676,12164,87659,87659,0,0,645,87676,17,/home/ltf/project/github/PCT/data/simulation_data/results0717_s4_material_calibration_air_pilot/run_645/PhaseSpaceIn.root,/home/ltf/project/github/PCT/data/simulation_data/results0717_s4_material_calibration_air_pilot/run_645/PhaseSpaceOut.root
100535,100535,0,91345,91345,0,88211,12324,88197,88197,0,0,646,88211,14,/home/ltf/project/github/PCT/data/simulation_data/results0717_s4_material_calibration_air_pilot/run_646/PhaseSpaceIn.root,/home/ltf/project/github/PCT/data/simulation_data/results0717_s4_material_calibration_air_pilot/run_646/PhaseSpaceOut.root
99915,99915,0,90769,90769,0,87670,12245,87662,87662,0,0,647,87670,8,/home/ltf/project/github/PCT/data/simulation_data/results0717_s4_material_calibration_air_pilot/run_647/PhaseSpaceIn.root,/home/ltf/project/github/PCT/data/simulation_data/results0717_s4_material_calibration_air_pilot/run_647/PhaseSpaceOut.root
99835,99835,0,90915,90915,0,87788,12047,87775,87775,0,0,648,87788,13,/home/ltf/project/github/PCT/data/simulation_data/results0717_s4_material_calibration_air_pilot/run_648/PhaseSpaceIn.root,/home/ltf/project/github/PCT/data/simulation_data/results0717_s4_material_calibration_air_pilot/run_648/PhaseSpaceOut.root
99820,99820,0,90605,90605,0,87411,12409,87402,87402,0,0,649,87411,9,/home/ltf/project/github/PCT/data/simulation_data/results0717_s4_material_calibration_air_pilot/run_649/PhaseSpaceIn.root,/home/ltf/project/github/PCT/data/simulation_data/results0717_s4_material_calibration_air_pilot/run_649/PhaseSpaceOut.root
100087,100087,0,90934,90934,0,87860,12227,87853,87853,0,0,650,87860,7,/home/ltf/project/github/PCT/data/simulation_data/results0717_s4_material_calibration_air_pilot/run_650/PhaseSpaceIn.root,/home/ltf/project/github/PCT/data/simulation_data/results0717_s4_material_calibration_air_pilot/run_650/PhaseSpaceOut.root
99887,99887,0,90825,90825,0,87735,12152,87720,87720,0,0,651,87735,15,/home/ltf/project/github/PCT/data/simulation_data/results0717_s4_material_calibration_air_pilot/run_651/PhaseSpaceIn.root,/home/ltf/project/github/PCT/data/simulation_data/results0717_s4_material_calibration_air_pilot/run_651/PhaseSpaceOut.root
100294,100294,0,91034,91034,0,87791,12503,87775,87775,0,0,652,87791,16,/home/ltf/project/github/PCT/data/simulation_data/results0717_s4_material_calibration_air_pilot/run_652/PhaseSpaceIn.root,/home/ltf/project/github/PCT/data/simulation_data/results0717_s4_material_calibration_air_pilot/run_652/PhaseSpaceOut.root
99506,99506,0,90511,90511,0,87496,12010,87486,87486,0,0,653,87496,10,/home/ltf/project/github/PCT/data/simulation_data/results0717_s4_material_calibration_air_pilot/run_653/PhaseSpaceIn.root,/home/ltf/project/github/PCT/data/simulation_data/results0717_s4_material_calibration_air_pilot/run_653/PhaseSpaceOut.root
100162,100162,0,90970,90969,1,87866,12296,87848,87848,0,0,654,87866,18,/home/ltf/project/github/PCT/data/simulation_data/results0717_s4_material_calibration_air_pilot/run_654/PhaseSpaceIn.root,/home/ltf/project/github/PCT/data/simulation_data/results0717_s4_material_calibration_air_pilot/run_654/PhaseSpaceOut.root
99800,99800,0,90598,90598,0,87512,12288,87497,87497,0,0,655,87512,15,/home/ltf/project/github/PCT/data/simulation_data/results0717_s4_material_calibration_air_pilot/run_655/PhaseSpaceIn.root,/home/ltf/project/github/PCT/data/simulation_data/results0717_s4_material_calibration_air_pilot/run_655/PhaseSpaceOut.root
99816,99816,0,90730,90730,0,87603,12213,87591,87591,0,0,656,87603,12,/home/ltf/project/github/PCT/data/simulation_data/results0717_s4_material_calibration_air_pilot/run_656/PhaseSpaceIn.root,/home/ltf/project/github/PCT/data/simulation_data/results0717_s4_material_calibration_air_pilot/run_656/PhaseSpaceOut.root
100337,100337,0,91185,91185,0,88105,12232,88089,88089,0,0,657,88105,16,/home/ltf/project/github/PCT/data/simulation_data/results0717_s4_material_calibration_air_pilot/run_657/PhaseSpaceIn.root,/home/ltf/project/github/PCT/data/simulation_data/results0717_s4_material_calibration_air_pilot/run_657/PhaseSpaceOut.root
100077,100077,0,90834,90834,0,87776,12301,87764,87764,0,0,658,87776,12,/home/ltf/project/github/PCT/data/simulation_data/results0717_s4_material_calibration_air_pilot/run_658/PhaseSpaceIn.root,/home/ltf/project/github/PCT/data/simulation_data/results0717_s4_material_calibration_air_pilot/run_658/PhaseSpaceOut.root
99917,99917,0,90852,90852,0,87740,12177,87725,87725,0,0,659,87740,15,/home/ltf/project/github/PCT/data/simulation_data/results0717_s4_material_calibration_air_pilot/run_659/PhaseSpaceIn.root,/home/ltf/project/github/PCT/data/simulation_data/results0717_s4_material_calibration_air_pilot/run_659/PhaseSpaceOut.root
100111,100111,0,90856,90856,0,87782,12329,87770,87770,0,0,660,87782,12,/home/ltf/project/github/PCT/data/simulation_data/results0717_s4_material_calibration_air_pilot/run_660/PhaseSpaceIn.root,/home/ltf/project/github/PCT/data/simulation_data/results0717_s4_material_calibration_air_pilot/run_660/PhaseSpaceOut.root
100531,100531,0,91290,91290,0,88160,12371,88145,88145,0,0,661,88160,15,/home/ltf/project/github/PCT/data/simulation_data/results0717_s4_material_calibration_air_pilot/run_661/PhaseSpaceIn.root,/home/ltf/project/github/PCT/data/simulation_data/results0717_s4_material_calibration_air_pilot/run_661/PhaseSpaceOut.root
99864,99864,0,90764,90764,0,87689,12175,87671,87671,0,0,662,87689,18,/home/ltf/project/github/PCT/data/simulation_data/results0717_s4_material_calibration_air_pilot/run_662/PhaseSpaceIn.root,/home/ltf/project/github/PCT/data/simulation_data/results0717_s4_material_calibration_air_pilot/run_662/PhaseSpaceOut.root
100031,100031,0,90868,90868,0,87752,12279,87744,87744,0,0,663,87752,8,/home/ltf/project/github/PCT/data/simulation_data/results0717_s4_material_calibration_air_pilot/run_663/PhaseSpaceIn.root,/home/ltf/project/github/PCT/data/simulation_data/results0717_s4_material_calibration_air_pilot/run_663/PhaseSpaceOut.root
99930,99930,0,90810,90810,0,87779,12151,87771,87771,0,0,664,87779,8,/home/ltf/project/github/PCT/data/simulation_data/results0717_s4_material_calibration_air_pilot/run_664/PhaseSpaceIn.root,/home/ltf/project/github/PCT/data/simulation_data/results0717_s4_material_calibration_air_pilot/run_664/PhaseSpaceOut.root
100435,100435,0,91326,91326,0,88227,12208,88215,88215,0,0,665,88227,12,/home/ltf/project/github/PCT/data/simulation_data/results0717_s4_material_calibration_air_pilot/run_665/PhaseSpaceIn.root,/home/ltf/project/github/PCT/data/simulation_data/results0717_s4_material_calibration_air_pilot/run_665/PhaseSpaceOut.root
99872,99872,0,90794,90794,0,87681,12191,87670,87670,0,0,666,87681,11,/home/ltf/project/github/PCT/data/simulation_data/results0717_s4_material_calibration_air_pilot/run_666/PhaseSpaceIn.root,/home/ltf/project/github/PCT/data/simulation_data/results0717_s4_material_calibration_air_pilot/run_666/PhaseSpaceOut.root
100322,100321,1,91089,91089,0,87942,12379,87928,87928,0,0,667,87942,14,/home/ltf/project/github/PCT/data/simulation_data/results0717_s4_material_calibration_air_pilot/run_667/PhaseSpaceIn.root,/home/ltf/project/github/PCT/data/simulation_data/results0717_s4_material_calibration_air_pilot/run_667/PhaseSpaceOut.root
100411,100411,0,91360,91360,0,88310,12101,88299,88299,0,0,668,88310,11,/home/ltf/project/github/PCT/data/simulation_data/results0717_s4_material_calibration_air_pilot/run_668/PhaseSpaceIn.root,/home/ltf/project/github/PCT/data/simulation_data/results0717_s4_material_calibration_air_pilot/run_668/PhaseSpaceOut.root
99723,99723,0,90615,90615,0,87505,12218,87491,87491,0,0,669,87505,14,/home/ltf/project/github/PCT/data/simulation_data/results0717_s4_material_calibration_air_pilot/run_669/PhaseSpaceIn.root,/home/ltf/project/github/PCT/data/simulation_data/results0717_s4_material_calibration_air_pilot/run_669/PhaseSpaceOut.root
99614,99614,0,90547,90547,0,87520,12094,87511,87511,0,0,670,87520,9,/home/ltf/project/github/PCT/data/simulation_data/results0717_s4_material_calibration_air_pilot/run_670/PhaseSpaceIn.root,/home/ltf/project/github/PCT/data/simulation_data/results0717_s4_material_calibration_air_pilot/run_670/PhaseSpaceOut.root
100381,100381,0,91196,91196,0,87992,12389,87986,87986,0,0,671,87992,6,/home/ltf/project/github/PCT/data/simulation_data/results0717_s4_material_calibration_air_pilot/run_671/PhaseSpaceIn.root,/home/ltf/project/github/PCT/data/simulation_data/results0717_s4_material_calibration_air_pilot/run_671/PhaseSpaceOut.root
100253,100253,0,91178,91178,0,88176,12077,88158,88158,0,0,672,88176,18,/home/ltf/project/github/PCT/data/simulation_data/results0717_s4_material_calibration_air_pilot/run_672/PhaseSpaceIn.root,/home/ltf/project/github/PCT/data/simulation_data/results0717_s4_material_calibration_air_pilot/run_672/PhaseSpaceOut.root
100123,100122,1,90981,90981,0,88015,12107,88001,88001,0,0,673,88015,14,/home/ltf/project/github/PCT/data/simulation_data/results0717_s4_material_calibration_air_pilot/run_673/PhaseSpaceIn.root,/home/ltf/project/github/PCT/data/simulation_data/results0717_s4_material_calibration_air_pilot/run_673/PhaseSpaceOut.root
100376,100376,0,91287,91287,0,88227,12149,88213,88213,0,0,674,88227,14,/home/ltf/project/github/PCT/data/simulation_data/results0717_s4_material_calibration_air_pilot/run_674/PhaseSpaceIn.root,/home/ltf/project/github/PCT/data/simulation_data/results0717_s4_material_calibration_air_pilot/run_674/PhaseSpaceOut.root
99900,99900,0,90793,90793,0,87645,12255,87632,87632,0,0,675,87645,13,/home/ltf/project/github/PCT/data/simulation_data/results0717_s4_material_calibration_air_pilot/run_675/PhaseSpaceIn.root,/home/ltf/project/github/PCT/data/simulation_data/results0717_s4_material_calibration_air_pilot/run_675/PhaseSpaceOut.root
100546,100546,0,91101,91101,0,87951,12595,87935,87935,0,0,676,87951,16,/home/ltf/project/github/PCT/data/simulation_data/results0717_s4_material_calibration_air_pilot/run_676/PhaseSpaceIn.root,/home/ltf/project/github/PCT/data/simulation_data/results0717_s4_material_calibration_air_pilot/run_676/PhaseSpaceOut.root
100248,100248,0,90997,90997,0,87863,12385,87850,87850,0,0,677,87863,13,/home/ltf/project/github/PCT/data/simulation_data/results0717_s4_material_calibration_air_pilot/run_677/PhaseSpaceIn.root,/home/ltf/project/github/PCT/data/simulation_data/results0717_s4_material_calibration_air_pilot/run_677/PhaseSpaceOut.root
99524,99524,0,90500,90500,0,87496,12028,87486,87486,0,0,678,87496,10,/home/ltf/project/github/PCT/data/simulation_data/results0717_s4_material_calibration_air_pilot/run_678/PhaseSpaceIn.root,/home/ltf/project/github/PCT/data/simulation_data/results0717_s4_material_calibration_air_pilot/run_678/PhaseSpaceOut.root
100010,100009,1,90906,90906,0,87775,12234,87761,87761,0,0,679,87775,14,/home/ltf/project/github/PCT/data/simulation_data/results0717_s4_material_calibration_air_pilot/run_679/PhaseSpaceIn.root,/home/ltf/project/github/PCT/data/simulation_data/results0717_s4_material_calibration_air_pilot/run_679/PhaseSpaceOut.root
99722,99722,0,90841,90841,0,87786,11936,87774,87774,0,0,680,87786,12,/home/ltf/project/github/PCT/data/simulation_data/results0717_s4_material_calibration_air_pilot/run_680/PhaseSpaceIn.root,/home/ltf/project/github/PCT/data/simulation_data/results0717_s4_material_calibration_air_pilot/run_680/PhaseSpaceOut.root
99919,99919,0,90804,90804,0,87753,12166,87741,87741,0,0,681,87753,12,/home/ltf/project/github/PCT/data/simulation_data/results0717_s4_material_calibration_air_pilot/run_681/PhaseSpaceIn.root,/home/ltf/project/github/PCT/data/simulation_data/results0717_s4_material_calibration_air_pilot/run_681/PhaseSpaceOut.root
100436,100436,0,91191,91191,0,88157,12279,88146,88146,0,0,682,88157,11,/home/ltf/project/github/PCT/data/simulation_data/results0717_s4_material_calibration_air_pilot/run_682/PhaseSpaceIn.root,/home/ltf/project/github/PCT/data/simulation_data/results0717_s4_material_calibration_air_pilot/run_682/PhaseSpaceOut.root
99343,99343,0,90290,90290,0,87185,12158,87172,87172,0,0,683,87185,13,/home/ltf/project/github/PCT/data/simulation_data/results0717_s4_material_calibration_air_pilot/run_683/PhaseSpaceIn.root,/home/ltf/project/github/PCT/data/simulation_data/results0717_s4_material_calibration_air_pilot/run_683/PhaseSpaceOut.root
100208,100208,0,91093,91092,1,87884,12324,87875,87875,0,0,684,87884,9,/home/ltf/project/github/PCT/data/simulation_data/results0717_s4_material_calibration_air_pilot/run_684/PhaseSpaceIn.root,/home/ltf/project/github/PCT/data/simulation_data/results0717_s4_material_calibration_air_pilot/run_684/PhaseSpaceOut.root
100098,100098,0,90901,90901,0,87862,12236,87854,87854,0,0,685,87862,8,/home/ltf/project/github/PCT/data/simulation_data/results0717_s4_material_calibration_air_pilot/run_685/PhaseSpaceIn.root,/home/ltf/project/github/PCT/data/simulation_data/results0717_s4_material_calibration_air_pilot/run_685/PhaseSpaceOut.root
99553,99553,0,90496,90496,0,87471,12082,87452,87452,0,0,686,87471,19,/home/ltf/project/github/PCT/data/simulation_data/results0717_s4_material_calibration_air_pilot/run_686/PhaseSpaceIn.root,/home/ltf/project/github/PCT/data/simulation_data/results0717_s4_material_calibration_air_pilot/run_686/PhaseSpaceOut.root
100200,100200,0,91016,91015,1,87779,12421,87763,87763,0,0,687,87779,16,/home/ltf/project/github/PCT/data/simulation_data/results0717_s4_material_calibration_air_pilot/run_687/PhaseSpaceIn.root,/home/ltf/project/github/PCT/data/simulation_data/results0717_s4_material_calibration_air_pilot/run_687/PhaseSpaceOut.root
100426,100426,0,91256,91256,0,88058,12368,88052,88052,0,0,688,88058,6,/home/ltf/project/github/PCT/data/simulation_data/results0717_s4_material_calibration_air_pilot/run_688/PhaseSpaceIn.root,/home/ltf/project/github/PCT/data/simulation_data/results0717_s4_material_calibration_air_pilot/run_688/PhaseSpaceOut.root
100364,100364,0,91258,91258,0,88219,12145,88209,88209,0,0,689,88219,10,/home/ltf/project/github/PCT/data/simulation_data/results0717_s4_material_calibration_air_pilot/run_689/PhaseSpaceIn.root,/home/ltf/project/github/PCT/data/simulation_data/results0717_s4_material_calibration_air_pilot/run_689/PhaseSpaceOut.root
100439,100439,0,91132,91131,1,88123,12316,88112,88112,0,0,690,88123,11,/home/ltf/project/github/PCT/data/simulation_data/results0717_s4_material_calibration_air_pilot/run_690/PhaseSpaceIn.root,/home/ltf/project/github/PCT/data/simulation_data/results0717_s4_material_calibration_air_pilot/run_690/PhaseSpaceOut.root
99993,99993,0,90965,90965,0,87955,12038,87942,87942,0,0,691,87955,13,/home/ltf/project/github/PCT/data/simulation_data/results0717_s4_material_calibration_air_pilot/run_691/PhaseSpaceIn.root,/home/ltf/project/github/PCT/data/simulation_data/results0717_s4_material_calibration_air_pilot/run_691/PhaseSpaceOut.root
100031,100031,0,90874,90874,0,87810,12221,87795,87795,0,0,692,87810,15,/home/ltf/project/github/PCT/data/simulation_data/results0717_s4_material_calibration_air_pilot/run_692/PhaseSpaceIn.root,/home/ltf/project/github/PCT/data/simulation_data/results0717_s4_material_calibration_air_pilot/run_692/PhaseSpaceOut.root
99766,99766,0,90754,90754,0,87756,12010,87742,87742,0,0,693,87756,14,/home/ltf/project/github/PCT/data/simulation_data/results0717_s4_material_calibration_air_pilot/run_693/PhaseSpaceIn.root,/home/ltf/project/github/PCT/data/simulation_data/results0717_s4_material_calibration_air_pilot/run_693/PhaseSpaceOut.root
100060,100060,0,90934,90934,0,87929,12131,87916,87916,0,0,694,87929,13,/home/ltf/project/github/PCT/data/simulation_data/results0717_s4_material_calibration_air_pilot/run_694/PhaseSpaceIn.root,/home/ltf/project/github/PCT/data/simulation_data/results0717_s4_material_calibration_air_pilot/run_694/PhaseSpaceOut.root
99968,99968,0,90927,90927,0,87769,12199,87754,87754,0,0,695,87769,15,/home/ltf/project/github/PCT/data/simulation_data/results0717_s4_material_calibration_air_pilot/run_695/PhaseSpaceIn.root,/home/ltf/project/github/PCT/data/simulation_data/results0717_s4_material_calibration_air_pilot/run_695/PhaseSpaceOut.root
99612,99612,0,90546,90546,0,87506,12106,87491,87491,0,0,696,87506,15,/home/ltf/project/github/PCT/data/simulation_data/results0717_s4_material_calibration_air_pilot/run_696/PhaseSpaceIn.root,/home/ltf/project/github/PCT/data/simulation_data/results0717_s4_material_calibration_air_pilot/run_696/PhaseSpaceOut.root
100184,100184,0,90914,90914,0,87810,12374,87798,87798,0,0,697,87810,12,/home/ltf/project/github/PCT/data/simulation_data/results0717_s4_material_calibration_air_pilot/run_697/PhaseSpaceIn.root,/home/ltf/project/github/PCT/data/simulation_data/results0717_s4_material_calibration_air_pilot/run_697/PhaseSpaceOut.root
100170,100169,1,90967,90967,0,87977,12192,87961,87961,0,0,698,87977,16,/home/ltf/project/github/PCT/data/simulation_data/results0717_s4_material_calibration_air_pilot/run_698/PhaseSpaceIn.root,/home/ltf/project/github/PCT/data/simulation_data/results0717_s4_material_calibration_air_pilot/run_698/PhaseSpaceOut.root
99772,99772,0,90647,90647,0,87527,12245,87513,87513,0,0,699,87527,14,/home/ltf/project/github/PCT/data/simulation_data/results0717_s4_material_calibration_air_pilot/run_699/PhaseSpaceIn.root,/home/ltf/project/github/PCT/data/simulation_data/results0717_s4_material_calibration_air_pilot/run_699/PhaseSpaceOut.root
99765,99765,0,90593,90593,0,87530,12235,87516,87516,0,0,700,87530,14,/home/ltf/project/github/PCT/data/simulation_data/results0717_s4_material_calibration_air_pilot/run_700/PhaseSpaceIn.root,/home/ltf/project/github/PCT/data/simulation_data/results0717_s4_material_calibration_air_pilot/run_700/PhaseSpaceOut.root
99836,99836,0,90600,90600,0,87482,12354,87461,87461,0,0,701,87482,21,/home/ltf/project/github/PCT/data/simulation_data/results0717_s4_material_calibration_air_pilot/run_701/PhaseSpaceIn.root,/home/ltf/project/github/PCT/data/simulation_data/results0717_s4_material_calibration_air_pilot/run_701/PhaseSpaceOut.root
99755,99755,0,90545,90545,0,87456,12299,87438,87438,0,0,702,87456,18,/home/ltf/project/github/PCT/data/simulation_data/results0717_s4_material_calibration_air_pilot/run_702/PhaseSpaceIn.root,/home/ltf/project/github/PCT/data/simulation_data/results0717_s4_material_calibration_air_pilot/run_702/PhaseSpaceOut.root
99736,99736,0,90708,90708,0,87589,12147,87579,87579,0,0,703,87589,10,/home/ltf/project/github/PCT/data/simulation_data/results0717_s4_material_calibration_air_pilot/run_703/PhaseSpaceIn.root,/home/ltf/project/github/PCT/data/simulation_data/results0717_s4_material_calibration_air_pilot/run_703/PhaseSpaceOut.root
100175,100175,0,90967,90967,0,87982,12193,87975,87975,0,0,704,87982,7,/home/ltf/project/github/PCT/data/simulation_data/results0717_s4_material_calibration_air_pilot/run_704/PhaseSpaceIn.root,/home/ltf/project/github/PCT/data/simulation_data/results0717_s4_material_calibration_air_pilot/run_704/PhaseSpaceOut.root
99449,99449,0,90467,90467,0,87342,12107,87327,87327,0,0,705,87342,15,/home/ltf/project/github/PCT/data/simulation_data/results0717_s4_material_calibration_air_pilot/run_705/PhaseSpaceIn.root,/home/ltf/project/github/PCT/data/simulation_data/results0717_s4_material_calibration_air_pilot/run_705/PhaseSpaceOut.root
99841,99841,0,90684,90684,0,87588,12253,87574,87574,0,0,706,87588,14,/home/ltf/project/github/PCT/data/simulation_data/results0717_s4_material_calibration_air_pilot/run_706/PhaseSpaceIn.root,/home/ltf/project/github/PCT/data/simulation_data/results0717_s4_material_calibration_air_pilot/run_706/PhaseSpaceOut.root
100175,100175,0,90958,90958,0,87876,12299,87866,87866,0,0,707,87876,10,/home/ltf/project/github/PCT/data/simulation_data/results0717_s4_material_calibration_air_pilot/run_707/PhaseSpaceIn.root,/home/ltf/project/github/PCT/data/simulation_data/results0717_s4_material_calibration_air_pilot/run_707/PhaseSpaceOut.root
100277,100277,0,90996,90996,0,87884,12393,87868,87868,0,0,708,87884,16,/home/ltf/project/github/PCT/data/simulation_data/results0717_s4_material_calibration_air_pilot/run_708/PhaseSpaceIn.root,/home/ltf/project/github/PCT/data/simulation_data/results0717_s4_material_calibration_air_pilot/run_708/PhaseSpaceOut.root
100308,100308,0,91196,91196,0,88127,12181,88114,88114,0,0,709,88127,13,/home/ltf/project/github/PCT/data/simulation_data/results0717_s4_material_calibration_air_pilot/run_709/PhaseSpaceIn.root,/home/ltf/project/github/PCT/data/simulation_data/results0717_s4_material_calibration_air_pilot/run_709/PhaseSpaceOut.root
99760,99760,0,90617,90617,0,87693,12067,87679,87679,0,0,710,87693,14,/home/ltf/project/github/PCT/data/simulation_data/results0717_s4_material_calibration_air_pilot/run_710/PhaseSpaceIn.root,/home/ltf/project/github/PCT/data/simulation_data/results0717_s4_material_calibration_air_pilot/run_710/PhaseSpaceOut.root
100387,100387,0,91119,91119,0,88199,12188,88186,88186,0,0,711,88199,13,/home/ltf/project/github/PCT/data/simulation_data/results0717_s4_material_calibration_air_pilot/run_711/PhaseSpaceIn.root,/home/ltf/project/github/PCT/data/simulation_data/results0717_s4_material_calibration_air_pilot/run_711/PhaseSpaceOut.root
100264,100264,0,91050,91050,0,87932,12332,87922,87922,0,0,712,87932,10,/home/ltf/project/github/PCT/data/simulation_data/results0717_s4_material_calibration_air_pilot/run_712/PhaseSpaceIn.root,/home/ltf/project/github/PCT/data/simulation_data/results0717_s4_material_calibration_air_pilot/run_712/PhaseSpaceOut.root
99848,99848,0,90787,90787,0,87691,12157,87679,87679,0,0,713,87691,12,/home/ltf/project/github/PCT/data/simulation_data/results0717_s4_material_calibration_air_pilot/run_713/PhaseSpaceIn.root,/home/ltf/project/github/PCT/data/simulation_data/results0717_s4_material_calibration_air_pilot/run_713/PhaseSpaceOut.root
99852,99852,0,90682,90682,0,87669,12183,87653,87653,0,0,714,87669,16,/home/ltf/project/github/PCT/data/simulation_data/results0717_s4_material_calibration_air_pilot/run_714/PhaseSpaceIn.root,/home/ltf/project/github/PCT/data/simulation_data/results0717_s4_material_calibration_air_pilot/run_714/PhaseSpaceOut.root
99669,99669,0,90511,90511,0,87354,12315,87341,87341,0,0,715,87354,13,/home/ltf/project/github/PCT/data/simulation_data/results0717_s4_material_calibration_air_pilot/run_715/PhaseSpaceIn.root,/home/ltf/project/github/PCT/data/simulation_data/results0717_s4_material_calibration_air_pilot/run_715/PhaseSpaceOut.root
100755,100755,0,91343,91343,0,88131,12624,88123,88123,0,0,716,88131,8,/home/ltf/project/github/PCT/data/simulation_data/results0717_s4_material_calibration_air_pilot/run_716/PhaseSpaceIn.root,/home/ltf/project/github/PCT/data/simulation_data/results0717_s4_material_calibration_air_pilot/run_716/PhaseSpaceOut.root
100281,100281,0,91167,91167,0,88027,12254,88018,88018,0,0,717,88027,9,/home/ltf/project/github/PCT/data/simulation_data/results0717_s4_material_calibration_air_pilot/run_717/PhaseSpaceIn.root,/home/ltf/project/github/PCT/data/simulation_data/results0717_s4_material_calibration_air_pilot/run_717/PhaseSpaceOut.root
99594,99594,0,90481,90481,0,87435,12159,87424,87424,0,0,718,87435,11,/home/ltf/project/github/PCT/data/simulation_data/results0717_s4_material_calibration_air_pilot/run_718/PhaseSpaceIn.root,/home/ltf/project/github/PCT/data/simulation_data/results0717_s4_material_calibration_air_pilot/run_718/PhaseSpaceOut.root
99231,99231,0,90235,90235,0,87272,11959,87259,87259,0,0,719,87272,13,/home/ltf/project/github/PCT/data/simulation_data/results0717_s4_material_calibration_air_pilot/run_719/PhaseSpaceIn.root,/home/ltf/project/github/PCT/data/simulation_data/results0717_s4_material_calibration_air_pilot/run_719/PhaseSpaceOut.root
