input_rows,input_unique_merge_keys,input_duplicates_removed,output_rows,output_unique_run_event_track_keys,output_duplicate_run_event_track_rows,matched_input_merge_keys,unmatched_input_merge_keys,pairs,primary_pairs,secondary_pairs,local_run_id,run_id,input_in,input_out
100068,100068,0,91092,91092,0,87852,12216,87852,87852,0,0,0,/home/ltf/project/github/PCT/data/simulation_data/results0717_s2_water_vacuum_pilot/run_000/PhaseSpaceIn.root,/home/ltf/project/github/PCT/data/simulation_data/results0717_s2_water_vacuum_pilot/run_000/PhaseSpaceOut.root
99579,99579,0,90748,90748,0,87597,11982,87597,87597,0,0,1,/home/ltf/project/github/PCT/data/simulation_data/results0717_s2_water_vacuum_pilot/run_001/PhaseSpaceIn.root,/home/ltf/project/github/PCT/data/simulation_data/results0717_s2_water_vacuum_pilot/run_001/PhaseSpaceOut.root
99595,99595,0,90701,90701,0,87639,11956,87639,87639,0,0,2,/home/ltf/project/github/PCT/data/simulation_data/results0717_s2_water_vacuum_pilot/run_002/PhaseSpaceIn.root,/home/ltf/project/github/PCT/data/simulation_data/results0717_s2_water_vacuum_pilot/run_002/PhaseSpaceOut.root
100523,100523,0,91414,91414,0,88316,12207,88316,88316,0,0,3,/home/ltf/project/github/PCT/data/simulation_data/results0717_s2_water_vacuum_pilot/run_003/PhaseSpaceIn.root,/home/ltf/project/github/PCT/data/simulation_data/results0717_s2_water_vacuum_pilot/run_003/PhaseSpaceOut.root
99860,99860,0,90814,90814,0,87705,12155,87705,87705,0,0,4,/home/ltf/project/github/PCT/data/simulation_data/results0717_s2_water_vacuum_pilot/run_004/PhaseSpaceIn.root,/home/ltf/project/github/PCT/data/simulation_data/results0717_s2_water_vacuum_pilot/run_004/PhaseSpaceOut.root
100144,100144,0,91068,91068,0,87936,12208,87936,87936,0,0,5,/home/ltf/project/github/PCT/data/simulation_data/results0717_s2_water_vacuum_pilot/run_005/PhaseSpaceIn.root,/home/ltf/project/github/PCT/data/simulation_data/results0717_s2_water_vacuum_pilot/run_005/PhaseSpaceOut.root
99750,99750,0,90740,90740,0,87565,12185,87565,87565,0,0,6,/home/ltf/project/github/PCT/data/simulation_data/results0717_s2_water_vacuum_pilot/run_006/PhaseSpaceIn.root,/home/ltf/project/github/PCT/data/simulation_data/results0717_s2_water_vacuum_pilot/run_006/PhaseSpaceOut.root
99705,99705,0,90753,90753,0,87663,12042,87663,87663,0,0,7,/home/ltf/project/github/PCT/data/simulation_data/results0717_s2_water_vacuum_pilot/run_007/PhaseSpaceIn.root,/home/ltf/project/github/PCT/data/simulation_data/results0717_s2_water_vacuum_pilot/run_007/PhaseSpaceOut.root
100143,100143,0,91247,91247,0,88075,12068,88075,88075,0,0,8,/home/ltf/project/github/PCT/data/simulation_data/results0717_s2_water_vacuum_pilot/run_008/PhaseSpaceIn.root,/home/ltf/project/github/PCT/data/simulation_data/results0717_s2_water_vacuum_pilot/run_008/PhaseSpaceOut.root
100196,100196,0,91109,91109,0,87965,12231,87965,87965,0,0,9,/home/ltf/project/github/PCT/data/simulation_data/results0717_s2_water_vacuum_pilot/run_009/PhaseSpaceIn.root,/home/ltf/project/github/PCT/data/simulation_data/results0717_s2_water_vacuum_pilot/run_009/PhaseSpaceOut.root
100033,100033,0,90988,90988,0,87825,12208,87825,87825,0,0,10,/home/ltf/project/github/PCT/data/simulation_data/results0717_s2_water_vacuum_pilot/run_010/PhaseSpaceIn.root,/home/ltf/project/github/PCT/data/simulation_data/results0717_s2_water_vacuum_pilot/run_010/PhaseSpaceOut.root
100170,100170,0,91179,91179,0,88069,12101,88069,88069,0,0,11,/home/ltf/project/github/PCT/data/simulation_data/results0717_s2_water_vacuum_pilot/run_011/PhaseSpaceIn.root,/home/ltf/project/github/PCT/data/simulation_data/results0717_s2_water_vacuum_pilot/run_011/PhaseSpaceOut.root
99662,99662,0,90586,90586,0,87478,12184,87478,87478,0,0,12,/home/ltf/project/github/PCT/data/simulation_data/results0717_s2_water_vacuum_pilot/run_012/PhaseSpaceIn.root,/home/ltf/project/github/PCT/data/simulation_data/results0717_s2_water_vacuum_pilot/run_012/PhaseSpaceOut.root
100190,100190,0,91171,91171,0,88046,12144,88046,88046,0,0,13,/home/ltf/project/github/PCT/data/simulation_data/results0717_s2_water_vacuum_pilot/run_013/PhaseSpaceIn.root,/home/ltf/project/github/PCT/data/simulation_data/results0717_s2_water_vacuum_pilot/run_013/PhaseSpaceOut.root
100269,100269,0,91130,91130,0,87967,12302,87967,87967,0,0,14,/home/ltf/project/github/PCT/data/simulation_data/results0717_s2_water_vacuum_pilot/run_014/PhaseSpaceIn.root,/home/ltf/project/github/PCT/data/simulation_data/results0717_s2_water_vacuum_pilot/run_014/PhaseSpaceOut.root
100369,100369,0,91533,91533,0,88337,12032,88337,88337,0,0,15,/home/ltf/project/github/PCT/data/simulation_data/results0717_s2_water_vacuum_pilot/run_015/PhaseSpaceIn.root,/home/ltf/project/github/PCT/data/simulation_data/results0717_s2_water_vacuum_pilot/run_015/PhaseSpaceOut.root
99795,99795,0,90831,90831,0,87700,12095,87700,87700,0,0,16,/home/ltf/project/github/PCT/data/simulation_data/results0717_s2_water_vacuum_pilot/run_016/PhaseSpaceIn.root,/home/ltf/project/github/PCT/data/simulation_data/results0717_s2_water_vacuum_pilot/run_016/PhaseSpaceOut.root
100421,100421,0,91468,91468,0,88310,12111,88310,88310,0,0,17,/home/ltf/project/github/PCT/data/simulation_data/results0717_s2_water_vacuum_pilot/run_017/PhaseSpaceIn.root,/home/ltf/project/github/PCT/data/simulation_data/results0717_s2_water_vacuum_pilot/run_017/PhaseSpaceOut.root
99855,99855,0,90802,90802,0,87654,12201,87654,87654,0,0,18,/home/ltf/project/github/PCT/data/simulation_data/results0717_s2_water_vacuum_pilot/run_018/PhaseSpaceIn.root,/home/ltf/project/github/PCT/data/simulation_data/results0717_s2_water_vacuum_pilot/run_018/PhaseSpaceOut.root
100700,100700,0,91495,91495,0,88455,12245,88455,88455,0,0,19,/home/ltf/project/github/PCT/data/simulation_data/results0717_s2_water_vacuum_pilot/run_019/PhaseSpaceIn.root,/home/ltf/project/github/PCT/data/simulation_data/results0717_s2_water_vacuum_pilot/run_019/PhaseSpaceOut.root
100145,100145,0,91094,91094,0,87884,12261,87884,87884,0,0,20,/home/ltf/project/github/PCT/data/simulation_data/results0717_s2_water_vacuum_pilot/run_020/PhaseSpaceIn.root,/home/ltf/project/github/PCT/data/simulation_data/results0717_s2_water_vacuum_pilot/run_020/PhaseSpaceOut.root
100162,100162,0,91211,91211,0,88091,12071,88091,88091,0,0,21,/home/ltf/project/github/PCT/data/simulation_data/results0717_s2_water_vacuum_pilot/run_021/PhaseSpaceIn.root,/home/ltf/project/github/PCT/data/simulation_data/results0717_s2_water_vacuum_pilot/run_021/PhaseSpaceOut.root
99929,99929,0,90898,90898,0,87785,12144,87785,87785,0,0,22,/home/ltf/project/github/PCT/data/simulation_data/results0717_s2_water_vacuum_pilot/run_022/PhaseSpaceIn.root,/home/ltf/project/github/PCT/data/simulation_data/results0717_s2_water_vacuum_pilot/run_022/PhaseSpaceOut.root
100036,100036,0,91003,91003,0,87919,12117,87919,87919,0,0,23,/home/ltf/project/github/PCT/data/simulation_data/results0717_s2_water_vacuum_pilot/run_023/PhaseSpaceIn.root,/home/ltf/project/github/PCT/data/simulation_data/results0717_s2_water_vacuum_pilot/run_023/PhaseSpaceOut.root
100191,100191,0,91278,91278,0,88089,12102,88089,88089,0,0,24,/home/ltf/project/github/PCT/data/simulation_data/results0717_s2_water_vacuum_pilot/run_024/PhaseSpaceIn.root,/home/ltf/project/github/PCT/data/simulation_data/results0717_s2_water_vacuum_pilot/run_024/PhaseSpaceOut.root
100609,100609,0,91602,91602,0,88418,12191,88418,88418,0,0,25,/home/ltf/project/github/PCT/data/simulation_data/results0717_s2_water_vacuum_pilot/run_025/PhaseSpaceIn.root,/home/ltf/project/github/PCT/data/simulation_data/results0717_s2_water_vacuum_pilot/run_025/PhaseSpaceOut.root
100036,100036,0,91122,91122,0,87922,12114,87922,87922,0,0,26,/home/ltf/project/github/PCT/data/simulation_data/results0717_s2_water_vacuum_pilot/run_026/PhaseSpaceIn.root,/home/ltf/project/github/PCT/data/simulation_data/results0717_s2_water_vacuum_pilot/run_026/PhaseSpaceOut.root
100012,100012,0,90853,90853,0,87677,12335,87677,87677,0,0,27,/home/ltf/project/github/PCT/data/simulation_data/results0717_s2_water_vacuum_pilot/run_027/PhaseSpaceIn.root,/home/ltf/project/github/PCT/data/simulation_data/results0717_s2_water_vacuum_pilot/run_027/PhaseSpaceOut.root
100177,100177,0,91153,91153,0,87989,12188,87989,87989,0,0,28,/home/ltf/project/github/PCT/data/simulation_data/results0717_s2_water_vacuum_pilot/run_028/PhaseSpaceIn.root,/home/ltf/project/github/PCT/data/simulation_data/results0717_s2_water_vacuum_pilot/run_028/PhaseSpaceOut.root
99855,99855,0,91020,91020,0,87992,11863,87992,87992,0,0,29,/home/ltf/project/github/PCT/data/simulation_data/results0717_s2_water_vacuum_pilot/run_029/PhaseSpaceIn.root,/home/ltf/project/github/PCT/data/simulation_data/results0717_s2_water_vacuum_pilot/run_029/PhaseSpaceOut.root
100514,100514,0,91509,91509,0,88401,12113,88401,88401,0,0,30,/home/ltf/project/github/PCT/data/simulation_data/results0717_s2_water_vacuum_pilot/run_030/PhaseSpaceIn.root,/home/ltf/project/github/PCT/data/simulation_data/results0717_s2_water_vacuum_pilot/run_030/PhaseSpaceOut.root
99753,99753,0,90855,90855,0,87687,12066,87687,87687,0,0,31,/home/ltf/project/github/PCT/data/simulation_data/results0717_s2_water_vacuum_pilot/run_031/PhaseSpaceIn.root,/home/ltf/project/github/PCT/data/simulation_data/results0717_s2_water_vacuum_pilot/run_031/PhaseSpaceOut.root
100166,100166,0,90990,90990,0,87854,12312,87854,87854,0,0,32,/home/ltf/project/github/PCT/data/simulation_data/results0717_s2_water_vacuum_pilot/run_032/PhaseSpaceIn.root,/home/ltf/project/github/PCT/data/simulation_data/results0717_s2_water_vacuum_pilot/run_032/PhaseSpaceOut.root
100685,100685,0,91681,91681,0,88492,12193,88492,88492,0,0,33,/home/ltf/project/github/PCT/data/simulation_data/results0717_s2_water_vacuum_pilot/run_033/PhaseSpaceIn.root,/home/ltf/project/github/PCT/data/simulation_data/results0717_s2_water_vacuum_pilot/run_033/PhaseSpaceOut.root
99957,99957,0,90955,90955,0,87821,12136,87821,87821,0,0,34,/home/ltf/project/github/PCT/data/simulation_data/results0717_s2_water_vacuum_pilot/run_034/PhaseSpaceIn.root,/home/ltf/project/github/PCT/data/simulation_data/results0717_s2_water_vacuum_pilot/run_034/PhaseSpaceOut.root
99905,99905,0,90948,90948,0,87768,12137,87768,87768,0,0,35,/home/ltf/project/github/PCT/data/simulation_data/results0717_s2_water_vacuum_pilot/run_035/PhaseSpaceIn.root,/home/ltf/project/github/PCT/data/simulation_data/results0717_s2_water_vacuum_pilot/run_035/PhaseSpaceOut.root
100011,100011,0,90979,90979,0,87965,12046,87965,87965,0,0,36,/home/ltf/project/github/PCT/data/simulation_data/results0717_s2_water_vacuum_pilot/run_036/PhaseSpaceIn.root,/home/ltf/project/github/PCT/data/simulation_data/results0717_s2_water_vacuum_pilot/run_036/PhaseSpaceOut.root
99888,99888,0,90944,90944,0,87844,12044,87844,87844,0,0,37,/home/ltf/project/github/PCT/data/simulation_data/results0717_s2_water_vacuum_pilot/run_037/PhaseSpaceIn.root,/home/ltf/project/github/PCT/data/simulation_data/results0717_s2_water_vacuum_pilot/run_037/PhaseSpaceOut.root
100273,100273,0,91212,91212,0,88143,12130,88143,88143,0,0,38,/home/ltf/project/github/PCT/data/simulation_data/results0717_s2_water_vacuum_pilot/run_038/PhaseSpaceIn.root,/home/ltf/project/github/PCT/data/simulation_data/results0717_s2_water_vacuum_pilot/run_038/PhaseSpaceOut.root
99988,99988,0,91192,91192,0,88020,11968,88020,88020,0,0,39,/home/ltf/project/github/PCT/data/simulation_data/results0717_s2_water_vacuum_pilot/run_039/PhaseSpaceIn.root,/home/ltf/project/github/PCT/data/simulation_data/results0717_s2_water_vacuum_pilot/run_039/PhaseSpaceOut.root
100105,100105,0,91049,91049,0,87970,12135,87970,87970,0,0,40,/home/ltf/project/github/PCT/data/simulation_data/results0717_s2_water_vacuum_pilot/run_040/PhaseSpaceIn.root,/home/ltf/project/github/PCT/data/simulation_data/results0717_s2_water_vacuum_pilot/run_040/PhaseSpaceOut.root
99664,99664,0,90729,90729,0,87643,12021,87643,87643,0,0,41,/home/ltf/project/github/PCT/data/simulation_data/results0717_s2_water_vacuum_pilot/run_041/PhaseSpaceIn.root,/home/ltf/project/github/PCT/data/simulation_data/results0717_s2_water_vacuum_pilot/run_041/PhaseSpaceOut.root
99849,99849,0,90833,90833,0,87717,12132,87717,87717,0,0,42,/home/ltf/project/github/PCT/data/simulation_data/results0717_s2_water_vacuum_pilot/run_042/PhaseSpaceIn.root,/home/ltf/project/github/PCT/data/simulation_data/results0717_s2_water_vacuum_pilot/run_042/PhaseSpaceOut.root
99975,99975,0,91146,91146,0,88060,11915,88060,88060,0,0,43,/home/ltf/project/github/PCT/data/simulation_data/results0717_s2_water_vacuum_pilot/run_043/PhaseSpaceIn.root,/home/ltf/project/github/PCT/data/simulation_data/results0717_s2_water_vacuum_pilot/run_043/PhaseSpaceOut.root
99547,99547,0,90484,90484,0,87256,12291,87256,87256,0,0,44,/home/ltf/project/github/PCT/data/simulation_data/results0717_s2_water_vacuum_pilot/run_044/PhaseSpaceIn.root,/home/ltf/project/github/PCT/data/simulation_data/results0717_s2_water_vacuum_pilot/run_044/PhaseSpaceOut.root
100634,100634,0,91683,91683,0,88534,12100,88534,88534,0,0,45,/home/ltf/project/github/PCT/data/simulation_data/results0717_s2_water_vacuum_pilot/run_045/PhaseSpaceIn.root,/home/ltf/project/github/PCT/data/simulation_data/results0717_s2_water_vacuum_pilot/run_045/PhaseSpaceOut.root
99480,99480,0,90543,90543,0,87359,12121,87359,87359,0,0,46,/home/ltf/project/github/PCT/data/simulation_data/results0717_s2_water_vacuum_pilot/run_046/PhaseSpaceIn.root,/home/ltf/project/github/PCT/data/simulation_data/results0717_s2_water_vacuum_pilot/run_046/PhaseSpaceOut.root
99945,99945,0,91205,91205,0,88111,11834,88111,88111,0,0,47,/home/ltf/project/github/PCT/data/simulation_data/results0717_s2_water_vacuum_pilot/run_047/PhaseSpaceIn.root,/home/ltf/project/github/PCT/data/simulation_data/results0717_s2_water_vacuum_pilot/run_047/PhaseSpaceOut.root
100420,100420,0,91463,91463,0,88430,11990,88430,88430,0,0,48,/home/ltf/project/github/PCT/data/simulation_data/results0717_s2_water_vacuum_pilot/run_048/PhaseSpaceIn.root,/home/ltf/project/github/PCT/data/simulation_data/results0717_s2_water_vacuum_pilot/run_048/PhaseSpaceOut.root
100511,100511,0,91489,91489,0,88320,12191,88320,88320,0,0,49,/home/ltf/project/github/PCT/data/simulation_data/results0717_s2_water_vacuum_pilot/run_049/PhaseSpaceIn.root,/home/ltf/project/github/PCT/data/simulation_data/results0717_s2_water_vacuum_pilot/run_049/PhaseSpaceOut.root
100468,100468,0,91391,91391,0,88223,12245,88223,88223,0,0,50,/home/ltf/project/github/PCT/data/simulation_data/results0717_s2_water_vacuum_pilot/run_050/PhaseSpaceIn.root,/home/ltf/project/github/PCT/data/simulation_data/results0717_s2_water_vacuum_pilot/run_050/PhaseSpaceOut.root
99987,99987,0,90906,90906,0,87788,12199,87788,87788,0,0,51,/home/ltf/project/github/PCT/data/simulation_data/results0717_s2_water_vacuum_pilot/run_051/PhaseSpaceIn.root,/home/ltf/project/github/PCT/data/simulation_data/results0717_s2_water_vacuum_pilot/run_051/PhaseSpaceOut.root
99980,99980,0,90921,90921,0,87814,12166,87814,87814,0,0,52,/home/ltf/project/github/PCT/data/simulation_data/results0717_s2_water_vacuum_pilot/run_052/PhaseSpaceIn.root,/home/ltf/project/github/PCT/data/simulation_data/results0717_s2_water_vacuum_pilot/run_052/PhaseSpaceOut.root
99938,99938,0,90956,90956,0,87796,12142,87796,87796,0,0,53,/home/ltf/project/github/PCT/data/simulation_data/results0717_s2_water_vacuum_pilot/run_053/PhaseSpaceIn.root,/home/ltf/project/github/PCT/data/simulation_data/results0717_s2_water_vacuum_pilot/run_053/PhaseSpaceOut.root
99862,99862,0,90730,90730,0,87658,12204,87658,87658,0,0,54,/home/ltf/project/github/PCT/data/simulation_data/results0717_s2_water_vacuum_pilot/run_054/PhaseSpaceIn.root,/home/ltf/project/github/PCT/data/simulation_data/results0717_s2_water_vacuum_pilot/run_054/PhaseSpaceOut.root
99780,99780,0,90793,90793,0,87555,12225,87555,87555,0,0,55,/home/ltf/project/github/PCT/data/simulation_data/results0717_s2_water_vacuum_pilot/run_055/PhaseSpaceIn.root,/home/ltf/project/github/PCT/data/simulation_data/results0717_s2_water_vacuum_pilot/run_055/PhaseSpaceOut.root
99536,99536,0,90641,90641,0,87518,12018,87518,87518,0,0,56,/home/ltf/project/github/PCT/data/simulation_data/results0717_s2_water_vacuum_pilot/run_056/PhaseSpaceIn.root,/home/ltf/project/github/PCT/data/simulation_data/results0717_s2_water_vacuum_pilot/run_056/PhaseSpaceOut.root
99910,99910,0,90931,90931,0,87703,12207,87703,87703,0,0,57,/home/ltf/project/github/PCT/data/simulation_data/results0717_s2_water_vacuum_pilot/run_057/PhaseSpaceIn.root,/home/ltf/project/github/PCT/data/simulation_data/results0717_s2_water_vacuum_pilot/run_057/PhaseSpaceOut.root
99802,99802,0,90767,90767,0,87715,12087,87715,87715,0,0,58,/home/ltf/project/github/PCT/data/simulation_data/results0717_s2_water_vacuum_pilot/run_058/PhaseSpaceIn.root,/home/ltf/project/github/PCT/data/simulation_data/results0717_s2_water_vacuum_pilot/run_058/PhaseSpaceOut.root
99642,99642,0,90667,90667,0,87542,12100,87542,87542,0,0,59,/home/ltf/project/github/PCT/data/simulation_data/results0717_s2_water_vacuum_pilot/run_059/PhaseSpaceIn.root,/home/ltf/project/github/PCT/data/simulation_data/results0717_s2_water_vacuum_pilot/run_059/PhaseSpaceOut.root
100040,100040,0,90971,90971,0,87781,12259,87781,87781,0,0,60,/home/ltf/project/github/PCT/data/simulation_data/results0717_s2_water_vacuum_pilot/run_060/PhaseSpaceIn.root,/home/ltf/project/github/PCT/data/simulation_data/results0717_s2_water_vacuum_pilot/run_060/PhaseSpaceOut.root
100023,100023,0,91122,91122,0,87925,12098,87925,87925,0,0,61,/home/ltf/project/github/PCT/data/simulation_data/results0717_s2_water_vacuum_pilot/run_061/PhaseSpaceIn.root,/home/ltf/project/github/PCT/data/simulation_data/results0717_s2_water_vacuum_pilot/run_061/PhaseSpaceOut.root
100089,100089,0,91087,91087,0,87944,12145,87944,87944,0,0,62,/home/ltf/project/github/PCT/data/simulation_data/results0717_s2_water_vacuum_pilot/run_062/PhaseSpaceIn.root,/home/ltf/project/github/PCT/data/simulation_data/results0717_s2_water_vacuum_pilot/run_062/PhaseSpaceOut.root
100093,100093,0,91284,91284,0,88115,11978,88115,88115,0,0,63,/home/ltf/project/github/PCT/data/simulation_data/results0717_s2_water_vacuum_pilot/run_063/PhaseSpaceIn.root,/home/ltf/project/github/PCT/data/simulation_data/results0717_s2_water_vacuum_pilot/run_063/PhaseSpaceOut.root
100406,100406,0,91289,91289,0,88107,12299,88107,88107,0,0,64,/home/ltf/project/github/PCT/data/simulation_data/results0717_s2_water_vacuum_pilot/run_064/PhaseSpaceIn.root,/home/ltf/project/github/PCT/data/simulation_data/results0717_s2_water_vacuum_pilot/run_064/PhaseSpaceOut.root
100365,100365,0,91331,91331,0,88227,12138,88227,88227,0,0,65,/home/ltf/project/github/PCT/data/simulation_data/results0717_s2_water_vacuum_pilot/run_065/PhaseSpaceIn.root,/home/ltf/project/github/PCT/data/simulation_data/results0717_s2_water_vacuum_pilot/run_065/PhaseSpaceOut.root
100035,100035,0,91018,91018,0,87865,12170,87865,87865,0,0,66,/home/ltf/project/github/PCT/data/simulation_data/results0717_s2_water_vacuum_pilot/run_066/PhaseSpaceIn.root,/home/ltf/project/github/PCT/data/simulation_data/results0717_s2_water_vacuum_pilot/run_066/PhaseSpaceOut.root
100152,100152,0,91235,91235,0,88108,12044,88108,88108,0,0,67,/home/ltf/project/github/PCT/data/simulation_data/results0717_s2_water_vacuum_pilot/run_067/PhaseSpaceIn.root,/home/ltf/project/github/PCT/data/simulation_data/results0717_s2_water_vacuum_pilot/run_067/PhaseSpaceOut.root
99377,99377,0,90292,90292,0,87169,12208,87169,87169,0,0,68,/home/ltf/project/github/PCT/data/simulation_data/results0717_s2_water_vacuum_pilot/run_068/PhaseSpaceIn.root,/home/ltf/project/github/PCT/data/simulation_data/results0717_s2_water_vacuum_pilot/run_068/PhaseSpaceOut.root
99843,99843,0,90715,90715,0,87607,12236,87607,87607,0,0,69,/home/ltf/project/github/PCT/data/simulation_data/results0717_s2_water_vacuum_pilot/run_069/PhaseSpaceIn.root,/home/ltf/project/github/PCT/data/simulation_data/results0717_s2_water_vacuum_pilot/run_069/PhaseSpaceOut.root
99702,99702,0,90817,90817,0,87641,12061,87641,87641,0,0,70,/home/ltf/project/github/PCT/data/simulation_data/results0717_s2_water_vacuum_pilot/run_070/PhaseSpaceIn.root,/home/ltf/project/github/PCT/data/simulation_data/results0717_s2_water_vacuum_pilot/run_070/PhaseSpaceOut.root
100185,100185,0,91101,91101,0,88038,12147,88038,88038,0,0,71,/home/ltf/project/github/PCT/data/simulation_data/results0717_s2_water_vacuum_pilot/run_071/PhaseSpaceIn.root,/home/ltf/project/github/PCT/data/simulation_data/results0717_s2_water_vacuum_pilot/run_071/PhaseSpaceOut.root
100717,100717,0,91528,91528,0,88426,12291,88426,88426,0,0,72,/home/ltf/project/github/PCT/data/simulation_data/results0717_s2_water_vacuum_pilot/run_072/PhaseSpaceIn.root,/home/ltf/project/github/PCT/data/simulation_data/results0717_s2_water_vacuum_pilot/run_072/PhaseSpaceOut.root
100056,100056,0,91115,91115,0,88009,12047,88009,88009,0,0,73,/home/ltf/project/github/PCT/data/simulation_data/results0717_s2_water_vacuum_pilot/run_073/PhaseSpaceIn.root,/home/ltf/project/github/PCT/data/simulation_data/results0717_s2_water_vacuum_pilot/run_073/PhaseSpaceOut.root
100110,100110,0,91086,91086,0,88000,12110,88000,88000,0,0,74,/home/ltf/project/github/PCT/data/simulation_data/results0717_s2_water_vacuum_pilot/run_074/PhaseSpaceIn.root,/home/ltf/project/github/PCT/data/simulation_data/results0717_s2_water_vacuum_pilot/run_074/PhaseSpaceOut.root
100855,100855,0,91889,91889,0,88636,12219,88636,88636,0,0,75,/home/ltf/project/github/PCT/data/simulation_data/results0717_s2_water_vacuum_pilot/run_075/PhaseSpaceIn.root,/home/ltf/project/github/PCT/data/simulation_data/results0717_s2_water_vacuum_pilot/run_075/PhaseSpaceOut.root
99781,99781,0,90773,90773,0,87661,12120,87661,87661,0,0,76,/home/ltf/project/github/PCT/data/simulation_data/results0717_s2_water_vacuum_pilot/run_076/PhaseSpaceIn.root,/home/ltf/project/github/PCT/data/simulation_data/results0717_s2_water_vacuum_pilot/run_076/PhaseSpaceOut.root
100092,100092,0,91039,91039,0,87795,12297,87795,87795,0,0,77,/home/ltf/project/github/PCT/data/simulation_data/results0717_s2_water_vacuum_pilot/run_077/PhaseSpaceIn.root,/home/ltf/project/github/PCT/data/simulation_data/results0717_s2_water_vacuum_pilot/run_077/PhaseSpaceOut.root
100769,100769,0,91644,91644,0,88425,12344,88425,88425,0,0,78,/home/ltf/project/github/PCT/data/simulation_data/results0717_s2_water_vacuum_pilot/run_078/PhaseSpaceIn.root,/home/ltf/project/github/PCT/data/simulation_data/results0717_s2_water_vacuum_pilot/run_078/PhaseSpaceOut.root
99516,99516,0,90523,90523,0,87392,12124,87392,87392,0,0,79,/home/ltf/project/github/PCT/data/simulation_data/results0717_s2_water_vacuum_pilot/run_079/PhaseSpaceIn.root,/home/ltf/project/github/PCT/data/simulation_data/results0717_s2_water_vacuum_pilot/run_079/PhaseSpaceOut.root
99557,99557,0,90582,90582,0,87457,12100,87457,87457,0,0,80,/home/ltf/project/github/PCT/data/simulation_data/results0717_s2_water_vacuum_pilot/run_080/PhaseSpaceIn.root,/home/ltf/project/github/PCT/data/simulation_data/results0717_s2_water_vacuum_pilot/run_080/PhaseSpaceOut.root
100100,100100,0,90947,90947,0,87746,12354,87746,87746,0,0,81,/home/ltf/project/github/PCT/data/simulation_data/results0717_s2_water_vacuum_pilot/run_081/PhaseSpaceIn.root,/home/ltf/project/github/PCT/data/simulation_data/results0717_s2_water_vacuum_pilot/run_081/PhaseSpaceOut.root
100628,100628,0,91435,91435,0,88205,12423,88205,88205,0,0,82,/home/ltf/project/github/PCT/data/simulation_data/results0717_s2_water_vacuum_pilot/run_082/PhaseSpaceIn.root,/home/ltf/project/github/PCT/data/simulation_data/results0717_s2_water_vacuum_pilot/run_082/PhaseSpaceOut.root
100348,100348,0,91309,91309,0,88220,12128,88220,88220,0,0,83,/home/ltf/project/github/PCT/data/simulation_data/results0717_s2_water_vacuum_pilot/run_083/PhaseSpaceIn.root,/home/ltf/project/github/PCT/data/simulation_data/results0717_s2_water_vacuum_pilot/run_083/PhaseSpaceOut.root
99950,99950,0,91007,91007,0,87895,12055,87895,87895,0,0,84,/home/ltf/project/github/PCT/data/simulation_data/results0717_s2_water_vacuum_pilot/run_084/PhaseSpaceIn.root,/home/ltf/project/github/PCT/data/simulation_data/results0717_s2_water_vacuum_pilot/run_084/PhaseSpaceOut.root
99837,99837,0,90967,90967,0,87810,12027,87810,87810,0,0,85,/home/ltf/project/github/PCT/data/simulation_data/results0717_s2_water_vacuum_pilot/run_085/PhaseSpaceIn.root,/home/ltf/project/github/PCT/data/simulation_data/results0717_s2_water_vacuum_pilot/run_085/PhaseSpaceOut.root
100134,100133,1,91132,91132,0,87944,12189,87944,87944,0,0,86,/home/ltf/project/github/PCT/data/simulation_data/results0717_s2_water_vacuum_pilot/run_086/PhaseSpaceIn.root,/home/ltf/project/github/PCT/data/simulation_data/results0717_s2_water_vacuum_pilot/run_086/PhaseSpaceOut.root
99477,99477,0,90348,90348,0,87199,12278,87199,87199,0,0,87,/home/ltf/project/github/PCT/data/simulation_data/results0717_s2_water_vacuum_pilot/run_087/PhaseSpaceIn.root,/home/ltf/project/github/PCT/data/simulation_data/results0717_s2_water_vacuum_pilot/run_087/PhaseSpaceOut.root
99631,99631,0,90478,90478,0,87284,12347,87284,87284,0,0,88,/home/ltf/project/github/PCT/data/simulation_data/results0717_s2_water_vacuum_pilot/run_088/PhaseSpaceIn.root,/home/ltf/project/github/PCT/data/simulation_data/results0717_s2_water_vacuum_pilot/run_088/PhaseSpaceOut.root
99526,99526,0,90818,90818,0,87666,11860,87666,87666,0,0,89,/home/ltf/project/github/PCT/data/simulation_data/results0717_s2_water_vacuum_pilot/run_089/PhaseSpaceIn.root,/home/ltf/project/github/PCT/data/simulation_data/results0717_s2_water_vacuum_pilot/run_089/PhaseSpaceOut.root
100071,100071,0,91038,91038,0,87868,12203,87868,87868,0,0,90,/home/ltf/project/github/PCT/data/simulation_data/results0717_s2_water_vacuum_pilot/run_090/PhaseSpaceIn.root,/home/ltf/project/github/PCT/data/simulation_data/results0717_s2_water_vacuum_pilot/run_090/PhaseSpaceOut.root
100013,100013,0,90951,90951,0,87773,12240,87773,87773,0,0,91,/home/ltf/project/github/PCT/data/simulation_data/results0717_s2_water_vacuum_pilot/run_091/PhaseSpaceIn.root,/home/ltf/project/github/PCT/data/simulation_data/results0717_s2_water_vacuum_pilot/run_091/PhaseSpaceOut.root
100088,100087,1,91126,91126,0,88055,12032,88055,88055,0,0,92,/home/ltf/project/github/PCT/data/simulation_data/results0717_s2_water_vacuum_pilot/run_092/PhaseSpaceIn.root,/home/ltf/project/github/PCT/data/simulation_data/results0717_s2_water_vacuum_pilot/run_092/PhaseSpaceOut.root
99904,99904,0,90856,90856,0,87718,12186,87718,87718,0,0,93,/home/ltf/project/github/PCT/data/simulation_data/results0717_s2_water_vacuum_pilot/run_093/PhaseSpaceIn.root,/home/ltf/project/github/PCT/data/simulation_data/results0717_s2_water_vacuum_pilot/run_093/PhaseSpaceOut.root
99656,99656,0,90547,90547,0,87387,12269,87387,87387,0,0,94,/home/ltf/project/github/PCT/data/simulation_data/results0717_s2_water_vacuum_pilot/run_094/PhaseSpaceIn.root,/home/ltf/project/github/PCT/data/simulation_data/results0717_s2_water_vacuum_pilot/run_094/PhaseSpaceOut.root
100260,100260,0,91272,91272,0,87970,12290,87970,87970,0,0,95,/home/ltf/project/github/PCT/data/simulation_data/results0717_s2_water_vacuum_pilot/run_095/PhaseSpaceIn.root,/home/ltf/project/github/PCT/data/simulation_data/results0717_s2_water_vacuum_pilot/run_095/PhaseSpaceOut.root
99335,99335,0,90422,90422,0,87293,12042,87293,87293,0,0,96,/home/ltf/project/github/PCT/data/simulation_data/results0717_s2_water_vacuum_pilot/run_096/PhaseSpaceIn.root,/home/ltf/project/github/PCT/data/simulation_data/results0717_s2_water_vacuum_pilot/run_096/PhaseSpaceOut.root
98946,98946,0,90136,90136,0,87036,11910,87036,87036,0,0,97,/home/ltf/project/github/PCT/data/simulation_data/results0717_s2_water_vacuum_pilot/run_097/PhaseSpaceIn.root,/home/ltf/project/github/PCT/data/simulation_data/results0717_s2_water_vacuum_pilot/run_097/PhaseSpaceOut.root
99901,99901,0,90819,90819,0,87740,12161,87740,87740,0,0,98,/home/ltf/project/github/PCT/data/simulation_data/results0717_s2_water_vacuum_pilot/run_098/PhaseSpaceIn.root,/home/ltf/project/github/PCT/data/simulation_data/results0717_s2_water_vacuum_pilot/run_098/PhaseSpaceOut.root
100016,100016,0,90978,90978,0,87889,12127,87889,87889,0,0,99,/home/ltf/project/github/PCT/data/simulation_data/results0717_s2_water_vacuum_pilot/run_099/PhaseSpaceIn.root,/home/ltf/project/github/PCT/data/simulation_data/results0717_s2_water_vacuum_pilot/run_099/PhaseSpaceOut.root
99788,99788,0,90868,90868,0,87738,12050,87738,87738,0,0,100,/home/ltf/project/github/PCT/data/simulation_data/results0717_s2_water_vacuum_pilot/run_100/PhaseSpaceIn.root,/home/ltf/project/github/PCT/data/simulation_data/results0717_s2_water_vacuum_pilot/run_100/PhaseSpaceOut.root
100194,100194,0,91146,91146,0,87984,12210,87984,87984,0,0,101,/home/ltf/project/github/PCT/data/simulation_data/results0717_s2_water_vacuum_pilot/run_101/PhaseSpaceIn.root,/home/ltf/project/github/PCT/data/simulation_data/results0717_s2_water_vacuum_pilot/run_101/PhaseSpaceOut.root
100969,100968,1,91779,91779,0,88695,12273,88695,88695,0,0,102,/home/ltf/project/github/PCT/data/simulation_data/results0717_s2_water_vacuum_pilot/run_102/PhaseSpaceIn.root,/home/ltf/project/github/PCT/data/simulation_data/results0717_s2_water_vacuum_pilot/run_102/PhaseSpaceOut.root
100207,100207,0,91255,91255,0,88091,12116,88091,88091,0,0,103,/home/ltf/project/github/PCT/data/simulation_data/results0717_s2_water_vacuum_pilot/run_103/PhaseSpaceIn.root,/home/ltf/project/github/PCT/data/simulation_data/results0717_s2_water_vacuum_pilot/run_103/PhaseSpaceOut.root
99663,99663,0,90669,90669,0,87570,12093,87570,87570,0,0,104,/home/ltf/project/github/PCT/data/simulation_data/results0717_s2_water_vacuum_pilot/run_104/PhaseSpaceIn.root,/home/ltf/project/github/PCT/data/simulation_data/results0717_s2_water_vacuum_pilot/run_104/PhaseSpaceOut.root
100806,100806,0,91673,91673,0,88479,12327,88479,88479,0,0,105,/home/ltf/project/github/PCT/data/simulation_data/results0717_s2_water_vacuum_pilot/run_105/PhaseSpaceIn.root,/home/ltf/project/github/PCT/data/simulation_data/results0717_s2_water_vacuum_pilot/run_105/PhaseSpaceOut.root
99737,99737,0,90760,90760,0,87659,12078,87659,87659,0,0,106,/home/ltf/project/github/PCT/data/simulation_data/results0717_s2_water_vacuum_pilot/run_106/PhaseSpaceIn.root,/home/ltf/project/github/PCT/data/simulation_data/results0717_s2_water_vacuum_pilot/run_106/PhaseSpaceOut.root
100041,100040,1,90939,90939,0,87721,12319,87721,87721,0,0,107,/home/ltf/project/github/PCT/data/simulation_data/results0717_s2_water_vacuum_pilot/run_107/PhaseSpaceIn.root,/home/ltf/project/github/PCT/data/simulation_data/results0717_s2_water_vacuum_pilot/run_107/PhaseSpaceOut.root
99959,99959,0,90879,90879,0,87825,12134,87825,87825,0,0,108,/home/ltf/project/github/PCT/data/simulation_data/results0717_s2_water_vacuum_pilot/run_108/PhaseSpaceIn.root,/home/ltf/project/github/PCT/data/simulation_data/results0717_s2_water_vacuum_pilot/run_108/PhaseSpaceOut.root
100534,100534,0,91346,91346,0,88227,12307,88227,88227,0,0,109,/home/ltf/project/github/PCT/data/simulation_data/results0717_s2_water_vacuum_pilot/run_109/PhaseSpaceIn.root,/home/ltf/project/github/PCT/data/simulation_data/results0717_s2_water_vacuum_pilot/run_109/PhaseSpaceOut.root
100108,100108,0,91178,91178,0,87948,12160,87948,87948,0,0,110,/home/ltf/project/github/PCT/data/simulation_data/results0717_s2_water_vacuum_pilot/run_110/PhaseSpaceIn.root,/home/ltf/project/github/PCT/data/simulation_data/results0717_s2_water_vacuum_pilot/run_110/PhaseSpaceOut.root
100444,100444,0,91405,91405,0,88318,12126,88318,88318,0,0,111,/home/ltf/project/github/PCT/data/simulation_data/results0717_s2_water_vacuum_pilot/run_111/PhaseSpaceIn.root,/home/ltf/project/github/PCT/data/simulation_data/results0717_s2_water_vacuum_pilot/run_111/PhaseSpaceOut.root
99825,99825,0,90877,90877,0,87737,12088,87737,87737,0,0,112,/home/ltf/project/github/PCT/data/simulation_data/results0717_s2_water_vacuum_pilot/run_112/PhaseSpaceIn.root,/home/ltf/project/github/PCT/data/simulation_data/results0717_s2_water_vacuum_pilot/run_112/PhaseSpaceOut.root
99971,99971,0,91081,91081,0,88023,11948,88023,88023,0,0,113,/home/ltf/project/github/PCT/data/simulation_data/results0717_s2_water_vacuum_pilot/run_113/PhaseSpaceIn.root,/home/ltf/project/github/PCT/data/simulation_data/results0717_s2_water_vacuum_pilot/run_113/PhaseSpaceOut.root
99794,99794,0,90767,90767,0,87625,12169,87625,87625,0,0,114,/home/ltf/project/github/PCT/data/simulation_data/results0717_s2_water_vacuum_pilot/run_114/PhaseSpaceIn.root,/home/ltf/project/github/PCT/data/simulation_data/results0717_s2_water_vacuum_pilot/run_114/PhaseSpaceOut.root
100802,100802,0,91741,91741,0,88573,12229,88573,88573,0,0,115,/home/ltf/project/github/PCT/data/simulation_data/results0717_s2_water_vacuum_pilot/run_115/PhaseSpaceIn.root,/home/ltf/project/github/PCT/data/simulation_data/results0717_s2_water_vacuum_pilot/run_115/PhaseSpaceOut.root
100093,100093,0,91037,91037,0,87953,12140,87953,87953,0,0,116,/home/ltf/project/github/PCT/data/simulation_data/results0717_s2_water_vacuum_pilot/run_116/PhaseSpaceIn.root,/home/ltf/project/github/PCT/data/simulation_data/results0717_s2_water_vacuum_pilot/run_116/PhaseSpaceOut.root
99670,99670,0,90629,90629,0,87463,12207,87463,87463,0,0,117,/home/ltf/project/github/PCT/data/simulation_data/results0717_s2_water_vacuum_pilot/run_117/PhaseSpaceIn.root,/home/ltf/project/github/PCT/data/simulation_data/results0717_s2_water_vacuum_pilot/run_117/PhaseSpaceOut.root
99964,99964,0,90997,90997,0,87872,12092,87872,87872,0,0,118,/home/ltf/project/github/PCT/data/simulation_data/results0717_s2_water_vacuum_pilot/run_118/PhaseSpaceIn.root,/home/ltf/project/github/PCT/data/simulation_data/results0717_s2_water_vacuum_pilot/run_118/PhaseSpaceOut.root
100533,100533,0,91442,91442,0,88275,12258,88275,88275,0,0,119,/home/ltf/project/github/PCT/data/simulation_data/results0717_s2_water_vacuum_pilot/run_119/PhaseSpaceIn.root,/home/ltf/project/github/PCT/data/simulation_data/results0717_s2_water_vacuum_pilot/run_119/PhaseSpaceOut.root
99242,99242,0,90214,90214,0,87067,12175,87067,87067,0,0,120,/home/ltf/project/github/PCT/data/simulation_data/results0717_s2_water_vacuum_pilot/run_120/PhaseSpaceIn.root,/home/ltf/project/github/PCT/data/simulation_data/results0717_s2_water_vacuum_pilot/run_120/PhaseSpaceOut.root
100470,100470,0,91473,91473,0,88328,12142,88328,88328,0,0,121,/home/ltf/project/github/PCT/data/simulation_data/results0717_s2_water_vacuum_pilot/run_121/PhaseSpaceIn.root,/home/ltf/project/github/PCT/data/simulation_data/results0717_s2_water_vacuum_pilot/run_121/PhaseSpaceOut.root
99466,99466,0,90551,90551,0,87390,12076,87390,87390,0,0,122,/home/ltf/project/github/PCT/data/simulation_data/results0717_s2_water_vacuum_pilot/run_122/PhaseSpaceIn.root,/home/ltf/project/github/PCT/data/simulation_data/results0717_s2_water_vacuum_pilot/run_122/PhaseSpaceOut.root
100087,100087,0,91050,91050,0,87951,12136,87951,87951,0,0,123,/home/ltf/project/github/PCT/data/simulation_data/results0717_s2_water_vacuum_pilot/run_123/PhaseSpaceIn.root,/home/ltf/project/github/PCT/data/simulation_data/results0717_s2_water_vacuum_pilot/run_123/PhaseSpaceOut.root
99866,99866,0,90848,90848,0,87700,12166,87700,87700,0,0,124,/home/ltf/project/github/PCT/data/simulation_data/results0717_s2_water_vacuum_pilot/run_124/PhaseSpaceIn.root,/home/ltf/project/github/PCT/data/simulation_data/results0717_s2_water_vacuum_pilot/run_124/PhaseSpaceOut.root
100022,100022,0,91187,91187,0,88076,11946,88076,88076,0,0,125,/home/ltf/project/github/PCT/data/simulation_data/results0717_s2_water_vacuum_pilot/run_125/PhaseSpaceIn.root,/home/ltf/project/github/PCT/data/simulation_data/results0717_s2_water_vacuum_pilot/run_125/PhaseSpaceOut.root
100316,100316,0,91137,91137,0,87972,12344,87972,87972,0,0,126,/home/ltf/project/github/PCT/data/simulation_data/results0717_s2_water_vacuum_pilot/run_126/PhaseSpaceIn.root,/home/ltf/project/github/PCT/data/simulation_data/results0717_s2_water_vacuum_pilot/run_126/PhaseSpaceOut.root
100355,100355,0,91456,91456,0,88297,12058,88297,88297,0,0,127,/home/ltf/project/github/PCT/data/simulation_data/results0717_s2_water_vacuum_pilot/run_127/PhaseSpaceIn.root,/home/ltf/project/github/PCT/data/simulation_data/results0717_s2_water_vacuum_pilot/run_127/PhaseSpaceOut.root
100170,100170,0,91069,91069,0,87950,12220,87950,87950,0,0,128,/home/ltf/project/github/PCT/data/simulation_data/results0717_s2_water_vacuum_pilot/run_128/PhaseSpaceIn.root,/home/ltf/project/github/PCT/data/simulation_data/results0717_s2_water_vacuum_pilot/run_128/PhaseSpaceOut.root
100415,100415,0,91454,91454,0,88257,12158,88257,88257,0,0,129,/home/ltf/project/github/PCT/data/simulation_data/results0717_s2_water_vacuum_pilot/run_129/PhaseSpaceIn.root,/home/ltf/project/github/PCT/data/simulation_data/results0717_s2_water_vacuum_pilot/run_129/PhaseSpaceOut.root
100123,100123,0,91066,91066,0,87874,12249,87874,87874,0,0,130,/home/ltf/project/github/PCT/data/simulation_data/results0717_s2_water_vacuum_pilot/run_130/PhaseSpaceIn.root,/home/ltf/project/github/PCT/data/simulation_data/results0717_s2_water_vacuum_pilot/run_130/PhaseSpaceOut.root
99804,99804,0,90752,90752,0,87607,12197,87607,87607,0,0,131,/home/ltf/project/github/PCT/data/simulation_data/results0717_s2_water_vacuum_pilot/run_131/PhaseSpaceIn.root,/home/ltf/project/github/PCT/data/simulation_data/results0717_s2_water_vacuum_pilot/run_131/PhaseSpaceOut.root
99953,99953,0,90828,90828,0,87632,12321,87632,87632,0,0,132,/home/ltf/project/github/PCT/data/simulation_data/results0717_s2_water_vacuum_pilot/run_132/PhaseSpaceIn.root,/home/ltf/project/github/PCT/data/simulation_data/results0717_s2_water_vacuum_pilot/run_132/PhaseSpaceOut.root
100240,100240,0,91358,91358,0,88117,12123,88117,88117,0,0,133,/home/ltf/project/github/PCT/data/simulation_data/results0717_s2_water_vacuum_pilot/run_133/PhaseSpaceIn.root,/home/ltf/project/github/PCT/data/simulation_data/results0717_s2_water_vacuum_pilot/run_133/PhaseSpaceOut.root
99747,99747,0,90881,90881,0,87682,12065,87682,87682,0,0,134,/home/ltf/project/github/PCT/data/simulation_data/results0717_s2_water_vacuum_pilot/run_134/PhaseSpaceIn.root,/home/ltf/project/github/PCT/data/simulation_data/results0717_s2_water_vacuum_pilot/run_134/PhaseSpaceOut.root
100085,100085,0,91123,91123,0,88023,12062,88023,88023,0,0,135,/home/ltf/project/github/PCT/data/simulation_data/results0717_s2_water_vacuum_pilot/run_135/PhaseSpaceIn.root,/home/ltf/project/github/PCT/data/simulation_data/results0717_s2_water_vacuum_pilot/run_135/PhaseSpaceOut.root
100199,100199,0,91141,91141,0,87963,12236,87963,87963,0,0,136,/home/ltf/project/github/PCT/data/simulation_data/results0717_s2_water_vacuum_pilot/run_136/PhaseSpaceIn.root,/home/ltf/project/github/PCT/data/simulation_data/results0717_s2_water_vacuum_pilot/run_136/PhaseSpaceOut.root
100052,100052,0,91157,91157,0,87949,12103,87949,87949,0,0,137,/home/ltf/project/github/PCT/data/simulation_data/results0717_s2_water_vacuum_pilot/run_137/PhaseSpaceIn.root,/home/ltf/project/github/PCT/data/simulation_data/results0717_s2_water_vacuum_pilot/run_137/PhaseSpaceOut.root
100749,100749,0,91639,91639,0,88441,12308,88441,88441,0,0,138,/home/ltf/project/github/PCT/data/simulation_data/results0717_s2_water_vacuum_pilot/run_138/PhaseSpaceIn.root,/home/ltf/project/github/PCT/data/simulation_data/results0717_s2_water_vacuum_pilot/run_138/PhaseSpaceOut.root
100099,100099,0,91095,91095,0,87989,12110,87989,87989,0,0,139,/home/ltf/project/github/PCT/data/simulation_data/results0717_s2_water_vacuum_pilot/run_139/PhaseSpaceIn.root,/home/ltf/project/github/PCT/data/simulation_data/results0717_s2_water_vacuum_pilot/run_139/PhaseSpaceOut.root
99936,99936,0,90901,90901,0,87680,12256,87680,87680,0,0,140,/home/ltf/project/github/PCT/data/simulation_data/results0717_s2_water_vacuum_pilot/run_140/PhaseSpaceIn.root,/home/ltf/project/github/PCT/data/simulation_data/results0717_s2_water_vacuum_pilot/run_140/PhaseSpaceOut.root
100058,100058,0,91011,91011,0,87934,12124,87934,87934,0,0,141,/home/ltf/project/github/PCT/data/simulation_data/results0717_s2_water_vacuum_pilot/run_141/PhaseSpaceIn.root,/home/ltf/project/github/PCT/data/simulation_data/results0717_s2_water_vacuum_pilot/run_141/PhaseSpaceOut.root
99946,99946,0,91010,91010,0,87898,12048,87898,87898,0,0,142,/home/ltf/project/github/PCT/data/simulation_data/results0717_s2_water_vacuum_pilot/run_142/PhaseSpaceIn.root,/home/ltf/project/github/PCT/data/simulation_data/results0717_s2_water_vacuum_pilot/run_142/PhaseSpaceOut.root
100495,100495,0,91596,91596,0,88495,12000,88495,88495,0,0,143,/home/ltf/project/github/PCT/data/simulation_data/results0717_s2_water_vacuum_pilot/run_143/PhaseSpaceIn.root,/home/ltf/project/github/PCT/data/simulation_data/results0717_s2_water_vacuum_pilot/run_143/PhaseSpaceOut.root
99753,99753,0,90825,90825,0,87695,12058,87695,87695,0,0,144,/home/ltf/project/github/PCT/data/simulation_data/results0717_s2_water_vacuum_pilot/run_144/PhaseSpaceIn.root,/home/ltf/project/github/PCT/data/simulation_data/results0717_s2_water_vacuum_pilot/run_144/PhaseSpaceOut.root
99924,99924,0,90895,90895,0,87755,12169,87755,87755,0,0,145,/home/ltf/project/github/PCT/data/simulation_data/results0717_s2_water_vacuum_pilot/run_145/PhaseSpaceIn.root,/home/ltf/project/github/PCT/data/simulation_data/results0717_s2_water_vacuum_pilot/run_145/PhaseSpaceOut.root
100139,100139,0,91181,91181,0,87967,12172,87967,87967,0,0,146,/home/ltf/project/github/PCT/data/simulation_data/results0717_s2_water_vacuum_pilot/run_146/PhaseSpaceIn.root,/home/ltf/project/github/PCT/data/simulation_data/results0717_s2_water_vacuum_pilot/run_146/PhaseSpaceOut.root
99487,99487,0,90638,90638,0,87488,11999,87488,87488,0,0,147,/home/ltf/project/github/PCT/data/simulation_data/results0717_s2_water_vacuum_pilot/run_147/PhaseSpaceIn.root,/home/ltf/project/github/PCT/data/simulation_data/results0717_s2_water_vacuum_pilot/run_147/PhaseSpaceOut.root
100159,100159,0,91167,91167,0,88067,12092,88067,88067,0,0,148,/home/ltf/project/github/PCT/data/simulation_data/results0717_s2_water_vacuum_pilot/run_148/PhaseSpaceIn.root,/home/ltf/project/github/PCT/data/simulation_data/results0717_s2_water_vacuum_pilot/run_148/PhaseSpaceOut.root
99809,99809,0,90776,90776,0,87746,12063,87746,87746,0,0,149,/home/ltf/project/github/PCT/data/simulation_data/results0717_s2_water_vacuum_pilot/run_149/PhaseSpaceIn.root,/home/ltf/project/github/PCT/data/simulation_data/results0717_s2_water_vacuum_pilot/run_149/PhaseSpaceOut.root
99429,99429,0,90556,90556,0,87463,11966,87463,87463,0,0,150,/home/ltf/project/github/PCT/data/simulation_data/results0717_s2_water_vacuum_pilot/run_150/PhaseSpaceIn.root,/home/ltf/project/github/PCT/data/simulation_data/results0717_s2_water_vacuum_pilot/run_150/PhaseSpaceOut.root
100061,100061,0,91073,91073,0,87970,12091,87970,87970,0,0,151,/home/ltf/project/github/PCT/data/simulation_data/results0717_s2_water_vacuum_pilot/run_151/PhaseSpaceIn.root,/home/ltf/project/github/PCT/data/simulation_data/results0717_s2_water_vacuum_pilot/run_151/PhaseSpaceOut.root
99726,99726,0,91036,91036,0,87861,11865,87861,87861,0,0,152,/home/ltf/project/github/PCT/data/simulation_data/results0717_s2_water_vacuum_pilot/run_152/PhaseSpaceIn.root,/home/ltf/project/github/PCT/data/simulation_data/results0717_s2_water_vacuum_pilot/run_152/PhaseSpaceOut.root
99906,99906,0,90938,90938,0,87717,12189,87717,87717,0,0,153,/home/ltf/project/github/PCT/data/simulation_data/results0717_s2_water_vacuum_pilot/run_153/PhaseSpaceIn.root,/home/ltf/project/github/PCT/data/simulation_data/results0717_s2_water_vacuum_pilot/run_153/PhaseSpaceOut.root
99527,99527,0,90604,90604,0,87514,12013,87514,87514,0,0,154,/home/ltf/project/github/PCT/data/simulation_data/results0717_s2_water_vacuum_pilot/run_154/PhaseSpaceIn.root,/home/ltf/project/github/PCT/data/simulation_data/results0717_s2_water_vacuum_pilot/run_154/PhaseSpaceOut.root
99807,99807,0,90764,90764,0,87587,12220,87587,87587,0,0,155,/home/ltf/project/github/PCT/data/simulation_data/results0717_s2_water_vacuum_pilot/run_155/PhaseSpaceIn.root,/home/ltf/project/github/PCT/data/simulation_data/results0717_s2_water_vacuum_pilot/run_155/PhaseSpaceOut.root
100308,100308,0,91365,91365,0,88200,12108,88200,88200,0,0,156,/home/ltf/project/github/PCT/data/simulation_data/results0717_s2_water_vacuum_pilot/run_156/PhaseSpaceIn.root,/home/ltf/project/github/PCT/data/simulation_data/results0717_s2_water_vacuum_pilot/run_156/PhaseSpaceOut.root
100194,100194,0,91165,91165,0,88104,12090,88104,88104,0,0,157,/home/ltf/project/github/PCT/data/simulation_data/results0717_s2_water_vacuum_pilot/run_157/PhaseSpaceIn.root,/home/ltf/project/github/PCT/data/simulation_data/results0717_s2_water_vacuum_pilot/run_157/PhaseSpaceOut.root
100702,100702,0,91763,91763,0,88419,12283,88419,88419,0,0,158,/home/ltf/project/github/PCT/data/simulation_data/results0717_s2_water_vacuum_pilot/run_158/PhaseSpaceIn.root,/home/ltf/project/github/PCT/data/simulation_data/results0717_s2_water_vacuum_pilot/run_158/PhaseSpaceOut.root
99476,99476,0,90611,90611,0,87443,12033,87443,87443,0,0,159,/home/ltf/project/github/PCT/data/simulation_data/results0717_s2_water_vacuum_pilot/run_159/PhaseSpaceIn.root,/home/ltf/project/github/PCT/data/simulation_data/results0717_s2_water_vacuum_pilot/run_159/PhaseSpaceOut.root
99975,99975,0,91029,91029,0,87843,12132,87843,87843,0,0,160,/home/ltf/project/github/PCT/data/simulation_data/results0717_s2_water_vacuum_pilot/run_160/PhaseSpaceIn.root,/home/ltf/project/github/PCT/data/simulation_data/results0717_s2_water_vacuum_pilot/run_160/PhaseSpaceOut.root
100029,100029,0,91144,91144,0,88038,11991,88038,88038,0,0,161,/home/ltf/project/github/PCT/data/simulation_data/results0717_s2_water_vacuum_pilot/run_161/PhaseSpaceIn.root,/home/ltf/project/github/PCT/data/simulation_data/results0717_s2_water_vacuum_pilot/run_161/PhaseSpaceOut.root
100190,100190,0,91198,91198,0,88072,12118,88072,88072,0,0,162,/home/ltf/project/github/PCT/data/simulation_data/results0717_s2_water_vacuum_pilot/run_162/PhaseSpaceIn.root,/home/ltf/project/github/PCT/data/simulation_data/results0717_s2_water_vacuum_pilot/run_162/PhaseSpaceOut.root
100042,100042,0,91020,91020,0,87883,12159,87883,87883,0,0,163,/home/ltf/project/github/PCT/data/simulation_data/results0717_s2_water_vacuum_pilot/run_163/PhaseSpaceIn.root,/home/ltf/project/github/PCT/data/simulation_data/results0717_s2_water_vacuum_pilot/run_163/PhaseSpaceOut.root
100314,100314,0,91303,91303,0,88208,12106,88208,88208,0,0,164,/home/ltf/project/github/PCT/data/simulation_data/results0717_s2_water_vacuum_pilot/run_164/PhaseSpaceIn.root,/home/ltf/project/github/PCT/data/simulation_data/results0717_s2_water_vacuum_pilot/run_164/PhaseSpaceOut.root
99472,99472,0,90497,90497,0,87300,12172,87300,87300,0,0,165,/home/ltf/project/github/PCT/data/simulation_data/results0717_s2_water_vacuum_pilot/run_165/PhaseSpaceIn.root,/home/ltf/project/github/PCT/data/simulation_data/results0717_s2_water_vacuum_pilot/run_165/PhaseSpaceOut.root
100307,100307,0,91210,91210,0,87988,12319,87988,87988,0,0,166,/home/ltf/project/github/PCT/data/simulation_data/results0717_s2_water_vacuum_pilot/run_166/PhaseSpaceIn.root,/home/ltf/project/github/PCT/data/simulation_data/results0717_s2_water_vacuum_pilot/run_166/PhaseSpaceOut.root
99941,99941,0,90889,90889,0,87764,12177,87764,87764,0,0,167,/home/ltf/project/github/PCT/data/simulation_data/results0717_s2_water_vacuum_pilot/run_167/PhaseSpaceIn.root,/home/ltf/project/github/PCT/data/simulation_data/results0717_s2_water_vacuum_pilot/run_167/PhaseSpaceOut.root
100323,100323,0,91203,91203,0,88077,12246,88077,88077,0,0,168,/home/ltf/project/github/PCT/data/simulation_data/results0717_s2_water_vacuum_pilot/run_168/PhaseSpaceIn.root,/home/ltf/project/github/PCT/data/simulation_data/results0717_s2_water_vacuum_pilot/run_168/PhaseSpaceOut.root
99866,99866,0,90924,90924,0,87858,12008,87858,87858,0,0,169,/home/ltf/project/github/PCT/data/simulation_data/results0717_s2_water_vacuum_pilot/run_169/PhaseSpaceIn.root,/home/ltf/project/github/PCT/data/simulation_data/results0717_s2_water_vacuum_pilot/run_169/PhaseSpaceOut.root
99958,99958,0,90875,90875,0,87778,12180,87778,87778,0,0,170,/home/ltf/project/github/PCT/data/simulation_data/results0717_s2_water_vacuum_pilot/run_170/PhaseSpaceIn.root,/home/ltf/project/github/PCT/data/simulation_data/results0717_s2_water_vacuum_pilot/run_170/PhaseSpaceOut.root
99957,99957,0,91040,91040,0,87978,11979,87978,87978,0,0,171,/home/ltf/project/github/PCT/data/simulation_data/results0717_s2_water_vacuum_pilot/run_171/PhaseSpaceIn.root,/home/ltf/project/github/PCT/data/simulation_data/results0717_s2_water_vacuum_pilot/run_171/PhaseSpaceOut.root
99701,99701,0,90824,90824,0,87842,11859,87842,87842,0,0,172,/home/ltf/project/github/PCT/data/simulation_data/results0717_s2_water_vacuum_pilot/run_172/PhaseSpaceIn.root,/home/ltf/project/github/PCT/data/simulation_data/results0717_s2_water_vacuum_pilot/run_172/PhaseSpaceOut.root
100229,100229,0,91154,91154,0,87978,12251,87978,87978,0,0,173,/home/ltf/project/github/PCT/data/simulation_data/results0717_s2_water_vacuum_pilot/run_173/PhaseSpaceIn.root,/home/ltf/project/github/PCT/data/simulation_data/results0717_s2_water_vacuum_pilot/run_173/PhaseSpaceOut.root
100579,100579,0,91549,91549,0,88418,12161,88418,88418,0,0,174,/home/ltf/project/github/PCT/data/simulation_data/results0717_s2_water_vacuum_pilot/run_174/PhaseSpaceIn.root,/home/ltf/project/github/PCT/data/simulation_data/results0717_s2_water_vacuum_pilot/run_174/PhaseSpaceOut.root
100703,100703,0,91834,91834,0,88750,11953,88750,88750,0,0,175,/home/ltf/project/github/PCT/data/simulation_data/results0717_s2_water_vacuum_pilot/run_175/PhaseSpaceIn.root,/home/ltf/project/github/PCT/data/simulation_data/results0717_s2_water_vacuum_pilot/run_175/PhaseSpaceOut.root
100557,100557,0,91397,91397,0,88203,12354,88203,88203,0,0,176,/home/ltf/project/github/PCT/data/simulation_data/results0717_s2_water_vacuum_pilot/run_176/PhaseSpaceIn.root,/home/ltf/project/github/PCT/data/simulation_data/results0717_s2_water_vacuum_pilot/run_176/PhaseSpaceOut.root
100252,100252,0,91302,91302,0,88174,12078,88174,88174,0,0,177,/home/ltf/project/github/PCT/data/simulation_data/results0717_s2_water_vacuum_pilot/run_177/PhaseSpaceIn.root,/home/ltf/project/github/PCT/data/simulation_data/results0717_s2_water_vacuum_pilot/run_177/PhaseSpaceOut.root
99860,99860,0,90865,90865,0,87604,12256,87604,87604,0,0,178,/home/ltf/project/github/PCT/data/simulation_data/results0717_s2_water_vacuum_pilot/run_178/PhaseSpaceIn.root,/home/ltf/project/github/PCT/data/simulation_data/results0717_s2_water_vacuum_pilot/run_178/PhaseSpaceOut.root
100149,100149,0,91112,91112,0,87934,12215,87934,87934,0,0,179,/home/ltf/project/github/PCT/data/simulation_data/results0717_s2_water_vacuum_pilot/run_179/PhaseSpaceIn.root,/home/ltf/project/github/PCT/data/simulation_data/results0717_s2_water_vacuum_pilot/run_179/PhaseSpaceOut.root
100682,100682,0,91486,91486,0,88333,12349,88333,88333,0,0,180,/home/ltf/project/github/PCT/data/simulation_data/results0717_s2_water_vacuum_pilot/run_180/PhaseSpaceIn.root,/home/ltf/project/github/PCT/data/simulation_data/results0717_s2_water_vacuum_pilot/run_180/PhaseSpaceOut.root
99861,99861,0,90822,90822,0,87694,12167,87694,87694,0,0,181,/home/ltf/project/github/PCT/data/simulation_data/results0717_s2_water_vacuum_pilot/run_181/PhaseSpaceIn.root,/home/ltf/project/github/PCT/data/simulation_data/results0717_s2_water_vacuum_pilot/run_181/PhaseSpaceOut.root
100313,100312,1,91317,91317,0,88203,12109,88203,88203,0,0,182,/home/ltf/project/github/PCT/data/simulation_data/results0717_s2_water_vacuum_pilot/run_182/PhaseSpaceIn.root,/home/ltf/project/github/PCT/data/simulation_data/results0717_s2_water_vacuum_pilot/run_182/PhaseSpaceOut.root
100406,100406,0,91172,91172,0,87970,12436,87970,87970,0,0,183,/home/ltf/project/github/PCT/data/simulation_data/results0717_s2_water_vacuum_pilot/run_183/PhaseSpaceIn.root,/home/ltf/project/github/PCT/data/simulation_data/results0717_s2_water_vacuum_pilot/run_183/PhaseSpaceOut.root
99840,99840,0,90991,90991,0,87892,11948,87892,87892,0,0,184,/home/ltf/project/github/PCT/data/simulation_data/results0717_s2_water_vacuum_pilot/run_184/PhaseSpaceIn.root,/home/ltf/project/github/PCT/data/simulation_data/results0717_s2_water_vacuum_pilot/run_184/PhaseSpaceOut.root
100494,100494,0,91448,91448,0,88329,12165,88329,88329,0,0,185,/home/ltf/project/github/PCT/data/simulation_data/results0717_s2_water_vacuum_pilot/run_185/PhaseSpaceIn.root,/home/ltf/project/github/PCT/data/simulation_data/results0717_s2_water_vacuum_pilot/run_185/PhaseSpaceOut.root
100134,100134,0,91190,91190,0,88029,12105,88029,88029,0,0,186,/home/ltf/project/github/PCT/data/simulation_data/results0717_s2_water_vacuum_pilot/run_186/PhaseSpaceIn.root,/home/ltf/project/github/PCT/data/simulation_data/results0717_s2_water_vacuum_pilot/run_186/PhaseSpaceOut.root
100382,100382,0,91357,91357,0,88219,12163,88219,88219,0,0,187,/home/ltf/project/github/PCT/data/simulation_data/results0717_s2_water_vacuum_pilot/run_187/PhaseSpaceIn.root,/home/ltf/project/github/PCT/data/simulation_data/results0717_s2_water_vacuum_pilot/run_187/PhaseSpaceOut.root
100020,100020,0,91024,91024,0,87861,12159,87861,87861,0,0,188,/home/ltf/project/github/PCT/data/simulation_data/results0717_s2_water_vacuum_pilot/run_188/PhaseSpaceIn.root,/home/ltf/project/github/PCT/data/simulation_data/results0717_s2_water_vacuum_pilot/run_188/PhaseSpaceOut.root
99755,99755,0,90817,90817,0,87695,12060,87695,87695,0,0,189,/home/ltf/project/github/PCT/data/simulation_data/results0717_s2_water_vacuum_pilot/run_189/PhaseSpaceIn.root,/home/ltf/project/github/PCT/data/simulation_data/results0717_s2_water_vacuum_pilot/run_189/PhaseSpaceOut.root
100194,100194,0,91099,91099,0,87916,12278,87916,87916,0,0,190,/home/ltf/project/github/PCT/data/simulation_data/results0717_s2_water_vacuum_pilot/run_190/PhaseSpaceIn.root,/home/ltf/project/github/PCT/data/simulation_data/results0717_s2_water_vacuum_pilot/run_190/PhaseSpaceOut.root
99905,99905,0,90884,90884,0,87935,11970,87935,87935,0,0,191,/home/ltf/project/github/PCT/data/simulation_data/results0717_s2_water_vacuum_pilot/run_191/PhaseSpaceIn.root,/home/ltf/project/github/PCT/data/simulation_data/results0717_s2_water_vacuum_pilot/run_191/PhaseSpaceOut.root
100001,100001,0,90995,90995,0,87859,12142,87859,87859,0,0,192,/home/ltf/project/github/PCT/data/simulation_data/results0717_s2_water_vacuum_pilot/run_192/PhaseSpaceIn.root,/home/ltf/project/github/PCT/data/simulation_data/results0717_s2_water_vacuum_pilot/run_192/PhaseSpaceOut.root
100403,100403,0,91403,91403,0,88268,12135,88268,88268,0,0,193,/home/ltf/project/github/PCT/data/simulation_data/results0717_s2_water_vacuum_pilot/run_193/PhaseSpaceIn.root,/home/ltf/project/github/PCT/data/simulation_data/results0717_s2_water_vacuum_pilot/run_193/PhaseSpaceOut.root
100026,100026,0,91094,91094,0,87937,12089,87937,87937,0,0,194,/home/ltf/project/github/PCT/data/simulation_data/results0717_s2_water_vacuum_pilot/run_194/PhaseSpaceIn.root,/home/ltf/project/github/PCT/data/simulation_data/results0717_s2_water_vacuum_pilot/run_194/PhaseSpaceOut.root
99834,99834,0,90710,90710,0,87611,12223,87611,87611,0,0,195,/home/ltf/project/github/PCT/data/simulation_data/results0717_s2_water_vacuum_pilot/run_195/PhaseSpaceIn.root,/home/ltf/project/github/PCT/data/simulation_data/results0717_s2_water_vacuum_pilot/run_195/PhaseSpaceOut.root
100114,100114,0,91148,91148,0,87953,12161,87953,87953,0,0,196,/home/ltf/project/github/PCT/data/simulation_data/results0717_s2_water_vacuum_pilot/run_196/PhaseSpaceIn.root,/home/ltf/project/github/PCT/data/simulation_data/results0717_s2_water_vacuum_pilot/run_196/PhaseSpaceOut.root
100265,100265,0,91189,91189,0,88044,12221,88044,88044,0,0,197,/home/ltf/project/github/PCT/data/simulation_data/results0717_s2_water_vacuum_pilot/run_197/PhaseSpaceIn.root,/home/ltf/project/github/PCT/data/simulation_data/results0717_s2_water_vacuum_pilot/run_197/PhaseSpaceOut.root
98967,98967,0,90093,90093,0,86897,12070,86897,86897,0,0,198,/home/ltf/project/github/PCT/data/simulation_data/results0717_s2_water_vacuum_pilot/run_198/PhaseSpaceIn.root,/home/ltf/project/github/PCT/data/simulation_data/results0717_s2_water_vacuum_pilot/run_198/PhaseSpaceOut.root
100286,100286,0,91251,91251,0,88029,12257,88029,88029,0,0,199,/home/ltf/project/github/PCT/data/simulation_data/results0717_s2_water_vacuum_pilot/run_199/PhaseSpaceIn.root,/home/ltf/project/github/PCT/data/simulation_data/results0717_s2_water_vacuum_pilot/run_199/PhaseSpaceOut.root
100344,100344,0,91257,91257,0,88092,12252,88092,88092,0,0,200,/home/ltf/project/github/PCT/data/simulation_data/results0717_s2_water_vacuum_pilot/run_200/PhaseSpaceIn.root,/home/ltf/project/github/PCT/data/simulation_data/results0717_s2_water_vacuum_pilot/run_200/PhaseSpaceOut.root
99996,99996,0,91076,91076,0,87825,12171,87825,87825,0,0,201,/home/ltf/project/github/PCT/data/simulation_data/results0717_s2_water_vacuum_pilot/run_201/PhaseSpaceIn.root,/home/ltf/project/github/PCT/data/simulation_data/results0717_s2_water_vacuum_pilot/run_201/PhaseSpaceOut.root
100620,100620,0,91552,91552,0,88352,12268,88352,88352,0,0,202,/home/ltf/project/github/PCT/data/simulation_data/results0717_s2_water_vacuum_pilot/run_202/PhaseSpaceIn.root,/home/ltf/project/github/PCT/data/simulation_data/results0717_s2_water_vacuum_pilot/run_202/PhaseSpaceOut.root
100111,100111,0,91107,91107,0,88104,12007,88104,88104,0,0,203,/home/ltf/project/github/PCT/data/simulation_data/results0717_s2_water_vacuum_pilot/run_203/PhaseSpaceIn.root,/home/ltf/project/github/PCT/data/simulation_data/results0717_s2_water_vacuum_pilot/run_203/PhaseSpaceOut.root
100006,100006,0,91079,91079,0,87936,12070,87936,87936,0,0,204,/home/ltf/project/github/PCT/data/simulation_data/results0717_s2_water_vacuum_pilot/run_204/PhaseSpaceIn.root,/home/ltf/project/github/PCT/data/simulation_data/results0717_s2_water_vacuum_pilot/run_204/PhaseSpaceOut.root
99783,99783,0,90726,90726,0,87643,12140,87643,87643,0,0,205,/home/ltf/project/github/PCT/data/simulation_data/results0717_s2_water_vacuum_pilot/run_205/PhaseSpaceIn.root,/home/ltf/project/github/PCT/data/simulation_data/results0717_s2_water_vacuum_pilot/run_205/PhaseSpaceOut.root
99680,99680,0,90731,90731,0,87595,12085,87595,87595,0,0,206,/home/ltf/project/github/PCT/data/simulation_data/results0717_s2_water_vacuum_pilot/run_206/PhaseSpaceIn.root,/home/ltf/project/github/PCT/data/simulation_data/results0717_s2_water_vacuum_pilot/run_206/PhaseSpaceOut.root
100346,100346,0,91354,91354,0,88194,12152,88194,88194,0,0,207,/home/ltf/project/github/PCT/data/simulation_data/results0717_s2_water_vacuum_pilot/run_207/PhaseSpaceIn.root,/home/ltf/project/github/PCT/data/simulation_data/results0717_s2_water_vacuum_pilot/run_207/PhaseSpaceOut.root
100315,100315,0,91492,91492,0,88360,11955,88360,88360,0,0,208,/home/ltf/project/github/PCT/data/simulation_data/results0717_s2_water_vacuum_pilot/run_208/PhaseSpaceIn.root,/home/ltf/project/github/PCT/data/simulation_data/results0717_s2_water_vacuum_pilot/run_208/PhaseSpaceOut.root
100169,100169,0,91085,91085,0,87995,12174,87995,87995,0,0,209,/home/ltf/project/github/PCT/data/simulation_data/results0717_s2_water_vacuum_pilot/run_209/PhaseSpaceIn.root,/home/ltf/project/github/PCT/data/simulation_data/results0717_s2_water_vacuum_pilot/run_209/PhaseSpaceOut.root
100444,100444,0,91546,91546,0,88434,12010,88434,88434,0,0,210,/home/ltf/project/github/PCT/data/simulation_data/results0717_s2_water_vacuum_pilot/run_210/PhaseSpaceIn.root,/home/ltf/project/github/PCT/data/simulation_data/results0717_s2_water_vacuum_pilot/run_210/PhaseSpaceOut.root
99785,99785,0,90796,90796,0,87659,12126,87659,87659,0,0,211,/home/ltf/project/github/PCT/data/simulation_data/results0717_s2_water_vacuum_pilot/run_211/PhaseSpaceIn.root,/home/ltf/project/github/PCT/data/simulation_data/results0717_s2_water_vacuum_pilot/run_211/PhaseSpaceOut.root
99584,99584,0,90642,90642,0,87456,12128,87456,87456,0,0,212,/home/ltf/project/github/PCT/data/simulation_data/results0717_s2_water_vacuum_pilot/run_212/PhaseSpaceIn.root,/home/ltf/project/github/PCT/data/simulation_data/results0717_s2_water_vacuum_pilot/run_212/PhaseSpaceOut.root
99953,99953,0,91002,91002,0,87927,12026,87927,87927,0,0,213,/home/ltf/project/github/PCT/data/simulation_data/results0717_s2_water_vacuum_pilot/run_213/PhaseSpaceIn.root,/home/ltf/project/github/PCT/data/simulation_data/results0717_s2_water_vacuum_pilot/run_213/PhaseSpaceOut.root
100195,100195,0,91284,91284,0,88137,12058,88137,88137,0,0,214,/home/ltf/project/github/PCT/data/simulation_data/results0717_s2_water_vacuum_pilot/run_214/PhaseSpaceIn.root,/home/ltf/project/github/PCT/data/simulation_data/results0717_s2_water_vacuum_pilot/run_214/PhaseSpaceOut.root
100381,100381,0,91495,91495,0,88296,12085,88296,88296,0,0,215,/home/ltf/project/github/PCT/data/simulation_data/results0717_s2_water_vacuum_pilot/run_215/PhaseSpaceIn.root,/home/ltf/project/github/PCT/data/simulation_data/results0717_s2_water_vacuum_pilot/run_215/PhaseSpaceOut.root
100065,100065,0,90829,90829,0,87739,12326,87739,87739,0,0,216,/home/ltf/project/github/PCT/data/simulation_data/results0717_s2_water_vacuum_pilot/run_216/PhaseSpaceIn.root,/home/ltf/project/github/PCT/data/simulation_data/results0717_s2_water_vacuum_pilot/run_216/PhaseSpaceOut.root
100453,100453,0,91430,91430,0,88126,12327,88126,88126,0,0,217,/home/ltf/project/github/PCT/data/simulation_data/results0717_s2_water_vacuum_pilot/run_217/PhaseSpaceIn.root,/home/ltf/project/github/PCT/data/simulation_data/results0717_s2_water_vacuum_pilot/run_217/PhaseSpaceOut.root
100106,100106,0,91073,91073,0,87896,12210,87896,87896,0,0,218,/home/ltf/project/github/PCT/data/simulation_data/results0717_s2_water_vacuum_pilot/run_218/PhaseSpaceIn.root,/home/ltf/project/github/PCT/data/simulation_data/results0717_s2_water_vacuum_pilot/run_218/PhaseSpaceOut.root
100058,100058,0,91030,91030,0,87925,12133,87925,87925,0,0,219,/home/ltf/project/github/PCT/data/simulation_data/results0717_s2_water_vacuum_pilot/run_219/PhaseSpaceIn.root,/home/ltf/project/github/PCT/data/simulation_data/results0717_s2_water_vacuum_pilot/run_219/PhaseSpaceOut.root
100162,100161,1,91146,91146,0,87914,12247,87914,87914,0,0,220,/home/ltf/project/github/PCT/data/simulation_data/results0717_s2_water_vacuum_pilot/run_220/PhaseSpaceIn.root,/home/ltf/project/github/PCT/data/simulation_data/results0717_s2_water_vacuum_pilot/run_220/PhaseSpaceOut.root
99583,99583,0,90695,90695,0,87606,11977,87606,87606,0,0,221,/home/ltf/project/github/PCT/data/simulation_data/results0717_s2_water_vacuum_pilot/run_221/PhaseSpaceIn.root,/home/ltf/project/github/PCT/data/simulation_data/results0717_s2_water_vacuum_pilot/run_221/PhaseSpaceOut.root
99532,99532,0,90521,90521,0,87361,12171,87361,87361,0,0,222,/home/ltf/project/github/PCT/data/simulation_data/results0717_s2_water_vacuum_pilot/run_222/PhaseSpaceIn.root,/home/ltf/project/github/PCT/data/simulation_data/results0717_s2_water_vacuum_pilot/run_222/PhaseSpaceOut.root
99636,99636,0,90664,90664,0,87566,12070,87566,87566,0,0,223,/home/ltf/project/github/PCT/data/simulation_data/results0717_s2_water_vacuum_pilot/run_223/PhaseSpaceIn.root,/home/ltf/project/github/PCT/data/simulation_data/results0717_s2_water_vacuum_pilot/run_223/PhaseSpaceOut.root
99940,99940,0,90978,90978,0,87910,12030,87910,87910,0,0,224,/home/ltf/project/github/PCT/data/simulation_data/results0717_s2_water_vacuum_pilot/run_224/PhaseSpaceIn.root,/home/ltf/project/github/PCT/data/simulation_data/results0717_s2_water_vacuum_pilot/run_224/PhaseSpaceOut.root
99702,99702,0,90872,90872,0,87835,11867,87835,87835,0,0,225,/home/ltf/project/github/PCT/data/simulation_data/results0717_s2_water_vacuum_pilot/run_225/PhaseSpaceIn.root,/home/ltf/project/github/PCT/data/simulation_data/results0717_s2_water_vacuum_pilot/run_225/PhaseSpaceOut.root
100004,100004,0,91007,91007,0,87874,12130,87874,87874,0,0,226,/home/ltf/project/github/PCT/data/simulation_data/results0717_s2_water_vacuum_pilot/run_226/PhaseSpaceIn.root,/home/ltf/project/github/PCT/data/simulation_data/results0717_s2_water_vacuum_pilot/run_226/PhaseSpaceOut.root
100249,100249,0,91340,91340,0,88121,12128,88121,88121,0,0,227,/home/ltf/project/github/PCT/data/simulation_data/results0717_s2_water_vacuum_pilot/run_227/PhaseSpaceIn.root,/home/ltf/project/github/PCT/data/simulation_data/results0717_s2_water_vacuum_pilot/run_227/PhaseSpaceOut.root
99610,99610,0,90689,90689,0,87553,12057,87553,87553,0,0,228,/home/ltf/project/github/PCT/data/simulation_data/results0717_s2_water_vacuum_pilot/run_228/PhaseSpaceIn.root,/home/ltf/project/github/PCT/data/simulation_data/results0717_s2_water_vacuum_pilot/run_228/PhaseSpaceOut.root
99878,99878,0,90828,90828,0,87652,12226,87652,87652,0,0,229,/home/ltf/project/github/PCT/data/simulation_data/results0717_s2_water_vacuum_pilot/run_229/PhaseSpaceIn.root,/home/ltf/project/github/PCT/data/simulation_data/results0717_s2_water_vacuum_pilot/run_229/PhaseSpaceOut.root
99630,99630,0,90621,90621,0,87465,12165,87465,87465,0,0,230,/home/ltf/project/github/PCT/data/simulation_data/results0717_s2_water_vacuum_pilot/run_230/PhaseSpaceIn.root,/home/ltf/project/github/PCT/data/simulation_data/results0717_s2_water_vacuum_pilot/run_230/PhaseSpaceOut.root
100349,100349,0,91274,91274,0,88128,12221,88128,88128,0,0,231,/home/ltf/project/github/PCT/data/simulation_data/results0717_s2_water_vacuum_pilot/run_231/PhaseSpaceIn.root,/home/ltf/project/github/PCT/data/simulation_data/results0717_s2_water_vacuum_pilot/run_231/PhaseSpaceOut.root
100102,100102,0,91125,91125,0,87981,12121,87981,87981,0,0,232,/home/ltf/project/github/PCT/data/simulation_data/results0717_s2_water_vacuum_pilot/run_232/PhaseSpaceIn.root,/home/ltf/project/github/PCT/data/simulation_data/results0717_s2_water_vacuum_pilot/run_232/PhaseSpaceOut.root
99773,99773,0,90818,90818,0,87681,12092,87681,87681,0,0,233,/home/ltf/project/github/PCT/data/simulation_data/results0717_s2_water_vacuum_pilot/run_233/PhaseSpaceIn.root,/home/ltf/project/github/PCT/data/simulation_data/results0717_s2_water_vacuum_pilot/run_233/PhaseSpaceOut.root
99482,99482,0,90461,90461,0,87319,12163,87319,87319,0,0,234,/home/ltf/project/github/PCT/data/simulation_data/results0717_s2_water_vacuum_pilot/run_234/PhaseSpaceIn.root,/home/ltf/project/github/PCT/data/simulation_data/results0717_s2_water_vacuum_pilot/run_234/PhaseSpaceOut.root
100230,100230,0,91246,91246,0,88115,12115,88115,88115,0,0,235,/home/ltf/project/github/PCT/data/simulation_data/results0717_s2_water_vacuum_pilot/run_235/PhaseSpaceIn.root,/home/ltf/project/github/PCT/data/simulation_data/results0717_s2_water_vacuum_pilot/run_235/PhaseSpaceOut.root
99443,99443,0,90577,90577,0,87372,12071,87372,87372,0,0,236,/home/ltf/project/github/PCT/data/simulation_data/results0717_s2_water_vacuum_pilot/run_236/PhaseSpaceIn.root,/home/ltf/project/github/PCT/data/simulation_data/results0717_s2_water_vacuum_pilot/run_236/PhaseSpaceOut.root
100290,100290,0,91480,91480,0,88380,11910,88380,88380,0,0,237,/home/ltf/project/github/PCT/data/simulation_data/results0717_s2_water_vacuum_pilot/run_237/PhaseSpaceIn.root,/home/ltf/project/github/PCT/data/simulation_data/results0717_s2_water_vacuum_pilot/run_237/PhaseSpaceOut.root
99713,99713,0,90615,90615,0,87428,12285,87428,87428,0,0,238,/home/ltf/project/github/PCT/data/simulation_data/results0717_s2_water_vacuum_pilot/run_238/PhaseSpaceIn.root,/home/ltf/project/github/PCT/data/simulation_data/results0717_s2_water_vacuum_pilot/run_238/PhaseSpaceOut.root
100046,100046,0,90945,90945,0,87825,12221,87825,87825,0,0,239,/home/ltf/project/github/PCT/data/simulation_data/results0717_s2_water_vacuum_pilot/run_239/PhaseSpaceIn.root,/home/ltf/project/github/PCT/data/simulation_data/results0717_s2_water_vacuum_pilot/run_239/PhaseSpaceOut.root
100183,100183,0,91054,91054,0,87869,12314,87869,87869,0,0,240,/home/ltf/project/github/PCT/data/simulation_data/results0717_s2_water_vacuum_pilot/run_240/PhaseSpaceIn.root,/home/ltf/project/github/PCT/data/simulation_data/results0717_s2_water_vacuum_pilot/run_240/PhaseSpaceOut.root
100082,100082,0,91180,91180,0,88072,12010,88072,88072,0,0,241,/home/ltf/project/github/PCT/data/simulation_data/results0717_s2_water_vacuum_pilot/run_241/PhaseSpaceIn.root,/home/ltf/project/github/PCT/data/simulation_data/results0717_s2_water_vacuum_pilot/run_241/PhaseSpaceOut.root
100506,100506,0,91536,91536,0,88375,12131,88375,88375,0,0,242,/home/ltf/project/github/PCT/data/simulation_data/results0717_s2_water_vacuum_pilot/run_242/PhaseSpaceIn.root,/home/ltf/project/github/PCT/data/simulation_data/results0717_s2_water_vacuum_pilot/run_242/PhaseSpaceOut.root
100222,100222,0,91189,91189,0,88121,12101,88121,88121,0,0,243,/home/ltf/project/github/PCT/data/simulation_data/results0717_s2_water_vacuum_pilot/run_243/PhaseSpaceIn.root,/home/ltf/project/github/PCT/data/simulation_data/results0717_s2_water_vacuum_pilot/run_243/PhaseSpaceOut.root
100223,100223,0,91181,91181,0,88030,12193,88030,88030,0,0,244,/home/ltf/project/github/PCT/data/simulation_data/results0717_s2_water_vacuum_pilot/run_244/PhaseSpaceIn.root,/home/ltf/project/github/PCT/data/simulation_data/results0717_s2_water_vacuum_pilot/run_244/PhaseSpaceOut.root
100394,100394,0,91242,91242,0,88082,12312,88082,88082,0,0,245,/home/ltf/project/github/PCT/data/simulation_data/results0717_s2_water_vacuum_pilot/run_245/PhaseSpaceIn.root,/home/ltf/project/github/PCT/data/simulation_data/results0717_s2_water_vacuum_pilot/run_245/PhaseSpaceOut.root
100298,100298,0,91386,91386,0,88164,12134,88164,88164,0,0,246,/home/ltf/project/github/PCT/data/simulation_data/results0717_s2_water_vacuum_pilot/run_246/PhaseSpaceIn.root,/home/ltf/project/github/PCT/data/simulation_data/results0717_s2_water_vacuum_pilot/run_246/PhaseSpaceOut.root
100084,100084,0,91098,91098,0,87842,12242,87842,87842,0,0,247,/home/ltf/project/github/PCT/data/simulation_data/results0717_s2_water_vacuum_pilot/run_247/PhaseSpaceIn.root,/home/ltf/project/github/PCT/data/simulation_data/results0717_s2_water_vacuum_pilot/run_247/PhaseSpaceOut.root
100164,100164,0,91195,91195,0,88066,12098,88066,88066,0,0,248,/home/ltf/project/github/PCT/data/simulation_data/results0717_s2_water_vacuum_pilot/run_248/PhaseSpaceIn.root,/home/ltf/project/github/PCT/data/simulation_data/results0717_s2_water_vacuum_pilot/run_248/PhaseSpaceOut.root
99849,99849,0,90789,90789,0,87714,12135,87714,87714,0,0,249,/home/ltf/project/github/PCT/data/simulation_data/results0717_s2_water_vacuum_pilot/run_249/PhaseSpaceIn.root,/home/ltf/project/github/PCT/data/simulation_data/results0717_s2_water_vacuum_pilot/run_249/PhaseSpaceOut.root
100207,100207,0,91216,91216,0,88101,12106,88101,88101,0,0,250,/home/ltf/project/github/PCT/data/simulation_data/results0717_s2_water_vacuum_pilot/run_250/PhaseSpaceIn.root,/home/ltf/project/github/PCT/data/simulation_data/results0717_s2_water_vacuum_pilot/run_250/PhaseSpaceOut.root
100340,100340,0,91277,91277,0,88076,12264,88076,88076,0,0,251,/home/ltf/project/github/PCT/data/simulation_data/results0717_s2_water_vacuum_pilot/run_251/PhaseSpaceIn.root,/home/ltf/project/github/PCT/data/simulation_data/results0717_s2_water_vacuum_pilot/run_251/PhaseSpaceOut.root
99744,99744,0,90653,90653,0,87618,12126,87618,87618,0,0,252,/home/ltf/project/github/PCT/data/simulation_data/results0717_s2_water_vacuum_pilot/run_252/PhaseSpaceIn.root,/home/ltf/project/github/PCT/data/simulation_data/results0717_s2_water_vacuum_pilot/run_252/PhaseSpaceOut.root
100158,100158,0,91096,91096,0,87962,12196,87962,87962,0,0,253,/home/ltf/project/github/PCT/data/simulation_data/results0717_s2_water_vacuum_pilot/run_253/PhaseSpaceIn.root,/home/ltf/project/github/PCT/data/simulation_data/results0717_s2_water_vacuum_pilot/run_253/PhaseSpaceOut.root
100395,100395,0,91468,91468,0,88250,12145,88250,88250,0,0,254,/home/ltf/project/github/PCT/data/simulation_data/results0717_s2_water_vacuum_pilot/run_254/PhaseSpaceIn.root,/home/ltf/project/github/PCT/data/simulation_data/results0717_s2_water_vacuum_pilot/run_254/PhaseSpaceOut.root
99954,99954,0,90853,90853,0,87758,12196,87758,87758,0,0,255,/home/ltf/project/github/PCT/data/simulation_data/results0717_s2_water_vacuum_pilot/run_255/PhaseSpaceIn.root,/home/ltf/project/github/PCT/data/simulation_data/results0717_s2_water_vacuum_pilot/run_255/PhaseSpaceOut.root
100162,100162,0,91113,91113,0,87973,12189,87973,87973,0,0,256,/home/ltf/project/github/PCT/data/simulation_data/results0717_s2_water_vacuum_pilot/run_256/PhaseSpaceIn.root,/home/ltf/project/github/PCT/data/simulation_data/results0717_s2_water_vacuum_pilot/run_256/PhaseSpaceOut.root
100476,100476,0,91479,91479,0,88294,12182,88294,88294,0,0,257,/home/ltf/project/github/PCT/data/simulation_data/results0717_s2_water_vacuum_pilot/run_257/PhaseSpaceIn.root,/home/ltf/project/github/PCT/data/simulation_data/results0717_s2_water_vacuum_pilot/run_257/PhaseSpaceOut.root
99733,99733,0,90666,90666,0,87540,12193,87540,87540,0,0,258,/home/ltf/project/github/PCT/data/simulation_data/results0717_s2_water_vacuum_pilot/run_258/PhaseSpaceIn.root,/home/ltf/project/github/PCT/data/simulation_data/results0717_s2_water_vacuum_pilot/run_258/PhaseSpaceOut.root
100349,100349,0,91302,91302,0,88098,12251,88098,88098,0,0,259,/home/ltf/project/github/PCT/data/simulation_data/results0717_s2_water_vacuum_pilot/run_259/PhaseSpaceIn.root,/home/ltf/project/github/PCT/data/simulation_data/results0717_s2_water_vacuum_pilot/run_259/PhaseSpaceOut.root
99821,99821,0,90855,90855,0,87756,12065,87756,87756,0,0,260,/home/ltf/project/github/PCT/data/simulation_data/results0717_s2_water_vacuum_pilot/run_260/PhaseSpaceIn.root,/home/ltf/project/github/PCT/data/simulation_data/results0717_s2_water_vacuum_pilot/run_260/PhaseSpaceOut.root
100458,100458,0,91333,91333,0,88143,12315,88143,88143,0,0,261,/home/ltf/project/github/PCT/data/simulation_data/results0717_s2_water_vacuum_pilot/run_261/PhaseSpaceIn.root,/home/ltf/project/github/PCT/data/simulation_data/results0717_s2_water_vacuum_pilot/run_261/PhaseSpaceOut.root
100081,100081,0,91096,91096,0,87930,12151,87930,87930,0,0,262,/home/ltf/project/github/PCT/data/simulation_data/results0717_s2_water_vacuum_pilot/run_262/PhaseSpaceIn.root,/home/ltf/project/github/PCT/data/simulation_data/results0717_s2_water_vacuum_pilot/run_262/PhaseSpaceOut.root
100097,100097,0,91049,91049,0,87946,12151,87946,87946,0,0,263,/home/ltf/project/github/PCT/data/simulation_data/results0717_s2_water_vacuum_pilot/run_263/PhaseSpaceIn.root,/home/ltf/project/github/PCT/data/simulation_data/results0717_s2_water_vacuum_pilot/run_263/PhaseSpaceOut.root
100280,100280,0,91281,91281,0,88120,12160,88120,88120,0,0,264,/home/ltf/project/github/PCT/data/simulation_data/results0717_s2_water_vacuum_pilot/run_264/PhaseSpaceIn.root,/home/ltf/project/github/PCT/data/simulation_data/results0717_s2_water_vacuum_pilot/run_264/PhaseSpaceOut.root
100409,100409,0,91383,91383,0,88200,12209,88200,88200,0,0,265,/home/ltf/project/github/PCT/data/simulation_data/results0717_s2_water_vacuum_pilot/run_265/PhaseSpaceIn.root,/home/ltf/project/github/PCT/data/simulation_data/results0717_s2_water_vacuum_pilot/run_265/PhaseSpaceOut.root
100213,100213,0,91155,91155,0,87901,12312,87901,87901,0,0,266,/home/ltf/project/github/PCT/data/simulation_data/results0717_s2_water_vacuum_pilot/run_266/PhaseSpaceIn.root,/home/ltf/project/github/PCT/data/simulation_data/results0717_s2_water_vacuum_pilot/run_266/PhaseSpaceOut.root
99786,99786,0,90841,90841,0,87592,12194,87592,87592,0,0,267,/home/ltf/project/github/PCT/data/simulation_data/results0717_s2_water_vacuum_pilot/run_267/PhaseSpaceIn.root,/home/ltf/project/github/PCT/data/simulation_data/results0717_s2_water_vacuum_pilot/run_267/PhaseSpaceOut.root
99800,99800,0,90856,90856,0,87721,12079,87721,87721,0,0,268,/home/ltf/project/github/PCT/data/simulation_data/results0717_s2_water_vacuum_pilot/run_268/PhaseSpaceIn.root,/home/ltf/project/github/PCT/data/simulation_data/results0717_s2_water_vacuum_pilot/run_268/PhaseSpaceOut.root
99584,99584,0,90624,90624,0,87523,12061,87523,87523,0,0,269,/home/ltf/project/github/PCT/data/simulation_data/results0717_s2_water_vacuum_pilot/run_269/PhaseSpaceIn.root,/home/ltf/project/github/PCT/data/simulation_data/results0717_s2_water_vacuum_pilot/run_269/PhaseSpaceOut.root
99692,99692,0,90614,90614,0,87437,12255,87437,87437,0,0,270,/home/ltf/project/github/PCT/data/simulation_data/results0717_s2_water_vacuum_pilot/run_270/PhaseSpaceIn.root,/home/ltf/project/github/PCT/data/simulation_data/results0717_s2_water_vacuum_pilot/run_270/PhaseSpaceOut.root
100137,100137,0,91186,91186,0,87997,12140,87997,87997,0,0,271,/home/ltf/project/github/PCT/data/simulation_data/results0717_s2_water_vacuum_pilot/run_271/PhaseSpaceIn.root,/home/ltf/project/github/PCT/data/simulation_data/results0717_s2_water_vacuum_pilot/run_271/PhaseSpaceOut.root
99912,99912,0,91023,91023,0,87888,12024,87888,87888,0,0,272,/home/ltf/project/github/PCT/data/simulation_data/results0717_s2_water_vacuum_pilot/run_272/PhaseSpaceIn.root,/home/ltf/project/github/PCT/data/simulation_data/results0717_s2_water_vacuum_pilot/run_272/PhaseSpaceOut.root
100322,100322,0,91136,91136,0,88091,12231,88091,88091,0,0,273,/home/ltf/project/github/PCT/data/simulation_data/results0717_s2_water_vacuum_pilot/run_273/PhaseSpaceIn.root,/home/ltf/project/github/PCT/data/simulation_data/results0717_s2_water_vacuum_pilot/run_273/PhaseSpaceOut.root
100592,100592,0,91513,91513,0,88262,12330,88262,88262,0,0,274,/home/ltf/project/github/PCT/data/simulation_data/results0717_s2_water_vacuum_pilot/run_274/PhaseSpaceIn.root,/home/ltf/project/github/PCT/data/simulation_data/results0717_s2_water_vacuum_pilot/run_274/PhaseSpaceOut.root
100953,100953,0,91804,91804,0,88557,12396,88557,88557,0,0,275,/home/ltf/project/github/PCT/data/simulation_data/results0717_s2_water_vacuum_pilot/run_275/PhaseSpaceIn.root,/home/ltf/project/github/PCT/data/simulation_data/results0717_s2_water_vacuum_pilot/run_275/PhaseSpaceOut.root
100011,100011,0,90942,90942,0,87709,12302,87709,87709,0,0,276,/home/ltf/project/github/PCT/data/simulation_data/results0717_s2_water_vacuum_pilot/run_276/PhaseSpaceIn.root,/home/ltf/project/github/PCT/data/simulation_data/results0717_s2_water_vacuum_pilot/run_276/PhaseSpaceOut.root
99967,99967,0,90956,90956,0,87851,12116,87851,87851,0,0,277,/home/ltf/project/github/PCT/data/simulation_data/results0717_s2_water_vacuum_pilot/run_277/PhaseSpaceIn.root,/home/ltf/project/github/PCT/data/simulation_data/results0717_s2_water_vacuum_pilot/run_277/PhaseSpaceOut.root
99913,99913,0,90735,90735,0,87549,12364,87549,87549,0,0,278,/home/ltf/project/github/PCT/data/simulation_data/results0717_s2_water_vacuum_pilot/run_278/PhaseSpaceIn.root,/home/ltf/project/github/PCT/data/simulation_data/results0717_s2_water_vacuum_pilot/run_278/PhaseSpaceOut.root
100300,100300,0,91307,91307,0,88242,12058,88242,88242,0,0,279,/home/ltf/project/github/PCT/data/simulation_data/results0717_s2_water_vacuum_pilot/run_279/PhaseSpaceIn.root,/home/ltf/project/github/PCT/data/simulation_data/results0717_s2_water_vacuum_pilot/run_279/PhaseSpaceOut.root
99658,99658,0,90739,90739,0,87631,12027,87631,87631,0,0,280,/home/ltf/project/github/PCT/data/simulation_data/results0717_s2_water_vacuum_pilot/run_280/PhaseSpaceIn.root,/home/ltf/project/github/PCT/data/simulation_data/results0717_s2_water_vacuum_pilot/run_280/PhaseSpaceOut.root
100040,100040,0,91098,91098,0,88018,12022,88018,88018,0,0,281,/home/ltf/project/github/PCT/data/simulation_data/results0717_s2_water_vacuum_pilot/run_281/PhaseSpaceIn.root,/home/ltf/project/github/PCT/data/simulation_data/results0717_s2_water_vacuum_pilot/run_281/PhaseSpaceOut.root
100174,100174,0,91140,91140,0,88075,12099,88075,88075,0,0,282,/home/ltf/project/github/PCT/data/simulation_data/results0717_s2_water_vacuum_pilot/run_282/PhaseSpaceIn.root,/home/ltf/project/github/PCT/data/simulation_data/results0717_s2_water_vacuum_pilot/run_282/PhaseSpaceOut.root
100204,100204,0,91345,91345,0,88243,11961,88243,88243,0,0,283,/home/ltf/project/github/PCT/data/simulation_data/results0717_s2_water_vacuum_pilot/run_283/PhaseSpaceIn.root,/home/ltf/project/github/PCT/data/simulation_data/results0717_s2_water_vacuum_pilot/run_283/PhaseSpaceOut.root
99412,99412,0,90502,90502,0,87440,11972,87440,87440,0,0,284,/home/ltf/project/github/PCT/data/simulation_data/results0717_s2_water_vacuum_pilot/run_284/PhaseSpaceIn.root,/home/ltf/project/github/PCT/data/simulation_data/results0717_s2_water_vacuum_pilot/run_284/PhaseSpaceOut.root
100299,100299,0,91305,91305,0,88126,12173,88126,88126,0,0,285,/home/ltf/project/github/PCT/data/simulation_data/results0717_s2_water_vacuum_pilot/run_285/PhaseSpaceIn.root,/home/ltf/project/github/PCT/data/simulation_data/results0717_s2_water_vacuum_pilot/run_285/PhaseSpaceOut.root
99352,99352,0,90452,90452,0,87326,12026,87326,87326,0,0,286,/home/ltf/project/github/PCT/data/simulation_data/results0717_s2_water_vacuum_pilot/run_286/PhaseSpaceIn.root,/home/ltf/project/github/PCT/data/simulation_data/results0717_s2_water_vacuum_pilot/run_286/PhaseSpaceOut.root
99691,99691,0,90735,90735,0,87731,11960,87731,87731,0,0,287,/home/ltf/project/github/PCT/data/simulation_data/results0717_s2_water_vacuum_pilot/run_287/PhaseSpaceIn.root,/home/ltf/project/github/PCT/data/simulation_data/results0717_s2_water_vacuum_pilot/run_287/PhaseSpaceOut.root
100293,100293,0,91214,91214,0,88215,12078,88215,88215,0,0,288,/home/ltf/project/github/PCT/data/simulation_data/results0717_s2_water_vacuum_pilot/run_288/PhaseSpaceIn.root,/home/ltf/project/github/PCT/data/simulation_data/results0717_s2_water_vacuum_pilot/run_288/PhaseSpaceOut.root
100277,100277,0,91356,91356,0,88158,12119,88158,88158,0,0,289,/home/ltf/project/github/PCT/data/simulation_data/results0717_s2_water_vacuum_pilot/run_289/PhaseSpaceIn.root,/home/ltf/project/github/PCT/data/simulation_data/results0717_s2_water_vacuum_pilot/run_289/PhaseSpaceOut.root
99649,99649,0,90729,90729,0,87636,12013,87636,87636,0,0,290,/home/ltf/project/github/PCT/data/simulation_data/results0717_s2_water_vacuum_pilot/run_290/PhaseSpaceIn.root,/home/ltf/project/github/PCT/data/simulation_data/results0717_s2_water_vacuum_pilot/run_290/PhaseSpaceOut.root
99749,99749,0,90841,90841,0,87804,11945,87804,87804,0,0,291,/home/ltf/project/github/PCT/data/simulation_data/results0717_s2_water_vacuum_pilot/run_291/PhaseSpaceIn.root,/home/ltf/project/github/PCT/data/simulation_data/results0717_s2_water_vacuum_pilot/run_291/PhaseSpaceOut.root
100318,100318,0,91291,91291,0,88141,12177,88141,88141,0,0,292,/home/ltf/project/github/PCT/data/simulation_data/results0717_s2_water_vacuum_pilot/run_292/PhaseSpaceIn.root,/home/ltf/project/github/PCT/data/simulation_data/results0717_s2_water_vacuum_pilot/run_292/PhaseSpaceOut.root
99984,99984,0,91021,91021,0,87882,12102,87882,87882,0,0,293,/home/ltf/project/github/PCT/data/simulation_data/results0717_s2_water_vacuum_pilot/run_293/PhaseSpaceIn.root,/home/ltf/project/github/PCT/data/simulation_data/results0717_s2_water_vacuum_pilot/run_293/PhaseSpaceOut.root
99719,99719,0,90813,90813,0,87717,12002,87717,87717,0,0,294,/home/ltf/project/github/PCT/data/simulation_data/results0717_s2_water_vacuum_pilot/run_294/PhaseSpaceIn.root,/home/ltf/project/github/PCT/data/simulation_data/results0717_s2_water_vacuum_pilot/run_294/PhaseSpaceOut.root
100513,100513,0,91553,91553,0,88423,12090,88423,88423,0,0,295,/home/ltf/project/github/PCT/data/simulation_data/results0717_s2_water_vacuum_pilot/run_295/PhaseSpaceIn.root,/home/ltf/project/github/PCT/data/simulation_data/results0717_s2_water_vacuum_pilot/run_295/PhaseSpaceOut.root
100486,100486,0,91437,91437,0,88291,12195,88291,88291,0,0,296,/home/ltf/project/github/PCT/data/simulation_data/results0717_s2_water_vacuum_pilot/run_296/PhaseSpaceIn.root,/home/ltf/project/github/PCT/data/simulation_data/results0717_s2_water_vacuum_pilot/run_296/PhaseSpaceOut.root
100301,100301,0,91266,91266,0,88116,12185,88116,88116,0,0,297,/home/ltf/project/github/PCT/data/simulation_data/results0717_s2_water_vacuum_pilot/run_297/PhaseSpaceIn.root,/home/ltf/project/github/PCT/data/simulation_data/results0717_s2_water_vacuum_pilot/run_297/PhaseSpaceOut.root
100004,100004,0,91022,91022,0,87932,12072,87932,87932,0,0,298,/home/ltf/project/github/PCT/data/simulation_data/results0717_s2_water_vacuum_pilot/run_298/PhaseSpaceIn.root,/home/ltf/project/github/PCT/data/simulation_data/results0717_s2_water_vacuum_pilot/run_298/PhaseSpaceOut.root
100052,100052,0,91079,91079,0,87930,12122,87930,87930,0,0,299,/home/ltf/project/github/PCT/data/simulation_data/results0717_s2_water_vacuum_pilot/run_299/PhaseSpaceIn.root,/home/ltf/project/github/PCT/data/simulation_data/results0717_s2_water_vacuum_pilot/run_299/PhaseSpaceOut.root
99980,99980,0,90909,90909,0,87758,12222,87758,87758,0,0,300,/home/ltf/project/github/PCT/data/simulation_data/results0717_s2_water_vacuum_pilot/run_300/PhaseSpaceIn.root,/home/ltf/project/github/PCT/data/simulation_data/results0717_s2_water_vacuum_pilot/run_300/PhaseSpaceOut.root
100727,100727,0,91792,91792,0,88546,12181,88546,88546,0,0,301,/home/ltf/project/github/PCT/data/simulation_data/results0717_s2_water_vacuum_pilot/run_301/PhaseSpaceIn.root,/home/ltf/project/github/PCT/data/simulation_data/results0717_s2_water_vacuum_pilot/run_301/PhaseSpaceOut.root
100092,100092,0,91120,91120,0,88004,12088,88004,88004,0,0,302,/home/ltf/project/github/PCT/data/simulation_data/results0717_s2_water_vacuum_pilot/run_302/PhaseSpaceIn.root,/home/ltf/project/github/PCT/data/simulation_data/results0717_s2_water_vacuum_pilot/run_302/PhaseSpaceOut.root
99865,99865,0,90896,90896,0,87773,12092,87773,87773,0,0,303,/home/ltf/project/github/PCT/data/simulation_data/results0717_s2_water_vacuum_pilot/run_303/PhaseSpaceIn.root,/home/ltf/project/github/PCT/data/simulation_data/results0717_s2_water_vacuum_pilot/run_303/PhaseSpaceOut.root
99662,99662,0,90741,90741,0,87690,11972,87690,87690,0,0,304,/home/ltf/project/github/PCT/data/simulation_data/results0717_s2_water_vacuum_pilot/run_304/PhaseSpaceIn.root,/home/ltf/project/github/PCT/data/simulation_data/results0717_s2_water_vacuum_pilot/run_304/PhaseSpaceOut.root
100341,100341,0,91373,91373,0,88105,12236,88105,88105,0,0,305,/home/ltf/project/github/PCT/data/simulation_data/results0717_s2_water_vacuum_pilot/run_305/PhaseSpaceIn.root,/home/ltf/project/github/PCT/data/simulation_data/results0717_s2_water_vacuum_pilot/run_305/PhaseSpaceOut.root
100456,100456,0,91335,91335,0,88243,12213,88243,88243,0,0,306,/home/ltf/project/github/PCT/data/simulation_data/results0717_s2_water_vacuum_pilot/run_306/PhaseSpaceIn.root,/home/ltf/project/github/PCT/data/simulation_data/results0717_s2_water_vacuum_pilot/run_306/PhaseSpaceOut.root
99933,99933,0,90811,90811,0,87652,12281,87652,87652,0,0,307,/home/ltf/project/github/PCT/data/simulation_data/results0717_s2_water_vacuum_pilot/run_307/PhaseSpaceIn.root,/home/ltf/project/github/PCT/data/simulation_data/results0717_s2_water_vacuum_pilot/run_307/PhaseSpaceOut.root
100617,100617,0,91538,91538,0,88297,12320,88297,88297,0,0,308,/home/ltf/project/github/PCT/data/simulation_data/results0717_s2_water_vacuum_pilot/run_308/PhaseSpaceIn.root,/home/ltf/project/github/PCT/data/simulation_data/results0717_s2_water_vacuum_pilot/run_308/PhaseSpaceOut.root
99672,99672,0,90545,90545,0,87312,12360,87312,87312,0,0,309,/home/ltf/project/github/PCT/data/simulation_data/results0717_s2_water_vacuum_pilot/run_309/PhaseSpaceIn.root,/home/ltf/project/github/PCT/data/simulation_data/results0717_s2_water_vacuum_pilot/run_309/PhaseSpaceOut.root
99659,99659,0,90653,90653,0,87512,12147,87512,87512,0,0,310,/home/ltf/project/github/PCT/data/simulation_data/results0717_s2_water_vacuum_pilot/run_310/PhaseSpaceIn.root,/home/ltf/project/github/PCT/data/simulation_data/results0717_s2_water_vacuum_pilot/run_310/PhaseSpaceOut.root
100098,100098,0,91221,91221,0,87976,12122,87976,87976,0,0,311,/home/ltf/project/github/PCT/data/simulation_data/results0717_s2_water_vacuum_pilot/run_311/PhaseSpaceIn.root,/home/ltf/project/github/PCT/data/simulation_data/results0717_s2_water_vacuum_pilot/run_311/PhaseSpaceOut.root
99926,99926,0,90998,90998,0,87803,12123,87803,87803,0,0,312,/home/ltf/project/github/PCT/data/simulation_data/results0717_s2_water_vacuum_pilot/run_312/PhaseSpaceIn.root,/home/ltf/project/github/PCT/data/simulation_data/results0717_s2_water_vacuum_pilot/run_312/PhaseSpaceOut.root
100440,100440,0,91404,91404,0,88188,12252,88188,88188,0,0,313,/home/ltf/project/github/PCT/data/simulation_data/results0717_s2_water_vacuum_pilot/run_313/PhaseSpaceIn.root,/home/ltf/project/github/PCT/data/simulation_data/results0717_s2_water_vacuum_pilot/run_313/PhaseSpaceOut.root
100209,100209,0,91116,91116,0,88007,12202,88007,88007,0,0,314,/home/ltf/project/github/PCT/data/simulation_data/results0717_s2_water_vacuum_pilot/run_314/PhaseSpaceIn.root,/home/ltf/project/github/PCT/data/simulation_data/results0717_s2_water_vacuum_pilot/run_314/PhaseSpaceOut.root
100393,100393,0,91596,91596,0,88414,11979,88414,88414,0,0,315,/home/ltf/project/github/PCT/data/simulation_data/results0717_s2_water_vacuum_pilot/run_315/PhaseSpaceIn.root,/home/ltf/project/github/PCT/data/simulation_data/results0717_s2_water_vacuum_pilot/run_315/PhaseSpaceOut.root
99810,99810,0,90755,90755,0,87491,12319,87491,87491,0,0,316,/home/ltf/project/github/PCT/data/simulation_data/results0717_s2_water_vacuum_pilot/run_316/PhaseSpaceIn.root,/home/ltf/project/github/PCT/data/simulation_data/results0717_s2_water_vacuum_pilot/run_316/PhaseSpaceOut.root
100184,100184,0,91225,91225,0,87992,12192,87992,87992,0,0,317,/home/ltf/project/github/PCT/data/simulation_data/results0717_s2_water_vacuum_pilot/run_317/PhaseSpaceIn.root,/home/ltf/project/github/PCT/data/simulation_data/results0717_s2_water_vacuum_pilot/run_317/PhaseSpaceOut.root
99578,99578,0,90856,90856,0,87737,11841,87737,87737,0,0,318,/home/ltf/project/github/PCT/data/simulation_data/results0717_s2_water_vacuum_pilot/run_318/PhaseSpaceIn.root,/home/ltf/project/github/PCT/data/simulation_data/results0717_s2_water_vacuum_pilot/run_318/PhaseSpaceOut.root
99933,99933,0,90810,90810,0,87644,12289,87644,87644,0,0,319,/home/ltf/project/github/PCT/data/simulation_data/results0717_s2_water_vacuum_pilot/run_319/PhaseSpaceIn.root,/home/ltf/project/github/PCT/data/simulation_data/results0717_s2_water_vacuum_pilot/run_319/PhaseSpaceOut.root
99894,99894,0,90814,90814,0,87747,12147,87747,87747,0,0,320,/home/ltf/project/github/PCT/data/simulation_data/results0717_s2_water_vacuum_pilot/run_320/PhaseSpaceIn.root,/home/ltf/project/github/PCT/data/simulation_data/results0717_s2_water_vacuum_pilot/run_320/PhaseSpaceOut.root
99687,99687,0,90768,90768,0,87709,11978,87709,87709,0,0,321,/home/ltf/project/github/PCT/data/simulation_data/results0717_s2_water_vacuum_pilot/run_321/PhaseSpaceIn.root,/home/ltf/project/github/PCT/data/simulation_data/results0717_s2_water_vacuum_pilot/run_321/PhaseSpaceOut.root
99894,99894,0,90795,90795,0,87634,12260,87634,87634,0,0,322,/home/ltf/project/github/PCT/data/simulation_data/results0717_s2_water_vacuum_pilot/run_322/PhaseSpaceIn.root,/home/ltf/project/github/PCT/data/simulation_data/results0717_s2_water_vacuum_pilot/run_322/PhaseSpaceOut.root
100432,100432,0,91420,91420,0,88319,12113,88319,88319,0,0,323,/home/ltf/project/github/PCT/data/simulation_data/results0717_s2_water_vacuum_pilot/run_323/PhaseSpaceIn.root,/home/ltf/project/github/PCT/data/simulation_data/results0717_s2_water_vacuum_pilot/run_323/PhaseSpaceOut.root
100624,100624,0,91539,91539,0,88385,12239,88385,88385,0,0,324,/home/ltf/project/github/PCT/data/simulation_data/results0717_s2_water_vacuum_pilot/run_324/PhaseSpaceIn.root,/home/ltf/project/github/PCT/data/simulation_data/results0717_s2_water_vacuum_pilot/run_324/PhaseSpaceOut.root
100026,100026,0,91000,91000,0,87944,12082,87944,87944,0,0,325,/home/ltf/project/github/PCT/data/simulation_data/results0717_s2_water_vacuum_pilot/run_325/PhaseSpaceIn.root,/home/ltf/project/github/PCT/data/simulation_data/results0717_s2_water_vacuum_pilot/run_325/PhaseSpaceOut.root
100058,100058,0,90867,90867,0,87634,12424,87634,87634,0,0,326,/home/ltf/project/github/PCT/data/simulation_data/results0717_s2_water_vacuum_pilot/run_326/PhaseSpaceIn.root,/home/ltf/project/github/PCT/data/simulation_data/results0717_s2_water_vacuum_pilot/run_326/PhaseSpaceOut.root
100019,100019,0,90999,90999,0,87896,12123,87896,87896,0,0,327,/home/ltf/project/github/PCT/data/simulation_data/results0717_s2_water_vacuum_pilot/run_327/PhaseSpaceIn.root,/home/ltf/project/github/PCT/data/simulation_data/results0717_s2_water_vacuum_pilot/run_327/PhaseSpaceOut.root
100136,100136,0,91248,91248,0,88113,12023,88113,88113,0,0,328,/home/ltf/project/github/PCT/data/simulation_data/results0717_s2_water_vacuum_pilot/run_328/PhaseSpaceIn.root,/home/ltf/project/github/PCT/data/simulation_data/results0717_s2_water_vacuum_pilot/run_328/PhaseSpaceOut.root
99495,99495,0,90616,90616,0,87500,11995,87500,87500,0,0,329,/home/ltf/project/github/PCT/data/simulation_data/results0717_s2_water_vacuum_pilot/run_329/PhaseSpaceIn.root,/home/ltf/project/github/PCT/data/simulation_data/results0717_s2_water_vacuum_pilot/run_329/PhaseSpaceOut.root
99846,99846,0,90949,90949,0,87871,11975,87871,87871,0,0,330,/home/ltf/project/github/PCT/data/simulation_data/results0717_s2_water_vacuum_pilot/run_330/PhaseSpaceIn.root,/home/ltf/project/github/PCT/data/simulation_data/results0717_s2_water_vacuum_pilot/run_330/PhaseSpaceOut.root
100069,100069,0,91101,91101,0,87955,12114,87955,87955,0,0,331,/home/ltf/project/github/PCT/data/simulation_data/results0717_s2_water_vacuum_pilot/run_331/PhaseSpaceIn.root,/home/ltf/project/github/PCT/data/simulation_data/results0717_s2_water_vacuum_pilot/run_331/PhaseSpaceOut.root
100427,100427,0,91477,91477,0,88293,12134,88293,88293,0,0,332,/home/ltf/project/github/PCT/data/simulation_data/results0717_s2_water_vacuum_pilot/run_332/PhaseSpaceIn.root,/home/ltf/project/github/PCT/data/simulation_data/results0717_s2_water_vacuum_pilot/run_332/PhaseSpaceOut.root
100566,100566,0,91613,91613,0,88469,12097,88469,88469,0,0,333,/home/ltf/project/github/PCT/data/simulation_data/results0717_s2_water_vacuum_pilot/run_333/PhaseSpaceIn.root,/home/ltf/project/github/PCT/data/simulation_data/results0717_s2_water_vacuum_pilot/run_333/PhaseSpaceOut.root
99403,99403,0,90489,90489,0,87285,12118,87285,87285,0,0,334,/home/ltf/project/github/PCT/data/simulation_data/results0717_s2_water_vacuum_pilot/run_334/PhaseSpaceIn.root,/home/ltf/project/github/PCT/data/simulation_data/results0717_s2_water_vacuum_pilot/run_334/PhaseSpaceOut.root
100170,100170,0,91092,91092,0,87966,12204,87966,87966,0,0,335,/home/ltf/project/github/PCT/data/simulation_data/results0717_s2_water_vacuum_pilot/run_335/PhaseSpaceIn.root,/home/ltf/project/github/PCT/data/simulation_data/results0717_s2_water_vacuum_pilot/run_335/PhaseSpaceOut.root
100354,100354,0,91181,91181,0,88024,12330,88024,88024,0,0,336,/home/ltf/project/github/PCT/data/simulation_data/results0717_s2_water_vacuum_pilot/run_336/PhaseSpaceIn.root,/home/ltf/project/github/PCT/data/simulation_data/results0717_s2_water_vacuum_pilot/run_336/PhaseSpaceOut.root
100540,100540,0,91491,91491,0,88292,12248,88292,88292,0,0,337,/home/ltf/project/github/PCT/data/simulation_data/results0717_s2_water_vacuum_pilot/run_337/PhaseSpaceIn.root,/home/ltf/project/github/PCT/data/simulation_data/results0717_s2_water_vacuum_pilot/run_337/PhaseSpaceOut.root
100161,100161,0,91291,91291,0,88232,11929,88232,88232,0,0,338,/home/ltf/project/github/PCT/data/simulation_data/results0717_s2_water_vacuum_pilot/run_338/PhaseSpaceIn.root,/home/ltf/project/github/PCT/data/simulation_data/results0717_s2_water_vacuum_pilot/run_338/PhaseSpaceOut.root
100184,100184,0,91266,91266,0,88117,12067,88117,88117,0,0,339,/home/ltf/project/github/PCT/data/simulation_data/results0717_s2_water_vacuum_pilot/run_339/PhaseSpaceIn.root,/home/ltf/project/github/PCT/data/simulation_data/results0717_s2_water_vacuum_pilot/run_339/PhaseSpaceOut.root
99796,99796,0,91016,91016,0,87931,11865,87931,87931,0,0,340,/home/ltf/project/github/PCT/data/simulation_data/results0717_s2_water_vacuum_pilot/run_340/PhaseSpaceIn.root,/home/ltf/project/github/PCT/data/simulation_data/results0717_s2_water_vacuum_pilot/run_340/PhaseSpaceOut.root
99788,99788,0,90861,90861,0,87690,12098,87690,87690,0,0,341,/home/ltf/project/github/PCT/data/simulation_data/results0717_s2_water_vacuum_pilot/run_341/PhaseSpaceIn.root,/home/ltf/project/github/PCT/data/simulation_data/results0717_s2_water_vacuum_pilot/run_341/PhaseSpaceOut.root
100451,100451,0,91206,91206,0,88090,12361,88090,88090,0,0,342,/home/ltf/project/github/PCT/data/simulation_data/results0717_s2_water_vacuum_pilot/run_342/PhaseSpaceIn.root,/home/ltf/project/github/PCT/data/simulation_data/results0717_s2_water_vacuum_pilot/run_342/PhaseSpaceOut.root
99854,99854,0,90934,90934,0,87864,11990,87864,87864,0,0,343,/home/ltf/project/github/PCT/data/simulation_data/results0717_s2_water_vacuum_pilot/run_343/PhaseSpaceIn.root,/home/ltf/project/github/PCT/data/simulation_data/results0717_s2_water_vacuum_pilot/run_343/PhaseSpaceOut.root
100181,100181,0,91096,91096,0,87966,12215,87966,87966,0,0,344,/home/ltf/project/github/PCT/data/simulation_data/results0717_s2_water_vacuum_pilot/run_344/PhaseSpaceIn.root,/home/ltf/project/github/PCT/data/simulation_data/results0717_s2_water_vacuum_pilot/run_344/PhaseSpaceOut.root
99689,99689,0,90780,90780,0,87629,12060,87629,87629,0,0,345,/home/ltf/project/github/PCT/data/simulation_data/results0717_s2_water_vacuum_pilot/run_345/PhaseSpaceIn.root,/home/ltf/project/github/PCT/data/simulation_data/results0717_s2_water_vacuum_pilot/run_345/PhaseSpaceOut.root
100264,100264,0,91330,91330,0,88165,12099,88165,88165,0,0,346,/home/ltf/project/github/PCT/data/simulation_data/results0717_s2_water_vacuum_pilot/run_346/PhaseSpaceIn.root,/home/ltf/project/github/PCT/data/simulation_data/results0717_s2_water_vacuum_pilot/run_346/PhaseSpaceOut.root
100102,100102,0,91109,91109,0,87972,12130,87972,87972,0,0,347,/home/ltf/project/github/PCT/data/simulation_data/results0717_s2_water_vacuum_pilot/run_347/PhaseSpaceIn.root,/home/ltf/project/github/PCT/data/simulation_data/results0717_s2_water_vacuum_pilot/run_347/PhaseSpaceOut.root
100039,100039,0,90975,90975,0,87823,12216,87823,87823,0,0,348,/home/ltf/project/github/PCT/data/simulation_data/results0717_s2_water_vacuum_pilot/run_348/PhaseSpaceIn.root,/home/ltf/project/github/PCT/data/simulation_data/results0717_s2_water_vacuum_pilot/run_348/PhaseSpaceOut.root
99738,99738,0,90738,90738,0,87585,12153,87585,87585,0,0,349,/home/ltf/project/github/PCT/data/simulation_data/results0717_s2_water_vacuum_pilot/run_349/PhaseSpaceIn.root,/home/ltf/project/github/PCT/data/simulation_data/results0717_s2_water_vacuum_pilot/run_349/PhaseSpaceOut.root
99685,99685,0,90721,90721,0,87620,12065,87620,87620,0,0,350,/home/ltf/project/github/PCT/data/simulation_data/results0717_s2_water_vacuum_pilot/run_350/PhaseSpaceIn.root,/home/ltf/project/github/PCT/data/simulation_data/results0717_s2_water_vacuum_pilot/run_350/PhaseSpaceOut.root
100064,100064,0,91027,91027,0,87848,12216,87848,87848,0,0,351,/home/ltf/project/github/PCT/data/simulation_data/results0717_s2_water_vacuum_pilot/run_351/PhaseSpaceIn.root,/home/ltf/project/github/PCT/data/simulation_data/results0717_s2_water_vacuum_pilot/run_351/PhaseSpaceOut.root
100063,100063,0,91084,91084,0,88024,12039,88024,88024,0,0,352,/home/ltf/project/github/PCT/data/simulation_data/results0717_s2_water_vacuum_pilot/run_352/PhaseSpaceIn.root,/home/ltf/project/github/PCT/data/simulation_data/results0717_s2_water_vacuum_pilot/run_352/PhaseSpaceOut.root
100904,100904,0,91755,91755,0,88642,12262,88642,88642,0,0,353,/home/ltf/project/github/PCT/data/simulation_data/results0717_s2_water_vacuum_pilot/run_353/PhaseSpaceIn.root,/home/ltf/project/github/PCT/data/simulation_data/results0717_s2_water_vacuum_pilot/run_353/PhaseSpaceOut.root
100564,100564,0,91430,91430,0,88229,12335,88229,88229,0,0,354,/home/ltf/project/github/PCT/data/simulation_data/results0717_s2_water_vacuum_pilot/run_354/PhaseSpaceIn.root,/home/ltf/project/github/PCT/data/simulation_data/results0717_s2_water_vacuum_pilot/run_354/PhaseSpaceOut.root
100160,100160,0,91192,91192,0,88089,12071,88089,88089,0,0,355,/home/ltf/project/github/PCT/data/simulation_data/results0717_s2_water_vacuum_pilot/run_355/PhaseSpaceIn.root,/home/ltf/project/github/PCT/data/simulation_data/results0717_s2_water_vacuum_pilot/run_355/PhaseSpaceOut.root
99863,99863,0,90864,90864,0,87701,12162,87701,87701,0,0,356,/home/ltf/project/github/PCT/data/simulation_data/results0717_s2_water_vacuum_pilot/run_356/PhaseSpaceIn.root,/home/ltf/project/github/PCT/data/simulation_data/results0717_s2_water_vacuum_pilot/run_356/PhaseSpaceOut.root
100687,100687,0,91483,91483,0,88295,12392,88295,88295,0,0,357,/home/ltf/project/github/PCT/data/simulation_data/results0717_s2_water_vacuum_pilot/run_357/PhaseSpaceIn.root,/home/ltf/project/github/PCT/data/simulation_data/results0717_s2_water_vacuum_pilot/run_357/PhaseSpaceOut.root
100267,100267,0,91269,91269,0,88120,12147,88120,88120,0,0,358,/home/ltf/project/github/PCT/data/simulation_data/results0717_s2_water_vacuum_pilot/run_358/PhaseSpaceIn.root,/home/ltf/project/github/PCT/data/simulation_data/results0717_s2_water_vacuum_pilot/run_358/PhaseSpaceOut.root
100347,100347,0,91341,91341,0,88212,12135,88212,88212,0,0,359,/home/ltf/project/github/PCT/data/simulation_data/results0717_s2_water_vacuum_pilot/run_359/PhaseSpaceIn.root,/home/ltf/project/github/PCT/data/simulation_data/results0717_s2_water_vacuum_pilot/run_359/PhaseSpaceOut.root
100260,100260,0,91356,91356,0,88154,12106,88154,88154,0,0,360,/home/ltf/project/github/PCT/data/simulation_data/results0717_s2_water_vacuum_pilot/run_360/PhaseSpaceIn.root,/home/ltf/project/github/PCT/data/simulation_data/results0717_s2_water_vacuum_pilot/run_360/PhaseSpaceOut.root
100076,100076,0,91132,91132,0,88067,12009,88067,88067,0,0,361,/home/ltf/project/github/PCT/data/simulation_data/results0717_s2_water_vacuum_pilot/run_361/PhaseSpaceIn.root,/home/ltf/project/github/PCT/data/simulation_data/results0717_s2_water_vacuum_pilot/run_361/PhaseSpaceOut.root
99920,99920,0,91162,91162,0,88104,11816,88104,88104,0,0,362,/home/ltf/project/github/PCT/data/simulation_data/results0717_s2_water_vacuum_pilot/run_362/PhaseSpaceIn.root,/home/ltf/project/github/PCT/data/simulation_data/results0717_s2_water_vacuum_pilot/run_362/PhaseSpaceOut.root
100416,100416,0,91205,91205,0,88073,12343,88073,88073,0,0,363,/home/ltf/project/github/PCT/data/simulation_data/results0717_s2_water_vacuum_pilot/run_363/PhaseSpaceIn.root,/home/ltf/project/github/PCT/data/simulation_data/results0717_s2_water_vacuum_pilot/run_363/PhaseSpaceOut.root
99699,99699,0,90620,90620,0,87450,12249,87450,87450,0,0,364,/home/ltf/project/github/PCT/data/simulation_data/results0717_s2_water_vacuum_pilot/run_364/PhaseSpaceIn.root,/home/ltf/project/github/PCT/data/simulation_data/results0717_s2_water_vacuum_pilot/run_364/PhaseSpaceOut.root
99685,99685,0,90918,90918,0,87776,11909,87776,87776,0,0,365,/home/ltf/project/github/PCT/data/simulation_data/results0717_s2_water_vacuum_pilot/run_365/PhaseSpaceIn.root,/home/ltf/project/github/PCT/data/simulation_data/results0717_s2_water_vacuum_pilot/run_365/PhaseSpaceOut.root
99514,99514,0,90524,90524,0,87376,12138,87376,87376,0,0,366,/home/ltf/project/github/PCT/data/simulation_data/results0717_s2_water_vacuum_pilot/run_366/PhaseSpaceIn.root,/home/ltf/project/github/PCT/data/simulation_data/results0717_s2_water_vacuum_pilot/run_366/PhaseSpaceOut.root
100421,100421,0,91334,91334,0,88295,12126,88295,88295,0,0,367,/home/ltf/project/github/PCT/data/simulation_data/results0717_s2_water_vacuum_pilot/run_367/PhaseSpaceIn.root,/home/ltf/project/github/PCT/data/simulation_data/results0717_s2_water_vacuum_pilot/run_367/PhaseSpaceOut.root
99510,99510,0,90585,90585,0,87409,12101,87409,87409,0,0,368,/home/ltf/project/github/PCT/data/simulation_data/results0717_s2_water_vacuum_pilot/run_368/PhaseSpaceIn.root,/home/ltf/project/github/PCT/data/simulation_data/results0717_s2_water_vacuum_pilot/run_368/PhaseSpaceOut.root
99629,99629,0,90745,90745,0,87625,12004,87625,87625,0,0,369,/home/ltf/project/github/PCT/data/simulation_data/results0717_s2_water_vacuum_pilot/run_369/PhaseSpaceIn.root,/home/ltf/project/github/PCT/data/simulation_data/results0717_s2_water_vacuum_pilot/run_369/PhaseSpaceOut.root
100653,100653,0,91666,91666,0,88504,12149,88504,88504,0,0,370,/home/ltf/project/github/PCT/data/simulation_data/results0717_s2_water_vacuum_pilot/run_370/PhaseSpaceIn.root,/home/ltf/project/github/PCT/data/simulation_data/results0717_s2_water_vacuum_pilot/run_370/PhaseSpaceOut.root
99841,99841,0,90974,90974,0,87848,11993,87848,87848,0,0,371,/home/ltf/project/github/PCT/data/simulation_data/results0717_s2_water_vacuum_pilot/run_371/PhaseSpaceIn.root,/home/ltf/project/github/PCT/data/simulation_data/results0717_s2_water_vacuum_pilot/run_371/PhaseSpaceOut.root
100321,100321,0,91251,91251,0,88035,12286,88035,88035,0,0,372,/home/ltf/project/github/PCT/data/simulation_data/results0717_s2_water_vacuum_pilot/run_372/PhaseSpaceIn.root,/home/ltf/project/github/PCT/data/simulation_data/results0717_s2_water_vacuum_pilot/run_372/PhaseSpaceOut.root
100428,100428,0,91531,91531,0,88363,12065,88363,88363,0,0,373,/home/ltf/project/github/PCT/data/simulation_data/results0717_s2_water_vacuum_pilot/run_373/PhaseSpaceIn.root,/home/ltf/project/github/PCT/data/simulation_data/results0717_s2_water_vacuum_pilot/run_373/PhaseSpaceOut.root
100025,100025,0,90984,90984,0,87765,12260,87765,87765,0,0,374,/home/ltf/project/github/PCT/data/simulation_data/results0717_s2_water_vacuum_pilot/run_374/PhaseSpaceIn.root,/home/ltf/project/github/PCT/data/simulation_data/results0717_s2_water_vacuum_pilot/run_374/PhaseSpaceOut.root
100032,100032,0,91041,91041,0,87947,12085,87947,87947,0,0,375,/home/ltf/project/github/PCT/data/simulation_data/results0717_s2_water_vacuum_pilot/run_375/PhaseSpaceIn.root,/home/ltf/project/github/PCT/data/simulation_data/results0717_s2_water_vacuum_pilot/run_375/PhaseSpaceOut.root
100112,100112,0,90994,90994,0,87884,12228,87884,87884,0,0,376,/home/ltf/project/github/PCT/data/simulation_data/results0717_s2_water_vacuum_pilot/run_376/PhaseSpaceIn.root,/home/ltf/project/github/PCT/data/simulation_data/results0717_s2_water_vacuum_pilot/run_376/PhaseSpaceOut.root
99897,99897,0,90920,90920,0,87809,12088,87809,87809,0,0,377,/home/ltf/project/github/PCT/data/simulation_data/results0717_s2_water_vacuum_pilot/run_377/PhaseSpaceIn.root,/home/ltf/project/github/PCT/data/simulation_data/results0717_s2_water_vacuum_pilot/run_377/PhaseSpaceOut.root
99725,99725,0,91019,91019,0,87918,11807,87918,87918,0,0,378,/home/ltf/project/github/PCT/data/simulation_data/results0717_s2_water_vacuum_pilot/run_378/PhaseSpaceIn.root,/home/ltf/project/github/PCT/data/simulation_data/results0717_s2_water_vacuum_pilot/run_378/PhaseSpaceOut.root
100149,100149,0,91229,91229,0,88177,11972,88177,88177,0,0,379,/home/ltf/project/github/PCT/data/simulation_data/results0717_s2_water_vacuum_pilot/run_379/PhaseSpaceIn.root,/home/ltf/project/github/PCT/data/simulation_data/results0717_s2_water_vacuum_pilot/run_379/PhaseSpaceOut.root
99986,99986,0,90963,90963,0,87742,12244,87742,87742,0,0,380,/home/ltf/project/github/PCT/data/simulation_data/results0717_s2_water_vacuum_pilot/run_380/PhaseSpaceIn.root,/home/ltf/project/github/PCT/data/simulation_data/results0717_s2_water_vacuum_pilot/run_380/PhaseSpaceOut.root
99809,99809,0,90794,90794,0,87692,12117,87692,87692,0,0,381,/home/ltf/project/github/PCT/data/simulation_data/results0717_s2_water_vacuum_pilot/run_381/PhaseSpaceIn.root,/home/ltf/project/github/PCT/data/simulation_data/results0717_s2_water_vacuum_pilot/run_381/PhaseSpaceOut.root
100273,100273,0,91338,91338,0,88176,12097,88176,88176,0,0,382,/home/ltf/project/github/PCT/data/simulation_data/results0717_s2_water_vacuum_pilot/run_382/PhaseSpaceIn.root,/home/ltf/project/github/PCT/data/simulation_data/results0717_s2_water_vacuum_pilot/run_382/PhaseSpaceOut.root
99958,99958,0,90907,90907,0,87693,12265,87693,87693,0,0,383,/home/ltf/project/github/PCT/data/simulation_data/results0717_s2_water_vacuum_pilot/run_383/PhaseSpaceIn.root,/home/ltf/project/github/PCT/data/simulation_data/results0717_s2_water_vacuum_pilot/run_383/PhaseSpaceOut.root
100342,100342,0,91253,91253,0,88098,12244,88098,88098,0,0,384,/home/ltf/project/github/PCT/data/simulation_data/results0717_s2_water_vacuum_pilot/run_384/PhaseSpaceIn.root,/home/ltf/project/github/PCT/data/simulation_data/results0717_s2_water_vacuum_pilot/run_384/PhaseSpaceOut.root
100027,100027,0,90897,90897,0,87725,12302,87725,87725,0,0,385,/home/ltf/project/github/PCT/data/simulation_data/results0717_s2_water_vacuum_pilot/run_385/PhaseSpaceIn.root,/home/ltf/project/github/PCT/data/simulation_data/results0717_s2_water_vacuum_pilot/run_385/PhaseSpaceOut.root
100422,100422,0,91305,91305,0,88104,12318,88104,88104,0,0,386,/home/ltf/project/github/PCT/data/simulation_data/results0717_s2_water_vacuum_pilot/run_386/PhaseSpaceIn.root,/home/ltf/project/github/PCT/data/simulation_data/results0717_s2_water_vacuum_pilot/run_386/PhaseSpaceOut.root
100382,100382,0,91152,91152,0,88020,12362,88020,88020,0,0,387,/home/ltf/project/github/PCT/data/simulation_data/results0717_s2_water_vacuum_pilot/run_387/PhaseSpaceIn.root,/home/ltf/project/github/PCT/data/simulation_data/results0717_s2_water_vacuum_pilot/run_387/PhaseSpaceOut.root
100026,100026,0,90993,90993,0,87828,12198,87828,87828,0,0,388,/home/ltf/project/github/PCT/data/simulation_data/results0717_s2_water_vacuum_pilot/run_388/PhaseSpaceIn.root,/home/ltf/project/github/PCT/data/simulation_data/results0717_s2_water_vacuum_pilot/run_388/PhaseSpaceOut.root
100115,100115,0,91085,91085,0,88003,12112,88003,88003,0,0,389,/home/ltf/project/github/PCT/data/simulation_data/results0717_s2_water_vacuum_pilot/run_389/PhaseSpaceIn.root,/home/ltf/project/github/PCT/data/simulation_data/results0717_s2_water_vacuum_pilot/run_389/PhaseSpaceOut.root
99773,99773,0,90787,90787,0,87675,12098,87675,87675,0,0,390,/home/ltf/project/github/PCT/data/simulation_data/results0717_s2_water_vacuum_pilot/run_390/PhaseSpaceIn.root,/home/ltf/project/github/PCT/data/simulation_data/results0717_s2_water_vacuum_pilot/run_390/PhaseSpaceOut.root
100436,100436,0,91484,91484,0,88437,11999,88437,88437,0,0,391,/home/ltf/project/github/PCT/data/simulation_data/results0717_s2_water_vacuum_pilot/run_391/PhaseSpaceIn.root,/home/ltf/project/github/PCT/data/simulation_data/results0717_s2_water_vacuum_pilot/run_391/PhaseSpaceOut.root
100150,100150,0,91282,91282,0,88177,11973,88177,88177,0,0,392,/home/ltf/project/github/PCT/data/simulation_data/results0717_s2_water_vacuum_pilot/run_392/PhaseSpaceIn.root,/home/ltf/project/github/PCT/data/simulation_data/results0717_s2_water_vacuum_pilot/run_392/PhaseSpaceOut.root
100113,100113,0,90997,90997,0,87872,12241,87872,87872,0,0,393,/home/ltf/project/github/PCT/data/simulation_data/results0717_s2_water_vacuum_pilot/run_393/PhaseSpaceIn.root,/home/ltf/project/github/PCT/data/simulation_data/results0717_s2_water_vacuum_pilot/run_393/PhaseSpaceOut.root
100307,100307,0,91233,91233,0,88066,12241,88066,88066,0,0,394,/home/ltf/project/github/PCT/data/simulation_data/results0717_s2_water_vacuum_pilot/run_394/PhaseSpaceIn.root,/home/ltf/project/github/PCT/data/simulation_data/results0717_s2_water_vacuum_pilot/run_394/PhaseSpaceOut.root
100169,100169,0,91028,91028,0,87933,12236,87933,87933,0,0,395,/home/ltf/project/github/PCT/data/simulation_data/results0717_s2_water_vacuum_pilot/run_395/PhaseSpaceIn.root,/home/ltf/project/github/PCT/data/simulation_data/results0717_s2_water_vacuum_pilot/run_395/PhaseSpaceOut.root
99593,99593,0,90646,90646,0,87488,12105,87488,87488,0,0,396,/home/ltf/project/github/PCT/data/simulation_data/results0717_s2_water_vacuum_pilot/run_396/PhaseSpaceIn.root,/home/ltf/project/github/PCT/data/simulation_data/results0717_s2_water_vacuum_pilot/run_396/PhaseSpaceOut.root
99877,99877,0,91040,91040,0,87903,11974,87903,87903,0,0,397,/home/ltf/project/github/PCT/data/simulation_data/results0717_s2_water_vacuum_pilot/run_397/PhaseSpaceIn.root,/home/ltf/project/github/PCT/data/simulation_data/results0717_s2_water_vacuum_pilot/run_397/PhaseSpaceOut.root
99978,99978,0,91036,91036,0,87948,12030,87948,87948,0,0,398,/home/ltf/project/github/PCT/data/simulation_data/results0717_s2_water_vacuum_pilot/run_398/PhaseSpaceIn.root,/home/ltf/project/github/PCT/data/simulation_data/results0717_s2_water_vacuum_pilot/run_398/PhaseSpaceOut.root
99964,99964,0,90815,90815,0,87597,12367,87597,87597,0,0,399,/home/ltf/project/github/PCT/data/simulation_data/results0717_s2_water_vacuum_pilot/run_399/PhaseSpaceIn.root,/home/ltf/project/github/PCT/data/simulation_data/results0717_s2_water_vacuum_pilot/run_399/PhaseSpaceOut.root
100202,100202,0,91225,91225,0,88105,12097,88105,88105,0,0,400,/home/ltf/project/github/PCT/data/simulation_data/results0717_s2_water_vacuum_pilot/run_400/PhaseSpaceIn.root,/home/ltf/project/github/PCT/data/simulation_data/results0717_s2_water_vacuum_pilot/run_400/PhaseSpaceOut.root
99980,99980,0,91062,91062,0,87990,11990,87990,87990,0,0,401,/home/ltf/project/github/PCT/data/simulation_data/results0717_s2_water_vacuum_pilot/run_401/PhaseSpaceIn.root,/home/ltf/project/github/PCT/data/simulation_data/results0717_s2_water_vacuum_pilot/run_401/PhaseSpaceOut.root
100450,100450,0,91313,91313,0,88195,12255,88195,88195,0,0,402,/home/ltf/project/github/PCT/data/simulation_data/results0717_s2_water_vacuum_pilot/run_402/PhaseSpaceIn.root,/home/ltf/project/github/PCT/data/simulation_data/results0717_s2_water_vacuum_pilot/run_402/PhaseSpaceOut.root
100029,100029,0,90949,90949,0,87800,12229,87800,87800,0,0,403,/home/ltf/project/github/PCT/data/simulation_data/results0717_s2_water_vacuum_pilot/run_403/PhaseSpaceIn.root,/home/ltf/project/github/PCT/data/simulation_data/results0717_s2_water_vacuum_pilot/run_403/PhaseSpaceOut.root
100551,100551,0,91492,91492,0,88254,12297,88254,88254,0,0,404,/home/ltf/project/github/PCT/data/simulation_data/results0717_s2_water_vacuum_pilot/run_404/PhaseSpaceIn.root,/home/ltf/project/github/PCT/data/simulation_data/results0717_s2_water_vacuum_pilot/run_404/PhaseSpaceOut.root
100287,100287,0,91207,91207,0,88129,12158,88129,88129,0,0,405,/home/ltf/project/github/PCT/data/simulation_data/results0717_s2_water_vacuum_pilot/run_405/PhaseSpaceIn.root,/home/ltf/project/github/PCT/data/simulation_data/results0717_s2_water_vacuum_pilot/run_405/PhaseSpaceOut.root
100138,100138,0,91213,91213,0,87966,12172,87966,87966,0,0,406,/home/ltf/project/github/PCT/data/simulation_data/results0717_s2_water_vacuum_pilot/run_406/PhaseSpaceIn.root,/home/ltf/project/github/PCT/data/simulation_data/results0717_s2_water_vacuum_pilot/run_406/PhaseSpaceOut.root
99829,99829,0,90815,90815,0,87649,12180,87649,87649,0,0,407,/home/ltf/project/github/PCT/data/simulation_data/results0717_s2_water_vacuum_pilot/run_407/PhaseSpaceIn.root,/home/ltf/project/github/PCT/data/simulation_data/results0717_s2_water_vacuum_pilot/run_407/PhaseSpaceOut.root
100074,100074,0,91102,91102,0,87960,12114,87960,87960,0,0,408,/home/ltf/project/github/PCT/data/simulation_data/results0717_s2_water_vacuum_pilot/run_408/PhaseSpaceIn.root,/home/ltf/project/github/PCT/data/simulation_data/results0717_s2_water_vacuum_pilot/run_408/PhaseSpaceOut.root
100422,100422,0,91330,91330,0,88246,12176,88246,88246,0,0,409,/home/ltf/project/github/PCT/data/simulation_data/results0717_s2_water_vacuum_pilot/run_409/PhaseSpaceIn.root,/home/ltf/project/github/PCT/data/simulation_data/results0717_s2_water_vacuum_pilot/run_409/PhaseSpaceOut.root
100114,100114,0,91115,91115,0,87958,12156,87958,87958,0,0,410,/home/ltf/project/github/PCT/data/simulation_data/results0717_s2_water_vacuum_pilot/run_410/PhaseSpaceIn.root,/home/ltf/project/github/PCT/data/simulation_data/results0717_s2_water_vacuum_pilot/run_410/PhaseSpaceOut.root
100292,100292,0,91183,91183,0,88056,12236,88056,88056,0,0,411,/home/ltf/project/github/PCT/data/simulation_data/results0717_s2_water_vacuum_pilot/run_411/PhaseSpaceIn.root,/home/ltf/project/github/PCT/data/simulation_data/results0717_s2_water_vacuum_pilot/run_411/PhaseSpaceOut.root
100377,100377,0,91397,91397,0,88300,12077,88300,88300,0,0,412,/home/ltf/project/github/PCT/data/simulation_data/results0717_s2_water_vacuum_pilot/run_412/PhaseSpaceIn.root,/home/ltf/project/github/PCT/data/simulation_data/results0717_s2_water_vacuum_pilot/run_412/PhaseSpaceOut.root
99865,99865,0,90828,90828,0,87701,12164,87701,87701,0,0,413,/home/ltf/project/github/PCT/data/simulation_data/results0717_s2_water_vacuum_pilot/run_413/PhaseSpaceIn.root,/home/ltf/project/github/PCT/data/simulation_data/results0717_s2_water_vacuum_pilot/run_413/PhaseSpaceOut.root
100058,100058,0,91006,91006,0,87927,12131,87927,87927,0,0,414,/home/ltf/project/github/PCT/data/simulation_data/results0717_s2_water_vacuum_pilot/run_414/PhaseSpaceIn.root,/home/ltf/project/github/PCT/data/simulation_data/results0717_s2_water_vacuum_pilot/run_414/PhaseSpaceOut.root
99822,99822,0,90709,90709,0,87720,12102,87720,87720,0,0,415,/home/ltf/project/github/PCT/data/simulation_data/results0717_s2_water_vacuum_pilot/run_415/PhaseSpaceIn.root,/home/ltf/project/github/PCT/data/simulation_data/results0717_s2_water_vacuum_pilot/run_415/PhaseSpaceOut.root
100102,100102,0,91020,91020,0,87916,12186,87916,87916,0,0,416,/home/ltf/project/github/PCT/data/simulation_data/results0717_s2_water_vacuum_pilot/run_416/PhaseSpaceIn.root,/home/ltf/project/github/PCT/data/simulation_data/results0717_s2_water_vacuum_pilot/run_416/PhaseSpaceOut.root
100374,100374,0,91292,91292,0,88171,12203,88171,88171,0,0,417,/home/ltf/project/github/PCT/data/simulation_data/results0717_s2_water_vacuum_pilot/run_417/PhaseSpaceIn.root,/home/ltf/project/github/PCT/data/simulation_data/results0717_s2_water_vacuum_pilot/run_417/PhaseSpaceOut.root
100528,100528,0,91438,91438,0,88266,12262,88266,88266,0,0,418,/home/ltf/project/github/PCT/data/simulation_data/results0717_s2_water_vacuum_pilot/run_418/PhaseSpaceIn.root,/home/ltf/project/github/PCT/data/simulation_data/results0717_s2_water_vacuum_pilot/run_418/PhaseSpaceOut.root
100235,100235,0,91291,91291,0,88062,12173,88062,88062,0,0,419,/home/ltf/project/github/PCT/data/simulation_data/results0717_s2_water_vacuum_pilot/run_419/PhaseSpaceIn.root,/home/ltf/project/github/PCT/data/simulation_data/results0717_s2_water_vacuum_pilot/run_419/PhaseSpaceOut.root
100074,100074,0,90945,90945,0,87821,12253,87821,87821,0,0,420,/home/ltf/project/github/PCT/data/simulation_data/results0717_s2_water_vacuum_pilot/run_420/PhaseSpaceIn.root,/home/ltf/project/github/PCT/data/simulation_data/results0717_s2_water_vacuum_pilot/run_420/PhaseSpaceOut.root
99398,99398,0,90375,90375,0,87135,12263,87135,87135,0,0,421,/home/ltf/project/github/PCT/data/simulation_data/results0717_s2_water_vacuum_pilot/run_421/PhaseSpaceIn.root,/home/ltf/project/github/PCT/data/simulation_data/results0717_s2_water_vacuum_pilot/run_421/PhaseSpaceOut.root
100095,100095,0,91158,91158,0,87960,12135,87960,87960,0,0,422,/home/ltf/project/github/PCT/data/simulation_data/results0717_s2_water_vacuum_pilot/run_422/PhaseSpaceIn.root,/home/ltf/project/github/PCT/data/simulation_data/results0717_s2_water_vacuum_pilot/run_422/PhaseSpaceOut.root
100082,100082,0,91118,91118,0,88023,12059,88023,88023,0,0,423,/home/ltf/project/github/PCT/data/simulation_data/results0717_s2_water_vacuum_pilot/run_423/PhaseSpaceIn.root,/home/ltf/project/github/PCT/data/simulation_data/results0717_s2_water_vacuum_pilot/run_423/PhaseSpaceOut.root
99923,99923,0,91179,91179,0,87971,11952,87971,87971,0,0,424,/home/ltf/project/github/PCT/data/simulation_data/results0717_s2_water_vacuum_pilot/run_424/PhaseSpaceIn.root,/home/ltf/project/github/PCT/data/simulation_data/results0717_s2_water_vacuum_pilot/run_424/PhaseSpaceOut.root
99852,99852,0,91075,91075,0,87855,11997,87855,87855,0,0,425,/home/ltf/project/github/PCT/data/simulation_data/results0717_s2_water_vacuum_pilot/run_425/PhaseSpaceIn.root,/home/ltf/project/github/PCT/data/simulation_data/results0717_s2_water_vacuum_pilot/run_425/PhaseSpaceOut.root
99628,99628,0,90668,90668,0,87510,12118,87510,87510,0,0,426,/home/ltf/project/github/PCT/data/simulation_data/results0717_s2_water_vacuum_pilot/run_426/PhaseSpaceIn.root,/home/ltf/project/github/PCT/data/simulation_data/results0717_s2_water_vacuum_pilot/run_426/PhaseSpaceOut.root
100287,100287,0,91198,91198,0,87960,12327,87960,87960,0,0,427,/home/ltf/project/github/PCT/data/simulation_data/results0717_s2_water_vacuum_pilot/run_427/PhaseSpaceIn.root,/home/ltf/project/github/PCT/data/simulation_data/results0717_s2_water_vacuum_pilot/run_427/PhaseSpaceOut.root
100127,100127,0,90982,90982,0,87767,12360,87767,87767,0,0,428,/home/ltf/project/github/PCT/data/simulation_data/results0717_s2_water_vacuum_pilot/run_428/PhaseSpaceIn.root,/home/ltf/project/github/PCT/data/simulation_data/results0717_s2_water_vacuum_pilot/run_428/PhaseSpaceOut.root
99975,99975,0,90846,90846,0,87708,12267,87708,87708,0,0,429,/home/ltf/project/github/PCT/data/simulation_data/results0717_s2_water_vacuum_pilot/run_429/PhaseSpaceIn.root,/home/ltf/project/github/PCT/data/simulation_data/results0717_s2_water_vacuum_pilot/run_429/PhaseSpaceOut.root
100181,100181,0,91053,91053,0,87816,12365,87816,87816,0,0,430,/home/ltf/project/github/PCT/data/simulation_data/results0717_s2_water_vacuum_pilot/run_430/PhaseSpaceIn.root,/home/ltf/project/github/PCT/data/simulation_data/results0717_s2_water_vacuum_pilot/run_430/PhaseSpaceOut.root
99789,99789,0,90888,90888,0,87713,12076,87713,87713,0,0,431,/home/ltf/project/github/PCT/data/simulation_data/results0717_s2_water_vacuum_pilot/run_431/PhaseSpaceIn.root,/home/ltf/project/github/PCT/data/simulation_data/results0717_s2_water_vacuum_pilot/run_431/PhaseSpaceOut.root
100389,100389,0,91342,91342,0,88176,12213,88176,88176,0,0,432,/home/ltf/project/github/PCT/data/simulation_data/results0717_s2_water_vacuum_pilot/run_432/PhaseSpaceIn.root,/home/ltf/project/github/PCT/data/simulation_data/results0717_s2_water_vacuum_pilot/run_432/PhaseSpaceOut.root
100294,100294,0,91123,91123,0,88016,12278,88016,88016,0,0,433,/home/ltf/project/github/PCT/data/simulation_data/results0717_s2_water_vacuum_pilot/run_433/PhaseSpaceIn.root,/home/ltf/project/github/PCT/data/simulation_data/results0717_s2_water_vacuum_pilot/run_433/PhaseSpaceOut.root
100049,100049,0,91039,91039,0,87902,12147,87902,87902,0,0,434,/home/ltf/project/github/PCT/data/simulation_data/results0717_s2_water_vacuum_pilot/run_434/PhaseSpaceIn.root,/home/ltf/project/github/PCT/data/simulation_data/results0717_s2_water_vacuum_pilot/run_434/PhaseSpaceOut.root
99848,99848,0,90792,90792,0,87657,12191,87657,87657,0,0,435,/home/ltf/project/github/PCT/data/simulation_data/results0717_s2_water_vacuum_pilot/run_435/PhaseSpaceIn.root,/home/ltf/project/github/PCT/data/simulation_data/results0717_s2_water_vacuum_pilot/run_435/PhaseSpaceOut.root
100030,100030,0,91001,91001,0,87933,12097,87933,87933,0,0,436,/home/ltf/project/github/PCT/data/simulation_data/results0717_s2_water_vacuum_pilot/run_436/PhaseSpaceIn.root,/home/ltf/project/github/PCT/data/simulation_data/results0717_s2_water_vacuum_pilot/run_436/PhaseSpaceOut.root
100521,100521,0,91589,91589,0,88471,12050,88471,88471,0,0,437,/home/ltf/project/github/PCT/data/simulation_data/results0717_s2_water_vacuum_pilot/run_437/PhaseSpaceIn.root,/home/ltf/project/github/PCT/data/simulation_data/results0717_s2_water_vacuum_pilot/run_437/PhaseSpaceOut.root
99608,99608,0,90670,90670,0,87536,12072,87536,87536,0,0,438,/home/ltf/project/github/PCT/data/simulation_data/results0717_s2_water_vacuum_pilot/run_438/PhaseSpaceIn.root,/home/ltf/project/github/PCT/data/simulation_data/results0717_s2_water_vacuum_pilot/run_438/PhaseSpaceOut.root
100458,100458,0,91595,91595,0,88388,12070,88388,88388,0,0,439,/home/ltf/project/github/PCT/data/simulation_data/results0717_s2_water_vacuum_pilot/run_439/PhaseSpaceIn.root,/home/ltf/project/github/PCT/data/simulation_data/results0717_s2_water_vacuum_pilot/run_439/PhaseSpaceOut.root
99650,99650,0,90658,90658,0,87508,12142,87508,87508,0,0,440,/home/ltf/project/github/PCT/data/simulation_data/results0717_s2_water_vacuum_pilot/run_440/PhaseSpaceIn.root,/home/ltf/project/github/PCT/data/simulation_data/results0717_s2_water_vacuum_pilot/run_440/PhaseSpaceOut.root
99756,99756,0,90770,90770,0,87618,12138,87618,87618,0,0,441,/home/ltf/project/github/PCT/data/simulation_data/results0717_s2_water_vacuum_pilot/run_441/PhaseSpaceIn.root,/home/ltf/project/github/PCT/data/simulation_data/results0717_s2_water_vacuum_pilot/run_441/PhaseSpaceOut.root
99558,99558,0,90649,90649,0,87530,12028,87530,87530,0,0,442,/home/ltf/project/github/PCT/data/simulation_data/results0717_s2_water_vacuum_pilot/run_442/PhaseSpaceIn.root,/home/ltf/project/github/PCT/data/simulation_data/results0717_s2_water_vacuum_pilot/run_442/PhaseSpaceOut.root
99938,99938,0,91023,91023,0,87952,11986,87952,87952,0,0,443,/home/ltf/project/github/PCT/data/simulation_data/results0717_s2_water_vacuum_pilot/run_443/PhaseSpaceIn.root,/home/ltf/project/github/PCT/data/simulation_data/results0717_s2_water_vacuum_pilot/run_443/PhaseSpaceOut.root
99813,99813,0,90964,90964,0,87898,11915,87898,87898,0,0,444,/home/ltf/project/github/PCT/data/simulation_data/results0717_s2_water_vacuum_pilot/run_444/PhaseSpaceIn.root,/home/ltf/project/github/PCT/data/simulation_data/results0717_s2_water_vacuum_pilot/run_444/PhaseSpaceOut.root
100044,100044,0,91040,91040,0,87875,12169,87875,87875,0,0,445,/home/ltf/project/github/PCT/data/simulation_data/results0717_s2_water_vacuum_pilot/run_445/PhaseSpaceIn.root,/home/ltf/project/github/PCT/data/simulation_data/results0717_s2_water_vacuum_pilot/run_445/PhaseSpaceOut.root
99770,99770,0,90841,90841,0,87873,11897,87873,87873,0,0,446,/home/ltf/project/github/PCT/data/simulation_data/results0717_s2_water_vacuum_pilot/run_446/PhaseSpaceIn.root,/home/ltf/project/github/PCT/data/simulation_data/results0717_s2_water_vacuum_pilot/run_446/PhaseSpaceOut.root
99914,99914,0,90985,90985,0,87778,12136,87778,87778,0,0,447,/home/ltf/project/github/PCT/data/simulation_data/results0717_s2_water_vacuum_pilot/run_447/PhaseSpaceIn.root,/home/ltf/project/github/PCT/data/simulation_data/results0717_s2_water_vacuum_pilot/run_447/PhaseSpaceOut.root
99881,99881,0,90879,90879,0,87776,12105,87776,87776,0,0,448,/home/ltf/project/github/PCT/data/simulation_data/results0717_s2_water_vacuum_pilot/run_448/PhaseSpaceIn.root,/home/ltf/project/github/PCT/data/simulation_data/results0717_s2_water_vacuum_pilot/run_448/PhaseSpaceOut.root
99604,99604,0,90530,90530,0,87361,12243,87361,87361,0,0,449,/home/ltf/project/github/PCT/data/simulation_data/results0717_s2_water_vacuum_pilot/run_449/PhaseSpaceIn.root,/home/ltf/project/github/PCT/data/simulation_data/results0717_s2_water_vacuum_pilot/run_449/PhaseSpaceOut.root
99882,99882,0,91061,91061,0,87922,11960,87922,87922,0,0,450,/home/ltf/project/github/PCT/data/simulation_data/results0717_s2_water_vacuum_pilot/run_450/PhaseSpaceIn.root,/home/ltf/project/github/PCT/data/simulation_data/results0717_s2_water_vacuum_pilot/run_450/PhaseSpaceOut.root
100154,100154,0,91186,91186,0,88002,12152,88002,88002,0,0,451,/home/ltf/project/github/PCT/data/simulation_data/results0717_s2_water_vacuum_pilot/run_451/PhaseSpaceIn.root,/home/ltf/project/github/PCT/data/simulation_data/results0717_s2_water_vacuum_pilot/run_451/PhaseSpaceOut.root
100454,100454,0,91271,91271,0,88140,12314,88140,88140,0,0,452,/home/ltf/project/github/PCT/data/simulation_data/results0717_s2_water_vacuum_pilot/run_452/PhaseSpaceIn.root,/home/ltf/project/github/PCT/data/simulation_data/results0717_s2_water_vacuum_pilot/run_452/PhaseSpaceOut.root
99941,99941,0,90932,90932,0,87721,12220,87721,87721,0,0,453,/home/ltf/project/github/PCT/data/simulation_data/results0717_s2_water_vacuum_pilot/run_453/PhaseSpaceIn.root,/home/ltf/project/github/PCT/data/simulation_data/results0717_s2_water_vacuum_pilot/run_453/PhaseSpaceOut.root
100165,100165,0,91257,91257,0,88168,11997,88168,88168,0,0,454,/home/ltf/project/github/PCT/data/simulation_data/results0717_s2_water_vacuum_pilot/run_454/PhaseSpaceIn.root,/home/ltf/project/github/PCT/data/simulation_data/results0717_s2_water_vacuum_pilot/run_454/PhaseSpaceOut.root
100064,100064,0,91109,91109,0,87979,12085,87979,87979,0,0,455,/home/ltf/project/github/PCT/data/simulation_data/results0717_s2_water_vacuum_pilot/run_455/PhaseSpaceIn.root,/home/ltf/project/github/PCT/data/simulation_data/results0717_s2_water_vacuum_pilot/run_455/PhaseSpaceOut.root
100231,100231,0,91120,91120,0,88067,12164,88067,88067,0,0,456,/home/ltf/project/github/PCT/data/simulation_data/results0717_s2_water_vacuum_pilot/run_456/PhaseSpaceIn.root,/home/ltf/project/github/PCT/data/simulation_data/results0717_s2_water_vacuum_pilot/run_456/PhaseSpaceOut.root
100786,100786,0,91833,91833,0,88679,12107,88679,88679,0,0,457,/home/ltf/project/github/PCT/data/simulation_data/results0717_s2_water_vacuum_pilot/run_457/PhaseSpaceIn.root,/home/ltf/project/github/PCT/data/simulation_data/results0717_s2_water_vacuum_pilot/run_457/PhaseSpaceOut.root
100446,100446,0,91340,91340,0,88179,12267,88179,88179,0,0,458,/home/ltf/project/github/PCT/data/simulation_data/results0717_s2_water_vacuum_pilot/run_458/PhaseSpaceIn.root,/home/ltf/project/github/PCT/data/simulation_data/results0717_s2_water_vacuum_pilot/run_458/PhaseSpaceOut.root
99999,99999,0,90986,90986,0,87762,12237,87762,87762,0,0,459,/home/ltf/project/github/PCT/data/simulation_data/results0717_s2_water_vacuum_pilot/run_459/PhaseSpaceIn.root,/home/ltf/project/github/PCT/data/simulation_data/results0717_s2_water_vacuum_pilot/run_459/PhaseSpaceOut.root
99947,99947,0,90740,90740,0,87561,12386,87561,87561,0,0,460,/home/ltf/project/github/PCT/data/simulation_data/results0717_s2_water_vacuum_pilot/run_460/PhaseSpaceIn.root,/home/ltf/project/github/PCT/data/simulation_data/results0717_s2_water_vacuum_pilot/run_460/PhaseSpaceOut.root
99853,99853,0,90797,90797,0,87698,12155,87698,87698,0,0,461,/home/ltf/project/github/PCT/data/simulation_data/results0717_s2_water_vacuum_pilot/run_461/PhaseSpaceIn.root,/home/ltf/project/github/PCT/data/simulation_data/results0717_s2_water_vacuum_pilot/run_461/PhaseSpaceOut.root
99560,99560,0,90636,90636,0,87619,11941,87619,87619,0,0,462,/home/ltf/project/github/PCT/data/simulation_data/results0717_s2_water_vacuum_pilot/run_462/PhaseSpaceIn.root,/home/ltf/project/github/PCT/data/simulation_data/results0717_s2_water_vacuum_pilot/run_462/PhaseSpaceOut.root
100856,100856,0,91615,91615,0,88318,12538,88318,88318,0,0,463,/home/ltf/project/github/PCT/data/simulation_data/results0717_s2_water_vacuum_pilot/run_463/PhaseSpaceIn.root,/home/ltf/project/github/PCT/data/simulation_data/results0717_s2_water_vacuum_pilot/run_463/PhaseSpaceOut.root
99906,99906,0,90944,90944,0,87870,12036,87870,87870,0,0,464,/home/ltf/project/github/PCT/data/simulation_data/results0717_s2_water_vacuum_pilot/run_464/PhaseSpaceIn.root,/home/ltf/project/github/PCT/data/simulation_data/results0717_s2_water_vacuum_pilot/run_464/PhaseSpaceOut.root
100136,100136,0,90983,90983,0,87865,12271,87865,87865,0,0,465,/home/ltf/project/github/PCT/data/simulation_data/results0717_s2_water_vacuum_pilot/run_465/PhaseSpaceIn.root,/home/ltf/project/github/PCT/data/simulation_data/results0717_s2_water_vacuum_pilot/run_465/PhaseSpaceOut.root
100202,100202,0,91186,91186,0,88115,12087,88115,88115,0,0,466,/home/ltf/project/github/PCT/data/simulation_data/results0717_s2_water_vacuum_pilot/run_466/PhaseSpaceIn.root,/home/ltf/project/github/PCT/data/simulation_data/results0717_s2_water_vacuum_pilot/run_466/PhaseSpaceOut.root
100251,100251,0,91188,91188,0,87888,12363,87888,87888,0,0,467,/home/ltf/project/github/PCT/data/simulation_data/results0717_s2_water_vacuum_pilot/run_467/PhaseSpaceIn.root,/home/ltf/project/github/PCT/data/simulation_data/results0717_s2_water_vacuum_pilot/run_467/PhaseSpaceOut.root
99771,99771,0,90781,90781,0,87665,12106,87665,87665,0,0,468,/home/ltf/project/github/PCT/data/simulation_data/results0717_s2_water_vacuum_pilot/run_468/PhaseSpaceIn.root,/home/ltf/project/github/PCT/data/simulation_data/results0717_s2_water_vacuum_pilot/run_468/PhaseSpaceOut.root
100023,100023,0,90968,90968,0,87827,12196,87827,87827,0,0,469,/home/ltf/project/github/PCT/data/simulation_data/results0717_s2_water_vacuum_pilot/run_469/PhaseSpaceIn.root,/home/ltf/project/github/PCT/data/simulation_data/results0717_s2_water_vacuum_pilot/run_469/PhaseSpaceOut.root
99894,99894,0,90916,90916,0,87717,12177,87717,87717,0,0,470,/home/ltf/project/github/PCT/data/simulation_data/results0717_s2_water_vacuum_pilot/run_470/PhaseSpaceIn.root,/home/ltf/project/github/PCT/data/simulation_data/results0717_s2_water_vacuum_pilot/run_470/PhaseSpaceOut.root
101113,101113,0,92089,92089,0,88995,12118,88995,88995,0,0,471,/home/ltf/project/github/PCT/data/simulation_data/results0717_s2_water_vacuum_pilot/run_471/PhaseSpaceIn.root,/home/ltf/project/github/PCT/data/simulation_data/results0717_s2_water_vacuum_pilot/run_471/PhaseSpaceOut.root
100206,100206,0,91179,91179,0,88029,12177,88029,88029,0,0,472,/home/ltf/project/github/PCT/data/simulation_data/results0717_s2_water_vacuum_pilot/run_472/PhaseSpaceIn.root,/home/ltf/project/github/PCT/data/simulation_data/results0717_s2_water_vacuum_pilot/run_472/PhaseSpaceOut.root
99763,99763,0,90853,90853,0,87701,12062,87701,87701,0,0,473,/home/ltf/project/github/PCT/data/simulation_data/results0717_s2_water_vacuum_pilot/run_473/PhaseSpaceIn.root,/home/ltf/project/github/PCT/data/simulation_data/results0717_s2_water_vacuum_pilot/run_473/PhaseSpaceOut.root
100432,100432,0,91564,91564,0,88418,12014,88418,88418,0,0,474,/home/ltf/project/github/PCT/data/simulation_data/results0717_s2_water_vacuum_pilot/run_474/PhaseSpaceIn.root,/home/ltf/project/github/PCT/data/simulation_data/results0717_s2_water_vacuum_pilot/run_474/PhaseSpaceOut.root
100007,100007,0,91141,91141,0,88016,11991,88016,88016,0,0,475,/home/ltf/project/github/PCT/data/simulation_data/results0717_s2_water_vacuum_pilot/run_475/PhaseSpaceIn.root,/home/ltf/project/github/PCT/data/simulation_data/results0717_s2_water_vacuum_pilot/run_475/PhaseSpaceOut.root
100024,100024,0,91036,91036,0,87803,12221,87803,87803,0,0,476,/home/ltf/project/github/PCT/data/simulation_data/results0717_s2_water_vacuum_pilot/run_476/PhaseSpaceIn.root,/home/ltf/project/github/PCT/data/simulation_data/results0717_s2_water_vacuum_pilot/run_476/PhaseSpaceOut.root
100068,100068,0,91030,91030,0,87933,12135,87933,87933,0,0,477,/home/ltf/project/github/PCT/data/simulation_data/results0717_s2_water_vacuum_pilot/run_477/PhaseSpaceIn.root,/home/ltf/project/github/PCT/data/simulation_data/results0717_s2_water_vacuum_pilot/run_477/PhaseSpaceOut.root
99574,99574,0,90619,90619,0,87507,12067,87507,87507,0,0,478,/home/ltf/project/github/PCT/data/simulation_data/results0717_s2_water_vacuum_pilot/run_478/PhaseSpaceIn.root,/home/ltf/project/github/PCT/data/simulation_data/results0717_s2_water_vacuum_pilot/run_478/PhaseSpaceOut.root
100004,100004,0,90892,90892,0,87755,12249,87755,87755,0,0,479,/home/ltf/project/github/PCT/data/simulation_data/results0717_s2_water_vacuum_pilot/run_479/PhaseSpaceIn.root,/home/ltf/project/github/PCT/data/simulation_data/results0717_s2_water_vacuum_pilot/run_479/PhaseSpaceOut.root
99759,99759,0,90781,90781,0,87620,12139,87620,87620,0,0,480,/home/ltf/project/github/PCT/data/simulation_data/results0717_s2_water_vacuum_pilot/run_480/PhaseSpaceIn.root,/home/ltf/project/github/PCT/data/simulation_data/results0717_s2_water_vacuum_pilot/run_480/PhaseSpaceOut.root
100628,100628,0,91685,91685,0,88445,12183,88445,88445,0,0,481,/home/ltf/project/github/PCT/data/simulation_data/results0717_s2_water_vacuum_pilot/run_481/PhaseSpaceIn.root,/home/ltf/project/github/PCT/data/simulation_data/results0717_s2_water_vacuum_pilot/run_481/PhaseSpaceOut.root
100430,100430,0,91465,91465,0,88390,12040,88390,88390,0,0,482,/home/ltf/project/github/PCT/data/simulation_data/results0717_s2_water_vacuum_pilot/run_482/PhaseSpaceIn.root,/home/ltf/project/github/PCT/data/simulation_data/results0717_s2_water_vacuum_pilot/run_482/PhaseSpaceOut.root
99757,99757,0,90826,90826,0,87632,12125,87632,87632,0,0,483,/home/ltf/project/github/PCT/data/simulation_data/results0717_s2_water_vacuum_pilot/run_483/PhaseSpaceIn.root,/home/ltf/project/github/PCT/data/simulation_data/results0717_s2_water_vacuum_pilot/run_483/PhaseSpaceOut.root
100385,100385,0,91265,91265,0,88140,12245,88140,88140,0,0,484,/home/ltf/project/github/PCT/data/simulation_data/results0717_s2_water_vacuum_pilot/run_484/PhaseSpaceIn.root,/home/ltf/project/github/PCT/data/simulation_data/results0717_s2_water_vacuum_pilot/run_484/PhaseSpaceOut.root
99774,99774,0,91055,91055,0,87902,11872,87902,87902,0,0,485,/home/ltf/project/github/PCT/data/simulation_data/results0717_s2_water_vacuum_pilot/run_485/PhaseSpaceIn.root,/home/ltf/project/github/PCT/data/simulation_data/results0717_s2_water_vacuum_pilot/run_485/PhaseSpaceOut.root
100485,100485,0,91533,91533,0,88388,12097,88388,88388,0,0,486,/home/ltf/project/github/PCT/data/simulation_data/results0717_s2_water_vacuum_pilot/run_486/PhaseSpaceIn.root,/home/ltf/project/github/PCT/data/simulation_data/results0717_s2_water_vacuum_pilot/run_486/PhaseSpaceOut.root
100291,100291,0,91000,91000,0,87791,12500,87791,87791,0,0,487,/home/ltf/project/github/PCT/data/simulation_data/results0717_s2_water_vacuum_pilot/run_487/PhaseSpaceIn.root,/home/ltf/project/github/PCT/data/simulation_data/results0717_s2_water_vacuum_pilot/run_487/PhaseSpaceOut.root
100481,100481,0,91487,91487,0,88265,12216,88265,88265,0,0,488,/home/ltf/project/github/PCT/data/simulation_data/results0717_s2_water_vacuum_pilot/run_488/PhaseSpaceIn.root,/home/ltf/project/github/PCT/data/simulation_data/results0717_s2_water_vacuum_pilot/run_488/PhaseSpaceOut.root
100151,100151,0,91155,91155,0,87976,12175,87976,87976,0,0,489,/home/ltf/project/github/PCT/data/simulation_data/results0717_s2_water_vacuum_pilot/run_489/PhaseSpaceIn.root,/home/ltf/project/github/PCT/data/simulation_data/results0717_s2_water_vacuum_pilot/run_489/PhaseSpaceOut.root
100432,100432,0,91462,91462,0,88287,12145,88287,88287,0,0,490,/home/ltf/project/github/PCT/data/simulation_data/results0717_s2_water_vacuum_pilot/run_490/PhaseSpaceIn.root,/home/ltf/project/github/PCT/data/simulation_data/results0717_s2_water_vacuum_pilot/run_490/PhaseSpaceOut.root
99800,99800,0,90806,90806,0,87756,12044,87756,87756,0,0,491,/home/ltf/project/github/PCT/data/simulation_data/results0717_s2_water_vacuum_pilot/run_491/PhaseSpaceIn.root,/home/ltf/project/github/PCT/data/simulation_data/results0717_s2_water_vacuum_pilot/run_491/PhaseSpaceOut.root
100606,100606,0,91438,91438,0,88277,12329,88277,88277,0,0,492,/home/ltf/project/github/PCT/data/simulation_data/results0717_s2_water_vacuum_pilot/run_492/PhaseSpaceIn.root,/home/ltf/project/github/PCT/data/simulation_data/results0717_s2_water_vacuum_pilot/run_492/PhaseSpaceOut.root
99647,99647,0,90661,90661,0,87439,12208,87439,87439,0,0,493,/home/ltf/project/github/PCT/data/simulation_data/results0717_s2_water_vacuum_pilot/run_493/PhaseSpaceIn.root,/home/ltf/project/github/PCT/data/simulation_data/results0717_s2_water_vacuum_pilot/run_493/PhaseSpaceOut.root
100414,100414,0,91279,91279,0,88146,12268,88146,88146,0,0,494,/home/ltf/project/github/PCT/data/simulation_data/results0717_s2_water_vacuum_pilot/run_494/PhaseSpaceIn.root,/home/ltf/project/github/PCT/data/simulation_data/results0717_s2_water_vacuum_pilot/run_494/PhaseSpaceOut.root
100343,100343,0,91361,91361,0,88249,12094,88249,88249,0,0,495,/home/ltf/project/github/PCT/data/simulation_data/results0717_s2_water_vacuum_pilot/run_495/PhaseSpaceIn.root,/home/ltf/project/github/PCT/data/simulation_data/results0717_s2_water_vacuum_pilot/run_495/PhaseSpaceOut.root
99724,99724,0,90773,90773,0,87721,12003,87721,87721,0,0,496,/home/ltf/project/github/PCT/data/simulation_data/results0717_s2_water_vacuum_pilot/run_496/PhaseSpaceIn.root,/home/ltf/project/github/PCT/data/simulation_data/results0717_s2_water_vacuum_pilot/run_496/PhaseSpaceOut.root
99790,99790,0,90684,90684,0,87554,12236,87554,87554,0,0,497,/home/ltf/project/github/PCT/data/simulation_data/results0717_s2_water_vacuum_pilot/run_497/PhaseSpaceIn.root,/home/ltf/project/github/PCT/data/simulation_data/results0717_s2_water_vacuum_pilot/run_497/PhaseSpaceOut.root
100034,100034,0,90956,90956,0,87782,12252,87782,87782,0,0,498,/home/ltf/project/github/PCT/data/simulation_data/results0717_s2_water_vacuum_pilot/run_498/PhaseSpaceIn.root,/home/ltf/project/github/PCT/data/simulation_data/results0717_s2_water_vacuum_pilot/run_498/PhaseSpaceOut.root
100032,100032,0,90947,90947,0,87774,12258,87774,87774,0,0,499,/home/ltf/project/github/PCT/data/simulation_data/results0717_s2_water_vacuum_pilot/run_499/PhaseSpaceIn.root,/home/ltf/project/github/PCT/data/simulation_data/results0717_s2_water_vacuum_pilot/run_499/PhaseSpaceOut.root
99895,99895,0,90914,90914,0,87818,12077,87818,87818,0,0,500,/home/ltf/project/github/PCT/data/simulation_data/results0717_s2_water_vacuum_pilot/run_500/PhaseSpaceIn.root,/home/ltf/project/github/PCT/data/simulation_data/results0717_s2_water_vacuum_pilot/run_500/PhaseSpaceOut.root
100206,100206,0,91270,91270,0,88107,12099,88107,88107,0,0,501,/home/ltf/project/github/PCT/data/simulation_data/results0717_s2_water_vacuum_pilot/run_501/PhaseSpaceIn.root,/home/ltf/project/github/PCT/data/simulation_data/results0717_s2_water_vacuum_pilot/run_501/PhaseSpaceOut.root
99196,99196,0,90303,90303,0,87136,12060,87136,87136,0,0,502,/home/ltf/project/github/PCT/data/simulation_data/results0717_s2_water_vacuum_pilot/run_502/PhaseSpaceIn.root,/home/ltf/project/github/PCT/data/simulation_data/results0717_s2_water_vacuum_pilot/run_502/PhaseSpaceOut.root
99932,99932,0,91142,91142,0,88036,11896,88036,88036,0,0,503,/home/ltf/project/github/PCT/data/simulation_data/results0717_s2_water_vacuum_pilot/run_503/PhaseSpaceIn.root,/home/ltf/project/github/PCT/data/simulation_data/results0717_s2_water_vacuum_pilot/run_503/PhaseSpaceOut.root
99886,99886,0,91007,91007,0,87857,12029,87857,87857,0,0,504,/home/ltf/project/github/PCT/data/simulation_data/results0717_s2_water_vacuum_pilot/run_504/PhaseSpaceIn.root,/home/ltf/project/github/PCT/data/simulation_data/results0717_s2_water_vacuum_pilot/run_504/PhaseSpaceOut.root
99763,99763,0,90926,90926,0,87803,11960,87803,87803,0,0,505,/home/ltf/project/github/PCT/data/simulation_data/results0717_s2_water_vacuum_pilot/run_505/PhaseSpaceIn.root,/home/ltf/project/github/PCT/data/simulation_data/results0717_s2_water_vacuum_pilot/run_505/PhaseSpaceOut.root
99947,99947,0,91015,91015,0,87788,12159,87788,87788,0,0,506,/home/ltf/project/github/PCT/data/simulation_data/results0717_s2_water_vacuum_pilot/run_506/PhaseSpaceIn.root,/home/ltf/project/github/PCT/data/simulation_data/results0717_s2_water_vacuum_pilot/run_506/PhaseSpaceOut.root
100280,100280,0,91296,91296,0,88137,12143,88137,88137,0,0,507,/home/ltf/project/github/PCT/data/simulation_data/results0717_s2_water_vacuum_pilot/run_507/PhaseSpaceIn.root,/home/ltf/project/github/PCT/data/simulation_data/results0717_s2_water_vacuum_pilot/run_507/PhaseSpaceOut.root
99949,99949,0,90947,90947,0,87892,12057,87892,87892,0,0,508,/home/ltf/project/github/PCT/data/simulation_data/results0717_s2_water_vacuum_pilot/run_508/PhaseSpaceIn.root,/home/ltf/project/github/PCT/data/simulation_data/results0717_s2_water_vacuum_pilot/run_508/PhaseSpaceOut.root
99747,99747,0,90701,90701,0,87556,12191,87556,87556,0,0,509,/home/ltf/project/github/PCT/data/simulation_data/results0717_s2_water_vacuum_pilot/run_509/PhaseSpaceIn.root,/home/ltf/project/github/PCT/data/simulation_data/results0717_s2_water_vacuum_pilot/run_509/PhaseSpaceOut.root
100581,100581,0,91422,91422,0,88244,12337,88244,88244,0,0,510,/home/ltf/project/github/PCT/data/simulation_data/results0717_s2_water_vacuum_pilot/run_510/PhaseSpaceIn.root,/home/ltf/project/github/PCT/data/simulation_data/results0717_s2_water_vacuum_pilot/run_510/PhaseSpaceOut.root
99689,99689,0,90713,90713,0,87426,12263,87426,87426,0,0,511,/home/ltf/project/github/PCT/data/simulation_data/results0717_s2_water_vacuum_pilot/run_511/PhaseSpaceIn.root,/home/ltf/project/github/PCT/data/simulation_data/results0717_s2_water_vacuum_pilot/run_511/PhaseSpaceOut.root
100427,100427,0,91277,91277,0,88065,12362,88065,88065,0,0,512,/home/ltf/project/github/PCT/data/simulation_data/results0717_s2_water_vacuum_pilot/run_512/PhaseSpaceIn.root,/home/ltf/project/github/PCT/data/simulation_data/results0717_s2_water_vacuum_pilot/run_512/PhaseSpaceOut.root
99678,99678,0,90789,90789,0,87688,11990,87688,87688,0,0,513,/home/ltf/project/github/PCT/data/simulation_data/results0717_s2_water_vacuum_pilot/run_513/PhaseSpaceIn.root,/home/ltf/project/github/PCT/data/simulation_data/results0717_s2_water_vacuum_pilot/run_513/PhaseSpaceOut.root
99867,99867,0,90846,90846,0,87795,12072,87795,87795,0,0,514,/home/ltf/project/github/PCT/data/simulation_data/results0717_s2_water_vacuum_pilot/run_514/PhaseSpaceIn.root,/home/ltf/project/github/PCT/data/simulation_data/results0717_s2_water_vacuum_pilot/run_514/PhaseSpaceOut.root
100076,100076,0,91150,91150,0,88092,11984,88092,88092,0,0,515,/home/ltf/project/github/PCT/data/simulation_data/results0717_s2_water_vacuum_pilot/run_515/PhaseSpaceIn.root,/home/ltf/project/github/PCT/data/simulation_data/results0717_s2_water_vacuum_pilot/run_515/PhaseSpaceOut.root
99969,99968,1,90856,90856,0,87680,12288,87680,87680,0,0,516,/home/ltf/project/github/PCT/data/simulation_data/results0717_s2_water_vacuum_pilot/run_516/PhaseSpaceIn.root,/home/ltf/project/github/PCT/data/simulation_data/results0717_s2_water_vacuum_pilot/run_516/PhaseSpaceOut.root
100161,100161,0,91067,91067,0,88005,12156,88005,88005,0,0,517,/home/ltf/project/github/PCT/data/simulation_data/results0717_s2_water_vacuum_pilot/run_517/PhaseSpaceIn.root,/home/ltf/project/github/PCT/data/simulation_data/results0717_s2_water_vacuum_pilot/run_517/PhaseSpaceOut.root
99822,99822,0,90814,90814,0,87637,12185,87637,87637,0,0,518,/home/ltf/project/github/PCT/data/simulation_data/results0717_s2_water_vacuum_pilot/run_518/PhaseSpaceIn.root,/home/ltf/project/github/PCT/data/simulation_data/results0717_s2_water_vacuum_pilot/run_518/PhaseSpaceOut.root
99749,99749,0,90893,90893,0,87796,11953,87796,87796,0,0,519,/home/ltf/project/github/PCT/data/simulation_data/results0717_s2_water_vacuum_pilot/run_519/PhaseSpaceIn.root,/home/ltf/project/github/PCT/data/simulation_data/results0717_s2_water_vacuum_pilot/run_519/PhaseSpaceOut.root
99968,99968,0,91001,91001,0,87804,12164,87804,87804,0,0,520,/home/ltf/project/github/PCT/data/simulation_data/results0717_s2_water_vacuum_pilot/run_520/PhaseSpaceIn.root,/home/ltf/project/github/PCT/data/simulation_data/results0717_s2_water_vacuum_pilot/run_520/PhaseSpaceOut.root
100282,100282,0,91239,91239,0,87980,12302,87980,87980,0,0,521,/home/ltf/project/github/PCT/data/simulation_data/results0717_s2_water_vacuum_pilot/run_521/PhaseSpaceIn.root,/home/ltf/project/github/PCT/data/simulation_data/results0717_s2_water_vacuum_pilot/run_521/PhaseSpaceOut.root
99811,99811,0,90896,90896,0,87729,12082,87729,87729,0,0,522,/home/ltf/project/github/PCT/data/simulation_data/results0717_s2_water_vacuum_pilot/run_522/PhaseSpaceIn.root,/home/ltf/project/github/PCT/data/simulation_data/results0717_s2_water_vacuum_pilot/run_522/PhaseSpaceOut.root
99980,99980,0,90694,90694,0,87520,12460,87520,87520,0,0,523,/home/ltf/project/github/PCT/data/simulation_data/results0717_s2_water_vacuum_pilot/run_523/PhaseSpaceIn.root,/home/ltf/project/github/PCT/data/simulation_data/results0717_s2_water_vacuum_pilot/run_523/PhaseSpaceOut.root
100196,100196,0,91155,91155,0,87982,12214,87982,87982,0,0,524,/home/ltf/project/github/PCT/data/simulation_data/results0717_s2_water_vacuum_pilot/run_524/PhaseSpaceIn.root,/home/ltf/project/github/PCT/data/simulation_data/results0717_s2_water_vacuum_pilot/run_524/PhaseSpaceOut.root
99384,99384,0,90485,90485,0,87312,12072,87312,87312,0,0,525,/home/ltf/project/github/PCT/data/simulation_data/results0717_s2_water_vacuum_pilot/run_525/PhaseSpaceIn.root,/home/ltf/project/github/PCT/data/simulation_data/results0717_s2_water_vacuum_pilot/run_525/PhaseSpaceOut.root
99638,99638,0,90731,90731,0,87668,11970,87668,87668,0,0,526,/home/ltf/project/github/PCT/data/simulation_data/results0717_s2_water_vacuum_pilot/run_526/PhaseSpaceIn.root,/home/ltf/project/github/PCT/data/simulation_data/results0717_s2_water_vacuum_pilot/run_526/PhaseSpaceOut.root
100218,100218,0,91105,91105,0,88089,12129,88089,88089,0,0,527,/home/ltf/project/github/PCT/data/simulation_data/results0717_s2_water_vacuum_pilot/run_527/PhaseSpaceIn.root,/home/ltf/project/github/PCT/data/simulation_data/results0717_s2_water_vacuum_pilot/run_527/PhaseSpaceOut.root
99471,99471,0,90501,90501,0,87425,12046,87425,87425,0,0,528,/home/ltf/project/github/PCT/data/simulation_data/results0717_s2_water_vacuum_pilot/run_528/PhaseSpaceIn.root,/home/ltf/project/github/PCT/data/simulation_data/results0717_s2_water_vacuum_pilot/run_528/PhaseSpaceOut.root
100174,100174,0,91107,91107,0,87921,12253,87921,87921,0,0,529,/home/ltf/project/github/PCT/data/simulation_data/results0717_s2_water_vacuum_pilot/run_529/PhaseSpaceIn.root,/home/ltf/project/github/PCT/data/simulation_data/results0717_s2_water_vacuum_pilot/run_529/PhaseSpaceOut.root
99888,99888,0,90862,90862,0,87667,12221,87667,87667,0,0,530,/home/ltf/project/github/PCT/data/simulation_data/results0717_s2_water_vacuum_pilot/run_530/PhaseSpaceIn.root,/home/ltf/project/github/PCT/data/simulation_data/results0717_s2_water_vacuum_pilot/run_530/PhaseSpaceOut.root
99621,99620,1,90784,90784,0,87637,11983,87637,87637,0,0,531,/home/ltf/project/github/PCT/data/simulation_data/results0717_s2_water_vacuum_pilot/run_531/PhaseSpaceIn.root,/home/ltf/project/github/PCT/data/simulation_data/results0717_s2_water_vacuum_pilot/run_531/PhaseSpaceOut.root
99996,99996,0,91138,91138,0,87946,12050,87946,87946,0,0,532,/home/ltf/project/github/PCT/data/simulation_data/results0717_s2_water_vacuum_pilot/run_532/PhaseSpaceIn.root,/home/ltf/project/github/PCT/data/simulation_data/results0717_s2_water_vacuum_pilot/run_532/PhaseSpaceOut.root
99796,99796,0,90974,90974,0,87851,11945,87851,87851,0,0,533,/home/ltf/project/github/PCT/data/simulation_data/results0717_s2_water_vacuum_pilot/run_533/PhaseSpaceIn.root,/home/ltf/project/github/PCT/data/simulation_data/results0717_s2_water_vacuum_pilot/run_533/PhaseSpaceOut.root
100023,100023,0,90900,90900,0,87799,12224,87799,87799,0,0,534,/home/ltf/project/github/PCT/data/simulation_data/results0717_s2_water_vacuum_pilot/run_534/PhaseSpaceIn.root,/home/ltf/project/github/PCT/data/simulation_data/results0717_s2_water_vacuum_pilot/run_534/PhaseSpaceOut.root
99839,99839,0,90755,90755,0,87593,12246,87593,87593,0,0,535,/home/ltf/project/github/PCT/data/simulation_data/results0717_s2_water_vacuum_pilot/run_535/PhaseSpaceIn.root,/home/ltf/project/github/PCT/data/simulation_data/results0717_s2_water_vacuum_pilot/run_535/PhaseSpaceOut.root
100288,100288,0,91249,91249,0,88066,12222,88066,88066,0,0,536,/home/ltf/project/github/PCT/data/simulation_data/results0717_s2_water_vacuum_pilot/run_536/PhaseSpaceIn.root,/home/ltf/project/github/PCT/data/simulation_data/results0717_s2_water_vacuum_pilot/run_536/PhaseSpaceOut.root
100025,100025,0,91042,91042,0,87889,12136,87889,87889,0,0,537,/home/ltf/project/github/PCT/data/simulation_data/results0717_s2_water_vacuum_pilot/run_537/PhaseSpaceIn.root,/home/ltf/project/github/PCT/data/simulation_data/results0717_s2_water_vacuum_pilot/run_537/PhaseSpaceOut.root
100411,100411,0,91487,91487,0,88363,12048,88363,88363,0,0,538,/home/ltf/project/github/PCT/data/simulation_data/results0717_s2_water_vacuum_pilot/run_538/PhaseSpaceIn.root,/home/ltf/project/github/PCT/data/simulation_data/results0717_s2_water_vacuum_pilot/run_538/PhaseSpaceOut.root
100148,100148,0,91144,91144,0,87993,12155,87993,87993,0,0,539,/home/ltf/project/github/PCT/data/simulation_data/results0717_s2_water_vacuum_pilot/run_539/PhaseSpaceIn.root,/home/ltf/project/github/PCT/data/simulation_data/results0717_s2_water_vacuum_pilot/run_539/PhaseSpaceOut.root
100238,100238,0,91133,91133,0,87908,12330,87908,87908,0,0,540,/home/ltf/project/github/PCT/data/simulation_data/results0717_s2_water_vacuum_pilot/run_540/PhaseSpaceIn.root,/home/ltf/project/github/PCT/data/simulation_data/results0717_s2_water_vacuum_pilot/run_540/PhaseSpaceOut.root
99823,99823,0,90931,90931,0,87834,11989,87834,87834,0,0,541,/home/ltf/project/github/PCT/data/simulation_data/results0717_s2_water_vacuum_pilot/run_541/PhaseSpaceIn.root,/home/ltf/project/github/PCT/data/simulation_data/results0717_s2_water_vacuum_pilot/run_541/PhaseSpaceOut.root
100540,100540,0,91599,91599,0,88394,12146,88394,88394,0,0,542,/home/ltf/project/github/PCT/data/simulation_data/results0717_s2_water_vacuum_pilot/run_542/PhaseSpaceIn.root,/home/ltf/project/github/PCT/data/simulation_data/results0717_s2_water_vacuum_pilot/run_542/PhaseSpaceOut.root
99340,99340,0,90512,90512,0,87384,11956,87384,87384,0,0,543,/home/ltf/project/github/PCT/data/simulation_data/results0717_s2_water_vacuum_pilot/run_543/PhaseSpaceIn.root,/home/ltf/project/github/PCT/data/simulation_data/results0717_s2_water_vacuum_pilot/run_543/PhaseSpaceOut.root
99888,99888,0,90896,90896,0,87761,12127,87761,87761,0,0,544,/home/ltf/project/github/PCT/data/simulation_data/results0717_s2_water_vacuum_pilot/run_544/PhaseSpaceIn.root,/home/ltf/project/github/PCT/data/simulation_data/results0717_s2_water_vacuum_pilot/run_544/PhaseSpaceOut.root
99908,99908,0,90905,90905,0,87776,12132,87776,87776,0,0,545,/home/ltf/project/github/PCT/data/simulation_data/results0717_s2_water_vacuum_pilot/run_545/PhaseSpaceIn.root,/home/ltf/project/github/PCT/data/simulation_data/results0717_s2_water_vacuum_pilot/run_545/PhaseSpaceOut.root
99962,99962,0,91052,91052,0,87916,12046,87916,87916,0,0,546,/home/ltf/project/github/PCT/data/simulation_data/results0717_s2_water_vacuum_pilot/run_546/PhaseSpaceIn.root,/home/ltf/project/github/PCT/data/simulation_data/results0717_s2_water_vacuum_pilot/run_546/PhaseSpaceOut.root
99970,99970,0,90903,90903,0,87827,12143,87827,87827,0,0,547,/home/ltf/project/github/PCT/data/simulation_data/results0717_s2_water_vacuum_pilot/run_547/PhaseSpaceIn.root,/home/ltf/project/github/PCT/data/simulation_data/results0717_s2_water_vacuum_pilot/run_547/PhaseSpaceOut.root
99756,99756,0,90946,90946,0,87807,11949,87807,87807,0,0,548,/home/ltf/project/github/PCT/data/simulation_data/results0717_s2_water_vacuum_pilot/run_548/PhaseSpaceIn.root,/home/ltf/project/github/PCT/data/simulation_data/results0717_s2_water_vacuum_pilot/run_548/PhaseSpaceOut.root
100573,100573,0,91471,91471,0,88209,12364,88209,88209,0,0,549,/home/ltf/project/github/PCT/data/simulation_data/results0717_s2_water_vacuum_pilot/run_549/PhaseSpaceIn.root,/home/ltf/project/github/PCT/data/simulation_data/results0717_s2_water_vacuum_pilot/run_549/PhaseSpaceOut.root
100368,100368,0,91103,91103,0,88048,12320,88048,88048,0,0,550,/home/ltf/project/github/PCT/data/simulation_data/results0717_s2_water_vacuum_pilot/run_550/PhaseSpaceIn.root,/home/ltf/project/github/PCT/data/simulation_data/results0717_s2_water_vacuum_pilot/run_550/PhaseSpaceOut.root
98964,98964,0,90038,90038,0,86965,11999,86965,86965,0,0,551,/home/ltf/project/github/PCT/data/simulation_data/results0717_s2_water_vacuum_pilot/run_551/PhaseSpaceIn.root,/home/ltf/project/github/PCT/data/simulation_data/results0717_s2_water_vacuum_pilot/run_551/PhaseSpaceOut.root
100296,100296,0,91150,91150,0,88034,12262,88034,88034,0,0,552,/home/ltf/project/github/PCT/data/simulation_data/results0717_s2_water_vacuum_pilot/run_552/PhaseSpaceIn.root,/home/ltf/project/github/PCT/data/simulation_data/results0717_s2_water_vacuum_pilot/run_552/PhaseSpaceOut.root
100364,100364,0,91417,91417,0,88266,12098,88266,88266,0,0,553,/home/ltf/project/github/PCT/data/simulation_data/results0717_s2_water_vacuum_pilot/run_553/PhaseSpaceIn.root,/home/ltf/project/github/PCT/data/simulation_data/results0717_s2_water_vacuum_pilot/run_553/PhaseSpaceOut.root
99734,99734,0,90793,90793,0,87587,12147,87587,87587,0,0,554,/home/ltf/project/github/PCT/data/simulation_data/results0717_s2_water_vacuum_pilot/run_554/PhaseSpaceIn.root,/home/ltf/project/github/PCT/data/simulation_data/results0717_s2_water_vacuum_pilot/run_554/PhaseSpaceOut.root
99734,99734,0,90855,90855,0,87762,11972,87762,87762,0,0,555,/home/ltf/project/github/PCT/data/simulation_data/results0717_s2_water_vacuum_pilot/run_555/PhaseSpaceIn.root,/home/ltf/project/github/PCT/data/simulation_data/results0717_s2_water_vacuum_pilot/run_555/PhaseSpaceOut.root
99982,99982,0,90969,90969,0,87940,12042,87940,87940,0,0,556,/home/ltf/project/github/PCT/data/simulation_data/results0717_s2_water_vacuum_pilot/run_556/PhaseSpaceIn.root,/home/ltf/project/github/PCT/data/simulation_data/results0717_s2_water_vacuum_pilot/run_556/PhaseSpaceOut.root
100499,100499,0,91482,91482,0,88433,12066,88433,88433,0,0,557,/home/ltf/project/github/PCT/data/simulation_data/results0717_s2_water_vacuum_pilot/run_557/PhaseSpaceIn.root,/home/ltf/project/github/PCT/data/simulation_data/results0717_s2_water_vacuum_pilot/run_557/PhaseSpaceOut.root
99892,99892,0,90939,90939,0,87826,12066,87826,87826,0,0,558,/home/ltf/project/github/PCT/data/simulation_data/results0717_s2_water_vacuum_pilot/run_558/PhaseSpaceIn.root,/home/ltf/project/github/PCT/data/simulation_data/results0717_s2_water_vacuum_pilot/run_558/PhaseSpaceOut.root
99816,99816,0,90834,90834,0,87669,12147,87669,87669,0,0,559,/home/ltf/project/github/PCT/data/simulation_data/results0717_s2_water_vacuum_pilot/run_559/PhaseSpaceIn.root,/home/ltf/project/github/PCT/data/simulation_data/results0717_s2_water_vacuum_pilot/run_559/PhaseSpaceOut.root
99737,99737,0,90803,90803,0,87715,12022,87715,87715,0,0,560,/home/ltf/project/github/PCT/data/simulation_data/results0717_s2_water_vacuum_pilot/run_560/PhaseSpaceIn.root,/home/ltf/project/github/PCT/data/simulation_data/results0717_s2_water_vacuum_pilot/run_560/PhaseSpaceOut.root
100286,100286,0,91092,91092,0,87992,12294,87992,87992,0,0,561,/home/ltf/project/github/PCT/data/simulation_data/results0717_s2_water_vacuum_pilot/run_561/PhaseSpaceIn.root,/home/ltf/project/github/PCT/data/simulation_data/results0717_s2_water_vacuum_pilot/run_561/PhaseSpaceOut.root
100175,100175,0,91124,91124,0,87929,12246,87929,87929,0,0,562,/home/ltf/project/github/PCT/data/simulation_data/results0717_s2_water_vacuum_pilot/run_562/PhaseSpaceIn.root,/home/ltf/project/github/PCT/data/simulation_data/results0717_s2_water_vacuum_pilot/run_562/PhaseSpaceOut.root
100559,100559,0,91541,91541,0,88314,12245,88314,88314,0,0,563,/home/ltf/project/github/PCT/data/simulation_data/results0717_s2_water_vacuum_pilot/run_563/PhaseSpaceIn.root,/home/ltf/project/github/PCT/data/simulation_data/results0717_s2_water_vacuum_pilot/run_563/PhaseSpaceOut.root
100365,100365,0,91402,91402,0,88216,12149,88216,88216,0,0,564,/home/ltf/project/github/PCT/data/simulation_data/results0717_s2_water_vacuum_pilot/run_564/PhaseSpaceIn.root,/home/ltf/project/github/PCT/data/simulation_data/results0717_s2_water_vacuum_pilot/run_564/PhaseSpaceOut.root
100067,100067,0,91178,91178,0,88092,11975,88092,88092,0,0,565,/home/ltf/project/github/PCT/data/simulation_data/results0717_s2_water_vacuum_pilot/run_565/PhaseSpaceIn.root,/home/ltf/project/github/PCT/data/simulation_data/results0717_s2_water_vacuum_pilot/run_565/PhaseSpaceOut.root
100334,100334,0,91292,91292,0,88189,12145,88189,88189,0,0,566,/home/ltf/project/github/PCT/data/simulation_data/results0717_s2_water_vacuum_pilot/run_566/PhaseSpaceIn.root,/home/ltf/project/github/PCT/data/simulation_data/results0717_s2_water_vacuum_pilot/run_566/PhaseSpaceOut.root
99987,99987,0,91033,91033,0,87872,12115,87872,87872,0,0,567,/home/ltf/project/github/PCT/data/simulation_data/results0717_s2_water_vacuum_pilot/run_567/PhaseSpaceIn.root,/home/ltf/project/github/PCT/data/simulation_data/results0717_s2_water_vacuum_pilot/run_567/PhaseSpaceOut.root
99845,99845,0,90924,90924,0,87752,12093,87752,87752,0,0,568,/home/ltf/project/github/PCT/data/simulation_data/results0717_s2_water_vacuum_pilot/run_568/PhaseSpaceIn.root,/home/ltf/project/github/PCT/data/simulation_data/results0717_s2_water_vacuum_pilot/run_568/PhaseSpaceOut.root
99561,99561,0,90606,90606,0,87465,12096,87465,87465,0,0,569,/home/ltf/project/github/PCT/data/simulation_data/results0717_s2_water_vacuum_pilot/run_569/PhaseSpaceIn.root,/home/ltf/project/github/PCT/data/simulation_data/results0717_s2_water_vacuum_pilot/run_569/PhaseSpaceOut.root
100190,100189,1,91113,91113,0,88042,12147,88042,88042,0,0,570,/home/ltf/project/github/PCT/data/simulation_data/results0717_s2_water_vacuum_pilot/run_570/PhaseSpaceIn.root,/home/ltf/project/github/PCT/data/simulation_data/results0717_s2_water_vacuum_pilot/run_570/PhaseSpaceOut.root
100252,100252,0,91370,91370,0,88247,12005,88247,88247,0,0,571,/home/ltf/project/github/PCT/data/simulation_data/results0717_s2_water_vacuum_pilot/run_571/PhaseSpaceIn.root,/home/ltf/project/github/PCT/data/simulation_data/results0717_s2_water_vacuum_pilot/run_571/PhaseSpaceOut.root
100177,100177,0,91055,91055,0,87925,12252,87925,87925,0,0,572,/home/ltf/project/github/PCT/data/simulation_data/results0717_s2_water_vacuum_pilot/run_572/PhaseSpaceIn.root,/home/ltf/project/github/PCT/data/simulation_data/results0717_s2_water_vacuum_pilot/run_572/PhaseSpaceOut.root
99881,99881,0,90954,90954,0,87808,12073,87808,87808,0,0,573,/home/ltf/project/github/PCT/data/simulation_data/results0717_s2_water_vacuum_pilot/run_573/PhaseSpaceIn.root,/home/ltf/project/github/PCT/data/simulation_data/results0717_s2_water_vacuum_pilot/run_573/PhaseSpaceOut.root
100369,100369,0,91219,91219,0,88084,12285,88084,88084,0,0,574,/home/ltf/project/github/PCT/data/simulation_data/results0717_s2_water_vacuum_pilot/run_574/PhaseSpaceIn.root,/home/ltf/project/github/PCT/data/simulation_data/results0717_s2_water_vacuum_pilot/run_574/PhaseSpaceOut.root
99779,99779,0,90726,90726,0,87491,12288,87491,87491,0,0,575,/home/ltf/project/github/PCT/data/simulation_data/results0717_s2_water_vacuum_pilot/run_575/PhaseSpaceIn.root,/home/ltf/project/github/PCT/data/simulation_data/results0717_s2_water_vacuum_pilot/run_575/PhaseSpaceOut.root
99910,99910,0,90978,90978,0,87810,12100,87810,87810,0,0,576,/home/ltf/project/github/PCT/data/simulation_data/results0717_s2_water_vacuum_pilot/run_576/PhaseSpaceIn.root,/home/ltf/project/github/PCT/data/simulation_data/results0717_s2_water_vacuum_pilot/run_576/PhaseSpaceOut.root
100168,100168,0,91079,91079,0,87959,12209,87959,87959,0,0,577,/home/ltf/project/github/PCT/data/simulation_data/results0717_s2_water_vacuum_pilot/run_577/PhaseSpaceIn.root,/home/ltf/project/github/PCT/data/simulation_data/results0717_s2_water_vacuum_pilot/run_577/PhaseSpaceOut.root
99935,99935,0,90828,90828,0,87690,12245,87690,87690,0,0,578,/home/ltf/project/github/PCT/data/simulation_data/results0717_s2_water_vacuum_pilot/run_578/PhaseSpaceIn.root,/home/ltf/project/github/PCT/data/simulation_data/results0717_s2_water_vacuum_pilot/run_578/PhaseSpaceOut.root
100187,100187,0,91023,91023,0,87872,12315,87872,87872,0,0,579,/home/ltf/project/github/PCT/data/simulation_data/results0717_s2_water_vacuum_pilot/run_579/PhaseSpaceIn.root,/home/ltf/project/github/PCT/data/simulation_data/results0717_s2_water_vacuum_pilot/run_579/PhaseSpaceOut.root
100153,100153,0,91014,91014,0,87851,12302,87851,87851,0,0,580,/home/ltf/project/github/PCT/data/simulation_data/results0717_s2_water_vacuum_pilot/run_580/PhaseSpaceIn.root,/home/ltf/project/github/PCT/data/simulation_data/results0717_s2_water_vacuum_pilot/run_580/PhaseSpaceOut.root
100294,100294,0,91269,91269,0,88093,12201,88093,88093,0,0,581,/home/ltf/project/github/PCT/data/simulation_data/results0717_s2_water_vacuum_pilot/run_581/PhaseSpaceIn.root,/home/ltf/project/github/PCT/data/simulation_data/results0717_s2_water_vacuum_pilot/run_581/PhaseSpaceOut.root
100011,100011,0,90858,90858,0,87750,12261,87750,87750,0,0,582,/home/ltf/project/github/PCT/data/simulation_data/results0717_s2_water_vacuum_pilot/run_582/PhaseSpaceIn.root,/home/ltf/project/github/PCT/data/simulation_data/results0717_s2_water_vacuum_pilot/run_582/PhaseSpaceOut.root
100755,100755,0,91840,91840,0,88679,12076,88679,88679,0,0,583,/home/ltf/project/github/PCT/data/simulation_data/results0717_s2_water_vacuum_pilot/run_583/PhaseSpaceIn.root,/home/ltf/project/github/PCT/data/simulation_data/results0717_s2_water_vacuum_pilot/run_583/PhaseSpaceOut.root
99730,99730,0,90817,90817,0,87656,12074,87656,87656,0,0,584,/home/ltf/project/github/PCT/data/simulation_data/results0717_s2_water_vacuum_pilot/run_584/PhaseSpaceIn.root,/home/ltf/project/github/PCT/data/simulation_data/results0717_s2_water_vacuum_pilot/run_584/PhaseSpaceOut.root
99626,99626,0,90655,90655,0,87488,12138,87488,87488,0,0,585,/home/ltf/project/github/PCT/data/simulation_data/results0717_s2_water_vacuum_pilot/run_585/PhaseSpaceIn.root,/home/ltf/project/github/PCT/data/simulation_data/results0717_s2_water_vacuum_pilot/run_585/PhaseSpaceOut.root
99811,99811,0,90853,90853,0,87655,12156,87655,87655,0,0,586,/home/ltf/project/github/PCT/data/simulation_data/results0717_s2_water_vacuum_pilot/run_586/PhaseSpaceIn.root,/home/ltf/project/github/PCT/data/simulation_data/results0717_s2_water_vacuum_pilot/run_586/PhaseSpaceOut.root
99856,99856,0,90970,90970,0,87766,12090,87766,87766,0,0,587,/home/ltf/project/github/PCT/data/simulation_data/results0717_s2_water_vacuum_pilot/run_587/PhaseSpaceIn.root,/home/ltf/project/github/PCT/data/simulation_data/results0717_s2_water_vacuum_pilot/run_587/PhaseSpaceOut.root
99846,99846,0,90853,90853,0,87677,12169,87677,87677,0,0,588,/home/ltf/project/github/PCT/data/simulation_data/results0717_s2_water_vacuum_pilot/run_588/PhaseSpaceIn.root,/home/ltf/project/github/PCT/data/simulation_data/results0717_s2_water_vacuum_pilot/run_588/PhaseSpaceOut.root
99642,99642,0,90713,90713,0,87541,12101,87541,87541,0,0,589,/home/ltf/project/github/PCT/data/simulation_data/results0717_s2_water_vacuum_pilot/run_589/PhaseSpaceIn.root,/home/ltf/project/github/PCT/data/simulation_data/results0717_s2_water_vacuum_pilot/run_589/PhaseSpaceOut.root
99893,99893,0,91130,91130,0,87965,11928,87965,87965,0,0,590,/home/ltf/project/github/PCT/data/simulation_data/results0717_s2_water_vacuum_pilot/run_590/PhaseSpaceIn.root,/home/ltf/project/github/PCT/data/simulation_data/results0717_s2_water_vacuum_pilot/run_590/PhaseSpaceOut.root
100008,100008,0,91126,91126,0,88039,11969,88039,88039,0,0,591,/home/ltf/project/github/PCT/data/simulation_data/results0717_s2_water_vacuum_pilot/run_591/PhaseSpaceIn.root,/home/ltf/project/github/PCT/data/simulation_data/results0717_s2_water_vacuum_pilot/run_591/PhaseSpaceOut.root
100052,100052,0,91239,91239,0,88177,11875,88177,88177,0,0,592,/home/ltf/project/github/PCT/data/simulation_data/results0717_s2_water_vacuum_pilot/run_592/PhaseSpaceIn.root,/home/ltf/project/github/PCT/data/simulation_data/results0717_s2_water_vacuum_pilot/run_592/PhaseSpaceOut.root
100087,100087,0,91075,91075,0,87950,12137,87950,87950,0,0,593,/home/ltf/project/github/PCT/data/simulation_data/results0717_s2_water_vacuum_pilot/run_593/PhaseSpaceIn.root,/home/ltf/project/github/PCT/data/simulation_data/results0717_s2_water_vacuum_pilot/run_593/PhaseSpaceOut.root
100023,100023,0,91126,91126,0,88002,12021,88002,88002,0,0,594,/home/ltf/project/github/PCT/data/simulation_data/results0717_s2_water_vacuum_pilot/run_594/PhaseSpaceIn.root,/home/ltf/project/github/PCT/data/simulation_data/results0717_s2_water_vacuum_pilot/run_594/PhaseSpaceOut.root
99943,99943,0,90775,90775,0,87748,12195,87748,87748,0,0,595,/home/ltf/project/github/PCT/data/simulation_data/results0717_s2_water_vacuum_pilot/run_595/PhaseSpaceIn.root,/home/ltf/project/github/PCT/data/simulation_data/results0717_s2_water_vacuum_pilot/run_595/PhaseSpaceOut.root
100384,100384,0,91290,91290,0,88127,12257,88127,88127,0,0,596,/home/ltf/project/github/PCT/data/simulation_data/results0717_s2_water_vacuum_pilot/run_596/PhaseSpaceIn.root,/home/ltf/project/github/PCT/data/simulation_data/results0717_s2_water_vacuum_pilot/run_596/PhaseSpaceOut.root
100219,100219,0,91146,91146,0,88051,12168,88051,88051,0,0,597,/home/ltf/project/github/PCT/data/simulation_data/results0717_s2_water_vacuum_pilot/run_597/PhaseSpaceIn.root,/home/ltf/project/github/PCT/data/simulation_data/results0717_s2_water_vacuum_pilot/run_597/PhaseSpaceOut.root
99664,99664,0,90680,90680,0,87506,12158,87506,87506,0,0,598,/home/ltf/project/github/PCT/data/simulation_data/results0717_s2_water_vacuum_pilot/run_598/PhaseSpaceIn.root,/home/ltf/project/github/PCT/data/simulation_data/results0717_s2_water_vacuum_pilot/run_598/PhaseSpaceOut.root
99890,99890,0,90913,90913,0,87749,12141,87749,87749,0,0,599,/home/ltf/project/github/PCT/data/simulation_data/results0717_s2_water_vacuum_pilot/run_599/PhaseSpaceIn.root,/home/ltf/project/github/PCT/data/simulation_data/results0717_s2_water_vacuum_pilot/run_599/PhaseSpaceOut.root
100246,100246,0,91150,91150,0,88014,12232,88014,88014,0,0,600,/home/ltf/project/github/PCT/data/simulation_data/results0717_s2_water_vacuum_pilot/run_600/PhaseSpaceIn.root,/home/ltf/project/github/PCT/data/simulation_data/results0717_s2_water_vacuum_pilot/run_600/PhaseSpaceOut.root
100026,100026,0,91131,91131,0,87934,12092,87934,87934,0,0,601,/home/ltf/project/github/PCT/data/simulation_data/results0717_s2_water_vacuum_pilot/run_601/PhaseSpaceIn.root,/home/ltf/project/github/PCT/data/simulation_data/results0717_s2_water_vacuum_pilot/run_601/PhaseSpaceOut.root
99931,99931,0,90841,90841,0,87695,12236,87695,87695,0,0,602,/home/ltf/project/github/PCT/data/simulation_data/results0717_s2_water_vacuum_pilot/run_602/PhaseSpaceIn.root,/home/ltf/project/github/PCT/data/simulation_data/results0717_s2_water_vacuum_pilot/run_602/PhaseSpaceOut.root
99676,99676,0,90783,90783,0,87719,11957,87719,87719,0,0,603,/home/ltf/project/github/PCT/data/simulation_data/results0717_s2_water_vacuum_pilot/run_603/PhaseSpaceIn.root,/home/ltf/project/github/PCT/data/simulation_data/results0717_s2_water_vacuum_pilot/run_603/PhaseSpaceOut.root
99929,99929,0,90929,90929,0,87697,12232,87697,87697,0,0,604,/home/ltf/project/github/PCT/data/simulation_data/results0717_s2_water_vacuum_pilot/run_604/PhaseSpaceIn.root,/home/ltf/project/github/PCT/data/simulation_data/results0717_s2_water_vacuum_pilot/run_604/PhaseSpaceOut.root
100203,100203,0,91211,91211,0,88122,12081,88122,88122,0,0,605,/home/ltf/project/github/PCT/data/simulation_data/results0717_s2_water_vacuum_pilot/run_605/PhaseSpaceIn.root,/home/ltf/project/github/PCT/data/simulation_data/results0717_s2_water_vacuum_pilot/run_605/PhaseSpaceOut.root
99470,99470,0,90616,90616,0,87475,11995,87475,87475,0,0,606,/home/ltf/project/github/PCT/data/simulation_data/results0717_s2_water_vacuum_pilot/run_606/PhaseSpaceIn.root,/home/ltf/project/github/PCT/data/simulation_data/results0717_s2_water_vacuum_pilot/run_606/PhaseSpaceOut.root
100049,100049,0,90970,90970,0,87855,12194,87855,87855,0,0,607,/home/ltf/project/github/PCT/data/simulation_data/results0717_s2_water_vacuum_pilot/run_607/PhaseSpaceIn.root,/home/ltf/project/github/PCT/data/simulation_data/results0717_s2_water_vacuum_pilot/run_607/PhaseSpaceOut.root
99369,99369,0,90426,90426,0,87336,12033,87336,87336,0,0,608,/home/ltf/project/github/PCT/data/simulation_data/results0717_s2_water_vacuum_pilot/run_608/PhaseSpaceIn.root,/home/ltf/project/github/PCT/data/simulation_data/results0717_s2_water_vacuum_pilot/run_608/PhaseSpaceOut.root
100014,100014,0,91005,91005,0,87749,12265,87749,87749,0,0,609,/home/ltf/project/github/PCT/data/simulation_data/results0717_s2_water_vacuum_pilot/run_609/PhaseSpaceIn.root,/home/ltf/project/github/PCT/data/simulation_data/results0717_s2_water_vacuum_pilot/run_609/PhaseSpaceOut.root
100163,100163,0,91181,91181,0,87974,12189,87974,87974,0,0,610,/home/ltf/project/github/PCT/data/simulation_data/results0717_s2_water_vacuum_pilot/run_610/PhaseSpaceIn.root,/home/ltf/project/github/PCT/data/simulation_data/results0717_s2_water_vacuum_pilot/run_610/PhaseSpaceOut.root
99786,99786,0,90607,90607,0,87482,12304,87482,87482,0,0,611,/home/ltf/project/github/PCT/data/simulation_data/results0717_s2_water_vacuum_pilot/run_611/PhaseSpaceIn.root,/home/ltf/project/github/PCT/data/simulation_data/results0717_s2_water_vacuum_pilot/run_611/PhaseSpaceOut.root
99664,99664,0,90794,90794,0,87616,12048,87616,87616,0,0,612,/home/ltf/project/github/PCT/data/simulation_data/results0717_s2_water_vacuum_pilot/run_612/PhaseSpaceIn.root,/home/ltf/project/github/PCT/data/simulation_data/results0717_s2_water_vacuum_pilot/run_612/PhaseSpaceOut.root
100137,100137,0,91058,91058,0,87912,12225,87912,87912,0,0,613,/home/ltf/project/github/PCT/data/simulation_data/results0717_s2_water_vacuum_pilot/run_613/PhaseSpaceIn.root,/home/ltf/project/github/PCT/data/simulation_data/results0717_s2_water_vacuum_pilot/run_613/PhaseSpaceOut.root
100150,100150,0,91200,91200,0,88029,12121,88029,88029,0,0,614,/home/ltf/project/github/PCT/data/simulation_data/results0717_s2_water_vacuum_pilot/run_614/PhaseSpaceIn.root,/home/ltf/project/github/PCT/data/simulation_data/results0717_s2_water_vacuum_pilot/run_614/PhaseSpaceOut.root
99656,99655,1,90714,90714,0,87597,12058,87597,87597,0,0,615,/home/ltf/project/github/PCT/data/simulation_data/results0717_s2_water_vacuum_pilot/run_615/PhaseSpaceIn.root,/home/ltf/project/github/PCT/data/simulation_data/results0717_s2_water_vacuum_pilot/run_615/PhaseSpaceOut.root
100230,100230,0,91247,91247,0,88101,12129,88101,88101,0,0,616,/home/ltf/project/github/PCT/data/simulation_data/results0717_s2_water_vacuum_pilot/run_616/PhaseSpaceIn.root,/home/ltf/project/github/PCT/data/simulation_data/results0717_s2_water_vacuum_pilot/run_616/PhaseSpaceOut.root
99782,99782,0,90919,90919,0,87893,11889,87893,87893,0,0,617,/home/ltf/project/github/PCT/data/simulation_data/results0717_s2_water_vacuum_pilot/run_617/PhaseSpaceIn.root,/home/ltf/project/github/PCT/data/simulation_data/results0717_s2_water_vacuum_pilot/run_617/PhaseSpaceOut.root
100153,100153,0,91136,91136,0,87951,12202,87951,87951,0,0,618,/home/ltf/project/github/PCT/data/simulation_data/results0717_s2_water_vacuum_pilot/run_618/PhaseSpaceIn.root,/home/ltf/project/github/PCT/data/simulation_data/results0717_s2_water_vacuum_pilot/run_618/PhaseSpaceOut.root
100021,100021,0,91197,91197,0,88034,11987,88034,88034,0,0,619,/home/ltf/project/github/PCT/data/simulation_data/results0717_s2_water_vacuum_pilot/run_619/PhaseSpaceIn.root,/home/ltf/project/github/PCT/data/simulation_data/results0717_s2_water_vacuum_pilot/run_619/PhaseSpaceOut.root
99658,99658,0,90501,90501,0,87418,12240,87418,87418,0,0,620,/home/ltf/project/github/PCT/data/simulation_data/results0717_s2_water_vacuum_pilot/run_620/PhaseSpaceIn.root,/home/ltf/project/github/PCT/data/simulation_data/results0717_s2_water_vacuum_pilot/run_620/PhaseSpaceOut.root
99881,99881,0,90936,90936,0,87702,12179,87702,87702,0,0,621,/home/ltf/project/github/PCT/data/simulation_data/results0717_s2_water_vacuum_pilot/run_621/PhaseSpaceIn.root,/home/ltf/project/github/PCT/data/simulation_data/results0717_s2_water_vacuum_pilot/run_621/PhaseSpaceOut.root
100178,100178,0,91219,91219,0,88138,12040,88138,88138,0,0,622,/home/ltf/project/github/PCT/data/simulation_data/results0717_s2_water_vacuum_pilot/run_622/PhaseSpaceIn.root,/home/ltf/project/github/PCT/data/simulation_data/results0717_s2_water_vacuum_pilot/run_622/PhaseSpaceOut.root
100173,100172,1,90983,90983,0,87894,12278,87894,87894,0,0,623,/home/ltf/project/github/PCT/data/simulation_data/results0717_s2_water_vacuum_pilot/run_623/PhaseSpaceIn.root,/home/ltf/project/github/PCT/data/simulation_data/results0717_s2_water_vacuum_pilot/run_623/PhaseSpaceOut.root
99975,99975,0,90947,90947,0,87784,12191,87784,87784,0,0,624,/home/ltf/project/github/PCT/data/simulation_data/results0717_s2_water_vacuum_pilot/run_624/PhaseSpaceIn.root,/home/ltf/project/github/PCT/data/simulation_data/results0717_s2_water_vacuum_pilot/run_624/PhaseSpaceOut.root
99809,99809,0,90745,90745,0,87544,12265,87544,87544,0,0,625,/home/ltf/project/github/PCT/data/simulation_data/results0717_s2_water_vacuum_pilot/run_625/PhaseSpaceIn.root,/home/ltf/project/github/PCT/data/simulation_data/results0717_s2_water_vacuum_pilot/run_625/PhaseSpaceOut.root
100397,100397,0,91267,91267,0,88036,12361,88036,88036,0,0,626,/home/ltf/project/github/PCT/data/simulation_data/results0717_s2_water_vacuum_pilot/run_626/PhaseSpaceIn.root,/home/ltf/project/github/PCT/data/simulation_data/results0717_s2_water_vacuum_pilot/run_626/PhaseSpaceOut.root
100365,100365,0,91416,91416,0,88244,12121,88244,88244,0,0,627,/home/ltf/project/github/PCT/data/simulation_data/results0717_s2_water_vacuum_pilot/run_627/PhaseSpaceIn.root,/home/ltf/project/github/PCT/data/simulation_data/results0717_s2_water_vacuum_pilot/run_627/PhaseSpaceOut.root
100563,100563,0,91451,91451,0,88303,12260,88303,88303,0,0,628,/home/ltf/project/github/PCT/data/simulation_data/results0717_s2_water_vacuum_pilot/run_628/PhaseSpaceIn.root,/home/ltf/project/github/PCT/data/simulation_data/results0717_s2_water_vacuum_pilot/run_628/PhaseSpaceOut.root
99965,99965,0,90946,90946,0,87744,12221,87744,87744,0,0,629,/home/ltf/project/github/PCT/data/simulation_data/results0717_s2_water_vacuum_pilot/run_629/PhaseSpaceIn.root,/home/ltf/project/github/PCT/data/simulation_data/results0717_s2_water_vacuum_pilot/run_629/PhaseSpaceOut.root
100005,100005,0,91006,91006,0,87826,12179,87826,87826,0,0,630,/home/ltf/project/github/PCT/data/simulation_data/results0717_s2_water_vacuum_pilot/run_630/PhaseSpaceIn.root,/home/ltf/project/github/PCT/data/simulation_data/results0717_s2_water_vacuum_pilot/run_630/PhaseSpaceOut.root
99893,99893,0,91011,91011,0,87861,12032,87861,87861,0,0,631,/home/ltf/project/github/PCT/data/simulation_data/results0717_s2_water_vacuum_pilot/run_631/PhaseSpaceIn.root,/home/ltf/project/github/PCT/data/simulation_data/results0717_s2_water_vacuum_pilot/run_631/PhaseSpaceOut.root
100411,100411,0,91255,91255,0,88123,12288,88123,88123,0,0,632,/home/ltf/project/github/PCT/data/simulation_data/results0717_s2_water_vacuum_pilot/run_632/PhaseSpaceIn.root,/home/ltf/project/github/PCT/data/simulation_data/results0717_s2_water_vacuum_pilot/run_632/PhaseSpaceOut.root
100362,100362,0,91295,91295,0,88114,12248,88114,88114,0,0,633,/home/ltf/project/github/PCT/data/simulation_data/results0717_s2_water_vacuum_pilot/run_633/PhaseSpaceIn.root,/home/ltf/project/github/PCT/data/simulation_data/results0717_s2_water_vacuum_pilot/run_633/PhaseSpaceOut.root
100081,100081,0,91058,91058,0,87976,12105,87976,87976,0,0,634,/home/ltf/project/github/PCT/data/simulation_data/results0717_s2_water_vacuum_pilot/run_634/PhaseSpaceIn.root,/home/ltf/project/github/PCT/data/simulation_data/results0717_s2_water_vacuum_pilot/run_634/PhaseSpaceOut.root
99930,99930,0,91038,91038,0,87893,12037,87893,87893,0,0,635,/home/ltf/project/github/PCT/data/simulation_data/results0717_s2_water_vacuum_pilot/run_635/PhaseSpaceIn.root,/home/ltf/project/github/PCT/data/simulation_data/results0717_s2_water_vacuum_pilot/run_635/PhaseSpaceOut.root
99663,99663,0,90695,90695,0,87548,12115,87548,87548,0,0,636,/home/ltf/project/github/PCT/data/simulation_data/results0717_s2_water_vacuum_pilot/run_636/PhaseSpaceIn.root,/home/ltf/project/github/PCT/data/simulation_data/results0717_s2_water_vacuum_pilot/run_636/PhaseSpaceOut.root
100376,100376,0,91259,91259,0,88079,12297,88079,88079,0,0,637,/home/ltf/project/github/PCT/data/simulation_data/results0717_s2_water_vacuum_pilot/run_637/PhaseSpaceIn.root,/home/ltf/project/github/PCT/data/simulation_data/results0717_s2_water_vacuum_pilot/run_637/PhaseSpaceOut.root
99772,99772,0,90721,90721,0,87658,12114,87658,87658,0,0,638,/home/ltf/project/github/PCT/data/simulation_data/results0717_s2_water_vacuum_pilot/run_638/PhaseSpaceIn.root,/home/ltf/project/github/PCT/data/simulation_data/results0717_s2_water_vacuum_pilot/run_638/PhaseSpaceOut.root
100337,100337,0,91356,91356,0,88217,12120,88217,88217,0,0,639,/home/ltf/project/github/PCT/data/simulation_data/results0717_s2_water_vacuum_pilot/run_639/PhaseSpaceIn.root,/home/ltf/project/github/PCT/data/simulation_data/results0717_s2_water_vacuum_pilot/run_639/PhaseSpaceOut.root
99557,99557,0,90852,90852,0,87724,11833,87724,87724,0,0,640,/home/ltf/project/github/PCT/data/simulation_data/results0717_s2_water_vacuum_pilot/run_640/PhaseSpaceIn.root,/home/ltf/project/github/PCT/data/simulation_data/results0717_s2_water_vacuum_pilot/run_640/PhaseSpaceOut.root
99940,99940,0,90766,90766,0,87650,12290,87650,87650,0,0,641,/home/ltf/project/github/PCT/data/simulation_data/results0717_s2_water_vacuum_pilot/run_641/PhaseSpaceIn.root,/home/ltf/project/github/PCT/data/simulation_data/results0717_s2_water_vacuum_pilot/run_641/PhaseSpaceOut.root
100145,100145,0,90989,90989,0,87912,12233,87912,87912,0,0,642,/home/ltf/project/github/PCT/data/simulation_data/results0717_s2_water_vacuum_pilot/run_642/PhaseSpaceIn.root,/home/ltf/project/github/PCT/data/simulation_data/results0717_s2_water_vacuum_pilot/run_642/PhaseSpaceOut.root
99804,99804,0,90785,90785,0,87557,12247,87557,87557,0,0,643,/home/ltf/project/github/PCT/data/simulation_data/results0717_s2_water_vacuum_pilot/run_643/PhaseSpaceIn.root,/home/ltf/project/github/PCT/data/simulation_data/results0717_s2_water_vacuum_pilot/run_643/PhaseSpaceOut.root
99937,99937,0,90980,90980,0,87871,12066,87871,87871,0,0,644,/home/ltf/project/github/PCT/data/simulation_data/results0717_s2_water_vacuum_pilot/run_644/PhaseSpaceIn.root,/home/ltf/project/github/PCT/data/simulation_data/results0717_s2_water_vacuum_pilot/run_644/PhaseSpaceOut.root
100065,100065,0,91052,91052,0,87872,12193,87872,87872,0,0,645,/home/ltf/project/github/PCT/data/simulation_data/results0717_s2_water_vacuum_pilot/run_645/PhaseSpaceIn.root,/home/ltf/project/github/PCT/data/simulation_data/results0717_s2_water_vacuum_pilot/run_645/PhaseSpaceOut.root
99988,99988,0,91027,91027,0,87872,12116,87872,87872,0,0,646,/home/ltf/project/github/PCT/data/simulation_data/results0717_s2_water_vacuum_pilot/run_646/PhaseSpaceIn.root,/home/ltf/project/github/PCT/data/simulation_data/results0717_s2_water_vacuum_pilot/run_646/PhaseSpaceOut.root
100188,100188,0,91227,91227,0,88088,12100,88088,88088,0,0,647,/home/ltf/project/github/PCT/data/simulation_data/results0717_s2_water_vacuum_pilot/run_647/PhaseSpaceIn.root,/home/ltf/project/github/PCT/data/simulation_data/results0717_s2_water_vacuum_pilot/run_647/PhaseSpaceOut.root
99957,99956,1,90869,90869,0,87744,12212,87744,87744,0,0,648,/home/ltf/project/github/PCT/data/simulation_data/results0717_s2_water_vacuum_pilot/run_648/PhaseSpaceIn.root,/home/ltf/project/github/PCT/data/simulation_data/results0717_s2_water_vacuum_pilot/run_648/PhaseSpaceOut.root
100225,100225,0,91280,91280,0,88094,12131,88094,88094,0,0,649,/home/ltf/project/github/PCT/data/simulation_data/results0717_s2_water_vacuum_pilot/run_649/PhaseSpaceIn.root,/home/ltf/project/github/PCT/data/simulation_data/results0717_s2_water_vacuum_pilot/run_649/PhaseSpaceOut.root
99759,99759,0,90845,90845,0,87707,12052,87707,87707,0,0,650,/home/ltf/project/github/PCT/data/simulation_data/results0717_s2_water_vacuum_pilot/run_650/PhaseSpaceIn.root,/home/ltf/project/github/PCT/data/simulation_data/results0717_s2_water_vacuum_pilot/run_650/PhaseSpaceOut.root
100125,100125,0,91240,91240,0,88081,12044,88081,88081,0,0,651,/home/ltf/project/github/PCT/data/simulation_data/results0717_s2_water_vacuum_pilot/run_651/PhaseSpaceIn.root,/home/ltf/project/github/PCT/data/simulation_data/results0717_s2_water_vacuum_pilot/run_651/PhaseSpaceOut.root
100117,100117,0,91015,91015,0,87968,12149,87968,87968,0,0,652,/home/ltf/project/github/PCT/data/simulation_data/results0717_s2_water_vacuum_pilot/run_652/PhaseSpaceIn.root,/home/ltf/project/github/PCT/data/simulation_data/results0717_s2_water_vacuum_pilot/run_652/PhaseSpaceOut.root
99619,99619,0,90725,90725,0,87602,12017,87602,87602,0,0,653,/home/ltf/project/github/PCT/data/simulation_data/results0717_s2_water_vacuum_pilot/run_653/PhaseSpaceIn.root,/home/ltf/project/github/PCT/data/simulation_data/results0717_s2_water_vacuum_pilot/run_653/PhaseSpaceOut.root
100078,100078,0,91019,91019,0,87793,12285,87793,87793,0,0,654,/home/ltf/project/github/PCT/data/simulation_data/results0717_s2_water_vacuum_pilot/run_654/PhaseSpaceIn.root,/home/ltf/project/github/PCT/data/simulation_data/results0717_s2_water_vacuum_pilot/run_654/PhaseSpaceOut.root
99707,99707,0,90806,90806,0,87714,11993,87714,87714,0,0,655,/home/ltf/project/github/PCT/data/simulation_data/results0717_s2_water_vacuum_pilot/run_655/PhaseSpaceIn.root,/home/ltf/project/github/PCT/data/simulation_data/results0717_s2_water_vacuum_pilot/run_655/PhaseSpaceOut.root
100350,100350,0,91293,91293,0,88054,12296,88054,88054,0,0,656,/home/ltf/project/github/PCT/data/simulation_data/results0717_s2_water_vacuum_pilot/run_656/PhaseSpaceIn.root,/home/ltf/project/github/PCT/data/simulation_data/results0717_s2_water_vacuum_pilot/run_656/PhaseSpaceOut.root
99705,99705,0,90916,90916,0,87780,11925,87780,87780,0,0,657,/home/ltf/project/github/PCT/data/simulation_data/results0717_s2_water_vacuum_pilot/run_657/PhaseSpaceIn.root,/home/ltf/project/github/PCT/data/simulation_data/results0717_s2_water_vacuum_pilot/run_657/PhaseSpaceOut.root
99706,99706,0,90858,90858,0,87777,11929,87777,87777,0,0,658,/home/ltf/project/github/PCT/data/simulation_data/results0717_s2_water_vacuum_pilot/run_658/PhaseSpaceIn.root,/home/ltf/project/github/PCT/data/simulation_data/results0717_s2_water_vacuum_pilot/run_658/PhaseSpaceOut.root
99815,99815,0,90828,90828,0,87702,12113,87702,87702,0,0,659,/home/ltf/project/github/PCT/data/simulation_data/results0717_s2_water_vacuum_pilot/run_659/PhaseSpaceIn.root,/home/ltf/project/github/PCT/data/simulation_data/results0717_s2_water_vacuum_pilot/run_659/PhaseSpaceOut.root
99818,99818,0,90755,90755,0,87691,12127,87691,87691,0,0,660,/home/ltf/project/github/PCT/data/simulation_data/results0717_s2_water_vacuum_pilot/run_660/PhaseSpaceIn.root,/home/ltf/project/github/PCT/data/simulation_data/results0717_s2_water_vacuum_pilot/run_660/PhaseSpaceOut.root
100883,100883,0,91888,91888,0,88719,12164,88719,88719,0,0,661,/home/ltf/project/github/PCT/data/simulation_data/results0717_s2_water_vacuum_pilot/run_661/PhaseSpaceIn.root,/home/ltf/project/github/PCT/data/simulation_data/results0717_s2_water_vacuum_pilot/run_661/PhaseSpaceOut.root
100032,100032,0,91069,91069,0,87925,12107,87925,87925,0,0,662,/home/ltf/project/github/PCT/data/simulation_data/results0717_s2_water_vacuum_pilot/run_662/PhaseSpaceIn.root,/home/ltf/project/github/PCT/data/simulation_data/results0717_s2_water_vacuum_pilot/run_662/PhaseSpaceOut.root
100013,100013,0,90992,90992,0,87835,12178,87835,87835,0,0,663,/home/ltf/project/github/PCT/data/simulation_data/results0717_s2_water_vacuum_pilot/run_663/PhaseSpaceIn.root,/home/ltf/project/github/PCT/data/simulation_data/results0717_s2_water_vacuum_pilot/run_663/PhaseSpaceOut.root
99877,99877,0,90827,90827,0,87736,12141,87736,87736,0,0,664,/home/ltf/project/github/PCT/data/simulation_data/results0717_s2_water_vacuum_pilot/run_664/PhaseSpaceIn.root,/home/ltf/project/github/PCT/data/simulation_data/results0717_s2_water_vacuum_pilot/run_664/PhaseSpaceOut.root
99788,99788,0,90776,90776,0,87664,12124,87664,87664,0,0,665,/home/ltf/project/github/PCT/data/simulation_data/results0717_s2_water_vacuum_pilot/run_665/PhaseSpaceIn.root,/home/ltf/project/github/PCT/data/simulation_data/results0717_s2_water_vacuum_pilot/run_665/PhaseSpaceOut.root
99826,99826,0,90869,90869,0,87800,12026,87800,87800,0,0,666,/home/ltf/project/github/PCT/data/simulation_data/results0717_s2_water_vacuum_pilot/run_666/PhaseSpaceIn.root,/home/ltf/project/github/PCT/data/simulation_data/results0717_s2_water_vacuum_pilot/run_666/PhaseSpaceOut.root
100582,100582,0,91638,91638,0,88454,12128,88454,88454,0,0,667,/home/ltf/project/github/PCT/data/simulation_data/results0717_s2_water_vacuum_pilot/run_667/PhaseSpaceIn.root,/home/ltf/project/github/PCT/data/simulation_data/results0717_s2_water_vacuum_pilot/run_667/PhaseSpaceOut.root
100323,100323,0,91122,91122,0,88007,12316,88007,88007,0,0,668,/home/ltf/project/github/PCT/data/simulation_data/results0717_s2_water_vacuum_pilot/run_668/PhaseSpaceIn.root,/home/ltf/project/github/PCT/data/simulation_data/results0717_s2_water_vacuum_pilot/run_668/PhaseSpaceOut.root
100037,100037,0,91078,91078,0,88023,12014,88023,88023,0,0,669,/home/ltf/project/github/PCT/data/simulation_data/results0717_s2_water_vacuum_pilot/run_669/PhaseSpaceIn.root,/home/ltf/project/github/PCT/data/simulation_data/results0717_s2_water_vacuum_pilot/run_669/PhaseSpaceOut.root
99486,99486,0,90278,90278,0,87224,12262,87224,87224,0,0,670,/home/ltf/project/github/PCT/data/simulation_data/results0717_s2_water_vacuum_pilot/run_670/PhaseSpaceIn.root,/home/ltf/project/github/PCT/data/simulation_data/results0717_s2_water_vacuum_pilot/run_670/PhaseSpaceOut.root
99878,99878,0,90921,90921,0,87847,12031,87847,87847,0,0,671,/home/ltf/project/github/PCT/data/simulation_data/results0717_s2_water_vacuum_pilot/run_671/PhaseSpaceIn.root,/home/ltf/project/github/PCT/data/simulation_data/results0717_s2_water_vacuum_pilot/run_671/PhaseSpaceOut.root
99954,99954,0,90831,90831,0,87705,12249,87705,87705,0,0,672,/home/ltf/project/github/PCT/data/simulation_data/results0717_s2_water_vacuum_pilot/run_672/PhaseSpaceIn.root,/home/ltf/project/github/PCT/data/simulation_data/results0717_s2_water_vacuum_pilot/run_672/PhaseSpaceOut.root
99936,99936,0,91158,91158,0,87987,11949,87987,87987,0,0,673,/home/ltf/project/github/PCT/data/simulation_data/results0717_s2_water_vacuum_pilot/run_673/PhaseSpaceIn.root,/home/ltf/project/github/PCT/data/simulation_data/results0717_s2_water_vacuum_pilot/run_673/PhaseSpaceOut.root
99793,99793,0,90819,90819,0,87660,12133,87660,87660,0,0,674,/home/ltf/project/github/PCT/data/simulation_data/results0717_s2_water_vacuum_pilot/run_674/PhaseSpaceIn.root,/home/ltf/project/github/PCT/data/simulation_data/results0717_s2_water_vacuum_pilot/run_674/PhaseSpaceOut.root
100484,100484,0,91404,91404,0,88366,12118,88366,88366,0,0,675,/home/ltf/project/github/PCT/data/simulation_data/results0717_s2_water_vacuum_pilot/run_675/PhaseSpaceIn.root,/home/ltf/project/github/PCT/data/simulation_data/results0717_s2_water_vacuum_pilot/run_675/PhaseSpaceOut.root
99994,99994,0,90926,90926,0,87777,12217,87777,87777,0,0,676,/home/ltf/project/github/PCT/data/simulation_data/results0717_s2_water_vacuum_pilot/run_676/PhaseSpaceIn.root,/home/ltf/project/github/PCT/data/simulation_data/results0717_s2_water_vacuum_pilot/run_676/PhaseSpaceOut.root
100143,100143,0,91183,91183,0,88040,12103,88040,88040,0,0,677,/home/ltf/project/github/PCT/data/simulation_data/results0717_s2_water_vacuum_pilot/run_677/PhaseSpaceIn.root,/home/ltf/project/github/PCT/data/simulation_data/results0717_s2_water_vacuum_pilot/run_677/PhaseSpaceOut.root
100070,100070,0,91072,91072,0,87800,12270,87800,87800,0,0,678,/home/ltf/project/github/PCT/data/simulation_data/results0717_s2_water_vacuum_pilot/run_678/PhaseSpaceIn.root,/home/ltf/project/github/PCT/data/simulation_data/results0717_s2_water_vacuum_pilot/run_678/PhaseSpaceOut.root
100041,100041,0,91072,91072,0,87911,12130,87911,87911,0,0,679,/home/ltf/project/github/PCT/data/simulation_data/results0717_s2_water_vacuum_pilot/run_679/PhaseSpaceIn.root,/home/ltf/project/github/PCT/data/simulation_data/results0717_s2_water_vacuum_pilot/run_679/PhaseSpaceOut.root
100179,100179,0,90992,90992,0,87852,12327,87852,87852,0,0,680,/home/ltf/project/github/PCT/data/simulation_data/results0717_s2_water_vacuum_pilot/run_680/PhaseSpaceIn.root,/home/ltf/project/github/PCT/data/simulation_data/results0717_s2_water_vacuum_pilot/run_680/PhaseSpaceOut.root
100074,100074,0,91016,91016,0,87813,12261,87813,87813,0,0,681,/home/ltf/project/github/PCT/data/simulation_data/results0717_s2_water_vacuum_pilot/run_681/PhaseSpaceIn.root,/home/ltf/project/github/PCT/data/simulation_data/results0717_s2_water_vacuum_pilot/run_681/PhaseSpaceOut.root
100156,100156,0,91089,91089,0,88018,12138,88018,88018,0,0,682,/home/ltf/project/github/PCT/data/simulation_data/results0717_s2_water_vacuum_pilot/run_682/PhaseSpaceIn.root,/home/ltf/project/github/PCT/data/simulation_data/results0717_s2_water_vacuum_pilot/run_682/PhaseSpaceOut.root
99701,99701,0,90648,90648,0,87545,12156,87545,87545,0,0,683,/home/ltf/project/github/PCT/data/simulation_data/results0717_s2_water_vacuum_pilot/run_683/PhaseSpaceIn.root,/home/ltf/project/github/PCT/data/simulation_data/results0717_s2_water_vacuum_pilot/run_683/PhaseSpaceOut.root
100643,100643,0,91537,91537,0,88378,12265,88378,88378,0,0,684,/home/ltf/project/github/PCT/data/simulation_data/results0717_s2_water_vacuum_pilot/run_684/PhaseSpaceIn.root,/home/ltf/project/github/PCT/data/simulation_data/results0717_s2_water_vacuum_pilot/run_684/PhaseSpaceOut.root
100489,100489,0,91279,91279,0,88167,12322,88167,88167,0,0,685,/home/ltf/project/github/PCT/data/simulation_data/results0717_s2_water_vacuum_pilot/run_685/PhaseSpaceIn.root,/home/ltf/project/github/PCT/data/simulation_data/results0717_s2_water_vacuum_pilot/run_685/PhaseSpaceOut.root
100391,100391,0,91271,91271,0,88035,12356,88035,88035,0,0,686,/home/ltf/project/github/PCT/data/simulation_data/results0717_s2_water_vacuum_pilot/run_686/PhaseSpaceIn.root,/home/ltf/project/github/PCT/data/simulation_data/results0717_s2_water_vacuum_pilot/run_686/PhaseSpaceOut.root
99560,99560,0,90628,90628,0,87554,12006,87554,87554,0,0,687,/home/ltf/project/github/PCT/data/simulation_data/results0717_s2_water_vacuum_pilot/run_687/PhaseSpaceIn.root,/home/ltf/project/github/PCT/data/simulation_data/results0717_s2_water_vacuum_pilot/run_687/PhaseSpaceOut.root
100030,100030,0,90832,90832,0,87784,12246,87784,87784,0,0,688,/home/ltf/project/github/PCT/data/simulation_data/results0717_s2_water_vacuum_pilot/run_688/PhaseSpaceIn.root,/home/ltf/project/github/PCT/data/simulation_data/results0717_s2_water_vacuum_pilot/run_688/PhaseSpaceOut.root
100081,100081,0,91199,91199,0,87979,12102,87979,87979,0,0,689,/home/ltf/project/github/PCT/data/simulation_data/results0717_s2_water_vacuum_pilot/run_689/PhaseSpaceIn.root,/home/ltf/project/github/PCT/data/simulation_data/results0717_s2_water_vacuum_pilot/run_689/PhaseSpaceOut.root
100008,100008,0,90892,90892,0,87750,12258,87750,87750,0,0,690,/home/ltf/project/github/PCT/data/simulation_data/results0717_s2_water_vacuum_pilot/run_690/PhaseSpaceIn.root,/home/ltf/project/github/PCT/data/simulation_data/results0717_s2_water_vacuum_pilot/run_690/PhaseSpaceOut.root
99988,99988,0,90843,90843,0,87696,12292,87696,87696,0,0,691,/home/ltf/project/github/PCT/data/simulation_data/results0717_s2_water_vacuum_pilot/run_691/PhaseSpaceIn.root,/home/ltf/project/github/PCT/data/simulation_data/results0717_s2_water_vacuum_pilot/run_691/PhaseSpaceOut.root
100721,100721,0,91738,91738,0,88625,12096,88625,88625,0,0,692,/home/ltf/project/github/PCT/data/simulation_data/results0717_s2_water_vacuum_pilot/run_692/PhaseSpaceIn.root,/home/ltf/project/github/PCT/data/simulation_data/results0717_s2_water_vacuum_pilot/run_692/PhaseSpaceOut.root
100521,100521,0,91580,91580,0,88375,12146,88375,88375,0,0,693,/home/ltf/project/github/PCT/data/simulation_data/results0717_s2_water_vacuum_pilot/run_693/PhaseSpaceIn.root,/home/ltf/project/github/PCT/data/simulation_data/results0717_s2_water_vacuum_pilot/run_693/PhaseSpaceOut.root
99826,99826,0,90920,90920,0,87783,12043,87783,87783,0,0,694,/home/ltf/project/github/PCT/data/simulation_data/results0717_s2_water_vacuum_pilot/run_694/PhaseSpaceIn.root,/home/ltf/project/github/PCT/data/simulation_data/results0717_s2_water_vacuum_pilot/run_694/PhaseSpaceOut.root
100512,100512,0,91516,91516,0,88333,12179,88333,88333,0,0,695,/home/ltf/project/github/PCT/data/simulation_data/results0717_s2_water_vacuum_pilot/run_695/PhaseSpaceIn.root,/home/ltf/project/github/PCT/data/simulation_data/results0717_s2_water_vacuum_pilot/run_695/PhaseSpaceOut.root
99876,99876,0,90725,90725,0,87640,12236,87640,87640,0,0,696,/home/ltf/project/github/PCT/data/simulation_data/results0717_s2_water_vacuum_pilot/run_696/PhaseSpaceIn.root,/home/ltf/project/github/PCT/data/simulation_data/results0717_s2_water_vacuum_pilot/run_696/PhaseSpaceOut.root
100422,100422,0,91389,91389,0,88263,12159,88263,88263,0,0,697,/home/ltf/project/github/PCT/data/simulation_data/results0717_s2_water_vacuum_pilot/run_697/PhaseSpaceIn.root,/home/ltf/project/github/PCT/data/simulation_data/results0717_s2_water_vacuum_pilot/run_697/PhaseSpaceOut.root
100017,100017,0,90989,90989,0,87870,12147,87870,87870,0,0,698,/home/ltf/project/github/PCT/data/simulation_data/results0717_s2_water_vacuum_pilot/run_698/PhaseSpaceIn.root,/home/ltf/project/github/PCT/data/simulation_data/results0717_s2_water_vacuum_pilot/run_698/PhaseSpaceOut.root
100009,100009,0,90909,90909,0,87761,12248,87761,87761,0,0,699,/home/ltf/project/github/PCT/data/simulation_data/results0717_s2_water_vacuum_pilot/run_699/PhaseSpaceIn.root,/home/ltf/project/github/PCT/data/simulation_data/results0717_s2_water_vacuum_pilot/run_699/PhaseSpaceOut.root
99729,99729,0,90726,90726,0,87685,12044,87685,87685,0,0,700,/home/ltf/project/github/PCT/data/simulation_data/results0717_s2_water_vacuum_pilot/run_700/PhaseSpaceIn.root,/home/ltf/project/github/PCT/data/simulation_data/results0717_s2_water_vacuum_pilot/run_700/PhaseSpaceOut.root
100617,100617,0,91747,91747,0,88626,11991,88626,88626,0,0,701,/home/ltf/project/github/PCT/data/simulation_data/results0717_s2_water_vacuum_pilot/run_701/PhaseSpaceIn.root,/home/ltf/project/github/PCT/data/simulation_data/results0717_s2_water_vacuum_pilot/run_701/PhaseSpaceOut.root
100061,100061,0,90982,90982,0,87911,12150,87911,87911,0,0,702,/home/ltf/project/github/PCT/data/simulation_data/results0717_s2_water_vacuum_pilot/run_702/PhaseSpaceIn.root,/home/ltf/project/github/PCT/data/simulation_data/results0717_s2_water_vacuum_pilot/run_702/PhaseSpaceOut.root
99969,99969,0,90949,90949,0,87872,12097,87872,87872,0,0,703,/home/ltf/project/github/PCT/data/simulation_data/results0717_s2_water_vacuum_pilot/run_703/PhaseSpaceIn.root,/home/ltf/project/github/PCT/data/simulation_data/results0717_s2_water_vacuum_pilot/run_703/PhaseSpaceOut.root
100113,100113,0,91026,91026,0,87923,12190,87923,87923,0,0,704,/home/ltf/project/github/PCT/data/simulation_data/results0717_s2_water_vacuum_pilot/run_704/PhaseSpaceIn.root,/home/ltf/project/github/PCT/data/simulation_data/results0717_s2_water_vacuum_pilot/run_704/PhaseSpaceOut.root
100042,100042,0,90956,90956,0,87833,12209,87833,87833,0,0,705,/home/ltf/project/github/PCT/data/simulation_data/results0717_s2_water_vacuum_pilot/run_705/PhaseSpaceIn.root,/home/ltf/project/github/PCT/data/simulation_data/results0717_s2_water_vacuum_pilot/run_705/PhaseSpaceOut.root
99824,99824,0,90943,90943,0,87700,12124,87700,87700,0,0,706,/home/ltf/project/github/PCT/data/simulation_data/results0717_s2_water_vacuum_pilot/run_706/PhaseSpaceIn.root,/home/ltf/project/github/PCT/data/simulation_data/results0717_s2_water_vacuum_pilot/run_706/PhaseSpaceOut.root
100463,100463,0,91536,91536,0,88302,12161,88302,88302,0,0,707,/home/ltf/project/github/PCT/data/simulation_data/results0717_s2_water_vacuum_pilot/run_707/PhaseSpaceIn.root,/home/ltf/project/github/PCT/data/simulation_data/results0717_s2_water_vacuum_pilot/run_707/PhaseSpaceOut.root
100701,100701,0,91505,91505,0,88454,12247,88454,88454,0,0,708,/home/ltf/project/github/PCT/data/simulation_data/results0717_s2_water_vacuum_pilot/run_708/PhaseSpaceIn.root,/home/ltf/project/github/PCT/data/simulation_data/results0717_s2_water_vacuum_pilot/run_708/PhaseSpaceOut.root
99925,99923,2,90763,90763,0,87634,12289,87634,87634,0,0,709,/home/ltf/project/github/PCT/data/simulation_data/results0717_s2_water_vacuum_pilot/run_709/PhaseSpaceIn.root,/home/ltf/project/github/PCT/data/simulation_data/results0717_s2_water_vacuum_pilot/run_709/PhaseSpaceOut.root
100607,100607,0,91557,91557,0,88393,12214,88393,88393,0,0,710,/home/ltf/project/github/PCT/data/simulation_data/results0717_s2_water_vacuum_pilot/run_710/PhaseSpaceIn.root,/home/ltf/project/github/PCT/data/simulation_data/results0717_s2_water_vacuum_pilot/run_710/PhaseSpaceOut.root
100179,100179,0,91172,91172,0,88061,12118,88061,88061,0,0,711,/home/ltf/project/github/PCT/data/simulation_data/results0717_s2_water_vacuum_pilot/run_711/PhaseSpaceIn.root,/home/ltf/project/github/PCT/data/simulation_data/results0717_s2_water_vacuum_pilot/run_711/PhaseSpaceOut.root
99716,99716,0,90632,90632,0,87509,12207,87509,87509,0,0,712,/home/ltf/project/github/PCT/data/simulation_data/results0717_s2_water_vacuum_pilot/run_712/PhaseSpaceIn.root,/home/ltf/project/github/PCT/data/simulation_data/results0717_s2_water_vacuum_pilot/run_712/PhaseSpaceOut.root
100459,100459,0,91257,91257,0,88227,12232,88227,88227,0,0,713,/home/ltf/project/github/PCT/data/simulation_data/results0717_s2_water_vacuum_pilot/run_713/PhaseSpaceIn.root,/home/ltf/project/github/PCT/data/simulation_data/results0717_s2_water_vacuum_pilot/run_713/PhaseSpaceOut.root
100001,100001,0,90977,90977,0,87725,12276,87725,87725,0,0,714,/home/ltf/project/github/PCT/data/simulation_data/results0717_s2_water_vacuum_pilot/run_714/PhaseSpaceIn.root,/home/ltf/project/github/PCT/data/simulation_data/results0717_s2_water_vacuum_pilot/run_714/PhaseSpaceOut.root
100630,100630,0,91727,91727,0,88559,12071,88559,88559,0,0,715,/home/ltf/project/github/PCT/data/simulation_data/results0717_s2_water_vacuum_pilot/run_715/PhaseSpaceIn.root,/home/ltf/project/github/PCT/data/simulation_data/results0717_s2_water_vacuum_pilot/run_715/PhaseSpaceOut.root
99813,99813,0,90834,90834,0,87640,12173,87640,87640,0,0,716,/home/ltf/project/github/PCT/data/simulation_data/results0717_s2_water_vacuum_pilot/run_716/PhaseSpaceIn.root,/home/ltf/project/github/PCT/data/simulation_data/results0717_s2_water_vacuum_pilot/run_716/PhaseSpaceOut.root
100276,100276,0,91236,91236,0,88019,12257,88019,88019,0,0,717,/home/ltf/project/github/PCT/data/simulation_data/results0717_s2_water_vacuum_pilot/run_717/PhaseSpaceIn.root,/home/ltf/project/github/PCT/data/simulation_data/results0717_s2_water_vacuum_pilot/run_717/PhaseSpaceOut.root
100196,100196,0,91269,91269,0,88157,12039,88157,88157,0,0,718,/home/ltf/project/github/PCT/data/simulation_data/results0717_s2_water_vacuum_pilot/run_718/PhaseSpaceIn.root,/home/ltf/project/github/PCT/data/simulation_data/results0717_s2_water_vacuum_pilot/run_718/PhaseSpaceOut.root
99798,99798,0,90854,90854,0,87665,12133,87665,87665,0,0,719,/home/ltf/project/github/PCT/data/simulation_data/results0717_s2_water_vacuum_pilot/run_719/PhaseSpaceIn.root,/home/ltf/project/github/PCT/data/simulation_data/results0717_s2_water_vacuum_pilot/run_719/PhaseSpaceOut.root
