input_rows,input_unique_merge_keys,input_duplicates_removed,output_rows,output_unique_run_event_track_keys,output_duplicate_run_event_track_rows,matched_input_merge_keys,unmatched_input_merge_keys,pairs,primary_pairs,secondary_pairs,local_run_id,run_id,matched_same_track_pairs,secondary_pairs_removed,input_in,input_out
99514,99514,0,90441,90441,0,87367,12147,87352,87352,0,0,0,87367,15,/home/ltf/project/github/PCT/data/simulation_data/results0717_s3_water_air_pilot/run_000/PhaseSpaceIn.root,/home/ltf/project/github/PCT/data/simulation_data/results0717_s3_water_air_pilot/run_000/PhaseSpaceOut.root
100445,100445,0,91368,91368,0,88298,12147,88279,88279,0,0,1,88298,19,/home/ltf/project/github/PCT/data/simulation_data/results0717_s3_water_air_pilot/run_001/PhaseSpaceIn.root,/home/ltf/project/github/PCT/data/simulation_data/results0717_s3_water_air_pilot/run_001/PhaseSpaceOut.root
99711,99711,0,90786,90786,0,87708,12003,87695,87695,0,0,2,87708,13,/home/ltf/project/github/PCT/data/simulation_data/results0717_s3_water_air_pilot/run_002/PhaseSpaceIn.root,/home/ltf/project/github/PCT/data/simulation_data/results0717_s3_water_air_pilot/run_002/PhaseSpaceOut.root
100168,100168,0,91250,91250,0,87996,12172,87985,87985,0,0,3,87996,11,/home/ltf/project/github/PCT/data/simulation_data/results0717_s3_water_air_pilot/run_003/PhaseSpaceIn.root,/home/ltf/project/github/PCT/data/simulation_data/results0717_s3_water_air_pilot/run_003/PhaseSpaceOut.root
100131,100131,0,91069,91069,0,87914,12217,87896,87896,0,0,4,87914,18,/home/ltf/project/github/PCT/data/simulation_data/results0717_s3_water_air_pilot/run_004/PhaseSpaceIn.root,/home/ltf/project/github/PCT/data/simulation_data/results0717_s3_water_air_pilot/run_004/PhaseSpaceOut.root
99690,99690,0,90784,90784,0,87645,12045,87626,87626,0,0,5,87645,19,/home/ltf/project/github/PCT/data/simulation_data/results0717_s3_water_air_pilot/run_005/PhaseSpaceIn.root,/home/ltf/project/github/PCT/data/simulation_data/results0717_s3_water_air_pilot/run_005/PhaseSpaceOut.root
100249,100249,0,91084,91084,0,87992,12257,87981,87981,0,0,6,87992,11,/home/ltf/project/github/PCT/data/simulation_data/results0717_s3_water_air_pilot/run_006/PhaseSpaceIn.root,/home/ltf/project/github/PCT/data/simulation_data/results0717_s3_water_air_pilot/run_006/PhaseSpaceOut.root
100011,100011,0,90906,90906,0,87797,12214,87778,87778,0,0,7,87797,19,/home/ltf/project/github/PCT/data/simulation_data/results0717_s3_water_air_pilot/run_007/PhaseSpaceIn.root,/home/ltf/project/github/PCT/data/simulation_data/results0717_s3_water_air_pilot/run_007/PhaseSpaceOut.root
100161,100161,0,91059,91059,0,87970,12191,87953,87953,0,0,8,87970,17,/home/ltf/project/github/PCT/data/simulation_data/results0717_s3_water_air_pilot/run_008/PhaseSpaceIn.root,/home/ltf/project/github/PCT/data/simulation_data/results0717_s3_water_air_pilot/run_008/PhaseSpaceOut.root
99779,99779,0,90547,90547,0,87440,12339,87431,87431,0,0,9,87440,9,/home/ltf/project/github/PCT/data/simulation_data/results0717_s3_water_air_pilot/run_009/PhaseSpaceIn.root,/home/ltf/project/github/PCT/data/simulation_data/results0717_s3_water_air_pilot/run_009/PhaseSpaceOut.root
99906,99906,0,90770,90770,0,87667,12239,87654,87654,0,0,10,87667,13,/home/ltf/project/github/PCT/data/simulation_data/results0717_s3_water_air_pilot/run_010/PhaseSpaceIn.root,/home/ltf/project/github/PCT/data/simulation_data/results0717_s3_water_air_pilot/run_010/PhaseSpaceOut.root
100202,100202,0,91062,91062,0,87879,12323,87866,87866,0,0,11,87879,13,/home/ltf/project/github/PCT/data/simulation_data/results0717_s3_water_air_pilot/run_011/PhaseSpaceIn.root,/home/ltf/project/github/PCT/data/simulation_data/results0717_s3_water_air_pilot/run_011/PhaseSpaceOut.root
100150,100150,0,90972,90972,0,87844,12306,87837,87837,0,0,12,87844,7,/home/ltf/project/github/PCT/data/simulation_data/results0717_s3_water_air_pilot/run_012/PhaseSpaceIn.root,/home/ltf/project/github/PCT/data/simulation_data/results0717_s3_water_air_pilot/run_012/PhaseSpaceOut.root
100246,100246,0,91182,91182,0,88018,12228,88003,88003,0,0,13,88018,15,/home/ltf/project/github/PCT/data/simulation_data/results0717_s3_water_air_pilot/run_013/PhaseSpaceIn.root,/home/ltf/project/github/PCT/data/simulation_data/results0717_s3_water_air_pilot/run_013/PhaseSpaceOut.root
99124,99124,0,90216,90216,0,87227,11897,87218,87218,0,0,14,87227,9,/home/ltf/project/github/PCT/data/simulation_data/results0717_s3_water_air_pilot/run_014/PhaseSpaceIn.root,/home/ltf/project/github/PCT/data/simulation_data/results0717_s3_water_air_pilot/run_014/PhaseSpaceOut.root
100063,100063,0,91184,91184,0,88097,11966,88085,88085,0,0,15,88097,12,/home/ltf/project/github/PCT/data/simulation_data/results0717_s3_water_air_pilot/run_015/PhaseSpaceIn.root,/home/ltf/project/github/PCT/data/simulation_data/results0717_s3_water_air_pilot/run_015/PhaseSpaceOut.root
99992,99992,0,91005,91005,0,87835,12157,87818,87818,0,0,16,87835,17,/home/ltf/project/github/PCT/data/simulation_data/results0717_s3_water_air_pilot/run_016/PhaseSpaceIn.root,/home/ltf/project/github/PCT/data/simulation_data/results0717_s3_water_air_pilot/run_016/PhaseSpaceOut.root
100807,100807,0,91649,91649,0,88493,12314,88481,88481,0,0,17,88493,12,/home/ltf/project/github/PCT/data/simulation_data/results0717_s3_water_air_pilot/run_017/PhaseSpaceIn.root,/home/ltf/project/github/PCT/data/simulation_data/results0717_s3_water_air_pilot/run_017/PhaseSpaceOut.root
99105,99105,0,90070,90070,0,86990,12115,86969,86969,0,0,18,86990,21,/home/ltf/project/github/PCT/data/simulation_data/results0717_s3_water_air_pilot/run_018/PhaseSpaceIn.root,/home/ltf/project/github/PCT/data/simulation_data/results0717_s3_water_air_pilot/run_018/PhaseSpaceOut.root
99423,99423,0,90481,90481,0,87352,12071,87342,87342,0,0,19,87352,10,/home/ltf/project/github/PCT/data/simulation_data/results0717_s3_water_air_pilot/run_019/PhaseSpaceIn.root,/home/ltf/project/github/PCT/data/simulation_data/results0717_s3_water_air_pilot/run_019/PhaseSpaceOut.root
100264,100264,0,91035,91035,0,87885,12379,87875,87875,0,0,20,87885,10,/home/ltf/project/github/PCT/data/simulation_data/results0717_s3_water_air_pilot/run_020/PhaseSpaceIn.root,/home/ltf/project/github/PCT/data/simulation_data/results0717_s3_water_air_pilot/run_020/PhaseSpaceOut.root
99707,99707,0,90792,90792,0,87715,11992,87701,87701,0,0,21,87715,14,/home/ltf/project/github/PCT/data/simulation_data/results0717_s3_water_air_pilot/run_021/PhaseSpaceIn.root,/home/ltf/project/github/PCT/data/simulation_data/results0717_s3_water_air_pilot/run_021/PhaseSpaceOut.root
99904,99904,0,90752,90752,0,87572,12332,87553,87553,0,0,22,87572,19,/home/ltf/project/github/PCT/data/simulation_data/results0717_s3_water_air_pilot/run_022/PhaseSpaceIn.root,/home/ltf/project/github/PCT/data/simulation_data/results0717_s3_water_air_pilot/run_022/PhaseSpaceOut.root
99677,99677,0,90706,90706,0,87632,12045,87616,87616,0,0,23,87632,16,/home/ltf/project/github/PCT/data/simulation_data/results0717_s3_water_air_pilot/run_023/PhaseSpaceIn.root,/home/ltf/project/github/PCT/data/simulation_data/results0717_s3_water_air_pilot/run_023/PhaseSpaceOut.root
100006,100006,0,90880,90880,0,87761,12245,87753,87753,0,0,24,87761,8,/home/ltf/project/github/PCT/data/simulation_data/results0717_s3_water_air_pilot/run_024/PhaseSpaceIn.root,/home/ltf/project/github/PCT/data/simulation_data/results0717_s3_water_air_pilot/run_024/PhaseSpaceOut.root
99851,99851,0,90779,90779,0,87684,12167,87665,87665,0,0,25,87684,19,/home/ltf/project/github/PCT/data/simulation_data/results0717_s3_water_air_pilot/run_025/PhaseSpaceIn.root,/home/ltf/project/github/PCT/data/simulation_data/results0717_s3_water_air_pilot/run_025/PhaseSpaceOut.root
100275,100275,0,91197,91197,0,88087,12188,88075,88075,0,0,26,88087,12,/home/ltf/project/github/PCT/data/simulation_data/results0717_s3_water_air_pilot/run_026/PhaseSpaceIn.root,/home/ltf/project/github/PCT/data/simulation_data/results0717_s3_water_air_pilot/run_026/PhaseSpaceOut.root
100144,100144,0,90961,90961,0,87876,12268,87856,87856,0,0,27,87876,20,/home/ltf/project/github/PCT/data/simulation_data/results0717_s3_water_air_pilot/run_027/PhaseSpaceIn.root,/home/ltf/project/github/PCT/data/simulation_data/results0717_s3_water_air_pilot/run_027/PhaseSpaceOut.root
99797,99797,0,90843,90843,0,87694,12103,87680,87680,0,0,28,87694,14,/home/ltf/project/github/PCT/data/simulation_data/results0717_s3_water_air_pilot/run_028/PhaseSpaceIn.root,/home/ltf/project/github/PCT/data/simulation_data/results0717_s3_water_air_pilot/run_028/PhaseSpaceOut.root
100224,100224,0,91034,91034,0,87865,12359,87847,87847,0,0,29,87865,18,/home/ltf/project/github/PCT/data/simulation_data/results0717_s3_water_air_pilot/run_029/PhaseSpaceIn.root,/home/ltf/project/github/PCT/data/simulation_data/results0717_s3_water_air_pilot/run_029/PhaseSpaceOut.root
99857,99857,0,90789,90789,0,87522,12335,87508,87508,0,0,30,87522,14,/home/ltf/project/github/PCT/data/simulation_data/results0717_s3_water_air_pilot/run_030/PhaseSpaceIn.root,/home/ltf/project/github/PCT/data/simulation_data/results0717_s3_water_air_pilot/run_030/PhaseSpaceOut.root
99737,99737,0,90646,90646,0,87367,12370,87346,87346,0,0,31,87367,21,/home/ltf/project/github/PCT/data/simulation_data/results0717_s3_water_air_pilot/run_031/PhaseSpaceIn.root,/home/ltf/project/github/PCT/data/simulation_data/results0717_s3_water_air_pilot/run_031/PhaseSpaceOut.root
100074,100074,0,91053,91053,0,87817,12257,87803,87803,0,0,32,87817,14,/home/ltf/project/github/PCT/data/simulation_data/results0717_s3_water_air_pilot/run_032/PhaseSpaceIn.root,/home/ltf/project/github/PCT/data/simulation_data/results0717_s3_water_air_pilot/run_032/PhaseSpaceOut.root
100030,100030,0,90907,90907,0,87728,12302,87714,87714,0,0,33,87728,14,/home/ltf/project/github/PCT/data/simulation_data/results0717_s3_water_air_pilot/run_033/PhaseSpaceIn.root,/home/ltf/project/github/PCT/data/simulation_data/results0717_s3_water_air_pilot/run_033/PhaseSpaceOut.root
99965,99965,0,90935,90935,0,87796,12169,87784,87784,0,0,34,87796,12,/home/ltf/project/github/PCT/data/simulation_data/results0717_s3_water_air_pilot/run_034/PhaseSpaceIn.root,/home/ltf/project/github/PCT/data/simulation_data/results0717_s3_water_air_pilot/run_034/PhaseSpaceOut.root
100030,100030,0,90949,90949,0,87858,12172,87847,87847,0,0,35,87858,11,/home/ltf/project/github/PCT/data/simulation_data/results0717_s3_water_air_pilot/run_035/PhaseSpaceIn.root,/home/ltf/project/github/PCT/data/simulation_data/results0717_s3_water_air_pilot/run_035/PhaseSpaceOut.root
99523,99523,0,90334,90333,1,87111,12412,87096,87096,0,0,36,87111,15,/home/ltf/project/github/PCT/data/simulation_data/results0717_s3_water_air_pilot/run_036/PhaseSpaceIn.root,/home/ltf/project/github/PCT/data/simulation_data/results0717_s3_water_air_pilot/run_036/PhaseSpaceOut.root
99647,99647,0,90550,90550,0,87572,12075,87561,87561,0,0,37,87572,11,/home/ltf/project/github/PCT/data/simulation_data/results0717_s3_water_air_pilot/run_037/PhaseSpaceIn.root,/home/ltf/project/github/PCT/data/simulation_data/results0717_s3_water_air_pilot/run_037/PhaseSpaceOut.root
99948,99948,0,90896,90896,0,87729,12219,87717,87717,0,0,38,87729,12,/home/ltf/project/github/PCT/data/simulation_data/results0717_s3_water_air_pilot/run_038/PhaseSpaceIn.root,/home/ltf/project/github/PCT/data/simulation_data/results0717_s3_water_air_pilot/run_038/PhaseSpaceOut.root
99204,99204,0,90269,90269,0,87221,11983,87211,87211,0,0,39,87221,10,/home/ltf/project/github/PCT/data/simulation_data/results0717_s3_water_air_pilot/run_039/PhaseSpaceIn.root,/home/ltf/project/github/PCT/data/simulation_data/results0717_s3_water_air_pilot/run_039/PhaseSpaceOut.root
100287,100287,0,91218,91218,0,88176,12111,88164,88164,0,0,40,88176,12,/home/ltf/project/github/PCT/data/simulation_data/results0717_s3_water_air_pilot/run_040/PhaseSpaceIn.root,/home/ltf/project/github/PCT/data/simulation_data/results0717_s3_water_air_pilot/run_040/PhaseSpaceOut.root
99615,99615,0,90542,90542,0,87499,12116,87489,87489,0,0,41,87499,10,/home/ltf/project/github/PCT/data/simulation_data/results0717_s3_water_air_pilot/run_041/PhaseSpaceIn.root,/home/ltf/project/github/PCT/data/simulation_data/results0717_s3_water_air_pilot/run_041/PhaseSpaceOut.root
99731,99731,0,90724,90724,0,87572,12159,87563,87563,0,0,42,87572,9,/home/ltf/project/github/PCT/data/simulation_data/results0717_s3_water_air_pilot/run_042/PhaseSpaceIn.root,/home/ltf/project/github/PCT/data/simulation_data/results0717_s3_water_air_pilot/run_042/PhaseSpaceOut.root
100141,100141,0,91093,91093,0,87956,12185,87945,87945,0,0,43,87956,11,/home/ltf/project/github/PCT/data/simulation_data/results0717_s3_water_air_pilot/run_043/PhaseSpaceIn.root,/home/ltf/project/github/PCT/data/simulation_data/results0717_s3_water_air_pilot/run_043/PhaseSpaceOut.root
99789,99789,0,90670,90670,0,87462,12327,87448,87448,0,0,44,87462,14,/home/ltf/project/github/PCT/data/simulation_data/results0717_s3_water_air_pilot/run_044/PhaseSpaceIn.root,/home/ltf/project/github/PCT/data/simulation_data/results0717_s3_water_air_pilot/run_044/PhaseSpaceOut.root
99760,99760,0,90786,90786,0,87656,12104,87644,87644,0,0,45,87656,12,/home/ltf/project/github/PCT/data/simulation_data/results0717_s3_water_air_pilot/run_045/PhaseSpaceIn.root,/home/ltf/project/github/PCT/data/simulation_data/results0717_s3_water_air_pilot/run_045/PhaseSpaceOut.root
99813,99813,0,90759,90758,1,87632,12181,87616,87616,0,0,46,87632,16,/home/ltf/project/github/PCT/data/simulation_data/results0717_s3_water_air_pilot/run_046/PhaseSpaceIn.root,/home/ltf/project/github/PCT/data/simulation_data/results0717_s3_water_air_pilot/run_046/PhaseSpaceOut.root
100458,100458,0,91222,91222,0,88092,12366,88077,88077,0,0,47,88092,15,/home/ltf/project/github/PCT/data/simulation_data/results0717_s3_water_air_pilot/run_047/PhaseSpaceIn.root,/home/ltf/project/github/PCT/data/simulation_data/results0717_s3_water_air_pilot/run_047/PhaseSpaceOut.root
99826,99826,0,90660,90660,0,87536,12290,87527,87527,0,0,48,87536,9,/home/ltf/project/github/PCT/data/simulation_data/results0717_s3_water_air_pilot/run_048/PhaseSpaceIn.root,/home/ltf/project/github/PCT/data/simulation_data/results0717_s3_water_air_pilot/run_048/PhaseSpaceOut.root
99815,99815,0,90767,90767,0,87635,12180,87625,87625,0,0,49,87635,10,/home/ltf/project/github/PCT/data/simulation_data/results0717_s3_water_air_pilot/run_049/PhaseSpaceIn.root,/home/ltf/project/github/PCT/data/simulation_data/results0717_s3_water_air_pilot/run_049/PhaseSpaceOut.root
99854,99854,0,90832,90832,0,87778,12076,87768,87768,0,0,50,87778,10,/home/ltf/project/github/PCT/data/simulation_data/results0717_s3_water_air_pilot/run_050/PhaseSpaceIn.root,/home/ltf/project/github/PCT/data/simulation_data/results0717_s3_water_air_pilot/run_050/PhaseSpaceOut.root
99852,99852,0,91025,91025,0,87911,11941,87899,87899,0,0,51,87911,12,/home/ltf/project/github/PCT/data/simulation_data/results0717_s3_water_air_pilot/run_051/PhaseSpaceIn.root,/home/ltf/project/github/PCT/data/simulation_data/results0717_s3_water_air_pilot/run_051/PhaseSpaceOut.root
100208,100208,0,91338,91338,0,88168,12040,88152,88152,0,0,52,88168,16,/home/ltf/project/github/PCT/data/simulation_data/results0717_s3_water_air_pilot/run_052/PhaseSpaceIn.root,/home/ltf/project/github/PCT/data/simulation_data/results0717_s3_water_air_pilot/run_052/PhaseSpaceOut.root
99755,99755,0,90752,90752,0,87688,12067,87674,87674,0,0,53,87688,14,/home/ltf/project/github/PCT/data/simulation_data/results0717_s3_water_air_pilot/run_053/PhaseSpaceIn.root,/home/ltf/project/github/PCT/data/simulation_data/results0717_s3_water_air_pilot/run_053/PhaseSpaceOut.root
99649,99649,0,90540,90540,0,87449,12200,87438,87438,0,0,54,87449,11,/home/ltf/project/github/PCT/data/simulation_data/results0717_s3_water_air_pilot/run_054/PhaseSpaceIn.root,/home/ltf/project/github/PCT/data/simulation_data/results0717_s3_water_air_pilot/run_054/PhaseSpaceOut.root
100159,100159,0,91071,91071,0,87900,12259,87883,87883,0,0,55,87900,17,/home/ltf/project/github/PCT/data/simulation_data/results0717_s3_water_air_pilot/run_055/PhaseSpaceIn.root,/home/ltf/project/github/PCT/data/simulation_data/results0717_s3_water_air_pilot/run_055/PhaseSpaceOut.root
99712,99712,0,90624,90624,0,87465,12247,87457,87457,0,0,56,87465,8,/home/ltf/project/github/PCT/data/simulation_data/results0717_s3_water_air_pilot/run_056/PhaseSpaceIn.root,/home/ltf/project/github/PCT/data/simulation_data/results0717_s3_water_air_pilot/run_056/PhaseSpaceOut.root
99745,99745,0,90600,90600,0,87415,12330,87400,87400,0,0,57,87415,15,/home/ltf/project/github/PCT/data/simulation_data/results0717_s3_water_air_pilot/run_057/PhaseSpaceIn.root,/home/ltf/project/github/PCT/data/simulation_data/results0717_s3_water_air_pilot/run_057/PhaseSpaceOut.root
99993,99993,0,91002,91002,0,87925,12068,87911,87911,0,0,58,87925,14,/home/ltf/project/github/PCT/data/simulation_data/results0717_s3_water_air_pilot/run_058/PhaseSpaceIn.root,/home/ltf/project/github/PCT/data/simulation_data/results0717_s3_water_air_pilot/run_058/PhaseSpaceOut.root
99892,99892,0,90866,90866,0,87800,12092,87786,87786,0,0,59,87800,14,/home/ltf/project/github/PCT/data/simulation_data/results0717_s3_water_air_pilot/run_059/PhaseSpaceIn.root,/home/ltf/project/github/PCT/data/simulation_data/results0717_s3_water_air_pilot/run_059/PhaseSpaceOut.root
100245,100245,0,91165,91165,0,87949,12296,87938,87938,0,0,60,87949,11,/home/ltf/project/github/PCT/data/simulation_data/results0717_s3_water_air_pilot/run_060/PhaseSpaceIn.root,/home/ltf/project/github/PCT/data/simulation_data/results0717_s3_water_air_pilot/run_060/PhaseSpaceOut.root
99755,99755,0,90554,90554,0,87405,12350,87386,87386,0,0,61,87405,19,/home/ltf/project/github/PCT/data/simulation_data/results0717_s3_water_air_pilot/run_061/PhaseSpaceIn.root,/home/ltf/project/github/PCT/data/simulation_data/results0717_s3_water_air_pilot/run_061/PhaseSpaceOut.root
100386,100386,0,91139,91139,0,88022,12364,88011,88011,0,0,62,88022,11,/home/ltf/project/github/PCT/data/simulation_data/results0717_s3_water_air_pilot/run_062/PhaseSpaceIn.root,/home/ltf/project/github/PCT/data/simulation_data/results0717_s3_water_air_pilot/run_062/PhaseSpaceOut.root
99570,99570,0,90670,90670,0,87511,12059,87498,87498,0,0,63,87511,13,/home/ltf/project/github/PCT/data/simulation_data/results0717_s3_water_air_pilot/run_063/PhaseSpaceIn.root,/home/ltf/project/github/PCT/data/simulation_data/results0717_s3_water_air_pilot/run_063/PhaseSpaceOut.root
100019,100019,0,91084,91084,0,87902,12117,87893,87893,0,0,64,87902,9,/home/ltf/project/github/PCT/data/simulation_data/results0717_s3_water_air_pilot/run_064/PhaseSpaceIn.root,/home/ltf/project/github/PCT/data/simulation_data/results0717_s3_water_air_pilot/run_064/PhaseSpaceOut.root
100629,100629,0,91415,91415,0,88349,12280,88333,88333,0,0,65,88349,16,/home/ltf/project/github/PCT/data/simulation_data/results0717_s3_water_air_pilot/run_065/PhaseSpaceIn.root,/home/ltf/project/github/PCT/data/simulation_data/results0717_s3_water_air_pilot/run_065/PhaseSpaceOut.root
99631,99631,0,90421,90421,0,87328,12303,87311,87311,0,0,66,87328,17,/home/ltf/project/github/PCT/data/simulation_data/results0717_s3_water_air_pilot/run_066/PhaseSpaceIn.root,/home/ltf/project/github/PCT/data/simulation_data/results0717_s3_water_air_pilot/run_066/PhaseSpaceOut.root
100040,100040,0,90940,90940,0,87908,12132,87896,87896,0,0,67,87908,12,/home/ltf/project/github/PCT/data/simulation_data/results0717_s3_water_air_pilot/run_067/PhaseSpaceIn.root,/home/ltf/project/github/PCT/data/simulation_data/results0717_s3_water_air_pilot/run_067/PhaseSpaceOut.root
99781,99781,0,90647,90647,0,87453,12328,87440,87440,0,0,68,87453,13,/home/ltf/project/github/PCT/data/simulation_data/results0717_s3_water_air_pilot/run_068/PhaseSpaceIn.root,/home/ltf/project/github/PCT/data/simulation_data/results0717_s3_water_air_pilot/run_068/PhaseSpaceOut.root
99829,99829,0,90811,90811,0,87717,12112,87702,87702,0,0,69,87717,15,/home/ltf/project/github/PCT/data/simulation_data/results0717_s3_water_air_pilot/run_069/PhaseSpaceIn.root,/home/ltf/project/github/PCT/data/simulation_data/results0717_s3_water_air_pilot/run_069/PhaseSpaceOut.root
99563,99563,0,90411,90411,0,87398,12165,87382,87382,0,0,70,87398,16,/home/ltf/project/github/PCT/data/simulation_data/results0717_s3_water_air_pilot/run_070/PhaseSpaceIn.root,/home/ltf/project/github/PCT/data/simulation_data/results0717_s3_water_air_pilot/run_070/PhaseSpaceOut.root
99901,99900,1,90912,90912,0,87777,12123,87761,87761,0,0,71,87777,16,/home/ltf/project/github/PCT/data/simulation_data/results0717_s3_water_air_pilot/run_071/PhaseSpaceIn.root,/home/ltf/project/github/PCT/data/simulation_data/results0717_s3_water_air_pilot/run_071/PhaseSpaceOut.root
99841,99841,0,90850,90850,0,87688,12153,87669,87669,0,0,72,87688,19,/home/ltf/project/github/PCT/data/simulation_data/results0717_s3_water_air_pilot/run_072/PhaseSpaceIn.root,/home/ltf/project/github/PCT/data/simulation_data/results0717_s3_water_air_pilot/run_072/PhaseSpaceOut.root
100069,100069,0,90892,90891,1,87729,12340,87716,87716,0,0,73,87729,13,/home/ltf/project/github/PCT/data/simulation_data/results0717_s3_water_air_pilot/run_073/PhaseSpaceIn.root,/home/ltf/project/github/PCT/data/simulation_data/results0717_s3_water_air_pilot/run_073/PhaseSpaceOut.root
100413,100413,0,91181,91181,0,88072,12341,88057,88057,0,0,74,88072,15,/home/ltf/project/github/PCT/data/simulation_data/results0717_s3_water_air_pilot/run_074/PhaseSpaceIn.root,/home/ltf/project/github/PCT/data/simulation_data/results0717_s3_water_air_pilot/run_074/PhaseSpaceOut.root
99714,99714,0,90719,90719,0,87566,12148,87552,87552,0,0,75,87566,14,/home/ltf/project/github/PCT/data/simulation_data/results0717_s3_water_air_pilot/run_075/PhaseSpaceIn.root,/home/ltf/project/github/PCT/data/simulation_data/results0717_s3_water_air_pilot/run_075/PhaseSpaceOut.root
99859,99859,0,90744,90744,0,87572,12287,87560,87560,0,0,76,87572,12,/home/ltf/project/github/PCT/data/simulation_data/results0717_s3_water_air_pilot/run_076/PhaseSpaceIn.root,/home/ltf/project/github/PCT/data/simulation_data/results0717_s3_water_air_pilot/run_076/PhaseSpaceOut.root
100531,100531,0,91345,91345,0,88216,12315,88204,88204,0,0,77,88216,12,/home/ltf/project/github/PCT/data/simulation_data/results0717_s3_water_air_pilot/run_077/PhaseSpaceIn.root,/home/ltf/project/github/PCT/data/simulation_data/results0717_s3_water_air_pilot/run_077/PhaseSpaceOut.root
99720,99720,0,90675,90675,0,87574,12146,87564,87564,0,0,78,87574,10,/home/ltf/project/github/PCT/data/simulation_data/results0717_s3_water_air_pilot/run_078/PhaseSpaceIn.root,/home/ltf/project/github/PCT/data/simulation_data/results0717_s3_water_air_pilot/run_078/PhaseSpaceOut.root
99708,99708,0,90623,90623,0,87371,12337,87364,87364,0,0,79,87371,7,/home/ltf/project/github/PCT/data/simulation_data/results0717_s3_water_air_pilot/run_079/PhaseSpaceIn.root,/home/ltf/project/github/PCT/data/simulation_data/results0717_s3_water_air_pilot/run_079/PhaseSpaceOut.root
99981,99981,0,90848,90848,0,87773,12208,87758,87758,0,0,80,87773,15,/home/ltf/project/github/PCT/data/simulation_data/results0717_s3_water_air_pilot/run_080/PhaseSpaceIn.root,/home/ltf/project/github/PCT/data/simulation_data/results0717_s3_water_air_pilot/run_080/PhaseSpaceOut.root
99920,99920,0,90911,90911,0,87837,12083,87814,87814,0,0,81,87837,23,/home/ltf/project/github/PCT/data/simulation_data/results0717_s3_water_air_pilot/run_081/PhaseSpaceIn.root,/home/ltf/project/github/PCT/data/simulation_data/results0717_s3_water_air_pilot/run_081/PhaseSpaceOut.root
99890,99890,0,90777,90776,1,87551,12339,87540,87540,0,0,82,87551,11,/home/ltf/project/github/PCT/data/simulation_data/results0717_s3_water_air_pilot/run_082/PhaseSpaceIn.root,/home/ltf/project/github/PCT/data/simulation_data/results0717_s3_water_air_pilot/run_082/PhaseSpaceOut.root
99779,99779,0,90661,90661,0,87542,12237,87529,87529,0,0,83,87542,13,/home/ltf/project/github/PCT/data/simulation_data/results0717_s3_water_air_pilot/run_083/PhaseSpaceIn.root,/home/ltf/project/github/PCT/data/simulation_data/results0717_s3_water_air_pilot/run_083/PhaseSpaceOut.root
99998,99998,0,90832,90832,0,87795,12203,87783,87783,0,0,84,87795,12,/home/ltf/project/github/PCT/data/simulation_data/results0717_s3_water_air_pilot/run_084/PhaseSpaceIn.root,/home/ltf/project/github/PCT/data/simulation_data/results0717_s3_water_air_pilot/run_084/PhaseSpaceOut.root
99836,99836,0,90710,90710,0,87629,12207,87622,87622,0,0,85,87629,7,/home/ltf/project/github/PCT/data/simulation_data/results0717_s3_water_air_pilot/run_085/PhaseSpaceIn.root,/home/ltf/project/github/PCT/data/simulation_data/results0717_s3_water_air_pilot/run_085/PhaseSpaceOut.root
99988,99988,0,91042,91042,0,87955,12033,87935,87935,0,0,86,87955,20,/home/ltf/project/github/PCT/data/simulation_data/results0717_s3_water_air_pilot/run_086/PhaseSpaceIn.root,/home/ltf/project/github/PCT/data/simulation_data/results0717_s3_water_air_pilot/run_086/PhaseSpaceOut.root
99653,99653,0,90611,90610,1,87405,12248,87394,87394,0,0,87,87405,11,/home/ltf/project/github/PCT/data/simulation_data/results0717_s3_water_air_pilot/run_087/PhaseSpaceIn.root,/home/ltf/project/github/PCT/data/simulation_data/results0717_s3_water_air_pilot/run_087/PhaseSpaceOut.root
100206,100206,0,91153,91153,0,88011,12195,87996,87996,0,0,88,88011,15,/home/ltf/project/github/PCT/data/simulation_data/results0717_s3_water_air_pilot/run_088/PhaseSpaceIn.root,/home/ltf/project/github/PCT/data/simulation_data/results0717_s3_water_air_pilot/run_088/PhaseSpaceOut.root
99633,99633,0,90524,90523,1,87512,12121,87505,87505,0,0,89,87512,7,/home/ltf/project/github/PCT/data/simulation_data/results0717_s3_water_air_pilot/run_089/PhaseSpaceIn.root,/home/ltf/project/github/PCT/data/simulation_data/results0717_s3_water_air_pilot/run_089/PhaseSpaceOut.root
99737,99737,0,90841,90841,0,87675,12062,87662,87662,0,0,90,87675,13,/home/ltf/project/github/PCT/data/simulation_data/results0717_s3_water_air_pilot/run_090/PhaseSpaceIn.root,/home/ltf/project/github/PCT/data/simulation_data/results0717_s3_water_air_pilot/run_090/PhaseSpaceOut.root
99663,99663,0,90737,90737,0,87691,11972,87677,87677,0,0,91,87691,14,/home/ltf/project/github/PCT/data/simulation_data/results0717_s3_water_air_pilot/run_091/PhaseSpaceIn.root,/home/ltf/project/github/PCT/data/simulation_data/results0717_s3_water_air_pilot/run_091/PhaseSpaceOut.root
99310,99310,0,90417,90417,0,87318,11992,87303,87303,0,0,92,87318,15,/home/ltf/project/github/PCT/data/simulation_data/results0717_s3_water_air_pilot/run_092/PhaseSpaceIn.root,/home/ltf/project/github/PCT/data/simulation_data/results0717_s3_water_air_pilot/run_092/PhaseSpaceOut.root
100306,100306,0,91223,91223,0,88149,12157,88139,88139,0,0,93,88149,10,/home/ltf/project/github/PCT/data/simulation_data/results0717_s3_water_air_pilot/run_093/PhaseSpaceIn.root,/home/ltf/project/github/PCT/data/simulation_data/results0717_s3_water_air_pilot/run_093/PhaseSpaceOut.root
99959,99959,0,90986,90986,0,87878,12081,87860,87860,0,0,94,87878,18,/home/ltf/project/github/PCT/data/simulation_data/results0717_s3_water_air_pilot/run_094/PhaseSpaceIn.root,/home/ltf/project/github/PCT/data/simulation_data/results0717_s3_water_air_pilot/run_094/PhaseSpaceOut.root
100233,100233,0,91244,91244,0,88116,12117,88102,88102,0,0,95,88116,14,/home/ltf/project/github/PCT/data/simulation_data/results0717_s3_water_air_pilot/run_095/PhaseSpaceIn.root,/home/ltf/project/github/PCT/data/simulation_data/results0717_s3_water_air_pilot/run_095/PhaseSpaceOut.root
99720,99720,0,90662,90662,0,87580,12140,87569,87569,0,0,96,87580,11,/home/ltf/project/github/PCT/data/simulation_data/results0717_s3_water_air_pilot/run_096/PhaseSpaceIn.root,/home/ltf/project/github/PCT/data/simulation_data/results0717_s3_water_air_pilot/run_096/PhaseSpaceOut.root
100197,100197,0,91095,91095,0,88002,12195,87989,87989,0,0,97,88002,13,/home/ltf/project/github/PCT/data/simulation_data/results0717_s3_water_air_pilot/run_097/PhaseSpaceIn.root,/home/ltf/project/github/PCT/data/simulation_data/results0717_s3_water_air_pilot/run_097/PhaseSpaceOut.root
99553,99553,0,90592,90592,0,87501,12052,87486,87486,0,0,98,87501,15,/home/ltf/project/github/PCT/data/simulation_data/results0717_s3_water_air_pilot/run_098/PhaseSpaceIn.root,/home/ltf/project/github/PCT/data/simulation_data/results0717_s3_water_air_pilot/run_098/PhaseSpaceOut.root
99738,99738,0,90796,90795,1,87713,12025,87696,87696,0,0,99,87713,17,/home/ltf/project/github/PCT/data/simulation_data/results0717_s3_water_air_pilot/run_099/PhaseSpaceIn.root,/home/ltf/project/github/PCT/data/simulation_data/results0717_s3_water_air_pilot/run_099/PhaseSpaceOut.root
99905,99905,0,90904,90904,0,87702,12203,87684,87684,0,0,100,87702,18,/home/ltf/project/github/PCT/data/simulation_data/results0717_s3_water_air_pilot/run_100/PhaseSpaceIn.root,/home/ltf/project/github/PCT/data/simulation_data/results0717_s3_water_air_pilot/run_100/PhaseSpaceOut.root
99503,99503,0,90501,90501,0,87391,12112,87370,87370,0,0,101,87391,21,/home/ltf/project/github/PCT/data/simulation_data/results0717_s3_water_air_pilot/run_101/PhaseSpaceIn.root,/home/ltf/project/github/PCT/data/simulation_data/results0717_s3_water_air_pilot/run_101/PhaseSpaceOut.root
100207,100207,0,91106,91106,0,87956,12251,87946,87946,0,0,102,87956,10,/home/ltf/project/github/PCT/data/simulation_data/results0717_s3_water_air_pilot/run_102/PhaseSpaceIn.root,/home/ltf/project/github/PCT/data/simulation_data/results0717_s3_water_air_pilot/run_102/PhaseSpaceOut.root
99877,99877,0,90708,90708,0,87711,12166,87701,87701,0,0,103,87711,10,/home/ltf/project/github/PCT/data/simulation_data/results0717_s3_water_air_pilot/run_103/PhaseSpaceIn.root,/home/ltf/project/github/PCT/data/simulation_data/results0717_s3_water_air_pilot/run_103/PhaseSpaceOut.root
100018,100018,0,90983,90983,0,87769,12249,87752,87752,0,0,104,87769,17,/home/ltf/project/github/PCT/data/simulation_data/results0717_s3_water_air_pilot/run_104/PhaseSpaceIn.root,/home/ltf/project/github/PCT/data/simulation_data/results0717_s3_water_air_pilot/run_104/PhaseSpaceOut.root
100057,100057,0,91118,91118,0,88052,12005,88039,88039,0,0,105,88052,13,/home/ltf/project/github/PCT/data/simulation_data/results0717_s3_water_air_pilot/run_105/PhaseSpaceIn.root,/home/ltf/project/github/PCT/data/simulation_data/results0717_s3_water_air_pilot/run_105/PhaseSpaceOut.root
99881,99881,0,90701,90701,0,87592,12289,87584,87584,0,0,106,87592,8,/home/ltf/project/github/PCT/data/simulation_data/results0717_s3_water_air_pilot/run_106/PhaseSpaceIn.root,/home/ltf/project/github/PCT/data/simulation_data/results0717_s3_water_air_pilot/run_106/PhaseSpaceOut.root
99904,99904,0,90827,90827,0,87685,12219,87667,87667,0,0,107,87685,18,/home/ltf/project/github/PCT/data/simulation_data/results0717_s3_water_air_pilot/run_107/PhaseSpaceIn.root,/home/ltf/project/github/PCT/data/simulation_data/results0717_s3_water_air_pilot/run_107/PhaseSpaceOut.root
100107,100107,0,91057,91057,0,87882,12225,87865,87865,0,0,108,87882,17,/home/ltf/project/github/PCT/data/simulation_data/results0717_s3_water_air_pilot/run_108/PhaseSpaceIn.root,/home/ltf/project/github/PCT/data/simulation_data/results0717_s3_water_air_pilot/run_108/PhaseSpaceOut.root
100639,100639,0,91457,91457,0,88482,12157,88473,88473,0,0,109,88482,9,/home/ltf/project/github/PCT/data/simulation_data/results0717_s3_water_air_pilot/run_109/PhaseSpaceIn.root,/home/ltf/project/github/PCT/data/simulation_data/results0717_s3_water_air_pilot/run_109/PhaseSpaceOut.root
100317,100317,0,91122,91122,0,87962,12355,87952,87952,0,0,110,87962,10,/home/ltf/project/github/PCT/data/simulation_data/results0717_s3_water_air_pilot/run_110/PhaseSpaceIn.root,/home/ltf/project/github/PCT/data/simulation_data/results0717_s3_water_air_pilot/run_110/PhaseSpaceOut.root
100374,100373,1,91249,91249,0,88065,12308,88042,88042,0,0,111,88065,23,/home/ltf/project/github/PCT/data/simulation_data/results0717_s3_water_air_pilot/run_111/PhaseSpaceIn.root,/home/ltf/project/github/PCT/data/simulation_data/results0717_s3_water_air_pilot/run_111/PhaseSpaceOut.root
99556,99556,0,90457,90457,0,87344,12212,87327,87327,0,0,112,87344,17,/home/ltf/project/github/PCT/data/simulation_data/results0717_s3_water_air_pilot/run_112/PhaseSpaceIn.root,/home/ltf/project/github/PCT/data/simulation_data/results0717_s3_water_air_pilot/run_112/PhaseSpaceOut.root
99818,99818,0,90678,90678,0,87547,12271,87529,87529,0,0,113,87547,18,/home/ltf/project/github/PCT/data/simulation_data/results0717_s3_water_air_pilot/run_113/PhaseSpaceIn.root,/home/ltf/project/github/PCT/data/simulation_data/results0717_s3_water_air_pilot/run_113/PhaseSpaceOut.root
99498,99498,0,90400,90400,0,87304,12194,87296,87296,0,0,114,87304,8,/home/ltf/project/github/PCT/data/simulation_data/results0717_s3_water_air_pilot/run_114/PhaseSpaceIn.root,/home/ltf/project/github/PCT/data/simulation_data/results0717_s3_water_air_pilot/run_114/PhaseSpaceOut.root
100338,100338,0,91352,91352,0,88264,12074,88255,88255,0,0,115,88264,9,/home/ltf/project/github/PCT/data/simulation_data/results0717_s3_water_air_pilot/run_115/PhaseSpaceIn.root,/home/ltf/project/github/PCT/data/simulation_data/results0717_s3_water_air_pilot/run_115/PhaseSpaceOut.root
99640,99640,0,90506,90506,0,87358,12282,87339,87339,0,0,116,87358,19,/home/ltf/project/github/PCT/data/simulation_data/results0717_s3_water_air_pilot/run_116/PhaseSpaceIn.root,/home/ltf/project/github/PCT/data/simulation_data/results0717_s3_water_air_pilot/run_116/PhaseSpaceOut.root
100033,100033,0,91028,91028,0,87959,12074,87949,87949,0,0,117,87959,10,/home/ltf/project/github/PCT/data/simulation_data/results0717_s3_water_air_pilot/run_117/PhaseSpaceIn.root,/home/ltf/project/github/PCT/data/simulation_data/results0717_s3_water_air_pilot/run_117/PhaseSpaceOut.root
100254,100254,0,91158,91158,0,88043,12211,88021,88021,0,0,118,88043,22,/home/ltf/project/github/PCT/data/simulation_data/results0717_s3_water_air_pilot/run_118/PhaseSpaceIn.root,/home/ltf/project/github/PCT/data/simulation_data/results0717_s3_water_air_pilot/run_118/PhaseSpaceOut.root
99998,99998,0,90895,90895,0,87808,12190,87793,87793,0,0,119,87808,15,/home/ltf/project/github/PCT/data/simulation_data/results0717_s3_water_air_pilot/run_119/PhaseSpaceIn.root,/home/ltf/project/github/PCT/data/simulation_data/results0717_s3_water_air_pilot/run_119/PhaseSpaceOut.root
99952,99952,0,90798,90798,0,87707,12245,87693,87693,0,0,120,87707,14,/home/ltf/project/github/PCT/data/simulation_data/results0717_s3_water_air_pilot/run_120/PhaseSpaceIn.root,/home/ltf/project/github/PCT/data/simulation_data/results0717_s3_water_air_pilot/run_120/PhaseSpaceOut.root
100230,100230,0,91126,91126,0,87912,12318,87900,87900,0,0,121,87912,12,/home/ltf/project/github/PCT/data/simulation_data/results0717_s3_water_air_pilot/run_121/PhaseSpaceIn.root,/home/ltf/project/github/PCT/data/simulation_data/results0717_s3_water_air_pilot/run_121/PhaseSpaceOut.root
99806,99806,0,90623,90623,0,87528,12278,87515,87515,0,0,122,87528,13,/home/ltf/project/github/PCT/data/simulation_data/results0717_s3_water_air_pilot/run_122/PhaseSpaceIn.root,/home/ltf/project/github/PCT/data/simulation_data/results0717_s3_water_air_pilot/run_122/PhaseSpaceOut.root
100040,100040,0,91051,91051,0,87898,12142,87883,87883,0,0,123,87898,15,/home/ltf/project/github/PCT/data/simulation_data/results0717_s3_water_air_pilot/run_123/PhaseSpaceIn.root,/home/ltf/project/github/PCT/data/simulation_data/results0717_s3_water_air_pilot/run_123/PhaseSpaceOut.root
99771,99771,0,90708,90708,0,87607,12164,87592,87592,0,0,124,87607,15,/home/ltf/project/github/PCT/data/simulation_data/results0717_s3_water_air_pilot/run_124/PhaseSpaceIn.root,/home/ltf/project/github/PCT/data/simulation_data/results0717_s3_water_air_pilot/run_124/PhaseSpaceOut.root
99960,99960,0,90809,90809,0,87631,12329,87618,87618,0,0,125,87631,13,/home/ltf/project/github/PCT/data/simulation_data/results0717_s3_water_air_pilot/run_125/PhaseSpaceIn.root,/home/ltf/project/github/PCT/data/simulation_data/results0717_s3_water_air_pilot/run_125/PhaseSpaceOut.root
100036,100036,0,90996,90996,0,87847,12189,87834,87834,0,0,126,87847,13,/home/ltf/project/github/PCT/data/simulation_data/results0717_s3_water_air_pilot/run_126/PhaseSpaceIn.root,/home/ltf/project/github/PCT/data/simulation_data/results0717_s3_water_air_pilot/run_126/PhaseSpaceOut.root
100113,100113,0,91025,91025,0,87901,12212,87890,87890,0,0,127,87901,11,/home/ltf/project/github/PCT/data/simulation_data/results0717_s3_water_air_pilot/run_127/PhaseSpaceIn.root,/home/ltf/project/github/PCT/data/simulation_data/results0717_s3_water_air_pilot/run_127/PhaseSpaceOut.root
99906,99906,0,90978,90978,0,87936,11970,87919,87919,0,0,128,87936,17,/home/ltf/project/github/PCT/data/simulation_data/results0717_s3_water_air_pilot/run_128/PhaseSpaceIn.root,/home/ltf/project/github/PCT/data/simulation_data/results0717_s3_water_air_pilot/run_128/PhaseSpaceOut.root
100230,100230,0,91136,91136,0,87994,12236,87978,87978,0,0,129,87994,16,/home/ltf/project/github/PCT/data/simulation_data/results0717_s3_water_air_pilot/run_129/PhaseSpaceIn.root,/home/ltf/project/github/PCT/data/simulation_data/results0717_s3_water_air_pilot/run_129/PhaseSpaceOut.root
99549,99549,0,90228,90228,0,87164,12385,87150,87150,0,0,130,87164,14,/home/ltf/project/github/PCT/data/simulation_data/results0717_s3_water_air_pilot/run_130/PhaseSpaceIn.root,/home/ltf/project/github/PCT/data/simulation_data/results0717_s3_water_air_pilot/run_130/PhaseSpaceOut.root
100033,100033,0,90976,90976,0,87797,12236,87780,87780,0,0,131,87797,17,/home/ltf/project/github/PCT/data/simulation_data/results0717_s3_water_air_pilot/run_131/PhaseSpaceIn.root,/home/ltf/project/github/PCT/data/simulation_data/results0717_s3_water_air_pilot/run_131/PhaseSpaceOut.root
99942,99942,0,90977,90977,0,87756,12186,87748,87748,0,0,132,87756,8,/home/ltf/project/github/PCT/data/simulation_data/results0717_s3_water_air_pilot/run_132/PhaseSpaceIn.root,/home/ltf/project/github/PCT/data/simulation_data/results0717_s3_water_air_pilot/run_132/PhaseSpaceOut.root
100038,100038,0,91021,91021,0,87917,12121,87907,87907,0,0,133,87917,10,/home/ltf/project/github/PCT/data/simulation_data/results0717_s3_water_air_pilot/run_133/PhaseSpaceIn.root,/home/ltf/project/github/PCT/data/simulation_data/results0717_s3_water_air_pilot/run_133/PhaseSpaceOut.root
100457,100457,0,91214,91214,0,88025,12432,88015,88015,0,0,134,88025,10,/home/ltf/project/github/PCT/data/simulation_data/results0717_s3_water_air_pilot/run_134/PhaseSpaceIn.root,/home/ltf/project/github/PCT/data/simulation_data/results0717_s3_water_air_pilot/run_134/PhaseSpaceOut.root
99965,99965,0,91009,91009,0,87935,12030,87922,87922,0,0,135,87935,13,/home/ltf/project/github/PCT/data/simulation_data/results0717_s3_water_air_pilot/run_135/PhaseSpaceIn.root,/home/ltf/project/github/PCT/data/simulation_data/results0717_s3_water_air_pilot/run_135/PhaseSpaceOut.root
100328,100327,1,91187,91187,0,88062,12265,88055,88055,0,0,136,88062,7,/home/ltf/project/github/PCT/data/simulation_data/results0717_s3_water_air_pilot/run_136/PhaseSpaceIn.root,/home/ltf/project/github/PCT/data/simulation_data/results0717_s3_water_air_pilot/run_136/PhaseSpaceOut.root
99841,99841,0,90752,90752,0,87693,12148,87673,87673,0,0,137,87693,20,/home/ltf/project/github/PCT/data/simulation_data/results0717_s3_water_air_pilot/run_137/PhaseSpaceIn.root,/home/ltf/project/github/PCT/data/simulation_data/results0717_s3_water_air_pilot/run_137/PhaseSpaceOut.root
99758,99758,0,90895,90895,0,87843,11915,87828,87828,0,0,138,87843,15,/home/ltf/project/github/PCT/data/simulation_data/results0717_s3_water_air_pilot/run_138/PhaseSpaceIn.root,/home/ltf/project/github/PCT/data/simulation_data/results0717_s3_water_air_pilot/run_138/PhaseSpaceOut.root
99800,99800,0,90769,90768,1,87657,12143,87648,87648,0,0,139,87657,9,/home/ltf/project/github/PCT/data/simulation_data/results0717_s3_water_air_pilot/run_139/PhaseSpaceIn.root,/home/ltf/project/github/PCT/data/simulation_data/results0717_s3_water_air_pilot/run_139/PhaseSpaceOut.root
99954,99954,0,90987,90987,0,87963,11991,87947,87947,0,0,140,87963,16,/home/ltf/project/github/PCT/data/simulation_data/results0717_s3_water_air_pilot/run_140/PhaseSpaceIn.root,/home/ltf/project/github/PCT/data/simulation_data/results0717_s3_water_air_pilot/run_140/PhaseSpaceOut.root
100511,100511,0,91454,91454,0,88338,12173,88323,88323,0,0,141,88338,15,/home/ltf/project/github/PCT/data/simulation_data/results0717_s3_water_air_pilot/run_141/PhaseSpaceIn.root,/home/ltf/project/github/PCT/data/simulation_data/results0717_s3_water_air_pilot/run_141/PhaseSpaceOut.root
99883,99883,0,90876,90876,0,87810,12073,87797,87797,0,0,142,87810,13,/home/ltf/project/github/PCT/data/simulation_data/results0717_s3_water_air_pilot/run_142/PhaseSpaceIn.root,/home/ltf/project/github/PCT/data/simulation_data/results0717_s3_water_air_pilot/run_142/PhaseSpaceOut.root
100372,100372,0,91386,91386,0,88175,12197,88162,88162,0,0,143,88175,13,/home/ltf/project/github/PCT/data/simulation_data/results0717_s3_water_air_pilot/run_143/PhaseSpaceIn.root,/home/ltf/project/github/PCT/data/simulation_data/results0717_s3_water_air_pilot/run_143/PhaseSpaceOut.root
99777,99777,0,90803,90803,0,87699,12078,87681,87681,0,0,144,87699,18,/home/ltf/project/github/PCT/data/simulation_data/results0717_s3_water_air_pilot/run_144/PhaseSpaceIn.root,/home/ltf/project/github/PCT/data/simulation_data/results0717_s3_water_air_pilot/run_144/PhaseSpaceOut.root
100213,100213,0,91066,91065,1,87950,12263,87937,87937,0,0,145,87950,13,/home/ltf/project/github/PCT/data/simulation_data/results0717_s3_water_air_pilot/run_145/PhaseSpaceIn.root,/home/ltf/project/github/PCT/data/simulation_data/results0717_s3_water_air_pilot/run_145/PhaseSpaceOut.root
99845,99845,0,90716,90716,0,87547,12298,87532,87532,0,0,146,87547,15,/home/ltf/project/github/PCT/data/simulation_data/results0717_s3_water_air_pilot/run_146/PhaseSpaceIn.root,/home/ltf/project/github/PCT/data/simulation_data/results0717_s3_water_air_pilot/run_146/PhaseSpaceOut.root
100166,100166,0,90969,90969,0,87840,12326,87822,87822,0,0,147,87840,18,/home/ltf/project/github/PCT/data/simulation_data/results0717_s3_water_air_pilot/run_147/PhaseSpaceIn.root,/home/ltf/project/github/PCT/data/simulation_data/results0717_s3_water_air_pilot/run_147/PhaseSpaceOut.root
100144,100144,0,91044,91044,0,88009,12135,87994,87994,0,0,148,88009,15,/home/ltf/project/github/PCT/data/simulation_data/results0717_s3_water_air_pilot/run_148/PhaseSpaceIn.root,/home/ltf/project/github/PCT/data/simulation_data/results0717_s3_water_air_pilot/run_148/PhaseSpaceOut.root
99830,99830,0,90740,90740,0,87586,12244,87569,87569,0,0,149,87586,17,/home/ltf/project/github/PCT/data/simulation_data/results0717_s3_water_air_pilot/run_149/PhaseSpaceIn.root,/home/ltf/project/github/PCT/data/simulation_data/results0717_s3_water_air_pilot/run_149/PhaseSpaceOut.root
100300,100300,0,91187,91187,0,88065,12235,88054,88054,0,0,150,88065,11,/home/ltf/project/github/PCT/data/simulation_data/results0717_s3_water_air_pilot/run_150/PhaseSpaceIn.root,/home/ltf/project/github/PCT/data/simulation_data/results0717_s3_water_air_pilot/run_150/PhaseSpaceOut.root
99493,99493,0,90645,90645,0,87538,11955,87521,87521,0,0,151,87538,17,/home/ltf/project/github/PCT/data/simulation_data/results0717_s3_water_air_pilot/run_151/PhaseSpaceIn.root,/home/ltf/project/github/PCT/data/simulation_data/results0717_s3_water_air_pilot/run_151/PhaseSpaceOut.root
99780,99779,1,90744,90744,0,87612,12167,87598,87598,0,0,152,87612,14,/home/ltf/project/github/PCT/data/simulation_data/results0717_s3_water_air_pilot/run_152/PhaseSpaceIn.root,/home/ltf/project/github/PCT/data/simulation_data/results0717_s3_water_air_pilot/run_152/PhaseSpaceOut.root
100159,100159,0,91099,91099,0,88006,12153,87994,87994,0,0,153,88006,12,/home/ltf/project/github/PCT/data/simulation_data/results0717_s3_water_air_pilot/run_153/PhaseSpaceIn.root,/home/ltf/project/github/PCT/data/simulation_data/results0717_s3_water_air_pilot/run_153/PhaseSpaceOut.root
99557,99557,0,90409,90409,0,87374,12183,87359,87359,0,0,154,87374,15,/home/ltf/project/github/PCT/data/simulation_data/results0717_s3_water_air_pilot/run_154/PhaseSpaceIn.root,/home/ltf/project/github/PCT/data/simulation_data/results0717_s3_water_air_pilot/run_154/PhaseSpaceOut.root
99817,99817,0,90854,90854,0,87721,12096,87711,87711,0,0,155,87721,10,/home/ltf/project/github/PCT/data/simulation_data/results0717_s3_water_air_pilot/run_155/PhaseSpaceIn.root,/home/ltf/project/github/PCT/data/simulation_data/results0717_s3_water_air_pilot/run_155/PhaseSpaceOut.root
100336,100336,0,91229,91229,0,88226,12110,88216,88216,0,0,156,88226,10,/home/ltf/project/github/PCT/data/simulation_data/results0717_s3_water_air_pilot/run_156/PhaseSpaceIn.root,/home/ltf/project/github/PCT/data/simulation_data/results0717_s3_water_air_pilot/run_156/PhaseSpaceOut.root
100324,100324,0,91259,91259,0,88098,12226,88090,88090,0,0,157,88098,8,/home/ltf/project/github/PCT/data/simulation_data/results0717_s3_water_air_pilot/run_157/PhaseSpaceIn.root,/home/ltf/project/github/PCT/data/simulation_data/results0717_s3_water_air_pilot/run_157/PhaseSpaceOut.root
99938,99938,0,90794,90794,0,87708,12230,87696,87696,0,0,158,87708,12,/home/ltf/project/github/PCT/data/simulation_data/results0717_s3_water_air_pilot/run_158/PhaseSpaceIn.root,/home/ltf/project/github/PCT/data/simulation_data/results0717_s3_water_air_pilot/run_158/PhaseSpaceOut.root
99524,99524,0,90525,90525,0,87471,12053,87459,87459,0,0,159,87471,12,/home/ltf/project/github/PCT/data/simulation_data/results0717_s3_water_air_pilot/run_159/PhaseSpaceIn.root,/home/ltf/project/github/PCT/data/simulation_data/results0717_s3_water_air_pilot/run_159/PhaseSpaceOut.root
100225,100225,0,91243,91243,0,88187,12038,88175,88175,0,0,160,88187,12,/home/ltf/project/github/PCT/data/simulation_data/results0717_s3_water_air_pilot/run_160/PhaseSpaceIn.root,/home/ltf/project/github/PCT/data/simulation_data/results0717_s3_water_air_pilot/run_160/PhaseSpaceOut.root
99866,99866,0,90955,90955,0,87878,11988,87866,87866,0,0,161,87878,12,/home/ltf/project/github/PCT/data/simulation_data/results0717_s3_water_air_pilot/run_161/PhaseSpaceIn.root,/home/ltf/project/github/PCT/data/simulation_data/results0717_s3_water_air_pilot/run_161/PhaseSpaceOut.root
100182,100182,0,90982,90982,0,87787,12395,87772,87772,0,0,162,87787,15,/home/ltf/project/github/PCT/data/simulation_data/results0717_s3_water_air_pilot/run_162/PhaseSpaceIn.root,/home/ltf/project/github/PCT/data/simulation_data/results0717_s3_water_air_pilot/run_162/PhaseSpaceOut.root
100294,100294,0,91249,91249,0,88152,12142,88142,88142,0,0,163,88152,10,/home/ltf/project/github/PCT/data/simulation_data/results0717_s3_water_air_pilot/run_163/PhaseSpaceIn.root,/home/ltf/project/github/PCT/data/simulation_data/results0717_s3_water_air_pilot/run_163/PhaseSpaceOut.root
98772,98772,0,89662,89662,0,86523,12249,86514,86514,0,0,164,86523,9,/home/ltf/project/github/PCT/data/simulation_data/results0717_s3_water_air_pilot/run_164/PhaseSpaceIn.root,/home/ltf/project/github/PCT/data/simulation_data/results0717_s3_water_air_pilot/run_164/PhaseSpaceOut.root
100257,100257,0,91058,91058,0,87998,12259,87986,87986,0,0,165,87998,12,/home/ltf/project/github/PCT/data/simulation_data/results0717_s3_water_air_pilot/run_165/PhaseSpaceIn.root,/home/ltf/project/github/PCT/data/simulation_data/results0717_s3_water_air_pilot/run_165/PhaseSpaceOut.root
100191,100191,0,91098,91098,0,87985,12206,87974,87974,0,0,166,87985,11,/home/ltf/project/github/PCT/data/simulation_data/results0717_s3_water_air_pilot/run_166/PhaseSpaceIn.root,/home/ltf/project/github/PCT/data/simulation_data/results0717_s3_water_air_pilot/run_166/PhaseSpaceOut.root
99666,99666,0,90588,90588,0,87510,12156,87495,87495,0,0,167,87510,15,/home/ltf/project/github/PCT/data/simulation_data/results0717_s3_water_air_pilot/run_167/PhaseSpaceIn.root,/home/ltf/project/github/PCT/data/simulation_data/results0717_s3_water_air_pilot/run_167/PhaseSpaceOut.root
99811,99811,0,90727,90727,0,87689,12122,87674,87674,0,0,168,87689,15,/home/ltf/project/github/PCT/data/simulation_data/results0717_s3_water_air_pilot/run_168/PhaseSpaceIn.root,/home/ltf/project/github/PCT/data/simulation_data/results0717_s3_water_air_pilot/run_168/PhaseSpaceOut.root
99619,99619,0,90451,90451,0,87253,12366,87240,87240,0,0,169,87253,13,/home/ltf/project/github/PCT/data/simulation_data/results0717_s3_water_air_pilot/run_169/PhaseSpaceIn.root,/home/ltf/project/github/PCT/data/simulation_data/results0717_s3_water_air_pilot/run_169/PhaseSpaceOut.root
99387,99387,0,90313,90313,0,87192,12195,87186,87186,0,0,170,87192,6,/home/ltf/project/github/PCT/data/simulation_data/results0717_s3_water_air_pilot/run_170/PhaseSpaceIn.root,/home/ltf/project/github/PCT/data/simulation_data/results0717_s3_water_air_pilot/run_170/PhaseSpaceOut.root
99356,99356,0,90170,90170,0,87189,12167,87175,87175,0,0,171,87189,14,/home/ltf/project/github/PCT/data/simulation_data/results0717_s3_water_air_pilot/run_171/PhaseSpaceIn.root,/home/ltf/project/github/PCT/data/simulation_data/results0717_s3_water_air_pilot/run_171/PhaseSpaceOut.root
100180,100180,0,91091,91091,0,87974,12206,87956,87956,0,0,172,87974,18,/home/ltf/project/github/PCT/data/simulation_data/results0717_s3_water_air_pilot/run_172/PhaseSpaceIn.root,/home/ltf/project/github/PCT/data/simulation_data/results0717_s3_water_air_pilot/run_172/PhaseSpaceOut.root
100222,100222,0,91021,91021,0,87861,12361,87848,87848,0,0,173,87861,13,/home/ltf/project/github/PCT/data/simulation_data/results0717_s3_water_air_pilot/run_173/PhaseSpaceIn.root,/home/ltf/project/github/PCT/data/simulation_data/results0717_s3_water_air_pilot/run_173/PhaseSpaceOut.root
100085,100085,0,91015,91015,0,87837,12248,87828,87828,0,0,174,87837,9,/home/ltf/project/github/PCT/data/simulation_data/results0717_s3_water_air_pilot/run_174/PhaseSpaceIn.root,/home/ltf/project/github/PCT/data/simulation_data/results0717_s3_water_air_pilot/run_174/PhaseSpaceOut.root
99625,99625,0,90647,90647,0,87562,12063,87550,87550,0,0,175,87562,12,/home/ltf/project/github/PCT/data/simulation_data/results0717_s3_water_air_pilot/run_175/PhaseSpaceIn.root,/home/ltf/project/github/PCT/data/simulation_data/results0717_s3_water_air_pilot/run_175/PhaseSpaceOut.root
100394,100394,0,91387,91387,0,88201,12193,88190,88190,0,0,176,88201,11,/home/ltf/project/github/PCT/data/simulation_data/results0717_s3_water_air_pilot/run_176/PhaseSpaceIn.root,/home/ltf/project/github/PCT/data/simulation_data/results0717_s3_water_air_pilot/run_176/PhaseSpaceOut.root
99846,99846,0,90846,90846,0,87774,12072,87765,87765,0,0,177,87774,9,/home/ltf/project/github/PCT/data/simulation_data/results0717_s3_water_air_pilot/run_177/PhaseSpaceIn.root,/home/ltf/project/github/PCT/data/simulation_data/results0717_s3_water_air_pilot/run_177/PhaseSpaceOut.root
99747,99747,0,90710,90710,0,87731,12016,87716,87716,0,0,178,87731,15,/home/ltf/project/github/PCT/data/simulation_data/results0717_s3_water_air_pilot/run_178/PhaseSpaceIn.root,/home/ltf/project/github/PCT/data/simulation_data/results0717_s3_water_air_pilot/run_178/PhaseSpaceOut.root
100168,100168,0,91264,91264,0,88134,12034,88121,88121,0,0,179,88134,13,/home/ltf/project/github/PCT/data/simulation_data/results0717_s3_water_air_pilot/run_179/PhaseSpaceIn.root,/home/ltf/project/github/PCT/data/simulation_data/results0717_s3_water_air_pilot/run_179/PhaseSpaceOut.root
99823,99823,0,90859,90859,0,87662,12161,87644,87644,0,0,180,87662,18,/home/ltf/project/github/PCT/data/simulation_data/results0717_s3_water_air_pilot/run_180/PhaseSpaceIn.root,/home/ltf/project/github/PCT/data/simulation_data/results0717_s3_water_air_pilot/run_180/PhaseSpaceOut.root
100302,100302,0,91326,91326,0,88289,12013,88277,88277,0,0,181,88289,12,/home/ltf/project/github/PCT/data/simulation_data/results0717_s3_water_air_pilot/run_181/PhaseSpaceIn.root,/home/ltf/project/github/PCT/data/simulation_data/results0717_s3_water_air_pilot/run_181/PhaseSpaceOut.root
99793,99793,0,90823,90822,1,87731,12062,87722,87722,0,0,182,87731,9,/home/ltf/project/github/PCT/data/simulation_data/results0717_s3_water_air_pilot/run_182/PhaseSpaceIn.root,/home/ltf/project/github/PCT/data/simulation_data/results0717_s3_water_air_pilot/run_182/PhaseSpaceOut.root
99848,99848,0,90577,90577,0,87456,12392,87444,87444,0,0,183,87456,12,/home/ltf/project/github/PCT/data/simulation_data/results0717_s3_water_air_pilot/run_183/PhaseSpaceIn.root,/home/ltf/project/github/PCT/data/simulation_data/results0717_s3_water_air_pilot/run_183/PhaseSpaceOut.root
100271,100271,0,91120,91120,0,87962,12309,87948,87948,0,0,184,87962,14,/home/ltf/project/github/PCT/data/simulation_data/results0717_s3_water_air_pilot/run_184/PhaseSpaceIn.root,/home/ltf/project/github/PCT/data/simulation_data/results0717_s3_water_air_pilot/run_184/PhaseSpaceOut.root
100019,100019,0,91005,91005,0,87893,12126,87879,87879,0,0,185,87893,14,/home/ltf/project/github/PCT/data/simulation_data/results0717_s3_water_air_pilot/run_185/PhaseSpaceIn.root,/home/ltf/project/github/PCT/data/simulation_data/results0717_s3_water_air_pilot/run_185/PhaseSpaceOut.root
99741,99741,0,90733,90733,0,87649,12092,87638,87638,0,0,186,87649,11,/home/ltf/project/github/PCT/data/simulation_data/results0717_s3_water_air_pilot/run_186/PhaseSpaceIn.root,/home/ltf/project/github/PCT/data/simulation_data/results0717_s3_water_air_pilot/run_186/PhaseSpaceOut.root
100266,100266,0,91180,91180,0,87997,12269,87990,87990,0,0,187,87997,7,/home/ltf/project/github/PCT/data/simulation_data/results0717_s3_water_air_pilot/run_187/PhaseSpaceIn.root,/home/ltf/project/github/PCT/data/simulation_data/results0717_s3_water_air_pilot/run_187/PhaseSpaceOut.root
100261,100261,0,91193,91193,0,88138,12123,88124,88124,0,0,188,88138,14,/home/ltf/project/github/PCT/data/simulation_data/results0717_s3_water_air_pilot/run_188/PhaseSpaceIn.root,/home/ltf/project/github/PCT/data/simulation_data/results0717_s3_water_air_pilot/run_188/PhaseSpaceOut.root
100197,100197,0,91137,91137,0,87988,12209,87974,87974,0,0,189,87988,14,/home/ltf/project/github/PCT/data/simulation_data/results0717_s3_water_air_pilot/run_189/PhaseSpaceIn.root,/home/ltf/project/github/PCT/data/simulation_data/results0717_s3_water_air_pilot/run_189/PhaseSpaceOut.root
99886,99886,0,90731,90731,0,87545,12341,87531,87531,0,0,190,87545,14,/home/ltf/project/github/PCT/data/simulation_data/results0717_s3_water_air_pilot/run_190/PhaseSpaceIn.root,/home/ltf/project/github/PCT/data/simulation_data/results0717_s3_water_air_pilot/run_190/PhaseSpaceOut.root
99830,99830,0,90619,90619,0,87533,12297,87522,87522,0,0,191,87533,11,/home/ltf/project/github/PCT/data/simulation_data/results0717_s3_water_air_pilot/run_191/PhaseSpaceIn.root,/home/ltf/project/github/PCT/data/simulation_data/results0717_s3_water_air_pilot/run_191/PhaseSpaceOut.root
99872,99871,1,90719,90719,0,87530,12341,87513,87513,0,0,192,87530,17,/home/ltf/project/github/PCT/data/simulation_data/results0717_s3_water_air_pilot/run_192/PhaseSpaceIn.root,/home/ltf/project/github/PCT/data/simulation_data/results0717_s3_water_air_pilot/run_192/PhaseSpaceOut.root
100207,100207,0,91146,91146,0,87946,12261,87937,87937,0,0,193,87946,9,/home/ltf/project/github/PCT/data/simulation_data/results0717_s3_water_air_pilot/run_193/PhaseSpaceIn.root,/home/ltf/project/github/PCT/data/simulation_data/results0717_s3_water_air_pilot/run_193/PhaseSpaceOut.root
99932,99932,0,90929,90929,0,87810,12122,87799,87799,0,0,194,87810,11,/home/ltf/project/github/PCT/data/simulation_data/results0717_s3_water_air_pilot/run_194/PhaseSpaceIn.root,/home/ltf/project/github/PCT/data/simulation_data/results0717_s3_water_air_pilot/run_194/PhaseSpaceOut.root
99502,99502,0,90355,90355,0,87243,12259,87229,87229,0,0,195,87243,14,/home/ltf/project/github/PCT/data/simulation_data/results0717_s3_water_air_pilot/run_195/PhaseSpaceIn.root,/home/ltf/project/github/PCT/data/simulation_data/results0717_s3_water_air_pilot/run_195/PhaseSpaceOut.root
100224,100224,0,91169,91169,0,88028,12196,88007,88007,0,0,196,88028,21,/home/ltf/project/github/PCT/data/simulation_data/results0717_s3_water_air_pilot/run_196/PhaseSpaceIn.root,/home/ltf/project/github/PCT/data/simulation_data/results0717_s3_water_air_pilot/run_196/PhaseSpaceOut.root
99597,99597,0,90629,90629,0,87580,12017,87570,87570,0,0,197,87580,10,/home/ltf/project/github/PCT/data/simulation_data/results0717_s3_water_air_pilot/run_197/PhaseSpaceIn.root,/home/ltf/project/github/PCT/data/simulation_data/results0717_s3_water_air_pilot/run_197/PhaseSpaceOut.root
99448,99448,0,90436,90436,0,87273,12175,87263,87263,0,0,198,87273,10,/home/ltf/project/github/PCT/data/simulation_data/results0717_s3_water_air_pilot/run_198/PhaseSpaceIn.root,/home/ltf/project/github/PCT/data/simulation_data/results0717_s3_water_air_pilot/run_198/PhaseSpaceOut.root
100327,100327,0,91147,91147,0,87924,12403,87914,87914,0,0,199,87924,10,/home/ltf/project/github/PCT/data/simulation_data/results0717_s3_water_air_pilot/run_199/PhaseSpaceIn.root,/home/ltf/project/github/PCT/data/simulation_data/results0717_s3_water_air_pilot/run_199/PhaseSpaceOut.root
100758,100758,0,91697,91697,0,88585,12173,88576,88576,0,0,200,88585,9,/home/ltf/project/github/PCT/data/simulation_data/results0717_s3_water_air_pilot/run_200/PhaseSpaceIn.root,/home/ltf/project/github/PCT/data/simulation_data/results0717_s3_water_air_pilot/run_200/PhaseSpaceOut.root
99462,99462,0,90399,90399,0,87137,12325,87127,87127,0,0,201,87137,10,/home/ltf/project/github/PCT/data/simulation_data/results0717_s3_water_air_pilot/run_201/PhaseSpaceIn.root,/home/ltf/project/github/PCT/data/simulation_data/results0717_s3_water_air_pilot/run_201/PhaseSpaceOut.root
100169,100169,0,91043,91043,0,87908,12261,87900,87900,0,0,202,87908,8,/home/ltf/project/github/PCT/data/simulation_data/results0717_s3_water_air_pilot/run_202/PhaseSpaceIn.root,/home/ltf/project/github/PCT/data/simulation_data/results0717_s3_water_air_pilot/run_202/PhaseSpaceOut.root
100214,100214,0,91237,91237,0,88079,12135,88070,88070,0,0,203,88079,9,/home/ltf/project/github/PCT/data/simulation_data/results0717_s3_water_air_pilot/run_203/PhaseSpaceIn.root,/home/ltf/project/github/PCT/data/simulation_data/results0717_s3_water_air_pilot/run_203/PhaseSpaceOut.root
100099,100099,0,90935,90935,0,87767,12332,87756,87756,0,0,204,87767,11,/home/ltf/project/github/PCT/data/simulation_data/results0717_s3_water_air_pilot/run_204/PhaseSpaceIn.root,/home/ltf/project/github/PCT/data/simulation_data/results0717_s3_water_air_pilot/run_204/PhaseSpaceOut.root
99002,99002,0,90059,90059,0,86868,12134,86852,86852,0,0,205,86868,16,/home/ltf/project/github/PCT/data/simulation_data/results0717_s3_water_air_pilot/run_205/PhaseSpaceIn.root,/home/ltf/project/github/PCT/data/simulation_data/results0717_s3_water_air_pilot/run_205/PhaseSpaceOut.root
99660,99660,0,90510,90510,0,87401,12259,87386,87386,0,0,206,87401,15,/home/ltf/project/github/PCT/data/simulation_data/results0717_s3_water_air_pilot/run_206/PhaseSpaceIn.root,/home/ltf/project/github/PCT/data/simulation_data/results0717_s3_water_air_pilot/run_206/PhaseSpaceOut.root
99554,99554,0,90633,90633,0,87460,12094,87448,87448,0,0,207,87460,12,/home/ltf/project/github/PCT/data/simulation_data/results0717_s3_water_air_pilot/run_207/PhaseSpaceIn.root,/home/ltf/project/github/PCT/data/simulation_data/results0717_s3_water_air_pilot/run_207/PhaseSpaceOut.root
99999,99999,0,90941,90941,0,87748,12251,87734,87734,0,0,208,87748,14,/home/ltf/project/github/PCT/data/simulation_data/results0717_s3_water_air_pilot/run_208/PhaseSpaceIn.root,/home/ltf/project/github/PCT/data/simulation_data/results0717_s3_water_air_pilot/run_208/PhaseSpaceOut.root
100254,100254,0,91156,91156,0,88049,12205,88042,88042,0,0,209,88049,7,/home/ltf/project/github/PCT/data/simulation_data/results0717_s3_water_air_pilot/run_209/PhaseSpaceIn.root,/home/ltf/project/github/PCT/data/simulation_data/results0717_s3_water_air_pilot/run_209/PhaseSpaceOut.root
99800,99800,0,90828,90828,0,87712,12088,87697,87697,0,0,210,87712,15,/home/ltf/project/github/PCT/data/simulation_data/results0717_s3_water_air_pilot/run_210/PhaseSpaceIn.root,/home/ltf/project/github/PCT/data/simulation_data/results0717_s3_water_air_pilot/run_210/PhaseSpaceOut.root
99704,99704,0,90600,90600,0,87488,12216,87470,87470,0,0,211,87488,18,/home/ltf/project/github/PCT/data/simulation_data/results0717_s3_water_air_pilot/run_211/PhaseSpaceIn.root,/home/ltf/project/github/PCT/data/simulation_data/results0717_s3_water_air_pilot/run_211/PhaseSpaceOut.root
100080,100080,0,90921,90921,0,87899,12181,87885,87885,0,0,212,87899,14,/home/ltf/project/github/PCT/data/simulation_data/results0717_s3_water_air_pilot/run_212/PhaseSpaceIn.root,/home/ltf/project/github/PCT/data/simulation_data/results0717_s3_water_air_pilot/run_212/PhaseSpaceOut.root
99738,99738,0,90752,90752,0,87638,12100,87625,87625,0,0,213,87638,13,/home/ltf/project/github/PCT/data/simulation_data/results0717_s3_water_air_pilot/run_213/PhaseSpaceIn.root,/home/ltf/project/github/PCT/data/simulation_data/results0717_s3_water_air_pilot/run_213/PhaseSpaceOut.root
99897,99897,0,90792,90792,0,87727,12170,87716,87716,0,0,214,87727,11,/home/ltf/project/github/PCT/data/simulation_data/results0717_s3_water_air_pilot/run_214/PhaseSpaceIn.root,/home/ltf/project/github/PCT/data/simulation_data/results0717_s3_water_air_pilot/run_214/PhaseSpaceOut.root
99586,99586,0,90509,90509,0,87335,12251,87321,87321,0,0,215,87335,14,/home/ltf/project/github/PCT/data/simulation_data/results0717_s3_water_air_pilot/run_215/PhaseSpaceIn.root,/home/ltf/project/github/PCT/data/simulation_data/results0717_s3_water_air_pilot/run_215/PhaseSpaceOut.root
99847,99847,0,90786,90786,0,87571,12276,87559,87559,0,0,216,87571,12,/home/ltf/project/github/PCT/data/simulation_data/results0717_s3_water_air_pilot/run_216/PhaseSpaceIn.root,/home/ltf/project/github/PCT/data/simulation_data/results0717_s3_water_air_pilot/run_216/PhaseSpaceOut.root
100377,100377,0,91284,91284,0,88150,12227,88134,88134,0,0,217,88150,16,/home/ltf/project/github/PCT/data/simulation_data/results0717_s3_water_air_pilot/run_217/PhaseSpaceIn.root,/home/ltf/project/github/PCT/data/simulation_data/results0717_s3_water_air_pilot/run_217/PhaseSpaceOut.root
100089,100089,0,91046,91046,0,87926,12163,87911,87911,0,0,218,87926,15,/home/ltf/project/github/PCT/data/simulation_data/results0717_s3_water_air_pilot/run_218/PhaseSpaceIn.root,/home/ltf/project/github/PCT/data/simulation_data/results0717_s3_water_air_pilot/run_218/PhaseSpaceOut.root
99829,99829,0,90837,90837,0,87693,12136,87685,87685,0,0,219,87693,8,/home/ltf/project/github/PCT/data/simulation_data/results0717_s3_water_air_pilot/run_219/PhaseSpaceIn.root,/home/ltf/project/github/PCT/data/simulation_data/results0717_s3_water_air_pilot/run_219/PhaseSpaceOut.root
99410,99410,0,90370,90370,0,87308,12102,87293,87293,0,0,220,87308,15,/home/ltf/project/github/PCT/data/simulation_data/results0717_s3_water_air_pilot/run_220/PhaseSpaceIn.root,/home/ltf/project/github/PCT/data/simulation_data/results0717_s3_water_air_pilot/run_220/PhaseSpaceOut.root
100325,100325,0,91199,91199,0,88133,12192,88121,88121,0,0,221,88133,12,/home/ltf/project/github/PCT/data/simulation_data/results0717_s3_water_air_pilot/run_221/PhaseSpaceIn.root,/home/ltf/project/github/PCT/data/simulation_data/results0717_s3_water_air_pilot/run_221/PhaseSpaceOut.root
100255,100255,0,91103,91103,0,87905,12350,87893,87893,0,0,222,87905,12,/home/ltf/project/github/PCT/data/simulation_data/results0717_s3_water_air_pilot/run_222/PhaseSpaceIn.root,/home/ltf/project/github/PCT/data/simulation_data/results0717_s3_water_air_pilot/run_222/PhaseSpaceOut.root
100151,100151,0,91078,91078,0,87909,12242,87890,87890,0,0,223,87909,19,/home/ltf/project/github/PCT/data/simulation_data/results0717_s3_water_air_pilot/run_223/PhaseSpaceIn.root,/home/ltf/project/github/PCT/data/simulation_data/results0717_s3_water_air_pilot/run_223/PhaseSpaceOut.root
99360,99360,0,90291,90291,0,87162,12198,87149,87149,0,0,224,87162,13,/home/ltf/project/github/PCT/data/simulation_data/results0717_s3_water_air_pilot/run_224/PhaseSpaceIn.root,/home/ltf/project/github/PCT/data/simulation_data/results0717_s3_water_air_pilot/run_224/PhaseSpaceOut.root
100233,100233,0,91226,91226,0,88030,12203,88020,88020,0,0,225,88030,10,/home/ltf/project/github/PCT/data/simulation_data/results0717_s3_water_air_pilot/run_225/PhaseSpaceIn.root,/home/ltf/project/github/PCT/data/simulation_data/results0717_s3_water_air_pilot/run_225/PhaseSpaceOut.root
100058,100058,0,91106,91106,0,88006,12052,87993,87993,0,0,226,88006,13,/home/ltf/project/github/PCT/data/simulation_data/results0717_s3_water_air_pilot/run_226/PhaseSpaceIn.root,/home/ltf/project/github/PCT/data/simulation_data/results0717_s3_water_air_pilot/run_226/PhaseSpaceOut.root
99992,99992,0,90974,90974,0,87884,12108,87874,87874,0,0,227,87884,10,/home/ltf/project/github/PCT/data/simulation_data/results0717_s3_water_air_pilot/run_227/PhaseSpaceIn.root,/home/ltf/project/github/PCT/data/simulation_data/results0717_s3_water_air_pilot/run_227/PhaseSpaceOut.root
99398,99398,0,90406,90406,0,87314,12084,87303,87303,0,0,228,87314,11,/home/ltf/project/github/PCT/data/simulation_data/results0717_s3_water_air_pilot/run_228/PhaseSpaceIn.root,/home/ltf/project/github/PCT/data/simulation_data/results0717_s3_water_air_pilot/run_228/PhaseSpaceOut.root
99751,99751,0,90542,90542,0,87375,12376,87361,87361,0,0,229,87375,14,/home/ltf/project/github/PCT/data/simulation_data/results0717_s3_water_air_pilot/run_229/PhaseSpaceIn.root,/home/ltf/project/github/PCT/data/simulation_data/results0717_s3_water_air_pilot/run_229/PhaseSpaceOut.root
100958,100958,0,91801,91801,0,88627,12331,88615,88615,0,0,230,88627,12,/home/ltf/project/github/PCT/data/simulation_data/results0717_s3_water_air_pilot/run_230/PhaseSpaceIn.root,/home/ltf/project/github/PCT/data/simulation_data/results0717_s3_water_air_pilot/run_230/PhaseSpaceOut.root
100039,100039,0,90952,90952,0,87868,12171,87858,87858,0,0,231,87868,10,/home/ltf/project/github/PCT/data/simulation_data/results0717_s3_water_air_pilot/run_231/PhaseSpaceIn.root,/home/ltf/project/github/PCT/data/simulation_data/results0717_s3_water_air_pilot/run_231/PhaseSpaceOut.root
100145,100145,0,91165,91165,0,87983,12162,87974,87974,0,0,232,87983,9,/home/ltf/project/github/PCT/data/simulation_data/results0717_s3_water_air_pilot/run_232/PhaseSpaceIn.root,/home/ltf/project/github/PCT/data/simulation_data/results0717_s3_water_air_pilot/run_232/PhaseSpaceOut.root
100189,100189,0,91034,91033,1,87855,12334,87849,87849,0,0,233,87855,6,/home/ltf/project/github/PCT/data/simulation_data/results0717_s3_water_air_pilot/run_233/PhaseSpaceIn.root,/home/ltf/project/github/PCT/data/simulation_data/results0717_s3_water_air_pilot/run_233/PhaseSpaceOut.root
99952,99952,0,90889,90889,0,87659,12293,87644,87644,0,0,234,87659,15,/home/ltf/project/github/PCT/data/simulation_data/results0717_s3_water_air_pilot/run_234/PhaseSpaceIn.root,/home/ltf/project/github/PCT/data/simulation_data/results0717_s3_water_air_pilot/run_234/PhaseSpaceOut.root
99595,99595,0,90498,90498,0,87318,12277,87307,87307,0,0,235,87318,11,/home/ltf/project/github/PCT/data/simulation_data/results0717_s3_water_air_pilot/run_235/PhaseSpaceIn.root,/home/ltf/project/github/PCT/data/simulation_data/results0717_s3_water_air_pilot/run_235/PhaseSpaceOut.root
100326,100326,0,91161,91161,0,87976,12350,87961,87961,0,0,236,87976,15,/home/ltf/project/github/PCT/data/simulation_data/results0717_s3_water_air_pilot/run_236/PhaseSpaceIn.root,/home/ltf/project/github/PCT/data/simulation_data/results0717_s3_water_air_pilot/run_236/PhaseSpaceOut.root
99670,99670,0,90698,90698,0,87601,12069,87579,87579,0,0,237,87601,22,/home/ltf/project/github/PCT/data/simulation_data/results0717_s3_water_air_pilot/run_237/PhaseSpaceIn.root,/home/ltf/project/github/PCT/data/simulation_data/results0717_s3_water_air_pilot/run_237/PhaseSpaceOut.root
100040,100040,0,90985,90985,0,87929,12111,87921,87921,0,0,238,87929,8,/home/ltf/project/github/PCT/data/simulation_data/results0717_s3_water_air_pilot/run_238/PhaseSpaceIn.root,/home/ltf/project/github/PCT/data/simulation_data/results0717_s3_water_air_pilot/run_238/PhaseSpaceOut.root
99567,99567,0,90490,90490,0,87326,12241,87314,87314,0,0,239,87326,12,/home/ltf/project/github/PCT/data/simulation_data/results0717_s3_water_air_pilot/run_239/PhaseSpaceIn.root,/home/ltf/project/github/PCT/data/simulation_data/results0717_s3_water_air_pilot/run_239/PhaseSpaceOut.root
100064,100064,0,90903,90903,0,87843,12221,87829,87829,0,0,240,87843,14,/home/ltf/project/github/PCT/data/simulation_data/results0717_s3_water_air_pilot/run_240/PhaseSpaceIn.root,/home/ltf/project/github/PCT/data/simulation_data/results0717_s3_water_air_pilot/run_240/PhaseSpaceOut.root
100528,100528,0,91304,91304,0,88175,12353,88161,88161,0,0,241,88175,14,/home/ltf/project/github/PCT/data/simulation_data/results0717_s3_water_air_pilot/run_241/PhaseSpaceIn.root,/home/ltf/project/github/PCT/data/simulation_data/results0717_s3_water_air_pilot/run_241/PhaseSpaceOut.root
100130,100130,0,91104,91104,0,88034,12096,88011,88011,0,0,242,88034,23,/home/ltf/project/github/PCT/data/simulation_data/results0717_s3_water_air_pilot/run_242/PhaseSpaceIn.root,/home/ltf/project/github/PCT/data/simulation_data/results0717_s3_water_air_pilot/run_242/PhaseSpaceOut.root
100175,100175,0,91060,91060,0,87874,12301,87865,87865,0,0,243,87874,9,/home/ltf/project/github/PCT/data/simulation_data/results0717_s3_water_air_pilot/run_243/PhaseSpaceIn.root,/home/ltf/project/github/PCT/data/simulation_data/results0717_s3_water_air_pilot/run_243/PhaseSpaceOut.root
100137,100137,0,91238,91238,0,88109,12028,88096,88096,0,0,244,88109,13,/home/ltf/project/github/PCT/data/simulation_data/results0717_s3_water_air_pilot/run_244/PhaseSpaceIn.root,/home/ltf/project/github/PCT/data/simulation_data/results0717_s3_water_air_pilot/run_244/PhaseSpaceOut.root
99686,99686,0,90628,90628,0,87508,12178,87493,87493,0,0,245,87508,15,/home/ltf/project/github/PCT/data/simulation_data/results0717_s3_water_air_pilot/run_245/PhaseSpaceIn.root,/home/ltf/project/github/PCT/data/simulation_data/results0717_s3_water_air_pilot/run_245/PhaseSpaceOut.root
99459,99459,0,90514,90514,0,87376,12083,87366,87366,0,0,246,87376,10,/home/ltf/project/github/PCT/data/simulation_data/results0717_s3_water_air_pilot/run_246/PhaseSpaceIn.root,/home/ltf/project/github/PCT/data/simulation_data/results0717_s3_water_air_pilot/run_246/PhaseSpaceOut.root
100145,100145,0,91109,91109,0,88035,12110,88025,88025,0,0,247,88035,10,/home/ltf/project/github/PCT/data/simulation_data/results0717_s3_water_air_pilot/run_247/PhaseSpaceIn.root,/home/ltf/project/github/PCT/data/simulation_data/results0717_s3_water_air_pilot/run_247/PhaseSpaceOut.root
99758,99758,0,90547,90547,0,87467,12291,87455,87455,0,0,248,87467,12,/home/ltf/project/github/PCT/data/simulation_data/results0717_s3_water_air_pilot/run_248/PhaseSpaceIn.root,/home/ltf/project/github/PCT/data/simulation_data/results0717_s3_water_air_pilot/run_248/PhaseSpaceOut.root
100248,100248,0,91174,91174,0,87994,12254,87976,87976,0,0,249,87994,18,/home/ltf/project/github/PCT/data/simulation_data/results0717_s3_water_air_pilot/run_249/PhaseSpaceIn.root,/home/ltf/project/github/PCT/data/simulation_data/results0717_s3_water_air_pilot/run_249/PhaseSpaceOut.root
99810,99810,0,90715,90715,0,87654,12156,87640,87640,0,0,250,87654,14,/home/ltf/project/github/PCT/data/simulation_data/results0717_s3_water_air_pilot/run_250/PhaseSpaceIn.root,/home/ltf/project/github/PCT/data/simulation_data/results0717_s3_water_air_pilot/run_250/PhaseSpaceOut.root
100132,100132,0,91123,91123,0,88049,12083,88042,88042,0,0,251,88049,7,/home/ltf/project/github/PCT/data/simulation_data/results0717_s3_water_air_pilot/run_251/PhaseSpaceIn.root,/home/ltf/project/github/PCT/data/simulation_data/results0717_s3_water_air_pilot/run_251/PhaseSpaceOut.root
99526,99526,0,90391,90391,0,87229,12297,87210,87210,0,0,252,87229,19,/home/ltf/project/github/PCT/data/simulation_data/results0717_s3_water_air_pilot/run_252/PhaseSpaceIn.root,/home/ltf/project/github/PCT/data/simulation_data/results0717_s3_water_air_pilot/run_252/PhaseSpaceOut.root
100754,100754,0,91449,91449,0,88315,12439,88305,88305,0,0,253,88315,10,/home/ltf/project/github/PCT/data/simulation_data/results0717_s3_water_air_pilot/run_253/PhaseSpaceIn.root,/home/ltf/project/github/PCT/data/simulation_data/results0717_s3_water_air_pilot/run_253/PhaseSpaceOut.root
99610,99610,0,90622,90622,0,87432,12178,87418,87418,0,0,254,87432,14,/home/ltf/project/github/PCT/data/simulation_data/results0717_s3_water_air_pilot/run_254/PhaseSpaceIn.root,/home/ltf/project/github/PCT/data/simulation_data/results0717_s3_water_air_pilot/run_254/PhaseSpaceOut.root
99544,99544,0,90615,90614,1,87409,12135,87396,87396,0,0,255,87409,13,/home/ltf/project/github/PCT/data/simulation_data/results0717_s3_water_air_pilot/run_255/PhaseSpaceIn.root,/home/ltf/project/github/PCT/data/simulation_data/results0717_s3_water_air_pilot/run_255/PhaseSpaceOut.root
99756,99756,0,90675,90675,0,87582,12174,87564,87564,0,0,256,87582,18,/home/ltf/project/github/PCT/data/simulation_data/results0717_s3_water_air_pilot/run_256/PhaseSpaceIn.root,/home/ltf/project/github/PCT/data/simulation_data/results0717_s3_water_air_pilot/run_256/PhaseSpaceOut.root
100063,100063,0,90881,90881,0,87767,12296,87755,87755,0,0,257,87767,12,/home/ltf/project/github/PCT/data/simulation_data/results0717_s3_water_air_pilot/run_257/PhaseSpaceIn.root,/home/ltf/project/github/PCT/data/simulation_data/results0717_s3_water_air_pilot/run_257/PhaseSpaceOut.root
99958,99958,0,90852,90852,0,87719,12239,87704,87704,0,0,258,87719,15,/home/ltf/project/github/PCT/data/simulation_data/results0717_s3_water_air_pilot/run_258/PhaseSpaceIn.root,/home/ltf/project/github/PCT/data/simulation_data/results0717_s3_water_air_pilot/run_258/PhaseSpaceOut.root
100251,100251,0,91020,91020,0,87843,12408,87832,87832,0,0,259,87843,11,/home/ltf/project/github/PCT/data/simulation_data/results0717_s3_water_air_pilot/run_259/PhaseSpaceIn.root,/home/ltf/project/github/PCT/data/simulation_data/results0717_s3_water_air_pilot/run_259/PhaseSpaceOut.root
99495,99495,0,90446,90446,0,87382,12113,87367,87367,0,0,260,87382,15,/home/ltf/project/github/PCT/data/simulation_data/results0717_s3_water_air_pilot/run_260/PhaseSpaceIn.root,/home/ltf/project/github/PCT/data/simulation_data/results0717_s3_water_air_pilot/run_260/PhaseSpaceOut.root
100230,100230,0,91216,91216,0,88081,12149,88067,88067,0,0,261,88081,14,/home/ltf/project/github/PCT/data/simulation_data/results0717_s3_water_air_pilot/run_261/PhaseSpaceIn.root,/home/ltf/project/github/PCT/data/simulation_data/results0717_s3_water_air_pilot/run_261/PhaseSpaceOut.root
99729,99729,0,90588,90588,0,87513,12216,87502,87502,0,0,262,87513,11,/home/ltf/project/github/PCT/data/simulation_data/results0717_s3_water_air_pilot/run_262/PhaseSpaceIn.root,/home/ltf/project/github/PCT/data/simulation_data/results0717_s3_water_air_pilot/run_262/PhaseSpaceOut.root
100059,100059,0,90934,90934,0,87860,12199,87847,87847,0,0,263,87860,13,/home/ltf/project/github/PCT/data/simulation_data/results0717_s3_water_air_pilot/run_263/PhaseSpaceIn.root,/home/ltf/project/github/PCT/data/simulation_data/results0717_s3_water_air_pilot/run_263/PhaseSpaceOut.root
100128,100128,0,91095,91095,0,87976,12152,87966,87966,0,0,264,87976,10,/home/ltf/project/github/PCT/data/simulation_data/results0717_s3_water_air_pilot/run_264/PhaseSpaceIn.root,/home/ltf/project/github/PCT/data/simulation_data/results0717_s3_water_air_pilot/run_264/PhaseSpaceOut.root
100256,100256,0,91224,91224,0,88010,12246,87999,87999,0,0,265,88010,11,/home/ltf/project/github/PCT/data/simulation_data/results0717_s3_water_air_pilot/run_265/PhaseSpaceIn.root,/home/ltf/project/github/PCT/data/simulation_data/results0717_s3_water_air_pilot/run_265/PhaseSpaceOut.root
99898,99898,0,90826,90826,0,87828,12070,87816,87816,0,0,266,87828,12,/home/ltf/project/github/PCT/data/simulation_data/results0717_s3_water_air_pilot/run_266/PhaseSpaceIn.root,/home/ltf/project/github/PCT/data/simulation_data/results0717_s3_water_air_pilot/run_266/PhaseSpaceOut.root
99648,99648,0,90537,90537,0,87431,12217,87422,87422,0,0,267,87431,9,/home/ltf/project/github/PCT/data/simulation_data/results0717_s3_water_air_pilot/run_267/PhaseSpaceIn.root,/home/ltf/project/github/PCT/data/simulation_data/results0717_s3_water_air_pilot/run_267/PhaseSpaceOut.root
99743,99743,0,90695,90695,0,87602,12141,87584,87584,0,0,268,87602,18,/home/ltf/project/github/PCT/data/simulation_data/results0717_s3_water_air_pilot/run_268/PhaseSpaceIn.root,/home/ltf/project/github/PCT/data/simulation_data/results0717_s3_water_air_pilot/run_268/PhaseSpaceOut.root
99495,99495,0,90469,90469,0,87426,12069,87411,87411,0,0,269,87426,15,/home/ltf/project/github/PCT/data/simulation_data/results0717_s3_water_air_pilot/run_269/PhaseSpaceIn.root,/home/ltf/project/github/PCT/data/simulation_data/results0717_s3_water_air_pilot/run_269/PhaseSpaceOut.root
100263,100263,0,91129,91129,0,87995,12268,87984,87984,0,0,270,87995,11,/home/ltf/project/github/PCT/data/simulation_data/results0717_s3_water_air_pilot/run_270/PhaseSpaceIn.root,/home/ltf/project/github/PCT/data/simulation_data/results0717_s3_water_air_pilot/run_270/PhaseSpaceOut.root
100084,100084,0,91020,91020,0,87870,12214,87857,87857,0,0,271,87870,13,/home/ltf/project/github/PCT/data/simulation_data/results0717_s3_water_air_pilot/run_271/PhaseSpaceIn.root,/home/ltf/project/github/PCT/data/simulation_data/results0717_s3_water_air_pilot/run_271/PhaseSpaceOut.root
99984,99983,1,90945,90945,0,87781,12202,87765,87765,0,0,272,87781,16,/home/ltf/project/github/PCT/data/simulation_data/results0717_s3_water_air_pilot/run_272/PhaseSpaceIn.root,/home/ltf/project/github/PCT/data/simulation_data/results0717_s3_water_air_pilot/run_272/PhaseSpaceOut.root
99830,99830,0,90781,90781,0,87674,12156,87659,87659,0,0,273,87674,15,/home/ltf/project/github/PCT/data/simulation_data/results0717_s3_water_air_pilot/run_273/PhaseSpaceIn.root,/home/ltf/project/github/PCT/data/simulation_data/results0717_s3_water_air_pilot/run_273/PhaseSpaceOut.root
99591,99591,0,90642,90642,0,87471,12120,87460,87460,0,0,274,87471,11,/home/ltf/project/github/PCT/data/simulation_data/results0717_s3_water_air_pilot/run_274/PhaseSpaceIn.root,/home/ltf/project/github/PCT/data/simulation_data/results0717_s3_water_air_pilot/run_274/PhaseSpaceOut.root
99728,99728,0,90572,90572,0,87427,12301,87423,87423,0,0,275,87427,4,/home/ltf/project/github/PCT/data/simulation_data/results0717_s3_water_air_pilot/run_275/PhaseSpaceIn.root,/home/ltf/project/github/PCT/data/simulation_data/results0717_s3_water_air_pilot/run_275/PhaseSpaceOut.root
100438,100438,0,91290,91290,0,88121,12317,88105,88105,0,0,276,88121,16,/home/ltf/project/github/PCT/data/simulation_data/results0717_s3_water_air_pilot/run_276/PhaseSpaceIn.root,/home/ltf/project/github/PCT/data/simulation_data/results0717_s3_water_air_pilot/run_276/PhaseSpaceOut.root
100006,100006,0,90930,90930,0,87747,12259,87733,87733,0,0,277,87747,14,/home/ltf/project/github/PCT/data/simulation_data/results0717_s3_water_air_pilot/run_277/PhaseSpaceIn.root,/home/ltf/project/github/PCT/data/simulation_data/results0717_s3_water_air_pilot/run_277/PhaseSpaceOut.root
99756,99756,0,90770,90770,0,87680,12076,87667,87667,0,0,278,87680,13,/home/ltf/project/github/PCT/data/simulation_data/results0717_s3_water_air_pilot/run_278/PhaseSpaceIn.root,/home/ltf/project/github/PCT/data/simulation_data/results0717_s3_water_air_pilot/run_278/PhaseSpaceOut.root
99704,99704,0,90500,90500,0,87366,12338,87353,87353,0,0,279,87366,13,/home/ltf/project/github/PCT/data/simulation_data/results0717_s3_water_air_pilot/run_279/PhaseSpaceIn.root,/home/ltf/project/github/PCT/data/simulation_data/results0717_s3_water_air_pilot/run_279/PhaseSpaceOut.root
99822,99822,0,90748,90748,0,87633,12189,87621,87621,0,0,280,87633,12,/home/ltf/project/github/PCT/data/simulation_data/results0717_s3_water_air_pilot/run_280/PhaseSpaceIn.root,/home/ltf/project/github/PCT/data/simulation_data/results0717_s3_water_air_pilot/run_280/PhaseSpaceOut.root
100002,100002,0,90889,90889,0,87748,12254,87729,87729,0,0,281,87748,19,/home/ltf/project/github/PCT/data/simulation_data/results0717_s3_water_air_pilot/run_281/PhaseSpaceIn.root,/home/ltf/project/github/PCT/data/simulation_data/results0717_s3_water_air_pilot/run_281/PhaseSpaceOut.root
99754,99754,0,90740,90740,0,87672,12082,87656,87656,0,0,282,87672,16,/home/ltf/project/github/PCT/data/simulation_data/results0717_s3_water_air_pilot/run_282/PhaseSpaceIn.root,/home/ltf/project/github/PCT/data/simulation_data/results0717_s3_water_air_pilot/run_282/PhaseSpaceOut.root
100171,100171,0,90932,90932,0,87832,12339,87821,87821,0,0,283,87832,11,/home/ltf/project/github/PCT/data/simulation_data/results0717_s3_water_air_pilot/run_283/PhaseSpaceIn.root,/home/ltf/project/github/PCT/data/simulation_data/results0717_s3_water_air_pilot/run_283/PhaseSpaceOut.root
100296,100296,0,91207,91207,0,88118,12178,88105,88105,0,0,284,88118,13,/home/ltf/project/github/PCT/data/simulation_data/results0717_s3_water_air_pilot/run_284/PhaseSpaceIn.root,/home/ltf/project/github/PCT/data/simulation_data/results0717_s3_water_air_pilot/run_284/PhaseSpaceOut.root
100611,100611,0,91338,91338,0,88257,12354,88251,88251,0,0,285,88257,6,/home/ltf/project/github/PCT/data/simulation_data/results0717_s3_water_air_pilot/run_285/PhaseSpaceIn.root,/home/ltf/project/github/PCT/data/simulation_data/results0717_s3_water_air_pilot/run_285/PhaseSpaceOut.root
99692,99692,0,90566,90566,0,87427,12265,87414,87414,0,0,286,87427,13,/home/ltf/project/github/PCT/data/simulation_data/results0717_s3_water_air_pilot/run_286/PhaseSpaceIn.root,/home/ltf/project/github/PCT/data/simulation_data/results0717_s3_water_air_pilot/run_286/PhaseSpaceOut.root
100063,100063,0,90695,90695,0,87666,12397,87649,87649,0,0,287,87666,17,/home/ltf/project/github/PCT/data/simulation_data/results0717_s3_water_air_pilot/run_287/PhaseSpaceIn.root,/home/ltf/project/github/PCT/data/simulation_data/results0717_s3_water_air_pilot/run_287/PhaseSpaceOut.root
100117,100117,0,90979,90979,0,87837,12280,87827,87827,0,0,288,87837,10,/home/ltf/project/github/PCT/data/simulation_data/results0717_s3_water_air_pilot/run_288/PhaseSpaceIn.root,/home/ltf/project/github/PCT/data/simulation_data/results0717_s3_water_air_pilot/run_288/PhaseSpaceOut.root
99709,99709,0,90554,90554,0,87432,12277,87427,87427,0,0,289,87432,5,/home/ltf/project/github/PCT/data/simulation_data/results0717_s3_water_air_pilot/run_289/PhaseSpaceIn.root,/home/ltf/project/github/PCT/data/simulation_data/results0717_s3_water_air_pilot/run_289/PhaseSpaceOut.root
100211,100211,0,91145,91145,0,88050,12161,88040,88040,0,0,290,88050,10,/home/ltf/project/github/PCT/data/simulation_data/results0717_s3_water_air_pilot/run_290/PhaseSpaceIn.root,/home/ltf/project/github/PCT/data/simulation_data/results0717_s3_water_air_pilot/run_290/PhaseSpaceOut.root
99989,99989,0,90862,90862,0,87707,12282,87697,87697,0,0,291,87707,10,/home/ltf/project/github/PCT/data/simulation_data/results0717_s3_water_air_pilot/run_291/PhaseSpaceIn.root,/home/ltf/project/github/PCT/data/simulation_data/results0717_s3_water_air_pilot/run_291/PhaseSpaceOut.root
100064,100064,0,90800,90800,0,87764,12300,87748,87748,0,0,292,87764,16,/home/ltf/project/github/PCT/data/simulation_data/results0717_s3_water_air_pilot/run_292/PhaseSpaceIn.root,/home/ltf/project/github/PCT/data/simulation_data/results0717_s3_water_air_pilot/run_292/PhaseSpaceOut.root
100411,100411,0,91337,91337,0,88176,12235,88165,88165,0,0,293,88176,11,/home/ltf/project/github/PCT/data/simulation_data/results0717_s3_water_air_pilot/run_293/PhaseSpaceIn.root,/home/ltf/project/github/PCT/data/simulation_data/results0717_s3_water_air_pilot/run_293/PhaseSpaceOut.root
100132,100132,0,91048,91048,0,87966,12166,87952,87952,0,0,294,87966,14,/home/ltf/project/github/PCT/data/simulation_data/results0717_s3_water_air_pilot/run_294/PhaseSpaceIn.root,/home/ltf/project/github/PCT/data/simulation_data/results0717_s3_water_air_pilot/run_294/PhaseSpaceOut.root
99326,99326,0,90364,90364,0,87227,12099,87223,87223,0,0,295,87227,4,/home/ltf/project/github/PCT/data/simulation_data/results0717_s3_water_air_pilot/run_295/PhaseSpaceIn.root,/home/ltf/project/github/PCT/data/simulation_data/results0717_s3_water_air_pilot/run_295/PhaseSpaceOut.root
100128,100128,0,91124,91124,0,87953,12175,87939,87939,0,0,296,87953,14,/home/ltf/project/github/PCT/data/simulation_data/results0717_s3_water_air_pilot/run_296/PhaseSpaceIn.root,/home/ltf/project/github/PCT/data/simulation_data/results0717_s3_water_air_pilot/run_296/PhaseSpaceOut.root
100490,100490,0,91294,91294,0,88160,12330,88146,88146,0,0,297,88160,14,/home/ltf/project/github/PCT/data/simulation_data/results0717_s3_water_air_pilot/run_297/PhaseSpaceIn.root,/home/ltf/project/github/PCT/data/simulation_data/results0717_s3_water_air_pilot/run_297/PhaseSpaceOut.root
100366,100366,0,91118,91118,0,87941,12425,87928,87928,0,0,298,87941,13,/home/ltf/project/github/PCT/data/simulation_data/results0717_s3_water_air_pilot/run_298/PhaseSpaceIn.root,/home/ltf/project/github/PCT/data/simulation_data/results0717_s3_water_air_pilot/run_298/PhaseSpaceOut.root
99662,99662,0,90641,90641,0,87688,11974,87671,87671,0,0,299,87688,17,/home/ltf/project/github/PCT/data/simulation_data/results0717_s3_water_air_pilot/run_299/PhaseSpaceIn.root,/home/ltf/project/github/PCT/data/simulation_data/results0717_s3_water_air_pilot/run_299/PhaseSpaceOut.root
100846,100846,0,91670,91670,0,88618,12228,88603,88603,0,0,300,88618,15,/home/ltf/project/github/PCT/data/simulation_data/results0717_s3_water_air_pilot/run_300/PhaseSpaceIn.root,/home/ltf/project/github/PCT/data/simulation_data/results0717_s3_water_air_pilot/run_300/PhaseSpaceOut.root
99609,99609,0,90635,90635,0,87533,12076,87520,87520,0,0,301,87533,13,/home/ltf/project/github/PCT/data/simulation_data/results0717_s3_water_air_pilot/run_301/PhaseSpaceIn.root,/home/ltf/project/github/PCT/data/simulation_data/results0717_s3_water_air_pilot/run_301/PhaseSpaceOut.root
99602,99602,0,90511,90511,0,87326,12276,87312,87312,0,0,302,87326,14,/home/ltf/project/github/PCT/data/simulation_data/results0717_s3_water_air_pilot/run_302/PhaseSpaceIn.root,/home/ltf/project/github/PCT/data/simulation_data/results0717_s3_water_air_pilot/run_302/PhaseSpaceOut.root
99863,99863,0,90881,90881,0,87730,12133,87714,87714,0,0,303,87730,16,/home/ltf/project/github/PCT/data/simulation_data/results0717_s3_water_air_pilot/run_303/PhaseSpaceIn.root,/home/ltf/project/github/PCT/data/simulation_data/results0717_s3_water_air_pilot/run_303/PhaseSpaceOut.root
99864,99864,0,90974,90974,0,87877,11987,87869,87869,0,0,304,87877,8,/home/ltf/project/github/PCT/data/simulation_data/results0717_s3_water_air_pilot/run_304/PhaseSpaceIn.root,/home/ltf/project/github/PCT/data/simulation_data/results0717_s3_water_air_pilot/run_304/PhaseSpaceOut.root
99761,99761,0,90692,90692,0,87635,12126,87621,87621,0,0,305,87635,14,/home/ltf/project/github/PCT/data/simulation_data/results0717_s3_water_air_pilot/run_305/PhaseSpaceIn.root,/home/ltf/project/github/PCT/data/simulation_data/results0717_s3_water_air_pilot/run_305/PhaseSpaceOut.root
99610,99609,1,90544,90544,0,87333,12276,87326,87326,0,0,306,87333,7,/home/ltf/project/github/PCT/data/simulation_data/results0717_s3_water_air_pilot/run_306/PhaseSpaceIn.root,/home/ltf/project/github/PCT/data/simulation_data/results0717_s3_water_air_pilot/run_306/PhaseSpaceOut.root
100238,100237,1,91069,91069,0,87988,12249,87977,87977,0,0,307,87988,11,/home/ltf/project/github/PCT/data/simulation_data/results0717_s3_water_air_pilot/run_307/PhaseSpaceIn.root,/home/ltf/project/github/PCT/data/simulation_data/results0717_s3_water_air_pilot/run_307/PhaseSpaceOut.root
99875,99875,0,90937,90937,0,87879,11996,87863,87863,0,0,308,87879,16,/home/ltf/project/github/PCT/data/simulation_data/results0717_s3_water_air_pilot/run_308/PhaseSpaceIn.root,/home/ltf/project/github/PCT/data/simulation_data/results0717_s3_water_air_pilot/run_308/PhaseSpaceOut.root
100567,100567,0,91369,91369,0,88237,12330,88223,88223,0,0,309,88237,14,/home/ltf/project/github/PCT/data/simulation_data/results0717_s3_water_air_pilot/run_309/PhaseSpaceIn.root,/home/ltf/project/github/PCT/data/simulation_data/results0717_s3_water_air_pilot/run_309/PhaseSpaceOut.root
100375,100375,0,91323,91323,0,88198,12177,88188,88188,0,0,310,88198,10,/home/ltf/project/github/PCT/data/simulation_data/results0717_s3_water_air_pilot/run_310/PhaseSpaceIn.root,/home/ltf/project/github/PCT/data/simulation_data/results0717_s3_water_air_pilot/run_310/PhaseSpaceOut.root
99910,99910,0,90935,90935,0,87772,12138,87757,87757,0,0,311,87772,15,/home/ltf/project/github/PCT/data/simulation_data/results0717_s3_water_air_pilot/run_311/PhaseSpaceIn.root,/home/ltf/project/github/PCT/data/simulation_data/results0717_s3_water_air_pilot/run_311/PhaseSpaceOut.root
100302,100302,0,91242,91242,0,88067,12235,88051,88051,0,0,312,88067,16,/home/ltf/project/github/PCT/data/simulation_data/results0717_s3_water_air_pilot/run_312/PhaseSpaceIn.root,/home/ltf/project/github/PCT/data/simulation_data/results0717_s3_water_air_pilot/run_312/PhaseSpaceOut.root
99352,99352,0,90420,90420,0,87427,11925,87413,87413,0,0,313,87427,14,/home/ltf/project/github/PCT/data/simulation_data/results0717_s3_water_air_pilot/run_313/PhaseSpaceIn.root,/home/ltf/project/github/PCT/data/simulation_data/results0717_s3_water_air_pilot/run_313/PhaseSpaceOut.root
100182,100182,0,91156,91156,0,88003,12179,87988,87988,0,0,314,88003,15,/home/ltf/project/github/PCT/data/simulation_data/results0717_s3_water_air_pilot/run_314/PhaseSpaceIn.root,/home/ltf/project/github/PCT/data/simulation_data/results0717_s3_water_air_pilot/run_314/PhaseSpaceOut.root
100270,100270,0,91067,91067,0,87965,12305,87958,87958,0,0,315,87965,7,/home/ltf/project/github/PCT/data/simulation_data/results0717_s3_water_air_pilot/run_315/PhaseSpaceIn.root,/home/ltf/project/github/PCT/data/simulation_data/results0717_s3_water_air_pilot/run_315/PhaseSpaceOut.root
100193,100193,0,91212,91212,0,88036,12157,88023,88023,0,0,316,88036,13,/home/ltf/project/github/PCT/data/simulation_data/results0717_s3_water_air_pilot/run_316/PhaseSpaceIn.root,/home/ltf/project/github/PCT/data/simulation_data/results0717_s3_water_air_pilot/run_316/PhaseSpaceOut.root
100069,100069,0,90834,90834,0,87689,12380,87680,87680,0,0,317,87689,9,/home/ltf/project/github/PCT/data/simulation_data/results0717_s3_water_air_pilot/run_317/PhaseSpaceIn.root,/home/ltf/project/github/PCT/data/simulation_data/results0717_s3_water_air_pilot/run_317/PhaseSpaceOut.root
100318,100318,0,91361,91361,0,88203,12115,88192,88192,0,0,318,88203,11,/home/ltf/project/github/PCT/data/simulation_data/results0717_s3_water_air_pilot/run_318/PhaseSpaceIn.root,/home/ltf/project/github/PCT/data/simulation_data/results0717_s3_water_air_pilot/run_318/PhaseSpaceOut.root
99667,99667,0,90431,90430,1,87392,12275,87384,87384,0,0,319,87392,8,/home/ltf/project/github/PCT/data/simulation_data/results0717_s3_water_air_pilot/run_319/PhaseSpaceIn.root,/home/ltf/project/github/PCT/data/simulation_data/results0717_s3_water_air_pilot/run_319/PhaseSpaceOut.root
100450,100450,0,91298,91298,0,88173,12277,88166,88166,0,0,320,88173,7,/home/ltf/project/github/PCT/data/simulation_data/results0717_s3_water_air_pilot/run_320/PhaseSpaceIn.root,/home/ltf/project/github/PCT/data/simulation_data/results0717_s3_water_air_pilot/run_320/PhaseSpaceOut.root
99865,99865,0,90679,90679,0,87619,12246,87605,87605,0,0,321,87619,14,/home/ltf/project/github/PCT/data/simulation_data/results0717_s3_water_air_pilot/run_321/PhaseSpaceIn.root,/home/ltf/project/github/PCT/data/simulation_data/results0717_s3_water_air_pilot/run_321/PhaseSpaceOut.root
99623,99623,0,90671,90671,0,87576,12047,87560,87560,0,0,322,87576,16,/home/ltf/project/github/PCT/data/simulation_data/results0717_s3_water_air_pilot/run_322/PhaseSpaceIn.root,/home/ltf/project/github/PCT/data/simulation_data/results0717_s3_water_air_pilot/run_322/PhaseSpaceOut.root
100041,100041,0,90769,90769,0,87630,12411,87621,87621,0,0,323,87630,9,/home/ltf/project/github/PCT/data/simulation_data/results0717_s3_water_air_pilot/run_323/PhaseSpaceIn.root,/home/ltf/project/github/PCT/data/simulation_data/results0717_s3_water_air_pilot/run_323/PhaseSpaceOut.root
99672,99672,0,90465,90465,0,87411,12261,87401,87401,0,0,324,87411,10,/home/ltf/project/github/PCT/data/simulation_data/results0717_s3_water_air_pilot/run_324/PhaseSpaceIn.root,/home/ltf/project/github/PCT/data/simulation_data/results0717_s3_water_air_pilot/run_324/PhaseSpaceOut.root
99955,99955,0,91000,91000,0,87913,12042,87901,87901,0,0,325,87913,12,/home/ltf/project/github/PCT/data/simulation_data/results0717_s3_water_air_pilot/run_325/PhaseSpaceIn.root,/home/ltf/project/github/PCT/data/simulation_data/results0717_s3_water_air_pilot/run_325/PhaseSpaceOut.root
99790,99790,0,90722,90722,0,87651,12139,87642,87642,0,0,326,87651,9,/home/ltf/project/github/PCT/data/simulation_data/results0717_s3_water_air_pilot/run_326/PhaseSpaceIn.root,/home/ltf/project/github/PCT/data/simulation_data/results0717_s3_water_air_pilot/run_326/PhaseSpaceOut.root
99116,99116,0,90417,90417,0,87329,11787,87318,87318,0,0,327,87329,11,/home/ltf/project/github/PCT/data/simulation_data/results0717_s3_water_air_pilot/run_327/PhaseSpaceIn.root,/home/ltf/project/github/PCT/data/simulation_data/results0717_s3_water_air_pilot/run_327/PhaseSpaceOut.root
100066,100066,0,90953,90953,0,87795,12271,87785,87785,0,0,328,87795,10,/home/ltf/project/github/PCT/data/simulation_data/results0717_s3_water_air_pilot/run_328/PhaseSpaceIn.root,/home/ltf/project/github/PCT/data/simulation_data/results0717_s3_water_air_pilot/run_328/PhaseSpaceOut.root
100008,100008,0,90886,90886,0,87809,12199,87796,87796,0,0,329,87809,13,/home/ltf/project/github/PCT/data/simulation_data/results0717_s3_water_air_pilot/run_329/PhaseSpaceIn.root,/home/ltf/project/github/PCT/data/simulation_data/results0717_s3_water_air_pilot/run_329/PhaseSpaceOut.root
99877,99877,0,90850,90850,0,87711,12166,87687,87687,0,0,330,87711,24,/home/ltf/project/github/PCT/data/simulation_data/results0717_s3_water_air_pilot/run_330/PhaseSpaceIn.root,/home/ltf/project/github/PCT/data/simulation_data/results0717_s3_water_air_pilot/run_330/PhaseSpaceOut.root
100012,100012,0,90864,90864,0,87764,12248,87751,87751,0,0,331,87764,13,/home/ltf/project/github/PCT/data/simulation_data/results0717_s3_water_air_pilot/run_331/PhaseSpaceIn.root,/home/ltf/project/github/PCT/data/simulation_data/results0717_s3_water_air_pilot/run_331/PhaseSpaceOut.root
100091,100091,0,90850,90850,0,87659,12432,87648,87648,0,0,332,87659,11,/home/ltf/project/github/PCT/data/simulation_data/results0717_s3_water_air_pilot/run_332/PhaseSpaceIn.root,/home/ltf/project/github/PCT/data/simulation_data/results0717_s3_water_air_pilot/run_332/PhaseSpaceOut.root
100319,100319,0,91306,91306,0,88245,12074,88237,88237,0,0,333,88245,8,/home/ltf/project/github/PCT/data/simulation_data/results0717_s3_water_air_pilot/run_333/PhaseSpaceIn.root,/home/ltf/project/github/PCT/data/simulation_data/results0717_s3_water_air_pilot/run_333/PhaseSpaceOut.root
99306,99306,0,90313,90313,0,87233,12073,87218,87218,0,0,334,87233,15,/home/ltf/project/github/PCT/data/simulation_data/results0717_s3_water_air_pilot/run_334/PhaseSpaceIn.root,/home/ltf/project/github/PCT/data/simulation_data/results0717_s3_water_air_pilot/run_334/PhaseSpaceOut.root
100126,100126,0,90828,90828,0,87711,12415,87703,87703,0,0,335,87711,8,/home/ltf/project/github/PCT/data/simulation_data/results0717_s3_water_air_pilot/run_335/PhaseSpaceIn.root,/home/ltf/project/github/PCT/data/simulation_data/results0717_s3_water_air_pilot/run_335/PhaseSpaceOut.root
100266,100266,0,91113,91113,0,88042,12224,88028,88028,0,0,336,88042,14,/home/ltf/project/github/PCT/data/simulation_data/results0717_s3_water_air_pilot/run_336/PhaseSpaceIn.root,/home/ltf/project/github/PCT/data/simulation_data/results0717_s3_water_air_pilot/run_336/PhaseSpaceOut.root
99825,99825,0,90739,90739,0,87598,12227,87587,87587,0,0,337,87598,11,/home/ltf/project/github/PCT/data/simulation_data/results0717_s3_water_air_pilot/run_337/PhaseSpaceIn.root,/home/ltf/project/github/PCT/data/simulation_data/results0717_s3_water_air_pilot/run_337/PhaseSpaceOut.root
99701,99701,0,90620,90620,0,87568,12133,87558,87558,0,0,338,87568,10,/home/ltf/project/github/PCT/data/simulation_data/results0717_s3_water_air_pilot/run_338/PhaseSpaceIn.root,/home/ltf/project/github/PCT/data/simulation_data/results0717_s3_water_air_pilot/run_338/PhaseSpaceOut.root
99966,99966,0,90802,90802,0,87620,12346,87607,87607,0,0,339,87620,13,/home/ltf/project/github/PCT/data/simulation_data/results0717_s3_water_air_pilot/run_339/PhaseSpaceIn.root,/home/ltf/project/github/PCT/data/simulation_data/results0717_s3_water_air_pilot/run_339/PhaseSpaceOut.root
100245,100245,0,91308,91308,0,88133,12112,88122,88122,0,0,340,88133,11,/home/ltf/project/github/PCT/data/simulation_data/results0717_s3_water_air_pilot/run_340/PhaseSpaceIn.root,/home/ltf/project/github/PCT/data/simulation_data/results0717_s3_water_air_pilot/run_340/PhaseSpaceOut.root
100101,100101,0,90929,90929,0,87816,12285,87806,87806,0,0,341,87816,10,/home/ltf/project/github/PCT/data/simulation_data/results0717_s3_water_air_pilot/run_341/PhaseSpaceIn.root,/home/ltf/project/github/PCT/data/simulation_data/results0717_s3_water_air_pilot/run_341/PhaseSpaceOut.root
100603,100603,0,91578,91578,0,88429,12174,88425,88425,0,0,342,88429,4,/home/ltf/project/github/PCT/data/simulation_data/results0717_s3_water_air_pilot/run_342/PhaseSpaceIn.root,/home/ltf/project/github/PCT/data/simulation_data/results0717_s3_water_air_pilot/run_342/PhaseSpaceOut.root
100326,100326,0,91280,91280,0,88093,12233,88069,88069,0,0,343,88093,24,/home/ltf/project/github/PCT/data/simulation_data/results0717_s3_water_air_pilot/run_343/PhaseSpaceIn.root,/home/ltf/project/github/PCT/data/simulation_data/results0717_s3_water_air_pilot/run_343/PhaseSpaceOut.root
99934,99934,0,90775,90775,0,87567,12367,87559,87559,0,0,344,87567,8,/home/ltf/project/github/PCT/data/simulation_data/results0717_s3_water_air_pilot/run_344/PhaseSpaceIn.root,/home/ltf/project/github/PCT/data/simulation_data/results0717_s3_water_air_pilot/run_344/PhaseSpaceOut.root
100042,100042,0,90973,90973,0,87820,12222,87807,87807,0,0,345,87820,13,/home/ltf/project/github/PCT/data/simulation_data/results0717_s3_water_air_pilot/run_345/PhaseSpaceIn.root,/home/ltf/project/github/PCT/data/simulation_data/results0717_s3_water_air_pilot/run_345/PhaseSpaceOut.root
100032,100032,0,90867,90867,0,87786,12246,87777,87777,0,0,346,87786,9,/home/ltf/project/github/PCT/data/simulation_data/results0717_s3_water_air_pilot/run_346/PhaseSpaceIn.root,/home/ltf/project/github/PCT/data/simulation_data/results0717_s3_water_air_pilot/run_346/PhaseSpaceOut.root
99914,99914,0,90772,90772,0,87660,12254,87644,87644,0,0,347,87660,16,/home/ltf/project/github/PCT/data/simulation_data/results0717_s3_water_air_pilot/run_347/PhaseSpaceIn.root,/home/ltf/project/github/PCT/data/simulation_data/results0717_s3_water_air_pilot/run_347/PhaseSpaceOut.root
100131,100131,0,90960,90960,0,87865,12266,87858,87858,0,0,348,87865,7,/home/ltf/project/github/PCT/data/simulation_data/results0717_s3_water_air_pilot/run_348/PhaseSpaceIn.root,/home/ltf/project/github/PCT/data/simulation_data/results0717_s3_water_air_pilot/run_348/PhaseSpaceOut.root
100284,100284,0,91004,91004,0,87851,12433,87835,87835,0,0,349,87851,16,/home/ltf/project/github/PCT/data/simulation_data/results0717_s3_water_air_pilot/run_349/PhaseSpaceIn.root,/home/ltf/project/github/PCT/data/simulation_data/results0717_s3_water_air_pilot/run_349/PhaseSpaceOut.root
99906,99906,0,90769,90769,0,87745,12161,87728,87728,0,0,350,87745,17,/home/ltf/project/github/PCT/data/simulation_data/results0717_s3_water_air_pilot/run_350/PhaseSpaceIn.root,/home/ltf/project/github/PCT/data/simulation_data/results0717_s3_water_air_pilot/run_350/PhaseSpaceOut.root
100115,100115,0,91227,91227,0,88069,12046,88048,88048,0,0,351,88069,21,/home/ltf/project/github/PCT/data/simulation_data/results0717_s3_water_air_pilot/run_351/PhaseSpaceIn.root,/home/ltf/project/github/PCT/data/simulation_data/results0717_s3_water_air_pilot/run_351/PhaseSpaceOut.root
100062,100062,0,91034,91034,0,87856,12206,87849,87849,0,0,352,87856,7,/home/ltf/project/github/PCT/data/simulation_data/results0717_s3_water_air_pilot/run_352/PhaseSpaceIn.root,/home/ltf/project/github/PCT/data/simulation_data/results0717_s3_water_air_pilot/run_352/PhaseSpaceOut.root
100034,100034,0,90931,90931,0,87856,12178,87846,87846,0,0,353,87856,10,/home/ltf/project/github/PCT/data/simulation_data/results0717_s3_water_air_pilot/run_353/PhaseSpaceIn.root,/home/ltf/project/github/PCT/data/simulation_data/results0717_s3_water_air_pilot/run_353/PhaseSpaceOut.root
99715,99715,0,90662,90662,0,87542,12173,87525,87525,0,0,354,87542,17,/home/ltf/project/github/PCT/data/simulation_data/results0717_s3_water_air_pilot/run_354/PhaseSpaceIn.root,/home/ltf/project/github/PCT/data/simulation_data/results0717_s3_water_air_pilot/run_354/PhaseSpaceOut.root
100533,100533,0,91493,91493,0,88322,12211,88300,88300,0,0,355,88322,22,/home/ltf/project/github/PCT/data/simulation_data/results0717_s3_water_air_pilot/run_355/PhaseSpaceIn.root,/home/ltf/project/github/PCT/data/simulation_data/results0717_s3_water_air_pilot/run_355/PhaseSpaceOut.root
100470,100470,0,91290,91289,1,88116,12354,88099,88099,0,0,356,88116,17,/home/ltf/project/github/PCT/data/simulation_data/results0717_s3_water_air_pilot/run_356/PhaseSpaceIn.root,/home/ltf/project/github/PCT/data/simulation_data/results0717_s3_water_air_pilot/run_356/PhaseSpaceOut.root
100207,100207,0,91156,91156,0,87998,12209,87987,87987,0,0,357,87998,11,/home/ltf/project/github/PCT/data/simulation_data/results0717_s3_water_air_pilot/run_357/PhaseSpaceIn.root,/home/ltf/project/github/PCT/data/simulation_data/results0717_s3_water_air_pilot/run_357/PhaseSpaceOut.root
100313,100313,0,91405,91405,0,88175,12138,88162,88162,0,0,358,88175,13,/home/ltf/project/github/PCT/data/simulation_data/results0717_s3_water_air_pilot/run_358/PhaseSpaceIn.root,/home/ltf/project/github/PCT/data/simulation_data/results0717_s3_water_air_pilot/run_358/PhaseSpaceOut.root
100285,100285,0,91176,91176,0,87965,12320,87954,87954,0,0,359,87965,11,/home/ltf/project/github/PCT/data/simulation_data/results0717_s3_water_air_pilot/run_359/PhaseSpaceIn.root,/home/ltf/project/github/PCT/data/simulation_data/results0717_s3_water_air_pilot/run_359/PhaseSpaceOut.root
99985,99985,0,90725,90725,0,87666,12319,87650,87650,0,0,360,87666,16,/home/ltf/project/github/PCT/data/simulation_data/results0717_s3_water_air_pilot/run_360/PhaseSpaceIn.root,/home/ltf/project/github/PCT/data/simulation_data/results0717_s3_water_air_pilot/run_360/PhaseSpaceOut.root
100424,100424,0,91248,91248,0,88132,12292,88118,88118,0,0,361,88132,14,/home/ltf/project/github/PCT/data/simulation_data/results0717_s3_water_air_pilot/run_361/PhaseSpaceIn.root,/home/ltf/project/github/PCT/data/simulation_data/results0717_s3_water_air_pilot/run_361/PhaseSpaceOut.root
100081,100081,0,91164,91163,1,87959,12122,87950,87950,0,0,362,87959,9,/home/ltf/project/github/PCT/data/simulation_data/results0717_s3_water_air_pilot/run_362/PhaseSpaceIn.root,/home/ltf/project/github/PCT/data/simulation_data/results0717_s3_water_air_pilot/run_362/PhaseSpaceOut.root
100466,100466,0,91269,91269,0,88127,12339,88116,88116,0,0,363,88127,11,/home/ltf/project/github/PCT/data/simulation_data/results0717_s3_water_air_pilot/run_363/PhaseSpaceIn.root,/home/ltf/project/github/PCT/data/simulation_data/results0717_s3_water_air_pilot/run_363/PhaseSpaceOut.root
100017,100017,0,90941,90941,0,87897,12120,87892,87892,0,0,364,87897,5,/home/ltf/project/github/PCT/data/simulation_data/results0717_s3_water_air_pilot/run_364/PhaseSpaceIn.root,/home/ltf/project/github/PCT/data/simulation_data/results0717_s3_water_air_pilot/run_364/PhaseSpaceOut.root
100644,100644,0,91619,91619,0,88461,12183,88451,88451,0,0,365,88461,10,/home/ltf/project/github/PCT/data/simulation_data/results0717_s3_water_air_pilot/run_365/PhaseSpaceIn.root,/home/ltf/project/github/PCT/data/simulation_data/results0717_s3_water_air_pilot/run_365/PhaseSpaceOut.root
100011,100011,0,90920,90920,0,87897,12114,87884,87884,0,0,366,87897,13,/home/ltf/project/github/PCT/data/simulation_data/results0717_s3_water_air_pilot/run_366/PhaseSpaceIn.root,/home/ltf/project/github/PCT/data/simulation_data/results0717_s3_water_air_pilot/run_366/PhaseSpaceOut.root
99767,99767,0,90745,90745,0,87647,12120,87634,87634,0,0,367,87647,13,/home/ltf/project/github/PCT/data/simulation_data/results0717_s3_water_air_pilot/run_367/PhaseSpaceIn.root,/home/ltf/project/github/PCT/data/simulation_data/results0717_s3_water_air_pilot/run_367/PhaseSpaceOut.root
99855,99855,0,90897,90897,0,87704,12151,87686,87686,0,0,368,87704,18,/home/ltf/project/github/PCT/data/simulation_data/results0717_s3_water_air_pilot/run_368/PhaseSpaceIn.root,/home/ltf/project/github/PCT/data/simulation_data/results0717_s3_water_air_pilot/run_368/PhaseSpaceOut.root
100244,100244,0,91114,91113,1,88001,12243,87996,87996,0,0,369,88001,5,/home/ltf/project/github/PCT/data/simulation_data/results0717_s3_water_air_pilot/run_369/PhaseSpaceIn.root,/home/ltf/project/github/PCT/data/simulation_data/results0717_s3_water_air_pilot/run_369/PhaseSpaceOut.root
100107,100107,0,91023,91023,0,87853,12254,87837,87837,0,0,370,87853,16,/home/ltf/project/github/PCT/data/simulation_data/results0717_s3_water_air_pilot/run_370/PhaseSpaceIn.root,/home/ltf/project/github/PCT/data/simulation_data/results0717_s3_water_air_pilot/run_370/PhaseSpaceOut.root
99560,99560,0,90602,90602,0,87460,12100,87439,87439,0,0,371,87460,21,/home/ltf/project/github/PCT/data/simulation_data/results0717_s3_water_air_pilot/run_371/PhaseSpaceIn.root,/home/ltf/project/github/PCT/data/simulation_data/results0717_s3_water_air_pilot/run_371/PhaseSpaceOut.root
99989,99989,0,90933,90932,1,87784,12205,87770,87770,0,0,372,87784,14,/home/ltf/project/github/PCT/data/simulation_data/results0717_s3_water_air_pilot/run_372/PhaseSpaceIn.root,/home/ltf/project/github/PCT/data/simulation_data/results0717_s3_water_air_pilot/run_372/PhaseSpaceOut.root
100421,100421,0,91257,91257,0,88158,12263,88151,88151,0,0,373,88158,7,/home/ltf/project/github/PCT/data/simulation_data/results0717_s3_water_air_pilot/run_373/PhaseSpaceIn.root,/home/ltf/project/github/PCT/data/simulation_data/results0717_s3_water_air_pilot/run_373/PhaseSpaceOut.root
99955,99955,0,90844,90843,1,87703,12252,87692,87692,0,0,374,87703,11,/home/ltf/project/github/PCT/data/simulation_data/results0717_s3_water_air_pilot/run_374/PhaseSpaceIn.root,/home/ltf/project/github/PCT/data/simulation_data/results0717_s3_water_air_pilot/run_374/PhaseSpaceOut.root
100068,100068,0,90752,90752,0,87667,12401,87649,87649,0,0,375,87667,18,/home/ltf/project/github/PCT/data/simulation_data/results0717_s3_water_air_pilot/run_375/PhaseSpaceIn.root,/home/ltf/project/github/PCT/data/simulation_data/results0717_s3_water_air_pilot/run_375/PhaseSpaceOut.root
99867,99867,0,90695,90695,0,87589,12278,87579,87579,0,0,376,87589,10,/home/ltf/project/github/PCT/data/simulation_data/results0717_s3_water_air_pilot/run_376/PhaseSpaceIn.root,/home/ltf/project/github/PCT/data/simulation_data/results0717_s3_water_air_pilot/run_376/PhaseSpaceOut.root
99631,99631,0,90445,90445,0,87315,12316,87301,87301,0,0,377,87315,14,/home/ltf/project/github/PCT/data/simulation_data/results0717_s3_water_air_pilot/run_377/PhaseSpaceIn.root,/home/ltf/project/github/PCT/data/simulation_data/results0717_s3_water_air_pilot/run_377/PhaseSpaceOut.root
100003,100003,0,90871,90871,0,87677,12326,87661,87661,0,0,378,87677,16,/home/ltf/project/github/PCT/data/simulation_data/results0717_s3_water_air_pilot/run_378/PhaseSpaceIn.root,/home/ltf/project/github/PCT/data/simulation_data/results0717_s3_water_air_pilot/run_378/PhaseSpaceOut.root
100235,100235,0,91049,91049,0,87951,12284,87940,87940,0,0,379,87951,11,/home/ltf/project/github/PCT/data/simulation_data/results0717_s3_water_air_pilot/run_379/PhaseSpaceIn.root,/home/ltf/project/github/PCT/data/simulation_data/results0717_s3_water_air_pilot/run_379/PhaseSpaceOut.root
99927,99927,0,90748,90748,0,87712,12215,87703,87703,0,0,380,87712,9,/home/ltf/project/github/PCT/data/simulation_data/results0717_s3_water_air_pilot/run_380/PhaseSpaceIn.root,/home/ltf/project/github/PCT/data/simulation_data/results0717_s3_water_air_pilot/run_380/PhaseSpaceOut.root
99952,99952,0,90872,90871,1,87791,12161,87779,87779,0,0,381,87791,12,/home/ltf/project/github/PCT/data/simulation_data/results0717_s3_water_air_pilot/run_381/PhaseSpaceIn.root,/home/ltf/project/github/PCT/data/simulation_data/results0717_s3_water_air_pilot/run_381/PhaseSpaceOut.root
100127,100127,0,91031,91031,0,87930,12197,87922,87922,0,0,382,87930,8,/home/ltf/project/github/PCT/data/simulation_data/results0717_s3_water_air_pilot/run_382/PhaseSpaceIn.root,/home/ltf/project/github/PCT/data/simulation_data/results0717_s3_water_air_pilot/run_382/PhaseSpaceOut.root
100271,100271,0,91140,91140,0,88023,12248,88013,88013,0,0,383,88023,10,/home/ltf/project/github/PCT/data/simulation_data/results0717_s3_water_air_pilot/run_383/PhaseSpaceIn.root,/home/ltf/project/github/PCT/data/simulation_data/results0717_s3_water_air_pilot/run_383/PhaseSpaceOut.root
99800,99800,0,90669,90669,0,87607,12193,87592,87592,0,0,384,87607,15,/home/ltf/project/github/PCT/data/simulation_data/results0717_s3_water_air_pilot/run_384/PhaseSpaceIn.root,/home/ltf/project/github/PCT/data/simulation_data/results0717_s3_water_air_pilot/run_384/PhaseSpaceOut.root
100107,100107,0,90993,90993,0,87857,12250,87836,87836,0,0,385,87857,21,/home/ltf/project/github/PCT/data/simulation_data/results0717_s3_water_air_pilot/run_385/PhaseSpaceIn.root,/home/ltf/project/github/PCT/data/simulation_data/results0717_s3_water_air_pilot/run_385/PhaseSpaceOut.root
99523,99523,0,90576,90576,0,87465,12058,87451,87451,0,0,386,87465,14,/home/ltf/project/github/PCT/data/simulation_data/results0717_s3_water_air_pilot/run_386/PhaseSpaceIn.root,/home/ltf/project/github/PCT/data/simulation_data/results0717_s3_water_air_pilot/run_386/PhaseSpaceOut.root
99714,99714,0,90571,90571,0,87485,12229,87473,87473,0,0,387,87485,12,/home/ltf/project/github/PCT/data/simulation_data/results0717_s3_water_air_pilot/run_387/PhaseSpaceIn.root,/home/ltf/project/github/PCT/data/simulation_data/results0717_s3_water_air_pilot/run_387/PhaseSpaceOut.root
99991,99991,0,90984,90984,0,87838,12153,87825,87825,0,0,388,87838,13,/home/ltf/project/github/PCT/data/simulation_data/results0717_s3_water_air_pilot/run_388/PhaseSpaceIn.root,/home/ltf/project/github/PCT/data/simulation_data/results0717_s3_water_air_pilot/run_388/PhaseSpaceOut.root
99904,99904,0,90940,90940,0,87786,12118,87775,87775,0,0,389,87786,11,/home/ltf/project/github/PCT/data/simulation_data/results0717_s3_water_air_pilot/run_389/PhaseSpaceIn.root,/home/ltf/project/github/PCT/data/simulation_data/results0717_s3_water_air_pilot/run_389/PhaseSpaceOut.root
99283,99283,0,90474,90474,0,87345,11938,87331,87331,0,0,390,87345,14,/home/ltf/project/github/PCT/data/simulation_data/results0717_s3_water_air_pilot/run_390/PhaseSpaceIn.root,/home/ltf/project/github/PCT/data/simulation_data/results0717_s3_water_air_pilot/run_390/PhaseSpaceOut.root
99923,99923,0,90851,90851,0,87873,12050,87861,87861,0,0,391,87873,12,/home/ltf/project/github/PCT/data/simulation_data/results0717_s3_water_air_pilot/run_391/PhaseSpaceIn.root,/home/ltf/project/github/PCT/data/simulation_data/results0717_s3_water_air_pilot/run_391/PhaseSpaceOut.root
100177,100177,0,91012,91012,0,87860,12317,87848,87848,0,0,392,87860,12,/home/ltf/project/github/PCT/data/simulation_data/results0717_s3_water_air_pilot/run_392/PhaseSpaceIn.root,/home/ltf/project/github/PCT/data/simulation_data/results0717_s3_water_air_pilot/run_392/PhaseSpaceOut.root
99728,99728,0,90710,90710,0,87616,12112,87609,87609,0,0,393,87616,7,/home/ltf/project/github/PCT/data/simulation_data/results0717_s3_water_air_pilot/run_393/PhaseSpaceIn.root,/home/ltf/project/github/PCT/data/simulation_data/results0717_s3_water_air_pilot/run_393/PhaseSpaceOut.root
100191,100191,0,91114,91114,0,87929,12262,87918,87918,0,0,394,87929,11,/home/ltf/project/github/PCT/data/simulation_data/results0717_s3_water_air_pilot/run_394/PhaseSpaceIn.root,/home/ltf/project/github/PCT/data/simulation_data/results0717_s3_water_air_pilot/run_394/PhaseSpaceOut.root
100063,100062,1,91061,91061,0,87919,12143,87901,87901,0,0,395,87919,18,/home/ltf/project/github/PCT/data/simulation_data/results0717_s3_water_air_pilot/run_395/PhaseSpaceIn.root,/home/ltf/project/github/PCT/data/simulation_data/results0717_s3_water_air_pilot/run_395/PhaseSpaceOut.root
99877,99877,0,90849,90849,0,87720,12157,87708,87708,0,0,396,87720,12,/home/ltf/project/github/PCT/data/simulation_data/results0717_s3_water_air_pilot/run_396/PhaseSpaceIn.root,/home/ltf/project/github/PCT/data/simulation_data/results0717_s3_water_air_pilot/run_396/PhaseSpaceOut.root
99749,99749,0,90787,90787,0,87679,12070,87665,87665,0,0,397,87679,14,/home/ltf/project/github/PCT/data/simulation_data/results0717_s3_water_air_pilot/run_397/PhaseSpaceIn.root,/home/ltf/project/github/PCT/data/simulation_data/results0717_s3_water_air_pilot/run_397/PhaseSpaceOut.root
100159,100159,0,91184,91184,0,88048,12111,88035,88035,0,0,398,88048,13,/home/ltf/project/github/PCT/data/simulation_data/results0717_s3_water_air_pilot/run_398/PhaseSpaceIn.root,/home/ltf/project/github/PCT/data/simulation_data/results0717_s3_water_air_pilot/run_398/PhaseSpaceOut.root
100110,100110,0,91032,91032,0,87699,12411,87684,87684,0,0,399,87699,15,/home/ltf/project/github/PCT/data/simulation_data/results0717_s3_water_air_pilot/run_399/PhaseSpaceIn.root,/home/ltf/project/github/PCT/data/simulation_data/results0717_s3_water_air_pilot/run_399/PhaseSpaceOut.root
100139,100139,0,91065,91065,0,87990,12149,87978,87978,0,0,400,87990,12,/home/ltf/project/github/PCT/data/simulation_data/results0717_s3_water_air_pilot/run_400/PhaseSpaceIn.root,/home/ltf/project/github/PCT/data/simulation_data/results0717_s3_water_air_pilot/run_400/PhaseSpaceOut.root
100041,100041,0,90957,90957,0,87804,12237,87788,87788,0,0,401,87804,16,/home/ltf/project/github/PCT/data/simulation_data/results0717_s3_water_air_pilot/run_401/PhaseSpaceIn.root,/home/ltf/project/github/PCT/data/simulation_data/results0717_s3_water_air_pilot/run_401/PhaseSpaceOut.root
99823,99823,0,90957,90957,0,87913,11910,87900,87900,0,0,402,87913,13,/home/ltf/project/github/PCT/data/simulation_data/results0717_s3_water_air_pilot/run_402/PhaseSpaceIn.root,/home/ltf/project/github/PCT/data/simulation_data/results0717_s3_water_air_pilot/run_402/PhaseSpaceOut.root
100292,100292,0,91124,91124,0,87927,12365,87911,87911,0,0,403,87927,16,/home/ltf/project/github/PCT/data/simulation_data/results0717_s3_water_air_pilot/run_403/PhaseSpaceIn.root,/home/ltf/project/github/PCT/data/simulation_data/results0717_s3_water_air_pilot/run_403/PhaseSpaceOut.root
99647,99647,0,90432,90431,1,87366,12281,87355,87355,0,0,404,87366,11,/home/ltf/project/github/PCT/data/simulation_data/results0717_s3_water_air_pilot/run_404/PhaseSpaceIn.root,/home/ltf/project/github/PCT/data/simulation_data/results0717_s3_water_air_pilot/run_404/PhaseSpaceOut.root
100055,100055,0,91055,91055,0,87977,12078,87966,87966,0,0,405,87977,11,/home/ltf/project/github/PCT/data/simulation_data/results0717_s3_water_air_pilot/run_405/PhaseSpaceIn.root,/home/ltf/project/github/PCT/data/simulation_data/results0717_s3_water_air_pilot/run_405/PhaseSpaceOut.root
100546,100546,0,91477,91477,0,88376,12170,88360,88360,0,0,406,88376,16,/home/ltf/project/github/PCT/data/simulation_data/results0717_s3_water_air_pilot/run_406/PhaseSpaceIn.root,/home/ltf/project/github/PCT/data/simulation_data/results0717_s3_water_air_pilot/run_406/PhaseSpaceOut.root
99905,99905,0,90588,90588,0,87575,12330,87561,87561,0,0,407,87575,14,/home/ltf/project/github/PCT/data/simulation_data/results0717_s3_water_air_pilot/run_407/PhaseSpaceIn.root,/home/ltf/project/github/PCT/data/simulation_data/results0717_s3_water_air_pilot/run_407/PhaseSpaceOut.root
100228,100228,0,91252,91252,0,88051,12177,88041,88041,0,0,408,88051,10,/home/ltf/project/github/PCT/data/simulation_data/results0717_s3_water_air_pilot/run_408/PhaseSpaceIn.root,/home/ltf/project/github/PCT/data/simulation_data/results0717_s3_water_air_pilot/run_408/PhaseSpaceOut.root
100288,100287,1,91276,91276,0,88127,12160,88114,88114,0,0,409,88127,13,/home/ltf/project/github/PCT/data/simulation_data/results0717_s3_water_air_pilot/run_409/PhaseSpaceIn.root,/home/ltf/project/github/PCT/data/simulation_data/results0717_s3_water_air_pilot/run_409/PhaseSpaceOut.root
99669,99669,0,90574,90574,0,87513,12156,87496,87496,0,0,410,87513,17,/home/ltf/project/github/PCT/data/simulation_data/results0717_s3_water_air_pilot/run_410/PhaseSpaceIn.root,/home/ltf/project/github/PCT/data/simulation_data/results0717_s3_water_air_pilot/run_410/PhaseSpaceOut.root
100258,100258,0,91226,91226,0,88048,12210,88029,88029,0,0,411,88048,19,/home/ltf/project/github/PCT/data/simulation_data/results0717_s3_water_air_pilot/run_411/PhaseSpaceIn.root,/home/ltf/project/github/PCT/data/simulation_data/results0717_s3_water_air_pilot/run_411/PhaseSpaceOut.root
100001,100001,0,90747,90747,0,87646,12355,87633,87633,0,0,412,87646,13,/home/ltf/project/github/PCT/data/simulation_data/results0717_s3_water_air_pilot/run_412/PhaseSpaceIn.root,/home/ltf/project/github/PCT/data/simulation_data/results0717_s3_water_air_pilot/run_412/PhaseSpaceOut.root
100044,100044,0,90830,90830,0,87747,12297,87729,87729,0,0,413,87747,18,/home/ltf/project/github/PCT/data/simulation_data/results0717_s3_water_air_pilot/run_413/PhaseSpaceIn.root,/home/ltf/project/github/PCT/data/simulation_data/results0717_s3_water_air_pilot/run_413/PhaseSpaceOut.root
99820,99820,0,90790,90790,0,87629,12191,87620,87620,0,0,414,87629,9,/home/ltf/project/github/PCT/data/simulation_data/results0717_s3_water_air_pilot/run_414/PhaseSpaceIn.root,/home/ltf/project/github/PCT/data/simulation_data/results0717_s3_water_air_pilot/run_414/PhaseSpaceOut.root
99755,99755,0,90599,90599,0,87508,12247,87490,87490,0,0,415,87508,18,/home/ltf/project/github/PCT/data/simulation_data/results0717_s3_water_air_pilot/run_415/PhaseSpaceIn.root,/home/ltf/project/github/PCT/data/simulation_data/results0717_s3_water_air_pilot/run_415/PhaseSpaceOut.root
99833,99833,0,90862,90862,0,87659,12174,87646,87646,0,0,416,87659,13,/home/ltf/project/github/PCT/data/simulation_data/results0717_s3_water_air_pilot/run_416/PhaseSpaceIn.root,/home/ltf/project/github/PCT/data/simulation_data/results0717_s3_water_air_pilot/run_416/PhaseSpaceOut.root
99610,99610,0,90592,90592,0,87465,12145,87456,87456,0,0,417,87465,9,/home/ltf/project/github/PCT/data/simulation_data/results0717_s3_water_air_pilot/run_417/PhaseSpaceIn.root,/home/ltf/project/github/PCT/data/simulation_data/results0717_s3_water_air_pilot/run_417/PhaseSpaceOut.root
99841,99841,0,90823,90823,0,87699,12142,87686,87686,0,0,418,87699,13,/home/ltf/project/github/PCT/data/simulation_data/results0717_s3_water_air_pilot/run_418/PhaseSpaceIn.root,/home/ltf/project/github/PCT/data/simulation_data/results0717_s3_water_air_pilot/run_418/PhaseSpaceOut.root
99428,99428,0,90611,90611,0,87462,11966,87452,87452,0,0,419,87462,10,/home/ltf/project/github/PCT/data/simulation_data/results0717_s3_water_air_pilot/run_419/PhaseSpaceIn.root,/home/ltf/project/github/PCT/data/simulation_data/results0717_s3_water_air_pilot/run_419/PhaseSpaceOut.root
100096,100096,0,91043,91043,0,87887,12209,87872,87872,0,0,420,87887,15,/home/ltf/project/github/PCT/data/simulation_data/results0717_s3_water_air_pilot/run_420/PhaseSpaceIn.root,/home/ltf/project/github/PCT/data/simulation_data/results0717_s3_water_air_pilot/run_420/PhaseSpaceOut.root
99774,99774,0,90596,90596,0,87366,12408,87349,87349,0,0,421,87366,17,/home/ltf/project/github/PCT/data/simulation_data/results0717_s3_water_air_pilot/run_421/PhaseSpaceIn.root,/home/ltf/project/github/PCT/data/simulation_data/results0717_s3_water_air_pilot/run_421/PhaseSpaceOut.root
99875,99875,0,90770,90770,0,87696,12179,87684,87684,0,0,422,87696,12,/home/ltf/project/github/PCT/data/simulation_data/results0717_s3_water_air_pilot/run_422/PhaseSpaceIn.root,/home/ltf/project/github/PCT/data/simulation_data/results0717_s3_water_air_pilot/run_422/PhaseSpaceOut.root
100060,100060,0,90967,90967,0,87761,12299,87745,87745,0,0,423,87761,16,/home/ltf/project/github/PCT/data/simulation_data/results0717_s3_water_air_pilot/run_423/PhaseSpaceIn.root,/home/ltf/project/github/PCT/data/simulation_data/results0717_s3_water_air_pilot/run_423/PhaseSpaceOut.root
100234,100234,0,91180,91180,0,87968,12266,87950,87950,0,0,424,87968,18,/home/ltf/project/github/PCT/data/simulation_data/results0717_s3_water_air_pilot/run_424/PhaseSpaceIn.root,/home/ltf/project/github/PCT/data/simulation_data/results0717_s3_water_air_pilot/run_424/PhaseSpaceOut.root
99929,99929,0,90925,90925,0,87836,12093,87826,87826,0,0,425,87836,10,/home/ltf/project/github/PCT/data/simulation_data/results0717_s3_water_air_pilot/run_425/PhaseSpaceIn.root,/home/ltf/project/github/PCT/data/simulation_data/results0717_s3_water_air_pilot/run_425/PhaseSpaceOut.root
100215,100215,0,91202,91201,1,88078,12137,88067,88067,0,0,426,88078,11,/home/ltf/project/github/PCT/data/simulation_data/results0717_s3_water_air_pilot/run_426/PhaseSpaceIn.root,/home/ltf/project/github/PCT/data/simulation_data/results0717_s3_water_air_pilot/run_426/PhaseSpaceOut.root
100639,100639,0,91626,91626,0,88476,12163,88465,88465,0,0,427,88476,11,/home/ltf/project/github/PCT/data/simulation_data/results0717_s3_water_air_pilot/run_427/PhaseSpaceIn.root,/home/ltf/project/github/PCT/data/simulation_data/results0717_s3_water_air_pilot/run_427/PhaseSpaceOut.root
100473,100473,0,91428,91427,1,88306,12167,88296,88296,0,0,428,88306,10,/home/ltf/project/github/PCT/data/simulation_data/results0717_s3_water_air_pilot/run_428/PhaseSpaceIn.root,/home/ltf/project/github/PCT/data/simulation_data/results0717_s3_water_air_pilot/run_428/PhaseSpaceOut.root
100325,100325,0,91087,91087,0,87898,12427,87883,87883,0,0,429,87898,15,/home/ltf/project/github/PCT/data/simulation_data/results0717_s3_water_air_pilot/run_429/PhaseSpaceIn.root,/home/ltf/project/github/PCT/data/simulation_data/results0717_s3_water_air_pilot/run_429/PhaseSpaceOut.root
100621,100621,0,91479,91479,0,88424,12197,88413,88413,0,0,430,88424,11,/home/ltf/project/github/PCT/data/simulation_data/results0717_s3_water_air_pilot/run_430/PhaseSpaceIn.root,/home/ltf/project/github/PCT/data/simulation_data/results0717_s3_water_air_pilot/run_430/PhaseSpaceOut.root
99668,99668,0,90530,90530,0,87350,12318,87336,87336,0,0,431,87350,14,/home/ltf/project/github/PCT/data/simulation_data/results0717_s3_water_air_pilot/run_431/PhaseSpaceIn.root,/home/ltf/project/github/PCT/data/simulation_data/results0717_s3_water_air_pilot/run_431/PhaseSpaceOut.root
100121,100121,0,91141,91141,0,88017,12104,88000,88000,0,0,432,88017,17,/home/ltf/project/github/PCT/data/simulation_data/results0717_s3_water_air_pilot/run_432/PhaseSpaceIn.root,/home/ltf/project/github/PCT/data/simulation_data/results0717_s3_water_air_pilot/run_432/PhaseSpaceOut.root
99944,99944,0,90931,90931,0,87703,12241,87696,87696,0,0,433,87703,7,/home/ltf/project/github/PCT/data/simulation_data/results0717_s3_water_air_pilot/run_433/PhaseSpaceIn.root,/home/ltf/project/github/PCT/data/simulation_data/results0717_s3_water_air_pilot/run_433/PhaseSpaceOut.root
100138,100138,0,91015,91015,0,87912,12226,87896,87896,0,0,434,87912,16,/home/ltf/project/github/PCT/data/simulation_data/results0717_s3_water_air_pilot/run_434/PhaseSpaceIn.root,/home/ltf/project/github/PCT/data/simulation_data/results0717_s3_water_air_pilot/run_434/PhaseSpaceOut.root
100334,100334,0,91387,91386,1,88171,12163,88158,88158,0,0,435,88171,13,/home/ltf/project/github/PCT/data/simulation_data/results0717_s3_water_air_pilot/run_435/PhaseSpaceIn.root,/home/ltf/project/github/PCT/data/simulation_data/results0717_s3_water_air_pilot/run_435/PhaseSpaceOut.root
99777,99777,0,90604,90604,0,87476,12301,87466,87466,0,0,436,87476,10,/home/ltf/project/github/PCT/data/simulation_data/results0717_s3_water_air_pilot/run_436/PhaseSpaceIn.root,/home/ltf/project/github/PCT/data/simulation_data/results0717_s3_water_air_pilot/run_436/PhaseSpaceOut.root
100198,100198,0,91141,91141,0,88051,12147,88036,88036,0,0,437,88051,15,/home/ltf/project/github/PCT/data/simulation_data/results0717_s3_water_air_pilot/run_437/PhaseSpaceIn.root,/home/ltf/project/github/PCT/data/simulation_data/results0717_s3_water_air_pilot/run_437/PhaseSpaceOut.root
99588,99588,0,90577,90577,0,87432,12156,87419,87419,0,0,438,87432,13,/home/ltf/project/github/PCT/data/simulation_data/results0717_s3_water_air_pilot/run_438/PhaseSpaceIn.root,/home/ltf/project/github/PCT/data/simulation_data/results0717_s3_water_air_pilot/run_438/PhaseSpaceOut.root
99609,99609,0,90729,90729,0,87661,11948,87654,87654,0,0,439,87661,7,/home/ltf/project/github/PCT/data/simulation_data/results0717_s3_water_air_pilot/run_439/PhaseSpaceIn.root,/home/ltf/project/github/PCT/data/simulation_data/results0717_s3_water_air_pilot/run_439/PhaseSpaceOut.root
100044,100044,0,91070,91070,0,87992,12052,87967,87967,0,0,440,87992,25,/home/ltf/project/github/PCT/data/simulation_data/results0717_s3_water_air_pilot/run_440/PhaseSpaceIn.root,/home/ltf/project/github/PCT/data/simulation_data/results0717_s3_water_air_pilot/run_440/PhaseSpaceOut.root
100044,100044,0,90954,90954,0,87821,12223,87809,87809,0,0,441,87821,12,/home/ltf/project/github/PCT/data/simulation_data/results0717_s3_water_air_pilot/run_441/PhaseSpaceIn.root,/home/ltf/project/github/PCT/data/simulation_data/results0717_s3_water_air_pilot/run_441/PhaseSpaceOut.root
99564,99564,0,90399,90399,0,87304,12260,87290,87290,0,0,442,87304,14,/home/ltf/project/github/PCT/data/simulation_data/results0717_s3_water_air_pilot/run_442/PhaseSpaceIn.root,/home/ltf/project/github/PCT/data/simulation_data/results0717_s3_water_air_pilot/run_442/PhaseSpaceOut.root
99986,99986,0,90943,90943,0,87792,12194,87781,87781,0,0,443,87792,11,/home/ltf/project/github/PCT/data/simulation_data/results0717_s3_water_air_pilot/run_443/PhaseSpaceIn.root,/home/ltf/project/github/PCT/data/simulation_data/results0717_s3_water_air_pilot/run_443/PhaseSpaceOut.root
100110,100110,0,91232,91232,0,88106,12004,88096,88096,0,0,444,88106,10,/home/ltf/project/github/PCT/data/simulation_data/results0717_s3_water_air_pilot/run_444/PhaseSpaceIn.root,/home/ltf/project/github/PCT/data/simulation_data/results0717_s3_water_air_pilot/run_444/PhaseSpaceOut.root
99526,99526,0,90478,90478,0,87351,12175,87344,87344,0,0,445,87351,7,/home/ltf/project/github/PCT/data/simulation_data/results0717_s3_water_air_pilot/run_445/PhaseSpaceIn.root,/home/ltf/project/github/PCT/data/simulation_data/results0717_s3_water_air_pilot/run_445/PhaseSpaceOut.root
100294,100294,0,91166,91166,0,88006,12288,87995,87995,0,0,446,88006,11,/home/ltf/project/github/PCT/data/simulation_data/results0717_s3_water_air_pilot/run_446/PhaseSpaceIn.root,/home/ltf/project/github/PCT/data/simulation_data/results0717_s3_water_air_pilot/run_446/PhaseSpaceOut.root
100429,100428,1,91248,91248,0,88185,12243,88168,88168,0,0,447,88185,17,/home/ltf/project/github/PCT/data/simulation_data/results0717_s3_water_air_pilot/run_447/PhaseSpaceIn.root,/home/ltf/project/github/PCT/data/simulation_data/results0717_s3_water_air_pilot/run_447/PhaseSpaceOut.root
99685,99685,0,90474,90474,0,87374,12311,87362,87362,0,0,448,87374,12,/home/ltf/project/github/PCT/data/simulation_data/results0717_s3_water_air_pilot/run_448/PhaseSpaceIn.root,/home/ltf/project/github/PCT/data/simulation_data/results0717_s3_water_air_pilot/run_448/PhaseSpaceOut.root
100306,100306,0,91339,91338,1,88207,12099,88191,88191,0,0,449,88207,16,/home/ltf/project/github/PCT/data/simulation_data/results0717_s3_water_air_pilot/run_449/PhaseSpaceIn.root,/home/ltf/project/github/PCT/data/simulation_data/results0717_s3_water_air_pilot/run_449/PhaseSpaceOut.root
99917,99917,0,90931,90931,0,87808,12109,87795,87795,0,0,450,87808,13,/home/ltf/project/github/PCT/data/simulation_data/results0717_s3_water_air_pilot/run_450/PhaseSpaceIn.root,/home/ltf/project/github/PCT/data/simulation_data/results0717_s3_water_air_pilot/run_450/PhaseSpaceOut.root
99792,99792,0,90786,90786,0,87670,12122,87661,87661,0,0,451,87670,9,/home/ltf/project/github/PCT/data/simulation_data/results0717_s3_water_air_pilot/run_451/PhaseSpaceIn.root,/home/ltf/project/github/PCT/data/simulation_data/results0717_s3_water_air_pilot/run_451/PhaseSpaceOut.root
100147,100147,0,91126,91126,0,88022,12125,87991,87991,0,0,452,88022,31,/home/ltf/project/github/PCT/data/simulation_data/results0717_s3_water_air_pilot/run_452/PhaseSpaceIn.root,/home/ltf/project/github/PCT/data/simulation_data/results0717_s3_water_air_pilot/run_452/PhaseSpaceOut.root
100026,100026,0,91043,91043,0,87852,12174,87847,87847,0,0,453,87852,5,/home/ltf/project/github/PCT/data/simulation_data/results0717_s3_water_air_pilot/run_453/PhaseSpaceIn.root,/home/ltf/project/github/PCT/data/simulation_data/results0717_s3_water_air_pilot/run_453/PhaseSpaceOut.root
100404,100404,0,91406,91406,0,88266,12138,88248,88248,0,0,454,88266,18,/home/ltf/project/github/PCT/data/simulation_data/results0717_s3_water_air_pilot/run_454/PhaseSpaceIn.root,/home/ltf/project/github/PCT/data/simulation_data/results0717_s3_water_air_pilot/run_454/PhaseSpaceOut.root
99834,99834,0,90713,90713,0,87641,12193,87627,87627,0,0,455,87641,14,/home/ltf/project/github/PCT/data/simulation_data/results0717_s3_water_air_pilot/run_455/PhaseSpaceIn.root,/home/ltf/project/github/PCT/data/simulation_data/results0717_s3_water_air_pilot/run_455/PhaseSpaceOut.root
100222,100222,0,91150,91150,0,88034,12188,88021,88021,0,0,456,88034,13,/home/ltf/project/github/PCT/data/simulation_data/results0717_s3_water_air_pilot/run_456/PhaseSpaceIn.root,/home/ltf/project/github/PCT/data/simulation_data/results0717_s3_water_air_pilot/run_456/PhaseSpaceOut.root
100036,100036,0,90869,90869,0,87659,12377,87651,87651,0,0,457,87659,8,/home/ltf/project/github/PCT/data/simulation_data/results0717_s3_water_air_pilot/run_457/PhaseSpaceIn.root,/home/ltf/project/github/PCT/data/simulation_data/results0717_s3_water_air_pilot/run_457/PhaseSpaceOut.root
100153,100152,1,91108,91108,0,87953,12199,87939,87939,0,0,458,87953,14,/home/ltf/project/github/PCT/data/simulation_data/results0717_s3_water_air_pilot/run_458/PhaseSpaceIn.root,/home/ltf/project/github/PCT/data/simulation_data/results0717_s3_water_air_pilot/run_458/PhaseSpaceOut.root
99815,99815,0,90796,90795,1,87699,12116,87687,87687,0,0,459,87699,12,/home/ltf/project/github/PCT/data/simulation_data/results0717_s3_water_air_pilot/run_459/PhaseSpaceIn.root,/home/ltf/project/github/PCT/data/simulation_data/results0717_s3_water_air_pilot/run_459/PhaseSpaceOut.root
99707,99707,0,90484,90484,0,87322,12385,87308,87308,0,0,460,87322,14,/home/ltf/project/github/PCT/data/simulation_data/results0717_s3_water_air_pilot/run_460/PhaseSpaceIn.root,/home/ltf/project/github/PCT/data/simulation_data/results0717_s3_water_air_pilot/run_460/PhaseSpaceOut.root
99548,99548,0,90540,90540,0,87385,12163,87372,87372,0,0,461,87385,13,/home/ltf/project/github/PCT/data/simulation_data/results0717_s3_water_air_pilot/run_461/PhaseSpaceIn.root,/home/ltf/project/github/PCT/data/simulation_data/results0717_s3_water_air_pilot/run_461/PhaseSpaceOut.root
100424,100424,0,91445,91445,0,88305,12119,88295,88295,0,0,462,88305,10,/home/ltf/project/github/PCT/data/simulation_data/results0717_s3_water_air_pilot/run_462/PhaseSpaceIn.root,/home/ltf/project/github/PCT/data/simulation_data/results0717_s3_water_air_pilot/run_462/PhaseSpaceOut.root
99370,99370,0,90220,90220,0,87205,12165,87190,87190,0,0,463,87205,15,/home/ltf/project/github/PCT/data/simulation_data/results0717_s3_water_air_pilot/run_463/PhaseSpaceIn.root,/home/ltf/project/github/PCT/data/simulation_data/results0717_s3_water_air_pilot/run_463/PhaseSpaceOut.root
100019,100019,0,90810,90809,1,87573,12446,87555,87555,0,0,464,87573,18,/home/ltf/project/github/PCT/data/simulation_data/results0717_s3_water_air_pilot/run_464/PhaseSpaceIn.root,/home/ltf/project/github/PCT/data/simulation_data/results0717_s3_water_air_pilot/run_464/PhaseSpaceOut.root
99508,99508,0,90605,90605,0,87451,12057,87440,87440,0,0,465,87451,11,/home/ltf/project/github/PCT/data/simulation_data/results0717_s3_water_air_pilot/run_465/PhaseSpaceIn.root,/home/ltf/project/github/PCT/data/simulation_data/results0717_s3_water_air_pilot/run_465/PhaseSpaceOut.root
99964,99964,0,90940,90940,0,87870,12094,87863,87863,0,0,466,87870,7,/home/ltf/project/github/PCT/data/simulation_data/results0717_s3_water_air_pilot/run_466/PhaseSpaceIn.root,/home/ltf/project/github/PCT/data/simulation_data/results0717_s3_water_air_pilot/run_466/PhaseSpaceOut.root
99960,99960,0,91009,91009,0,87942,12018,87930,87930,0,0,467,87942,12,/home/ltf/project/github/PCT/data/simulation_data/results0717_s3_water_air_pilot/run_467/PhaseSpaceIn.root,/home/ltf/project/github/PCT/data/simulation_data/results0717_s3_water_air_pilot/run_467/PhaseSpaceOut.root
100153,100153,0,91113,91113,0,87942,12211,87933,87933,0,0,468,87942,9,/home/ltf/project/github/PCT/data/simulation_data/results0717_s3_water_air_pilot/run_468/PhaseSpaceIn.root,/home/ltf/project/github/PCT/data/simulation_data/results0717_s3_water_air_pilot/run_468/PhaseSpaceOut.root
99437,99437,0,90421,90421,0,87285,12152,87274,87274,0,0,469,87285,11,/home/ltf/project/github/PCT/data/simulation_data/results0717_s3_water_air_pilot/run_469/PhaseSpaceIn.root,/home/ltf/project/github/PCT/data/simulation_data/results0717_s3_water_air_pilot/run_469/PhaseSpaceOut.root
99920,99920,0,90713,90713,0,87548,12372,87538,87538,0,0,470,87548,10,/home/ltf/project/github/PCT/data/simulation_data/results0717_s3_water_air_pilot/run_470/PhaseSpaceIn.root,/home/ltf/project/github/PCT/data/simulation_data/results0717_s3_water_air_pilot/run_470/PhaseSpaceOut.root
100202,100202,0,91030,91030,0,87959,12243,87941,87941,0,0,471,87959,18,/home/ltf/project/github/PCT/data/simulation_data/results0717_s3_water_air_pilot/run_471/PhaseSpaceIn.root,/home/ltf/project/github/PCT/data/simulation_data/results0717_s3_water_air_pilot/run_471/PhaseSpaceOut.root
100421,100421,0,91308,91308,0,88213,12208,88197,88197,0,0,472,88213,16,/home/ltf/project/github/PCT/data/simulation_data/results0717_s3_water_air_pilot/run_472/PhaseSpaceIn.root,/home/ltf/project/github/PCT/data/simulation_data/results0717_s3_water_air_pilot/run_472/PhaseSpaceOut.root
100110,100110,0,91060,91060,0,87935,12175,87926,87926,0,0,473,87935,9,/home/ltf/project/github/PCT/data/simulation_data/results0717_s3_water_air_pilot/run_473/PhaseSpaceIn.root,/home/ltf/project/github/PCT/data/simulation_data/results0717_s3_water_air_pilot/run_473/PhaseSpaceOut.root
99965,99965,0,90844,90844,0,87662,12303,87653,87653,0,0,474,87662,9,/home/ltf/project/github/PCT/data/simulation_data/results0717_s3_water_air_pilot/run_474/PhaseSpaceIn.root,/home/ltf/project/github/PCT/data/simulation_data/results0717_s3_water_air_pilot/run_474/PhaseSpaceOut.root
100220,100220,0,91024,91024,0,87959,12261,87948,87948,0,0,475,87959,11,/home/ltf/project/github/PCT/data/simulation_data/results0717_s3_water_air_pilot/run_475/PhaseSpaceIn.root,/home/ltf/project/github/PCT/data/simulation_data/results0717_s3_water_air_pilot/run_475/PhaseSpaceOut.root
100300,100300,0,91123,91123,0,87925,12375,87914,87914,0,0,476,87925,11,/home/ltf/project/github/PCT/data/simulation_data/results0717_s3_water_air_pilot/run_476/PhaseSpaceIn.root,/home/ltf/project/github/PCT/data/simulation_data/results0717_s3_water_air_pilot/run_476/PhaseSpaceOut.root
100540,100540,0,91567,91567,0,88388,12152,88376,88376,0,0,477,88388,12,/home/ltf/project/github/PCT/data/simulation_data/results0717_s3_water_air_pilot/run_477/PhaseSpaceIn.root,/home/ltf/project/github/PCT/data/simulation_data/results0717_s3_water_air_pilot/run_477/PhaseSpaceOut.root
100334,100334,0,91353,91353,0,88112,12222,88103,88103,0,0,478,88112,9,/home/ltf/project/github/PCT/data/simulation_data/results0717_s3_water_air_pilot/run_478/PhaseSpaceIn.root,/home/ltf/project/github/PCT/data/simulation_data/results0717_s3_water_air_pilot/run_478/PhaseSpaceOut.root
100236,100236,0,91312,91312,0,88181,12055,88162,88162,0,0,479,88181,19,/home/ltf/project/github/PCT/data/simulation_data/results0717_s3_water_air_pilot/run_479/PhaseSpaceIn.root,/home/ltf/project/github/PCT/data/simulation_data/results0717_s3_water_air_pilot/run_479/PhaseSpaceOut.root
100231,100231,0,91124,91124,0,87929,12302,87913,87913,0,0,480,87929,16,/home/ltf/project/github/PCT/data/simulation_data/results0717_s3_water_air_pilot/run_480/PhaseSpaceIn.root,/home/ltf/project/github/PCT/data/simulation_data/results0717_s3_water_air_pilot/run_480/PhaseSpaceOut.root
100361,100361,0,91202,91202,0,88183,12178,88166,88166,0,0,481,88183,17,/home/ltf/project/github/PCT/data/simulation_data/results0717_s3_water_air_pilot/run_481/PhaseSpaceIn.root,/home/ltf/project/github/PCT/data/simulation_data/results0717_s3_water_air_pilot/run_481/PhaseSpaceOut.root
99999,99999,0,90981,90981,0,87878,12121,87866,87866,0,0,482,87878,12,/home/ltf/project/github/PCT/data/simulation_data/results0717_s3_water_air_pilot/run_482/PhaseSpaceIn.root,/home/ltf/project/github/PCT/data/simulation_data/results0717_s3_water_air_pilot/run_482/PhaseSpaceOut.root
100253,100253,0,91037,91036,1,87941,12312,87927,87927,0,0,483,87941,14,/home/ltf/project/github/PCT/data/simulation_data/results0717_s3_water_air_pilot/run_483/PhaseSpaceIn.root,/home/ltf/project/github/PCT/data/simulation_data/results0717_s3_water_air_pilot/run_483/PhaseSpaceOut.root
100315,100315,0,91425,91425,0,88238,12077,88226,88226,0,0,484,88238,12,/home/ltf/project/github/PCT/data/simulation_data/results0717_s3_water_air_pilot/run_484/PhaseSpaceIn.root,/home/ltf/project/github/PCT/data/simulation_data/results0717_s3_water_air_pilot/run_484/PhaseSpaceOut.root
100421,100421,0,91196,91196,0,88044,12377,88030,88030,0,0,485,88044,14,/home/ltf/project/github/PCT/data/simulation_data/results0717_s3_water_air_pilot/run_485/PhaseSpaceIn.root,/home/ltf/project/github/PCT/data/simulation_data/results0717_s3_water_air_pilot/run_485/PhaseSpaceOut.root
99712,99712,0,90568,90568,0,87491,12221,87476,87476,0,0,486,87491,15,/home/ltf/project/github/PCT/data/simulation_data/results0717_s3_water_air_pilot/run_486/PhaseSpaceIn.root,/home/ltf/project/github/PCT/data/simulation_data/results0717_s3_water_air_pilot/run_486/PhaseSpaceOut.root
100549,100549,0,91415,91415,0,88367,12182,88358,88358,0,0,487,88367,9,/home/ltf/project/github/PCT/data/simulation_data/results0717_s3_water_air_pilot/run_487/PhaseSpaceIn.root,/home/ltf/project/github/PCT/data/simulation_data/results0717_s3_water_air_pilot/run_487/PhaseSpaceOut.root
100169,100169,0,91109,91109,0,87950,12219,87939,87939,0,0,488,87950,11,/home/ltf/project/github/PCT/data/simulation_data/results0717_s3_water_air_pilot/run_488/PhaseSpaceIn.root,/home/ltf/project/github/PCT/data/simulation_data/results0717_s3_water_air_pilot/run_488/PhaseSpaceOut.root
100043,100043,0,91026,91026,0,87868,12175,87856,87856,0,0,489,87868,12,/home/ltf/project/github/PCT/data/simulation_data/results0717_s3_water_air_pilot/run_489/PhaseSpaceIn.root,/home/ltf/project/github/PCT/data/simulation_data/results0717_s3_water_air_pilot/run_489/PhaseSpaceOut.root
100098,100098,0,90821,90821,0,87732,12366,87720,87720,0,0,490,87732,12,/home/ltf/project/github/PCT/data/simulation_data/results0717_s3_water_air_pilot/run_490/PhaseSpaceIn.root,/home/ltf/project/github/PCT/data/simulation_data/results0717_s3_water_air_pilot/run_490/PhaseSpaceOut.root
99675,99675,0,90725,90725,0,87732,11943,87717,87717,0,0,491,87732,15,/home/ltf/project/github/PCT/data/simulation_data/results0717_s3_water_air_pilot/run_491/PhaseSpaceIn.root,/home/ltf/project/github/PCT/data/simulation_data/results0717_s3_water_air_pilot/run_491/PhaseSpaceOut.root
100047,100047,0,90875,90875,0,87783,12264,87775,87775,0,0,492,87783,8,/home/ltf/project/github/PCT/data/simulation_data/results0717_s3_water_air_pilot/run_492/PhaseSpaceIn.root,/home/ltf/project/github/PCT/data/simulation_data/results0717_s3_water_air_pilot/run_492/PhaseSpaceOut.root
99990,99990,0,90885,90885,0,87840,12150,87830,87830,0,0,493,87840,10,/home/ltf/project/github/PCT/data/simulation_data/results0717_s3_water_air_pilot/run_493/PhaseSpaceIn.root,/home/ltf/project/github/PCT/data/simulation_data/results0717_s3_water_air_pilot/run_493/PhaseSpaceOut.root
100040,100040,0,91125,91125,0,87991,12049,87974,87974,0,0,494,87991,17,/home/ltf/project/github/PCT/data/simulation_data/results0717_s3_water_air_pilot/run_494/PhaseSpaceIn.root,/home/ltf/project/github/PCT/data/simulation_data/results0717_s3_water_air_pilot/run_494/PhaseSpaceOut.root
100600,100600,0,91431,91431,0,88322,12278,88308,88308,0,0,495,88322,14,/home/ltf/project/github/PCT/data/simulation_data/results0717_s3_water_air_pilot/run_495/PhaseSpaceIn.root,/home/ltf/project/github/PCT/data/simulation_data/results0717_s3_water_air_pilot/run_495/PhaseSpaceOut.root
99730,99730,0,90753,90753,0,87577,12153,87564,87564,0,0,496,87577,13,/home/ltf/project/github/PCT/data/simulation_data/results0717_s3_water_air_pilot/run_496/PhaseSpaceIn.root,/home/ltf/project/github/PCT/data/simulation_data/results0717_s3_water_air_pilot/run_496/PhaseSpaceOut.root
99641,99641,0,90595,90595,0,87496,12145,87485,87485,0,0,497,87496,11,/home/ltf/project/github/PCT/data/simulation_data/results0717_s3_water_air_pilot/run_497/PhaseSpaceIn.root,/home/ltf/project/github/PCT/data/simulation_data/results0717_s3_water_air_pilot/run_497/PhaseSpaceOut.root
99962,99962,0,90909,90909,0,87759,12203,87747,87747,0,0,498,87759,12,/home/ltf/project/github/PCT/data/simulation_data/results0717_s3_water_air_pilot/run_498/PhaseSpaceIn.root,/home/ltf/project/github/PCT/data/simulation_data/results0717_s3_water_air_pilot/run_498/PhaseSpaceOut.root
100390,100390,0,91236,91236,0,88155,12235,88143,88143,0,0,499,88155,12,/home/ltf/project/github/PCT/data/simulation_data/results0717_s3_water_air_pilot/run_499/PhaseSpaceIn.root,/home/ltf/project/github/PCT/data/simulation_data/results0717_s3_water_air_pilot/run_499/PhaseSpaceOut.root
100112,100112,0,90973,90973,0,87779,12333,87759,87759,0,0,500,87779,20,/home/ltf/project/github/PCT/data/simulation_data/results0717_s3_water_air_pilot/run_500/PhaseSpaceIn.root,/home/ltf/project/github/PCT/data/simulation_data/results0717_s3_water_air_pilot/run_500/PhaseSpaceOut.root
100114,100114,0,91033,91033,0,87914,12200,87894,87894,0,0,501,87914,20,/home/ltf/project/github/PCT/data/simulation_data/results0717_s3_water_air_pilot/run_501/PhaseSpaceIn.root,/home/ltf/project/github/PCT/data/simulation_data/results0717_s3_water_air_pilot/run_501/PhaseSpaceOut.root
100164,100164,0,91040,91040,0,87895,12269,87885,87885,0,0,502,87895,10,/home/ltf/project/github/PCT/data/simulation_data/results0717_s3_water_air_pilot/run_502/PhaseSpaceIn.root,/home/ltf/project/github/PCT/data/simulation_data/results0717_s3_water_air_pilot/run_502/PhaseSpaceOut.root
99824,99824,0,90729,90729,0,87569,12255,87557,87557,0,0,503,87569,12,/home/ltf/project/github/PCT/data/simulation_data/results0717_s3_water_air_pilot/run_503/PhaseSpaceIn.root,/home/ltf/project/github/PCT/data/simulation_data/results0717_s3_water_air_pilot/run_503/PhaseSpaceOut.root
100045,100045,0,91207,91206,1,88016,12029,87999,87999,0,0,504,88016,17,/home/ltf/project/github/PCT/data/simulation_data/results0717_s3_water_air_pilot/run_504/PhaseSpaceIn.root,/home/ltf/project/github/PCT/data/simulation_data/results0717_s3_water_air_pilot/run_504/PhaseSpaceOut.root
100093,100093,0,91074,91074,0,88017,12076,88004,88004,0,0,505,88017,13,/home/ltf/project/github/PCT/data/simulation_data/results0717_s3_water_air_pilot/run_505/PhaseSpaceIn.root,/home/ltf/project/github/PCT/data/simulation_data/results0717_s3_water_air_pilot/run_505/PhaseSpaceOut.root
100095,100095,0,90970,90970,0,87896,12199,87880,87880,0,0,506,87896,16,/home/ltf/project/github/PCT/data/simulation_data/results0717_s3_water_air_pilot/run_506/PhaseSpaceIn.root,/home/ltf/project/github/PCT/data/simulation_data/results0717_s3_water_air_pilot/run_506/PhaseSpaceOut.root
99834,99834,0,90760,90760,0,87765,12069,87756,87756,0,0,507,87765,9,/home/ltf/project/github/PCT/data/simulation_data/results0717_s3_water_air_pilot/run_507/PhaseSpaceIn.root,/home/ltf/project/github/PCT/data/simulation_data/results0717_s3_water_air_pilot/run_507/PhaseSpaceOut.root
100034,100034,0,90894,90894,0,87815,12219,87798,87798,0,0,508,87815,17,/home/ltf/project/github/PCT/data/simulation_data/results0717_s3_water_air_pilot/run_508/PhaseSpaceIn.root,/home/ltf/project/github/PCT/data/simulation_data/results0717_s3_water_air_pilot/run_508/PhaseSpaceOut.root
99954,99953,1,91055,91055,0,87943,12010,87932,87932,0,0,509,87943,11,/home/ltf/project/github/PCT/data/simulation_data/results0717_s3_water_air_pilot/run_509/PhaseSpaceIn.root,/home/ltf/project/github/PCT/data/simulation_data/results0717_s3_water_air_pilot/run_509/PhaseSpaceOut.root
99741,99741,0,90828,90828,0,87695,12046,87682,87682,0,0,510,87695,13,/home/ltf/project/github/PCT/data/simulation_data/results0717_s3_water_air_pilot/run_510/PhaseSpaceIn.root,/home/ltf/project/github/PCT/data/simulation_data/results0717_s3_water_air_pilot/run_510/PhaseSpaceOut.root
100801,100801,0,91569,91569,0,88438,12363,88425,88425,0,0,511,88438,13,/home/ltf/project/github/PCT/data/simulation_data/results0717_s3_water_air_pilot/run_511/PhaseSpaceIn.root,/home/ltf/project/github/PCT/data/simulation_data/results0717_s3_water_air_pilot/run_511/PhaseSpaceOut.root
100428,100428,0,91186,91186,0,88140,12288,88132,88132,0,0,512,88140,8,/home/ltf/project/github/PCT/data/simulation_data/results0717_s3_water_air_pilot/run_512/PhaseSpaceIn.root,/home/ltf/project/github/PCT/data/simulation_data/results0717_s3_water_air_pilot/run_512/PhaseSpaceOut.root
100084,100084,0,91094,91094,0,87985,12099,87974,87974,0,0,513,87985,11,/home/ltf/project/github/PCT/data/simulation_data/results0717_s3_water_air_pilot/run_513/PhaseSpaceIn.root,/home/ltf/project/github/PCT/data/simulation_data/results0717_s3_water_air_pilot/run_513/PhaseSpaceOut.root
100183,100182,1,91047,91047,0,87924,12258,87913,87913,0,0,514,87924,11,/home/ltf/project/github/PCT/data/simulation_data/results0717_s3_water_air_pilot/run_514/PhaseSpaceIn.root,/home/ltf/project/github/PCT/data/simulation_data/results0717_s3_water_air_pilot/run_514/PhaseSpaceOut.root
99713,99713,0,90582,90582,0,87486,12227,87467,87467,0,0,515,87486,19,/home/ltf/project/github/PCT/data/simulation_data/results0717_s3_water_air_pilot/run_515/PhaseSpaceIn.root,/home/ltf/project/github/PCT/data/simulation_data/results0717_s3_water_air_pilot/run_515/PhaseSpaceOut.root
100079,100079,0,91022,91022,0,87939,12140,87926,87926,0,0,516,87939,13,/home/ltf/project/github/PCT/data/simulation_data/results0717_s3_water_air_pilot/run_516/PhaseSpaceIn.root,/home/ltf/project/github/PCT/data/simulation_data/results0717_s3_water_air_pilot/run_516/PhaseSpaceOut.root
99792,99792,0,90622,90622,0,87634,12158,87623,87623,0,0,517,87634,11,/home/ltf/project/github/PCT/data/simulation_data/results0717_s3_water_air_pilot/run_517/PhaseSpaceIn.root,/home/ltf/project/github/PCT/data/simulation_data/results0717_s3_water_air_pilot/run_517/PhaseSpaceOut.root
100500,100500,0,91375,91375,0,88167,12333,88158,88158,0,0,518,88167,9,/home/ltf/project/github/PCT/data/simulation_data/results0717_s3_water_air_pilot/run_518/PhaseSpaceIn.root,/home/ltf/project/github/PCT/data/simulation_data/results0717_s3_water_air_pilot/run_518/PhaseSpaceOut.root
99428,99428,0,90510,90510,0,87438,11990,87425,87425,0,0,519,87438,13,/home/ltf/project/github/PCT/data/simulation_data/results0717_s3_water_air_pilot/run_519/PhaseSpaceIn.root,/home/ltf/project/github/PCT/data/simulation_data/results0717_s3_water_air_pilot/run_519/PhaseSpaceOut.root
100334,100334,0,91137,91137,0,87995,12339,87977,87977,0,0,520,87995,18,/home/ltf/project/github/PCT/data/simulation_data/results0717_s3_water_air_pilot/run_520/PhaseSpaceIn.root,/home/ltf/project/github/PCT/data/simulation_data/results0717_s3_water_air_pilot/run_520/PhaseSpaceOut.root
100125,100125,0,90971,90971,0,87874,12251,87867,87867,0,0,521,87874,7,/home/ltf/project/github/PCT/data/simulation_data/results0717_s3_water_air_pilot/run_521/PhaseSpaceIn.root,/home/ltf/project/github/PCT/data/simulation_data/results0717_s3_water_air_pilot/run_521/PhaseSpaceOut.root
99890,99890,0,90771,90771,0,87692,12198,87679,87679,0,0,522,87692,13,/home/ltf/project/github/PCT/data/simulation_data/results0717_s3_water_air_pilot/run_522/PhaseSpaceIn.root,/home/ltf/project/github/PCT/data/simulation_data/results0717_s3_water_air_pilot/run_522/PhaseSpaceOut.root
100292,100292,0,91049,91049,0,87940,12352,87918,87918,0,0,523,87940,22,/home/ltf/project/github/PCT/data/simulation_data/results0717_s3_water_air_pilot/run_523/PhaseSpaceIn.root,/home/ltf/project/github/PCT/data/simulation_data/results0717_s3_water_air_pilot/run_523/PhaseSpaceOut.root
99790,99790,0,90733,90733,0,87622,12168,87610,87610,0,0,524,87622,12,/home/ltf/project/github/PCT/data/simulation_data/results0717_s3_water_air_pilot/run_524/PhaseSpaceIn.root,/home/ltf/project/github/PCT/data/simulation_data/results0717_s3_water_air_pilot/run_524/PhaseSpaceOut.root
99995,99995,0,90858,90858,0,87718,12277,87702,87702,0,0,525,87718,16,/home/ltf/project/github/PCT/data/simulation_data/results0717_s3_water_air_pilot/run_525/PhaseSpaceIn.root,/home/ltf/project/github/PCT/data/simulation_data/results0717_s3_water_air_pilot/run_525/PhaseSpaceOut.root
100199,100199,0,91051,91051,0,88041,12158,88030,88030,0,0,526,88041,11,/home/ltf/project/github/PCT/data/simulation_data/results0717_s3_water_air_pilot/run_526/PhaseSpaceIn.root,/home/ltf/project/github/PCT/data/simulation_data/results0717_s3_water_air_pilot/run_526/PhaseSpaceOut.root
99864,99864,0,90813,90813,0,87713,12151,87695,87695,0,0,527,87713,18,/home/ltf/project/github/PCT/data/simulation_data/results0717_s3_water_air_pilot/run_527/PhaseSpaceIn.root,/home/ltf/project/github/PCT/data/simulation_data/results0717_s3_water_air_pilot/run_527/PhaseSpaceOut.root
99900,99900,0,90816,90816,0,87674,12226,87665,87665,0,0,528,87674,9,/home/ltf/project/github/PCT/data/simulation_data/results0717_s3_water_air_pilot/run_528/PhaseSpaceIn.root,/home/ltf/project/github/PCT/data/simulation_data/results0717_s3_water_air_pilot/run_528/PhaseSpaceOut.root
100067,100067,0,90825,90825,0,87709,12358,87690,87690,0,0,529,87709,19,/home/ltf/project/github/PCT/data/simulation_data/results0717_s3_water_air_pilot/run_529/PhaseSpaceIn.root,/home/ltf/project/github/PCT/data/simulation_data/results0717_s3_water_air_pilot/run_529/PhaseSpaceOut.root
100095,100095,0,91094,91094,0,87959,12136,87946,87946,0,0,530,87959,13,/home/ltf/project/github/PCT/data/simulation_data/results0717_s3_water_air_pilot/run_530/PhaseSpaceIn.root,/home/ltf/project/github/PCT/data/simulation_data/results0717_s3_water_air_pilot/run_530/PhaseSpaceOut.root
99625,99625,0,90535,90535,0,87455,12170,87439,87439,0,0,531,87455,16,/home/ltf/project/github/PCT/data/simulation_data/results0717_s3_water_air_pilot/run_531/PhaseSpaceIn.root,/home/ltf/project/github/PCT/data/simulation_data/results0717_s3_water_air_pilot/run_531/PhaseSpaceOut.root
100155,100155,0,91138,91138,0,87944,12211,87928,87928,0,0,532,87944,16,/home/ltf/project/github/PCT/data/simulation_data/results0717_s3_water_air_pilot/run_532/PhaseSpaceIn.root,/home/ltf/project/github/PCT/data/simulation_data/results0717_s3_water_air_pilot/run_532/PhaseSpaceOut.root
100364,100364,0,91190,91190,0,88085,12279,88076,88076,0,0,533,88085,9,/home/ltf/project/github/PCT/data/simulation_data/results0717_s3_water_air_pilot/run_533/PhaseSpaceIn.root,/home/ltf/project/github/PCT/data/simulation_data/results0717_s3_water_air_pilot/run_533/PhaseSpaceOut.root
99560,99560,0,90539,90539,0,87497,12063,87479,87479,0,0,534,87497,18,/home/ltf/project/github/PCT/data/simulation_data/results0717_s3_water_air_pilot/run_534/PhaseSpaceIn.root,/home/ltf/project/github/PCT/data/simulation_data/results0717_s3_water_air_pilot/run_534/PhaseSpaceOut.root
100786,100786,0,91736,91736,0,88626,12160,88617,88617,0,0,535,88626,9,/home/ltf/project/github/PCT/data/simulation_data/results0717_s3_water_air_pilot/run_535/PhaseSpaceIn.root,/home/ltf/project/github/PCT/data/simulation_data/results0717_s3_water_air_pilot/run_535/PhaseSpaceOut.root
99672,99672,0,90692,90692,0,87426,12246,87410,87410,0,0,536,87426,16,/home/ltf/project/github/PCT/data/simulation_data/results0717_s3_water_air_pilot/run_536/PhaseSpaceIn.root,/home/ltf/project/github/PCT/data/simulation_data/results0717_s3_water_air_pilot/run_536/PhaseSpaceOut.root
99843,99843,0,90726,90726,0,87544,12299,87528,87528,0,0,537,87544,16,/home/ltf/project/github/PCT/data/simulation_data/results0717_s3_water_air_pilot/run_537/PhaseSpaceIn.root,/home/ltf/project/github/PCT/data/simulation_data/results0717_s3_water_air_pilot/run_537/PhaseSpaceOut.root
99744,99744,0,90711,90711,0,87563,12181,87552,87552,0,0,538,87563,11,/home/ltf/project/github/PCT/data/simulation_data/results0717_s3_water_air_pilot/run_538/PhaseSpaceIn.root,/home/ltf/project/github/PCT/data/simulation_data/results0717_s3_water_air_pilot/run_538/PhaseSpaceOut.root
99701,99701,0,90797,90797,0,87718,11983,87706,87706,0,0,539,87718,12,/home/ltf/project/github/PCT/data/simulation_data/results0717_s3_water_air_pilot/run_539/PhaseSpaceIn.root,/home/ltf/project/github/PCT/data/simulation_data/results0717_s3_water_air_pilot/run_539/PhaseSpaceOut.root
100184,100184,0,91254,91254,0,88197,11987,88184,88184,0,0,540,88197,13,/home/ltf/project/github/PCT/data/simulation_data/results0717_s3_water_air_pilot/run_540/PhaseSpaceIn.root,/home/ltf/project/github/PCT/data/simulation_data/results0717_s3_water_air_pilot/run_540/PhaseSpaceOut.root
100308,100308,0,91134,91134,0,88137,12171,88131,88131,0,0,541,88137,6,/home/ltf/project/github/PCT/data/simulation_data/results0717_s3_water_air_pilot/run_541/PhaseSpaceIn.root,/home/ltf/project/github/PCT/data/simulation_data/results0717_s3_water_air_pilot/run_541/PhaseSpaceOut.root
100203,100203,0,91035,91035,0,87887,12316,87867,87867,0,0,542,87887,20,/home/ltf/project/github/PCT/data/simulation_data/results0717_s3_water_air_pilot/run_542/PhaseSpaceIn.root,/home/ltf/project/github/PCT/data/simulation_data/results0717_s3_water_air_pilot/run_542/PhaseSpaceOut.root
99803,99803,0,90583,90583,0,87496,12307,87479,87479,0,0,543,87496,17,/home/ltf/project/github/PCT/data/simulation_data/results0717_s3_water_air_pilot/run_543/PhaseSpaceIn.root,/home/ltf/project/github/PCT/data/simulation_data/results0717_s3_water_air_pilot/run_543/PhaseSpaceOut.root
99835,99835,0,90645,90645,0,87494,12341,87476,87476,0,0,544,87494,18,/home/ltf/project/github/PCT/data/simulation_data/results0717_s3_water_air_pilot/run_544/PhaseSpaceIn.root,/home/ltf/project/github/PCT/data/simulation_data/results0717_s3_water_air_pilot/run_544/PhaseSpaceOut.root
100820,100820,0,91506,91506,0,88389,12431,88370,88370,0,0,545,88389,19,/home/ltf/project/github/PCT/data/simulation_data/results0717_s3_water_air_pilot/run_545/PhaseSpaceIn.root,/home/ltf/project/github/PCT/data/simulation_data/results0717_s3_water_air_pilot/run_545/PhaseSpaceOut.root
100231,100231,0,91026,91026,0,87906,12325,87894,87894,0,0,546,87906,12,/home/ltf/project/github/PCT/data/simulation_data/results0717_s3_water_air_pilot/run_546/PhaseSpaceIn.root,/home/ltf/project/github/PCT/data/simulation_data/results0717_s3_water_air_pilot/run_546/PhaseSpaceOut.root
99807,99807,0,90850,90850,0,87617,12190,87601,87601,0,0,547,87617,16,/home/ltf/project/github/PCT/data/simulation_data/results0717_s3_water_air_pilot/run_547/PhaseSpaceIn.root,/home/ltf/project/github/PCT/data/simulation_data/results0717_s3_water_air_pilot/run_547/PhaseSpaceOut.root
100618,100618,0,91533,91533,0,88403,12215,88387,88387,0,0,548,88403,16,/home/ltf/project/github/PCT/data/simulation_data/results0717_s3_water_air_pilot/run_548/PhaseSpaceIn.root,/home/ltf/project/github/PCT/data/simulation_data/results0717_s3_water_air_pilot/run_548/PhaseSpaceOut.root
99321,99321,0,90299,90299,0,87191,12130,87182,87182,0,0,549,87191,9,/home/ltf/project/github/PCT/data/simulation_data/results0717_s3_water_air_pilot/run_549/PhaseSpaceIn.root,/home/ltf/project/github/PCT/data/simulation_data/results0717_s3_water_air_pilot/run_549/PhaseSpaceOut.root
99800,99800,0,90830,90830,0,87668,12132,87651,87651,0,0,550,87668,17,/home/ltf/project/github/PCT/data/simulation_data/results0717_s3_water_air_pilot/run_550/PhaseSpaceIn.root,/home/ltf/project/github/PCT/data/simulation_data/results0717_s3_water_air_pilot/run_550/PhaseSpaceOut.root
99995,99995,0,91005,91005,0,87812,12183,87794,87794,0,0,551,87812,18,/home/ltf/project/github/PCT/data/simulation_data/results0717_s3_water_air_pilot/run_551/PhaseSpaceIn.root,/home/ltf/project/github/PCT/data/simulation_data/results0717_s3_water_air_pilot/run_551/PhaseSpaceOut.root
100126,100126,0,91135,91135,0,88067,12059,88051,88051,0,0,552,88067,16,/home/ltf/project/github/PCT/data/simulation_data/results0717_s3_water_air_pilot/run_552/PhaseSpaceIn.root,/home/ltf/project/github/PCT/data/simulation_data/results0717_s3_water_air_pilot/run_552/PhaseSpaceOut.root
100525,100525,0,91334,91334,0,88178,12347,88159,88159,0,0,553,88178,19,/home/ltf/project/github/PCT/data/simulation_data/results0717_s3_water_air_pilot/run_553/PhaseSpaceIn.root,/home/ltf/project/github/PCT/data/simulation_data/results0717_s3_water_air_pilot/run_553/PhaseSpaceOut.root
100003,100003,0,90941,90941,0,87754,12249,87739,87739,0,0,554,87754,15,/home/ltf/project/github/PCT/data/simulation_data/results0717_s3_water_air_pilot/run_554/PhaseSpaceIn.root,/home/ltf/project/github/PCT/data/simulation_data/results0717_s3_water_air_pilot/run_554/PhaseSpaceOut.root
99754,99754,0,90831,90831,0,87664,12090,87654,87654,0,0,555,87664,10,/home/ltf/project/github/PCT/data/simulation_data/results0717_s3_water_air_pilot/run_555/PhaseSpaceIn.root,/home/ltf/project/github/PCT/data/simulation_data/results0717_s3_water_air_pilot/run_555/PhaseSpaceOut.root
99795,99795,0,90741,90741,0,87616,12179,87605,87605,0,0,556,87616,11,/home/ltf/project/github/PCT/data/simulation_data/results0717_s3_water_air_pilot/run_556/PhaseSpaceIn.root,/home/ltf/project/github/PCT/data/simulation_data/results0717_s3_water_air_pilot/run_556/PhaseSpaceOut.root
99420,99420,0,90459,90459,0,87330,12090,87317,87317,0,0,557,87330,13,/home/ltf/project/github/PCT/data/simulation_data/results0717_s3_water_air_pilot/run_557/PhaseSpaceIn.root,/home/ltf/project/github/PCT/data/simulation_data/results0717_s3_water_air_pilot/run_557/PhaseSpaceOut.root
100430,100430,0,91282,91282,0,88040,12390,88030,88030,0,0,558,88040,10,/home/ltf/project/github/PCT/data/simulation_data/results0717_s3_water_air_pilot/run_558/PhaseSpaceIn.root,/home/ltf/project/github/PCT/data/simulation_data/results0717_s3_water_air_pilot/run_558/PhaseSpaceOut.root
99846,99846,0,90925,90925,0,87824,12022,87811,87811,0,0,559,87824,13,/home/ltf/project/github/PCT/data/simulation_data/results0717_s3_water_air_pilot/run_559/PhaseSpaceIn.root,/home/ltf/project/github/PCT/data/simulation_data/results0717_s3_water_air_pilot/run_559/PhaseSpaceOut.root
100051,100051,0,91132,91132,0,88009,12042,87995,87995,0,0,560,88009,14,/home/ltf/project/github/PCT/data/simulation_data/results0717_s3_water_air_pilot/run_560/PhaseSpaceIn.root,/home/ltf/project/github/PCT/data/simulation_data/results0717_s3_water_air_pilot/run_560/PhaseSpaceOut.root
99854,99854,0,90830,90830,0,87651,12203,87642,87642,0,0,561,87651,9,/home/ltf/project/github/PCT/data/simulation_data/results0717_s3_water_air_pilot/run_561/PhaseSpaceIn.root,/home/ltf/project/github/PCT/data/simulation_data/results0717_s3_water_air_pilot/run_561/PhaseSpaceOut.root
99382,99382,0,90384,90384,0,87287,12095,87269,87269,0,0,562,87287,18,/home/ltf/project/github/PCT/data/simulation_data/results0717_s3_water_air_pilot/run_562/PhaseSpaceIn.root,/home/ltf/project/github/PCT/data/simulation_data/results0717_s3_water_air_pilot/run_562/PhaseSpaceOut.root
99648,99648,0,90625,90625,0,87471,12177,87456,87456,0,0,563,87471,15,/home/ltf/project/github/PCT/data/simulation_data/results0717_s3_water_air_pilot/run_563/PhaseSpaceIn.root,/home/ltf/project/github/PCT/data/simulation_data/results0717_s3_water_air_pilot/run_563/PhaseSpaceOut.root
100208,100208,0,91099,91099,0,88056,12152,88047,88047,0,0,564,88056,9,/home/ltf/project/github/PCT/data/simulation_data/results0717_s3_water_air_pilot/run_564/PhaseSpaceIn.root,/home/ltf/project/github/PCT/data/simulation_data/results0717_s3_water_air_pilot/run_564/PhaseSpaceOut.root
99984,99984,0,91078,91078,0,87851,12133,87845,87845,0,0,565,87851,6,/home/ltf/project/github/PCT/data/simulation_data/results0717_s3_water_air_pilot/run_565/PhaseSpaceIn.root,/home/ltf/project/github/PCT/data/simulation_data/results0717_s3_water_air_pilot/run_565/PhaseSpaceOut.root
99840,99840,0,90604,90604,0,87460,12380,87450,87450,0,0,566,87460,10,/home/ltf/project/github/PCT/data/simulation_data/results0717_s3_water_air_pilot/run_566/PhaseSpaceIn.root,/home/ltf/project/github/PCT/data/simulation_data/results0717_s3_water_air_pilot/run_566/PhaseSpaceOut.root
100203,100203,0,91111,91111,0,88000,12203,87989,87989,0,0,567,88000,11,/home/ltf/project/github/PCT/data/simulation_data/results0717_s3_water_air_pilot/run_567/PhaseSpaceIn.root,/home/ltf/project/github/PCT/data/simulation_data/results0717_s3_water_air_pilot/run_567/PhaseSpaceOut.root
100057,100057,0,90869,90869,0,87664,12393,87654,87654,0,0,568,87664,10,/home/ltf/project/github/PCT/data/simulation_data/results0717_s3_water_air_pilot/run_568/PhaseSpaceIn.root,/home/ltf/project/github/PCT/data/simulation_data/results0717_s3_water_air_pilot/run_568/PhaseSpaceOut.root
100031,100031,0,91001,91001,0,87897,12134,87884,87884,0,0,569,87897,13,/home/ltf/project/github/PCT/data/simulation_data/results0717_s3_water_air_pilot/run_569/PhaseSpaceIn.root,/home/ltf/project/github/PCT/data/simulation_data/results0717_s3_water_air_pilot/run_569/PhaseSpaceOut.root
99941,99941,0,91052,91052,0,87920,12021,87910,87910,0,0,570,87920,10,/home/ltf/project/github/PCT/data/simulation_data/results0717_s3_water_air_pilot/run_570/PhaseSpaceIn.root,/home/ltf/project/github/PCT/data/simulation_data/results0717_s3_water_air_pilot/run_570/PhaseSpaceOut.root
99873,99873,0,91075,91074,1,87930,11943,87913,87913,0,0,571,87930,17,/home/ltf/project/github/PCT/data/simulation_data/results0717_s3_water_air_pilot/run_571/PhaseSpaceIn.root,/home/ltf/project/github/PCT/data/simulation_data/results0717_s3_water_air_pilot/run_571/PhaseSpaceOut.root
99691,99691,0,90637,90637,0,87530,12161,87520,87520,0,0,572,87530,10,/home/ltf/project/github/PCT/data/simulation_data/results0717_s3_water_air_pilot/run_572/PhaseSpaceIn.root,/home/ltf/project/github/PCT/data/simulation_data/results0717_s3_water_air_pilot/run_572/PhaseSpaceOut.root
100357,100357,0,91274,91274,0,88127,12230,88115,88115,0,0,573,88127,12,/home/ltf/project/github/PCT/data/simulation_data/results0717_s3_water_air_pilot/run_573/PhaseSpaceIn.root,/home/ltf/project/github/PCT/data/simulation_data/results0717_s3_water_air_pilot/run_573/PhaseSpaceOut.root
99680,99680,0,90619,90619,0,87683,11997,87670,87670,0,0,574,87683,13,/home/ltf/project/github/PCT/data/simulation_data/results0717_s3_water_air_pilot/run_574/PhaseSpaceIn.root,/home/ltf/project/github/PCT/data/simulation_data/results0717_s3_water_air_pilot/run_574/PhaseSpaceOut.root
100036,100036,0,90915,90915,0,87739,12297,87729,87729,0,0,575,87739,10,/home/ltf/project/github/PCT/data/simulation_data/results0717_s3_water_air_pilot/run_575/PhaseSpaceIn.root,/home/ltf/project/github/PCT/data/simulation_data/results0717_s3_water_air_pilot/run_575/PhaseSpaceOut.root
99979,99979,0,90997,90997,0,87900,12079,87882,87882,0,0,576,87900,18,/home/ltf/project/github/PCT/data/simulation_data/results0717_s3_water_air_pilot/run_576/PhaseSpaceIn.root,/home/ltf/project/github/PCT/data/simulation_data/results0717_s3_water_air_pilot/run_576/PhaseSpaceOut.root
100332,100332,0,91092,91092,0,88025,12307,88010,88010,0,0,577,88025,15,/home/ltf/project/github/PCT/data/simulation_data/results0717_s3_water_air_pilot/run_577/PhaseSpaceIn.root,/home/ltf/project/github/PCT/data/simulation_data/results0717_s3_water_air_pilot/run_577/PhaseSpaceOut.root
99904,99904,0,90828,90827,1,87643,12261,87627,87627,0,0,578,87643,16,/home/ltf/project/github/PCT/data/simulation_data/results0717_s3_water_air_pilot/run_578/PhaseSpaceIn.root,/home/ltf/project/github/PCT/data/simulation_data/results0717_s3_water_air_pilot/run_578/PhaseSpaceOut.root
99494,99494,0,90427,90427,0,87254,12240,87242,87242,0,0,579,87254,12,/home/ltf/project/github/PCT/data/simulation_data/results0717_s3_water_air_pilot/run_579/PhaseSpaceIn.root,/home/ltf/project/github/PCT/data/simulation_data/results0717_s3_water_air_pilot/run_579/PhaseSpaceOut.root
100384,100383,1,91193,91193,0,88060,12323,88045,88045,0,0,580,88060,15,/home/ltf/project/github/PCT/data/simulation_data/results0717_s3_water_air_pilot/run_580/PhaseSpaceIn.root,/home/ltf/project/github/PCT/data/simulation_data/results0717_s3_water_air_pilot/run_580/PhaseSpaceOut.root
99533,99533,0,90530,90530,0,87398,12135,87391,87391,0,0,581,87398,7,/home/ltf/project/github/PCT/data/simulation_data/results0717_s3_water_air_pilot/run_581/PhaseSpaceIn.root,/home/ltf/project/github/PCT/data/simulation_data/results0717_s3_water_air_pilot/run_581/PhaseSpaceOut.root
100413,100413,0,91252,91252,0,87992,12421,87980,87980,0,0,582,87992,12,/home/ltf/project/github/PCT/data/simulation_data/results0717_s3_water_air_pilot/run_582/PhaseSpaceIn.root,/home/ltf/project/github/PCT/data/simulation_data/results0717_s3_water_air_pilot/run_582/PhaseSpaceOut.root
100052,100052,0,91132,91132,0,87997,12055,87986,87986,0,0,583,87997,11,/home/ltf/project/github/PCT/data/simulation_data/results0717_s3_water_air_pilot/run_583/PhaseSpaceIn.root,/home/ltf/project/github/PCT/data/simulation_data/results0717_s3_water_air_pilot/run_583/PhaseSpaceOut.root
99692,99692,0,90643,90643,0,87504,12188,87493,87493,0,0,584,87504,11,/home/ltf/project/github/PCT/data/simulation_data/results0717_s3_water_air_pilot/run_584/PhaseSpaceIn.root,/home/ltf/project/github/PCT/data/simulation_data/results0717_s3_water_air_pilot/run_584/PhaseSpaceOut.root
99285,99285,0,90324,90324,0,87151,12134,87144,87144,0,0,585,87151,7,/home/ltf/project/github/PCT/data/simulation_data/results0717_s3_water_air_pilot/run_585/PhaseSpaceIn.root,/home/ltf/project/github/PCT/data/simulation_data/results0717_s3_water_air_pilot/run_585/PhaseSpaceOut.root
100027,100027,0,91002,91002,0,87907,12120,87888,87888,0,0,586,87907,19,/home/ltf/project/github/PCT/data/simulation_data/results0717_s3_water_air_pilot/run_586/PhaseSpaceIn.root,/home/ltf/project/github/PCT/data/simulation_data/results0717_s3_water_air_pilot/run_586/PhaseSpaceOut.root
100214,100214,0,91189,91189,0,88090,12124,88075,88075,0,0,587,88090,15,/home/ltf/project/github/PCT/data/simulation_data/results0717_s3_water_air_pilot/run_587/PhaseSpaceIn.root,/home/ltf/project/github/PCT/data/simulation_data/results0717_s3_water_air_pilot/run_587/PhaseSpaceOut.root
99466,99466,0,90351,90351,0,87210,12256,87196,87196,0,0,588,87210,14,/home/ltf/project/github/PCT/data/simulation_data/results0717_s3_water_air_pilot/run_588/PhaseSpaceIn.root,/home/ltf/project/github/PCT/data/simulation_data/results0717_s3_water_air_pilot/run_588/PhaseSpaceOut.root
99761,99761,0,90749,90749,0,87685,12076,87670,87670,0,0,589,87685,15,/home/ltf/project/github/PCT/data/simulation_data/results0717_s3_water_air_pilot/run_589/PhaseSpaceIn.root,/home/ltf/project/github/PCT/data/simulation_data/results0717_s3_water_air_pilot/run_589/PhaseSpaceOut.root
99857,99857,0,90825,90825,0,87723,12134,87708,87708,0,0,590,87723,15,/home/ltf/project/github/PCT/data/simulation_data/results0717_s3_water_air_pilot/run_590/PhaseSpaceIn.root,/home/ltf/project/github/PCT/data/simulation_data/results0717_s3_water_air_pilot/run_590/PhaseSpaceOut.root
99270,99270,0,90265,90265,0,87150,12120,87143,87143,0,0,591,87150,7,/home/ltf/project/github/PCT/data/simulation_data/results0717_s3_water_air_pilot/run_591/PhaseSpaceIn.root,/home/ltf/project/github/PCT/data/simulation_data/results0717_s3_water_air_pilot/run_591/PhaseSpaceOut.root
100378,100378,0,91269,91269,0,88070,12308,88059,88059,0,0,592,88070,11,/home/ltf/project/github/PCT/data/simulation_data/results0717_s3_water_air_pilot/run_592/PhaseSpaceIn.root,/home/ltf/project/github/PCT/data/simulation_data/results0717_s3_water_air_pilot/run_592/PhaseSpaceOut.root
99985,99985,0,90969,90969,0,87893,12092,87881,87881,0,0,593,87893,12,/home/ltf/project/github/PCT/data/simulation_data/results0717_s3_water_air_pilot/run_593/PhaseSpaceIn.root,/home/ltf/project/github/PCT/data/simulation_data/results0717_s3_water_air_pilot/run_593/PhaseSpaceOut.root
99888,99888,0,90816,90816,0,87751,12137,87734,87734,0,0,594,87751,17,/home/ltf/project/github/PCT/data/simulation_data/results0717_s3_water_air_pilot/run_594/PhaseSpaceIn.root,/home/ltf/project/github/PCT/data/simulation_data/results0717_s3_water_air_pilot/run_594/PhaseSpaceOut.root
99830,99830,0,90718,90718,0,87591,12239,87580,87580,0,0,595,87591,11,/home/ltf/project/github/PCT/data/simulation_data/results0717_s3_water_air_pilot/run_595/PhaseSpaceIn.root,/home/ltf/project/github/PCT/data/simulation_data/results0717_s3_water_air_pilot/run_595/PhaseSpaceOut.root
100141,100141,0,91116,91116,0,87935,12206,87921,87921,0,0,596,87935,14,/home/ltf/project/github/PCT/data/simulation_data/results0717_s3_water_air_pilot/run_596/PhaseSpaceIn.root,/home/ltf/project/github/PCT/data/simulation_data/results0717_s3_water_air_pilot/run_596/PhaseSpaceOut.root
99617,99617,0,90582,90582,0,87460,12157,87452,87452,0,0,597,87460,8,/home/ltf/project/github/PCT/data/simulation_data/results0717_s3_water_air_pilot/run_597/PhaseSpaceIn.root,/home/ltf/project/github/PCT/data/simulation_data/results0717_s3_water_air_pilot/run_597/PhaseSpaceOut.root
99850,99850,0,90730,90730,0,87610,12240,87598,87598,0,0,598,87610,12,/home/ltf/project/github/PCT/data/simulation_data/results0717_s3_water_air_pilot/run_598/PhaseSpaceIn.root,/home/ltf/project/github/PCT/data/simulation_data/results0717_s3_water_air_pilot/run_598/PhaseSpaceOut.root
99444,99443,1,90513,90513,0,87404,12039,87389,87389,0,0,599,87404,15,/home/ltf/project/github/PCT/data/simulation_data/results0717_s3_water_air_pilot/run_599/PhaseSpaceIn.root,/home/ltf/project/github/PCT/data/simulation_data/results0717_s3_water_air_pilot/run_599/PhaseSpaceOut.root
99834,99834,0,90658,90658,0,87618,12216,87611,87611,0,0,600,87618,7,/home/ltf/project/github/PCT/data/simulation_data/results0717_s3_water_air_pilot/run_600/PhaseSpaceIn.root,/home/ltf/project/github/PCT/data/simulation_data/results0717_s3_water_air_pilot/run_600/PhaseSpaceOut.root
99919,99919,0,90991,90991,0,87849,12070,87837,87837,0,0,601,87849,12,/home/ltf/project/github/PCT/data/simulation_data/results0717_s3_water_air_pilot/run_601/PhaseSpaceIn.root,/home/ltf/project/github/PCT/data/simulation_data/results0717_s3_water_air_pilot/run_601/PhaseSpaceOut.root
100086,100086,0,91093,91093,0,87847,12239,87832,87832,0,0,602,87847,15,/home/ltf/project/github/PCT/data/simulation_data/results0717_s3_water_air_pilot/run_602/PhaseSpaceIn.root,/home/ltf/project/github/PCT/data/simulation_data/results0717_s3_water_air_pilot/run_602/PhaseSpaceOut.root
99509,99509,0,90524,90524,0,87491,12018,87475,87475,0,0,603,87491,16,/home/ltf/project/github/PCT/data/simulation_data/results0717_s3_water_air_pilot/run_603/PhaseSpaceIn.root,/home/ltf/project/github/PCT/data/simulation_data/results0717_s3_water_air_pilot/run_603/PhaseSpaceOut.root
100040,100040,0,90843,90843,0,87675,12365,87660,87660,0,0,604,87675,15,/home/ltf/project/github/PCT/data/simulation_data/results0717_s3_water_air_pilot/run_604/PhaseSpaceIn.root,/home/ltf/project/github/PCT/data/simulation_data/results0717_s3_water_air_pilot/run_604/PhaseSpaceOut.root
100383,100383,0,91281,91280,1,88065,12318,88052,88052,0,0,605,88065,13,/home/ltf/project/github/PCT/data/simulation_data/results0717_s3_water_air_pilot/run_605/PhaseSpaceIn.root,/home/ltf/project/github/PCT/data/simulation_data/results0717_s3_water_air_pilot/run_605/PhaseSpaceOut.root
99877,99877,0,90937,90937,0,87779,12098,87767,87767,0,0,606,87779,12,/home/ltf/project/github/PCT/data/simulation_data/results0717_s3_water_air_pilot/run_606/PhaseSpaceIn.root,/home/ltf/project/github/PCT/data/simulation_data/results0717_s3_water_air_pilot/run_606/PhaseSpaceOut.root
100140,100140,0,91139,91139,0,87921,12219,87910,87910,0,0,607,87921,11,/home/ltf/project/github/PCT/data/simulation_data/results0717_s3_water_air_pilot/run_607/PhaseSpaceIn.root,/home/ltf/project/github/PCT/data/simulation_data/results0717_s3_water_air_pilot/run_607/PhaseSpaceOut.root
100040,100040,0,90891,90891,0,87821,12219,87806,87806,0,0,608,87821,15,/home/ltf/project/github/PCT/data/simulation_data/results0717_s3_water_air_pilot/run_608/PhaseSpaceIn.root,/home/ltf/project/github/PCT/data/simulation_data/results0717_s3_water_air_pilot/run_608/PhaseSpaceOut.root
99727,99727,0,90517,90517,0,87394,12333,87373,87373,0,0,609,87394,21,/home/ltf/project/github/PCT/data/simulation_data/results0717_s3_water_air_pilot/run_609/PhaseSpaceIn.root,/home/ltf/project/github/PCT/data/simulation_data/results0717_s3_water_air_pilot/run_609/PhaseSpaceOut.root
100357,100357,0,91135,91135,0,87896,12461,87883,87883,0,0,610,87896,13,/home/ltf/project/github/PCT/data/simulation_data/results0717_s3_water_air_pilot/run_610/PhaseSpaceIn.root,/home/ltf/project/github/PCT/data/simulation_data/results0717_s3_water_air_pilot/run_610/PhaseSpaceOut.root
99948,99948,0,90891,90891,0,87712,12236,87689,87689,0,0,611,87712,23,/home/ltf/project/github/PCT/data/simulation_data/results0717_s3_water_air_pilot/run_611/PhaseSpaceIn.root,/home/ltf/project/github/PCT/data/simulation_data/results0717_s3_water_air_pilot/run_611/PhaseSpaceOut.root
99861,99861,0,90936,90936,0,87838,12023,87826,87826,0,0,612,87838,12,/home/ltf/project/github/PCT/data/simulation_data/results0717_s3_water_air_pilot/run_612/PhaseSpaceIn.root,/home/ltf/project/github/PCT/data/simulation_data/results0717_s3_water_air_pilot/run_612/PhaseSpaceOut.root
100273,100273,0,91119,91119,0,88005,12268,87994,87994,0,0,613,88005,11,/home/ltf/project/github/PCT/data/simulation_data/results0717_s3_water_air_pilot/run_613/PhaseSpaceIn.root,/home/ltf/project/github/PCT/data/simulation_data/results0717_s3_water_air_pilot/run_613/PhaseSpaceOut.root
99735,99735,0,90569,90569,0,87479,12256,87463,87463,0,0,614,87479,16,/home/ltf/project/github/PCT/data/simulation_data/results0717_s3_water_air_pilot/run_614/PhaseSpaceIn.root,/home/ltf/project/github/PCT/data/simulation_data/results0717_s3_water_air_pilot/run_614/PhaseSpaceOut.root
99746,99746,0,90741,90741,0,87703,12043,87688,87688,0,0,615,87703,15,/home/ltf/project/github/PCT/data/simulation_data/results0717_s3_water_air_pilot/run_615/PhaseSpaceIn.root,/home/ltf/project/github/PCT/data/simulation_data/results0717_s3_water_air_pilot/run_615/PhaseSpaceOut.root
99876,99876,0,90769,90769,0,87702,12174,87687,87687,0,0,616,87702,15,/home/ltf/project/github/PCT/data/simulation_data/results0717_s3_water_air_pilot/run_616/PhaseSpaceIn.root,/home/ltf/project/github/PCT/data/simulation_data/results0717_s3_water_air_pilot/run_616/PhaseSpaceOut.root
99576,99576,0,90542,90542,0,87436,12140,87419,87419,0,0,617,87436,17,/home/ltf/project/github/PCT/data/simulation_data/results0717_s3_water_air_pilot/run_617/PhaseSpaceIn.root,/home/ltf/project/github/PCT/data/simulation_data/results0717_s3_water_air_pilot/run_617/PhaseSpaceOut.root
99835,99835,0,90783,90783,0,87684,12151,87672,87672,0,0,618,87684,12,/home/ltf/project/github/PCT/data/simulation_data/results0717_s3_water_air_pilot/run_618/PhaseSpaceIn.root,/home/ltf/project/github/PCT/data/simulation_data/results0717_s3_water_air_pilot/run_618/PhaseSpaceOut.root
99973,99973,0,90806,90806,0,87686,12287,87673,87673,0,0,619,87686,13,/home/ltf/project/github/PCT/data/simulation_data/results0717_s3_water_air_pilot/run_619/PhaseSpaceIn.root,/home/ltf/project/github/PCT/data/simulation_data/results0717_s3_water_air_pilot/run_619/PhaseSpaceOut.root
99999,99999,0,90874,90874,0,87711,12288,87697,87697,0,0,620,87711,14,/home/ltf/project/github/PCT/data/simulation_data/results0717_s3_water_air_pilot/run_620/PhaseSpaceIn.root,/home/ltf/project/github/PCT/data/simulation_data/results0717_s3_water_air_pilot/run_620/PhaseSpaceOut.root
99925,99925,0,90917,90917,0,87769,12156,87753,87753,0,0,621,87769,16,/home/ltf/project/github/PCT/data/simulation_data/results0717_s3_water_air_pilot/run_621/PhaseSpaceIn.root,/home/ltf/project/github/PCT/data/simulation_data/results0717_s3_water_air_pilot/run_621/PhaseSpaceOut.root
99741,99741,0,90744,90744,0,87576,12165,87556,87556,0,0,622,87576,20,/home/ltf/project/github/PCT/data/simulation_data/results0717_s3_water_air_pilot/run_622/PhaseSpaceIn.root,/home/ltf/project/github/PCT/data/simulation_data/results0717_s3_water_air_pilot/run_622/PhaseSpaceOut.root
100073,100073,0,90886,90886,0,87748,12325,87739,87739,0,0,623,87748,9,/home/ltf/project/github/PCT/data/simulation_data/results0717_s3_water_air_pilot/run_623/PhaseSpaceIn.root,/home/ltf/project/github/PCT/data/simulation_data/results0717_s3_water_air_pilot/run_623/PhaseSpaceOut.root
99961,99961,0,91126,91126,0,88058,11903,88043,88043,0,0,624,88058,15,/home/ltf/project/github/PCT/data/simulation_data/results0717_s3_water_air_pilot/run_624/PhaseSpaceIn.root,/home/ltf/project/github/PCT/data/simulation_data/results0717_s3_water_air_pilot/run_624/PhaseSpaceOut.root
100111,100111,0,91118,91118,0,87989,12122,87979,87979,0,0,625,87989,10,/home/ltf/project/github/PCT/data/simulation_data/results0717_s3_water_air_pilot/run_625/PhaseSpaceIn.root,/home/ltf/project/github/PCT/data/simulation_data/results0717_s3_water_air_pilot/run_625/PhaseSpaceOut.root
99142,99142,0,90138,90138,0,87108,12034,87096,87096,0,0,626,87108,12,/home/ltf/project/github/PCT/data/simulation_data/results0717_s3_water_air_pilot/run_626/PhaseSpaceIn.root,/home/ltf/project/github/PCT/data/simulation_data/results0717_s3_water_air_pilot/run_626/PhaseSpaceOut.root
99978,99978,0,91076,91076,0,87965,12013,87954,87954,0,0,627,87965,11,/home/ltf/project/github/PCT/data/simulation_data/results0717_s3_water_air_pilot/run_627/PhaseSpaceIn.root,/home/ltf/project/github/PCT/data/simulation_data/results0717_s3_water_air_pilot/run_627/PhaseSpaceOut.root
100066,100066,0,91003,91003,0,87949,12117,87935,87935,0,0,628,87949,14,/home/ltf/project/github/PCT/data/simulation_data/results0717_s3_water_air_pilot/run_628/PhaseSpaceIn.root,/home/ltf/project/github/PCT/data/simulation_data/results0717_s3_water_air_pilot/run_628/PhaseSpaceOut.root
100142,100142,0,91104,91104,0,88009,12133,87998,87998,0,0,629,88009,11,/home/ltf/project/github/PCT/data/simulation_data/results0717_s3_water_air_pilot/run_629/PhaseSpaceIn.root,/home/ltf/project/github/PCT/data/simulation_data/results0717_s3_water_air_pilot/run_629/PhaseSpaceOut.root
100414,100414,0,91300,91299,1,88178,12236,88165,88165,0,0,630,88178,13,/home/ltf/project/github/PCT/data/simulation_data/results0717_s3_water_air_pilot/run_630/PhaseSpaceIn.root,/home/ltf/project/github/PCT/data/simulation_data/results0717_s3_water_air_pilot/run_630/PhaseSpaceOut.root
99408,99408,0,90295,90295,0,87220,12188,87209,87209,0,0,631,87220,11,/home/ltf/project/github/PCT/data/simulation_data/results0717_s3_water_air_pilot/run_631/PhaseSpaceIn.root,/home/ltf/project/github/PCT/data/simulation_data/results0717_s3_water_air_pilot/run_631/PhaseSpaceOut.root
99704,99704,0,90731,90731,0,87722,11982,87715,87715,0,0,632,87722,7,/home/ltf/project/github/PCT/data/simulation_data/results0717_s3_water_air_pilot/run_632/PhaseSpaceIn.root,/home/ltf/project/github/PCT/data/simulation_data/results0717_s3_water_air_pilot/run_632/PhaseSpaceOut.root
100042,100042,0,90911,90911,0,87771,12271,87756,87756,0,0,633,87771,15,/home/ltf/project/github/PCT/data/simulation_data/results0717_s3_water_air_pilot/run_633/PhaseSpaceIn.root,/home/ltf/project/github/PCT/data/simulation_data/results0717_s3_water_air_pilot/run_633/PhaseSpaceOut.root
100039,100039,0,90893,90893,0,87809,12230,87801,87801,0,0,634,87809,8,/home/ltf/project/github/PCT/data/simulation_data/results0717_s3_water_air_pilot/run_634/PhaseSpaceIn.root,/home/ltf/project/github/PCT/data/simulation_data/results0717_s3_water_air_pilot/run_634/PhaseSpaceOut.root
99559,99559,0,90455,90455,0,87450,12109,87438,87438,0,0,635,87450,12,/home/ltf/project/github/PCT/data/simulation_data/results0717_s3_water_air_pilot/run_635/PhaseSpaceIn.root,/home/ltf/project/github/PCT/data/simulation_data/results0717_s3_water_air_pilot/run_635/PhaseSpaceOut.root
99905,99905,0,90774,90774,0,87612,12293,87601,87601,0,0,636,87612,11,/home/ltf/project/github/PCT/data/simulation_data/results0717_s3_water_air_pilot/run_636/PhaseSpaceIn.root,/home/ltf/project/github/PCT/data/simulation_data/results0717_s3_water_air_pilot/run_636/PhaseSpaceOut.root
99979,99979,0,90848,90848,0,87718,12261,87701,87701,0,0,637,87718,17,/home/ltf/project/github/PCT/data/simulation_data/results0717_s3_water_air_pilot/run_637/PhaseSpaceIn.root,/home/ltf/project/github/PCT/data/simulation_data/results0717_s3_water_air_pilot/run_637/PhaseSpaceOut.root
100048,100048,0,90981,90981,0,87895,12153,87874,87874,0,0,638,87895,21,/home/ltf/project/github/PCT/data/simulation_data/results0717_s3_water_air_pilot/run_638/PhaseSpaceIn.root,/home/ltf/project/github/PCT/data/simulation_data/results0717_s3_water_air_pilot/run_638/PhaseSpaceOut.root
99386,99386,0,90355,90355,0,87138,12248,87121,87121,0,0,639,87138,17,/home/ltf/project/github/PCT/data/simulation_data/results0717_s3_water_air_pilot/run_639/PhaseSpaceIn.root,/home/ltf/project/github/PCT/data/simulation_data/results0717_s3_water_air_pilot/run_639/PhaseSpaceOut.root
100043,100043,0,91077,91077,0,88044,11999,88032,88032,0,0,640,88044,12,/home/ltf/project/github/PCT/data/simulation_data/results0717_s3_water_air_pilot/run_640/PhaseSpaceIn.root,/home/ltf/project/github/PCT/data/simulation_data/results0717_s3_water_air_pilot/run_640/PhaseSpaceOut.root
99939,99939,0,90804,90804,0,87677,12262,87665,87665,0,0,641,87677,12,/home/ltf/project/github/PCT/data/simulation_data/results0717_s3_water_air_pilot/run_641/PhaseSpaceIn.root,/home/ltf/project/github/PCT/data/simulation_data/results0717_s3_water_air_pilot/run_641/PhaseSpaceOut.root
100001,100001,0,90888,90888,0,87796,12205,87782,87782,0,0,642,87796,14,/home/ltf/project/github/PCT/data/simulation_data/results0717_s3_water_air_pilot/run_642/PhaseSpaceIn.root,/home/ltf/project/github/PCT/data/simulation_data/results0717_s3_water_air_pilot/run_642/PhaseSpaceOut.root
100396,100396,0,91299,91299,0,88199,12197,88188,88188,0,0,643,88199,11,/home/ltf/project/github/PCT/data/simulation_data/results0717_s3_water_air_pilot/run_643/PhaseSpaceIn.root,/home/ltf/project/github/PCT/data/simulation_data/results0717_s3_water_air_pilot/run_643/PhaseSpaceOut.root
100115,100115,0,90997,90997,0,87745,12370,87734,87734,0,0,644,87745,11,/home/ltf/project/github/PCT/data/simulation_data/results0717_s3_water_air_pilot/run_644/PhaseSpaceIn.root,/home/ltf/project/github/PCT/data/simulation_data/results0717_s3_water_air_pilot/run_644/PhaseSpaceOut.root
99597,99597,0,90640,90640,0,87485,12112,87471,87471,0,0,645,87485,14,/home/ltf/project/github/PCT/data/simulation_data/results0717_s3_water_air_pilot/run_645/PhaseSpaceIn.root,/home/ltf/project/github/PCT/data/simulation_data/results0717_s3_water_air_pilot/run_645/PhaseSpaceOut.root
100490,100490,0,91530,91530,0,88330,12160,88317,88317,0,0,646,88330,13,/home/ltf/project/github/PCT/data/simulation_data/results0717_s3_water_air_pilot/run_646/PhaseSpaceIn.root,/home/ltf/project/github/PCT/data/simulation_data/results0717_s3_water_air_pilot/run_646/PhaseSpaceOut.root
99566,99566,0,90453,90453,0,87365,12201,87348,87348,0,0,647,87365,17,/home/ltf/project/github/PCT/data/simulation_data/results0717_s3_water_air_pilot/run_647/PhaseSpaceIn.root,/home/ltf/project/github/PCT/data/simulation_data/results0717_s3_water_air_pilot/run_647/PhaseSpaceOut.root
99509,99509,0,90677,90677,0,87604,11905,87586,87586,0,0,648,87604,18,/home/ltf/project/github/PCT/data/simulation_data/results0717_s3_water_air_pilot/run_648/PhaseSpaceIn.root,/home/ltf/project/github/PCT/data/simulation_data/results0717_s3_water_air_pilot/run_648/PhaseSpaceOut.root
99714,99714,0,90716,90716,0,87533,12181,87524,87524,0,0,649,87533,9,/home/ltf/project/github/PCT/data/simulation_data/results0717_s3_water_air_pilot/run_649/PhaseSpaceIn.root,/home/ltf/project/github/PCT/data/simulation_data/results0717_s3_water_air_pilot/run_649/PhaseSpaceOut.root
100256,100256,0,91037,91037,0,87876,12380,87863,87863,0,0,650,87876,13,/home/ltf/project/github/PCT/data/simulation_data/results0717_s3_water_air_pilot/run_650/PhaseSpaceIn.root,/home/ltf/project/github/PCT/data/simulation_data/results0717_s3_water_air_pilot/run_650/PhaseSpaceOut.root
99780,99780,0,90811,90811,0,87693,12087,87685,87685,0,0,651,87693,8,/home/ltf/project/github/PCT/data/simulation_data/results0717_s3_water_air_pilot/run_651/PhaseSpaceIn.root,/home/ltf/project/github/PCT/data/simulation_data/results0717_s3_water_air_pilot/run_651/PhaseSpaceOut.root
99849,99849,0,90761,90761,0,87535,12314,87519,87519,0,0,652,87535,16,/home/ltf/project/github/PCT/data/simulation_data/results0717_s3_water_air_pilot/run_652/PhaseSpaceIn.root,/home/ltf/project/github/PCT/data/simulation_data/results0717_s3_water_air_pilot/run_652/PhaseSpaceOut.root
99591,99591,0,90493,90493,0,87289,12302,87277,87277,0,0,653,87289,12,/home/ltf/project/github/PCT/data/simulation_data/results0717_s3_water_air_pilot/run_653/PhaseSpaceIn.root,/home/ltf/project/github/PCT/data/simulation_data/results0717_s3_water_air_pilot/run_653/PhaseSpaceOut.root
99542,99542,0,90387,90387,0,87258,12284,87232,87232,0,0,654,87258,26,/home/ltf/project/github/PCT/data/simulation_data/results0717_s3_water_air_pilot/run_654/PhaseSpaceIn.root,/home/ltf/project/github/PCT/data/simulation_data/results0717_s3_water_air_pilot/run_654/PhaseSpaceOut.root
99658,99658,0,90621,90621,0,87422,12236,87406,87406,0,0,655,87422,16,/home/ltf/project/github/PCT/data/simulation_data/results0717_s3_water_air_pilot/run_655/PhaseSpaceIn.root,/home/ltf/project/github/PCT/data/simulation_data/results0717_s3_water_air_pilot/run_655/PhaseSpaceOut.root
99737,99737,0,90613,90613,0,87494,12243,87477,87477,0,0,656,87494,17,/home/ltf/project/github/PCT/data/simulation_data/results0717_s3_water_air_pilot/run_656/PhaseSpaceIn.root,/home/ltf/project/github/PCT/data/simulation_data/results0717_s3_water_air_pilot/run_656/PhaseSpaceOut.root
99615,99615,0,90708,90708,0,87480,12135,87472,87472,0,0,657,87480,8,/home/ltf/project/github/PCT/data/simulation_data/results0717_s3_water_air_pilot/run_657/PhaseSpaceIn.root,/home/ltf/project/github/PCT/data/simulation_data/results0717_s3_water_air_pilot/run_657/PhaseSpaceOut.root
100215,100215,0,91110,91110,0,87858,12357,87847,87847,0,0,658,87858,11,/home/ltf/project/github/PCT/data/simulation_data/results0717_s3_water_air_pilot/run_658/PhaseSpaceIn.root,/home/ltf/project/github/PCT/data/simulation_data/results0717_s3_water_air_pilot/run_658/PhaseSpaceOut.root
99835,99835,0,90840,90840,0,87692,12143,87679,87679,0,0,659,87692,13,/home/ltf/project/github/PCT/data/simulation_data/results0717_s3_water_air_pilot/run_659/PhaseSpaceIn.root,/home/ltf/project/github/PCT/data/simulation_data/results0717_s3_water_air_pilot/run_659/PhaseSpaceOut.root
100008,100008,0,90695,90695,0,87498,12510,87481,87481,0,0,660,87498,17,/home/ltf/project/github/PCT/data/simulation_data/results0717_s3_water_air_pilot/run_660/PhaseSpaceIn.root,/home/ltf/project/github/PCT/data/simulation_data/results0717_s3_water_air_pilot/run_660/PhaseSpaceOut.root
100123,100123,0,91194,91194,0,88014,12109,87998,87998,0,0,661,88014,16,/home/ltf/project/github/PCT/data/simulation_data/results0717_s3_water_air_pilot/run_661/PhaseSpaceIn.root,/home/ltf/project/github/PCT/data/simulation_data/results0717_s3_water_air_pilot/run_661/PhaseSpaceOut.root
100209,100209,0,91029,91029,0,87910,12299,87905,87905,0,0,662,87910,5,/home/ltf/project/github/PCT/data/simulation_data/results0717_s3_water_air_pilot/run_662/PhaseSpaceIn.root,/home/ltf/project/github/PCT/data/simulation_data/results0717_s3_water_air_pilot/run_662/PhaseSpaceOut.root
100226,100226,0,91040,91040,0,87894,12332,87878,87878,0,0,663,87894,16,/home/ltf/project/github/PCT/data/simulation_data/results0717_s3_water_air_pilot/run_663/PhaseSpaceIn.root,/home/ltf/project/github/PCT/data/simulation_data/results0717_s3_water_air_pilot/run_663/PhaseSpaceOut.root
99405,99405,0,90455,90455,0,87377,12028,87367,87367,0,0,664,87377,10,/home/ltf/project/github/PCT/data/simulation_data/results0717_s3_water_air_pilot/run_664/PhaseSpaceIn.root,/home/ltf/project/github/PCT/data/simulation_data/results0717_s3_water_air_pilot/run_664/PhaseSpaceOut.root
100133,100133,0,91067,91067,0,88022,12111,88009,88009,0,0,665,88022,13,/home/ltf/project/github/PCT/data/simulation_data/results0717_s3_water_air_pilot/run_665/PhaseSpaceIn.root,/home/ltf/project/github/PCT/data/simulation_data/results0717_s3_water_air_pilot/run_665/PhaseSpaceOut.root
100354,100354,0,91245,91245,0,88159,12195,88148,88148,0,0,666,88159,11,/home/ltf/project/github/PCT/data/simulation_data/results0717_s3_water_air_pilot/run_666/PhaseSpaceIn.root,/home/ltf/project/github/PCT/data/simulation_data/results0717_s3_water_air_pilot/run_666/PhaseSpaceOut.root
100366,100366,0,91139,91139,0,88074,12292,88065,88065,0,0,667,88074,9,/home/ltf/project/github/PCT/data/simulation_data/results0717_s3_water_air_pilot/run_667/PhaseSpaceIn.root,/home/ltf/project/github/PCT/data/simulation_data/results0717_s3_water_air_pilot/run_667/PhaseSpaceOut.root
100285,100285,0,91189,91189,0,88090,12195,88077,88077,0,0,668,88090,13,/home/ltf/project/github/PCT/data/simulation_data/results0717_s3_water_air_pilot/run_668/PhaseSpaceIn.root,/home/ltf/project/github/PCT/data/simulation_data/results0717_s3_water_air_pilot/run_668/PhaseSpaceOut.root
99775,99775,0,90498,90498,0,87454,12321,87439,87439,0,0,669,87454,15,/home/ltf/project/github/PCT/data/simulation_data/results0717_s3_water_air_pilot/run_669/PhaseSpaceIn.root,/home/ltf/project/github/PCT/data/simulation_data/results0717_s3_water_air_pilot/run_669/PhaseSpaceOut.root
99714,99714,0,90715,90715,0,87582,12132,87569,87569,0,0,670,87582,13,/home/ltf/project/github/PCT/data/simulation_data/results0717_s3_water_air_pilot/run_670/PhaseSpaceIn.root,/home/ltf/project/github/PCT/data/simulation_data/results0717_s3_water_air_pilot/run_670/PhaseSpaceOut.root
99531,99531,0,90484,90484,0,87292,12239,87275,87275,0,0,671,87292,17,/home/ltf/project/github/PCT/data/simulation_data/results0717_s3_water_air_pilot/run_671/PhaseSpaceIn.root,/home/ltf/project/github/PCT/data/simulation_data/results0717_s3_water_air_pilot/run_671/PhaseSpaceOut.root
100079,100079,0,91014,91014,0,87861,12218,87847,87847,0,0,672,87861,14,/home/ltf/project/github/PCT/data/simulation_data/results0717_s3_water_air_pilot/run_672/PhaseSpaceIn.root,/home/ltf/project/github/PCT/data/simulation_data/results0717_s3_water_air_pilot/run_672/PhaseSpaceOut.root
99570,99570,0,90593,90593,0,87458,12112,87446,87446,0,0,673,87458,12,/home/ltf/project/github/PCT/data/simulation_data/results0717_s3_water_air_pilot/run_673/PhaseSpaceIn.root,/home/ltf/project/github/PCT/data/simulation_data/results0717_s3_water_air_pilot/run_673/PhaseSpaceOut.root
100178,100178,0,91000,91000,0,87917,12261,87894,87894,0,0,674,87917,23,/home/ltf/project/github/PCT/data/simulation_data/results0717_s3_water_air_pilot/run_674/PhaseSpaceIn.root,/home/ltf/project/github/PCT/data/simulation_data/results0717_s3_water_air_pilot/run_674/PhaseSpaceOut.root
100499,100499,0,91539,91539,0,88390,12109,88373,88373,0,0,675,88390,17,/home/ltf/project/github/PCT/data/simulation_data/results0717_s3_water_air_pilot/run_675/PhaseSpaceIn.root,/home/ltf/project/github/PCT/data/simulation_data/results0717_s3_water_air_pilot/run_675/PhaseSpaceOut.root
100201,100201,0,91126,91126,0,88017,12184,88005,88005,0,0,676,88017,12,/home/ltf/project/github/PCT/data/simulation_data/results0717_s3_water_air_pilot/run_676/PhaseSpaceIn.root,/home/ltf/project/github/PCT/data/simulation_data/results0717_s3_water_air_pilot/run_676/PhaseSpaceOut.root
99533,99533,0,90635,90635,0,87477,12056,87462,87462,0,0,677,87477,15,/home/ltf/project/github/PCT/data/simulation_data/results0717_s3_water_air_pilot/run_677/PhaseSpaceIn.root,/home/ltf/project/github/PCT/data/simulation_data/results0717_s3_water_air_pilot/run_677/PhaseSpaceOut.root
99789,99789,0,90838,90838,0,87744,12045,87725,87725,0,0,678,87744,19,/home/ltf/project/github/PCT/data/simulation_data/results0717_s3_water_air_pilot/run_678/PhaseSpaceIn.root,/home/ltf/project/github/PCT/data/simulation_data/results0717_s3_water_air_pilot/run_678/PhaseSpaceOut.root
100073,100073,0,90920,90920,0,87869,12204,87849,87849,0,0,679,87869,20,/home/ltf/project/github/PCT/data/simulation_data/results0717_s3_water_air_pilot/run_679/PhaseSpaceIn.root,/home/ltf/project/github/PCT/data/simulation_data/results0717_s3_water_air_pilot/run_679/PhaseSpaceOut.root
99980,99980,0,90918,90918,0,87860,12120,87842,87842,0,0,680,87860,18,/home/ltf/project/github/PCT/data/simulation_data/results0717_s3_water_air_pilot/run_680/PhaseSpaceIn.root,/home/ltf/project/github/PCT/data/simulation_data/results0717_s3_water_air_pilot/run_680/PhaseSpaceOut.root
99996,99996,0,90919,90919,0,87860,12136,87846,87846,0,0,681,87860,14,/home/ltf/project/github/PCT/data/simulation_data/results0717_s3_water_air_pilot/run_681/PhaseSpaceIn.root,/home/ltf/project/github/PCT/data/simulation_data/results0717_s3_water_air_pilot/run_681/PhaseSpaceOut.root
99778,99778,0,90694,90694,0,87605,12173,87592,87592,0,0,682,87605,13,/home/ltf/project/github/PCT/data/simulation_data/results0717_s3_water_air_pilot/run_682/PhaseSpaceIn.root,/home/ltf/project/github/PCT/data/simulation_data/results0717_s3_water_air_pilot/run_682/PhaseSpaceOut.root
100289,100289,0,91240,91240,0,88158,12131,88145,88145,0,0,683,88158,13,/home/ltf/project/github/PCT/data/simulation_data/results0717_s3_water_air_pilot/run_683/PhaseSpaceIn.root,/home/ltf/project/github/PCT/data/simulation_data/results0717_s3_water_air_pilot/run_683/PhaseSpaceOut.root
99716,99716,0,90881,90881,0,87826,11890,87810,87810,0,0,684,87826,16,/home/ltf/project/github/PCT/data/simulation_data/results0717_s3_water_air_pilot/run_684/PhaseSpaceIn.root,/home/ltf/project/github/PCT/data/simulation_data/results0717_s3_water_air_pilot/run_684/PhaseSpaceOut.root
99630,99630,0,90622,90622,0,87422,12208,87406,87406,0,0,685,87422,16,/home/ltf/project/github/PCT/data/simulation_data/results0717_s3_water_air_pilot/run_685/PhaseSpaceIn.root,/home/ltf/project/github/PCT/data/simulation_data/results0717_s3_water_air_pilot/run_685/PhaseSpaceOut.root
99639,99639,0,90574,90574,0,87451,12188,87440,87440,0,0,686,87451,11,/home/ltf/project/github/PCT/data/simulation_data/results0717_s3_water_air_pilot/run_686/PhaseSpaceIn.root,/home/ltf/project/github/PCT/data/simulation_data/results0717_s3_water_air_pilot/run_686/PhaseSpaceOut.root
99778,99778,0,90757,90757,0,87600,12178,87587,87587,0,0,687,87600,13,/home/ltf/project/github/PCT/data/simulation_data/results0717_s3_water_air_pilot/run_687/PhaseSpaceIn.root,/home/ltf/project/github/PCT/data/simulation_data/results0717_s3_water_air_pilot/run_687/PhaseSpaceOut.root
99847,99847,0,90910,90910,0,87728,12119,87716,87716,0,0,688,87728,12,/home/ltf/project/github/PCT/data/simulation_data/results0717_s3_water_air_pilot/run_688/PhaseSpaceIn.root,/home/ltf/project/github/PCT/data/simulation_data/results0717_s3_water_air_pilot/run_688/PhaseSpaceOut.root
100139,100139,0,91015,91015,0,87890,12249,87876,87876,0,0,689,87890,14,/home/ltf/project/github/PCT/data/simulation_data/results0717_s3_water_air_pilot/run_689/PhaseSpaceIn.root,/home/ltf/project/github/PCT/data/simulation_data/results0717_s3_water_air_pilot/run_689/PhaseSpaceOut.root
100138,100138,0,91041,91041,0,87826,12312,87805,87805,0,0,690,87826,21,/home/ltf/project/github/PCT/data/simulation_data/results0717_s3_water_air_pilot/run_690/PhaseSpaceIn.root,/home/ltf/project/github/PCT/data/simulation_data/results0717_s3_water_air_pilot/run_690/PhaseSpaceOut.root
99794,99794,0,90707,90707,0,87594,12200,87583,87583,0,0,691,87594,11,/home/ltf/project/github/PCT/data/simulation_data/results0717_s3_water_air_pilot/run_691/PhaseSpaceIn.root,/home/ltf/project/github/PCT/data/simulation_data/results0717_s3_water_air_pilot/run_691/PhaseSpaceOut.root
99159,99159,0,90108,90108,0,87030,12129,87021,87021,0,0,692,87030,9,/home/ltf/project/github/PCT/data/simulation_data/results0717_s3_water_air_pilot/run_692/PhaseSpaceIn.root,/home/ltf/project/github/PCT/data/simulation_data/results0717_s3_water_air_pilot/run_692/PhaseSpaceOut.root
100086,100086,0,90981,90981,0,87895,12191,87885,87885,0,0,693,87895,10,/home/ltf/project/github/PCT/data/simulation_data/results0717_s3_water_air_pilot/run_693/PhaseSpaceIn.root,/home/ltf/project/github/PCT/data/simulation_data/results0717_s3_water_air_pilot/run_693/PhaseSpaceOut.root
100010,100010,0,90977,90977,0,87920,12090,87910,87910,0,0,694,87920,10,/home/ltf/project/github/PCT/data/simulation_data/results0717_s3_water_air_pilot/run_694/PhaseSpaceIn.root,/home/ltf/project/github/PCT/data/simulation_data/results0717_s3_water_air_pilot/run_694/PhaseSpaceOut.root
99996,99996,0,90998,90998,0,87897,12099,87889,87889,0,0,695,87897,8,/home/ltf/project/github/PCT/data/simulation_data/results0717_s3_water_air_pilot/run_695/PhaseSpaceIn.root,/home/ltf/project/github/PCT/data/simulation_data/results0717_s3_water_air_pilot/run_695/PhaseSpaceOut.root
99737,99737,0,90605,90605,0,87504,12233,87495,87495,0,0,696,87504,9,/home/ltf/project/github/PCT/data/simulation_data/results0717_s3_water_air_pilot/run_696/PhaseSpaceIn.root,/home/ltf/project/github/PCT/data/simulation_data/results0717_s3_water_air_pilot/run_696/PhaseSpaceOut.root
100001,100001,0,90846,90846,0,87712,12289,87697,87697,0,0,697,87712,15,/home/ltf/project/github/PCT/data/simulation_data/results0717_s3_water_air_pilot/run_697/PhaseSpaceIn.root,/home/ltf/project/github/PCT/data/simulation_data/results0717_s3_water_air_pilot/run_697/PhaseSpaceOut.root
99929,99929,0,90838,90838,0,87720,12209,87701,87701,0,0,698,87720,19,/home/ltf/project/github/PCT/data/simulation_data/results0717_s3_water_air_pilot/run_698/PhaseSpaceIn.root,/home/ltf/project/github/PCT/data/simulation_data/results0717_s3_water_air_pilot/run_698/PhaseSpaceOut.root
100051,100051,0,90896,90896,0,87783,12268,87767,87767,0,0,699,87783,16,/home/ltf/project/github/PCT/data/simulation_data/results0717_s3_water_air_pilot/run_699/PhaseSpaceIn.root,/home/ltf/project/github/PCT/data/simulation_data/results0717_s3_water_air_pilot/run_699/PhaseSpaceOut.root
100329,100329,0,91298,91298,0,88192,12137,88181,88181,0,0,700,88192,11,/home/ltf/project/github/PCT/data/simulation_data/results0717_s3_water_air_pilot/run_700/PhaseSpaceIn.root,/home/ltf/project/github/PCT/data/simulation_data/results0717_s3_water_air_pilot/run_700/PhaseSpaceOut.root
100080,100080,0,90988,90988,0,87966,12114,87956,87956,0,0,701,87966,10,/home/ltf/project/github/PCT/data/simulation_data/results0717_s3_water_air_pilot/run_701/PhaseSpaceIn.root,/home/ltf/project/github/PCT/data/simulation_data/results0717_s3_water_air_pilot/run_701/PhaseSpaceOut.root
100060,100060,0,91010,91010,0,87819,12241,87811,87811,0,0,702,87819,8,/home/ltf/project/github/PCT/data/simulation_data/results0717_s3_water_air_pilot/run_702/PhaseSpaceIn.root,/home/ltf/project/github/PCT/data/simulation_data/results0717_s3_water_air_pilot/run_702/PhaseSpaceOut.root
100320,100320,0,91136,91135,1,88072,12248,88059,88059,0,0,703,88072,13,/home/ltf/project/github/PCT/data/simulation_data/results0717_s3_water_air_pilot/run_703/PhaseSpaceIn.root,/home/ltf/project/github/PCT/data/simulation_data/results0717_s3_water_air_pilot/run_703/PhaseSpaceOut.root
99776,99776,0,90613,90613,0,87497,12279,87479,87479,0,0,704,87497,18,/home/ltf/project/github/PCT/data/simulation_data/results0717_s3_water_air_pilot/run_704/PhaseSpaceIn.root,/home/ltf/project/github/PCT/data/simulation_data/results0717_s3_water_air_pilot/run_704/PhaseSpaceOut.root
100496,100496,0,91592,91591,1,88518,11978,88506,88506,0,0,705,88518,12,/home/ltf/project/github/PCT/data/simulation_data/results0717_s3_water_air_pilot/run_705/PhaseSpaceIn.root,/home/ltf/project/github/PCT/data/simulation_data/results0717_s3_water_air_pilot/run_705/PhaseSpaceOut.root
100477,100477,0,91463,91463,0,88267,12210,88257,88257,0,0,706,88267,10,/home/ltf/project/github/PCT/data/simulation_data/results0717_s3_water_air_pilot/run_706/PhaseSpaceIn.root,/home/ltf/project/github/PCT/data/simulation_data/results0717_s3_water_air_pilot/run_706/PhaseSpaceOut.root
99636,99636,0,90455,90455,0,87318,12318,87307,87307,0,0,707,87318,11,/home/ltf/project/github/PCT/data/simulation_data/results0717_s3_water_air_pilot/run_707/PhaseSpaceIn.root,/home/ltf/project/github/PCT/data/simulation_data/results0717_s3_water_air_pilot/run_707/PhaseSpaceOut.root
100261,100261,0,91063,91063,0,88007,12254,87994,87994,0,0,708,88007,13,/home/ltf/project/github/PCT/data/simulation_data/results0717_s3_water_air_pilot/run_708/PhaseSpaceIn.root,/home/ltf/project/github/PCT/data/simulation_data/results0717_s3_water_air_pilot/run_708/PhaseSpaceOut.root
100684,100684,0,91633,91633,0,88429,12255,88414,88414,0,0,709,88429,15,/home/ltf/project/github/PCT/data/simulation_data/results0717_s3_water_air_pilot/run_709/PhaseSpaceIn.root,/home/ltf/project/github/PCT/data/simulation_data/results0717_s3_water_air_pilot/run_709/PhaseSpaceOut.root
99304,99304,0,90359,90359,0,87255,12049,87241,87241,0,0,710,87255,14,/home/ltf/project/github/PCT/data/simulation_data/results0717_s3_water_air_pilot/run_710/PhaseSpaceIn.root,/home/ltf/project/github/PCT/data/simulation_data/results0717_s3_water_air_pilot/run_710/PhaseSpaceOut.root
100186,100186,0,91111,91111,0,88010,12176,87993,87993,0,0,711,88010,17,/home/ltf/project/github/PCT/data/simulation_data/results0717_s3_water_air_pilot/run_711/PhaseSpaceIn.root,/home/ltf/project/github/PCT/data/simulation_data/results0717_s3_water_air_pilot/run_711/PhaseSpaceOut.root
99492,99492,0,90419,90419,0,87269,12223,87259,87259,0,0,712,87269,10,/home/ltf/project/github/PCT/data/simulation_data/results0717_s3_water_air_pilot/run_712/PhaseSpaceIn.root,/home/ltf/project/github/PCT/data/simulation_data/results0717_s3_water_air_pilot/run_712/PhaseSpaceOut.root
100136,100136,0,91095,91095,0,88093,12043,88086,88086,0,0,713,88093,7,/home/ltf/project/github/PCT/data/simulation_data/results0717_s3_water_air_pilot/run_713/PhaseSpaceIn.root,/home/ltf/project/github/PCT/data/simulation_data/results0717_s3_water_air_pilot/run_713/PhaseSpaceOut.root
99945,99945,0,90832,90832,0,87685,12260,87666,87666,0,0,714,87685,19,/home/ltf/project/github/PCT/data/simulation_data/results0717_s3_water_air_pilot/run_714/PhaseSpaceIn.root,/home/ltf/project/github/PCT/data/simulation_data/results0717_s3_water_air_pilot/run_714/PhaseSpaceOut.root
99931,99931,0,90951,90951,0,87856,12075,87839,87839,0,0,715,87856,17,/home/ltf/project/github/PCT/data/simulation_data/results0717_s3_water_air_pilot/run_715/PhaseSpaceIn.root,/home/ltf/project/github/PCT/data/simulation_data/results0717_s3_water_air_pilot/run_715/PhaseSpaceOut.root
100341,100341,0,91202,91202,0,88123,12218,88107,88107,0,0,716,88123,16,/home/ltf/project/github/PCT/data/simulation_data/results0717_s3_water_air_pilot/run_716/PhaseSpaceIn.root,/home/ltf/project/github/PCT/data/simulation_data/results0717_s3_water_air_pilot/run_716/PhaseSpaceOut.root
99953,99953,0,90969,90969,0,87863,12090,87851,87851,0,0,717,87863,12,/home/ltf/project/github/PCT/data/simulation_data/results0717_s3_water_air_pilot/run_717/PhaseSpaceIn.root,/home/ltf/project/github/PCT/data/simulation_data/results0717_s3_water_air_pilot/run_717/PhaseSpaceOut.root
100343,100343,0,91182,91182,0,88076,12267,88057,88057,0,0,718,88076,19,/home/ltf/project/github/PCT/data/simulation_data/results0717_s3_water_air_pilot/run_718/PhaseSpaceIn.root,/home/ltf/project/github/PCT/data/simulation_data/results0717_s3_water_air_pilot/run_718/PhaseSpaceOut.root
99920,99920,0,90914,90914,0,87849,12071,87832,87832,0,0,719,87849,17,/home/ltf/project/github/PCT/data/simulation_data/results0717_s3_water_air_pilot/run_719/PhaseSpaceIn.root,/home/ltf/project/github/PCT/data/simulation_data/results0717_s3_water_air_pilot/run_719/PhaseSpaceOut.root
