run_id,condition,seed,fraction,full_filtered,selected,status
0,combined_0p2mm_1pct,20260730,0.5,240908,120528,reused
1,combined_0p2mm_1pct,20260730,0.5,240306,119972,reused
2,combined_0p2mm_1pct,20260730,0.5,240547,119940,reused
3,combined_0p2mm_1pct,20260730,0.5,240874,120454,reused
4,combined_0p2mm_1pct,20260730,0.5,241233,120697,reused
5,combined_0p2mm_1pct,20260730,0.5,239919,119990,reused
6,combined_0p2mm_1pct,20260730,0.5,240818,120363,reused
7,combined_0p2mm_1pct,20260730,0.5,240886,120678,reused
8,combined_0p2mm_1pct,20260730,0.5,240763,120064,reused
9,combined_0p2mm_1pct,20260730,0.5,240516,120556,reused
10,combined_0p2mm_1pct,20260730,0.5,240272,119991,reused
11,combined_0p2mm_1pct,20260730,0.5,239822,119962,reused
12,combined_0p2mm_1pct,20260730,0.5,240881,120450,reused
13,combined_0p2mm_1pct,20260730,0.5,241208,120351,reused
14,combined_0p2mm_1pct,20260730,0.5,240027,120015,reused
15,combined_0p2mm_1pct,20260730,0.5,240957,120340,reused
16,combined_0p2mm_1pct,20260730,0.5,241218,120733,reused
17,combined_0p2mm_1pct,20260730,0.5,242152,121028,reused
18,combined_0p2mm_1pct,20260730,0.5,240973,120917,reused
19,combined_0p2mm_1pct,20260730,0.5,241615,121213,reused
20,combined_0p2mm_1pct,20260730,0.5,240334,120211,reused
21,combined_0p2mm_1pct,20260730,0.5,242643,121368,reused
22,combined_0p2mm_1pct,20260730,0.5,241386,120609,reused
23,combined_0p2mm_1pct,20260730,0.5,240787,120026,reused
24,combined_0p2mm_1pct,20260730,0.5,242048,121333,reused
25,combined_0p2mm_1pct,20260730,0.5,241209,120743,reused
26,combined_0p2mm_1pct,20260730,0.5,241031,120616,reused
27,combined_0p2mm_1pct,20260730,0.5,240399,120234,reused
28,combined_0p2mm_1pct,20260730,0.5,240218,120319,reused
29,combined_0p2mm_1pct,20260730,0.5,240634,120454,reused
30,combined_0p2mm_1pct,20260730,0.5,240992,120426,reused
31,combined_0p2mm_1pct,20260730,0.5,241007,120245,reused
32,combined_0p2mm_1pct,20260730,0.5,241100,120425,reused
33,combined_0p2mm_1pct,20260730,0.5,240348,120063,reused
34,combined_0p2mm_1pct,20260730,0.5,241915,121375,reused
35,combined_0p2mm_1pct,20260730,0.5,240982,120387,reused
36,combined_0p2mm_1pct,20260730,0.5,241523,120809,reused
37,combined_0p2mm_1pct,20260730,0.5,241064,120409,reused
38,combined_0p2mm_1pct,20260730,0.5,240807,120200,reused
39,combined_0p2mm_1pct,20260730,0.5,241439,120722,reused
40,combined_0p2mm_1pct,20260730,0.5,241005,120257,reused
41,combined_0p2mm_1pct,20260730,0.5,240641,120174,reused
42,combined_0p2mm_1pct,20260730,0.5,242044,121067,reused
43,combined_0p2mm_1pct,20260730,0.5,241141,120192,reused
44,combined_0p2mm_1pct,20260730,0.5,241880,121086,reused
45,combined_0p2mm_1pct,20260730,0.5,240329,120163,reused
46,combined_0p2mm_1pct,20260730,0.5,242138,120767,reused
47,combined_0p2mm_1pct,20260730,0.5,240624,119995,reused
48,combined_0p2mm_1pct,20260730,0.5,240720,120632,reused
49,combined_0p2mm_1pct,20260730,0.5,240396,119795,reused
50,combined_0p2mm_1pct,20260730,0.5,239237,119606,reused
51,combined_0p2mm_1pct,20260730,0.5,241655,120782,reused
52,combined_0p2mm_1pct,20260730,0.5,240348,120083,reused
53,combined_0p2mm_1pct,20260730,0.5,240558,120450,reused
54,combined_0p2mm_1pct,20260730,0.5,240261,120220,reused
55,combined_0p2mm_1pct,20260730,0.5,240853,120294,reused
56,combined_0p2mm_1pct,20260730,0.5,241118,120363,reused
57,combined_0p2mm_1pct,20260730,0.5,240921,120374,reused
58,combined_0p2mm_1pct,20260730,0.5,241393,120352,reused
59,combined_0p2mm_1pct,20260730,0.5,240566,120110,reused
60,combined_0p2mm_1pct,20260730,0.5,241494,120927,reused
61,combined_0p2mm_1pct,20260730,0.5,241039,120796,reused
62,combined_0p2mm_1pct,20260730,0.5,240446,120419,reused
63,combined_0p2mm_1pct,20260730,0.5,240722,120094,reused
64,combined_0p2mm_1pct,20260730,0.5,241358,121178,reused
65,combined_0p2mm_1pct,20260730,0.5,240387,119888,reused
66,combined_0p2mm_1pct,20260730,0.5,240442,120176,reused
67,combined_0p2mm_1pct,20260730,0.5,240720,119846,reused
68,combined_0p2mm_1pct,20260730,0.5,241246,120720,reused
69,combined_0p2mm_1pct,20260730,0.5,241457,120819,reused
70,combined_0p2mm_1pct,20260730,0.5,241255,120895,reused
71,combined_0p2mm_1pct,20260730,0.5,239713,119386,reused
72,combined_0p2mm_1pct,20260730,0.5,240189,120272,reused
73,combined_0p2mm_1pct,20260730,0.5,240123,120098,reused
74,combined_0p2mm_1pct,20260730,0.5,240854,120846,reused
75,combined_0p2mm_1pct,20260730,0.5,241046,120498,reused
76,combined_0p2mm_1pct,20260730,0.5,240978,120986,reused
77,combined_0p2mm_1pct,20260730,0.5,240904,120618,reused
78,combined_0p2mm_1pct,20260730,0.5,240729,120428,reused
79,combined_0p2mm_1pct,20260730,0.5,241384,120487,reused
80,combined_0p2mm_1pct,20260730,0.5,240517,120595,reused
81,combined_0p2mm_1pct,20260730,0.5,240643,120012,reused
82,combined_0p2mm_1pct,20260730,0.5,241157,120531,reused
83,combined_0p2mm_1pct,20260730,0.5,241506,120589,reused
84,combined_0p2mm_1pct,20260730,0.5,241048,120771,reused
85,combined_0p2mm_1pct,20260730,0.5,240830,120449,reused
86,combined_0p2mm_1pct,20260730,0.5,240942,120460,reused
87,combined_0p2mm_1pct,20260730,0.5,241227,120918,reused
88,combined_0p2mm_1pct,20260730,0.5,241423,120634,reused
89,combined_0p2mm_1pct,20260730,0.5,241135,120339,reused
90,combined_0p2mm_1pct,20260730,0.5,240879,120283,reused
91,combined_0p2mm_1pct,20260730,0.5,240175,120078,reused
92,combined_0p2mm_1pct,20260730,0.5,241207,120641,reused
93,combined_0p2mm_1pct,20260730,0.5,241501,120772,reused
94,combined_0p2mm_1pct,20260730,0.5,241157,120200,reused
95,combined_0p2mm_1pct,20260730,0.5,241157,120894,reused
96,combined_0p2mm_1pct,20260730,0.5,239653,119471,reused
97,combined_0p2mm_1pct,20260730,0.5,241039,120794,reused
98,combined_0p2mm_1pct,20260730,0.5,241086,120495,reused
99,combined_0p2mm_1pct,20260730,0.5,240725,120884,reused
100,combined_0p2mm_1pct,20260730,0.5,240485,120458,reused
101,combined_0p2mm_1pct,20260730,0.5,241354,120892,reused
102,combined_0p2mm_1pct,20260730,0.5,239783,119756,reused
103,combined_0p2mm_1pct,20260730,0.5,241385,121169,reused
104,combined_0p2mm_1pct,20260730,0.5,241035,120341,reused
105,combined_0p2mm_1pct,20260730,0.5,240756,120375,reused
106,combined_0p2mm_1pct,20260730,0.5,241896,121150,reused
107,combined_0p2mm_1pct,20260730,0.5,241463,120770,reused
108,combined_0p2mm_1pct,20260730,0.5,241253,120614,reused
109,combined_0p2mm_1pct,20260730,0.5,241184,120406,reused
110,combined_0p2mm_1pct,20260730,0.5,240699,120387,reused
111,combined_0p2mm_1pct,20260730,0.5,240997,119814,reused
112,combined_0p2mm_1pct,20260730,0.5,240583,120447,reused
113,combined_0p2mm_1pct,20260730,0.5,240964,120368,reused
114,combined_0p2mm_1pct,20260730,0.5,240600,119758,reused
115,combined_0p2mm_1pct,20260730,0.5,240261,120298,reused
116,combined_0p2mm_1pct,20260730,0.5,241637,120959,reused
117,combined_0p2mm_1pct,20260730,0.5,241311,121111,reused
118,combined_0p2mm_1pct,20260730,0.5,241938,120159,reused
119,combined_0p2mm_1pct,20260730,0.5,241176,120583,reused
120,combined_0p2mm_1pct,20260730,0.5,240797,120584,reused
121,combined_0p2mm_1pct,20260730,0.5,239857,120022,reused
122,combined_0p2mm_1pct,20260730,0.5,241214,120672,reused
123,combined_0p2mm_1pct,20260730,0.5,240683,120230,reused
124,combined_0p2mm_1pct,20260730,0.5,241329,120771,reused
125,combined_0p2mm_1pct,20260730,0.5,240875,120846,reused
126,combined_0p2mm_1pct,20260730,0.5,240875,120480,reused
127,combined_0p2mm_1pct,20260730,0.5,241068,120494,reused
128,combined_0p2mm_1pct,20260730,0.5,240162,120183,reused
129,combined_0p2mm_1pct,20260730,0.5,240374,119992,reused
130,combined_0p2mm_1pct,20260730,0.5,240488,120353,reused
131,combined_0p2mm_1pct,20260730,0.5,240947,120137,reused
132,combined_0p2mm_1pct,20260730,0.5,240457,120655,reused
133,combined_0p2mm_1pct,20260730,0.5,240179,120446,reused
134,combined_0p2mm_1pct,20260730,0.5,241068,120523,reused
135,combined_0p2mm_1pct,20260730,0.5,241135,120758,reused
136,combined_0p2mm_1pct,20260730,0.5,241233,120637,reused
137,combined_0p2mm_1pct,20260730,0.5,240408,120080,reused
138,combined_0p2mm_1pct,20260730,0.5,241083,120509,reused
139,combined_0p2mm_1pct,20260730,0.5,241078,120375,reused
140,combined_0p2mm_1pct,20260730,0.5,241286,120737,reused
141,combined_0p2mm_1pct,20260730,0.5,240855,120310,reused
142,combined_0p2mm_1pct,20260730,0.5,239727,120066,reused
143,combined_0p2mm_1pct,20260730,0.5,240739,120726,reused
144,combined_0p2mm_1pct,20260730,0.5,240422,120061,reused
145,combined_0p2mm_1pct,20260730,0.5,240282,120168,reused
146,combined_0p2mm_1pct,20260730,0.5,241067,120570,reused
147,combined_0p2mm_1pct,20260730,0.5,241037,120111,reused
148,combined_0p2mm_1pct,20260730,0.5,241161,120136,reused
149,combined_0p2mm_1pct,20260730,0.5,240800,120824,reused
150,combined_0p2mm_1pct,20260730,0.5,240507,120628,reused
151,combined_0p2mm_1pct,20260730,0.5,241033,120445,reused
152,combined_0p2mm_1pct,20260730,0.5,241001,120474,reused
153,combined_0p2mm_1pct,20260730,0.5,241719,120762,reused
154,combined_0p2mm_1pct,20260730,0.5,240524,120292,reused
155,combined_0p2mm_1pct,20260730,0.5,240618,120460,reused
156,combined_0p2mm_1pct,20260730,0.5,240539,120344,reused
157,combined_0p2mm_1pct,20260730,0.5,240510,120218,reused
158,combined_0p2mm_1pct,20260730,0.5,240599,120381,reused
159,combined_0p2mm_1pct,20260730,0.5,241239,120386,reused
160,combined_0p2mm_1pct,20260730,0.5,241132,120949,reused
161,combined_0p2mm_1pct,20260730,0.5,241499,120511,reused
162,combined_0p2mm_1pct,20260730,0.5,240360,119802,reused
163,combined_0p2mm_1pct,20260730,0.5,241610,120843,reused
164,combined_0p2mm_1pct,20260730,0.5,240837,120435,reused
165,combined_0p2mm_1pct,20260730,0.5,241151,120514,reused
166,combined_0p2mm_1pct,20260730,0.5,240725,120603,reused
167,combined_0p2mm_1pct,20260730,0.5,241365,121197,reused
168,combined_0p2mm_1pct,20260730,0.5,241536,120664,reused
169,combined_0p2mm_1pct,20260730,0.5,240427,119996,reused
170,combined_0p2mm_1pct,20260730,0.5,240964,120550,reused
171,combined_0p2mm_1pct,20260730,0.5,241023,120820,reused
172,combined_0p2mm_1pct,20260730,0.5,241123,120518,reused
173,combined_0p2mm_1pct,20260730,0.5,241006,120882,reused
174,combined_0p2mm_1pct,20260730,0.5,241268,120614,reused
175,combined_0p2mm_1pct,20260730,0.5,241692,120798,reused
176,combined_0p2mm_1pct,20260730,0.5,241657,120894,reused
177,combined_0p2mm_1pct,20260730,0.5,241337,120467,reused
178,combined_0p2mm_1pct,20260730,0.5,240388,120029,reused
179,combined_0p2mm_1pct,20260730,0.5,241249,120603,reused
180,combined_0p2mm_1pct,20260730,0.5,240882,120330,reused
181,combined_0p2mm_1pct,20260730,0.5,240380,120130,reused
182,combined_0p2mm_1pct,20260730,0.5,241316,120577,reused
183,combined_0p2mm_1pct,20260730,0.5,240300,120153,reused
184,combined_0p2mm_1pct,20260730,0.5,240947,120702,reused
185,combined_0p2mm_1pct,20260730,0.5,240971,120425,reused
186,combined_0p2mm_1pct,20260730,0.5,240357,120568,reused
187,combined_0p2mm_1pct,20260730,0.5,240216,120367,reused
188,combined_0p2mm_1pct,20260730,0.5,240934,120407,reused
189,combined_0p2mm_1pct,20260730,0.5,241240,120807,reused
190,combined_0p2mm_1pct,20260730,0.5,241174,120960,reused
191,combined_0p2mm_1pct,20260730,0.5,240369,120121,reused
192,combined_0p2mm_1pct,20260730,0.5,240885,120427,reused
193,combined_0p2mm_1pct,20260730,0.5,240718,120172,reused
194,combined_0p2mm_1pct,20260730,0.5,240756,120544,reused
195,combined_0p2mm_1pct,20260730,0.5,241521,120958,reused
196,combined_0p2mm_1pct,20260730,0.5,241341,120292,reused
197,combined_0p2mm_1pct,20260730,0.5,241197,120709,reused
198,combined_0p2mm_1pct,20260730,0.5,240527,119779,reused
199,combined_0p2mm_1pct,20260730,0.5,239869,119385,reused
200,combined_0p2mm_1pct,20260730,0.5,240896,120494,reused
201,combined_0p2mm_1pct,20260730,0.5,240240,120507,reused
202,combined_0p2mm_1pct,20260730,0.5,241293,120802,reused
203,combined_0p2mm_1pct,20260730,0.5,240678,120501,reused
204,combined_0p2mm_1pct,20260730,0.5,240589,120246,reused
205,combined_0p2mm_1pct,20260730,0.5,240051,119892,reused
206,combined_0p2mm_1pct,20260730,0.5,240297,119835,reused
207,combined_0p2mm_1pct,20260730,0.5,241886,120987,reused
208,combined_0p2mm_1pct,20260730,0.5,239942,119837,reused
209,combined_0p2mm_1pct,20260730,0.5,240912,121097,reused
210,combined_0p2mm_1pct,20260730,0.5,240983,120211,reused
211,combined_0p2mm_1pct,20260730,0.5,241703,120755,reused
212,combined_0p2mm_1pct,20260730,0.5,240275,119943,reused
213,combined_0p2mm_1pct,20260730,0.5,240401,120014,reused
214,combined_0p2mm_1pct,20260730,0.5,240575,119793,reused
215,combined_0p2mm_1pct,20260730,0.5,240581,120633,reused
216,combined_0p2mm_1pct,20260730,0.5,240287,120164,reused
217,combined_0p2mm_1pct,20260730,0.5,241294,120326,reused
218,combined_0p2mm_1pct,20260730,0.5,241083,120438,reused
219,combined_0p2mm_1pct,20260730,0.5,240190,119939,reused
220,combined_0p2mm_1pct,20260730,0.5,240722,120379,reused
221,combined_0p2mm_1pct,20260730,0.5,240569,120453,reused
222,combined_0p2mm_1pct,20260730,0.5,240533,120151,reused
223,combined_0p2mm_1pct,20260730,0.5,240918,119874,reused
224,combined_0p2mm_1pct,20260730,0.5,240980,120336,reused
225,combined_0p2mm_1pct,20260730,0.5,240624,120396,reused
226,combined_0p2mm_1pct,20260730,0.5,240717,120386,reused
227,combined_0p2mm_1pct,20260730,0.5,242010,120660,reused
228,combined_0p2mm_1pct,20260730,0.5,241189,120648,reused
229,combined_0p2mm_1pct,20260730,0.5,241069,120205,reused
230,combined_0p2mm_1pct,20260730,0.5,240423,120552,reused
231,combined_0p2mm_1pct,20260730,0.5,240523,120312,reused
232,combined_0p2mm_1pct,20260730,0.5,242115,121170,reused
233,combined_0p2mm_1pct,20260730,0.5,241682,120038,reused
234,combined_0p2mm_1pct,20260730,0.5,240950,120876,reused
235,combined_0p2mm_1pct,20260730,0.5,241448,120788,reused
236,combined_0p2mm_1pct,20260730,0.5,240066,120016,reused
237,combined_0p2mm_1pct,20260730,0.5,241336,120441,reused
238,combined_0p2mm_1pct,20260730,0.5,240262,120265,reused
239,combined_0p2mm_1pct,20260730,0.5,240826,120018,reused
240,combined_0p2mm_1pct,20260730,0.5,241266,121092,reused
241,combined_0p2mm_1pct,20260730,0.5,240968,121188,reused
242,combined_0p2mm_1pct,20260730,0.5,241091,120661,reused
243,combined_0p2mm_1pct,20260730,0.5,240511,120343,reused
244,combined_0p2mm_1pct,20260730,0.5,241184,120739,reused
245,combined_0p2mm_1pct,20260730,0.5,241197,120002,reused
246,combined_0p2mm_1pct,20260730,0.5,241291,120953,reused
247,combined_0p2mm_1pct,20260730,0.5,240777,120473,reused
248,combined_0p2mm_1pct,20260730,0.5,240626,120356,reused
249,combined_0p2mm_1pct,20260730,0.5,240351,120275,reused
250,combined_0p2mm_1pct,20260730,0.5,241308,120693,reused
251,combined_0p2mm_1pct,20260730,0.5,240867,120535,reused
252,combined_0p2mm_1pct,20260730,0.5,241503,120628,reused
253,combined_0p2mm_1pct,20260730,0.5,241281,120893,reused
254,combined_0p2mm_1pct,20260730,0.5,241893,120749,reused
255,combined_0p2mm_1pct,20260730,0.5,240510,120136,reused
256,combined_0p2mm_1pct,20260730,0.5,240643,120479,reused
257,combined_0p2mm_1pct,20260730,0.5,240819,120494,reused
258,combined_0p2mm_1pct,20260730,0.5,240781,120430,reused
259,combined_0p2mm_1pct,20260730,0.5,241355,120544,reused
260,combined_0p2mm_1pct,20260730,0.5,241821,120655,reused
261,combined_0p2mm_1pct,20260730,0.5,241292,120894,reused
262,combined_0p2mm_1pct,20260730,0.5,240862,119779,reused
263,combined_0p2mm_1pct,20260730,0.5,241300,120979,reused
264,combined_0p2mm_1pct,20260730,0.5,241332,120414,reused
265,combined_0p2mm_1pct,20260730,0.5,240768,120694,reused
266,combined_0p2mm_1pct,20260730,0.5,240472,120077,reused
267,combined_0p2mm_1pct,20260730,0.5,240639,119964,reused
268,combined_0p2mm_1pct,20260730,0.5,241811,120862,reused
269,combined_0p2mm_1pct,20260730,0.5,240730,121147,reused
270,combined_0p2mm_1pct,20260730,0.5,239993,119894,reused
271,combined_0p2mm_1pct,20260730,0.5,241297,120497,reused
272,combined_0p2mm_1pct,20260730,0.5,241031,120886,reused
273,combined_0p2mm_1pct,20260730,0.5,240223,119929,reused
274,combined_0p2mm_1pct,20260730,0.5,241751,120879,reused
275,combined_0p2mm_1pct,20260730,0.5,240481,120342,reused
276,combined_0p2mm_1pct,20260730,0.5,240613,120621,reused
277,combined_0p2mm_1pct,20260730,0.5,240638,120207,reused
278,combined_0p2mm_1pct,20260730,0.5,240412,120675,reused
279,combined_0p2mm_1pct,20260730,0.5,240693,120029,reused
280,combined_0p2mm_1pct,20260730,0.5,240574,120447,reused
281,combined_0p2mm_1pct,20260730,0.5,241467,120839,reused
282,combined_0p2mm_1pct,20260730,0.5,240570,119955,reused
283,combined_0p2mm_1pct,20260730,0.5,240850,120171,reused
284,combined_0p2mm_1pct,20260730,0.5,240929,120423,reused
285,combined_0p2mm_1pct,20260730,0.5,241039,120547,reused
286,combined_0p2mm_1pct,20260730,0.5,240597,119995,reused
287,combined_0p2mm_1pct,20260730,0.5,240215,120461,reused
288,combined_0p2mm_1pct,20260730,0.5,241054,120406,reused
289,combined_0p2mm_1pct,20260730,0.5,241390,120493,reused
290,combined_0p2mm_1pct,20260730,0.5,240869,120205,reused
291,combined_0p2mm_1pct,20260730,0.5,241093,120555,reused
292,combined_0p2mm_1pct,20260730,0.5,239999,120091,reused
293,combined_0p2mm_1pct,20260730,0.5,240151,119924,reused
294,combined_0p2mm_1pct,20260730,0.5,241050,120591,reused
295,combined_0p2mm_1pct,20260730,0.5,240894,120483,reused
296,combined_0p2mm_1pct,20260730,0.5,241074,120418,reused
297,combined_0p2mm_1pct,20260730,0.5,241445,120700,reused
298,combined_0p2mm_1pct,20260730,0.5,240092,120137,reused
299,combined_0p2mm_1pct,20260730,0.5,241188,120861,reused
300,combined_0p2mm_1pct,20260730,0.5,239829,119868,reused
301,combined_0p2mm_1pct,20260730,0.5,240707,119801,reused
302,combined_0p2mm_1pct,20260730,0.5,241603,121071,reused
303,combined_0p2mm_1pct,20260730,0.5,241230,120834,reused
304,combined_0p2mm_1pct,20260730,0.5,241607,120437,reused
305,combined_0p2mm_1pct,20260730,0.5,241810,121241,reused
306,combined_0p2mm_1pct,20260730,0.5,240513,120192,reused
307,combined_0p2mm_1pct,20260730,0.5,240798,120729,reused
308,combined_0p2mm_1pct,20260730,0.5,240459,119687,reused
309,combined_0p2mm_1pct,20260730,0.5,240450,119557,reused
310,combined_0p2mm_1pct,20260730,0.5,240325,120223,reused
311,combined_0p2mm_1pct,20260730,0.5,241800,120729,reused
312,combined_0p2mm_1pct,20260730,0.5,241463,120684,reused
313,combined_0p2mm_1pct,20260730,0.5,240565,120308,reused
314,combined_0p2mm_1pct,20260730,0.5,241423,120796,reused
315,combined_0p2mm_1pct,20260730,0.5,240671,120365,reused
316,combined_0p2mm_1pct,20260730,0.5,241036,120567,reused
317,combined_0p2mm_1pct,20260730,0.5,240362,119940,reused
318,combined_0p2mm_1pct,20260730,0.5,240999,119739,reused
319,combined_0p2mm_1pct,20260730,0.5,241948,121058,reused
320,combined_0p2mm_1pct,20260730,0.5,240815,120474,reused
321,combined_0p2mm_1pct,20260730,0.5,241068,120677,reused
322,combined_0p2mm_1pct,20260730,0.5,241613,120931,reused
323,combined_0p2mm_1pct,20260730,0.5,240794,120204,reused
324,combined_0p2mm_1pct,20260730,0.5,240742,120010,reused
325,combined_0p2mm_1pct,20260730,0.5,241077,120357,reused
326,combined_0p2mm_1pct,20260730,0.5,240858,120234,reused
327,combined_0p2mm_1pct,20260730,0.5,241011,121006,reused
328,combined_0p2mm_1pct,20260730,0.5,241225,120614,reused
329,combined_0p2mm_1pct,20260730,0.5,241282,120758,reused
330,combined_0p2mm_1pct,20260730,0.5,241237,120722,reused
331,combined_0p2mm_1pct,20260730,0.5,241556,120807,reused
332,combined_0p2mm_1pct,20260730,0.5,240495,120422,reused
333,combined_0p2mm_1pct,20260730,0.5,241934,121178,reused
334,combined_0p2mm_1pct,20260730,0.5,241121,120881,reused
335,combined_0p2mm_1pct,20260730,0.5,240540,120348,reused
336,combined_0p2mm_1pct,20260730,0.5,241461,120700,reused
337,combined_0p2mm_1pct,20260730,0.5,241372,120354,reused
338,combined_0p2mm_1pct,20260730,0.5,240720,120413,reused
339,combined_0p2mm_1pct,20260730,0.5,240830,120439,reused
340,combined_0p2mm_1pct,20260730,0.5,241148,120606,reused
341,combined_0p2mm_1pct,20260730,0.5,240439,120668,reused
342,combined_0p2mm_1pct,20260730,0.5,241437,120867,reused
343,combined_0p2mm_1pct,20260730,0.5,241052,120513,reused
344,combined_0p2mm_1pct,20260730,0.5,240557,120578,reused
345,combined_0p2mm_1pct,20260730,0.5,241004,120933,reused
346,combined_0p2mm_1pct,20260730,0.5,241433,120632,reused
347,combined_0p2mm_1pct,20260730,0.5,240804,120364,reused
348,combined_0p2mm_1pct,20260730,0.5,241132,120473,reused
349,combined_0p2mm_1pct,20260730,0.5,240197,120258,reused
350,combined_0p2mm_1pct,20260730,0.5,240626,119820,reused
351,combined_0p2mm_1pct,20260730,0.5,241460,120798,reused
352,combined_0p2mm_1pct,20260730,0.5,240587,120181,reused
353,combined_0p2mm_1pct,20260730,0.5,240914,120451,reused
354,combined_0p2mm_1pct,20260730,0.5,241064,120312,reused
355,combined_0p2mm_1pct,20260730,0.5,240831,120365,reused
356,combined_0p2mm_1pct,20260730,0.5,240889,120736,reused
357,combined_0p2mm_1pct,20260730,0.5,240647,120573,reused
358,combined_0p2mm_1pct,20260730,0.5,240566,120418,reused
359,combined_0p2mm_1pct,20260730,0.5,239839,119724,reused
360,combined_0p2mm_1pct,20260730,0.5,241151,120765,reused
361,combined_0p2mm_1pct,20260730,0.5,240811,120067,reused
362,combined_0p2mm_1pct,20260730,0.5,240961,120293,reused
363,combined_0p2mm_1pct,20260730,0.5,240890,120265,reused
364,combined_0p2mm_1pct,20260730,0.5,240738,120643,reused
365,combined_0p2mm_1pct,20260730,0.5,240466,119852,reused
366,combined_0p2mm_1pct,20260730,0.5,240910,120292,reused
367,combined_0p2mm_1pct,20260730,0.5,241256,120681,reused
368,combined_0p2mm_1pct,20260730,0.5,241055,120404,reused
369,combined_0p2mm_1pct,20260730,0.5,241602,120761,reused
370,combined_0p2mm_1pct,20260730,0.5,241995,120866,reused
371,combined_0p2mm_1pct,20260730,0.5,241447,120818,reused
372,combined_0p2mm_1pct,20260730,0.5,241163,120443,reused
373,combined_0p2mm_1pct,20260730,0.5,240688,120183,reused
374,combined_0p2mm_1pct,20260730,0.5,240675,120414,reused
375,combined_0p2mm_1pct,20260730,0.5,241388,120655,reused
376,combined_0p2mm_1pct,20260730,0.5,241438,121119,reused
377,combined_0p2mm_1pct,20260730,0.5,240709,120438,reused
378,combined_0p2mm_1pct,20260730,0.5,240825,120125,reused
379,combined_0p2mm_1pct,20260730,0.5,240641,120286,reused
380,combined_0p2mm_1pct,20260730,0.5,241011,120012,reused
381,combined_0p2mm_1pct,20260730,0.5,240737,120249,reused
382,combined_0p2mm_1pct,20260730,0.5,241572,120733,reused
383,combined_0p2mm_1pct,20260730,0.5,241182,120683,reused
384,combined_0p2mm_1pct,20260730,0.5,240465,120081,reused
385,combined_0p2mm_1pct,20260730,0.5,240690,120232,reused
386,combined_0p2mm_1pct,20260730,0.5,240862,120425,reused
387,combined_0p2mm_1pct,20260730,0.5,241376,120272,reused
388,combined_0p2mm_1pct,20260730,0.5,240305,120192,reused
389,combined_0p2mm_1pct,20260730,0.5,240681,119957,reused
390,combined_0p2mm_1pct,20260730,0.5,239986,119724,reused
391,combined_0p2mm_1pct,20260730,0.5,240436,119926,reused
392,combined_0p2mm_1pct,20260730,0.5,240927,120352,reused
393,combined_0p2mm_1pct,20260730,0.5,239875,119691,reused
394,combined_0p2mm_1pct,20260730,0.5,242016,121012,reused
395,combined_0p2mm_1pct,20260730,0.5,241215,120764,reused
396,combined_0p2mm_1pct,20260730,0.5,240853,120099,reused
397,combined_0p2mm_1pct,20260730,0.5,240692,120510,reused
398,combined_0p2mm_1pct,20260730,0.5,241592,120787,reused
399,combined_0p2mm_1pct,20260730,0.5,240652,120303,reused
400,combined_0p2mm_1pct,20260730,0.5,240601,119917,reused
401,combined_0p2mm_1pct,20260730,0.5,241133,120747,reused
402,combined_0p2mm_1pct,20260730,0.5,241480,120703,reused
403,combined_0p2mm_1pct,20260730,0.5,240486,120615,reused
404,combined_0p2mm_1pct,20260730,0.5,240573,119849,reused
405,combined_0p2mm_1pct,20260730,0.5,240862,120223,reused
406,combined_0p2mm_1pct,20260730,0.5,240827,120261,reused
407,combined_0p2mm_1pct,20260730,0.5,241056,120842,reused
408,combined_0p2mm_1pct,20260730,0.5,239994,120187,reused
409,combined_0p2mm_1pct,20260730,0.5,240217,120107,reused
410,combined_0p2mm_1pct,20260730,0.5,240775,120201,reused
411,combined_0p2mm_1pct,20260730,0.5,240709,120320,reused
412,combined_0p2mm_1pct,20260730,0.5,241211,120341,reused
413,combined_0p2mm_1pct,20260730,0.5,240778,120550,reused
414,combined_0p2mm_1pct,20260730,0.5,241235,120712,reused
415,combined_0p2mm_1pct,20260730,0.5,240918,120143,reused
416,combined_0p2mm_1pct,20260730,0.5,241282,120078,reused
417,combined_0p2mm_1pct,20260730,0.5,240557,120174,reused
418,combined_0p2mm_1pct,20260730,0.5,241558,121220,reused
419,combined_0p2mm_1pct,20260730,0.5,240967,120767,reused
420,combined_0p2mm_1pct,20260730,0.5,240505,120062,reused
421,combined_0p2mm_1pct,20260730,0.5,241157,120774,reused
422,combined_0p2mm_1pct,20260730,0.5,241357,120404,reused
423,combined_0p2mm_1pct,20260730,0.5,240693,120669,reused
424,combined_0p2mm_1pct,20260730,0.5,240527,120315,reused
425,combined_0p2mm_1pct,20260730,0.5,241259,120781,reused
426,combined_0p2mm_1pct,20260730,0.5,240852,120221,reused
427,combined_0p2mm_1pct,20260730,0.5,241066,120526,reused
428,combined_0p2mm_1pct,20260730,0.5,240242,120151,reused
429,combined_0p2mm_1pct,20260730,0.5,241087,120714,reused
430,combined_0p2mm_1pct,20260730,0.5,241723,120896,reused
431,combined_0p2mm_1pct,20260730,0.5,241020,120127,reused
432,combined_0p2mm_1pct,20260730,0.5,240414,120045,reused
433,combined_0p2mm_1pct,20260730,0.5,240553,120085,reused
434,combined_0p2mm_1pct,20260730,0.5,240618,120449,reused
435,combined_0p2mm_1pct,20260730,0.5,240937,120691,reused
436,combined_0p2mm_1pct,20260730,0.5,240877,120464,reused
437,combined_0p2mm_1pct,20260730,0.5,241765,120770,reused
438,combined_0p2mm_1pct,20260730,0.5,241040,120308,reused
439,combined_0p2mm_1pct,20260730,0.5,240729,119939,reused
440,combined_0p2mm_1pct,20260730,0.5,241904,121059,reused
441,combined_0p2mm_1pct,20260730,0.5,241772,120963,reused
442,combined_0p2mm_1pct,20260730,0.5,239977,120228,reused
443,combined_0p2mm_1pct,20260730,0.5,239965,120048,reused
444,combined_0p2mm_1pct,20260730,0.5,240288,120034,reused
445,combined_0p2mm_1pct,20260730,0.5,240738,120320,reused
446,combined_0p2mm_1pct,20260730,0.5,239697,120472,reused
447,combined_0p2mm_1pct,20260730,0.5,240672,120300,reused
448,combined_0p2mm_1pct,20260730,0.5,240453,120337,reused
449,combined_0p2mm_1pct,20260730,0.5,240255,120130,reused
450,combined_0p2mm_1pct,20260730,0.5,242012,120884,reused
451,combined_0p2mm_1pct,20260730,0.5,241153,121055,reused
452,combined_0p2mm_1pct,20260730,0.5,241366,120679,reused
453,combined_0p2mm_1pct,20260730,0.5,241635,121040,reused
454,combined_0p2mm_1pct,20260730,0.5,241511,120858,reused
455,combined_0p2mm_1pct,20260730,0.5,240723,120485,reused
456,combined_0p2mm_1pct,20260730,0.5,241154,120525,reused
457,combined_0p2mm_1pct,20260730,0.5,240593,120671,reused
458,combined_0p2mm_1pct,20260730,0.5,241627,120769,reused
459,combined_0p2mm_1pct,20260730,0.5,240294,119972,reused
460,combined_0p2mm_1pct,20260730,0.5,239828,120107,reused
461,combined_0p2mm_1pct,20260730,0.5,241143,120550,reused
462,combined_0p2mm_1pct,20260730,0.5,240472,120093,reused
463,combined_0p2mm_1pct,20260730,0.5,241063,120463,reused
464,combined_0p2mm_1pct,20260730,0.5,240891,120850,reused
465,combined_0p2mm_1pct,20260730,0.5,241774,121342,reused
466,combined_0p2mm_1pct,20260730,0.5,240716,120380,reused
467,combined_0p2mm_1pct,20260730,0.5,240214,119967,reused
468,combined_0p2mm_1pct,20260730,0.5,241684,120874,reused
469,combined_0p2mm_1pct,20260730,0.5,240650,120297,reused
470,combined_0p2mm_1pct,20260730,0.5,240761,120026,reused
471,combined_0p2mm_1pct,20260730,0.5,241091,120345,reused
472,combined_0p2mm_1pct,20260730,0.5,241425,120625,reused
473,combined_0p2mm_1pct,20260730,0.5,241191,120553,reused
474,combined_0p2mm_1pct,20260730,0.5,239749,119891,reused
475,combined_0p2mm_1pct,20260730,0.5,240568,119796,reused
476,combined_0p2mm_1pct,20260730,0.5,240566,120285,reused
477,combined_0p2mm_1pct,20260730,0.5,241212,120616,reused
478,combined_0p2mm_1pct,20260730,0.5,240356,120323,reused
479,combined_0p2mm_1pct,20260730,0.5,241203,120135,reused
480,combined_0p2mm_1pct,20260730,0.5,241108,120685,reused
481,combined_0p2mm_1pct,20260730,0.5,241515,120901,reused
482,combined_0p2mm_1pct,20260730,0.5,241416,120729,reused
483,combined_0p2mm_1pct,20260730,0.5,240422,120114,reused
484,combined_0p2mm_1pct,20260730,0.5,240825,120403,reused
485,combined_0p2mm_1pct,20260730,0.5,240526,120518,reused
486,combined_0p2mm_1pct,20260730,0.5,241118,120794,reused
487,combined_0p2mm_1pct,20260730,0.5,240506,120066,reused
488,combined_0p2mm_1pct,20260730,0.5,241249,120880,reused
489,combined_0p2mm_1pct,20260730,0.5,241011,120634,reused
490,combined_0p2mm_1pct,20260730,0.5,240401,120094,reused
491,combined_0p2mm_1pct,20260730,0.5,240271,120607,reused
492,combined_0p2mm_1pct,20260730,0.5,240218,119937,reused
493,combined_0p2mm_1pct,20260730,0.5,240691,120674,reused
494,combined_0p2mm_1pct,20260730,0.5,240383,120323,reused
495,combined_0p2mm_1pct,20260730,0.5,241482,120983,reused
496,combined_0p2mm_1pct,20260730,0.5,239979,120055,reused
497,combined_0p2mm_1pct,20260730,0.5,240785,120241,reused
498,combined_0p2mm_1pct,20260730,0.5,240990,120196,reused
499,combined_0p2mm_1pct,20260730,0.5,240563,120500,reused
500,combined_0p2mm_1pct,20260730,0.5,241040,120271,reused
501,combined_0p2mm_1pct,20260730,0.5,240506,120361,reused
502,combined_0p2mm_1pct,20260730,0.5,242147,121389,reused
503,combined_0p2mm_1pct,20260730,0.5,240867,120310,reused
504,combined_0p2mm_1pct,20260730,0.5,241298,120828,reused
505,combined_0p2mm_1pct,20260730,0.5,239784,119947,reused
506,combined_0p2mm_1pct,20260730,0.5,240679,119977,reused
507,combined_0p2mm_1pct,20260730,0.5,241206,120880,reused
508,combined_0p2mm_1pct,20260730,0.5,241524,120819,reused
509,combined_0p2mm_1pct,20260730,0.5,240237,120132,reused
510,combined_0p2mm_1pct,20260730,0.5,241752,120752,reused
511,combined_0p2mm_1pct,20260730,0.5,240428,120296,reused
512,combined_0p2mm_1pct,20260730,0.5,240536,120282,reused
513,combined_0p2mm_1pct,20260730,0.5,240813,120506,reused
514,combined_0p2mm_1pct,20260730,0.5,240514,120265,reused
515,combined_0p2mm_1pct,20260730,0.5,240432,120192,reused
516,combined_0p2mm_1pct,20260730,0.5,240698,120173,reused
517,combined_0p2mm_1pct,20260730,0.5,241110,120672,reused
518,combined_0p2mm_1pct,20260730,0.5,240109,120222,reused
519,combined_0p2mm_1pct,20260730,0.5,240453,120297,reused
520,combined_0p2mm_1pct,20260730,0.5,241134,120927,reused
521,combined_0p2mm_1pct,20260730,0.5,240419,119824,reused
522,combined_0p2mm_1pct,20260730,0.5,240560,120562,reused
523,combined_0p2mm_1pct,20260730,0.5,240547,120391,reused
524,combined_0p2mm_1pct,20260730,0.5,240596,120574,reused
525,combined_0p2mm_1pct,20260730,0.5,240756,120399,reused
526,combined_0p2mm_1pct,20260730,0.5,241077,120237,reused
527,combined_0p2mm_1pct,20260730,0.5,240700,120667,reused
528,combined_0p2mm_1pct,20260730,0.5,240712,119894,reused
529,combined_0p2mm_1pct,20260730,0.5,240648,120395,reused
530,combined_0p2mm_1pct,20260730,0.5,241568,120811,reused
531,combined_0p2mm_1pct,20260730,0.5,241419,121124,reused
532,combined_0p2mm_1pct,20260730,0.5,241200,120332,reused
533,combined_0p2mm_1pct,20260730,0.5,240533,120304,reused
534,combined_0p2mm_1pct,20260730,0.5,240815,120579,reused
535,combined_0p2mm_1pct,20260730,0.5,240863,120314,reused
536,combined_0p2mm_1pct,20260730,0.5,241359,120167,reused
537,combined_0p2mm_1pct,20260730,0.5,240796,120439,reused
538,combined_0p2mm_1pct,20260730,0.5,240431,120299,reused
539,combined_0p2mm_1pct,20260730,0.5,240304,120473,reused
540,combined_0p2mm_1pct,20260730,0.5,240520,120094,reused
541,combined_0p2mm_1pct,20260730,0.5,240228,120114,reused
542,combined_0p2mm_1pct,20260730,0.5,240452,119830,reused
543,combined_0p2mm_1pct,20260730,0.5,241334,120449,reused
544,combined_0p2mm_1pct,20260730,0.5,241135,120581,reused
545,combined_0p2mm_1pct,20260730,0.5,241208,120509,reused
546,combined_0p2mm_1pct,20260730,0.5,241637,120731,reused
547,combined_0p2mm_1pct,20260730,0.5,241503,120567,reused
548,combined_0p2mm_1pct,20260730,0.5,240206,120328,reused
549,combined_0p2mm_1pct,20260730,0.5,241164,120674,reused
550,combined_0p2mm_1pct,20260730,0.5,241321,120759,reused
551,combined_0p2mm_1pct,20260730,0.5,240541,120177,reused
552,combined_0p2mm_1pct,20260730,0.5,241742,120374,reused
553,combined_0p2mm_1pct,20260730,0.5,241692,121252,reused
554,combined_0p2mm_1pct,20260730,0.5,239876,119662,reused
555,combined_0p2mm_1pct,20260730,0.5,240427,120240,reused
556,combined_0p2mm_1pct,20260730,0.5,240565,120533,reused
557,combined_0p2mm_1pct,20260730,0.5,240488,120688,reused
558,combined_0p2mm_1pct,20260730,0.5,239962,120202,reused
559,combined_0p2mm_1pct,20260730,0.5,240465,120538,reused
560,combined_0p2mm_1pct,20260730,0.5,241247,120897,reused
561,combined_0p2mm_1pct,20260730,0.5,241874,121465,reused
562,combined_0p2mm_1pct,20260730,0.5,240257,120305,reused
563,combined_0p2mm_1pct,20260730,0.5,240800,121054,reused
564,combined_0p2mm_1pct,20260730,0.5,240428,119916,reused
565,combined_0p2mm_1pct,20260730,0.5,240642,120470,reused
566,combined_0p2mm_1pct,20260730,0.5,240217,119847,reused
567,combined_0p2mm_1pct,20260730,0.5,241773,120578,reused
568,combined_0p2mm_1pct,20260730,0.5,240920,120857,reused
569,combined_0p2mm_1pct,20260730,0.5,240503,120317,reused
570,combined_0p2mm_1pct,20260730,0.5,240556,119820,reused
571,combined_0p2mm_1pct,20260730,0.5,241293,120369,reused
572,combined_0p2mm_1pct,20260730,0.5,240594,120105,reused
573,combined_0p2mm_1pct,20260730,0.5,241277,120630,reused
574,combined_0p2mm_1pct,20260730,0.5,241026,120608,reused
575,combined_0p2mm_1pct,20260730,0.5,240993,120432,reused
576,combined_0p2mm_1pct,20260730,0.5,241337,120385,reused
577,combined_0p2mm_1pct,20260730,0.5,240983,120425,reused
578,combined_0p2mm_1pct,20260730,0.5,240532,120447,reused
579,combined_0p2mm_1pct,20260730,0.5,240383,119908,reused
580,combined_0p2mm_1pct,20260730,0.5,240195,120092,reused
581,combined_0p2mm_1pct,20260730,0.5,241357,120982,reused
582,combined_0p2mm_1pct,20260730,0.5,240957,120355,reused
583,combined_0p2mm_1pct,20260730,0.5,241077,120706,reused
584,combined_0p2mm_1pct,20260730,0.5,241270,120704,reused
585,combined_0p2mm_1pct,20260730,0.5,241692,120851,reused
586,combined_0p2mm_1pct,20260730,0.5,241600,120283,reused
587,combined_0p2mm_1pct,20260730,0.5,240798,120108,reused
588,combined_0p2mm_1pct,20260730,0.5,240836,120517,reused
589,combined_0p2mm_1pct,20260730,0.5,241216,120839,reused
590,combined_0p2mm_1pct,20260730,0.5,241131,120823,reused
591,combined_0p2mm_1pct,20260730,0.5,241102,120687,reused
592,combined_0p2mm_1pct,20260730,0.5,240407,119937,reused
593,combined_0p2mm_1pct,20260730,0.5,240175,119807,reused
594,combined_0p2mm_1pct,20260730,0.5,240663,120170,reused
595,combined_0p2mm_1pct,20260730,0.5,240793,120498,reused
596,combined_0p2mm_1pct,20260730,0.5,241190,120606,reused
597,combined_0p2mm_1pct,20260730,0.5,241664,120825,reused
598,combined_0p2mm_1pct,20260730,0.5,240806,120529,reused
599,combined_0p2mm_1pct,20260730,0.5,240634,120569,reused
600,combined_0p2mm_1pct,20260730,0.5,241416,121068,reused
601,combined_0p2mm_1pct,20260730,0.5,240356,119770,reused
602,combined_0p2mm_1pct,20260730,0.5,241483,120693,reused
603,combined_0p2mm_1pct,20260730,0.5,241404,120552,reused
604,combined_0p2mm_1pct,20260730,0.5,240859,120479,reused
605,combined_0p2mm_1pct,20260730,0.5,240343,120116,reused
606,combined_0p2mm_1pct,20260730,0.5,241435,120839,reused
607,combined_0p2mm_1pct,20260730,0.5,241265,120746,reused
608,combined_0p2mm_1pct,20260730,0.5,240670,120335,reused
609,combined_0p2mm_1pct,20260730,0.5,241578,120854,reused
610,combined_0p2mm_1pct,20260730,0.5,241523,121016,reused
611,combined_0p2mm_1pct,20260730,0.5,241313,121173,reused
612,combined_0p2mm_1pct,20260730,0.5,240961,120548,reused
613,combined_0p2mm_1pct,20260730,0.5,240598,120384,reused
614,combined_0p2mm_1pct,20260730,0.5,240274,120522,reused
615,combined_0p2mm_1pct,20260730,0.5,240737,120510,reused
616,combined_0p2mm_1pct,20260730,0.5,240271,120174,reused
617,combined_0p2mm_1pct,20260730,0.5,240557,120480,reused
618,combined_0p2mm_1pct,20260730,0.5,240829,120354,reused
619,combined_0p2mm_1pct,20260730,0.5,241229,120780,reused
620,combined_0p2mm_1pct,20260730,0.5,240026,120082,reused
621,combined_0p2mm_1pct,20260730,0.5,241267,120678,reused
622,combined_0p2mm_1pct,20260730,0.5,241003,120515,reused
623,combined_0p2mm_1pct,20260730,0.5,241010,120533,reused
624,combined_0p2mm_1pct,20260730,0.5,240708,119948,reused
625,combined_0p2mm_1pct,20260730,0.5,241061,120503,reused
626,combined_0p2mm_1pct,20260730,0.5,241207,120560,reused
627,combined_0p2mm_1pct,20260730,0.5,241650,120846,reused
628,combined_0p2mm_1pct,20260730,0.5,241089,120443,reused
629,combined_0p2mm_1pct,20260730,0.5,241029,120575,reused
630,combined_0p2mm_1pct,20260730,0.5,240070,120104,reused
631,combined_0p2mm_1pct,20260730,0.5,241746,121055,reused
632,combined_0p2mm_1pct,20260730,0.5,240781,120010,reused
633,combined_0p2mm_1pct,20260730,0.5,241258,120516,reused
634,combined_0p2mm_1pct,20260730,0.5,240587,120607,reused
635,combined_0p2mm_1pct,20260730,0.5,240969,121020,reused
636,combined_0p2mm_1pct,20260730,0.5,240536,120145,reused
637,combined_0p2mm_1pct,20260730,0.5,240092,120283,reused
638,combined_0p2mm_1pct,20260730,0.5,241076,120930,reused
639,combined_0p2mm_1pct,20260730,0.5,241044,120701,reused
640,combined_0p2mm_1pct,20260730,0.5,240949,120606,reused
641,combined_0p2mm_1pct,20260730,0.5,241126,119784,reused
642,combined_0p2mm_1pct,20260730,0.5,240792,120341,reused
643,combined_0p2mm_1pct,20260730,0.5,241158,120800,reused
644,combined_0p2mm_1pct,20260730,0.5,240922,120729,reused
645,combined_0p2mm_1pct,20260730,0.5,241192,120660,reused
646,combined_0p2mm_1pct,20260730,0.5,240125,119777,reused
647,combined_0p2mm_1pct,20260730,0.5,241315,120974,reused
648,combined_0p2mm_1pct,20260730,0.5,241097,120695,reused
649,combined_0p2mm_1pct,20260730,0.5,240977,120529,reused
650,combined_0p2mm_1pct,20260730,0.5,241199,120667,reused
651,combined_0p2mm_1pct,20260730,0.5,240582,120375,reused
652,combined_0p2mm_1pct,20260730,0.5,240405,120172,reused
653,combined_0p2mm_1pct,20260730,0.5,240894,120864,reused
654,combined_0p2mm_1pct,20260730,0.5,240595,120237,reused
655,combined_0p2mm_1pct,20260730,0.5,239913,120270,reused
656,combined_0p2mm_1pct,20260730,0.5,240731,120760,reused
657,combined_0p2mm_1pct,20260730,0.5,241166,120746,reused
658,combined_0p2mm_1pct,20260730,0.5,241413,121129,reused
659,combined_0p2mm_1pct,20260730,0.5,240752,120090,reused
660,combined_0p2mm_1pct,20260730,0.5,240886,120108,reused
661,combined_0p2mm_1pct,20260730,0.5,239828,120108,reused
662,combined_0p2mm_1pct,20260730,0.5,240179,119917,reused
663,combined_0p2mm_1pct,20260730,0.5,240783,119950,reused
664,combined_0p2mm_1pct,20260730,0.5,241517,120924,reused
665,combined_0p2mm_1pct,20260730,0.5,240078,119870,reused
666,combined_0p2mm_1pct,20260730,0.5,239628,119718,reused
667,combined_0p2mm_1pct,20260730,0.5,240757,120727,reused
668,combined_0p2mm_1pct,20260730,0.5,241228,120693,reused
669,combined_0p2mm_1pct,20260730,0.5,240966,120406,reused
670,combined_0p2mm_1pct,20260730,0.5,240335,120324,reused
671,combined_0p2mm_1pct,20260730,0.5,240553,120238,reused
672,combined_0p2mm_1pct,20260730,0.5,240397,120070,reused
673,combined_0p2mm_1pct,20260730,0.5,240545,120534,reused
674,combined_0p2mm_1pct,20260730,0.5,239613,119838,reused
675,combined_0p2mm_1pct,20260730,0.5,241019,120644,reused
676,combined_0p2mm_1pct,20260730,0.5,240729,120519,reused
677,combined_0p2mm_1pct,20260730,0.5,240801,120008,reused
678,combined_0p2mm_1pct,20260730,0.5,240741,120550,reused
679,combined_0p2mm_1pct,20260730,0.5,241269,120663,reused
680,combined_0p2mm_1pct,20260730,0.5,240838,120213,reused
681,combined_0p2mm_1pct,20260730,0.5,240507,120608,reused
682,combined_0p2mm_1pct,20260730,0.5,240587,120157,reused
683,combined_0p2mm_1pct,20260730,0.5,241720,120547,reused
684,combined_0p2mm_1pct,20260730,0.5,241478,120543,reused
685,combined_0p2mm_1pct,20260730,0.5,241389,120746,reused
686,combined_0p2mm_1pct,20260730,0.5,240647,120248,reused
687,combined_0p2mm_1pct,20260730,0.5,240429,120468,reused
688,combined_0p2mm_1pct,20260730,0.5,239426,119573,reused
689,combined_0p2mm_1pct,20260730,0.5,240743,120099,reused
690,combined_0p2mm_1pct,20260730,0.5,241050,120794,reused
691,combined_0p2mm_1pct,20260730,0.5,240755,120450,reused
692,combined_0p2mm_1pct,20260730,0.5,241185,120542,reused
693,combined_0p2mm_1pct,20260730,0.5,240508,119901,reused
694,combined_0p2mm_1pct,20260730,0.5,241203,120793,reused
695,combined_0p2mm_1pct,20260730,0.5,242045,120644,reused
696,combined_0p2mm_1pct,20260730,0.5,240906,120649,reused
697,combined_0p2mm_1pct,20260730,0.5,240963,120292,reused
698,combined_0p2mm_1pct,20260730,0.5,240327,119767,reused
699,combined_0p2mm_1pct,20260730,0.5,240449,120419,reused
700,combined_0p2mm_1pct,20260730,0.5,240916,120756,reused
701,combined_0p2mm_1pct,20260730,0.5,241143,120443,reused
702,combined_0p2mm_1pct,20260730,0.5,241050,120237,reused
703,combined_0p2mm_1pct,20260730,0.5,240906,120153,reused
704,combined_0p2mm_1pct,20260730,0.5,240926,120552,reused
705,combined_0p2mm_1pct,20260730,0.5,241494,120706,reused
706,combined_0p2mm_1pct,20260730,0.5,241070,120580,reused
707,combined_0p2mm_1pct,20260730,0.5,241615,120589,reused
708,combined_0p2mm_1pct,20260730,0.5,240195,120427,reused
709,combined_0p2mm_1pct,20260730,0.5,240849,120975,reused
710,combined_0p2mm_1pct,20260730,0.5,240283,120037,reused
711,combined_0p2mm_1pct,20260730,0.5,241044,120589,reused
712,combined_0p2mm_1pct,20260730,0.5,241242,120645,reused
713,combined_0p2mm_1pct,20260730,0.5,241186,120554,reused
714,combined_0p2mm_1pct,20260730,0.5,240600,120761,reused
715,combined_0p2mm_1pct,20260730,0.5,241362,120606,reused
716,combined_0p2mm_1pct,20260730,0.5,241445,120854,reused
717,combined_0p2mm_1pct,20260730,0.5,240433,120047,reused
718,combined_0p2mm_1pct,20260730,0.5,240441,120063,reused
719,combined_0p2mm_1pct,20260730,0.5,240835,120323,reused
0,combined_0p2mm_1pct,20260730,0.25,240908,59956,reused
1,combined_0p2mm_1pct,20260730,0.25,240306,60418,reused
2,combined_0p2mm_1pct,20260730,0.25,240547,60204,reused
3,combined_0p2mm_1pct,20260730,0.25,240874,60153,reused
4,combined_0p2mm_1pct,20260730,0.25,241233,60382,reused
5,combined_0p2mm_1pct,20260730,0.25,239919,60083,reused
6,combined_0p2mm_1pct,20260730,0.25,240818,59977,reused
7,combined_0p2mm_1pct,20260730,0.25,240886,60475,reused
8,combined_0p2mm_1pct,20260730,0.25,240763,60163,reused
9,combined_0p2mm_1pct,20260730,0.25,240516,60088,reused
10,combined_0p2mm_1pct,20260730,0.25,240272,59854,reused
11,combined_0p2mm_1pct,20260730,0.25,239822,60120,reused
12,combined_0p2mm_1pct,20260730,0.25,240881,60108,reused
13,combined_0p2mm_1pct,20260730,0.25,241208,60351,reused
14,combined_0p2mm_1pct,20260730,0.25,240027,60241,reused
15,combined_0p2mm_1pct,20260730,0.25,240957,60178,reused
16,combined_0p2mm_1pct,20260730,0.25,241218,60339,reused
17,combined_0p2mm_1pct,20260730,0.25,242152,60329,reused
18,combined_0p2mm_1pct,20260730,0.25,240973,60213,reused
19,combined_0p2mm_1pct,20260730,0.25,241615,60642,reused
20,combined_0p2mm_1pct,20260730,0.25,240334,60165,reused
21,combined_0p2mm_1pct,20260730,0.25,242643,60602,reused
22,combined_0p2mm_1pct,20260730,0.25,241386,60236,reused
23,combined_0p2mm_1pct,20260730,0.25,240787,59923,reused
24,combined_0p2mm_1pct,20260730,0.25,242048,60510,reused
25,combined_0p2mm_1pct,20260730,0.25,241209,60405,reused
26,combined_0p2mm_1pct,20260730,0.25,241031,60391,reused
27,combined_0p2mm_1pct,20260730,0.25,240399,60307,reused
28,combined_0p2mm_1pct,20260730,0.25,240218,60512,reused
29,combined_0p2mm_1pct,20260730,0.25,240634,60119,reused
30,combined_0p2mm_1pct,20260730,0.25,240992,59897,reused
31,combined_0p2mm_1pct,20260730,0.25,241007,60301,reused
32,combined_0p2mm_1pct,20260730,0.25,241100,60108,reused
33,combined_0p2mm_1pct,20260730,0.25,240348,60053,reused
34,combined_0p2mm_1pct,20260730,0.25,241915,60519,reused
35,combined_0p2mm_1pct,20260730,0.25,240982,60044,reused
36,combined_0p2mm_1pct,20260730,0.25,241523,60303,reused
37,combined_0p2mm_1pct,20260730,0.25,241064,60551,reused
38,combined_0p2mm_1pct,20260730,0.25,240807,60300,reused
39,combined_0p2mm_1pct,20260730,0.25,241439,60243,reused
40,combined_0p2mm_1pct,20260730,0.25,241005,59910,reused
41,combined_0p2mm_1pct,20260730,0.25,240641,59959,reused
42,combined_0p2mm_1pct,20260730,0.25,242044,60742,reused
43,combined_0p2mm_1pct,20260730,0.25,241141,59981,reused
44,combined_0p2mm_1pct,20260730,0.25,241880,60395,reused
45,combined_0p2mm_1pct,20260730,0.25,240329,59837,reused
46,combined_0p2mm_1pct,20260730,0.25,242138,60793,reused
47,combined_0p2mm_1pct,20260730,0.25,240624,60051,reused
48,combined_0p2mm_1pct,20260730,0.25,240720,60138,reused
49,combined_0p2mm_1pct,20260730,0.25,240396,59979,reused
50,combined_0p2mm_1pct,20260730,0.25,239237,59994,reused
51,combined_0p2mm_1pct,20260730,0.25,241655,60460,reused
52,combined_0p2mm_1pct,20260730,0.25,240348,59652,reused
53,combined_0p2mm_1pct,20260730,0.25,240558,60225,reused
54,combined_0p2mm_1pct,20260730,0.25,240261,60353,reused
55,combined_0p2mm_1pct,20260730,0.25,240853,60337,reused
56,combined_0p2mm_1pct,20260730,0.25,241118,60075,reused
57,combined_0p2mm_1pct,20260730,0.25,240921,60086,reused
58,combined_0p2mm_1pct,20260730,0.25,241393,60422,reused
59,combined_0p2mm_1pct,20260730,0.25,240566,59980,reused
60,combined_0p2mm_1pct,20260730,0.25,241494,60575,reused
61,combined_0p2mm_1pct,20260730,0.25,241039,60441,reused
62,combined_0p2mm_1pct,20260730,0.25,240446,60253,reused
63,combined_0p2mm_1pct,20260730,0.25,240722,60142,reused
64,combined_0p2mm_1pct,20260730,0.25,241358,60677,reused
65,combined_0p2mm_1pct,20260730,0.25,240387,60069,reused
66,combined_0p2mm_1pct,20260730,0.25,240442,60223,reused
67,combined_0p2mm_1pct,20260730,0.25,240720,59880,reused
68,combined_0p2mm_1pct,20260730,0.25,241246,60192,reused
69,combined_0p2mm_1pct,20260730,0.25,241457,60619,reused
70,combined_0p2mm_1pct,20260730,0.25,241255,60527,reused
71,combined_0p2mm_1pct,20260730,0.25,239713,59580,reused
72,combined_0p2mm_1pct,20260730,0.25,240189,59740,reused
73,combined_0p2mm_1pct,20260730,0.25,240123,59818,reused
74,combined_0p2mm_1pct,20260730,0.25,240854,60414,reused
75,combined_0p2mm_1pct,20260730,0.25,241046,60270,reused
76,combined_0p2mm_1pct,20260730,0.25,240978,60636,reused
77,combined_0p2mm_1pct,20260730,0.25,240904,60181,reused
78,combined_0p2mm_1pct,20260730,0.25,240729,60277,reused
79,combined_0p2mm_1pct,20260730,0.25,241384,60277,reused
80,combined_0p2mm_1pct,20260730,0.25,240517,60267,reused
81,combined_0p2mm_1pct,20260730,0.25,240643,59840,reused
82,combined_0p2mm_1pct,20260730,0.25,241157,60376,reused
83,combined_0p2mm_1pct,20260730,0.25,241506,60213,reused
84,combined_0p2mm_1pct,20260730,0.25,241048,60100,reused
85,combined_0p2mm_1pct,20260730,0.25,240830,60345,reused
86,combined_0p2mm_1pct,20260730,0.25,240942,60413,reused
87,combined_0p2mm_1pct,20260730,0.25,241227,60495,reused
88,combined_0p2mm_1pct,20260730,0.25,241423,60377,reused
89,combined_0p2mm_1pct,20260730,0.25,241135,60354,reused
90,combined_0p2mm_1pct,20260730,0.25,240879,60264,reused
91,combined_0p2mm_1pct,20260730,0.25,240175,60184,reused
92,combined_0p2mm_1pct,20260730,0.25,241207,60027,reused
93,combined_0p2mm_1pct,20260730,0.25,241501,60566,reused
94,combined_0p2mm_1pct,20260730,0.25,241157,59932,reused
95,combined_0p2mm_1pct,20260730,0.25,241157,60787,reused
96,combined_0p2mm_1pct,20260730,0.25,239653,59377,reused
97,combined_0p2mm_1pct,20260730,0.25,241039,60377,reused
98,combined_0p2mm_1pct,20260730,0.25,241086,60410,reused
99,combined_0p2mm_1pct,20260730,0.25,240725,60518,reused
100,combined_0p2mm_1pct,20260730,0.25,240485,60119,reused
101,combined_0p2mm_1pct,20260730,0.25,241354,60276,reused
102,combined_0p2mm_1pct,20260730,0.25,239783,59904,reused
103,combined_0p2mm_1pct,20260730,0.25,241385,60888,reused
104,combined_0p2mm_1pct,20260730,0.25,241035,60454,reused
105,combined_0p2mm_1pct,20260730,0.25,240756,60213,reused
106,combined_0p2mm_1pct,20260730,0.25,241896,60396,reused
107,combined_0p2mm_1pct,20260730,0.25,241463,60278,reused
108,combined_0p2mm_1pct,20260730,0.25,241253,60176,reused
109,combined_0p2mm_1pct,20260730,0.25,241184,60553,reused
110,combined_0p2mm_1pct,20260730,0.25,240699,60407,reused
111,combined_0p2mm_1pct,20260730,0.25,240997,59974,reused
112,combined_0p2mm_1pct,20260730,0.25,240583,60278,reused
113,combined_0p2mm_1pct,20260730,0.25,240964,60152,reused
114,combined_0p2mm_1pct,20260730,0.25,240600,59885,reused
115,combined_0p2mm_1pct,20260730,0.25,240261,60311,reused
116,combined_0p2mm_1pct,20260730,0.25,241637,60422,reused
117,combined_0p2mm_1pct,20260730,0.25,241311,60379,reused
118,combined_0p2mm_1pct,20260730,0.25,241938,60033,reused
119,combined_0p2mm_1pct,20260730,0.25,241176,60562,reused
120,combined_0p2mm_1pct,20260730,0.25,240797,60108,reused
121,combined_0p2mm_1pct,20260730,0.25,239857,59935,reused
122,combined_0p2mm_1pct,20260730,0.25,241214,60275,reused
123,combined_0p2mm_1pct,20260730,0.25,240683,59954,reused
124,combined_0p2mm_1pct,20260730,0.25,241329,60505,reused
125,combined_0p2mm_1pct,20260730,0.25,240875,60607,reused
126,combined_0p2mm_1pct,20260730,0.25,240875,60201,reused
127,combined_0p2mm_1pct,20260730,0.25,241068,60186,reused
128,combined_0p2mm_1pct,20260730,0.25,240162,60220,reused
129,combined_0p2mm_1pct,20260730,0.25,240374,60400,reused
130,combined_0p2mm_1pct,20260730,0.25,240488,60017,reused
131,combined_0p2mm_1pct,20260730,0.25,240947,60168,reused
132,combined_0p2mm_1pct,20260730,0.25,240457,60501,reused
133,combined_0p2mm_1pct,20260730,0.25,240179,60066,reused
134,combined_0p2mm_1pct,20260730,0.25,241068,60252,reused
135,combined_0p2mm_1pct,20260730,0.25,241135,60426,reused
136,combined_0p2mm_1pct,20260730,0.25,241233,60212,reused
137,combined_0p2mm_1pct,20260730,0.25,240408,60239,reused
138,combined_0p2mm_1pct,20260730,0.25,241083,60385,reused
139,combined_0p2mm_1pct,20260730,0.25,241078,60339,reused
140,combined_0p2mm_1pct,20260730,0.25,241286,60429,reused
141,combined_0p2mm_1pct,20260730,0.25,240855,59929,reused
142,combined_0p2mm_1pct,20260730,0.25,239727,60034,reused
143,combined_0p2mm_1pct,20260730,0.25,240739,60119,reused
144,combined_0p2mm_1pct,20260730,0.25,240422,59935,reused
145,combined_0p2mm_1pct,20260730,0.25,240282,60293,reused
146,combined_0p2mm_1pct,20260730,0.25,241067,60038,reused
147,combined_0p2mm_1pct,20260730,0.25,241037,59881,reused
148,combined_0p2mm_1pct,20260730,0.25,241161,60252,reused
149,combined_0p2mm_1pct,20260730,0.25,240800,60609,reused
150,combined_0p2mm_1pct,20260730,0.25,240507,60345,reused
151,combined_0p2mm_1pct,20260730,0.25,241033,60302,reused
152,combined_0p2mm_1pct,20260730,0.25,241001,60063,reused
153,combined_0p2mm_1pct,20260730,0.25,241719,60314,reused
154,combined_0p2mm_1pct,20260730,0.25,240524,60120,reused
155,combined_0p2mm_1pct,20260730,0.25,240618,60340,reused
156,combined_0p2mm_1pct,20260730,0.25,240539,60318,reused
157,combined_0p2mm_1pct,20260730,0.25,240510,59936,reused
158,combined_0p2mm_1pct,20260730,0.25,240599,60154,reused
159,combined_0p2mm_1pct,20260730,0.25,241239,60085,reused
160,combined_0p2mm_1pct,20260730,0.25,241132,60034,reused
161,combined_0p2mm_1pct,20260730,0.25,241499,60341,reused
162,combined_0p2mm_1pct,20260730,0.25,240360,59853,reused
163,combined_0p2mm_1pct,20260730,0.25,241610,60643,reused
164,combined_0p2mm_1pct,20260730,0.25,240837,60157,reused
165,combined_0p2mm_1pct,20260730,0.25,241151,60405,reused
166,combined_0p2mm_1pct,20260730,0.25,240725,60417,reused
167,combined_0p2mm_1pct,20260730,0.25,241365,60504,reused
168,combined_0p2mm_1pct,20260730,0.25,241536,60389,reused
169,combined_0p2mm_1pct,20260730,0.25,240427,60022,reused
170,combined_0p2mm_1pct,20260730,0.25,240964,60223,reused
171,combined_0p2mm_1pct,20260730,0.25,241023,60426,reused
172,combined_0p2mm_1pct,20260730,0.25,241123,60277,reused
173,combined_0p2mm_1pct,20260730,0.25,241006,60819,reused
174,combined_0p2mm_1pct,20260730,0.25,241268,60355,reused
175,combined_0p2mm_1pct,20260730,0.25,241692,60326,reused
176,combined_0p2mm_1pct,20260730,0.25,241657,60294,reused
177,combined_0p2mm_1pct,20260730,0.25,241337,60409,reused
178,combined_0p2mm_1pct,20260730,0.25,240388,59880,reused
179,combined_0p2mm_1pct,20260730,0.25,241249,60176,reused
180,combined_0p2mm_1pct,20260730,0.25,240882,60374,reused
181,combined_0p2mm_1pct,20260730,0.25,240380,60006,reused
182,combined_0p2mm_1pct,20260730,0.25,241316,60342,reused
183,combined_0p2mm_1pct,20260730,0.25,240300,60080,reused
184,combined_0p2mm_1pct,20260730,0.25,240947,60257,reused
185,combined_0p2mm_1pct,20260730,0.25,240971,60037,reused
186,combined_0p2mm_1pct,20260730,0.25,240357,59966,reused
187,combined_0p2mm_1pct,20260730,0.25,240216,60108,reused
188,combined_0p2mm_1pct,20260730,0.25,240934,60478,reused
189,combined_0p2mm_1pct,20260730,0.25,241240,60204,reused
190,combined_0p2mm_1pct,20260730,0.25,241174,60631,reused
191,combined_0p2mm_1pct,20260730,0.25,240369,60096,reused
192,combined_0p2mm_1pct,20260730,0.25,240885,60448,reused
193,combined_0p2mm_1pct,20260730,0.25,240718,59964,reused
194,combined_0p2mm_1pct,20260730,0.25,240756,60519,reused
195,combined_0p2mm_1pct,20260730,0.25,241521,60770,reused
196,combined_0p2mm_1pct,20260730,0.25,241341,60022,reused
197,combined_0p2mm_1pct,20260730,0.25,241197,60430,reused
198,combined_0p2mm_1pct,20260730,0.25,240527,59770,reused
199,combined_0p2mm_1pct,20260730,0.25,239869,59468,reused
200,combined_0p2mm_1pct,20260730,0.25,240896,60260,reused
201,combined_0p2mm_1pct,20260730,0.25,240240,60437,reused
202,combined_0p2mm_1pct,20260730,0.25,241293,60297,reused
203,combined_0p2mm_1pct,20260730,0.25,240678,60087,reused
204,combined_0p2mm_1pct,20260730,0.25,240589,59899,reused
205,combined_0p2mm_1pct,20260730,0.25,240051,60077,reused
206,combined_0p2mm_1pct,20260730,0.25,240297,59937,reused
207,combined_0p2mm_1pct,20260730,0.25,241886,60259,reused
208,combined_0p2mm_1pct,20260730,0.25,239942,60058,reused
209,combined_0p2mm_1pct,20260730,0.25,240912,60505,reused
210,combined_0p2mm_1pct,20260730,0.25,240983,60124,reused
211,combined_0p2mm_1pct,20260730,0.25,241703,60180,reused
212,combined_0p2mm_1pct,20260730,0.25,240275,59960,reused
213,combined_0p2mm_1pct,20260730,0.25,240401,60023,reused
214,combined_0p2mm_1pct,20260730,0.25,240575,60148,reused
215,combined_0p2mm_1pct,20260730,0.25,240581,60062,reused
216,combined_0p2mm_1pct,20260730,0.25,240287,59932,reused
217,combined_0p2mm_1pct,20260730,0.25,241294,60047,reused
218,combined_0p2mm_1pct,20260730,0.25,241083,60116,reused
219,combined_0p2mm_1pct,20260730,0.25,240190,59681,reused
220,combined_0p2mm_1pct,20260730,0.25,240722,60190,reused
221,combined_0p2mm_1pct,20260730,0.25,240569,60390,reused
222,combined_0p2mm_1pct,20260730,0.25,240533,59943,reused
223,combined_0p2mm_1pct,20260730,0.25,240918,59843,reused
224,combined_0p2mm_1pct,20260730,0.25,240980,60104,reused
225,combined_0p2mm_1pct,20260730,0.25,240624,60101,reused
226,combined_0p2mm_1pct,20260730,0.25,240717,60072,reused
227,combined_0p2mm_1pct,20260730,0.25,242010,60225,reused
228,combined_0p2mm_1pct,20260730,0.25,241189,60522,reused
229,combined_0p2mm_1pct,20260730,0.25,241069,59902,reused
230,combined_0p2mm_1pct,20260730,0.25,240423,60061,reused
231,combined_0p2mm_1pct,20260730,0.25,240523,60070,reused
232,combined_0p2mm_1pct,20260730,0.25,242115,60578,reused
233,combined_0p2mm_1pct,20260730,0.25,241682,60082,reused
234,combined_0p2mm_1pct,20260730,0.25,240950,60577,reused
235,combined_0p2mm_1pct,20260730,0.25,241448,60459,reused
236,combined_0p2mm_1pct,20260730,0.25,240066,60170,reused
237,combined_0p2mm_1pct,20260730,0.25,241336,60379,reused
238,combined_0p2mm_1pct,20260730,0.25,240262,60028,reused
239,combined_0p2mm_1pct,20260730,0.25,240826,59922,reused
240,combined_0p2mm_1pct,20260730,0.25,241266,60411,reused
241,combined_0p2mm_1pct,20260730,0.25,240968,60391,reused
242,combined_0p2mm_1pct,20260730,0.25,241091,60016,reused
243,combined_0p2mm_1pct,20260730,0.25,240511,60249,reused
244,combined_0p2mm_1pct,20260730,0.25,241184,60326,reused
245,combined_0p2mm_1pct,20260730,0.25,241197,60019,reused
246,combined_0p2mm_1pct,20260730,0.25,241291,60442,reused
247,combined_0p2mm_1pct,20260730,0.25,240777,60222,reused
248,combined_0p2mm_1pct,20260730,0.25,240626,60615,reused
249,combined_0p2mm_1pct,20260730,0.25,240351,60171,reused
250,combined_0p2mm_1pct,20260730,0.25,241308,60084,reused
251,combined_0p2mm_1pct,20260730,0.25,240867,60186,reused
252,combined_0p2mm_1pct,20260730,0.25,241503,60344,reused
253,combined_0p2mm_1pct,20260730,0.25,241281,60163,reused
254,combined_0p2mm_1pct,20260730,0.25,241893,60309,reused
255,combined_0p2mm_1pct,20260730,0.25,240510,60138,reused
256,combined_0p2mm_1pct,20260730,0.25,240643,60352,reused
257,combined_0p2mm_1pct,20260730,0.25,240819,60558,reused
258,combined_0p2mm_1pct,20260730,0.25,240781,60285,reused
259,combined_0p2mm_1pct,20260730,0.25,241355,60490,reused
260,combined_0p2mm_1pct,20260730,0.25,241821,60266,reused
261,combined_0p2mm_1pct,20260730,0.25,241292,60589,reused
262,combined_0p2mm_1pct,20260730,0.25,240862,59896,reused
263,combined_0p2mm_1pct,20260730,0.25,241300,60404,reused
264,combined_0p2mm_1pct,20260730,0.25,241332,60287,reused
265,combined_0p2mm_1pct,20260730,0.25,240768,60464,reused
266,combined_0p2mm_1pct,20260730,0.25,240472,59948,reused
267,combined_0p2mm_1pct,20260730,0.25,240639,60069,reused
268,combined_0p2mm_1pct,20260730,0.25,241811,60177,reused
269,combined_0p2mm_1pct,20260730,0.25,240730,60466,reused
270,combined_0p2mm_1pct,20260730,0.25,239993,60198,reused
271,combined_0p2mm_1pct,20260730,0.25,241297,60316,reused
272,combined_0p2mm_1pct,20260730,0.25,241031,60973,reused
273,combined_0p2mm_1pct,20260730,0.25,240223,60038,reused
274,combined_0p2mm_1pct,20260730,0.25,241751,60527,reused
275,combined_0p2mm_1pct,20260730,0.25,240481,60173,reused
276,combined_0p2mm_1pct,20260730,0.25,240613,60284,reused
277,combined_0p2mm_1pct,20260730,0.25,240638,59943,reused
278,combined_0p2mm_1pct,20260730,0.25,240412,60303,reused
279,combined_0p2mm_1pct,20260730,0.25,240693,59876,reused
280,combined_0p2mm_1pct,20260730,0.25,240574,60152,reused
281,combined_0p2mm_1pct,20260730,0.25,241467,60365,reused
282,combined_0p2mm_1pct,20260730,0.25,240570,60300,reused
283,combined_0p2mm_1pct,20260730,0.25,240850,60022,reused
284,combined_0p2mm_1pct,20260730,0.25,240929,60381,reused
285,combined_0p2mm_1pct,20260730,0.25,241039,60143,reused
286,combined_0p2mm_1pct,20260730,0.25,240597,59881,reused
287,combined_0p2mm_1pct,20260730,0.25,240215,59912,reused
288,combined_0p2mm_1pct,20260730,0.25,241054,60151,reused
289,combined_0p2mm_1pct,20260730,0.25,241390,60234,reused
290,combined_0p2mm_1pct,20260730,0.25,240869,60111,reused
291,combined_0p2mm_1pct,20260730,0.25,241093,60183,reused
292,combined_0p2mm_1pct,20260730,0.25,239999,59788,reused
293,combined_0p2mm_1pct,20260730,0.25,240151,60108,reused
294,combined_0p2mm_1pct,20260730,0.25,241050,60343,reused
295,combined_0p2mm_1pct,20260730,0.25,240894,60331,reused
296,combined_0p2mm_1pct,20260730,0.25,241074,60363,reused
297,combined_0p2mm_1pct,20260730,0.25,241445,60108,reused
298,combined_0p2mm_1pct,20260730,0.25,240092,59871,reused
299,combined_0p2mm_1pct,20260730,0.25,241188,60421,reused
300,combined_0p2mm_1pct,20260730,0.25,239829,59676,reused
301,combined_0p2mm_1pct,20260730,0.25,240707,59844,reused
302,combined_0p2mm_1pct,20260730,0.25,241603,60533,reused
303,combined_0p2mm_1pct,20260730,0.25,241230,60384,reused
304,combined_0p2mm_1pct,20260730,0.25,241607,60002,reused
305,combined_0p2mm_1pct,20260730,0.25,241810,60840,reused
306,combined_0p2mm_1pct,20260730,0.25,240513,60164,reused
307,combined_0p2mm_1pct,20260730,0.25,240798,60204,reused
308,combined_0p2mm_1pct,20260730,0.25,240459,59900,reused
309,combined_0p2mm_1pct,20260730,0.25,240450,59593,reused
310,combined_0p2mm_1pct,20260730,0.25,240325,59925,reused
311,combined_0p2mm_1pct,20260730,0.25,241800,60482,reused
312,combined_0p2mm_1pct,20260730,0.25,241463,60449,reused
313,combined_0p2mm_1pct,20260730,0.25,240565,59894,reused
314,combined_0p2mm_1pct,20260730,0.25,241423,60263,reused
315,combined_0p2mm_1pct,20260730,0.25,240671,60138,reused
316,combined_0p2mm_1pct,20260730,0.25,241036,59995,reused
317,combined_0p2mm_1pct,20260730,0.25,240362,60438,reused
318,combined_0p2mm_1pct,20260730,0.25,240999,60150,reused
319,combined_0p2mm_1pct,20260730,0.25,241948,60575,reused
320,combined_0p2mm_1pct,20260730,0.25,240815,60322,reused
321,combined_0p2mm_1pct,20260730,0.25,241068,60446,reused
322,combined_0p2mm_1pct,20260730,0.25,241613,60464,reused
323,combined_0p2mm_1pct,20260730,0.25,240794,60214,reused
324,combined_0p2mm_1pct,20260730,0.25,240742,60169,reused
325,combined_0p2mm_1pct,20260730,0.25,241077,60144,reused
326,combined_0p2mm_1pct,20260730,0.25,240858,60219,reused
327,combined_0p2mm_1pct,20260730,0.25,241011,60220,reused
328,combined_0p2mm_1pct,20260730,0.25,241225,60198,reused
329,combined_0p2mm_1pct,20260730,0.25,241282,60198,reused
330,combined_0p2mm_1pct,20260730,0.25,241237,60490,reused
331,combined_0p2mm_1pct,20260730,0.25,241556,60327,reused
332,combined_0p2mm_1pct,20260730,0.25,240495,60435,reused
333,combined_0p2mm_1pct,20260730,0.25,241934,60268,reused
334,combined_0p2mm_1pct,20260730,0.25,241121,60679,reused
335,combined_0p2mm_1pct,20260730,0.25,240540,60196,reused
336,combined_0p2mm_1pct,20260730,0.25,241461,59921,reused
337,combined_0p2mm_1pct,20260730,0.25,241372,60286,reused
338,combined_0p2mm_1pct,20260730,0.25,240720,60040,reused
339,combined_0p2mm_1pct,20260730,0.25,240830,60138,reused
340,combined_0p2mm_1pct,20260730,0.25,241148,60355,reused
341,combined_0p2mm_1pct,20260730,0.25,240439,60402,reused
342,combined_0p2mm_1pct,20260730,0.25,241437,60182,reused
343,combined_0p2mm_1pct,20260730,0.25,241052,60377,reused
344,combined_0p2mm_1pct,20260730,0.25,240557,60234,reused
345,combined_0p2mm_1pct,20260730,0.25,241004,60233,reused
346,combined_0p2mm_1pct,20260730,0.25,241433,60357,reused
347,combined_0p2mm_1pct,20260730,0.25,240804,60330,reused
348,combined_0p2mm_1pct,20260730,0.25,241132,60045,reused
349,combined_0p2mm_1pct,20260730,0.25,240197,60131,reused
350,combined_0p2mm_1pct,20260730,0.25,240626,60237,reused
351,combined_0p2mm_1pct,20260730,0.25,241460,60355,reused
352,combined_0p2mm_1pct,20260730,0.25,240587,60025,reused
353,combined_0p2mm_1pct,20260730,0.25,240914,60408,reused
354,combined_0p2mm_1pct,20260730,0.25,241064,60131,reused
355,combined_0p2mm_1pct,20260730,0.25,240831,59987,reused
356,combined_0p2mm_1pct,20260730,0.25,240889,60358,reused
357,combined_0p2mm_1pct,20260730,0.25,240647,60289,reused
358,combined_0p2mm_1pct,20260730,0.25,240566,59939,reused
359,combined_0p2mm_1pct,20260730,0.25,239839,59750,reused
360,combined_0p2mm_1pct,20260730,0.25,241151,60591,reused
361,combined_0p2mm_1pct,20260730,0.25,240811,60083,reused
362,combined_0p2mm_1pct,20260730,0.25,240961,60254,reused
363,combined_0p2mm_1pct,20260730,0.25,240890,59830,reused
364,combined_0p2mm_1pct,20260730,0.25,240738,60462,reused
365,combined_0p2mm_1pct,20260730,0.25,240466,60117,reused
366,combined_0p2mm_1pct,20260730,0.25,240910,60188,reused
367,combined_0p2mm_1pct,20260730,0.25,241256,60235,reused
368,combined_0p2mm_1pct,20260730,0.25,241055,60128,reused
369,combined_0p2mm_1pct,20260730,0.25,241602,60384,reused
370,combined_0p2mm_1pct,20260730,0.25,241995,60354,reused
371,combined_0p2mm_1pct,20260730,0.25,241447,60423,reused
372,combined_0p2mm_1pct,20260730,0.25,241163,60370,reused
373,combined_0p2mm_1pct,20260730,0.25,240688,60246,reused
374,combined_0p2mm_1pct,20260730,0.25,240675,60140,reused
375,combined_0p2mm_1pct,20260730,0.25,241388,60234,reused
376,combined_0p2mm_1pct,20260730,0.25,241438,60411,reused
377,combined_0p2mm_1pct,20260730,0.25,240709,60298,reused
378,combined_0p2mm_1pct,20260730,0.25,240825,60301,reused
379,combined_0p2mm_1pct,20260730,0.25,240641,60187,reused
380,combined_0p2mm_1pct,20260730,0.25,241011,59983,reused
381,combined_0p2mm_1pct,20260730,0.25,240737,59875,reused
382,combined_0p2mm_1pct,20260730,0.25,241572,60158,reused
383,combined_0p2mm_1pct,20260730,0.25,241182,60714,reused
384,combined_0p2mm_1pct,20260730,0.25,240465,59875,reused
385,combined_0p2mm_1pct,20260730,0.25,240690,59796,reused
386,combined_0p2mm_1pct,20260730,0.25,240862,60367,reused
387,combined_0p2mm_1pct,20260730,0.25,241376,60091,reused
388,combined_0p2mm_1pct,20260730,0.25,240305,59995,reused
389,combined_0p2mm_1pct,20260730,0.25,240681,60053,reused
390,combined_0p2mm_1pct,20260730,0.25,239986,60027,reused
391,combined_0p2mm_1pct,20260730,0.25,240436,59828,reused
392,combined_0p2mm_1pct,20260730,0.25,240927,60291,reused
393,combined_0p2mm_1pct,20260730,0.25,239875,59890,reused
394,combined_0p2mm_1pct,20260730,0.25,242016,60429,reused
395,combined_0p2mm_1pct,20260730,0.25,241215,60516,reused
396,combined_0p2mm_1pct,20260730,0.25,240853,60083,reused
397,combined_0p2mm_1pct,20260730,0.25,240692,60289,reused
398,combined_0p2mm_1pct,20260730,0.25,241592,60578,reused
399,combined_0p2mm_1pct,20260730,0.25,240652,60437,reused
400,combined_0p2mm_1pct,20260730,0.25,240601,59755,reused
401,combined_0p2mm_1pct,20260730,0.25,241133,60220,reused
402,combined_0p2mm_1pct,20260730,0.25,241480,60161,reused
403,combined_0p2mm_1pct,20260730,0.25,240486,59700,reused
404,combined_0p2mm_1pct,20260730,0.25,240573,59562,reused
405,combined_0p2mm_1pct,20260730,0.25,240862,59974,reused
406,combined_0p2mm_1pct,20260730,0.25,240827,59671,reused
407,combined_0p2mm_1pct,20260730,0.25,241056,60421,reused
408,combined_0p2mm_1pct,20260730,0.25,239994,59841,reused
409,combined_0p2mm_1pct,20260730,0.25,240217,59810,reused
410,combined_0p2mm_1pct,20260730,0.25,240775,59981,reused
411,combined_0p2mm_1pct,20260730,0.25,240709,60155,reused
412,combined_0p2mm_1pct,20260730,0.25,241211,60189,reused
413,combined_0p2mm_1pct,20260730,0.25,240778,60547,reused
414,combined_0p2mm_1pct,20260730,0.25,241235,60218,reused
415,combined_0p2mm_1pct,20260730,0.25,240918,60050,reused
416,combined_0p2mm_1pct,20260730,0.25,241282,60337,reused
417,combined_0p2mm_1pct,20260730,0.25,240557,59896,reused
418,combined_0p2mm_1pct,20260730,0.25,241558,60624,reused
419,combined_0p2mm_1pct,20260730,0.25,240967,60443,reused
420,combined_0p2mm_1pct,20260730,0.25,240505,59999,reused
421,combined_0p2mm_1pct,20260730,0.25,241157,60614,reused
422,combined_0p2mm_1pct,20260730,0.25,241357,60112,reused
423,combined_0p2mm_1pct,20260730,0.25,240693,60675,reused
424,combined_0p2mm_1pct,20260730,0.25,240527,60229,reused
425,combined_0p2mm_1pct,20260730,0.25,241259,60541,reused
426,combined_0p2mm_1pct,20260730,0.25,240852,60144,reused
427,combined_0p2mm_1pct,20260730,0.25,241066,60223,reused
428,combined_0p2mm_1pct,20260730,0.25,240242,60361,reused
429,combined_0p2mm_1pct,20260730,0.25,241087,59949,reused
430,combined_0p2mm_1pct,20260730,0.25,241723,60495,reused
431,combined_0p2mm_1pct,20260730,0.25,241020,59862,reused
432,combined_0p2mm_1pct,20260730,0.25,240414,60100,reused
433,combined_0p2mm_1pct,20260730,0.25,240553,59897,reused
434,combined_0p2mm_1pct,20260730,0.25,240618,60212,reused
435,combined_0p2mm_1pct,20260730,0.25,240937,60407,reused
436,combined_0p2mm_1pct,20260730,0.25,240877,60488,reused
437,combined_0p2mm_1pct,20260730,0.25,241765,60231,reused
438,combined_0p2mm_1pct,20260730,0.25,241040,60423,reused
439,combined_0p2mm_1pct,20260730,0.25,240729,59848,reused
440,combined_0p2mm_1pct,20260730,0.25,241904,60388,reused
441,combined_0p2mm_1pct,20260730,0.25,241772,60261,reused
442,combined_0p2mm_1pct,20260730,0.25,239977,59813,reused
443,combined_0p2mm_1pct,20260730,0.25,239965,60199,reused
444,combined_0p2mm_1pct,20260730,0.25,240288,59968,reused
445,combined_0p2mm_1pct,20260730,0.25,240738,60084,reused
446,combined_0p2mm_1pct,20260730,0.25,239697,60082,reused
447,combined_0p2mm_1pct,20260730,0.25,240672,60345,reused
448,combined_0p2mm_1pct,20260730,0.25,240453,60432,reused
449,combined_0p2mm_1pct,20260730,0.25,240255,60193,reused
450,combined_0p2mm_1pct,20260730,0.25,242012,60421,reused
451,combined_0p2mm_1pct,20260730,0.25,241153,60632,reused
452,combined_0p2mm_1pct,20260730,0.25,241366,60532,reused
453,combined_0p2mm_1pct,20260730,0.25,241635,60596,reused
454,combined_0p2mm_1pct,20260730,0.25,241511,60357,reused
455,combined_0p2mm_1pct,20260730,0.25,240723,60362,reused
456,combined_0p2mm_1pct,20260730,0.25,241154,60228,reused
457,combined_0p2mm_1pct,20260730,0.25,240593,60521,reused
458,combined_0p2mm_1pct,20260730,0.25,241627,60271,reused
459,combined_0p2mm_1pct,20260730,0.25,240294,59736,reused
460,combined_0p2mm_1pct,20260730,0.25,239828,59848,reused
461,combined_0p2mm_1pct,20260730,0.25,241143,60144,reused
462,combined_0p2mm_1pct,20260730,0.25,240472,59927,reused
463,combined_0p2mm_1pct,20260730,0.25,241063,60258,reused
464,combined_0p2mm_1pct,20260730,0.25,240891,60422,reused
465,combined_0p2mm_1pct,20260730,0.25,241774,61061,reused
466,combined_0p2mm_1pct,20260730,0.25,240716,60272,reused
467,combined_0p2mm_1pct,20260730,0.25,240214,60163,reused
468,combined_0p2mm_1pct,20260730,0.25,241684,60727,reused
469,combined_0p2mm_1pct,20260730,0.25,240650,60085,reused
470,combined_0p2mm_1pct,20260730,0.25,240761,60118,reused
471,combined_0p2mm_1pct,20260730,0.25,241091,60292,reused
472,combined_0p2mm_1pct,20260730,0.25,241425,60094,reused
473,combined_0p2mm_1pct,20260730,0.25,241191,60881,reused
474,combined_0p2mm_1pct,20260730,0.25,239749,59914,reused
475,combined_0p2mm_1pct,20260730,0.25,240568,59715,reused
476,combined_0p2mm_1pct,20260730,0.25,240566,60205,reused
477,combined_0p2mm_1pct,20260730,0.25,241212,60303,reused
478,combined_0p2mm_1pct,20260730,0.25,240356,60221,reused
479,combined_0p2mm_1pct,20260730,0.25,241203,60048,reused
480,combined_0p2mm_1pct,20260730,0.25,241108,60063,reused
481,combined_0p2mm_1pct,20260730,0.25,241515,60347,reused
482,combined_0p2mm_1pct,20260730,0.25,241416,60242,reused
483,combined_0p2mm_1pct,20260730,0.25,240422,60080,reused
484,combined_0p2mm_1pct,20260730,0.25,240825,60377,reused
485,combined_0p2mm_1pct,20260730,0.25,240526,60592,reused
486,combined_0p2mm_1pct,20260730,0.25,241118,60231,reused
487,combined_0p2mm_1pct,20260730,0.25,240506,60032,reused
488,combined_0p2mm_1pct,20260730,0.25,241249,60469,reused
489,combined_0p2mm_1pct,20260730,0.25,241011,60320,reused
490,combined_0p2mm_1pct,20260730,0.25,240401,59885,reused
491,combined_0p2mm_1pct,20260730,0.25,240271,60152,reused
492,combined_0p2mm_1pct,20260730,0.25,240218,60049,reused
493,combined_0p2mm_1pct,20260730,0.25,240691,60406,reused
494,combined_0p2mm_1pct,20260730,0.25,240383,60064,reused
495,combined_0p2mm_1pct,20260730,0.25,241482,60498,reused
496,combined_0p2mm_1pct,20260730,0.25,239979,59875,reused
497,combined_0p2mm_1pct,20260730,0.25,240785,60328,reused
498,combined_0p2mm_1pct,20260730,0.25,240990,60217,reused
499,combined_0p2mm_1pct,20260730,0.25,240563,59955,reused
500,combined_0p2mm_1pct,20260730,0.25,241040,60156,reused
501,combined_0p2mm_1pct,20260730,0.25,240506,59956,reused
502,combined_0p2mm_1pct,20260730,0.25,242147,60536,reused
503,combined_0p2mm_1pct,20260730,0.25,240867,60108,reused
504,combined_0p2mm_1pct,20260730,0.25,241298,60830,reused
505,combined_0p2mm_1pct,20260730,0.25,239784,59983,reused
506,combined_0p2mm_1pct,20260730,0.25,240679,60028,reused
507,combined_0p2mm_1pct,20260730,0.25,241206,60469,reused
508,combined_0p2mm_1pct,20260730,0.25,241524,60221,reused
509,combined_0p2mm_1pct,20260730,0.25,240237,59860,reused
510,combined_0p2mm_1pct,20260730,0.25,241752,60451,reused
511,combined_0p2mm_1pct,20260730,0.25,240428,60234,reused
512,combined_0p2mm_1pct,20260730,0.25,240536,60206,reused
513,combined_0p2mm_1pct,20260730,0.25,240813,60127,reused
514,combined_0p2mm_1pct,20260730,0.25,240514,60057,reused
515,combined_0p2mm_1pct,20260730,0.25,240432,60276,reused
516,combined_0p2mm_1pct,20260730,0.25,240698,59897,reused
517,combined_0p2mm_1pct,20260730,0.25,241110,60340,reused
518,combined_0p2mm_1pct,20260730,0.25,240109,60295,reused
519,combined_0p2mm_1pct,20260730,0.25,240453,60296,reused
520,combined_0p2mm_1pct,20260730,0.25,241134,60169,reused
521,combined_0p2mm_1pct,20260730,0.25,240419,59884,reused
522,combined_0p2mm_1pct,20260730,0.25,240560,60240,reused
523,combined_0p2mm_1pct,20260730,0.25,240547,59832,reused
524,combined_0p2mm_1pct,20260730,0.25,240596,60412,reused
525,combined_0p2mm_1pct,20260730,0.25,240756,60047,reused
526,combined_0p2mm_1pct,20260730,0.25,241077,60051,reused
527,combined_0p2mm_1pct,20260730,0.25,240700,60117,reused
528,combined_0p2mm_1pct,20260730,0.25,240712,59935,reused
529,combined_0p2mm_1pct,20260730,0.25,240648,60409,reused
530,combined_0p2mm_1pct,20260730,0.25,241568,60746,reused
531,combined_0p2mm_1pct,20260730,0.25,241419,60311,reused
532,combined_0p2mm_1pct,20260730,0.25,241200,60274,reused
533,combined_0p2mm_1pct,20260730,0.25,240533,59970,reused
534,combined_0p2mm_1pct,20260730,0.25,240815,60271,reused
535,combined_0p2mm_1pct,20260730,0.25,240863,60143,reused
536,combined_0p2mm_1pct,20260730,0.25,241359,60276,reused
537,combined_0p2mm_1pct,20260730,0.25,240796,59926,reused
538,combined_0p2mm_1pct,20260730,0.25,240431,60141,reused
539,combined_0p2mm_1pct,20260730,0.25,240304,60604,reused
540,combined_0p2mm_1pct,20260730,0.25,240520,60040,reused
541,combined_0p2mm_1pct,20260730,0.25,240228,60004,reused
542,combined_0p2mm_1pct,20260730,0.25,240452,59541,reused
543,combined_0p2mm_1pct,20260730,0.25,241334,60087,reused
544,combined_0p2mm_1pct,20260730,0.25,241135,60043,reused
545,combined_0p2mm_1pct,20260730,0.25,241208,60585,reused
546,combined_0p2mm_1pct,20260730,0.25,241637,60431,reused
547,combined_0p2mm_1pct,20260730,0.25,241503,60493,reused
548,combined_0p2mm_1pct,20260730,0.25,240206,59819,reused
549,combined_0p2mm_1pct,20260730,0.25,241164,60219,reused
550,combined_0p2mm_1pct,20260730,0.25,241321,60502,reused
551,combined_0p2mm_1pct,20260730,0.25,240541,60226,reused
552,combined_0p2mm_1pct,20260730,0.25,241742,59916,reused
553,combined_0p2mm_1pct,20260730,0.25,241692,60347,reused
554,combined_0p2mm_1pct,20260730,0.25,239876,59536,reused
555,combined_0p2mm_1pct,20260730,0.25,240427,60172,reused
556,combined_0p2mm_1pct,20260730,0.25,240565,59968,reused
557,combined_0p2mm_1pct,20260730,0.25,240488,59905,reused
558,combined_0p2mm_1pct,20260730,0.25,239962,59738,reused
559,combined_0p2mm_1pct,20260730,0.25,240465,60153,reused
560,combined_0p2mm_1pct,20260730,0.25,241247,60790,reused
561,combined_0p2mm_1pct,20260730,0.25,241874,60752,reused
562,combined_0p2mm_1pct,20260730,0.25,240257,60207,reused
563,combined_0p2mm_1pct,20260730,0.25,240800,60608,reused
564,combined_0p2mm_1pct,20260730,0.25,240428,59975,reused
565,combined_0p2mm_1pct,20260730,0.25,240642,60430,reused
566,combined_0p2mm_1pct,20260730,0.25,240217,59913,reused
567,combined_0p2mm_1pct,20260730,0.25,241773,60129,reused
568,combined_0p2mm_1pct,20260730,0.25,240920,60442,reused
569,combined_0p2mm_1pct,20260730,0.25,240503,59866,reused
570,combined_0p2mm_1pct,20260730,0.25,240556,60218,reused
571,combined_0p2mm_1pct,20260730,0.25,241293,60049,reused
572,combined_0p2mm_1pct,20260730,0.25,240594,60440,reused
573,combined_0p2mm_1pct,20260730,0.25,241277,60375,reused
574,combined_0p2mm_1pct,20260730,0.25,241026,60738,reused
575,combined_0p2mm_1pct,20260730,0.25,240993,60503,reused
576,combined_0p2mm_1pct,20260730,0.25,241337,59826,reused
577,combined_0p2mm_1pct,20260730,0.25,240983,60338,reused
578,combined_0p2mm_1pct,20260730,0.25,240532,60118,reused
579,combined_0p2mm_1pct,20260730,0.25,240383,59814,reused
580,combined_0p2mm_1pct,20260730,0.25,240195,59721,reused
581,combined_0p2mm_1pct,20260730,0.25,241357,60388,reused
582,combined_0p2mm_1pct,20260730,0.25,240957,60149,reused
583,combined_0p2mm_1pct,20260730,0.25,241077,60779,reused
584,combined_0p2mm_1pct,20260730,0.25,241270,60309,reused
585,combined_0p2mm_1pct,20260730,0.25,241692,60539,reused
586,combined_0p2mm_1pct,20260730,0.25,241600,59950,reused
587,combined_0p2mm_1pct,20260730,0.25,240798,60095,reused
588,combined_0p2mm_1pct,20260730,0.25,240836,60034,reused
589,combined_0p2mm_1pct,20260730,0.25,241216,60493,reused
590,combined_0p2mm_1pct,20260730,0.25,241131,60622,reused
591,combined_0p2mm_1pct,20260730,0.25,241102,60558,reused
592,combined_0p2mm_1pct,20260730,0.25,240407,60097,reused
593,combined_0p2mm_1pct,20260730,0.25,240175,59859,reused
594,combined_0p2mm_1pct,20260730,0.25,240663,59836,reused
595,combined_0p2mm_1pct,20260730,0.25,240793,60391,reused
596,combined_0p2mm_1pct,20260730,0.25,241190,60373,reused
597,combined_0p2mm_1pct,20260730,0.25,241664,60277,reused
598,combined_0p2mm_1pct,20260730,0.25,240806,59901,reused
599,combined_0p2mm_1pct,20260730,0.25,240634,60231,reused
600,combined_0p2mm_1pct,20260730,0.25,241416,60918,reused
601,combined_0p2mm_1pct,20260730,0.25,240356,60107,reused
602,combined_0p2mm_1pct,20260730,0.25,241483,60279,reused
603,combined_0p2mm_1pct,20260730,0.25,241404,60275,reused
604,combined_0p2mm_1pct,20260730,0.25,240859,60379,reused
605,combined_0p2mm_1pct,20260730,0.25,240343,60208,reused
606,combined_0p2mm_1pct,20260730,0.25,241435,60676,reused
607,combined_0p2mm_1pct,20260730,0.25,241265,60617,reused
608,combined_0p2mm_1pct,20260730,0.25,240670,60228,reused
609,combined_0p2mm_1pct,20260730,0.25,241578,60313,reused
610,combined_0p2mm_1pct,20260730,0.25,241523,60337,reused
611,combined_0p2mm_1pct,20260730,0.25,241313,60745,reused
612,combined_0p2mm_1pct,20260730,0.25,240961,60357,reused
613,combined_0p2mm_1pct,20260730,0.25,240598,60100,reused
614,combined_0p2mm_1pct,20260730,0.25,240274,60180,reused
615,combined_0p2mm_1pct,20260730,0.25,240737,60346,reused
616,combined_0p2mm_1pct,20260730,0.25,240271,60158,reused
617,combined_0p2mm_1pct,20260730,0.25,240557,60360,reused
618,combined_0p2mm_1pct,20260730,0.25,240829,60152,reused
619,combined_0p2mm_1pct,20260730,0.25,241229,60526,reused
620,combined_0p2mm_1pct,20260730,0.25,240026,60210,reused
621,combined_0p2mm_1pct,20260730,0.25,241267,60342,reused
622,combined_0p2mm_1pct,20260730,0.25,241003,60339,reused
623,combined_0p2mm_1pct,20260730,0.25,241010,60361,reused
624,combined_0p2mm_1pct,20260730,0.25,240708,59960,reused
625,combined_0p2mm_1pct,20260730,0.25,241061,60290,reused
626,combined_0p2mm_1pct,20260730,0.25,241207,60212,reused
627,combined_0p2mm_1pct,20260730,0.25,241650,60637,reused
628,combined_0p2mm_1pct,20260730,0.25,241089,60470,reused
629,combined_0p2mm_1pct,20260730,0.25,241029,60105,reused
630,combined_0p2mm_1pct,20260730,0.25,240070,60065,reused
631,combined_0p2mm_1pct,20260730,0.25,241746,60754,reused
632,combined_0p2mm_1pct,20260730,0.25,240781,59766,reused
633,combined_0p2mm_1pct,20260730,0.25,241258,60252,reused
634,combined_0p2mm_1pct,20260730,0.25,240587,60285,reused
635,combined_0p2mm_1pct,20260730,0.25,240969,60181,reused
636,combined_0p2mm_1pct,20260730,0.25,240536,59865,reused
637,combined_0p2mm_1pct,20260730,0.25,240092,59960,reused
638,combined_0p2mm_1pct,20260730,0.25,241076,60188,reused
639,combined_0p2mm_1pct,20260730,0.25,241044,60054,reused
640,combined_0p2mm_1pct,20260730,0.25,240949,60353,reused
641,combined_0p2mm_1pct,20260730,0.25,241126,59939,reused
642,combined_0p2mm_1pct,20260730,0.25,240792,60195,reused
643,combined_0p2mm_1pct,20260730,0.25,241158,60389,reused
644,combined_0p2mm_1pct,20260730,0.25,240922,60770,reused
645,combined_0p2mm_1pct,20260730,0.25,241192,60285,reused
646,combined_0p2mm_1pct,20260730,0.25,240125,59827,reused
647,combined_0p2mm_1pct,20260730,0.25,241315,60464,reused
648,combined_0p2mm_1pct,20260730,0.25,241097,60193,reused
649,combined_0p2mm_1pct,20260730,0.25,240977,60003,reused
650,combined_0p2mm_1pct,20260730,0.25,241199,60526,reused
651,combined_0p2mm_1pct,20260730,0.25,240582,60008,reused
652,combined_0p2mm_1pct,20260730,0.25,240405,59992,reused
653,combined_0p2mm_1pct,20260730,0.25,240894,60487,reused
654,combined_0p2mm_1pct,20260730,0.25,240595,60139,reused
655,combined_0p2mm_1pct,20260730,0.25,239913,60271,reused
656,combined_0p2mm_1pct,20260730,0.25,240731,60552,reused
657,combined_0p2mm_1pct,20260730,0.25,241166,60512,reused
658,combined_0p2mm_1pct,20260730,0.25,241413,60534,reused
659,combined_0p2mm_1pct,20260730,0.25,240752,59807,reused
660,combined_0p2mm_1pct,20260730,0.25,240886,59929,reused
661,combined_0p2mm_1pct,20260730,0.25,239828,60074,reused
662,combined_0p2mm_1pct,20260730,0.25,240179,60355,reused
663,combined_0p2mm_1pct,20260730,0.25,240783,59917,reused
664,combined_0p2mm_1pct,20260730,0.25,241517,60554,reused
665,combined_0p2mm_1pct,20260730,0.25,240078,59939,reused
666,combined_0p2mm_1pct,20260730,0.25,239628,60089,reused
667,combined_0p2mm_1pct,20260730,0.25,240757,59857,reused
668,combined_0p2mm_1pct,20260730,0.25,241228,60231,reused
669,combined_0p2mm_1pct,20260730,0.25,240966,60109,reused
670,combined_0p2mm_1pct,20260730,0.25,240335,60349,reused
671,combined_0p2mm_1pct,20260730,0.25,240553,60228,reused
672,combined_0p2mm_1pct,20260730,0.25,240397,60050,reused
673,combined_0p2mm_1pct,20260730,0.25,240545,60443,reused
674,combined_0p2mm_1pct,20260730,0.25,239613,59898,reused
675,combined_0p2mm_1pct,20260730,0.25,241019,60415,reused
676,combined_0p2mm_1pct,20260730,0.25,240729,60273,reused
677,combined_0p2mm_1pct,20260730,0.25,240801,60365,reused
678,combined_0p2mm_1pct,20260730,0.25,240741,60441,reused
679,combined_0p2mm_1pct,20260730,0.25,241269,60507,reused
680,combined_0p2mm_1pct,20260730,0.25,240838,60460,reused
681,combined_0p2mm_1pct,20260730,0.25,240507,59970,reused
682,combined_0p2mm_1pct,20260730,0.25,240587,59957,reused
683,combined_0p2mm_1pct,20260730,0.25,241720,60540,reused
684,combined_0p2mm_1pct,20260730,0.25,241478,60491,reused
685,combined_0p2mm_1pct,20260730,0.25,241389,60400,reused
686,combined_0p2mm_1pct,20260730,0.25,240647,60273,reused
687,combined_0p2mm_1pct,20260730,0.25,240429,60382,reused
688,combined_0p2mm_1pct,20260730,0.25,239426,60007,reused
689,combined_0p2mm_1pct,20260730,0.25,240743,59970,reused
690,combined_0p2mm_1pct,20260730,0.25,241050,60358,reused
691,combined_0p2mm_1pct,20260730,0.25,240755,60239,reused
692,combined_0p2mm_1pct,20260730,0.25,241185,60411,reused
693,combined_0p2mm_1pct,20260730,0.25,240508,60201,reused
694,combined_0p2mm_1pct,20260730,0.25,241203,60391,reused
695,combined_0p2mm_1pct,20260730,0.25,242045,60126,reused
696,combined_0p2mm_1pct,20260730,0.25,240906,60365,reused
697,combined_0p2mm_1pct,20260730,0.25,240963,59968,reused
698,combined_0p2mm_1pct,20260730,0.25,240327,60036,reused
699,combined_0p2mm_1pct,20260730,0.25,240449,60372,reused
700,combined_0p2mm_1pct,20260730,0.25,240916,60221,reused
701,combined_0p2mm_1pct,20260730,0.25,241143,60415,reused
702,combined_0p2mm_1pct,20260730,0.25,241050,60345,reused
703,combined_0p2mm_1pct,20260730,0.25,240906,59958,reused
704,combined_0p2mm_1pct,20260730,0.25,240926,60315,reused
705,combined_0p2mm_1pct,20260730,0.25,241494,60528,reused
706,combined_0p2mm_1pct,20260730,0.25,241070,60436,reused
707,combined_0p2mm_1pct,20260730,0.25,241615,60676,reused
708,combined_0p2mm_1pct,20260730,0.25,240195,60665,reused
709,combined_0p2mm_1pct,20260730,0.25,240849,60467,reused
710,combined_0p2mm_1pct,20260730,0.25,240283,59882,reused
711,combined_0p2mm_1pct,20260730,0.25,241044,60116,reused
712,combined_0p2mm_1pct,20260730,0.25,241242,60395,reused
713,combined_0p2mm_1pct,20260730,0.25,241186,60222,reused
714,combined_0p2mm_1pct,20260730,0.25,240600,60765,reused
715,combined_0p2mm_1pct,20260730,0.25,241362,60103,reused
716,combined_0p2mm_1pct,20260730,0.25,241445,60441,reused
717,combined_0p2mm_1pct,20260730,0.25,240433,60229,reused
718,combined_0p2mm_1pct,20260730,0.25,240441,60182,reused
719,combined_0p2mm_1pct,20260730,0.25,240835,60285,reused
0,combined_0p2mm_1pct,20260730,0.1,240908,23729,reused
1,combined_0p2mm_1pct,20260730,0.1,240306,24370,reused
2,combined_0p2mm_1pct,20260730,0.1,240547,24180,reused
3,combined_0p2mm_1pct,20260730,0.1,240874,23979,reused
4,combined_0p2mm_1pct,20260730,0.1,241233,24122,reused
5,combined_0p2mm_1pct,20260730,0.1,239919,24058,reused
6,combined_0p2mm_1pct,20260730,0.1,240818,24025,reused
7,combined_0p2mm_1pct,20260730,0.1,240886,24240,reused
8,combined_0p2mm_1pct,20260730,0.1,240763,23763,reused
9,combined_0p2mm_1pct,20260730,0.1,240516,24022,reused
10,combined_0p2mm_1pct,20260730,0.1,240272,23902,reused
11,combined_0p2mm_1pct,20260730,0.1,239822,23926,reused
12,combined_0p2mm_1pct,20260730,0.1,240881,24316,reused
13,combined_0p2mm_1pct,20260730,0.1,241208,24068,reused
14,combined_0p2mm_1pct,20260730,0.1,240027,24230,reused
15,combined_0p2mm_1pct,20260730,0.1,240957,23884,reused
16,combined_0p2mm_1pct,20260730,0.1,241218,24275,reused
17,combined_0p2mm_1pct,20260730,0.1,242152,24230,reused
18,combined_0p2mm_1pct,20260730,0.1,240973,24104,reused
19,combined_0p2mm_1pct,20260730,0.1,241615,24236,reused
20,combined_0p2mm_1pct,20260730,0.1,240334,24035,reused
21,combined_0p2mm_1pct,20260730,0.1,242643,24231,reused
22,combined_0p2mm_1pct,20260730,0.1,241386,24120,reused
23,combined_0p2mm_1pct,20260730,0.1,240787,23938,reused
24,combined_0p2mm_1pct,20260730,0.1,242048,24011,reused
25,combined_0p2mm_1pct,20260730,0.1,241209,24019,reused
26,combined_0p2mm_1pct,20260730,0.1,241031,24109,reused
27,combined_0p2mm_1pct,20260730,0.1,240399,24239,reused
28,combined_0p2mm_1pct,20260730,0.1,240218,23989,reused
29,combined_0p2mm_1pct,20260730,0.1,240634,23986,reused
30,combined_0p2mm_1pct,20260730,0.1,240992,24124,reused
31,combined_0p2mm_1pct,20260730,0.1,241007,24192,reused
32,combined_0p2mm_1pct,20260730,0.1,241100,24048,reused
33,combined_0p2mm_1pct,20260730,0.1,240348,24059,reused
34,combined_0p2mm_1pct,20260730,0.1,241915,24150,reused
35,combined_0p2mm_1pct,20260730,0.1,240982,24210,reused
36,combined_0p2mm_1pct,20260730,0.1,241523,24214,reused
37,combined_0p2mm_1pct,20260730,0.1,241064,24309,reused
38,combined_0p2mm_1pct,20260730,0.1,240807,23973,reused
39,combined_0p2mm_1pct,20260730,0.1,241439,24132,reused
40,combined_0p2mm_1pct,20260730,0.1,241005,23924,reused
41,combined_0p2mm_1pct,20260730,0.1,240641,23981,reused
42,combined_0p2mm_1pct,20260730,0.1,242044,24252,reused
43,combined_0p2mm_1pct,20260730,0.1,241141,24036,reused
44,combined_0p2mm_1pct,20260730,0.1,241880,24126,reused
45,combined_0p2mm_1pct,20260730,0.1,240329,23953,reused
46,combined_0p2mm_1pct,20260730,0.1,242138,24367,reused
47,combined_0p2mm_1pct,20260730,0.1,240624,23883,reused
48,combined_0p2mm_1pct,20260730,0.1,240720,24131,reused
49,combined_0p2mm_1pct,20260730,0.1,240396,23970,reused
50,combined_0p2mm_1pct,20260730,0.1,239237,24135,reused
51,combined_0p2mm_1pct,20260730,0.1,241655,24059,reused
52,combined_0p2mm_1pct,20260730,0.1,240348,23786,reused
53,combined_0p2mm_1pct,20260730,0.1,240558,24105,reused
54,combined_0p2mm_1pct,20260730,0.1,240261,24015,reused
55,combined_0p2mm_1pct,20260730,0.1,240853,24144,reused
56,combined_0p2mm_1pct,20260730,0.1,241118,24147,reused
57,combined_0p2mm_1pct,20260730,0.1,240921,24310,reused
58,combined_0p2mm_1pct,20260730,0.1,241393,24240,reused
59,combined_0p2mm_1pct,20260730,0.1,240566,24130,reused
60,combined_0p2mm_1pct,20260730,0.1,241494,24075,reused
61,combined_0p2mm_1pct,20260730,0.1,241039,24328,reused
62,combined_0p2mm_1pct,20260730,0.1,240446,24256,reused
63,combined_0p2mm_1pct,20260730,0.1,240722,23999,reused
64,combined_0p2mm_1pct,20260730,0.1,241358,24277,reused
65,combined_0p2mm_1pct,20260730,0.1,240387,23687,reused
66,combined_0p2mm_1pct,20260730,0.1,240442,24314,reused
67,combined_0p2mm_1pct,20260730,0.1,240720,24133,reused
68,combined_0p2mm_1pct,20260730,0.1,241246,24000,reused
69,combined_0p2mm_1pct,20260730,0.1,241457,24380,reused
70,combined_0p2mm_1pct,20260730,0.1,241255,24425,reused
71,combined_0p2mm_1pct,20260730,0.1,239713,23974,reused
72,combined_0p2mm_1pct,20260730,0.1,240189,23689,reused
73,combined_0p2mm_1pct,20260730,0.1,240123,23926,reused
74,combined_0p2mm_1pct,20260730,0.1,240854,24357,reused
75,combined_0p2mm_1pct,20260730,0.1,241046,24239,reused
76,combined_0p2mm_1pct,20260730,0.1,240978,24175,reused
77,combined_0p2mm_1pct,20260730,0.1,240904,24089,reused
78,combined_0p2mm_1pct,20260730,0.1,240729,24049,reused
79,combined_0p2mm_1pct,20260730,0.1,241384,24171,reused
80,combined_0p2mm_1pct,20260730,0.1,240517,24016,reused
81,combined_0p2mm_1pct,20260730,0.1,240643,24169,reused
82,combined_0p2mm_1pct,20260730,0.1,241157,23917,reused
83,combined_0p2mm_1pct,20260730,0.1,241506,23882,reused
84,combined_0p2mm_1pct,20260730,0.1,241048,23903,reused
85,combined_0p2mm_1pct,20260730,0.1,240830,24053,reused
86,combined_0p2mm_1pct,20260730,0.1,240942,24222,reused
87,combined_0p2mm_1pct,20260730,0.1,241227,24142,reused
88,combined_0p2mm_1pct,20260730,0.1,241423,24246,reused
89,combined_0p2mm_1pct,20260730,0.1,241135,24149,reused
90,combined_0p2mm_1pct,20260730,0.1,240879,24083,reused
91,combined_0p2mm_1pct,20260730,0.1,240175,24206,reused
92,combined_0p2mm_1pct,20260730,0.1,241207,24262,reused
93,combined_0p2mm_1pct,20260730,0.1,241501,24243,reused
94,combined_0p2mm_1pct,20260730,0.1,241157,23866,reused
95,combined_0p2mm_1pct,20260730,0.1,241157,24247,reused
96,combined_0p2mm_1pct,20260730,0.1,239653,23703,reused
97,combined_0p2mm_1pct,20260730,0.1,241039,24139,reused
98,combined_0p2mm_1pct,20260730,0.1,241086,24313,reused
99,combined_0p2mm_1pct,20260730,0.1,240725,24381,reused
100,combined_0p2mm_1pct,20260730,0.1,240485,23999,reused
101,combined_0p2mm_1pct,20260730,0.1,241354,24041,reused
102,combined_0p2mm_1pct,20260730,0.1,239783,24047,reused
103,combined_0p2mm_1pct,20260730,0.1,241385,24433,reused
104,combined_0p2mm_1pct,20260730,0.1,241035,24004,reused
105,combined_0p2mm_1pct,20260730,0.1,240756,24016,reused
106,combined_0p2mm_1pct,20260730,0.1,241896,24246,reused
107,combined_0p2mm_1pct,20260730,0.1,241463,24197,reused
108,combined_0p2mm_1pct,20260730,0.1,241253,24044,reused
109,combined_0p2mm_1pct,20260730,0.1,241184,24337,reused
110,combined_0p2mm_1pct,20260730,0.1,240699,24290,reused
111,combined_0p2mm_1pct,20260730,0.1,240997,24010,reused
112,combined_0p2mm_1pct,20260730,0.1,240583,24042,reused
113,combined_0p2mm_1pct,20260730,0.1,240964,23882,reused
114,combined_0p2mm_1pct,20260730,0.1,240600,24251,reused
115,combined_0p2mm_1pct,20260730,0.1,240261,24214,reused
116,combined_0p2mm_1pct,20260730,0.1,241637,24303,reused
117,combined_0p2mm_1pct,20260730,0.1,241311,24115,reused
118,combined_0p2mm_1pct,20260730,0.1,241938,23877,reused
119,combined_0p2mm_1pct,20260730,0.1,241176,24150,reused
120,combined_0p2mm_1pct,20260730,0.1,240797,23976,reused
121,combined_0p2mm_1pct,20260730,0.1,239857,24112,reused
122,combined_0p2mm_1pct,20260730,0.1,241214,24036,reused
123,combined_0p2mm_1pct,20260730,0.1,240683,23876,reused
124,combined_0p2mm_1pct,20260730,0.1,241329,24007,reused
125,combined_0p2mm_1pct,20260730,0.1,240875,24252,reused
126,combined_0p2mm_1pct,20260730,0.1,240875,24058,reused
127,combined_0p2mm_1pct,20260730,0.1,241068,24225,reused
128,combined_0p2mm_1pct,20260730,0.1,240162,24316,reused
129,combined_0p2mm_1pct,20260730,0.1,240374,24165,reused
130,combined_0p2mm_1pct,20260730,0.1,240488,24212,reused
131,combined_0p2mm_1pct,20260730,0.1,240947,24093,reused
132,combined_0p2mm_1pct,20260730,0.1,240457,24096,reused
133,combined_0p2mm_1pct,20260730,0.1,240179,24175,reused
134,combined_0p2mm_1pct,20260730,0.1,241068,24160,reused
135,combined_0p2mm_1pct,20260730,0.1,241135,24110,reused
136,combined_0p2mm_1pct,20260730,0.1,241233,23834,reused
137,combined_0p2mm_1pct,20260730,0.1,240408,24022,reused
138,combined_0p2mm_1pct,20260730,0.1,241083,24089,reused
139,combined_0p2mm_1pct,20260730,0.1,241078,24103,reused
140,combined_0p2mm_1pct,20260730,0.1,241286,24224,reused
141,combined_0p2mm_1pct,20260730,0.1,240855,23976,reused
142,combined_0p2mm_1pct,20260730,0.1,239727,23934,reused
143,combined_0p2mm_1pct,20260730,0.1,240739,23972,reused
144,combined_0p2mm_1pct,20260730,0.1,240422,23938,reused
145,combined_0p2mm_1pct,20260730,0.1,240282,24182,reused
146,combined_0p2mm_1pct,20260730,0.1,241067,23990,reused
147,combined_0p2mm_1pct,20260730,0.1,241037,24152,reused
148,combined_0p2mm_1pct,20260730,0.1,241161,24079,reused
149,combined_0p2mm_1pct,20260730,0.1,240800,24389,reused
150,combined_0p2mm_1pct,20260730,0.1,240507,23885,reused
151,combined_0p2mm_1pct,20260730,0.1,241033,23972,reused
152,combined_0p2mm_1pct,20260730,0.1,241001,23930,reused
153,combined_0p2mm_1pct,20260730,0.1,241719,23986,reused
154,combined_0p2mm_1pct,20260730,0.1,240524,24035,reused
155,combined_0p2mm_1pct,20260730,0.1,240618,24244,reused
156,combined_0p2mm_1pct,20260730,0.1,240539,24002,reused
157,combined_0p2mm_1pct,20260730,0.1,240510,23964,reused
158,combined_0p2mm_1pct,20260730,0.1,240599,24054,reused
159,combined_0p2mm_1pct,20260730,0.1,241239,24205,reused
160,combined_0p2mm_1pct,20260730,0.1,241132,23996,reused
161,combined_0p2mm_1pct,20260730,0.1,241499,24080,reused
162,combined_0p2mm_1pct,20260730,0.1,240360,23856,reused
163,combined_0p2mm_1pct,20260730,0.1,241610,24452,reused
164,combined_0p2mm_1pct,20260730,0.1,240837,24089,reused
165,combined_0p2mm_1pct,20260730,0.1,241151,23892,reused
166,combined_0p2mm_1pct,20260730,0.1,240725,24073,reused
167,combined_0p2mm_1pct,20260730,0.1,241365,24256,reused
168,combined_0p2mm_1pct,20260730,0.1,241536,24204,reused
169,combined_0p2mm_1pct,20260730,0.1,240427,24066,reused
170,combined_0p2mm_1pct,20260730,0.1,240964,23919,reused
171,combined_0p2mm_1pct,20260730,0.1,241023,24235,reused
172,combined_0p2mm_1pct,20260730,0.1,241123,23981,reused
173,combined_0p2mm_1pct,20260730,0.1,241006,24363,reused
174,combined_0p2mm_1pct,20260730,0.1,241268,23998,reused
175,combined_0p2mm_1pct,20260730,0.1,241692,24115,reused
176,combined_0p2mm_1pct,20260730,0.1,241657,23873,reused
177,combined_0p2mm_1pct,20260730,0.1,241337,24292,reused
178,combined_0p2mm_1pct,20260730,0.1,240388,23928,reused
179,combined_0p2mm_1pct,20260730,0.1,241249,24026,reused
180,combined_0p2mm_1pct,20260730,0.1,240882,24175,reused
181,combined_0p2mm_1pct,20260730,0.1,240380,24191,reused
182,combined_0p2mm_1pct,20260730,0.1,241316,24162,reused
183,combined_0p2mm_1pct,20260730,0.1,240300,23933,reused
184,combined_0p2mm_1pct,20260730,0.1,240947,23991,reused
185,combined_0p2mm_1pct,20260730,0.1,240971,23979,reused
186,combined_0p2mm_1pct,20260730,0.1,240357,24170,reused
187,combined_0p2mm_1pct,20260730,0.1,240216,24019,reused
188,combined_0p2mm_1pct,20260730,0.1,240934,24166,reused
189,combined_0p2mm_1pct,20260730,0.1,241240,24162,reused
190,combined_0p2mm_1pct,20260730,0.1,241174,24020,reused
191,combined_0p2mm_1pct,20260730,0.1,240369,24011,reused
192,combined_0p2mm_1pct,20260730,0.1,240885,24293,reused
193,combined_0p2mm_1pct,20260730,0.1,240718,24022,reused
194,combined_0p2mm_1pct,20260730,0.1,240756,23988,reused
195,combined_0p2mm_1pct,20260730,0.1,241521,24357,reused
196,combined_0p2mm_1pct,20260730,0.1,241341,24032,reused
197,combined_0p2mm_1pct,20260730,0.1,241197,24365,reused
198,combined_0p2mm_1pct,20260730,0.1,240527,23830,reused
199,combined_0p2mm_1pct,20260730,0.1,239869,23919,reused
200,combined_0p2mm_1pct,20260730,0.1,240896,24036,reused
201,combined_0p2mm_1pct,20260730,0.1,240240,24207,reused
202,combined_0p2mm_1pct,20260730,0.1,241293,24152,reused
203,combined_0p2mm_1pct,20260730,0.1,240678,23917,reused
204,combined_0p2mm_1pct,20260730,0.1,240589,23846,reused
205,combined_0p2mm_1pct,20260730,0.1,240051,24078,reused
206,combined_0p2mm_1pct,20260730,0.1,240297,24069,reused
207,combined_0p2mm_1pct,20260730,0.1,241886,24114,reused
208,combined_0p2mm_1pct,20260730,0.1,239942,24030,reused
209,combined_0p2mm_1pct,20260730,0.1,240912,24222,reused
210,combined_0p2mm_1pct,20260730,0.1,240983,24331,reused
211,combined_0p2mm_1pct,20260730,0.1,241703,24072,reused
212,combined_0p2mm_1pct,20260730,0.1,240275,24032,reused
213,combined_0p2mm_1pct,20260730,0.1,240401,23892,reused
214,combined_0p2mm_1pct,20260730,0.1,240575,24088,reused
215,combined_0p2mm_1pct,20260730,0.1,240581,24037,reused
216,combined_0p2mm_1pct,20260730,0.1,240287,24051,reused
217,combined_0p2mm_1pct,20260730,0.1,241294,23983,reused
218,combined_0p2mm_1pct,20260730,0.1,241083,23988,reused
219,combined_0p2mm_1pct,20260730,0.1,240190,23705,reused
220,combined_0p2mm_1pct,20260730,0.1,240722,24021,reused
221,combined_0p2mm_1pct,20260730,0.1,240569,24227,reused
222,combined_0p2mm_1pct,20260730,0.1,240533,23918,reused
223,combined_0p2mm_1pct,20260730,0.1,240918,24113,reused
224,combined_0p2mm_1pct,20260730,0.1,240980,24134,reused
225,combined_0p2mm_1pct,20260730,0.1,240624,23904,reused
226,combined_0p2mm_1pct,20260730,0.1,240717,23716,reused
227,combined_0p2mm_1pct,20260730,0.1,242010,24131,reused
228,combined_0p2mm_1pct,20260730,0.1,241189,24379,reused
229,combined_0p2mm_1pct,20260730,0.1,241069,23856,reused
230,combined_0p2mm_1pct,20260730,0.1,240423,23958,reused
231,combined_0p2mm_1pct,20260730,0.1,240523,23884,reused
232,combined_0p2mm_1pct,20260730,0.1,242115,24349,reused
233,combined_0p2mm_1pct,20260730,0.1,241682,24012,reused
234,combined_0p2mm_1pct,20260730,0.1,240950,24180,reused
235,combined_0p2mm_1pct,20260730,0.1,241448,24002,reused
236,combined_0p2mm_1pct,20260730,0.1,240066,24091,reused
237,combined_0p2mm_1pct,20260730,0.1,241336,24200,reused
238,combined_0p2mm_1pct,20260730,0.1,240262,23973,reused
239,combined_0p2mm_1pct,20260730,0.1,240826,23858,reused
240,combined_0p2mm_1pct,20260730,0.1,241266,24170,reused
241,combined_0p2mm_1pct,20260730,0.1,240968,24110,reused
242,combined_0p2mm_1pct,20260730,0.1,241091,23992,reused
243,combined_0p2mm_1pct,20260730,0.1,240511,24128,reused
244,combined_0p2mm_1pct,20260730,0.1,241184,24137,reused
245,combined_0p2mm_1pct,20260730,0.1,241197,24142,reused
246,combined_0p2mm_1pct,20260730,0.1,241291,24285,reused
247,combined_0p2mm_1pct,20260730,0.1,240777,24207,reused
248,combined_0p2mm_1pct,20260730,0.1,240626,24470,reused
249,combined_0p2mm_1pct,20260730,0.1,240351,24080,reused
250,combined_0p2mm_1pct,20260730,0.1,241308,23829,reused
251,combined_0p2mm_1pct,20260730,0.1,240867,24055,reused
252,combined_0p2mm_1pct,20260730,0.1,241503,24216,reused
253,combined_0p2mm_1pct,20260730,0.1,241281,23988,reused
254,combined_0p2mm_1pct,20260730,0.1,241893,24145,reused
255,combined_0p2mm_1pct,20260730,0.1,240510,24136,reused
256,combined_0p2mm_1pct,20260730,0.1,240643,24250,reused
257,combined_0p2mm_1pct,20260730,0.1,240819,24109,reused
258,combined_0p2mm_1pct,20260730,0.1,240781,23988,reused
259,combined_0p2mm_1pct,20260730,0.1,241355,24295,reused
260,combined_0p2mm_1pct,20260730,0.1,241821,24013,reused
261,combined_0p2mm_1pct,20260730,0.1,241292,24463,reused
262,combined_0p2mm_1pct,20260730,0.1,240862,23967,reused
263,combined_0p2mm_1pct,20260730,0.1,241300,24215,reused
264,combined_0p2mm_1pct,20260730,0.1,241332,24256,reused
265,combined_0p2mm_1pct,20260730,0.1,240768,24261,reused
266,combined_0p2mm_1pct,20260730,0.1,240472,23884,reused
267,combined_0p2mm_1pct,20260730,0.1,240639,23732,reused
268,combined_0p2mm_1pct,20260730,0.1,241811,24010,reused
269,combined_0p2mm_1pct,20260730,0.1,240730,24244,reused
270,combined_0p2mm_1pct,20260730,0.1,239993,24229,reused
271,combined_0p2mm_1pct,20260730,0.1,241297,24060,reused
272,combined_0p2mm_1pct,20260730,0.1,241031,24238,reused
273,combined_0p2mm_1pct,20260730,0.1,240223,23920,reused
274,combined_0p2mm_1pct,20260730,0.1,241751,24371,reused
275,combined_0p2mm_1pct,20260730,0.1,240481,24052,reused
276,combined_0p2mm_1pct,20260730,0.1,240613,24185,reused
277,combined_0p2mm_1pct,20260730,0.1,240638,24053,reused
278,combined_0p2mm_1pct,20260730,0.1,240412,24191,reused
279,combined_0p2mm_1pct,20260730,0.1,240693,23737,reused
280,combined_0p2mm_1pct,20260730,0.1,240574,24002,reused
281,combined_0p2mm_1pct,20260730,0.1,241467,24341,reused
282,combined_0p2mm_1pct,20260730,0.1,240570,24265,reused
283,combined_0p2mm_1pct,20260730,0.1,240850,23889,reused
284,combined_0p2mm_1pct,20260730,0.1,240929,24202,reused
285,combined_0p2mm_1pct,20260730,0.1,241039,24147,reused
286,combined_0p2mm_1pct,20260730,0.1,240597,24027,reused
287,combined_0p2mm_1pct,20260730,0.1,240215,24001,reused
288,combined_0p2mm_1pct,20260730,0.1,241054,23980,reused
289,combined_0p2mm_1pct,20260730,0.1,241390,24025,reused
290,combined_0p2mm_1pct,20260730,0.1,240869,23811,reused
291,combined_0p2mm_1pct,20260730,0.1,241093,24184,reused
292,combined_0p2mm_1pct,20260730,0.1,239999,23905,reused
293,combined_0p2mm_1pct,20260730,0.1,240151,24028,reused
294,combined_0p2mm_1pct,20260730,0.1,241050,24204,reused
295,combined_0p2mm_1pct,20260730,0.1,240894,24034,reused
296,combined_0p2mm_1pct,20260730,0.1,241074,24112,reused
297,combined_0p2mm_1pct,20260730,0.1,241445,24045,reused
298,combined_0p2mm_1pct,20260730,0.1,240092,23942,reused
299,combined_0p2mm_1pct,20260730,0.1,241188,24140,reused
300,combined_0p2mm_1pct,20260730,0.1,239829,23952,reused
301,combined_0p2mm_1pct,20260730,0.1,240707,23959,reused
302,combined_0p2mm_1pct,20260730,0.1,241603,24231,reused
303,combined_0p2mm_1pct,20260730,0.1,241230,24001,reused
304,combined_0p2mm_1pct,20260730,0.1,241607,23824,reused
305,combined_0p2mm_1pct,20260730,0.1,241810,24157,reused
306,combined_0p2mm_1pct,20260730,0.1,240513,24052,reused
307,combined_0p2mm_1pct,20260730,0.1,240798,24384,reused
308,combined_0p2mm_1pct,20260730,0.1,240459,23950,reused
309,combined_0p2mm_1pct,20260730,0.1,240450,24076,reused
310,combined_0p2mm_1pct,20260730,0.1,240325,24041,reused
311,combined_0p2mm_1pct,20260730,0.1,241800,24057,reused
312,combined_0p2mm_1pct,20260730,0.1,241463,24097,reused
313,combined_0p2mm_1pct,20260730,0.1,240565,24058,reused
314,combined_0p2mm_1pct,20260730,0.1,241423,24225,reused
315,combined_0p2mm_1pct,20260730,0.1,240671,24062,reused
316,combined_0p2mm_1pct,20260730,0.1,241036,23876,reused
317,combined_0p2mm_1pct,20260730,0.1,240362,23920,reused
318,combined_0p2mm_1pct,20260730,0.1,240999,24085,reused
319,combined_0p2mm_1pct,20260730,0.1,241948,24292,reused
320,combined_0p2mm_1pct,20260730,0.1,240815,24090,reused
321,combined_0p2mm_1pct,20260730,0.1,241068,24319,reused
322,combined_0p2mm_1pct,20260730,0.1,241613,24108,reused
323,combined_0p2mm_1pct,20260730,0.1,240794,24183,reused
324,combined_0p2mm_1pct,20260730,0.1,240742,24216,reused
325,combined_0p2mm_1pct,20260730,0.1,241077,24115,reused
326,combined_0p2mm_1pct,20260730,0.1,240858,23795,reused
327,combined_0p2mm_1pct,20260730,0.1,241011,24040,reused
328,combined_0p2mm_1pct,20260730,0.1,241225,23936,reused
329,combined_0p2mm_1pct,20260730,0.1,241282,23980,reused
330,combined_0p2mm_1pct,20260730,0.1,241237,24364,reused
331,combined_0p2mm_1pct,20260730,0.1,241556,24119,reused
332,combined_0p2mm_1pct,20260730,0.1,240495,24326,reused
333,combined_0p2mm_1pct,20260730,0.1,241934,24048,reused
334,combined_0p2mm_1pct,20260730,0.1,241121,24271,reused
335,combined_0p2mm_1pct,20260730,0.1,240540,23914,reused
336,combined_0p2mm_1pct,20260730,0.1,241461,24107,reused
337,combined_0p2mm_1pct,20260730,0.1,241372,24130,reused
338,combined_0p2mm_1pct,20260730,0.1,240720,24197,reused
339,combined_0p2mm_1pct,20260730,0.1,240830,24235,reused
340,combined_0p2mm_1pct,20260730,0.1,241148,24138,reused
341,combined_0p2mm_1pct,20260730,0.1,240439,24139,reused
342,combined_0p2mm_1pct,20260730,0.1,241437,24099,reused
343,combined_0p2mm_1pct,20260730,0.1,241052,24097,reused
344,combined_0p2mm_1pct,20260730,0.1,240557,24008,reused
345,combined_0p2mm_1pct,20260730,0.1,241004,23987,reused
346,combined_0p2mm_1pct,20260730,0.1,241433,23987,reused
347,combined_0p2mm_1pct,20260730,0.1,240804,23977,reused
348,combined_0p2mm_1pct,20260730,0.1,241132,24207,reused
349,combined_0p2mm_1pct,20260730,0.1,240197,24039,reused
350,combined_0p2mm_1pct,20260730,0.1,240626,24118,reused
351,combined_0p2mm_1pct,20260730,0.1,241460,24185,reused
352,combined_0p2mm_1pct,20260730,0.1,240587,23963,reused
353,combined_0p2mm_1pct,20260730,0.1,240914,24220,reused
354,combined_0p2mm_1pct,20260730,0.1,241064,24236,reused
355,combined_0p2mm_1pct,20260730,0.1,240831,23976,reused
356,combined_0p2mm_1pct,20260730,0.1,240889,24184,reused
357,combined_0p2mm_1pct,20260730,0.1,240647,24083,reused
358,combined_0p2mm_1pct,20260730,0.1,240566,24010,reused
359,combined_0p2mm_1pct,20260730,0.1,239839,24096,reused
360,combined_0p2mm_1pct,20260730,0.1,241151,24279,reused
361,combined_0p2mm_1pct,20260730,0.1,240811,23951,reused
362,combined_0p2mm_1pct,20260730,0.1,240961,24011,reused
363,combined_0p2mm_1pct,20260730,0.1,240890,23909,reused
364,combined_0p2mm_1pct,20260730,0.1,240738,24192,reused
365,combined_0p2mm_1pct,20260730,0.1,240466,24027,reused
366,combined_0p2mm_1pct,20260730,0.1,240910,23847,reused
367,combined_0p2mm_1pct,20260730,0.1,241256,24119,reused
368,combined_0p2mm_1pct,20260730,0.1,241055,24035,reused
369,combined_0p2mm_1pct,20260730,0.1,241602,24130,reused
370,combined_0p2mm_1pct,20260730,0.1,241995,23916,reused
371,combined_0p2mm_1pct,20260730,0.1,241447,24262,reused
372,combined_0p2mm_1pct,20260730,0.1,241163,24163,reused
373,combined_0p2mm_1pct,20260730,0.1,240688,24062,reused
374,combined_0p2mm_1pct,20260730,0.1,240675,24066,reused
375,combined_0p2mm_1pct,20260730,0.1,241388,23985,reused
376,combined_0p2mm_1pct,20260730,0.1,241438,24210,reused
377,combined_0p2mm_1pct,20260730,0.1,240709,24136,reused
378,combined_0p2mm_1pct,20260730,0.1,240825,24138,reused
379,combined_0p2mm_1pct,20260730,0.1,240641,24142,reused
380,combined_0p2mm_1pct,20260730,0.1,241011,23943,reused
381,combined_0p2mm_1pct,20260730,0.1,240737,24030,reused
382,combined_0p2mm_1pct,20260730,0.1,241572,24195,reused
383,combined_0p2mm_1pct,20260730,0.1,241182,24263,reused
384,combined_0p2mm_1pct,20260730,0.1,240465,23884,reused
385,combined_0p2mm_1pct,20260730,0.1,240690,24040,reused
386,combined_0p2mm_1pct,20260730,0.1,240862,24236,reused
387,combined_0p2mm_1pct,20260730,0.1,241376,24048,reused
388,combined_0p2mm_1pct,20260730,0.1,240305,24001,reused
389,combined_0p2mm_1pct,20260730,0.1,240681,23956,reused
390,combined_0p2mm_1pct,20260730,0.1,239986,23792,reused
391,combined_0p2mm_1pct,20260730,0.1,240436,23870,reused
392,combined_0p2mm_1pct,20260730,0.1,240927,24094,reused
393,combined_0p2mm_1pct,20260730,0.1,239875,23999,reused
394,combined_0p2mm_1pct,20260730,0.1,242016,24265,reused
395,combined_0p2mm_1pct,20260730,0.1,241215,24120,reused
396,combined_0p2mm_1pct,20260730,0.1,240853,24008,reused
397,combined_0p2mm_1pct,20260730,0.1,240692,24182,reused
398,combined_0p2mm_1pct,20260730,0.1,241592,24171,reused
399,combined_0p2mm_1pct,20260730,0.1,240652,24276,reused
400,combined_0p2mm_1pct,20260730,0.1,240601,23942,reused
401,combined_0p2mm_1pct,20260730,0.1,241133,24223,reused
402,combined_0p2mm_1pct,20260730,0.1,241480,24080,reused
403,combined_0p2mm_1pct,20260730,0.1,240486,23980,reused
404,combined_0p2mm_1pct,20260730,0.1,240573,23708,reused
405,combined_0p2mm_1pct,20260730,0.1,240862,23972,reused
406,combined_0p2mm_1pct,20260730,0.1,240827,23847,reused
407,combined_0p2mm_1pct,20260730,0.1,241056,24178,reused
408,combined_0p2mm_1pct,20260730,0.1,239994,23906,reused
409,combined_0p2mm_1pct,20260730,0.1,240217,23999,reused
410,combined_0p2mm_1pct,20260730,0.1,240775,24403,reused
411,combined_0p2mm_1pct,20260730,0.1,240709,23960,reused
412,combined_0p2mm_1pct,20260730,0.1,241211,23998,reused
413,combined_0p2mm_1pct,20260730,0.1,240778,24251,reused
414,combined_0p2mm_1pct,20260730,0.1,241235,24064,reused
415,combined_0p2mm_1pct,20260730,0.1,240918,24055,reused
416,combined_0p2mm_1pct,20260730,0.1,241282,23897,reused
417,combined_0p2mm_1pct,20260730,0.1,240557,24042,reused
418,combined_0p2mm_1pct,20260730,0.1,241558,24255,reused
419,combined_0p2mm_1pct,20260730,0.1,240967,24253,reused
420,combined_0p2mm_1pct,20260730,0.1,240505,24002,reused
421,combined_0p2mm_1pct,20260730,0.1,241157,24398,reused
422,combined_0p2mm_1pct,20260730,0.1,241357,24077,reused
423,combined_0p2mm_1pct,20260730,0.1,240693,24501,reused
424,combined_0p2mm_1pct,20260730,0.1,240527,24130,reused
425,combined_0p2mm_1pct,20260730,0.1,241259,24216,reused
426,combined_0p2mm_1pct,20260730,0.1,240852,24174,reused
427,combined_0p2mm_1pct,20260730,0.1,241066,24271,reused
428,combined_0p2mm_1pct,20260730,0.1,240242,24260,reused
429,combined_0p2mm_1pct,20260730,0.1,241087,23943,reused
430,combined_0p2mm_1pct,20260730,0.1,241723,24265,reused
431,combined_0p2mm_1pct,20260730,0.1,241020,24133,reused
432,combined_0p2mm_1pct,20260730,0.1,240414,24050,reused
433,combined_0p2mm_1pct,20260730,0.1,240553,23803,reused
434,combined_0p2mm_1pct,20260730,0.1,240618,24091,reused
435,combined_0p2mm_1pct,20260730,0.1,240937,24023,reused
436,combined_0p2mm_1pct,20260730,0.1,240877,24334,reused
437,combined_0p2mm_1pct,20260730,0.1,241765,23914,reused
438,combined_0p2mm_1pct,20260730,0.1,241040,24119,reused
439,combined_0p2mm_1pct,20260730,0.1,240729,24028,reused
440,combined_0p2mm_1pct,20260730,0.1,241904,24153,reused
441,combined_0p2mm_1pct,20260730,0.1,241772,24180,reused
442,combined_0p2mm_1pct,20260730,0.1,239977,24032,reused
443,combined_0p2mm_1pct,20260730,0.1,239965,24207,reused
444,combined_0p2mm_1pct,20260730,0.1,240288,24027,reused
445,combined_0p2mm_1pct,20260730,0.1,240738,24009,reused
446,combined_0p2mm_1pct,20260730,0.1,239697,23949,reused
447,combined_0p2mm_1pct,20260730,0.1,240672,24216,reused
448,combined_0p2mm_1pct,20260730,0.1,240453,24116,reused
449,combined_0p2mm_1pct,20260730,0.1,240255,24276,reused
450,combined_0p2mm_1pct,20260730,0.1,242012,24054,reused
451,combined_0p2mm_1pct,20260730,0.1,241153,24295,reused
452,combined_0p2mm_1pct,20260730,0.1,241366,24000,reused
453,combined_0p2mm_1pct,20260730,0.1,241635,24290,reused
454,combined_0p2mm_1pct,20260730,0.1,241511,24360,reused
455,combined_0p2mm_1pct,20260730,0.1,240723,24205,reused
456,combined_0p2mm_1pct,20260730,0.1,241154,24286,reused
457,combined_0p2mm_1pct,20260730,0.1,240593,24108,reused
458,combined_0p2mm_1pct,20260730,0.1,241627,23971,reused
459,combined_0p2mm_1pct,20260730,0.1,240294,23791,reused
460,combined_0p2mm_1pct,20260730,0.1,239828,24013,reused
461,combined_0p2mm_1pct,20260730,0.1,241143,24094,reused
462,combined_0p2mm_1pct,20260730,0.1,240472,24027,reused
463,combined_0p2mm_1pct,20260730,0.1,241063,24199,reused
464,combined_0p2mm_1pct,20260730,0.1,240891,24116,reused
465,combined_0p2mm_1pct,20260730,0.1,241774,24510,reused
466,combined_0p2mm_1pct,20260730,0.1,240716,23811,reused
467,combined_0p2mm_1pct,20260730,0.1,240214,23998,reused
468,combined_0p2mm_1pct,20260730,0.1,241684,24126,reused
469,combined_0p2mm_1pct,20260730,0.1,240650,24098,reused
470,combined_0p2mm_1pct,20260730,0.1,240761,24111,reused
471,combined_0p2mm_1pct,20260730,0.1,241091,24252,reused
472,combined_0p2mm_1pct,20260730,0.1,241425,24264,reused
473,combined_0p2mm_1pct,20260730,0.1,241191,24458,reused
474,combined_0p2mm_1pct,20260730,0.1,239749,23834,reused
475,combined_0p2mm_1pct,20260730,0.1,240568,23985,reused
476,combined_0p2mm_1pct,20260730,0.1,240566,24148,reused
477,combined_0p2mm_1pct,20260730,0.1,241212,24200,reused
478,combined_0p2mm_1pct,20260730,0.1,240356,24193,reused
479,combined_0p2mm_1pct,20260730,0.1,241203,23857,reused
480,combined_0p2mm_1pct,20260730,0.1,241108,24039,reused
481,combined_0p2mm_1pct,20260730,0.1,241515,24119,reused
482,combined_0p2mm_1pct,20260730,0.1,241416,24169,reused
483,combined_0p2mm_1pct,20260730,0.1,240422,23906,reused
484,combined_0p2mm_1pct,20260730,0.1,240825,23962,reused
485,combined_0p2mm_1pct,20260730,0.1,240526,24090,reused
486,combined_0p2mm_1pct,20260730,0.1,241118,23998,reused
487,combined_0p2mm_1pct,20260730,0.1,240506,24406,reused
488,combined_0p2mm_1pct,20260730,0.1,241249,24259,reused
489,combined_0p2mm_1pct,20260730,0.1,241011,24134,reused
490,combined_0p2mm_1pct,20260730,0.1,240401,24045,reused
491,combined_0p2mm_1pct,20260730,0.1,240271,24065,reused
492,combined_0p2mm_1pct,20260730,0.1,240218,24073,reused
493,combined_0p2mm_1pct,20260730,0.1,240691,24194,reused
494,combined_0p2mm_1pct,20260730,0.1,240383,24155,reused
495,combined_0p2mm_1pct,20260730,0.1,241482,24179,reused
496,combined_0p2mm_1pct,20260730,0.1,239979,23883,reused
497,combined_0p2mm_1pct,20260730,0.1,240785,24177,reused
498,combined_0p2mm_1pct,20260730,0.1,240990,24029,reused
499,combined_0p2mm_1pct,20260730,0.1,240563,24053,reused
500,combined_0p2mm_1pct,20260730,0.1,241040,24221,reused
501,combined_0p2mm_1pct,20260730,0.1,240506,24094,reused
502,combined_0p2mm_1pct,20260730,0.1,242147,24345,reused
503,combined_0p2mm_1pct,20260730,0.1,240867,23644,reused
504,combined_0p2mm_1pct,20260730,0.1,241298,24366,reused
505,combined_0p2mm_1pct,20260730,0.1,239784,23929,reused
506,combined_0p2mm_1pct,20260730,0.1,240679,24179,reused
507,combined_0p2mm_1pct,20260730,0.1,241206,24287,reused
508,combined_0p2mm_1pct,20260730,0.1,241524,24082,reused
509,combined_0p2mm_1pct,20260730,0.1,240237,23968,reused
510,combined_0p2mm_1pct,20260730,0.1,241752,24003,reused
511,combined_0p2mm_1pct,20260730,0.1,240428,24252,reused
512,combined_0p2mm_1pct,20260730,0.1,240536,24154,reused
513,combined_0p2mm_1pct,20260730,0.1,240813,24104,reused
514,combined_0p2mm_1pct,20260730,0.1,240514,23992,reused
515,combined_0p2mm_1pct,20260730,0.1,240432,24163,reused
516,combined_0p2mm_1pct,20260730,0.1,240698,24132,reused
517,combined_0p2mm_1pct,20260730,0.1,241110,24161,reused
518,combined_0p2mm_1pct,20260730,0.1,240109,24361,reused
519,combined_0p2mm_1pct,20260730,0.1,240453,24186,reused
520,combined_0p2mm_1pct,20260730,0.1,241134,24098,reused
521,combined_0p2mm_1pct,20260730,0.1,240419,23845,reused
522,combined_0p2mm_1pct,20260730,0.1,240560,23945,reused
523,combined_0p2mm_1pct,20260730,0.1,240547,23802,reused
524,combined_0p2mm_1pct,20260730,0.1,240596,24313,reused
525,combined_0p2mm_1pct,20260730,0.1,240756,23920,reused
526,combined_0p2mm_1pct,20260730,0.1,241077,24243,reused
527,combined_0p2mm_1pct,20260730,0.1,240700,24162,reused
528,combined_0p2mm_1pct,20260730,0.1,240712,23865,reused
529,combined_0p2mm_1pct,20260730,0.1,240648,24163,reused
530,combined_0p2mm_1pct,20260730,0.1,241568,24399,reused
531,combined_0p2mm_1pct,20260730,0.1,241419,24071,reused
532,combined_0p2mm_1pct,20260730,0.1,241200,24351,reused
533,combined_0p2mm_1pct,20260730,0.1,240533,24054,reused
534,combined_0p2mm_1pct,20260730,0.1,240815,24143,reused
535,combined_0p2mm_1pct,20260730,0.1,240863,23880,reused
536,combined_0p2mm_1pct,20260730,0.1,241359,24147,reused
537,combined_0p2mm_1pct,20260730,0.1,240796,24092,reused
538,combined_0p2mm_1pct,20260730,0.1,240431,24099,reused
539,combined_0p2mm_1pct,20260730,0.1,240304,24427,reused
540,combined_0p2mm_1pct,20260730,0.1,240520,23962,reused
541,combined_0p2mm_1pct,20260730,0.1,240228,23915,reused
542,combined_0p2mm_1pct,20260730,0.1,240452,23744,reused
543,combined_0p2mm_1pct,20260730,0.1,241334,23871,reused
544,combined_0p2mm_1pct,20260730,0.1,241135,24144,reused
545,combined_0p2mm_1pct,20260730,0.1,241208,24304,reused
546,combined_0p2mm_1pct,20260730,0.1,241637,24110,reused
547,combined_0p2mm_1pct,20260730,0.1,241503,24332,reused
548,combined_0p2mm_1pct,20260730,0.1,240206,23833,reused
549,combined_0p2mm_1pct,20260730,0.1,241164,24034,reused
550,combined_0p2mm_1pct,20260730,0.1,241321,24317,reused
551,combined_0p2mm_1pct,20260730,0.1,240541,24063,reused
552,combined_0p2mm_1pct,20260730,0.1,241742,23966,reused
553,combined_0p2mm_1pct,20260730,0.1,241692,24064,reused
554,combined_0p2mm_1pct,20260730,0.1,239876,23936,reused
555,combined_0p2mm_1pct,20260730,0.1,240427,24211,reused
556,combined_0p2mm_1pct,20260730,0.1,240565,23926,reused
557,combined_0p2mm_1pct,20260730,0.1,240488,24131,reused
558,combined_0p2mm_1pct,20260730,0.1,239962,23822,reused
559,combined_0p2mm_1pct,20260730,0.1,240465,23990,reused
560,combined_0p2mm_1pct,20260730,0.1,241247,24405,reused
561,combined_0p2mm_1pct,20260730,0.1,241874,24229,reused
562,combined_0p2mm_1pct,20260730,0.1,240257,24195,reused
563,combined_0p2mm_1pct,20260730,0.1,240800,24300,reused
564,combined_0p2mm_1pct,20260730,0.1,240428,24159,reused
565,combined_0p2mm_1pct,20260730,0.1,240642,24211,reused
566,combined_0p2mm_1pct,20260730,0.1,240217,23806,reused
567,combined_0p2mm_1pct,20260730,0.1,241773,23947,reused
568,combined_0p2mm_1pct,20260730,0.1,240920,24213,reused
569,combined_0p2mm_1pct,20260730,0.1,240503,23871,reused
570,combined_0p2mm_1pct,20260730,0.1,240556,23837,reused
571,combined_0p2mm_1pct,20260730,0.1,241293,24049,reused
572,combined_0p2mm_1pct,20260730,0.1,240594,24085,reused
573,combined_0p2mm_1pct,20260730,0.1,241277,23894,reused
574,combined_0p2mm_1pct,20260730,0.1,241026,24509,reused
575,combined_0p2mm_1pct,20260730,0.1,240993,24104,reused
576,combined_0p2mm_1pct,20260730,0.1,241337,24055,reused
577,combined_0p2mm_1pct,20260730,0.1,240983,23890,reused
578,combined_0p2mm_1pct,20260730,0.1,240532,23940,reused
579,combined_0p2mm_1pct,20260730,0.1,240383,23771,reused
580,combined_0p2mm_1pct,20260730,0.1,240195,23834,reused
581,combined_0p2mm_1pct,20260730,0.1,241357,24222,reused
582,combined_0p2mm_1pct,20260730,0.1,240957,24076,reused
583,combined_0p2mm_1pct,20260730,0.1,241077,24434,reused
584,combined_0p2mm_1pct,20260730,0.1,241270,24169,reused
585,combined_0p2mm_1pct,20260730,0.1,241692,24187,reused
586,combined_0p2mm_1pct,20260730,0.1,241600,23792,reused
587,combined_0p2mm_1pct,20260730,0.1,240798,24163,reused
588,combined_0p2mm_1pct,20260730,0.1,240836,24072,reused
589,combined_0p2mm_1pct,20260730,0.1,241216,24386,reused
590,combined_0p2mm_1pct,20260730,0.1,241131,24219,reused
591,combined_0p2mm_1pct,20260730,0.1,241102,24057,reused
592,combined_0p2mm_1pct,20260730,0.1,240407,24269,reused
593,combined_0p2mm_1pct,20260730,0.1,240175,23994,reused
594,combined_0p2mm_1pct,20260730,0.1,240663,23919,reused
595,combined_0p2mm_1pct,20260730,0.1,240793,24301,reused
596,combined_0p2mm_1pct,20260730,0.1,241190,24111,reused
597,combined_0p2mm_1pct,20260730,0.1,241664,24023,reused
598,combined_0p2mm_1pct,20260730,0.1,240806,23773,reused
599,combined_0p2mm_1pct,20260730,0.1,240634,24160,reused
600,combined_0p2mm_1pct,20260730,0.1,241416,24502,reused
601,combined_0p2mm_1pct,20260730,0.1,240356,24136,reused
602,combined_0p2mm_1pct,20260730,0.1,241483,24264,reused
603,combined_0p2mm_1pct,20260730,0.1,241404,24129,reused
604,combined_0p2mm_1pct,20260730,0.1,240859,24212,reused
605,combined_0p2mm_1pct,20260730,0.1,240343,23924,reused
606,combined_0p2mm_1pct,20260730,0.1,241435,24264,reused
607,combined_0p2mm_1pct,20260730,0.1,241265,24400,reused
608,combined_0p2mm_1pct,20260730,0.1,240670,24131,reused
609,combined_0p2mm_1pct,20260730,0.1,241578,24108,reused
610,combined_0p2mm_1pct,20260730,0.1,241523,24148,reused
611,combined_0p2mm_1pct,20260730,0.1,241313,24240,reused
612,combined_0p2mm_1pct,20260730,0.1,240961,24179,reused
613,combined_0p2mm_1pct,20260730,0.1,240598,23919,reused
614,combined_0p2mm_1pct,20260730,0.1,240274,24104,reused
615,combined_0p2mm_1pct,20260730,0.1,240737,24232,reused
616,combined_0p2mm_1pct,20260730,0.1,240271,24053,reused
617,combined_0p2mm_1pct,20260730,0.1,240557,24066,reused
618,combined_0p2mm_1pct,20260730,0.1,240829,24070,reused
619,combined_0p2mm_1pct,20260730,0.1,241229,24134,reused
620,combined_0p2mm_1pct,20260730,0.1,240026,24007,reused
621,combined_0p2mm_1pct,20260730,0.1,241267,24332,reused
622,combined_0p2mm_1pct,20260730,0.1,241003,24424,reused
623,combined_0p2mm_1pct,20260730,0.1,241010,24032,reused
624,combined_0p2mm_1pct,20260730,0.1,240708,24111,reused
625,combined_0p2mm_1pct,20260730,0.1,241061,24258,reused
626,combined_0p2mm_1pct,20260730,0.1,241207,24277,reused
627,combined_0p2mm_1pct,20260730,0.1,241650,24251,reused
628,combined_0p2mm_1pct,20260730,0.1,241089,24357,reused
629,combined_0p2mm_1pct,20260730,0.1,241029,24185,reused
630,combined_0p2mm_1pct,20260730,0.1,240070,23984,reused
631,combined_0p2mm_1pct,20260730,0.1,241746,24441,reused
632,combined_0p2mm_1pct,20260730,0.1,240781,23838,reused
633,combined_0p2mm_1pct,20260730,0.1,241258,24148,reused
634,combined_0p2mm_1pct,20260730,0.1,240587,23985,reused
635,combined_0p2mm_1pct,20260730,0.1,240969,23952,reused
636,combined_0p2mm_1pct,20260730,0.1,240536,23942,reused
637,combined_0p2mm_1pct,20260730,0.1,240092,23894,reused
638,combined_0p2mm_1pct,20260730,0.1,241076,24184,reused
639,combined_0p2mm_1pct,20260730,0.1,241044,24128,reused
640,combined_0p2mm_1pct,20260730,0.1,240949,24176,reused
641,combined_0p2mm_1pct,20260730,0.1,241126,23594,reused
642,combined_0p2mm_1pct,20260730,0.1,240792,24265,reused
643,combined_0p2mm_1pct,20260730,0.1,241158,24042,reused
644,combined_0p2mm_1pct,20260730,0.1,240922,24419,reused
645,combined_0p2mm_1pct,20260730,0.1,241192,23973,reused
646,combined_0p2mm_1pct,20260730,0.1,240125,23960,reused
647,combined_0p2mm_1pct,20260730,0.1,241315,24149,reused
648,combined_0p2mm_1pct,20260730,0.1,241097,24055,reused
649,combined_0p2mm_1pct,20260730,0.1,240977,24183,reused
650,combined_0p2mm_1pct,20260730,0.1,241199,24036,reused
651,combined_0p2mm_1pct,20260730,0.1,240582,24118,reused
652,combined_0p2mm_1pct,20260730,0.1,240405,23881,reused
653,combined_0p2mm_1pct,20260730,0.1,240894,24267,reused
654,combined_0p2mm_1pct,20260730,0.1,240595,23894,reused
655,combined_0p2mm_1pct,20260730,0.1,239913,24024,reused
656,combined_0p2mm_1pct,20260730,0.1,240731,24119,reused
657,combined_0p2mm_1pct,20260730,0.1,241166,24357,reused
658,combined_0p2mm_1pct,20260730,0.1,241413,24119,reused
659,combined_0p2mm_1pct,20260730,0.1,240752,23839,reused
660,combined_0p2mm_1pct,20260730,0.1,240886,23969,reused
661,combined_0p2mm_1pct,20260730,0.1,239828,23877,reused
662,combined_0p2mm_1pct,20260730,0.1,240179,24104,reused
663,combined_0p2mm_1pct,20260730,0.1,240783,24201,reused
664,combined_0p2mm_1pct,20260730,0.1,241517,24263,reused
665,combined_0p2mm_1pct,20260730,0.1,240078,24224,reused
666,combined_0p2mm_1pct,20260730,0.1,239628,24042,reused
667,combined_0p2mm_1pct,20260730,0.1,240757,23907,reused
668,combined_0p2mm_1pct,20260730,0.1,241228,23915,reused
669,combined_0p2mm_1pct,20260730,0.1,240966,24086,reused
670,combined_0p2mm_1pct,20260730,0.1,240335,24324,reused
671,combined_0p2mm_1pct,20260730,0.1,240553,24334,reused
672,combined_0p2mm_1pct,20260730,0.1,240397,23973,reused
673,combined_0p2mm_1pct,20260730,0.1,240545,24384,reused
674,combined_0p2mm_1pct,20260730,0.1,239613,23718,reused
675,combined_0p2mm_1pct,20260730,0.1,241019,24012,reused
676,combined_0p2mm_1pct,20260730,0.1,240729,24139,reused
677,combined_0p2mm_1pct,20260730,0.1,240801,24232,reused
678,combined_0p2mm_1pct,20260730,0.1,240741,24292,reused
679,combined_0p2mm_1pct,20260730,0.1,241269,24278,reused
680,combined_0p2mm_1pct,20260730,0.1,240838,24241,reused
681,combined_0p2mm_1pct,20260730,0.1,240507,23981,reused
682,combined_0p2mm_1pct,20260730,0.1,240587,23981,reused
683,combined_0p2mm_1pct,20260730,0.1,241720,24235,reused
684,combined_0p2mm_1pct,20260730,0.1,241478,24293,reused
685,combined_0p2mm_1pct,20260730,0.1,241389,24215,reused
686,combined_0p2mm_1pct,20260730,0.1,240647,24285,reused
687,combined_0p2mm_1pct,20260730,0.1,240429,24146,reused
688,combined_0p2mm_1pct,20260730,0.1,239426,23897,reused
689,combined_0p2mm_1pct,20260730,0.1,240743,23817,reused
690,combined_0p2mm_1pct,20260730,0.1,241050,24219,reused
691,combined_0p2mm_1pct,20260730,0.1,240755,24214,reused
692,combined_0p2mm_1pct,20260730,0.1,241185,24347,reused
693,combined_0p2mm_1pct,20260730,0.1,240508,24064,reused
694,combined_0p2mm_1pct,20260730,0.1,241203,24077,reused
695,combined_0p2mm_1pct,20260730,0.1,242045,24140,reused
696,combined_0p2mm_1pct,20260730,0.1,240906,24183,reused
697,combined_0p2mm_1pct,20260730,0.1,240963,23931,reused
698,combined_0p2mm_1pct,20260730,0.1,240327,23970,reused
699,combined_0p2mm_1pct,20260730,0.1,240449,24268,reused
700,combined_0p2mm_1pct,20260730,0.1,240916,24046,reused
701,combined_0p2mm_1pct,20260730,0.1,241143,24225,reused
702,combined_0p2mm_1pct,20260730,0.1,241050,23948,reused
703,combined_0p2mm_1pct,20260730,0.1,240906,24005,reused
704,combined_0p2mm_1pct,20260730,0.1,240926,24120,reused
705,combined_0p2mm_1pct,20260730,0.1,241494,24185,reused
706,combined_0p2mm_1pct,20260730,0.1,241070,24024,reused
707,combined_0p2mm_1pct,20260730,0.1,241615,24413,reused
708,combined_0p2mm_1pct,20260730,0.1,240195,24681,reused
709,combined_0p2mm_1pct,20260730,0.1,240849,24449,reused
710,combined_0p2mm_1pct,20260730,0.1,240283,23759,reused
711,combined_0p2mm_1pct,20260730,0.1,241044,24036,reused
712,combined_0p2mm_1pct,20260730,0.1,241242,24297,reused
713,combined_0p2mm_1pct,20260730,0.1,241186,23964,reused
714,combined_0p2mm_1pct,20260730,0.1,240600,24172,reused
715,combined_0p2mm_1pct,20260730,0.1,241362,24319,reused
716,combined_0p2mm_1pct,20260730,0.1,241445,24329,reused
717,combined_0p2mm_1pct,20260730,0.1,240433,24179,reused
718,combined_0p2mm_1pct,20260730,0.1,240441,24113,reused
719,combined_0p2mm_1pct,20260730,0.1,240835,24167,reused
0,combined_0p2mm_1pct,20260731,0.25,240908,59966,reused
1,combined_0p2mm_1pct,20260731,0.25,240306,60354,reused
2,combined_0p2mm_1pct,20260731,0.25,240547,60041,reused
3,combined_0p2mm_1pct,20260731,0.25,240874,60010,reused
4,combined_0p2mm_1pct,20260731,0.25,241233,60244,reused
5,combined_0p2mm_1pct,20260731,0.25,239919,59915,reused
6,combined_0p2mm_1pct,20260731,0.25,240818,60214,reused
7,combined_0p2mm_1pct,20260731,0.25,240886,60616,reused
8,combined_0p2mm_1pct,20260731,0.25,240763,60128,reused
9,combined_0p2mm_1pct,20260731,0.25,240516,59676,reused
10,combined_0p2mm_1pct,20260731,0.25,240272,59968,reused
11,combined_0p2mm_1pct,20260731,0.25,239822,60112,reused
12,combined_0p2mm_1pct,20260731,0.25,240881,60393,reused
13,combined_0p2mm_1pct,20260731,0.25,241208,60510,reused
14,combined_0p2mm_1pct,20260731,0.25,240027,60274,reused
15,combined_0p2mm_1pct,20260731,0.25,240957,60131,reused
16,combined_0p2mm_1pct,20260731,0.25,241218,60414,reused
17,combined_0p2mm_1pct,20260731,0.25,242152,60551,reused
18,combined_0p2mm_1pct,20260731,0.25,240973,60185,reused
19,combined_0p2mm_1pct,20260731,0.25,241615,60386,reused
20,combined_0p2mm_1pct,20260731,0.25,240334,60016,reused
21,combined_0p2mm_1pct,20260731,0.25,242643,60375,reused
22,combined_0p2mm_1pct,20260731,0.25,241386,60377,reused
23,combined_0p2mm_1pct,20260731,0.25,240787,60136,reused
24,combined_0p2mm_1pct,20260731,0.25,242048,60485,reused
25,combined_0p2mm_1pct,20260731,0.25,241209,60394,reused
26,combined_0p2mm_1pct,20260731,0.25,241031,60612,reused
27,combined_0p2mm_1pct,20260731,0.25,240399,60328,reused
28,combined_0p2mm_1pct,20260731,0.25,240218,60292,reused
29,combined_0p2mm_1pct,20260731,0.25,240634,60194,reused
30,combined_0p2mm_1pct,20260731,0.25,240992,60167,reused
31,combined_0p2mm_1pct,20260731,0.25,241007,60271,reused
32,combined_0p2mm_1pct,20260731,0.25,241100,60132,reused
33,combined_0p2mm_1pct,20260731,0.25,240348,59814,reused
34,combined_0p2mm_1pct,20260731,0.25,241915,60396,reused
35,combined_0p2mm_1pct,20260731,0.25,240982,59996,reused
36,combined_0p2mm_1pct,20260731,0.25,241523,60246,reused
37,combined_0p2mm_1pct,20260731,0.25,241064,60272,reused
38,combined_0p2mm_1pct,20260731,0.25,240807,60124,reused
39,combined_0p2mm_1pct,20260731,0.25,241439,60056,reused
40,combined_0p2mm_1pct,20260731,0.25,241005,60359,reused
41,combined_0p2mm_1pct,20260731,0.25,240641,59871,reused
42,combined_0p2mm_1pct,20260731,0.25,242044,60639,reused
43,combined_0p2mm_1pct,20260731,0.25,241141,60007,reused
44,combined_0p2mm_1pct,20260731,0.25,241880,60387,reused
45,combined_0p2mm_1pct,20260731,0.25,240329,59673,reused
46,combined_0p2mm_1pct,20260731,0.25,242138,60662,reused
47,combined_0p2mm_1pct,20260731,0.25,240624,60069,reused
48,combined_0p2mm_1pct,20260731,0.25,240720,60165,reused
49,combined_0p2mm_1pct,20260731,0.25,240396,59996,reused
50,combined_0p2mm_1pct,20260731,0.25,239237,60062,reused
51,combined_0p2mm_1pct,20260731,0.25,241655,60243,reused
52,combined_0p2mm_1pct,20260731,0.25,240348,59520,reused
53,combined_0p2mm_1pct,20260731,0.25,240558,60021,reused
54,combined_0p2mm_1pct,20260731,0.25,240261,60486,reused
55,combined_0p2mm_1pct,20260731,0.25,240853,60125,reused
56,combined_0p2mm_1pct,20260731,0.25,241118,59688,reused
57,combined_0p2mm_1pct,20260731,0.25,240921,60373,reused
58,combined_0p2mm_1pct,20260731,0.25,241393,60287,reused
59,combined_0p2mm_1pct,20260731,0.25,240566,60135,reused
60,combined_0p2mm_1pct,20260731,0.25,241494,60737,reused
61,combined_0p2mm_1pct,20260731,0.25,241039,60400,reused
62,combined_0p2mm_1pct,20260731,0.25,240446,60181,reused
63,combined_0p2mm_1pct,20260731,0.25,240722,60146,reused
64,combined_0p2mm_1pct,20260731,0.25,241358,60472,reused
65,combined_0p2mm_1pct,20260731,0.25,240387,60051,reused
66,combined_0p2mm_1pct,20260731,0.25,240442,60459,reused
67,combined_0p2mm_1pct,20260731,0.25,240720,60343,reused
68,combined_0p2mm_1pct,20260731,0.25,241246,59958,reused
69,combined_0p2mm_1pct,20260731,0.25,241457,60487,reused
70,combined_0p2mm_1pct,20260731,0.25,241255,60571,reused
71,combined_0p2mm_1pct,20260731,0.25,239713,59835,reused
72,combined_0p2mm_1pct,20260731,0.25,240189,59976,reused
73,combined_0p2mm_1pct,20260731,0.25,240123,60097,reused
74,combined_0p2mm_1pct,20260731,0.25,240854,59996,reused
75,combined_0p2mm_1pct,20260731,0.25,241046,60439,reused
76,combined_0p2mm_1pct,20260731,0.25,240978,60500,reused
77,combined_0p2mm_1pct,20260731,0.25,240904,60270,reused
78,combined_0p2mm_1pct,20260731,0.25,240729,60471,reused
79,combined_0p2mm_1pct,20260731,0.25,241384,60201,reused
80,combined_0p2mm_1pct,20260731,0.25,240517,60169,reused
81,combined_0p2mm_1pct,20260731,0.25,240643,60073,reused
82,combined_0p2mm_1pct,20260731,0.25,241157,60640,reused
83,combined_0p2mm_1pct,20260731,0.25,241506,60194,reused
84,combined_0p2mm_1pct,20260731,0.25,241048,60336,reused
85,combined_0p2mm_1pct,20260731,0.25,240830,60594,reused
86,combined_0p2mm_1pct,20260731,0.25,240942,60360,reused
87,combined_0p2mm_1pct,20260731,0.25,241227,60291,reused
88,combined_0p2mm_1pct,20260731,0.25,241423,60334,reused
89,combined_0p2mm_1pct,20260731,0.25,241135,59837,reused
90,combined_0p2mm_1pct,20260731,0.25,240879,60217,reused
91,combined_0p2mm_1pct,20260731,0.25,240175,59846,reused
92,combined_0p2mm_1pct,20260731,0.25,241207,60207,reused
93,combined_0p2mm_1pct,20260731,0.25,241501,60342,reused
94,combined_0p2mm_1pct,20260731,0.25,241157,59869,reused
95,combined_0p2mm_1pct,20260731,0.25,241157,60553,reused
96,combined_0p2mm_1pct,20260731,0.25,239653,59742,reused
97,combined_0p2mm_1pct,20260731,0.25,241039,60528,reused
98,combined_0p2mm_1pct,20260731,0.25,241086,60177,reused
99,combined_0p2mm_1pct,20260731,0.25,240725,60300,reused
100,combined_0p2mm_1pct,20260731,0.25,240485,60285,reused
101,combined_0p2mm_1pct,20260731,0.25,241354,60059,reused
102,combined_0p2mm_1pct,20260731,0.25,239783,59785,reused
103,combined_0p2mm_1pct,20260731,0.25,241385,60375,reused
104,combined_0p2mm_1pct,20260731,0.25,241035,60314,reused
105,combined_0p2mm_1pct,20260731,0.25,240756,60150,reused
106,combined_0p2mm_1pct,20260731,0.25,241896,60508,reused
107,combined_0p2mm_1pct,20260731,0.25,241463,60170,reused
108,combined_0p2mm_1pct,20260731,0.25,241253,60268,reused
109,combined_0p2mm_1pct,20260731,0.25,241184,60302,reused
110,combined_0p2mm_1pct,20260731,0.25,240699,60423,reused
111,combined_0p2mm_1pct,20260731,0.25,240997,59987,reused
112,combined_0p2mm_1pct,20260731,0.25,240583,60163,reused
113,combined_0p2mm_1pct,20260731,0.25,240964,60340,reused
114,combined_0p2mm_1pct,20260731,0.25,240600,59831,reused
115,combined_0p2mm_1pct,20260731,0.25,240261,60145,reused
116,combined_0p2mm_1pct,20260731,0.25,241637,60187,reused
117,combined_0p2mm_1pct,20260731,0.25,241311,60336,reused
118,combined_0p2mm_1pct,20260731,0.25,241938,60118,reused
119,combined_0p2mm_1pct,20260731,0.25,241176,59874,reused
120,combined_0p2mm_1pct,20260731,0.25,240797,60203,reused
121,combined_0p2mm_1pct,20260731,0.25,239857,59752,reused
122,combined_0p2mm_1pct,20260731,0.25,241214,60452,reused
123,combined_0p2mm_1pct,20260731,0.25,240683,60304,reused
124,combined_0p2mm_1pct,20260731,0.25,241329,60330,reused
125,combined_0p2mm_1pct,20260731,0.25,240875,60618,reused
126,combined_0p2mm_1pct,20260731,0.25,240875,60424,reused
127,combined_0p2mm_1pct,20260731,0.25,241068,60289,reused
128,combined_0p2mm_1pct,20260731,0.25,240162,60075,reused
129,combined_0p2mm_1pct,20260731,0.25,240374,60341,reused
130,combined_0p2mm_1pct,20260731,0.25,240488,60036,reused
131,combined_0p2mm_1pct,20260731,0.25,240947,60283,reused
132,combined_0p2mm_1pct,20260731,0.25,240457,60374,reused
133,combined_0p2mm_1pct,20260731,0.25,240179,60013,reused
134,combined_0p2mm_1pct,20260731,0.25,241068,60548,reused
135,combined_0p2mm_1pct,20260731,0.25,241135,60219,reused
136,combined_0p2mm_1pct,20260731,0.25,241233,60107,reused
137,combined_0p2mm_1pct,20260731,0.25,240408,60205,reused
138,combined_0p2mm_1pct,20260731,0.25,241083,60534,reused
139,combined_0p2mm_1pct,20260731,0.25,241078,60195,reused
140,combined_0p2mm_1pct,20260731,0.25,241286,60241,reused
141,combined_0p2mm_1pct,20260731,0.25,240855,60160,reused
142,combined_0p2mm_1pct,20260731,0.25,239727,59716,reused
143,combined_0p2mm_1pct,20260731,0.25,240739,60104,reused
144,combined_0p2mm_1pct,20260731,0.25,240422,59936,reused
145,combined_0p2mm_1pct,20260731,0.25,240282,60159,reused
146,combined_0p2mm_1pct,20260731,0.25,241067,60246,reused
147,combined_0p2mm_1pct,20260731,0.25,241037,60174,reused
148,combined_0p2mm_1pct,20260731,0.25,241161,60649,reused
149,combined_0p2mm_1pct,20260731,0.25,240800,60528,reused
150,combined_0p2mm_1pct,20260731,0.25,240507,59936,reused
151,combined_0p2mm_1pct,20260731,0.25,241033,60505,reused
152,combined_0p2mm_1pct,20260731,0.25,241001,60081,reused
153,combined_0p2mm_1pct,20260731,0.25,241719,60415,reused
154,combined_0p2mm_1pct,20260731,0.25,240524,59988,reused
155,combined_0p2mm_1pct,20260731,0.25,240618,60311,reused
156,combined_0p2mm_1pct,20260731,0.25,240539,60114,reused
157,combined_0p2mm_1pct,20260731,0.25,240510,60154,reused
158,combined_0p2mm_1pct,20260731,0.25,240599,60511,reused
159,combined_0p2mm_1pct,20260731,0.25,241239,60412,reused
160,combined_0p2mm_1pct,20260731,0.25,241132,60438,reused
161,combined_0p2mm_1pct,20260731,0.25,241499,60398,reused
162,combined_0p2mm_1pct,20260731,0.25,240360,60049,reused
163,combined_0p2mm_1pct,20260731,0.25,241610,60454,reused
164,combined_0p2mm_1pct,20260731,0.25,240837,60385,reused
165,combined_0p2mm_1pct,20260731,0.25,241151,60552,reused
166,combined_0p2mm_1pct,20260731,0.25,240725,60167,reused
167,combined_0p2mm_1pct,20260731,0.25,241365,60525,reused
168,combined_0p2mm_1pct,20260731,0.25,241536,60337,reused
169,combined_0p2mm_1pct,20260731,0.25,240427,60121,reused
170,combined_0p2mm_1pct,20260731,0.25,240964,59999,reused
171,combined_0p2mm_1pct,20260731,0.25,241023,60180,reused
172,combined_0p2mm_1pct,20260731,0.25,241123,59960,reused
173,combined_0p2mm_1pct,20260731,0.25,241006,60303,reused
174,combined_0p2mm_1pct,20260731,0.25,241268,60303,reused
175,combined_0p2mm_1pct,20260731,0.25,241692,60519,reused
176,combined_0p2mm_1pct,20260731,0.25,241657,60197,reused
177,combined_0p2mm_1pct,20260731,0.25,241337,60513,reused
178,combined_0p2mm_1pct,20260731,0.25,240388,60220,reused
179,combined_0p2mm_1pct,20260731,0.25,241249,60072,reused
180,combined_0p2mm_1pct,20260731,0.25,240882,60250,reused
181,combined_0p2mm_1pct,20260731,0.25,240380,59922,reused
182,combined_0p2mm_1pct,20260731,0.25,241316,60158,reused
183,combined_0p2mm_1pct,20260731,0.25,240300,59863,reused
184,combined_0p2mm_1pct,20260731,0.25,240947,60689,reused
185,combined_0p2mm_1pct,20260731,0.25,240971,60089,reused
186,combined_0p2mm_1pct,20260731,0.25,240357,60161,reused
187,combined_0p2mm_1pct,20260731,0.25,240216,60048,reused
188,combined_0p2mm_1pct,20260731,0.25,240934,60723,reused
189,combined_0p2mm_1pct,20260731,0.25,241240,60380,reused
190,combined_0p2mm_1pct,20260731,0.25,241174,60590,reused
191,combined_0p2mm_1pct,20260731,0.25,240369,59995,reused
192,combined_0p2mm_1pct,20260731,0.25,240885,60229,reused
193,combined_0p2mm_1pct,20260731,0.25,240718,60054,reused
194,combined_0p2mm_1pct,20260731,0.25,240756,60084,reused
195,combined_0p2mm_1pct,20260731,0.25,241521,60579,reused
196,combined_0p2mm_1pct,20260731,0.25,241341,60107,reused
197,combined_0p2mm_1pct,20260731,0.25,241197,60377,reused
198,combined_0p2mm_1pct,20260731,0.25,240527,60023,reused
199,combined_0p2mm_1pct,20260731,0.25,239869,59602,reused
200,combined_0p2mm_1pct,20260731,0.25,240896,60206,reused
201,combined_0p2mm_1pct,20260731,0.25,240240,60331,reused
202,combined_0p2mm_1pct,20260731,0.25,241293,60207,reused
203,combined_0p2mm_1pct,20260731,0.25,240678,60006,reused
204,combined_0p2mm_1pct,20260731,0.25,240589,59922,reused
205,combined_0p2mm_1pct,20260731,0.25,240051,60003,reused
206,combined_0p2mm_1pct,20260731,0.25,240297,59987,reused
207,combined_0p2mm_1pct,20260731,0.25,241886,60465,reused
208,combined_0p2mm_1pct,20260731,0.25,239942,60034,reused
209,combined_0p2mm_1pct,20260731,0.25,240912,60282,reused
210,combined_0p2mm_1pct,20260731,0.25,240983,60165,reused
211,combined_0p2mm_1pct,20260731,0.25,241703,60114,reused
212,combined_0p2mm_1pct,20260731,0.25,240275,60014,reused
213,combined_0p2mm_1pct,20260731,0.25,240401,60024,reused
214,combined_0p2mm_1pct,20260731,0.25,240575,59976,reused
215,combined_0p2mm_1pct,20260731,0.25,240581,59932,reused
216,combined_0p2mm_1pct,20260731,0.25,240287,59843,reused
217,combined_0p2mm_1pct,20260731,0.25,241294,60407,reused
218,combined_0p2mm_1pct,20260731,0.25,241083,60188,reused
219,combined_0p2mm_1pct,20260731,0.25,240190,59697,reused
220,combined_0p2mm_1pct,20260731,0.25,240722,59988,reused
221,combined_0p2mm_1pct,20260731,0.25,240569,60101,reused
222,combined_0p2mm_1pct,20260731,0.25,240533,59864,reused
223,combined_0p2mm_1pct,20260731,0.25,240918,59570,reused
224,combined_0p2mm_1pct,20260731,0.25,240980,60390,reused
225,combined_0p2mm_1pct,20260731,0.25,240624,59836,reused
226,combined_0p2mm_1pct,20260731,0.25,240717,60039,reused
227,combined_0p2mm_1pct,20260731,0.25,242010,60164,reused
228,combined_0p2mm_1pct,20260731,0.25,241189,60461,reused
229,combined_0p2mm_1pct,20260731,0.25,241069,60137,reused
230,combined_0p2mm_1pct,20260731,0.25,240423,59968,reused
231,combined_0p2mm_1pct,20260731,0.25,240523,60163,reused
232,combined_0p2mm_1pct,20260731,0.25,242115,60631,reused
233,combined_0p2mm_1pct,20260731,0.25,241682,60151,reused
234,combined_0p2mm_1pct,20260731,0.25,240950,60441,reused
235,combined_0p2mm_1pct,20260731,0.25,241448,60409,reused
236,combined_0p2mm_1pct,20260731,0.25,240066,59819,reused
237,combined_0p2mm_1pct,20260731,0.25,241336,60108,reused
238,combined_0p2mm_1pct,20260731,0.25,240262,59955,reused
239,combined_0p2mm_1pct,20260731,0.25,240826,60081,reused
240,combined_0p2mm_1pct,20260731,0.25,241266,60079,reused
241,combined_0p2mm_1pct,20260731,0.25,240968,60525,reused
242,combined_0p2mm_1pct,20260731,0.25,241091,59876,reused
243,combined_0p2mm_1pct,20260731,0.25,240511,60142,reused
244,combined_0p2mm_1pct,20260731,0.25,241184,60676,reused
245,combined_0p2mm_1pct,20260731,0.25,241197,60259,reused
246,combined_0p2mm_1pct,20260731,0.25,241291,60528,reused
247,combined_0p2mm_1pct,20260731,0.25,240777,59975,reused
248,combined_0p2mm_1pct,20260731,0.25,240626,60236,reused
249,combined_0p2mm_1pct,20260731,0.25,240351,60257,reused
250,combined_0p2mm_1pct,20260731,0.25,241308,60007,reused
251,combined_0p2mm_1pct,20260731,0.25,240867,60248,reused
252,combined_0p2mm_1pct,20260731,0.25,241503,60288,reused
253,combined_0p2mm_1pct,20260731,0.25,241281,60346,reused
254,combined_0p2mm_1pct,20260731,0.25,241893,60119,reused
255,combined_0p2mm_1pct,20260731,0.25,240510,60290,reused
256,combined_0p2mm_1pct,20260731,0.25,240643,60292,reused
257,combined_0p2mm_1pct,20260731,0.25,240819,60332,reused
258,combined_0p2mm_1pct,20260731,0.25,240781,60517,reused
259,combined_0p2mm_1pct,20260731,0.25,241355,60582,reused
260,combined_0p2mm_1pct,20260731,0.25,241821,60538,reused
261,combined_0p2mm_1pct,20260731,0.25,241292,60618,reused
262,combined_0p2mm_1pct,20260731,0.25,240862,59863,reused
263,combined_0p2mm_1pct,20260731,0.25,241300,60225,reused
264,combined_0p2mm_1pct,20260731,0.25,241332,60480,reused
265,combined_0p2mm_1pct,20260731,0.25,240768,60643,reused
266,combined_0p2mm_1pct,20260731,0.25,240472,60177,reused
267,combined_0p2mm_1pct,20260731,0.25,240639,60128,reused
268,combined_0p2mm_1pct,20260731,0.25,241811,60396,reused
269,combined_0p2mm_1pct,20260731,0.25,240730,60697,reused
270,combined_0p2mm_1pct,20260731,0.25,239993,60032,reused
271,combined_0p2mm_1pct,20260731,0.25,241297,60129,reused
272,combined_0p2mm_1pct,20260731,0.25,241031,60522,reused
273,combined_0p2mm_1pct,20260731,0.25,240223,60000,reused
274,combined_0p2mm_1pct,20260731,0.25,241751,60317,reused
275,combined_0p2mm_1pct,20260731,0.25,240481,59887,reused
276,combined_0p2mm_1pct,20260731,0.25,240613,59987,reused
277,combined_0p2mm_1pct,20260731,0.25,240638,60197,reused
278,combined_0p2mm_1pct,20260731,0.25,240412,60184,reused
279,combined_0p2mm_1pct,20260731,0.25,240693,59970,reused
280,combined_0p2mm_1pct,20260731,0.25,240574,60073,reused
281,combined_0p2mm_1pct,20260731,0.25,241467,60575,reused
282,combined_0p2mm_1pct,20260731,0.25,240570,60023,reused
283,combined_0p2mm_1pct,20260731,0.25,240850,59961,reused
284,combined_0p2mm_1pct,20260731,0.25,240929,60060,reused
285,combined_0p2mm_1pct,20260731,0.25,241039,60254,reused
286,combined_0p2mm_1pct,20260731,0.25,240597,60128,reused
287,combined_0p2mm_1pct,20260731,0.25,240215,60002,reused
288,combined_0p2mm_1pct,20260731,0.25,241054,60217,reused
289,combined_0p2mm_1pct,20260731,0.25,241390,60274,reused
290,combined_0p2mm_1pct,20260731,0.25,240869,60450,reused
291,combined_0p2mm_1pct,20260731,0.25,241093,60181,reused
292,combined_0p2mm_1pct,20260731,0.25,239999,59847,reused
293,combined_0p2mm_1pct,20260731,0.25,240151,60113,reused
294,combined_0p2mm_1pct,20260731,0.25,241050,60561,reused
295,combined_0p2mm_1pct,20260731,0.25,240894,60106,reused
296,combined_0p2mm_1pct,20260731,0.25,241074,60530,reused
297,combined_0p2mm_1pct,20260731,0.25,241445,60370,reused
298,combined_0p2mm_1pct,20260731,0.25,240092,60063,reused
299,combined_0p2mm_1pct,20260731,0.25,241188,60616,reused
300,combined_0p2mm_1pct,20260731,0.25,239829,60053,reused
301,combined_0p2mm_1pct,20260731,0.25,240707,60284,reused
302,combined_0p2mm_1pct,20260731,0.25,241603,60409,reused
303,combined_0p2mm_1pct,20260731,0.25,241230,60336,reused
304,combined_0p2mm_1pct,20260731,0.25,241607,60431,reused
305,combined_0p2mm_1pct,20260731,0.25,241810,60870,reused
306,combined_0p2mm_1pct,20260731,0.25,240513,60192,reused
307,combined_0p2mm_1pct,20260731,0.25,240798,60050,reused
308,combined_0p2mm_1pct,20260731,0.25,240459,60320,reused
309,combined_0p2mm_1pct,20260731,0.25,240450,60154,reused
310,combined_0p2mm_1pct,20260731,0.25,240325,59608,reused
311,combined_0p2mm_1pct,20260731,0.25,241800,60614,reused
312,combined_0p2mm_1pct,20260731,0.25,241463,60755,reused
313,combined_0p2mm_1pct,20260731,0.25,240565,60062,reused
314,combined_0p2mm_1pct,20260731,0.25,241423,60431,reused
315,combined_0p2mm_1pct,20260731,0.25,240671,60335,reused
316,combined_0p2mm_1pct,20260731,0.25,241036,60376,reused
317,combined_0p2mm_1pct,20260731,0.25,240362,60061,reused
318,combined_0p2mm_1pct,20260731,0.25,240999,60251,reused
319,combined_0p2mm_1pct,20260731,0.25,241948,60530,reused
320,combined_0p2mm_1pct,20260731,0.25,240815,60295,reused
321,combined_0p2mm_1pct,20260731,0.25,241068,60197,reused
322,combined_0p2mm_1pct,20260731,0.25,241613,60551,reused
323,combined_0p2mm_1pct,20260731,0.25,240794,60180,reused
324,combined_0p2mm_1pct,20260731,0.25,240742,60228,reused
325,combined_0p2mm_1pct,20260731,0.25,241077,60095,reused
326,combined_0p2mm_1pct,20260731,0.25,240858,60163,reused
327,combined_0p2mm_1pct,20260731,0.25,241011,60227,reused
328,combined_0p2mm_1pct,20260731,0.25,241225,60216,reused
329,combined_0p2mm_1pct,20260731,0.25,241282,60537,reused
330,combined_0p2mm_1pct,20260731,0.25,241237,60905,reused
331,combined_0p2mm_1pct,20260731,0.25,241556,60349,reused
332,combined_0p2mm_1pct,20260731,0.25,240495,60393,reused
333,combined_0p2mm_1pct,20260731,0.25,241934,60192,reused
334,combined_0p2mm_1pct,20260731,0.25,241121,60442,reused
335,combined_0p2mm_1pct,20260731,0.25,240540,60415,reused
336,combined_0p2mm_1pct,20260731,0.25,241461,60046,reused
337,combined_0p2mm_1pct,20260731,0.25,241372,60100,reused
338,combined_0p2mm_1pct,20260731,0.25,240720,60216,reused
339,combined_0p2mm_1pct,20260731,0.25,240830,60614,reused
340,combined_0p2mm_1pct,20260731,0.25,241148,60385,reused
341,combined_0p2mm_1pct,20260731,0.25,240439,60406,reused
342,combined_0p2mm_1pct,20260731,0.25,241437,60103,reused
343,combined_0p2mm_1pct,20260731,0.25,241052,60414,reused
344,combined_0p2mm_1pct,20260731,0.25,240557,59986,reused
345,combined_0p2mm_1pct,20260731,0.25,241004,59865,reused
346,combined_0p2mm_1pct,20260731,0.25,241433,60316,reused
347,combined_0p2mm_1pct,20260731,0.25,240804,60284,reused
348,combined_0p2mm_1pct,20260731,0.25,241132,60112,reused
349,combined_0p2mm_1pct,20260731,0.25,240197,59825,reused
350,combined_0p2mm_1pct,20260731,0.25,240626,59973,reused
351,combined_0p2mm_1pct,20260731,0.25,241460,60363,reused
352,combined_0p2mm_1pct,20260731,0.25,240587,60138,reused
353,combined_0p2mm_1pct,20260731,0.25,240914,60402,reused
354,combined_0p2mm_1pct,20260731,0.25,241064,60342,reused
355,combined_0p2mm_1pct,20260731,0.25,240831,60103,reused
356,combined_0p2mm_1pct,20260731,0.25,240889,60062,reused
357,combined_0p2mm_1pct,20260731,0.25,240647,60290,reused
358,combined_0p2mm_1pct,20260731,0.25,240566,60300,reused
359,combined_0p2mm_1pct,20260731,0.25,239839,59878,reused
360,combined_0p2mm_1pct,20260731,0.25,241151,60571,reused
361,combined_0p2mm_1pct,20260731,0.25,240811,60236,reused
362,combined_0p2mm_1pct,20260731,0.25,240961,59991,reused
363,combined_0p2mm_1pct,20260731,0.25,240890,59672,reused
364,combined_0p2mm_1pct,20260731,0.25,240738,60081,reused
365,combined_0p2mm_1pct,20260731,0.25,240466,60309,reused
366,combined_0p2mm_1pct,20260731,0.25,240910,59755,reused
367,combined_0p2mm_1pct,20260731,0.25,241256,60345,reused
368,combined_0p2mm_1pct,20260731,0.25,241055,60222,reused
369,combined_0p2mm_1pct,20260731,0.25,241602,60270,reused
370,combined_0p2mm_1pct,20260731,0.25,241995,60602,reused
371,combined_0p2mm_1pct,20260731,0.25,241447,60457,reused
372,combined_0p2mm_1pct,20260731,0.25,241163,60549,reused
373,combined_0p2mm_1pct,20260731,0.25,240688,60213,reused
374,combined_0p2mm_1pct,20260731,0.25,240675,60192,reused
375,combined_0p2mm_1pct,20260731,0.25,241388,60696,reused
376,combined_0p2mm_1pct,20260731,0.25,241438,60413,reused
377,combined_0p2mm_1pct,20260731,0.25,240709,60302,reused
378,combined_0p2mm_1pct,20260731,0.25,240825,59936,reused
379,combined_0p2mm_1pct,20260731,0.25,240641,60398,reused
380,combined_0p2mm_1pct,20260731,0.25,241011,60069,reused
381,combined_0p2mm_1pct,20260731,0.25,240737,59749,reused
382,combined_0p2mm_1pct,20260731,0.25,241572,60253,reused
383,combined_0p2mm_1pct,20260731,0.25,241182,60521,reused
384,combined_0p2mm_1pct,20260731,0.25,240465,60161,reused
385,combined_0p2mm_1pct,20260731,0.25,240690,60188,reused
386,combined_0p2mm_1pct,20260731,0.25,240862,60564,reused
387,combined_0p2mm_1pct,20260731,0.25,241376,60152,reused
388,combined_0p2mm_1pct,20260731,0.25,240305,59965,reused
389,combined_0p2mm_1pct,20260731,0.25,240681,59827,reused
390,combined_0p2mm_1pct,20260731,0.25,239986,60238,reused
391,combined_0p2mm_1pct,20260731,0.25,240436,60275,reused
392,combined_0p2mm_1pct,20260731,0.25,240927,59975,reused
393,combined_0p2mm_1pct,20260731,0.25,239875,60083,reused
394,combined_0p2mm_1pct,20260731,0.25,242016,60465,reused
395,combined_0p2mm_1pct,20260731,0.25,241215,60074,reused
396,combined_0p2mm_1pct,20260731,0.25,240853,60412,reused
397,combined_0p2mm_1pct,20260731,0.25,240692,60036,reused
398,combined_0p2mm_1pct,20260731,0.25,241592,60410,reused
399,combined_0p2mm_1pct,20260731,0.25,240652,60468,reused
400,combined_0p2mm_1pct,20260731,0.25,240601,60078,reused
401,combined_0p2mm_1pct,20260731,0.25,241133,60336,reused
402,combined_0p2mm_1pct,20260731,0.25,241480,60500,reused
403,combined_0p2mm_1pct,20260731,0.25,240486,60038,reused
404,combined_0p2mm_1pct,20260731,0.25,240573,59606,reused
405,combined_0p2mm_1pct,20260731,0.25,240862,60312,reused
406,combined_0p2mm_1pct,20260731,0.25,240827,59763,reused
407,combined_0p2mm_1pct,20260731,0.25,241056,60455,reused
408,combined_0p2mm_1pct,20260731,0.25,239994,59820,reused
409,combined_0p2mm_1pct,20260731,0.25,240217,59955,reused
410,combined_0p2mm_1pct,20260731,0.25,240775,59904,reused
411,combined_0p2mm_1pct,20260731,0.25,240709,60007,reused
412,combined_0p2mm_1pct,20260731,0.25,241211,60301,reused
413,combined_0p2mm_1pct,20260731,0.25,240778,60245,reused
414,combined_0p2mm_1pct,20260731,0.25,241235,60376,reused
415,combined_0p2mm_1pct,20260731,0.25,240918,60166,reused
416,combined_0p2mm_1pct,20260731,0.25,241282,60368,reused
417,combined_0p2mm_1pct,20260731,0.25,240557,60089,reused
418,combined_0p2mm_1pct,20260731,0.25,241558,60635,reused
419,combined_0p2mm_1pct,20260731,0.25,240967,60273,reused
420,combined_0p2mm_1pct,20260731,0.25,240505,60021,reused
421,combined_0p2mm_1pct,20260731,0.25,241157,60422,reused
422,combined_0p2mm_1pct,20260731,0.25,241357,59820,reused
423,combined_0p2mm_1pct,20260731,0.25,240693,60616,reused
424,combined_0p2mm_1pct,20260731,0.25,240527,60152,reused
425,combined_0p2mm_1pct,20260731,0.25,241259,60468,reused
426,combined_0p2mm_1pct,20260731,0.25,240852,59870,reused
427,combined_0p2mm_1pct,20260731,0.25,241066,60076,reused
428,combined_0p2mm_1pct,20260731,0.25,240242,60191,reused
429,combined_0p2mm_1pct,20260731,0.25,241087,60412,reused
430,combined_0p2mm_1pct,20260731,0.25,241723,60460,reused
431,combined_0p2mm_1pct,20260731,0.25,241020,59536,reused
432,combined_0p2mm_1pct,20260731,0.25,240414,60233,reused
433,combined_0p2mm_1pct,20260731,0.25,240553,59889,reused
434,combined_0p2mm_1pct,20260731,0.25,240618,60196,reused
435,combined_0p2mm_1pct,20260731,0.25,240937,60445,reused
436,combined_0p2mm_1pct,20260731,0.25,240877,60687,reused
437,combined_0p2mm_1pct,20260731,0.25,241765,60193,reused
438,combined_0p2mm_1pct,20260731,0.25,241040,60505,reused
439,combined_0p2mm_1pct,20260731,0.25,240729,60104,reused
440,combined_0p2mm_1pct,20260731,0.25,241904,60566,reused
441,combined_0p2mm_1pct,20260731,0.25,241772,60137,reused
442,combined_0p2mm_1pct,20260731,0.25,239977,59879,reused
443,combined_0p2mm_1pct,20260731,0.25,239965,59966,reused
444,combined_0p2mm_1pct,20260731,0.25,240288,60185,reused
445,combined_0p2mm_1pct,20260731,0.25,240738,60725,reused
446,combined_0p2mm_1pct,20260731,0.25,239697,60003,reused
447,combined_0p2mm_1pct,20260731,0.25,240672,59941,reused
448,combined_0p2mm_1pct,20260731,0.25,240453,60174,reused
449,combined_0p2mm_1pct,20260731,0.25,240255,60086,reused
450,combined_0p2mm_1pct,20260731,0.25,242012,60570,reused
451,combined_0p2mm_1pct,20260731,0.25,241153,60635,reused
452,combined_0p2mm_1pct,20260731,0.25,241366,60649,reused
453,combined_0p2mm_1pct,20260731,0.25,241635,60504,reused
454,combined_0p2mm_1pct,20260731,0.25,241511,60440,reused
455,combined_0p2mm_1pct,20260731,0.25,240723,60258,reused
456,combined_0p2mm_1pct,20260731,0.25,241154,59899,reused
457,combined_0p2mm_1pct,20260731,0.25,240593,60358,reused
458,combined_0p2mm_1pct,20260731,0.25,241627,60309,reused
459,combined_0p2mm_1pct,20260731,0.25,240294,59784,reused
460,combined_0p2mm_1pct,20260731,0.25,239828,59503,reused
461,combined_0p2mm_1pct,20260731,0.25,241143,60100,reused
462,combined_0p2mm_1pct,20260731,0.25,240472,60113,reused
463,combined_0p2mm_1pct,20260731,0.25,241063,60321,reused
464,combined_0p2mm_1pct,20260731,0.25,240891,60724,reused
465,combined_0p2mm_1pct,20260731,0.25,241774,60954,reused
466,combined_0p2mm_1pct,20260731,0.25,240716,60250,reused
467,combined_0p2mm_1pct,20260731,0.25,240214,60307,reused
468,combined_0p2mm_1pct,20260731,0.25,241684,60647,reused
469,combined_0p2mm_1pct,20260731,0.25,240650,60325,reused
470,combined_0p2mm_1pct,20260731,0.25,240761,60483,reused
471,combined_0p2mm_1pct,20260731,0.25,241091,60178,reused
472,combined_0p2mm_1pct,20260731,0.25,241425,59938,reused
473,combined_0p2mm_1pct,20260731,0.25,241191,60635,reused
474,combined_0p2mm_1pct,20260731,0.25,239749,59967,reused
475,combined_0p2mm_1pct,20260731,0.25,240568,60049,reused
476,combined_0p2mm_1pct,20260731,0.25,240566,60214,reused
477,combined_0p2mm_1pct,20260731,0.25,241212,60196,reused
478,combined_0p2mm_1pct,20260731,0.25,240356,60368,reused
479,combined_0p2mm_1pct,20260731,0.25,241203,60347,reused
480,combined_0p2mm_1pct,20260731,0.25,241108,60072,reused
481,combined_0p2mm_1pct,20260731,0.25,241515,60499,reused
482,combined_0p2mm_1pct,20260731,0.25,241416,60238,reused
483,combined_0p2mm_1pct,20260731,0.25,240422,59978,reused
484,combined_0p2mm_1pct,20260731,0.25,240825,60254,reused
485,combined_0p2mm_1pct,20260731,0.25,240526,60392,reused
486,combined_0p2mm_1pct,20260731,0.25,241118,60484,reused
487,combined_0p2mm_1pct,20260731,0.25,240506,60116,reused
488,combined_0p2mm_1pct,20260731,0.25,241249,60247,reused
489,combined_0p2mm_1pct,20260731,0.25,241011,60276,reused
490,combined_0p2mm_1pct,20260731,0.25,240401,60148,reused
491,combined_0p2mm_1pct,20260731,0.25,240271,59772,reused
492,combined_0p2mm_1pct,20260731,0.25,240218,60105,reused
493,combined_0p2mm_1pct,20260731,0.25,240691,60430,reused
494,combined_0p2mm_1pct,20260731,0.25,240383,59950,reused
495,combined_0p2mm_1pct,20260731,0.25,241482,60373,reused
496,combined_0p2mm_1pct,20260731,0.25,239979,59904,reused
497,combined_0p2mm_1pct,20260731,0.25,240785,60289,reused
498,combined_0p2mm_1pct,20260731,0.25,240990,60316,reused
499,combined_0p2mm_1pct,20260731,0.25,240563,59992,reused
500,combined_0p2mm_1pct,20260731,0.25,241040,60157,reused
501,combined_0p2mm_1pct,20260731,0.25,240506,59849,reused
502,combined_0p2mm_1pct,20260731,0.25,242147,60566,reused
503,combined_0p2mm_1pct,20260731,0.25,240867,60093,reused
504,combined_0p2mm_1pct,20260731,0.25,241298,60563,reused
505,combined_0p2mm_1pct,20260731,0.25,239784,59673,reused
506,combined_0p2mm_1pct,20260731,0.25,240679,60239,reused
507,combined_0p2mm_1pct,20260731,0.25,241206,60300,reused
508,combined_0p2mm_1pct,20260731,0.25,241524,60294,reused
509,combined_0p2mm_1pct,20260731,0.25,240237,59910,reused
510,combined_0p2mm_1pct,20260731,0.25,241752,60323,reused
511,combined_0p2mm_1pct,20260731,0.25,240428,60145,reused
512,combined_0p2mm_1pct,20260731,0.25,240536,59850,reused
513,combined_0p2mm_1pct,20260731,0.25,240813,60031,reused
514,combined_0p2mm_1pct,20260731,0.25,240514,60225,reused
515,combined_0p2mm_1pct,20260731,0.25,240432,60231,reused
516,combined_0p2mm_1pct,20260731,0.25,240698,59926,reused
517,combined_0p2mm_1pct,20260731,0.25,241110,60347,reused
518,combined_0p2mm_1pct,20260731,0.25,240109,60244,reused
519,combined_0p2mm_1pct,20260731,0.25,240453,60161,reused
520,combined_0p2mm_1pct,20260731,0.25,241134,60013,reused
521,combined_0p2mm_1pct,20260731,0.25,240419,59850,reused
522,combined_0p2mm_1pct,20260731,0.25,240560,60327,reused
523,combined_0p2mm_1pct,20260731,0.25,240547,59976,reused
524,combined_0p2mm_1pct,20260731,0.25,240596,60242,reused
525,combined_0p2mm_1pct,20260731,0.25,240756,60364,reused
526,combined_0p2mm_1pct,20260731,0.25,241077,60534,reused
527,combined_0p2mm_1pct,20260731,0.25,240700,60034,reused
528,combined_0p2mm_1pct,20260731,0.25,240712,60033,reused
529,combined_0p2mm_1pct,20260731,0.25,240648,60286,reused
530,combined_0p2mm_1pct,20260731,0.25,241568,60952,reused
531,combined_0p2mm_1pct,20260731,0.25,241419,60075,reused
532,combined_0p2mm_1pct,20260731,0.25,241200,60170,reused
533,combined_0p2mm_1pct,20260731,0.25,240533,59937,reused
534,combined_0p2mm_1pct,20260731,0.25,240815,60557,reused
535,combined_0p2mm_1pct,20260731,0.25,240863,60277,reused
536,combined_0p2mm_1pct,20260731,0.25,241359,60386,reused
537,combined_0p2mm_1pct,20260731,0.25,240796,60038,reused
538,combined_0p2mm_1pct,20260731,0.25,240431,60492,reused
539,combined_0p2mm_1pct,20260731,0.25,240304,60741,reused
540,combined_0p2mm_1pct,20260731,0.25,240520,60025,reused
541,combined_0p2mm_1pct,20260731,0.25,240228,59848,reused
542,combined_0p2mm_1pct,20260731,0.25,240452,59627,reused
543,combined_0p2mm_1pct,20260731,0.25,241334,60384,reused
544,combined_0p2mm_1pct,20260731,0.25,241135,59976,reused
545,combined_0p2mm_1pct,20260731,0.25,241208,60367,reused
546,combined_0p2mm_1pct,20260731,0.25,241637,60512,reused
547,combined_0p2mm_1pct,20260731,0.25,241503,60575,reused
548,combined_0p2mm_1pct,20260731,0.25,240206,60092,reused
549,combined_0p2mm_1pct,20260731,0.25,241164,60219,reused
550,combined_0p2mm_1pct,20260731,0.25,241321,60594,reused
551,combined_0p2mm_1pct,20260731,0.25,240541,59954,reused
552,combined_0p2mm_1pct,20260731,0.25,241742,60345,reused
553,combined_0p2mm_1pct,20260731,0.25,241692,60346,reused
554,combined_0p2mm_1pct,20260731,0.25,239876,59840,reused
555,combined_0p2mm_1pct,20260731,0.25,240427,59899,reused
556,combined_0p2mm_1pct,20260731,0.25,240565,60283,reused
557,combined_0p2mm_1pct,20260731,0.25,240488,60344,reused
558,combined_0p2mm_1pct,20260731,0.25,239962,60082,reused
559,combined_0p2mm_1pct,20260731,0.25,240465,60037,reused
560,combined_0p2mm_1pct,20260731,0.25,241247,60603,reused
561,combined_0p2mm_1pct,20260731,0.25,241874,61061,reused
562,combined_0p2mm_1pct,20260731,0.25,240257,60002,reused
563,combined_0p2mm_1pct,20260731,0.25,240800,60130,reused
564,combined_0p2mm_1pct,20260731,0.25,240428,60101,reused
565,combined_0p2mm_1pct,20260731,0.25,240642,60605,reused
566,combined_0p2mm_1pct,20260731,0.25,240217,60049,reused
567,combined_0p2mm_1pct,20260731,0.25,241773,59998,reused
568,combined_0p2mm_1pct,20260731,0.25,240920,60334,reused
569,combined_0p2mm_1pct,20260731,0.25,240503,59751,reused
570,combined_0p2mm_1pct,20260731,0.25,240556,60329,reused
571,combined_0p2mm_1pct,20260731,0.25,241293,60267,reused
572,combined_0p2mm_1pct,20260731,0.25,240594,60365,reused
573,combined_0p2mm_1pct,20260731,0.25,241277,60223,reused
574,combined_0p2mm_1pct,20260731,0.25,241026,60723,reused
575,combined_0p2mm_1pct,20260731,0.25,240993,60709,reused
576,combined_0p2mm_1pct,20260731,0.25,241337,59879,reused
577,combined_0p2mm_1pct,20260731,0.25,240983,60120,reused
578,combined_0p2mm_1pct,20260731,0.25,240532,60016,reused
579,combined_0p2mm_1pct,20260731,0.25,240383,59947,reused
580,combined_0p2mm_1pct,20260731,0.25,240195,60322,reused
581,combined_0p2mm_1pct,20260731,0.25,241357,60590,reused
582,combined_0p2mm_1pct,20260731,0.25,240957,60164,reused
583,combined_0p2mm_1pct,20260731,0.25,241077,60507,reused
584,combined_0p2mm_1pct,20260731,0.25,241270,60534,reused
585,combined_0p2mm_1pct,20260731,0.25,241692,60147,reused
586,combined_0p2mm_1pct,20260731,0.25,241600,60122,reused
587,combined_0p2mm_1pct,20260731,0.25,240798,60225,reused
588,combined_0p2mm_1pct,20260731,0.25,240836,60001,reused
589,combined_0p2mm_1pct,20260731,0.25,241216,60404,reused
590,combined_0p2mm_1pct,20260731,0.25,241131,60642,reused
591,combined_0p2mm_1pct,20260731,0.25,241102,60515,reused
592,combined_0p2mm_1pct,20260731,0.25,240407,60070,reused
593,combined_0p2mm_1pct,20260731,0.25,240175,60118,reused
594,combined_0p2mm_1pct,20260731,0.25,240663,59870,reused
595,combined_0p2mm_1pct,20260731,0.25,240793,60309,reused
596,combined_0p2mm_1pct,20260731,0.25,241190,60332,reused
597,combined_0p2mm_1pct,20260731,0.25,241664,60312,reused
598,combined_0p2mm_1pct,20260731,0.25,240806,59906,reused
599,combined_0p2mm_1pct,20260731,0.25,240634,60201,reused
600,combined_0p2mm_1pct,20260731,0.25,241416,60655,reused
601,combined_0p2mm_1pct,20260731,0.25,240356,60113,reused
602,combined_0p2mm_1pct,20260731,0.25,241483,60712,reused
603,combined_0p2mm_1pct,20260731,0.25,241404,60077,reused
604,combined_0p2mm_1pct,20260731,0.25,240859,60167,reused
605,combined_0p2mm_1pct,20260731,0.25,240343,59763,reused
606,combined_0p2mm_1pct,20260731,0.25,241435,60740,reused
607,combined_0p2mm_1pct,20260731,0.25,241265,60430,reused
608,combined_0p2mm_1pct,20260731,0.25,240670,60172,reused
609,combined_0p2mm_1pct,20260731,0.25,241578,60662,reused
610,combined_0p2mm_1pct,20260731,0.25,241523,60822,reused
611,combined_0p2mm_1pct,20260731,0.25,241313,60476,reused
612,combined_0p2mm_1pct,20260731,0.25,240961,60335,reused
613,combined_0p2mm_1pct,20260731,0.25,240598,60176,reused
614,combined_0p2mm_1pct,20260731,0.25,240274,60120,reused
615,combined_0p2mm_1pct,20260731,0.25,240737,60229,reused
616,combined_0p2mm_1pct,20260731,0.25,240271,60347,reused
617,combined_0p2mm_1pct,20260731,0.25,240557,60279,reused
618,combined_0p2mm_1pct,20260731,0.25,240829,60120,reused
619,combined_0p2mm_1pct,20260731,0.25,241229,60324,reused
620,combined_0p2mm_1pct,20260731,0.25,240026,60328,reused
621,combined_0p2mm_1pct,20260731,0.25,241267,60307,reused
622,combined_0p2mm_1pct,20260731,0.25,241003,60309,reused
623,combined_0p2mm_1pct,20260731,0.25,241010,60125,reused
624,combined_0p2mm_1pct,20260731,0.25,240708,60152,reused
625,combined_0p2mm_1pct,20260731,0.25,241061,60298,reused
626,combined_0p2mm_1pct,20260731,0.25,241207,60498,reused
627,combined_0p2mm_1pct,20260731,0.25,241650,60556,reused
628,combined_0p2mm_1pct,20260731,0.25,241089,60445,reused
629,combined_0p2mm_1pct,20260731,0.25,241029,60289,reused
630,combined_0p2mm_1pct,20260731,0.25,240070,59919,reused
631,combined_0p2mm_1pct,20260731,0.25,241746,60509,reused
632,combined_0p2mm_1pct,20260731,0.25,240781,60247,reused
633,combined_0p2mm_1pct,20260731,0.25,241258,60019,reused
634,combined_0p2mm_1pct,20260731,0.25,240587,60351,reused
635,combined_0p2mm_1pct,20260731,0.25,240969,60106,reused
636,combined_0p2mm_1pct,20260731,0.25,240536,59956,reused
637,combined_0p2mm_1pct,20260731,0.25,240092,59849,reused
638,combined_0p2mm_1pct,20260731,0.25,241076,60181,reused
639,combined_0p2mm_1pct,20260731,0.25,241044,60143,reused
640,combined_0p2mm_1pct,20260731,0.25,240949,60229,reused
641,combined_0p2mm_1pct,20260731,0.25,241126,60442,reused
642,combined_0p2mm_1pct,20260731,0.25,240792,60311,reused
643,combined_0p2mm_1pct,20260731,0.25,241158,60500,reused
644,combined_0p2mm_1pct,20260731,0.25,240922,60545,reused
645,combined_0p2mm_1pct,20260731,0.25,241192,60292,reused
646,combined_0p2mm_1pct,20260731,0.25,240125,59800,reused
647,combined_0p2mm_1pct,20260731,0.25,241315,60717,reused
648,combined_0p2mm_1pct,20260731,0.25,241097,60222,reused
649,combined_0p2mm_1pct,20260731,0.25,240977,60282,reused
650,combined_0p2mm_1pct,20260731,0.25,241199,60580,reused
651,combined_0p2mm_1pct,20260731,0.25,240582,60469,reused
652,combined_0p2mm_1pct,20260731,0.25,240405,59810,reused
653,combined_0p2mm_1pct,20260731,0.25,240894,60175,reused
654,combined_0p2mm_1pct,20260731,0.25,240595,60183,reused
655,combined_0p2mm_1pct,20260731,0.25,239913,60208,reused
656,combined_0p2mm_1pct,20260731,0.25,240731,60383,reused
657,combined_0p2mm_1pct,20260731,0.25,241166,60441,reused
658,combined_0p2mm_1pct,20260731,0.25,241413,60563,reused
659,combined_0p2mm_1pct,20260731,0.25,240752,59499,reused
660,combined_0p2mm_1pct,20260731,0.25,240886,60121,reused
661,combined_0p2mm_1pct,20260731,0.25,239828,59933,reused
662,combined_0p2mm_1pct,20260731,0.25,240179,60271,reused
663,combined_0p2mm_1pct,20260731,0.25,240783,60300,reused
664,combined_0p2mm_1pct,20260731,0.25,241517,60371,reused
665,combined_0p2mm_1pct,20260731,0.25,240078,59844,reused
666,combined_0p2mm_1pct,20260731,0.25,239628,60044,reused
667,combined_0p2mm_1pct,20260731,0.25,240757,59909,reused
668,combined_0p2mm_1pct,20260731,0.25,241228,60320,reused
669,combined_0p2mm_1pct,20260731,0.25,240966,60243,reused
670,combined_0p2mm_1pct,20260731,0.25,240335,60370,reused
671,combined_0p2mm_1pct,20260731,0.25,240553,59981,reused
672,combined_0p2mm_1pct,20260731,0.25,240397,60206,reused
673,combined_0p2mm_1pct,20260731,0.25,240545,60329,reused
674,combined_0p2mm_1pct,20260731,0.25,239613,60204,reused
675,combined_0p2mm_1pct,20260731,0.25,241019,60084,reused
676,combined_0p2mm_1pct,20260731,0.25,240729,60102,reused
677,combined_0p2mm_1pct,20260731,0.25,240801,60177,reused
678,combined_0p2mm_1pct,20260731,0.25,240741,60340,reused
679,combined_0p2mm_1pct,20260731,0.25,241269,60432,reused
680,combined_0p2mm_1pct,20260731,0.25,240838,60255,reused
681,combined_0p2mm_1pct,20260731,0.25,240507,59775,reused
682,combined_0p2mm_1pct,20260731,0.25,240587,59954,reused
683,combined_0p2mm_1pct,20260731,0.25,241720,60267,reused
684,combined_0p2mm_1pct,20260731,0.25,241478,60506,reused
685,combined_0p2mm_1pct,20260731,0.25,241389,60421,reused
686,combined_0p2mm_1pct,20260731,0.25,240647,60361,reused
687,combined_0p2mm_1pct,20260731,0.25,240429,60730,reused
688,combined_0p2mm_1pct,20260731,0.25,239426,59757,reused
689,combined_0p2mm_1pct,20260731,0.25,240743,60280,reused
690,combined_0p2mm_1pct,20260731,0.25,241050,59890,reused
691,combined_0p2mm_1pct,20260731,0.25,240755,60270,reused
692,combined_0p2mm_1pct,20260731,0.25,241185,60491,reused
693,combined_0p2mm_1pct,20260731,0.25,240508,60161,reused
694,combined_0p2mm_1pct,20260731,0.25,241203,60431,reused
695,combined_0p2mm_1pct,20260731,0.25,242045,60337,reused
696,combined_0p2mm_1pct,20260731,0.25,240906,60160,reused
697,combined_0p2mm_1pct,20260731,0.25,240963,59996,reused
698,combined_0p2mm_1pct,20260731,0.25,240327,59777,reused
699,combined_0p2mm_1pct,20260731,0.25,240449,60351,reused
700,combined_0p2mm_1pct,20260731,0.25,240916,60362,reused
701,combined_0p2mm_1pct,20260731,0.25,241143,60573,reused
702,combined_0p2mm_1pct,20260731,0.25,241050,60205,reused
703,combined_0p2mm_1pct,20260731,0.25,240906,59831,reused
704,combined_0p2mm_1pct,20260731,0.25,240926,60188,reused
705,combined_0p2mm_1pct,20260731,0.25,241494,60075,reused
706,combined_0p2mm_1pct,20260731,0.25,241070,60173,reused
707,combined_0p2mm_1pct,20260731,0.25,241615,60345,reused
708,combined_0p2mm_1pct,20260731,0.25,240195,60275,reused
709,combined_0p2mm_1pct,20260731,0.25,240849,60501,reused
710,combined_0p2mm_1pct,20260731,0.25,240283,59802,reused
711,combined_0p2mm_1pct,20260731,0.25,241044,60206,reused
712,combined_0p2mm_1pct,20260731,0.25,241242,60693,reused
713,combined_0p2mm_1pct,20260731,0.25,241186,60554,reused
714,combined_0p2mm_1pct,20260731,0.25,240600,60401,reused
715,combined_0p2mm_1pct,20260731,0.25,241362,60487,reused
716,combined_0p2mm_1pct,20260731,0.25,241445,60398,reused
717,combined_0p2mm_1pct,20260731,0.25,240433,60178,reused
718,combined_0p2mm_1pct,20260731,0.25,240441,60342,reused
719,combined_0p2mm_1pct,20260731,0.25,240835,59714,reused
0,combined_0p2mm_1pct,20260731,0.1,240908,23766,reused
1,combined_0p2mm_1pct,20260731,0.1,240306,24067,reused
2,combined_0p2mm_1pct,20260731,0.1,240547,23972,reused
3,combined_0p2mm_1pct,20260731,0.1,240874,23780,reused
4,combined_0p2mm_1pct,20260731,0.1,241233,24038,reused
5,combined_0p2mm_1pct,20260731,0.1,239919,24038,reused
6,combined_0p2mm_1pct,20260731,0.1,240818,23951,reused
7,combined_0p2mm_1pct,20260731,0.1,240886,24450,reused
8,combined_0p2mm_1pct,20260731,0.1,240763,23898,reused
9,combined_0p2mm_1pct,20260731,0.1,240516,23852,reused
10,combined_0p2mm_1pct,20260731,0.1,240272,24132,reused
11,combined_0p2mm_1pct,20260731,0.1,239822,23981,reused
12,combined_0p2mm_1pct,20260731,0.1,240881,24300,reused
13,combined_0p2mm_1pct,20260731,0.1,241208,24197,reused
14,combined_0p2mm_1pct,20260731,0.1,240027,24030,reused
15,combined_0p2mm_1pct,20260731,0.1,240957,24030,reused
16,combined_0p2mm_1pct,20260731,0.1,241218,24180,reused
17,combined_0p2mm_1pct,20260731,0.1,242152,24091,reused
18,combined_0p2mm_1pct,20260731,0.1,240973,24124,reused
19,combined_0p2mm_1pct,20260731,0.1,241615,24105,reused
20,combined_0p2mm_1pct,20260731,0.1,240334,23697,reused
21,combined_0p2mm_1pct,20260731,0.1,242643,24233,reused
22,combined_0p2mm_1pct,20260731,0.1,241386,24246,reused
23,combined_0p2mm_1pct,20260731,0.1,240787,24174,reused
24,combined_0p2mm_1pct,20260731,0.1,242048,24155,reused
25,combined_0p2mm_1pct,20260731,0.1,241209,23902,reused
26,combined_0p2mm_1pct,20260731,0.1,241031,24362,reused
27,combined_0p2mm_1pct,20260731,0.1,240399,24144,reused
28,combined_0p2mm_1pct,20260731,0.1,240218,24066,reused
29,combined_0p2mm_1pct,20260731,0.1,240634,24095,reused
30,combined_0p2mm_1pct,20260731,0.1,240992,24103,reused
31,combined_0p2mm_1pct,20260731,0.1,241007,24092,reused
32,combined_0p2mm_1pct,20260731,0.1,241100,24122,reused
33,combined_0p2mm_1pct,20260731,0.1,240348,23766,reused
34,combined_0p2mm_1pct,20260731,0.1,241915,24011,reused
35,combined_0p2mm_1pct,20260731,0.1,240982,24158,reused
36,combined_0p2mm_1pct,20260731,0.1,241523,24242,reused
37,combined_0p2mm_1pct,20260731,0.1,241064,24097,reused
38,combined_0p2mm_1pct,20260731,0.1,240807,23976,reused
39,combined_0p2mm_1pct,20260731,0.1,241439,23932,reused
40,combined_0p2mm_1pct,20260731,0.1,241005,23937,reused
41,combined_0p2mm_1pct,20260731,0.1,240641,23922,reused
42,combined_0p2mm_1pct,20260731,0.1,242044,24307,reused
43,combined_0p2mm_1pct,20260731,0.1,241141,23806,reused
44,combined_0p2mm_1pct,20260731,0.1,241880,24194,reused
45,combined_0p2mm_1pct,20260731,0.1,240329,23841,reused
46,combined_0p2mm_1pct,20260731,0.1,242138,24159,reused
47,combined_0p2mm_1pct,20260731,0.1,240624,23695,reused
48,combined_0p2mm_1pct,20260731,0.1,240720,24094,reused
49,combined_0p2mm_1pct,20260731,0.1,240396,24071,reused
50,combined_0p2mm_1pct,20260731,0.1,239237,24217,reused
51,combined_0p2mm_1pct,20260731,0.1,241655,24038,reused
52,combined_0p2mm_1pct,20260731,0.1,240348,23839,reused
53,combined_0p2mm_1pct,20260731,0.1,240558,24018,reused
54,combined_0p2mm_1pct,20260731,0.1,240261,24020,reused
55,combined_0p2mm_1pct,20260731,0.1,240853,24059,reused
56,combined_0p2mm_1pct,20260731,0.1,241118,23820,reused
57,combined_0p2mm_1pct,20260731,0.1,240921,24430,reused
58,combined_0p2mm_1pct,20260731,0.1,241393,24100,reused
59,combined_0p2mm_1pct,20260731,0.1,240566,24232,reused
60,combined_0p2mm_1pct,20260731,0.1,241494,24202,reused
61,combined_0p2mm_1pct,20260731,0.1,241039,24203,reused
62,combined_0p2mm_1pct,20260731,0.1,240446,24236,reused
63,combined_0p2mm_1pct,20260731,0.1,240722,23977,reused
64,combined_0p2mm_1pct,20260731,0.1,241358,24178,reused
65,combined_0p2mm_1pct,20260731,0.1,240387,23905,reused
66,combined_0p2mm_1pct,20260731,0.1,240442,24167,reused
67,combined_0p2mm_1pct,20260731,0.1,240720,24242,reused
68,combined_0p2mm_1pct,20260731,0.1,241246,23817,reused
69,combined_0p2mm_1pct,20260731,0.1,241457,24297,reused
70,combined_0p2mm_1pct,20260731,0.1,241255,24387,reused
71,combined_0p2mm_1pct,20260731,0.1,239713,23913,reused
72,combined_0p2mm_1pct,20260731,0.1,240189,23865,reused
73,combined_0p2mm_1pct,20260731,0.1,240123,24051,reused
74,combined_0p2mm_1pct,20260731,0.1,240854,23998,reused
75,combined_0p2mm_1pct,20260731,0.1,241046,24180,reused
76,combined_0p2mm_1pct,20260731,0.1,240978,24254,reused
77,combined_0p2mm_1pct,20260731,0.1,240904,24114,reused
78,combined_0p2mm_1pct,20260731,0.1,240729,24011,reused
79,combined_0p2mm_1pct,20260731,0.1,241384,24038,reused
80,combined_0p2mm_1pct,20260731,0.1,240517,23911,reused
81,combined_0p2mm_1pct,20260731,0.1,240643,24306,reused
82,combined_0p2mm_1pct,20260731,0.1,241157,24139,reused
83,combined_0p2mm_1pct,20260731,0.1,241506,23889,reused
84,combined_0p2mm_1pct,20260731,0.1,241048,23875,reused
85,combined_0p2mm_1pct,20260731,0.1,240830,24010,reused
86,combined_0p2mm_1pct,20260731,0.1,240942,24116,reused
87,combined_0p2mm_1pct,20260731,0.1,241227,24103,reused
88,combined_0p2mm_1pct,20260731,0.1,241423,24190,reused
89,combined_0p2mm_1pct,20260731,0.1,241135,23911,reused
90,combined_0p2mm_1pct,20260731,0.1,240879,23884,reused
91,combined_0p2mm_1pct,20260731,0.1,240175,24210,reused
92,combined_0p2mm_1pct,20260731,0.1,241207,24337,reused
93,combined_0p2mm_1pct,20260731,0.1,241501,24096,reused
94,combined_0p2mm_1pct,20260731,0.1,241157,23689,reused
95,combined_0p2mm_1pct,20260731,0.1,241157,24198,reused
96,combined_0p2mm_1pct,20260731,0.1,239653,24041,reused
97,combined_0p2mm_1pct,20260731,0.1,241039,24203,reused
98,combined_0p2mm_1pct,20260731,0.1,241086,23964,reused
99,combined_0p2mm_1pct,20260731,0.1,240725,24233,reused
100,combined_0p2mm_1pct,20260731,0.1,240485,24108,reused
101,combined_0p2mm_1pct,20260731,0.1,241354,23883,reused
102,combined_0p2mm_1pct,20260731,0.1,239783,23900,reused
103,combined_0p2mm_1pct,20260731,0.1,241385,24101,reused
104,combined_0p2mm_1pct,20260731,0.1,241035,24053,reused
105,combined_0p2mm_1pct,20260731,0.1,240756,23973,reused
106,combined_0p2mm_1pct,20260731,0.1,241896,24070,reused
107,combined_0p2mm_1pct,20260731,0.1,241463,23967,reused
108,combined_0p2mm_1pct,20260731,0.1,241253,24285,reused
109,combined_0p2mm_1pct,20260731,0.1,241184,24071,reused
110,combined_0p2mm_1pct,20260731,0.1,240699,24110,reused
111,combined_0p2mm_1pct,20260731,0.1,240997,23941,reused
112,combined_0p2mm_1pct,20260731,0.1,240583,24160,reused
113,combined_0p2mm_1pct,20260731,0.1,240964,24244,reused
114,combined_0p2mm_1pct,20260731,0.1,240600,24161,reused
115,combined_0p2mm_1pct,20260731,0.1,240261,24248,reused
116,combined_0p2mm_1pct,20260731,0.1,241637,24073,reused
117,combined_0p2mm_1pct,20260731,0.1,241311,24125,reused
118,combined_0p2mm_1pct,20260731,0.1,241938,23838,reused
119,combined_0p2mm_1pct,20260731,0.1,241176,24034,reused
120,combined_0p2mm_1pct,20260731,0.1,240797,23880,reused
121,combined_0p2mm_1pct,20260731,0.1,239857,24158,reused
122,combined_0p2mm_1pct,20260731,0.1,241214,24183,reused
123,combined_0p2mm_1pct,20260731,0.1,240683,23897,reused
124,combined_0p2mm_1pct,20260731,0.1,241329,24221,reused
125,combined_0p2mm_1pct,20260731,0.1,240875,24306,reused
126,combined_0p2mm_1pct,20260731,0.1,240875,24011,reused
127,combined_0p2mm_1pct,20260731,0.1,241068,24244,reused
128,combined_0p2mm_1pct,20260731,0.1,240162,24237,reused
129,combined_0p2mm_1pct,20260731,0.1,240374,24197,reused
130,combined_0p2mm_1pct,20260731,0.1,240488,24142,reused
131,combined_0p2mm_1pct,20260731,0.1,240947,24323,reused
132,combined_0p2mm_1pct,20260731,0.1,240457,23917,reused
133,combined_0p2mm_1pct,20260731,0.1,240179,24034,reused
134,combined_0p2mm_1pct,20260731,0.1,241068,24296,reused
135,combined_0p2mm_1pct,20260731,0.1,241135,23961,reused
136,combined_0p2mm_1pct,20260731,0.1,241233,23901,reused
137,combined_0p2mm_1pct,20260731,0.1,240408,24010,reused
138,combined_0p2mm_1pct,20260731,0.1,241083,24056,reused
139,combined_0p2mm_1pct,20260731,0.1,241078,24103,reused
140,combined_0p2mm_1pct,20260731,0.1,241286,24045,reused
141,combined_0p2mm_1pct,20260731,0.1,240855,24009,reused
142,combined_0p2mm_1pct,20260731,0.1,239727,23983,reused
143,combined_0p2mm_1pct,20260731,0.1,240739,24149,reused
144,combined_0p2mm_1pct,20260731,0.1,240422,23945,reused
145,combined_0p2mm_1pct,20260731,0.1,240282,24046,reused
146,combined_0p2mm_1pct,20260731,0.1,241067,24103,reused
147,combined_0p2mm_1pct,20260731,0.1,241037,24107,reused
148,combined_0p2mm_1pct,20260731,0.1,241161,24344,reused
149,combined_0p2mm_1pct,20260731,0.1,240800,24297,reused
150,combined_0p2mm_1pct,20260731,0.1,240507,23772,reused
151,combined_0p2mm_1pct,20260731,0.1,241033,24210,reused
152,combined_0p2mm_1pct,20260731,0.1,241001,23824,reused
153,combined_0p2mm_1pct,20260731,0.1,241719,24156,reused
154,combined_0p2mm_1pct,20260731,0.1,240524,23988,reused
155,combined_0p2mm_1pct,20260731,0.1,240618,24160,reused
156,combined_0p2mm_1pct,20260731,0.1,240539,23883,reused
157,combined_0p2mm_1pct,20260731,0.1,240510,24125,reused
158,combined_0p2mm_1pct,20260731,0.1,240599,24162,reused
159,combined_0p2mm_1pct,20260731,0.1,241239,24306,reused
160,combined_0p2mm_1pct,20260731,0.1,241132,24143,reused
161,combined_0p2mm_1pct,20260731,0.1,241499,24170,reused
162,combined_0p2mm_1pct,20260731,0.1,240360,23939,reused
163,combined_0p2mm_1pct,20260731,0.1,241610,24260,reused
164,combined_0p2mm_1pct,20260731,0.1,240837,24207,reused
165,combined_0p2mm_1pct,20260731,0.1,241151,24014,reused
166,combined_0p2mm_1pct,20260731,0.1,240725,24070,reused
167,combined_0p2mm_1pct,20260731,0.1,241365,24154,reused
168,combined_0p2mm_1pct,20260731,0.1,241536,24141,reused
169,combined_0p2mm_1pct,20260731,0.1,240427,24338,reused
170,combined_0p2mm_1pct,20260731,0.1,240964,23941,reused
171,combined_0p2mm_1pct,20260731,0.1,241023,24161,reused
172,combined_0p2mm_1pct,20260731,0.1,241123,23891,reused
173,combined_0p2mm_1pct,20260731,0.1,241006,24085,reused
174,combined_0p2mm_1pct,20260731,0.1,241268,23946,reused
175,combined_0p2mm_1pct,20260731,0.1,241692,24374,reused
176,combined_0p2mm_1pct,20260731,0.1,241657,23978,reused
177,combined_0p2mm_1pct,20260731,0.1,241337,24253,reused
178,combined_0p2mm_1pct,20260731,0.1,240388,24009,reused
179,combined_0p2mm_1pct,20260731,0.1,241249,23954,reused
180,combined_0p2mm_1pct,20260731,0.1,240882,23979,reused
181,combined_0p2mm_1pct,20260731,0.1,240380,24031,reused
182,combined_0p2mm_1pct,20260731,0.1,241316,24139,reused
183,combined_0p2mm_1pct,20260731,0.1,240300,24013,reused
184,combined_0p2mm_1pct,20260731,0.1,240947,24203,reused
185,combined_0p2mm_1pct,20260731,0.1,240971,23996,reused
186,combined_0p2mm_1pct,20260731,0.1,240357,24272,reused
187,combined_0p2mm_1pct,20260731,0.1,240216,23960,reused
188,combined_0p2mm_1pct,20260731,0.1,240934,24354,reused
189,combined_0p2mm_1pct,20260731,0.1,241240,24447,reused
190,combined_0p2mm_1pct,20260731,0.1,241174,24172,reused
191,combined_0p2mm_1pct,20260731,0.1,240369,23931,reused
192,combined_0p2mm_1pct,20260731,0.1,240885,24048,reused
193,combined_0p2mm_1pct,20260731,0.1,240718,24220,reused
194,combined_0p2mm_1pct,20260731,0.1,240756,23922,reused
195,combined_0p2mm_1pct,20260731,0.1,241521,24315,reused
196,combined_0p2mm_1pct,20260731,0.1,241341,24122,reused
197,combined_0p2mm_1pct,20260731,0.1,241197,24220,reused
198,combined_0p2mm_1pct,20260731,0.1,240527,24021,reused
199,combined_0p2mm_1pct,20260731,0.1,239869,23811,reused
200,combined_0p2mm_1pct,20260731,0.1,240896,24086,reused
201,combined_0p2mm_1pct,20260731,0.1,240240,24122,reused
202,combined_0p2mm_1pct,20260731,0.1,241293,24164,reused
203,combined_0p2mm_1pct,20260731,0.1,240678,23765,reused
204,combined_0p2mm_1pct,20260731,0.1,240589,24017,reused
205,combined_0p2mm_1pct,20260731,0.1,240051,24076,reused
206,combined_0p2mm_1pct,20260731,0.1,240297,23970,reused
207,combined_0p2mm_1pct,20260731,0.1,241886,24103,reused
208,combined_0p2mm_1pct,20260731,0.1,239942,24014,reused
209,combined_0p2mm_1pct,20260731,0.1,240912,24126,reused
210,combined_0p2mm_1pct,20260731,0.1,240983,24186,reused
211,combined_0p2mm_1pct,20260731,0.1,241703,23759,reused
212,combined_0p2mm_1pct,20260731,0.1,240275,24072,reused
213,combined_0p2mm_1pct,20260731,0.1,240401,24085,reused
214,combined_0p2mm_1pct,20260731,0.1,240575,24047,reused
215,combined_0p2mm_1pct,20260731,0.1,240581,24083,reused
216,combined_0p2mm_1pct,20260731,0.1,240287,24106,reused
217,combined_0p2mm_1pct,20260731,0.1,241294,24061,reused
218,combined_0p2mm_1pct,20260731,0.1,241083,24053,reused
219,combined_0p2mm_1pct,20260731,0.1,240190,23669,reused
220,combined_0p2mm_1pct,20260731,0.1,240722,24070,reused
221,combined_0p2mm_1pct,20260731,0.1,240569,23955,reused
222,combined_0p2mm_1pct,20260731,0.1,240533,23779,reused
223,combined_0p2mm_1pct,20260731,0.1,240918,23919,reused
224,combined_0p2mm_1pct,20260731,0.1,240980,24149,reused
225,combined_0p2mm_1pct,20260731,0.1,240624,23757,reused
226,combined_0p2mm_1pct,20260731,0.1,240717,23929,reused
227,combined_0p2mm_1pct,20260731,0.1,242010,23994,reused
228,combined_0p2mm_1pct,20260731,0.1,241189,24398,reused
229,combined_0p2mm_1pct,20260731,0.1,241069,24006,reused
230,combined_0p2mm_1pct,20260731,0.1,240423,24007,reused
231,combined_0p2mm_1pct,20260731,0.1,240523,23703,reused
232,combined_0p2mm_1pct,20260731,0.1,242115,24448,reused
233,combined_0p2mm_1pct,20260731,0.1,241682,24058,reused
234,combined_0p2mm_1pct,20260731,0.1,240950,23957,reused
235,combined_0p2mm_1pct,20260731,0.1,241448,24015,reused
236,combined_0p2mm_1pct,20260731,0.1,240066,23936,reused
237,combined_0p2mm_1pct,20260731,0.1,241336,24226,reused
238,combined_0p2mm_1pct,20260731,0.1,240262,23833,reused
239,combined_0p2mm_1pct,20260731,0.1,240826,24042,reused
240,combined_0p2mm_1pct,20260731,0.1,241266,23994,reused
241,combined_0p2mm_1pct,20260731,0.1,240968,24107,reused
242,combined_0p2mm_1pct,20260731,0.1,241091,24014,reused
243,combined_0p2mm_1pct,20260731,0.1,240511,24106,reused
244,combined_0p2mm_1pct,20260731,0.1,241184,24166,reused
245,combined_0p2mm_1pct,20260731,0.1,241197,24234,reused
246,combined_0p2mm_1pct,20260731,0.1,241291,24341,reused
247,combined_0p2mm_1pct,20260731,0.1,240777,24073,reused
248,combined_0p2mm_1pct,20260731,0.1,240626,24328,reused
249,combined_0p2mm_1pct,20260731,0.1,240351,24092,reused
250,combined_0p2mm_1pct,20260731,0.1,241308,23970,reused
251,combined_0p2mm_1pct,20260731,0.1,240867,24198,reused
252,combined_0p2mm_1pct,20260731,0.1,241503,24031,reused
253,combined_0p2mm_1pct,20260731,0.1,241281,24138,reused
254,combined_0p2mm_1pct,20260731,0.1,241893,24092,reused
255,combined_0p2mm_1pct,20260731,0.1,240510,23940,reused
256,combined_0p2mm_1pct,20260731,0.1,240643,24065,reused
257,combined_0p2mm_1pct,20260731,0.1,240819,24036,reused
258,combined_0p2mm_1pct,20260731,0.1,240781,24291,reused
259,combined_0p2mm_1pct,20260731,0.1,241355,24349,reused
260,combined_0p2mm_1pct,20260731,0.1,241821,23952,reused
261,combined_0p2mm_1pct,20260731,0.1,241292,24407,reused
262,combined_0p2mm_1pct,20260731,0.1,240862,23887,reused
263,combined_0p2mm_1pct,20260731,0.1,241300,24100,reused
264,combined_0p2mm_1pct,20260731,0.1,241332,24274,reused
265,combined_0p2mm_1pct,20260731,0.1,240768,24338,reused
266,combined_0p2mm_1pct,20260731,0.1,240472,24027,reused
267,combined_0p2mm_1pct,20260731,0.1,240639,23690,reused
268,combined_0p2mm_1pct,20260731,0.1,241811,24339,reused
269,combined_0p2mm_1pct,20260731,0.1,240730,24406,reused
270,combined_0p2mm_1pct,20260731,0.1,239993,24100,reused
271,combined_0p2mm_1pct,20260731,0.1,241297,23880,reused
272,combined_0p2mm_1pct,20260731,0.1,241031,24096,reused
273,combined_0p2mm_1pct,20260731,0.1,240223,23850,reused
274,combined_0p2mm_1pct,20260731,0.1,241751,24251,reused
275,combined_0p2mm_1pct,20260731,0.1,240481,24088,reused
276,combined_0p2mm_1pct,20260731,0.1,240613,24170,reused
277,combined_0p2mm_1pct,20260731,0.1,240638,24001,reused
278,combined_0p2mm_1pct,20260731,0.1,240412,24110,reused
279,combined_0p2mm_1pct,20260731,0.1,240693,23899,reused
280,combined_0p2mm_1pct,20260731,0.1,240574,23781,reused
281,combined_0p2mm_1pct,20260731,0.1,241467,24459,reused
282,combined_0p2mm_1pct,20260731,0.1,240570,24045,reused
283,combined_0p2mm_1pct,20260731,0.1,240850,23813,reused
284,combined_0p2mm_1pct,20260731,0.1,240929,23945,reused
285,combined_0p2mm_1pct,20260731,0.1,241039,24196,reused
286,combined_0p2mm_1pct,20260731,0.1,240597,24037,reused
287,combined_0p2mm_1pct,20260731,0.1,240215,24098,reused
288,combined_0p2mm_1pct,20260731,0.1,241054,24066,reused
289,combined_0p2mm_1pct,20260731,0.1,241390,24272,reused
290,combined_0p2mm_1pct,20260731,0.1,240869,24121,reused
291,combined_0p2mm_1pct,20260731,0.1,241093,24101,reused
292,combined_0p2mm_1pct,20260731,0.1,239999,23950,reused
293,combined_0p2mm_1pct,20260731,0.1,240151,23897,reused
294,combined_0p2mm_1pct,20260731,0.1,241050,24445,reused
295,combined_0p2mm_1pct,20260731,0.1,240894,24005,reused
296,combined_0p2mm_1pct,20260731,0.1,241074,24135,reused
297,combined_0p2mm_1pct,20260731,0.1,241445,24133,reused
298,combined_0p2mm_1pct,20260731,0.1,240092,24149,reused
299,combined_0p2mm_1pct,20260731,0.1,241188,24271,reused
300,combined_0p2mm_1pct,20260731,0.1,239829,24184,reused
301,combined_0p2mm_1pct,20260731,0.1,240707,24101,reused
302,combined_0p2mm_1pct,20260731,0.1,241603,24287,reused
303,combined_0p2mm_1pct,20260731,0.1,241230,23953,reused
304,combined_0p2mm_1pct,20260731,0.1,241607,24061,reused
305,combined_0p2mm_1pct,20260731,0.1,241810,24178,reused
306,combined_0p2mm_1pct,20260731,0.1,240513,23907,reused
307,combined_0p2mm_1pct,20260731,0.1,240798,24144,reused
308,combined_0p2mm_1pct,20260731,0.1,240459,23823,reused
309,combined_0p2mm_1pct,20260731,0.1,240450,24065,reused
310,combined_0p2mm_1pct,20260731,0.1,240325,23999,reused
311,combined_0p2mm_1pct,20260731,0.1,241800,24204,reused
312,combined_0p2mm_1pct,20260731,0.1,241463,24174,reused
313,combined_0p2mm_1pct,20260731,0.1,240565,24069,reused
314,combined_0p2mm_1pct,20260731,0.1,241423,24448,reused
315,combined_0p2mm_1pct,20260731,0.1,240671,24083,reused
316,combined_0p2mm_1pct,20260731,0.1,241036,24231,reused
317,combined_0p2mm_1pct,20260731,0.1,240362,23869,reused
318,combined_0p2mm_1pct,20260731,0.1,240999,24000,reused
319,combined_0p2mm_1pct,20260731,0.1,241948,24205,reused
320,combined_0p2mm_1pct,20260731,0.1,240815,24118,reused
321,combined_0p2mm_1pct,20260731,0.1,241068,23956,reused
322,combined_0p2mm_1pct,20260731,0.1,241613,24363,reused
323,combined_0p2mm_1pct,20260731,0.1,240794,24237,reused
324,combined_0p2mm_1pct,20260731,0.1,240742,24222,reused
325,combined_0p2mm_1pct,20260731,0.1,241077,23902,reused
326,combined_0p2mm_1pct,20260731,0.1,240858,23735,reused
327,combined_0p2mm_1pct,20260731,0.1,241011,24239,reused
328,combined_0p2mm_1pct,20260731,0.1,241225,24123,reused
329,combined_0p2mm_1pct,20260731,0.1,241282,24222,reused
330,combined_0p2mm_1pct,20260731,0.1,241237,24414,reused
331,combined_0p2mm_1pct,20260731,0.1,241556,24172,reused
332,combined_0p2mm_1pct,20260731,0.1,240495,24346,reused
333,combined_0p2mm_1pct,20260731,0.1,241934,24051,reused
334,combined_0p2mm_1pct,20260731,0.1,241121,24069,reused
335,combined_0p2mm_1pct,20260731,0.1,240540,24154,reused
336,combined_0p2mm_1pct,20260731,0.1,241461,24138,reused
337,combined_0p2mm_1pct,20260731,0.1,241372,24184,reused
338,combined_0p2mm_1pct,20260731,0.1,240720,24108,reused
339,combined_0p2mm_1pct,20260731,0.1,240830,24204,reused
340,combined_0p2mm_1pct,20260731,0.1,241148,24295,reused
341,combined_0p2mm_1pct,20260731,0.1,240439,24149,reused
342,combined_0p2mm_1pct,20260731,0.1,241437,24085,reused
343,combined_0p2mm_1pct,20260731,0.1,241052,24168,reused
344,combined_0p2mm_1pct,20260731,0.1,240557,23819,reused
345,combined_0p2mm_1pct,20260731,0.1,241004,24169,reused
346,combined_0p2mm_1pct,20260731,0.1,241433,23958,reused
347,combined_0p2mm_1pct,20260731,0.1,240804,24107,reused
348,combined_0p2mm_1pct,20260731,0.1,241132,24257,reused
349,combined_0p2mm_1pct,20260731,0.1,240197,24098,reused
350,combined_0p2mm_1pct,20260731,0.1,240626,23857,reused
351,combined_0p2mm_1pct,20260731,0.1,241460,24115,reused
352,combined_0p2mm_1pct,20260731,0.1,240587,23890,reused
353,combined_0p2mm_1pct,20260731,0.1,240914,24163,reused
354,combined_0p2mm_1pct,20260731,0.1,241064,24219,reused
355,combined_0p2mm_1pct,20260731,0.1,240831,23860,reused
356,combined_0p2mm_1pct,20260731,0.1,240889,23881,reused
357,combined_0p2mm_1pct,20260731,0.1,240647,24084,reused
358,combined_0p2mm_1pct,20260731,0.1,240566,24209,reused
359,combined_0p2mm_1pct,20260731,0.1,239839,24129,reused
360,combined_0p2mm_1pct,20260731,0.1,241151,24317,reused
361,combined_0p2mm_1pct,20260731,0.1,240811,23981,reused
362,combined_0p2mm_1pct,20260731,0.1,240961,23934,reused
363,combined_0p2mm_1pct,20260731,0.1,240890,23859,reused
364,combined_0p2mm_1pct,20260731,0.1,240738,23999,reused
365,combined_0p2mm_1pct,20260731,0.1,240466,23988,reused
366,combined_0p2mm_1pct,20260731,0.1,240910,23950,reused
367,combined_0p2mm_1pct,20260731,0.1,241256,24130,reused
368,combined_0p2mm_1pct,20260731,0.1,241055,24112,reused
369,combined_0p2mm_1pct,20260731,0.1,241602,24161,reused
370,combined_0p2mm_1pct,20260731,0.1,241995,24206,reused
371,combined_0p2mm_1pct,20260731,0.1,241447,24350,reused
372,combined_0p2mm_1pct,20260731,0.1,241163,24195,reused
373,combined_0p2mm_1pct,20260731,0.1,240688,23917,reused
374,combined_0p2mm_1pct,20260731,0.1,240675,24057,reused
375,combined_0p2mm_1pct,20260731,0.1,241388,24261,reused
376,combined_0p2mm_1pct,20260731,0.1,241438,24124,reused
377,combined_0p2mm_1pct,20260731,0.1,240709,24174,reused
378,combined_0p2mm_1pct,20260731,0.1,240825,23976,reused
379,combined_0p2mm_1pct,20260731,0.1,240641,24264,reused
380,combined_0p2mm_1pct,20260731,0.1,241011,23825,reused
381,combined_0p2mm_1pct,20260731,0.1,240737,24023,reused
382,combined_0p2mm_1pct,20260731,0.1,241572,24160,reused
383,combined_0p2mm_1pct,20260731,0.1,241182,24119,reused
384,combined_0p2mm_1pct,20260731,0.1,240465,23983,reused
385,combined_0p2mm_1pct,20260731,0.1,240690,23936,reused
386,combined_0p2mm_1pct,20260731,0.1,240862,24262,reused
387,combined_0p2mm_1pct,20260731,0.1,241376,24121,reused
388,combined_0p2mm_1pct,20260731,0.1,240305,24056,reused
389,combined_0p2mm_1pct,20260731,0.1,240681,23998,reused
390,combined_0p2mm_1pct,20260731,0.1,239986,23923,reused
391,combined_0p2mm_1pct,20260731,0.1,240436,24219,reused
392,combined_0p2mm_1pct,20260731,0.1,240927,23987,reused
393,combined_0p2mm_1pct,20260731,0.1,239875,24077,reused
394,combined_0p2mm_1pct,20260731,0.1,242016,24157,reused
395,combined_0p2mm_1pct,20260731,0.1,241215,24107,reused
396,combined_0p2mm_1pct,20260731,0.1,240853,24289,reused
397,combined_0p2mm_1pct,20260731,0.1,240692,23930,reused
398,combined_0p2mm_1pct,20260731,0.1,241592,24145,reused
399,combined_0p2mm_1pct,20260731,0.1,240652,24087,reused
400,combined_0p2mm_1pct,20260731,0.1,240601,23964,reused
401,combined_0p2mm_1pct,20260731,0.1,241133,24291,reused
402,combined_0p2mm_1pct,20260731,0.1,241480,24255,reused
403,combined_0p2mm_1pct,20260731,0.1,240486,23927,reused
404,combined_0p2mm_1pct,20260731,0.1,240573,23752,reused
405,combined_0p2mm_1pct,20260731,0.1,240862,24262,reused
406,combined_0p2mm_1pct,20260731,0.1,240827,23784,reused
407,combined_0p2mm_1pct,20260731,0.1,241056,24176,reused
408,combined_0p2mm_1pct,20260731,0.1,239994,23945,reused
409,combined_0p2mm_1pct,20260731,0.1,240217,24135,reused
410,combined_0p2mm_1pct,20260731,0.1,240775,24230,reused
411,combined_0p2mm_1pct,20260731,0.1,240709,24075,reused
412,combined_0p2mm_1pct,20260731,0.1,241211,24091,reused
413,combined_0p2mm_1pct,20260731,0.1,240778,24114,reused
414,combined_0p2mm_1pct,20260731,0.1,241235,24346,reused
415,combined_0p2mm_1pct,20260731,0.1,240918,23977,reused
416,combined_0p2mm_1pct,20260731,0.1,241282,23911,reused
417,combined_0p2mm_1pct,20260731,0.1,240557,24186,reused
418,combined_0p2mm_1pct,20260731,0.1,241558,24353,reused
419,combined_0p2mm_1pct,20260731,0.1,240967,24200,reused
420,combined_0p2mm_1pct,20260731,0.1,240505,23987,reused
421,combined_0p2mm_1pct,20260731,0.1,241157,24329,reused
422,combined_0p2mm_1pct,20260731,0.1,241357,23979,reused
423,combined_0p2mm_1pct,20260731,0.1,240693,24354,reused
424,combined_0p2mm_1pct,20260731,0.1,240527,23940,reused
425,combined_0p2mm_1pct,20260731,0.1,241259,24273,reused
426,combined_0p2mm_1pct,20260731,0.1,240852,24104,reused
427,combined_0p2mm_1pct,20260731,0.1,241066,24091,reused
428,combined_0p2mm_1pct,20260731,0.1,240242,24244,reused
429,combined_0p2mm_1pct,20260731,0.1,241087,24209,reused
430,combined_0p2mm_1pct,20260731,0.1,241723,24300,reused
431,combined_0p2mm_1pct,20260731,0.1,241020,23813,reused
432,combined_0p2mm_1pct,20260731,0.1,240414,24223,reused
433,combined_0p2mm_1pct,20260731,0.1,240553,23894,reused
434,combined_0p2mm_1pct,20260731,0.1,240618,24046,reused
435,combined_0p2mm_1pct,20260731,0.1,240937,24121,reused
436,combined_0p2mm_1pct,20260731,0.1,240877,24454,reused
437,combined_0p2mm_1pct,20260731,0.1,241765,23907,reused
438,combined_0p2mm_1pct,20260731,0.1,241040,24259,reused
439,combined_0p2mm_1pct,20260731,0.1,240729,24060,reused
440,combined_0p2mm_1pct,20260731,0.1,241904,24363,reused
441,combined_0p2mm_1pct,20260731,0.1,241772,23981,reused
442,combined_0p2mm_1pct,20260731,0.1,239977,23937,reused
443,combined_0p2mm_1pct,20260731,0.1,239965,23962,reused
444,combined_0p2mm_1pct,20260731,0.1,240288,24052,reused
445,combined_0p2mm_1pct,20260731,0.1,240738,24284,reused
446,combined_0p2mm_1pct,20260731,0.1,239697,24194,reused
447,combined_0p2mm_1pct,20260731,0.1,240672,23906,reused
448,combined_0p2mm_1pct,20260731,0.1,240453,24183,reused
449,combined_0p2mm_1pct,20260731,0.1,240255,24159,reused
450,combined_0p2mm_1pct,20260731,0.1,242012,24039,reused
451,combined_0p2mm_1pct,20260731,0.1,241153,24215,reused
452,combined_0p2mm_1pct,20260731,0.1,241366,24096,reused
453,combined_0p2mm_1pct,20260731,0.1,241635,24169,reused
454,combined_0p2mm_1pct,20260731,0.1,241511,24290,reused
455,combined_0p2mm_1pct,20260731,0.1,240723,24174,reused
456,combined_0p2mm_1pct,20260731,0.1,241154,24013,reused
457,combined_0p2mm_1pct,20260731,0.1,240593,24128,reused
458,combined_0p2mm_1pct,20260731,0.1,241627,24288,reused
459,combined_0p2mm_1pct,20260731,0.1,240294,23837,reused
460,combined_0p2mm_1pct,20260731,0.1,239828,23585,reused
461,combined_0p2mm_1pct,20260731,0.1,241143,24085,reused
462,combined_0p2mm_1pct,20260731,0.1,240472,24163,reused
463,combined_0p2mm_1pct,20260731,0.1,241063,24316,reused
464,combined_0p2mm_1pct,20260731,0.1,240891,24413,reused
465,combined_0p2mm_1pct,20260731,0.1,241774,24550,reused
466,combined_0p2mm_1pct,20260731,0.1,240716,23913,reused
467,combined_0p2mm_1pct,20260731,0.1,240214,24128,reused
468,combined_0p2mm_1pct,20260731,0.1,241684,24134,reused
469,combined_0p2mm_1pct,20260731,0.1,240650,24180,reused
470,combined_0p2mm_1pct,20260731,0.1,240761,24371,reused
471,combined_0p2mm_1pct,20260731,0.1,241091,24242,reused
472,combined_0p2mm_1pct,20260731,0.1,241425,24089,reused
473,combined_0p2mm_1pct,20260731,0.1,241191,24152,reused
474,combined_0p2mm_1pct,20260731,0.1,239749,23821,reused
475,combined_0p2mm_1pct,20260731,0.1,240568,23982,reused
476,combined_0p2mm_1pct,20260731,0.1,240566,24086,reused
477,combined_0p2mm_1pct,20260731,0.1,241212,24064,reused
478,combined_0p2mm_1pct,20260731,0.1,240356,24269,reused
479,combined_0p2mm_1pct,20260731,0.1,241203,24082,reused
480,combined_0p2mm_1pct,20260731,0.1,241108,23922,reused
481,combined_0p2mm_1pct,20260731,0.1,241515,24145,reused
482,combined_0p2mm_1pct,20260731,0.1,241416,24116,reused
483,combined_0p2mm_1pct,20260731,0.1,240422,24120,reused
484,combined_0p2mm_1pct,20260731,0.1,240825,24016,reused
485,combined_0p2mm_1pct,20260731,0.1,240526,23964,reused
486,combined_0p2mm_1pct,20260731,0.1,241118,24208,reused
487,combined_0p2mm_1pct,20260731,0.1,240506,24269,reused
488,combined_0p2mm_1pct,20260731,0.1,241249,24032,reused
489,combined_0p2mm_1pct,20260731,0.1,241011,24137,reused
490,combined_0p2mm_1pct,20260731,0.1,240401,24193,reused
491,combined_0p2mm_1pct,20260731,0.1,240271,23814,reused
492,combined_0p2mm_1pct,20260731,0.1,240218,23750,reused
493,combined_0p2mm_1pct,20260731,0.1,240691,24125,reused
494,combined_0p2mm_1pct,20260731,0.1,240383,24050,reused
495,combined_0p2mm_1pct,20260731,0.1,241482,24153,reused
496,combined_0p2mm_1pct,20260731,0.1,239979,23923,reused
497,combined_0p2mm_1pct,20260731,0.1,240785,24000,reused
498,combined_0p2mm_1pct,20260731,0.1,240990,24098,reused
499,combined_0p2mm_1pct,20260731,0.1,240563,24003,reused
500,combined_0p2mm_1pct,20260731,0.1,241040,24281,reused
501,combined_0p2mm_1pct,20260731,0.1,240506,24078,reused
502,combined_0p2mm_1pct,20260731,0.1,242147,24318,reused
503,combined_0p2mm_1pct,20260731,0.1,240867,23863,reused
504,combined_0p2mm_1pct,20260731,0.1,241298,24296,reused
505,combined_0p2mm_1pct,20260731,0.1,239784,23633,reused
506,combined_0p2mm_1pct,20260731,0.1,240679,24196,reused
507,combined_0p2mm_1pct,20260731,0.1,241206,24232,reused
508,combined_0p2mm_1pct,20260731,0.1,241524,24195,reused
509,combined_0p2mm_1pct,20260731,0.1,240237,23878,reused
510,combined_0p2mm_1pct,20260731,0.1,241752,24262,reused
511,combined_0p2mm_1pct,20260731,0.1,240428,24146,reused
512,combined_0p2mm_1pct,20260731,0.1,240536,24194,reused
513,combined_0p2mm_1pct,20260731,0.1,240813,24103,reused
514,combined_0p2mm_1pct,20260731,0.1,240514,23981,reused
515,combined_0p2mm_1pct,20260731,0.1,240432,24108,reused
516,combined_0p2mm_1pct,20260731,0.1,240698,24165,reused
517,combined_0p2mm_1pct,20260731,0.1,241110,24139,reused
518,combined_0p2mm_1pct,20260731,0.1,240109,24305,reused
519,combined_0p2mm_1pct,20260731,0.1,240453,24151,reused
520,combined_0p2mm_1pct,20260731,0.1,241134,24029,reused
521,combined_0p2mm_1pct,20260731,0.1,240419,23997,reused
522,combined_0p2mm_1pct,20260731,0.1,240560,24067,reused
523,combined_0p2mm_1pct,20260731,0.1,240547,23915,reused
524,combined_0p2mm_1pct,20260731,0.1,240596,23981,reused
525,combined_0p2mm_1pct,20260731,0.1,240756,24019,reused
526,combined_0p2mm_1pct,20260731,0.1,241077,24282,reused
527,combined_0p2mm_1pct,20260731,0.1,240700,24176,reused
528,combined_0p2mm_1pct,20260731,0.1,240712,23964,reused
529,combined_0p2mm_1pct,20260731,0.1,240648,24126,reused
530,combined_0p2mm_1pct,20260731,0.1,241568,24410,reused
531,combined_0p2mm_1pct,20260731,0.1,241419,23978,reused
532,combined_0p2mm_1pct,20260731,0.1,241200,24153,reused
533,combined_0p2mm_1pct,20260731,0.1,240533,23977,reused
534,combined_0p2mm_1pct,20260731,0.1,240815,24245,reused
535,combined_0p2mm_1pct,20260731,0.1,240863,24092,reused
536,combined_0p2mm_1pct,20260731,0.1,241359,24091,reused
537,combined_0p2mm_1pct,20260731,0.1,240796,24120,reused
538,combined_0p2mm_1pct,20260731,0.1,240431,24291,reused
539,combined_0p2mm_1pct,20260731,0.1,240304,24450,reused
540,combined_0p2mm_1pct,20260731,0.1,240520,23961,reused
541,combined_0p2mm_1pct,20260731,0.1,240228,23913,reused
542,combined_0p2mm_1pct,20260731,0.1,240452,24062,reused
543,combined_0p2mm_1pct,20260731,0.1,241334,24225,reused
544,combined_0p2mm_1pct,20260731,0.1,241135,24098,reused
545,combined_0p2mm_1pct,20260731,0.1,241208,24131,reused
546,combined_0p2mm_1pct,20260731,0.1,241637,24221,reused
547,combined_0p2mm_1pct,20260731,0.1,241503,24215,reused
548,combined_0p2mm_1pct,20260731,0.1,240206,23938,reused
549,combined_0p2mm_1pct,20260731,0.1,241164,24159,reused
550,combined_0p2mm_1pct,20260731,0.1,241321,24216,reused
551,combined_0p2mm_1pct,20260731,0.1,240541,24034,reused
552,combined_0p2mm_1pct,20260731,0.1,241742,24263,reused
553,combined_0p2mm_1pct,20260731,0.1,241692,24053,reused
554,combined_0p2mm_1pct,20260731,0.1,239876,23885,reused
555,combined_0p2mm_1pct,20260731,0.1,240427,23985,reused
556,combined_0p2mm_1pct,20260731,0.1,240565,24108,reused
557,combined_0p2mm_1pct,20260731,0.1,240488,24217,reused
558,combined_0p2mm_1pct,20260731,0.1,239962,23700,reused
559,combined_0p2mm_1pct,20260731,0.1,240465,24029,reused
560,combined_0p2mm_1pct,20260731,0.1,241247,24232,reused
561,combined_0p2mm_1pct,20260731,0.1,241874,24268,reused
562,combined_0p2mm_1pct,20260731,0.1,240257,23891,reused
563,combined_0p2mm_1pct,20260731,0.1,240800,23944,reused
564,combined_0p2mm_1pct,20260731,0.1,240428,24285,reused
565,combined_0p2mm_1pct,20260731,0.1,240642,24172,reused
566,combined_0p2mm_1pct,20260731,0.1,240217,23819,reused
567,combined_0p2mm_1pct,20260731,0.1,241773,23903,reused
568,combined_0p2mm_1pct,20260731,0.1,240920,24210,reused
569,combined_0p2mm_1pct,20260731,0.1,240503,23955,reused
570,combined_0p2mm_1pct,20260731,0.1,240556,24074,reused
571,combined_0p2mm_1pct,20260731,0.1,241293,24071,reused
572,combined_0p2mm_1pct,20260731,0.1,240594,24089,reused
573,combined_0p2mm_1pct,20260731,0.1,241277,24105,reused
574,combined_0p2mm_1pct,20260731,0.1,241026,24357,reused
575,combined_0p2mm_1pct,20260731,0.1,240993,24293,reused
576,combined_0p2mm_1pct,20260731,0.1,241337,24078,reused
577,combined_0p2mm_1pct,20260731,0.1,240983,23735,reused
578,combined_0p2mm_1pct,20260731,0.1,240532,24008,reused
579,combined_0p2mm_1pct,20260731,0.1,240383,23905,reused
580,combined_0p2mm_1pct,20260731,0.1,240195,24218,reused
581,combined_0p2mm_1pct,20260731,0.1,241357,24253,reused
582,combined_0p2mm_1pct,20260731,0.1,240957,24151,reused
583,combined_0p2mm_1pct,20260731,0.1,241077,24065,reused
584,combined_0p2mm_1pct,20260731,0.1,241270,24214,reused
585,combined_0p2mm_1pct,20260731,0.1,241692,24069,reused
586,combined_0p2mm_1pct,20260731,0.1,241600,23910,reused
587,combined_0p2mm_1pct,20260731,0.1,240798,23986,reused
588,combined_0p2mm_1pct,20260731,0.1,240836,24003,reused
589,combined_0p2mm_1pct,20260731,0.1,241216,24412,reused
590,combined_0p2mm_1pct,20260731,0.1,241131,24110,reused
591,combined_0p2mm_1pct,20260731,0.1,241102,23914,reused
592,combined_0p2mm_1pct,20260731,0.1,240407,24129,reused
593,combined_0p2mm_1pct,20260731,0.1,240175,24046,reused
594,combined_0p2mm_1pct,20260731,0.1,240663,23986,reused
595,combined_0p2mm_1pct,20260731,0.1,240793,24089,reused
596,combined_0p2mm_1pct,20260731,0.1,241190,24176,reused
597,combined_0p2mm_1pct,20260731,0.1,241664,24025,reused
598,combined_0p2mm_1pct,20260731,0.1,240806,23918,reused
599,combined_0p2mm_1pct,20260731,0.1,240634,24236,reused
600,combined_0p2mm_1pct,20260731,0.1,241416,24340,reused
601,combined_0p2mm_1pct,20260731,0.1,240356,24201,reused
602,combined_0p2mm_1pct,20260731,0.1,241483,24402,reused
603,combined_0p2mm_1pct,20260731,0.1,241404,24007,reused
604,combined_0p2mm_1pct,20260731,0.1,240859,24432,reused
605,combined_0p2mm_1pct,20260731,0.1,240343,23918,reused
606,combined_0p2mm_1pct,20260731,0.1,241435,24221,reused
607,combined_0p2mm_1pct,20260731,0.1,241265,24174,reused
608,combined_0p2mm_1pct,20260731,0.1,240670,23843,reused
609,combined_0p2mm_1pct,20260731,0.1,241578,24269,reused
610,combined_0p2mm_1pct,20260731,0.1,241523,24397,reused
611,combined_0p2mm_1pct,20260731,0.1,241313,24131,reused
612,combined_0p2mm_1pct,20260731,0.1,240961,24063,reused
613,combined_0p2mm_1pct,20260731,0.1,240598,24094,reused
614,combined_0p2mm_1pct,20260731,0.1,240274,24039,reused
615,combined_0p2mm_1pct,20260731,0.1,240737,24154,reused
616,combined_0p2mm_1pct,20260731,0.1,240271,24255,reused
617,combined_0p2mm_1pct,20260731,0.1,240557,24211,reused
618,combined_0p2mm_1pct,20260731,0.1,240829,23950,reused
619,combined_0p2mm_1pct,20260731,0.1,241229,24146,reused
620,combined_0p2mm_1pct,20260731,0.1,240026,24262,reused
621,combined_0p2mm_1pct,20260731,0.1,241267,24038,reused
622,combined_0p2mm_1pct,20260731,0.1,241003,24342,reused
623,combined_0p2mm_1pct,20260731,0.1,241010,24042,reused
624,combined_0p2mm_1pct,20260731,0.1,240708,24015,reused
625,combined_0p2mm_1pct,20260731,0.1,241061,24198,reused
626,combined_0p2mm_1pct,20260731,0.1,241207,24227,reused
627,combined_0p2mm_1pct,20260731,0.1,241650,24077,reused
628,combined_0p2mm_1pct,20260731,0.1,241089,24125,reused
629,combined_0p2mm_1pct,20260731,0.1,241029,24044,reused
630,combined_0p2mm_1pct,20260731,0.1,240070,24018,reused
631,combined_0p2mm_1pct,20260731,0.1,241746,24098,reused
632,combined_0p2mm_1pct,20260731,0.1,240781,23914,reused
633,combined_0p2mm_1pct,20260731,0.1,241258,24051,reused
634,combined_0p2mm_1pct,20260731,0.1,240587,23877,reused
635,combined_0p2mm_1pct,20260731,0.1,240969,23805,reused
636,combined_0p2mm_1pct,20260731,0.1,240536,24072,reused
637,combined_0p2mm_1pct,20260731,0.1,240092,23821,reused
638,combined_0p2mm_1pct,20260731,0.1,241076,24183,reused
639,combined_0p2mm_1pct,20260731,0.1,241044,24264,reused
640,combined_0p2mm_1pct,20260731,0.1,240949,24204,reused
641,combined_0p2mm_1pct,20260731,0.1,241126,24013,reused
642,combined_0p2mm_1pct,20260731,0.1,240792,24167,reused
643,combined_0p2mm_1pct,20260731,0.1,241158,24032,reused
644,combined_0p2mm_1pct,20260731,0.1,240922,24275,reused
645,combined_0p2mm_1pct,20260731,0.1,241192,24020,reused
646,combined_0p2mm_1pct,20260731,0.1,240125,23932,reused
647,combined_0p2mm_1pct,20260731,0.1,241315,24090,reused
648,combined_0p2mm_1pct,20260731,0.1,241097,24099,reused
649,combined_0p2mm_1pct,20260731,0.1,240977,24277,reused
650,combined_0p2mm_1pct,20260731,0.1,241199,24189,reused
651,combined_0p2mm_1pct,20260731,0.1,240582,24233,reused
652,combined_0p2mm_1pct,20260731,0.1,240405,23749,reused
653,combined_0p2mm_1pct,20260731,0.1,240894,24025,reused
654,combined_0p2mm_1pct,20260731,0.1,240595,24003,reused
655,combined_0p2mm_1pct,20260731,0.1,239913,23888,reused
656,combined_0p2mm_1pct,20260731,0.1,240731,24103,reused
657,combined_0p2mm_1pct,20260731,0.1,241166,24300,reused
658,combined_0p2mm_1pct,20260731,0.1,241413,24204,reused
659,combined_0p2mm_1pct,20260731,0.1,240752,23662,reused
660,combined_0p2mm_1pct,20260731,0.1,240886,23972,reused
661,combined_0p2mm_1pct,20260731,0.1,239828,23772,reused
662,combined_0p2mm_1pct,20260731,0.1,240179,24076,reused
663,combined_0p2mm_1pct,20260731,0.1,240783,24282,reused
664,combined_0p2mm_1pct,20260731,0.1,241517,24189,reused
665,combined_0p2mm_1pct,20260731,0.1,240078,23926,reused
666,combined_0p2mm_1pct,20260731,0.1,239628,24017,reused
667,combined_0p2mm_1pct,20260731,0.1,240757,23854,reused
668,combined_0p2mm_1pct,20260731,0.1,241228,24247,reused
669,combined_0p2mm_1pct,20260731,0.1,240966,24100,reused
670,combined_0p2mm_1pct,20260731,0.1,240335,24095,reused
671,combined_0p2mm_1pct,20260731,0.1,240553,24033,reused
672,combined_0p2mm_1pct,20260731,0.1,240397,24035,reused
673,combined_0p2mm_1pct,20260731,0.1,240545,24265,reused
674,combined_0p2mm_1pct,20260731,0.1,239613,24087,reused
675,combined_0p2mm_1pct,20260731,0.1,241019,23919,reused
676,combined_0p2mm_1pct,20260731,0.1,240729,24218,reused
677,combined_0p2mm_1pct,20260731,0.1,240801,24102,reused
678,combined_0p2mm_1pct,20260731,0.1,240741,24169,reused
679,combined_0p2mm_1pct,20260731,0.1,241269,23927,reused
680,combined_0p2mm_1pct,20260731,0.1,240838,24185,reused
681,combined_0p2mm_1pct,20260731,0.1,240507,23999,reused
682,combined_0p2mm_1pct,20260731,0.1,240587,24063,reused
683,combined_0p2mm_1pct,20260731,0.1,241720,24228,reused
684,combined_0p2mm_1pct,20260731,0.1,241478,24336,reused
685,combined_0p2mm_1pct,20260731,0.1,241389,24335,reused
686,combined_0p2mm_1pct,20260731,0.1,240647,24266,reused
687,combined_0p2mm_1pct,20260731,0.1,240429,24274,reused
688,combined_0p2mm_1pct,20260731,0.1,239426,23914,reused
689,combined_0p2mm_1pct,20260731,0.1,240743,24106,reused
690,combined_0p2mm_1pct,20260731,0.1,241050,23906,reused
691,combined_0p2mm_1pct,20260731,0.1,240755,24369,reused
692,combined_0p2mm_1pct,20260731,0.1,241185,24206,reused
693,combined_0p2mm_1pct,20260731,0.1,240508,24048,reused
694,combined_0p2mm_1pct,20260731,0.1,241203,24134,reused
695,combined_0p2mm_1pct,20260731,0.1,242045,24129,reused
696,combined_0p2mm_1pct,20260731,0.1,240906,24296,reused
697,combined_0p2mm_1pct,20260731,0.1,240963,23951,reused
698,combined_0p2mm_1pct,20260731,0.1,240327,23880,reused
699,combined_0p2mm_1pct,20260731,0.1,240449,24225,reused
700,combined_0p2mm_1pct,20260731,0.1,240916,24034,reused
701,combined_0p2mm_1pct,20260731,0.1,241143,24448,reused
702,combined_0p2mm_1pct,20260731,0.1,241050,24058,reused
703,combined_0p2mm_1pct,20260731,0.1,240906,23945,reused
704,combined_0p2mm_1pct,20260731,0.1,240926,24135,reused
705,combined_0p2mm_1pct,20260731,0.1,241494,24049,reused
706,combined_0p2mm_1pct,20260731,0.1,241070,23975,reused
707,combined_0p2mm_1pct,20260731,0.1,241615,24267,reused
708,combined_0p2mm_1pct,20260731,0.1,240195,24331,reused
709,combined_0p2mm_1pct,20260731,0.1,240849,24272,reused
710,combined_0p2mm_1pct,20260731,0.1,240283,23905,reused
711,combined_0p2mm_1pct,20260731,0.1,241044,24094,reused
712,combined_0p2mm_1pct,20260731,0.1,241242,24290,reused
713,combined_0p2mm_1pct,20260731,0.1,241186,23953,reused
714,combined_0p2mm_1pct,20260731,0.1,240600,24064,reused
715,combined_0p2mm_1pct,20260731,0.1,241362,24267,reused
716,combined_0p2mm_1pct,20260731,0.1,241445,24435,reused
717,combined_0p2mm_1pct,20260731,0.1,240433,24054,reused
718,combined_0p2mm_1pct,20260731,0.1,240441,24063,reused
719,combined_0p2mm_1pct,20260731,0.1,240835,23718,reused
0,combined_0p2mm_1pct,20260732,0.25,240908,60138,reused
1,combined_0p2mm_1pct,20260732,0.25,240306,60446,reused
2,combined_0p2mm_1pct,20260732,0.25,240547,60184,reused
3,combined_0p2mm_1pct,20260732,0.25,240874,60115,reused
4,combined_0p2mm_1pct,20260732,0.25,241233,60417,reused
5,combined_0p2mm_1pct,20260732,0.25,239919,60222,reused
6,combined_0p2mm_1pct,20260732,0.25,240818,60206,reused
7,combined_0p2mm_1pct,20260732,0.25,240886,60476,reused
8,combined_0p2mm_1pct,20260732,0.25,240763,60183,reused
9,combined_0p2mm_1pct,20260732,0.25,240516,60272,reused
10,combined_0p2mm_1pct,20260732,0.25,240272,60011,reused
11,combined_0p2mm_1pct,20260732,0.25,239822,60349,reused
12,combined_0p2mm_1pct,20260732,0.25,240881,60467,reused
13,combined_0p2mm_1pct,20260732,0.25,241208,60560,reused
14,combined_0p2mm_1pct,20260732,0.25,240027,60100,reused
15,combined_0p2mm_1pct,20260732,0.25,240957,60261,reused
16,combined_0p2mm_1pct,20260732,0.25,241218,60372,reused
17,combined_0p2mm_1pct,20260732,0.25,242152,59987,reused
18,combined_0p2mm_1pct,20260732,0.25,240973,60146,reused
19,combined_0p2mm_1pct,20260732,0.25,241615,60058,reused
20,combined_0p2mm_1pct,20260732,0.25,240334,60220,reused
21,combined_0p2mm_1pct,20260732,0.25,242643,60338,reused
22,combined_0p2mm_1pct,20260732,0.25,241386,60250,reused
23,combined_0p2mm_1pct,20260732,0.25,240787,60284,reused
24,combined_0p2mm_1pct,20260732,0.25,242048,60262,reused
25,combined_0p2mm_1pct,20260732,0.25,241209,60285,reused
26,combined_0p2mm_1pct,20260732,0.25,241031,60150,reused
27,combined_0p2mm_1pct,20260732,0.25,240399,60267,reused
28,combined_0p2mm_1pct,20260732,0.25,240218,60422,reused
29,combined_0p2mm_1pct,20260732,0.25,240634,60046,reused
30,combined_0p2mm_1pct,20260732,0.25,240992,60359,reused
31,combined_0p2mm_1pct,20260732,0.25,241007,59948,reused
32,combined_0p2mm_1pct,20260732,0.25,241100,60171,reused
33,combined_0p2mm_1pct,20260732,0.25,240348,59803,reused
34,combined_0p2mm_1pct,20260732,0.25,241915,60411,reused
35,combined_0p2mm_1pct,20260732,0.25,240982,60137,reused
36,combined_0p2mm_1pct,20260732,0.25,241523,60378,reused
37,combined_0p2mm_1pct,20260732,0.25,241064,60275,reused
38,combined_0p2mm_1pct,20260732,0.25,240807,60325,reused
39,combined_0p2mm_1pct,20260732,0.25,241439,60286,reused
40,combined_0p2mm_1pct,20260732,0.25,241005,60099,reused
41,combined_0p2mm_1pct,20260732,0.25,240641,60113,reused
42,combined_0p2mm_1pct,20260732,0.25,242044,60716,reused
43,combined_0p2mm_1pct,20260732,0.25,241141,59991,reused
44,combined_0p2mm_1pct,20260732,0.25,241880,60181,reused
45,combined_0p2mm_1pct,20260732,0.25,240329,59635,reused
46,combined_0p2mm_1pct,20260732,0.25,242138,60842,reused
47,combined_0p2mm_1pct,20260732,0.25,240624,59989,reused
48,combined_0p2mm_1pct,20260732,0.25,240720,59959,reused
49,combined_0p2mm_1pct,20260732,0.25,240396,60312,reused
50,combined_0p2mm_1pct,20260732,0.25,239237,59616,reused
51,combined_0p2mm_1pct,20260732,0.25,241655,60492,reused
52,combined_0p2mm_1pct,20260732,0.25,240348,59804,reused
53,combined_0p2mm_1pct,20260732,0.25,240558,60068,reused
54,combined_0p2mm_1pct,20260732,0.25,240261,60215,reused
55,combined_0p2mm_1pct,20260732,0.25,240853,60157,reused
56,combined_0p2mm_1pct,20260732,0.25,241118,59940,reused
57,combined_0p2mm_1pct,20260732,0.25,240921,59780,reused
58,combined_0p2mm_1pct,20260732,0.25,241393,60584,reused
59,combined_0p2mm_1pct,20260732,0.25,240566,60328,reused
60,combined_0p2mm_1pct,20260732,0.25,241494,60357,reused
61,combined_0p2mm_1pct,20260732,0.25,241039,60753,reused
62,combined_0p2mm_1pct,20260732,0.25,240446,60296,reused
63,combined_0p2mm_1pct,20260732,0.25,240722,59948,reused
64,combined_0p2mm_1pct,20260732,0.25,241358,60821,reused
65,combined_0p2mm_1pct,20260732,0.25,240387,60183,reused
66,combined_0p2mm_1pct,20260732,0.25,240442,60119,reused
67,combined_0p2mm_1pct,20260732,0.25,240720,60035,reused
68,combined_0p2mm_1pct,20260732,0.25,241246,60319,reused
69,combined_0p2mm_1pct,20260732,0.25,241457,60275,reused
70,combined_0p2mm_1pct,20260732,0.25,241255,60740,reused
71,combined_0p2mm_1pct,20260732,0.25,239713,60082,reused
72,combined_0p2mm_1pct,20260732,0.25,240189,60053,reused
73,combined_0p2mm_1pct,20260732,0.25,240123,60308,reused
74,combined_0p2mm_1pct,20260732,0.25,240854,59916,reused
75,combined_0p2mm_1pct,20260732,0.25,241046,60162,reused
76,combined_0p2mm_1pct,20260732,0.25,240978,60304,reused
77,combined_0p2mm_1pct,20260732,0.25,240904,60089,reused
78,combined_0p2mm_1pct,20260732,0.25,240729,60050,reused
79,combined_0p2mm_1pct,20260732,0.25,241384,60453,reused
80,combined_0p2mm_1pct,20260732,0.25,240517,60189,reused
81,combined_0p2mm_1pct,20260732,0.25,240643,60139,reused
82,combined_0p2mm_1pct,20260732,0.25,241157,60287,reused
83,combined_0p2mm_1pct,20260732,0.25,241506,60454,reused
84,combined_0p2mm_1pct,20260732,0.25,241048,60534,reused
85,combined_0p2mm_1pct,20260732,0.25,240830,60721,reused
86,combined_0p2mm_1pct,20260732,0.25,240942,60367,reused
87,combined_0p2mm_1pct,20260732,0.25,241227,60321,reused
88,combined_0p2mm_1pct,20260732,0.25,241423,60278,reused
89,combined_0p2mm_1pct,20260732,0.25,241135,60194,reused
90,combined_0p2mm_1pct,20260732,0.25,240879,60273,reused
91,combined_0p2mm_1pct,20260732,0.25,240175,60011,reused
92,combined_0p2mm_1pct,20260732,0.25,241207,59898,reused
93,combined_0p2mm_1pct,20260732,0.25,241501,60322,reused
94,combined_0p2mm_1pct,20260732,0.25,241157,59978,reused
95,combined_0p2mm_1pct,20260732,0.25,241157,60405,reused
96,combined_0p2mm_1pct,20260732,0.25,239653,59815,reused
97,combined_0p2mm_1pct,20260732,0.25,241039,60518,reused
98,combined_0p2mm_1pct,20260732,0.25,241086,60493,reused
99,combined_0p2mm_1pct,20260732,0.25,240725,60477,reused
100,combined_0p2mm_1pct,20260732,0.25,240485,60196,reused
101,combined_0p2mm_1pct,20260732,0.25,241354,60296,reused
102,combined_0p2mm_1pct,20260732,0.25,239783,59687,reused
103,combined_0p2mm_1pct,20260732,0.25,241385,60210,reused
104,combined_0p2mm_1pct,20260732,0.25,241035,60061,reused
105,combined_0p2mm_1pct,20260732,0.25,240756,60522,reused
106,combined_0p2mm_1pct,20260732,0.25,241896,60137,reused
107,combined_0p2mm_1pct,20260732,0.25,241463,59925,reused
108,combined_0p2mm_1pct,20260732,0.25,241253,60173,reused
109,combined_0p2mm_1pct,20260732,0.25,241184,60700,reused
110,combined_0p2mm_1pct,20260732,0.25,240699,60359,reused
111,combined_0p2mm_1pct,20260732,0.25,240997,60056,reused
112,combined_0p2mm_1pct,20260732,0.25,240583,60266,reused
113,combined_0p2mm_1pct,20260732,0.25,240964,60407,reused
114,combined_0p2mm_1pct,20260732,0.25,240600,59966,reused
115,combined_0p2mm_1pct,20260732,0.25,240261,60005,reused
116,combined_0p2mm_1pct,20260732,0.25,241637,60458,reused
117,combined_0p2mm_1pct,20260732,0.25,241311,60463,reused
118,combined_0p2mm_1pct,20260732,0.25,241938,60041,reused
119,combined_0p2mm_1pct,20260732,0.25,241176,60159,reused
120,combined_0p2mm_1pct,20260732,0.25,240797,60419,reused
121,combined_0p2mm_1pct,20260732,0.25,239857,59876,reused
122,combined_0p2mm_1pct,20260732,0.25,241214,60452,reused
123,combined_0p2mm_1pct,20260732,0.25,240683,60256,reused
124,combined_0p2mm_1pct,20260732,0.25,241329,60445,reused
125,combined_0p2mm_1pct,20260732,0.25,240875,60577,reused
126,combined_0p2mm_1pct,20260732,0.25,240875,60257,reused
127,combined_0p2mm_1pct,20260732,0.25,241068,60098,reused
128,combined_0p2mm_1pct,20260732,0.25,240162,60291,reused
129,combined_0p2mm_1pct,20260732,0.25,240374,60240,reused
130,combined_0p2mm_1pct,20260732,0.25,240488,60188,reused
131,combined_0p2mm_1pct,20260732,0.25,240947,60205,reused
132,combined_0p2mm_1pct,20260732,0.25,240457,60469,reused
133,combined_0p2mm_1pct,20260732,0.25,240179,60174,reused
134,combined_0p2mm_1pct,20260732,0.25,241068,60247,reused
135,combined_0p2mm_1pct,20260732,0.25,241135,60034,reused
136,combined_0p2mm_1pct,20260732,0.25,241233,59915,reused
137,combined_0p2mm_1pct,20260732,0.25,240408,59842,reused
138,combined_0p2mm_1pct,20260732,0.25,241083,60302,reused
139,combined_0p2mm_1pct,20260732,0.25,241078,59968,reused
140,combined_0p2mm_1pct,20260732,0.25,241286,60279,reused
141,combined_0p2mm_1pct,20260732,0.25,240855,60232,reused
142,combined_0p2mm_1pct,20260732,0.25,239727,59686,reused
143,combined_0p2mm_1pct,20260732,0.25,240739,60036,reused
144,combined_0p2mm_1pct,20260732,0.25,240422,59975,reused
145,combined_0p2mm_1pct,20260732,0.25,240282,59990,reused
146,combined_0p2mm_1pct,20260732,0.25,241067,60062,reused
147,combined_0p2mm_1pct,20260732,0.25,241037,59877,reused
148,combined_0p2mm_1pct,20260732,0.25,241161,60369,reused
149,combined_0p2mm_1pct,20260732,0.25,240800,60701,reused
150,combined_0p2mm_1pct,20260732,0.25,240507,60391,reused
151,combined_0p2mm_1pct,20260732,0.25,241033,60155,reused
152,combined_0p2mm_1pct,20260732,0.25,241001,60236,reused
153,combined_0p2mm_1pct,20260732,0.25,241719,60230,reused
154,combined_0p2mm_1pct,20260732,0.25,240524,60030,reused
155,combined_0p2mm_1pct,20260732,0.25,240618,60325,reused
156,combined_0p2mm_1pct,20260732,0.25,240539,60120,reused
157,combined_0p2mm_1pct,20260732,0.25,240510,59986,reused
158,combined_0p2mm_1pct,20260732,0.25,240599,60696,reused
159,combined_0p2mm_1pct,20260732,0.25,241239,60225,reused
160,combined_0p2mm_1pct,20260732,0.25,241132,60230,reused
161,combined_0p2mm_1pct,20260732,0.25,241499,60109,reused
162,combined_0p2mm_1pct,20260732,0.25,240360,59947,reused
163,combined_0p2mm_1pct,20260732,0.25,241610,60595,reused
164,combined_0p2mm_1pct,20260732,0.25,240837,60328,reused
165,combined_0p2mm_1pct,20260732,0.25,241151,60610,reused
166,combined_0p2mm_1pct,20260732,0.25,240725,60371,reused
167,combined_0p2mm_1pct,20260732,0.25,241365,60239,reused
168,combined_0p2mm_1pct,20260732,0.25,241536,60410,reused
169,combined_0p2mm_1pct,20260732,0.25,240427,60086,reused
170,combined_0p2mm_1pct,20260732,0.25,240964,60390,reused
171,combined_0p2mm_1pct,20260732,0.25,241023,60296,reused
172,combined_0p2mm_1pct,20260732,0.25,241123,60062,reused
173,combined_0p2mm_1pct,20260732,0.25,241006,60701,reused
174,combined_0p2mm_1pct,20260732,0.25,241268,60396,reused
175,combined_0p2mm_1pct,20260732,0.25,241692,60258,reused
176,combined_0p2mm_1pct,20260732,0.25,241657,60478,reused
177,combined_0p2mm_1pct,20260732,0.25,241337,60222,reused
178,combined_0p2mm_1pct,20260732,0.25,240388,60216,reused
179,combined_0p2mm_1pct,20260732,0.25,241249,60116,reused
180,combined_0p2mm_1pct,20260732,0.25,240882,60081,reused
181,combined_0p2mm_1pct,20260732,0.25,240380,59792,reused
182,combined_0p2mm_1pct,20260732,0.25,241316,60407,reused
183,combined_0p2mm_1pct,20260732,0.25,240300,60134,reused
184,combined_0p2mm_1pct,20260732,0.25,240947,60484,reused
185,combined_0p2mm_1pct,20260732,0.25,240971,59913,reused
186,combined_0p2mm_1pct,20260732,0.25,240357,59860,reused
187,combined_0p2mm_1pct,20260732,0.25,240216,59808,reused
188,combined_0p2mm_1pct,20260732,0.25,240934,60349,reused
189,combined_0p2mm_1pct,20260732,0.25,241240,60528,reused
190,combined_0p2mm_1pct,20260732,0.25,241174,60461,reused
191,combined_0p2mm_1pct,20260732,0.25,240369,60107,reused
192,combined_0p2mm_1pct,20260732,0.25,240885,60335,reused
193,combined_0p2mm_1pct,20260732,0.25,240718,60124,reused
194,combined_0p2mm_1pct,20260732,0.25,240756,60140,reused
195,combined_0p2mm_1pct,20260732,0.25,241521,60505,reused
196,combined_0p2mm_1pct,20260732,0.25,241341,60307,reused
197,combined_0p2mm_1pct,20260732,0.25,241197,60413,reused
198,combined_0p2mm_1pct,20260732,0.25,240527,59800,reused
199,combined_0p2mm_1pct,20260732,0.25,239869,59824,reused
200,combined_0p2mm_1pct,20260732,0.25,240896,60302,reused
201,combined_0p2mm_1pct,20260732,0.25,240240,60156,reused
202,combined_0p2mm_1pct,20260732,0.25,241293,60345,reused
203,combined_0p2mm_1pct,20260732,0.25,240678,60187,reused
204,combined_0p2mm_1pct,20260732,0.25,240589,59955,reused
205,combined_0p2mm_1pct,20260732,0.25,240051,60134,reused
206,combined_0p2mm_1pct,20260732,0.25,240297,60162,reused
207,combined_0p2mm_1pct,20260732,0.25,241886,60570,reused
208,combined_0p2mm_1pct,20260732,0.25,239942,59976,reused
209,combined_0p2mm_1pct,20260732,0.25,240912,60026,reused
210,combined_0p2mm_1pct,20260732,0.25,240983,60174,reused
211,combined_0p2mm_1pct,20260732,0.25,241703,60267,reused
212,combined_0p2mm_1pct,20260732,0.25,240275,60092,reused
213,combined_0p2mm_1pct,20260732,0.25,240401,59937,reused
214,combined_0p2mm_1pct,20260732,0.25,240575,60167,reused
215,combined_0p2mm_1pct,20260732,0.25,240581,60307,reused
216,combined_0p2mm_1pct,20260732,0.25,240287,59849,reused
217,combined_0p2mm_1pct,20260732,0.25,241294,60329,reused
218,combined_0p2mm_1pct,20260732,0.25,241083,60213,reused
219,combined_0p2mm_1pct,20260732,0.25,240190,59794,reused
220,combined_0p2mm_1pct,20260732,0.25,240722,60041,reused
221,combined_0p2mm_1pct,20260732,0.25,240569,60019,reused
222,combined_0p2mm_1pct,20260732,0.25,240533,60116,reused
223,combined_0p2mm_1pct,20260732,0.25,240918,59837,reused
224,combined_0p2mm_1pct,20260732,0.25,240980,60311,reused
225,combined_0p2mm_1pct,20260732,0.25,240624,59836,reused
226,combined_0p2mm_1pct,20260732,0.25,240717,60351,reused
227,combined_0p2mm_1pct,20260732,0.25,242010,60270,reused
228,combined_0p2mm_1pct,20260732,0.25,241189,60365,reused
229,combined_0p2mm_1pct,20260732,0.25,241069,59866,reused
230,combined_0p2mm_1pct,20260732,0.25,240423,59962,reused
231,combined_0p2mm_1pct,20260732,0.25,240523,60046,reused
232,combined_0p2mm_1pct,20260732,0.25,242115,60460,reused
233,combined_0p2mm_1pct,20260732,0.25,241682,60023,reused
234,combined_0p2mm_1pct,20260732,0.25,240950,60207,reused
235,combined_0p2mm_1pct,20260732,0.25,241448,60689,reused
236,combined_0p2mm_1pct,20260732,0.25,240066,60038,reused
237,combined_0p2mm_1pct,20260732,0.25,241336,60177,reused
238,combined_0p2mm_1pct,20260732,0.25,240262,60096,reused
239,combined_0p2mm_1pct,20260732,0.25,240826,60078,reused
240,combined_0p2mm_1pct,20260732,0.25,241266,60168,reused
241,combined_0p2mm_1pct,20260732,0.25,240968,60645,reused
242,combined_0p2mm_1pct,20260732,0.25,241091,60037,reused
243,combined_0p2mm_1pct,20260732,0.25,240511,60001,reused
244,combined_0p2mm_1pct,20260732,0.25,241184,60558,reused
245,combined_0p2mm_1pct,20260732,0.25,241197,60318,reused
246,combined_0p2mm_1pct,20260732,0.25,241291,60143,reused
247,combined_0p2mm_1pct,20260732,0.25,240777,60188,reused
248,combined_0p2mm_1pct,20260732,0.25,240626,60360,reused
249,combined_0p2mm_1pct,20260732,0.25,240351,59997,reused
250,combined_0p2mm_1pct,20260732,0.25,241308,60216,reused
251,combined_0p2mm_1pct,20260732,0.25,240867,60355,reused
252,combined_0p2mm_1pct,20260732,0.25,241503,60083,reused
253,combined_0p2mm_1pct,20260732,0.25,241281,60504,reused
254,combined_0p2mm_1pct,20260732,0.25,241893,59949,reused
255,combined_0p2mm_1pct,20260732,0.25,240510,60270,reused
256,combined_0p2mm_1pct,20260732,0.25,240643,60096,reused
257,combined_0p2mm_1pct,20260732,0.25,240819,60324,reused
258,combined_0p2mm_1pct,20260732,0.25,240781,60287,reused
259,combined_0p2mm_1pct,20260732,0.25,241355,60260,reused
260,combined_0p2mm_1pct,20260732,0.25,241821,60438,reused
261,combined_0p2mm_1pct,20260732,0.25,241292,60535,reused
262,combined_0p2mm_1pct,20260732,0.25,240862,59700,reused
263,combined_0p2mm_1pct,20260732,0.25,241300,60434,reused
264,combined_0p2mm_1pct,20260732,0.25,241332,59999,reused
265,combined_0p2mm_1pct,20260732,0.25,240768,60572,reused
266,combined_0p2mm_1pct,20260732,0.25,240472,59947,reused
267,combined_0p2mm_1pct,20260732,0.25,240639,60036,reused
268,combined_0p2mm_1pct,20260732,0.25,241811,60599,reused
269,combined_0p2mm_1pct,20260732,0.25,240730,60103,reused
270,combined_0p2mm_1pct,20260732,0.25,239993,60125,reused
271,combined_0p2mm_1pct,20260732,0.25,241297,60263,reused
272,combined_0p2mm_1pct,20260732,0.25,241031,60509,reused
273,combined_0p2mm_1pct,20260732,0.25,240223,59928,reused
274,combined_0p2mm_1pct,20260732,0.25,241751,60314,reused
275,combined_0p2mm_1pct,20260732,0.25,240481,59957,reused
276,combined_0p2mm_1pct,20260732,0.25,240613,60471,reused
277,combined_0p2mm_1pct,20260732,0.25,240638,59843,reused
278,combined_0p2mm_1pct,20260732,0.25,240412,60369,reused
279,combined_0p2mm_1pct,20260732,0.25,240693,60261,reused
280,combined_0p2mm_1pct,20260732,0.25,240574,60068,reused
281,combined_0p2mm_1pct,20260732,0.25,241467,60324,reused
282,combined_0p2mm_1pct,20260732,0.25,240570,60191,reused
283,combined_0p2mm_1pct,20260732,0.25,240850,60092,reused
284,combined_0p2mm_1pct,20260732,0.25,240929,60380,reused
285,combined_0p2mm_1pct,20260732,0.25,241039,60240,reused
286,combined_0p2mm_1pct,20260732,0.25,240597,59989,reused
287,combined_0p2mm_1pct,20260732,0.25,240215,60105,reused
288,combined_0p2mm_1pct,20260732,0.25,241054,59976,reused
289,combined_0p2mm_1pct,20260732,0.25,241390,60306,reused
290,combined_0p2mm_1pct,20260732,0.25,240869,59946,reused
291,combined_0p2mm_1pct,20260732,0.25,241093,60349,reused
292,combined_0p2mm_1pct,20260732,0.25,239999,59645,reused
293,combined_0p2mm_1pct,20260732,0.25,240151,60067,reused
294,combined_0p2mm_1pct,20260732,0.25,241050,60571,reused
295,combined_0p2mm_1pct,20260732,0.25,240894,60114,reused
296,combined_0p2mm_1pct,20260732,0.25,241074,60207,reused
297,combined_0p2mm_1pct,20260732,0.25,241445,60289,reused
298,combined_0p2mm_1pct,20260732,0.25,240092,59966,reused
299,combined_0p2mm_1pct,20260732,0.25,241188,60217,reused
300,combined_0p2mm_1pct,20260732,0.25,239829,59681,reused
301,combined_0p2mm_1pct,20260732,0.25,240707,60042,reused
302,combined_0p2mm_1pct,20260732,0.25,241603,60469,reused
303,combined_0p2mm_1pct,20260732,0.25,241230,60167,reused
304,combined_0p2mm_1pct,20260732,0.25,241607,60315,reused
305,combined_0p2mm_1pct,20260732,0.25,241810,60501,reused
306,combined_0p2mm_1pct,20260732,0.25,240513,60154,reused
307,combined_0p2mm_1pct,20260732,0.25,240798,60185,reused
308,combined_0p2mm_1pct,20260732,0.25,240459,60339,reused
309,combined_0p2mm_1pct,20260732,0.25,240450,59735,reused
310,combined_0p2mm_1pct,20260732,0.25,240325,59683,reused
311,combined_0p2mm_1pct,20260732,0.25,241800,60446,reused
312,combined_0p2mm_1pct,20260732,0.25,241463,60665,reused
313,combined_0p2mm_1pct,20260732,0.25,240565,60398,reused
314,combined_0p2mm_1pct,20260732,0.25,241423,60493,reused
315,combined_0p2mm_1pct,20260732,0.25,240671,59939,reused
316,combined_0p2mm_1pct,20260732,0.25,241036,60023,reused
317,combined_0p2mm_1pct,20260732,0.25,240362,60046,reused
318,combined_0p2mm_1pct,20260732,0.25,240999,60306,reused
319,combined_0p2mm_1pct,20260732,0.25,241948,60378,reused
320,combined_0p2mm_1pct,20260732,0.25,240815,60290,reused
321,combined_0p2mm_1pct,20260732,0.25,241068,60427,reused
322,combined_0p2mm_1pct,20260732,0.25,241613,60404,reused
323,combined_0p2mm_1pct,20260732,0.25,240794,60121,reused
324,combined_0p2mm_1pct,20260732,0.25,240742,60362,reused
325,combined_0p2mm_1pct,20260732,0.25,241077,60008,reused
326,combined_0p2mm_1pct,20260732,0.25,240858,60190,reused
327,combined_0p2mm_1pct,20260732,0.25,241011,60224,reused
328,combined_0p2mm_1pct,20260732,0.25,241225,60117,reused
329,combined_0p2mm_1pct,20260732,0.25,241282,60344,reused
330,combined_0p2mm_1pct,20260732,0.25,241237,60498,reused
331,combined_0p2mm_1pct,20260732,0.25,241556,60344,reused
332,combined_0p2mm_1pct,20260732,0.25,240495,60600,reused
333,combined_0p2mm_1pct,20260732,0.25,241934,60313,reused
334,combined_0p2mm_1pct,20260732,0.25,241121,60533,reused
335,combined_0p2mm_1pct,20260732,0.25,240540,60064,reused
336,combined_0p2mm_1pct,20260732,0.25,241461,60039,reused
337,combined_0p2mm_1pct,20260732,0.25,241372,60249,reused
338,combined_0p2mm_1pct,20260732,0.25,240720,59987,reused
339,combined_0p2mm_1pct,20260732,0.25,240830,60268,reused
340,combined_0p2mm_1pct,20260732,0.25,241148,60610,reused
341,combined_0p2mm_1pct,20260732,0.25,240439,60429,reused
342,combined_0p2mm_1pct,20260732,0.25,241437,60274,reused
343,combined_0p2mm_1pct,20260732,0.25,241052,60659,reused
344,combined_0p2mm_1pct,20260732,0.25,240557,60179,reused
345,combined_0p2mm_1pct,20260732,0.25,241004,60283,reused
346,combined_0p2mm_1pct,20260732,0.25,241433,60392,reused
347,combined_0p2mm_1pct,20260732,0.25,240804,60218,reused
348,combined_0p2mm_1pct,20260732,0.25,241132,60173,reused
349,combined_0p2mm_1pct,20260732,0.25,240197,60048,reused
350,combined_0p2mm_1pct,20260732,0.25,240626,59967,reused
351,combined_0p2mm_1pct,20260732,0.25,241460,60209,reused
352,combined_0p2mm_1pct,20260732,0.25,240587,60036,reused
353,combined_0p2mm_1pct,20260732,0.25,240914,60379,reused
354,combined_0p2mm_1pct,20260732,0.25,241064,60287,reused
355,combined_0p2mm_1pct,20260732,0.25,240831,60093,reused
356,combined_0p2mm_1pct,20260732,0.25,240889,60259,reused
357,combined_0p2mm_1pct,20260732,0.25,240647,60296,reused
358,combined_0p2mm_1pct,20260732,0.25,240566,60062,reused
359,combined_0p2mm_1pct,20260732,0.25,239839,60025,reused
360,combined_0p2mm_1pct,20260732,0.25,241151,60506,reused
361,combined_0p2mm_1pct,20260732,0.25,240811,60371,reused
362,combined_0p2mm_1pct,20260732,0.25,240961,60148,reused
363,combined_0p2mm_1pct,20260732,0.25,240890,59635,reused
364,combined_0p2mm_1pct,20260732,0.25,240738,60258,reused
365,combined_0p2mm_1pct,20260732,0.25,240466,59989,reused
366,combined_0p2mm_1pct,20260732,0.25,240910,59991,reused
367,combined_0p2mm_1pct,20260732,0.25,241256,60177,reused
368,combined_0p2mm_1pct,20260732,0.25,241055,59870,reused
369,combined_0p2mm_1pct,20260732,0.25,241602,60334,reused
370,combined_0p2mm_1pct,20260732,0.25,241995,60365,reused
371,combined_0p2mm_1pct,20260732,0.25,241447,60582,reused
372,combined_0p2mm_1pct,20260732,0.25,241163,60299,reused
373,combined_0p2mm_1pct,20260732,0.25,240688,60196,reused
374,combined_0p2mm_1pct,20260732,0.25,240675,60122,reused
375,combined_0p2mm_1pct,20260732,0.25,241388,60274,reused
376,combined_0p2mm_1pct,20260732,0.25,241438,60594,reused
377,combined_0p2mm_1pct,20260732,0.25,240709,60147,reused
378,combined_0p2mm_1pct,20260732,0.25,240825,60207,reused
379,combined_0p2mm_1pct,20260732,0.25,240641,60089,reused
380,combined_0p2mm_1pct,20260732,0.25,241011,59748,reused
381,combined_0p2mm_1pct,20260732,0.25,240737,59999,reused
382,combined_0p2mm_1pct,20260732,0.25,241572,60290,reused
383,combined_0p2mm_1pct,20260732,0.25,241182,60405,reused
384,combined_0p2mm_1pct,20260732,0.25,240465,59776,reused
385,combined_0p2mm_1pct,20260732,0.25,240690,59935,reused
386,combined_0p2mm_1pct,20260732,0.25,240862,60444,reused
387,combined_0p2mm_1pct,20260732,0.25,241376,59968,reused
388,combined_0p2mm_1pct,20260732,0.25,240305,59937,reused
389,combined_0p2mm_1pct,20260732,0.25,240681,59655,reused
390,combined_0p2mm_1pct,20260732,0.25,239986,59822,reused
391,combined_0p2mm_1pct,20260732,0.25,240436,60005,reused
392,combined_0p2mm_1pct,20260732,0.25,240927,60261,reused
393,combined_0p2mm_1pct,20260732,0.25,239875,60082,reused
394,combined_0p2mm_1pct,20260732,0.25,242016,60624,reused
395,combined_0p2mm_1pct,20260732,0.25,241215,60302,reused
396,combined_0p2mm_1pct,20260732,0.25,240853,60299,reused
397,combined_0p2mm_1pct,20260732,0.25,240692,60057,reused
398,combined_0p2mm_1pct,20260732,0.25,241592,60473,reused
399,combined_0p2mm_1pct,20260732,0.25,240652,60144,reused
400,combined_0p2mm_1pct,20260732,0.25,240601,59838,reused
401,combined_0p2mm_1pct,20260732,0.25,241133,60486,reused
402,combined_0p2mm_1pct,20260732,0.25,241480,60190,reused
403,combined_0p2mm_1pct,20260732,0.25,240486,60008,reused
404,combined_0p2mm_1pct,20260732,0.25,240573,59624,reused
405,combined_0p2mm_1pct,20260732,0.25,240862,60292,reused
406,combined_0p2mm_1pct,20260732,0.25,240827,59678,reused
407,combined_0p2mm_1pct,20260732,0.25,241056,60471,reused
408,combined_0p2mm_1pct,20260732,0.25,239994,59821,reused
409,combined_0p2mm_1pct,20260732,0.25,240217,60003,reused
410,combined_0p2mm_1pct,20260732,0.25,240775,59764,reused
411,combined_0p2mm_1pct,20260732,0.25,240709,59796,reused
412,combined_0p2mm_1pct,20260732,0.25,241211,60234,reused
413,combined_0p2mm_1pct,20260732,0.25,240778,60599,reused
414,combined_0p2mm_1pct,20260732,0.25,241235,60277,reused
415,combined_0p2mm_1pct,20260732,0.25,240918,60099,reused
416,combined_0p2mm_1pct,20260732,0.25,241282,60566,reused
417,combined_0p2mm_1pct,20260732,0.25,240557,59967,reused
418,combined_0p2mm_1pct,20260732,0.25,241558,60770,reused
419,combined_0p2mm_1pct,20260732,0.25,240967,60146,reused
420,combined_0p2mm_1pct,20260732,0.25,240505,60356,reused
421,combined_0p2mm_1pct,20260732,0.25,241157,60309,reused
422,combined_0p2mm_1pct,20260732,0.25,241357,60031,reused
423,combined_0p2mm_1pct,20260732,0.25,240693,60458,reused
424,combined_0p2mm_1pct,20260732,0.25,240527,60198,reused
425,combined_0p2mm_1pct,20260732,0.25,241259,60308,reused
426,combined_0p2mm_1pct,20260732,0.25,240852,60145,reused
427,combined_0p2mm_1pct,20260732,0.25,241066,60361,reused
428,combined_0p2mm_1pct,20260732,0.25,240242,60237,reused
429,combined_0p2mm_1pct,20260732,0.25,241087,60308,reused
430,combined_0p2mm_1pct,20260732,0.25,241723,60701,reused
431,combined_0p2mm_1pct,20260732,0.25,241020,59977,reused
432,combined_0p2mm_1pct,20260732,0.25,240414,60305,reused
433,combined_0p2mm_1pct,20260732,0.25,240553,59692,reused
434,combined_0p2mm_1pct,20260732,0.25,240618,60280,reused
435,combined_0p2mm_1pct,20260732,0.25,240937,60155,reused
436,combined_0p2mm_1pct,20260732,0.25,240877,60368,reused
437,combined_0p2mm_1pct,20260732,0.25,241765,59820,reused
438,combined_0p2mm_1pct,20260732,0.25,241040,60612,reused
439,combined_0p2mm_1pct,20260732,0.25,240729,60240,reused
440,combined_0p2mm_1pct,20260732,0.25,241904,60418,reused
441,combined_0p2mm_1pct,20260732,0.25,241772,60290,reused
442,combined_0p2mm_1pct,20260732,0.25,239977,59825,reused
443,combined_0p2mm_1pct,20260732,0.25,239965,59829,reused
444,combined_0p2mm_1pct,20260732,0.25,240288,59990,reused
445,combined_0p2mm_1pct,20260732,0.25,240738,60294,reused
446,combined_0p2mm_1pct,20260732,0.25,239697,60026,reused
447,combined_0p2mm_1pct,20260732,0.25,240672,60460,reused
448,combined_0p2mm_1pct,20260732,0.25,240453,60076,reused
449,combined_0p2mm_1pct,20260732,0.25,240255,60165,reused
450,combined_0p2mm_1pct,20260732,0.25,242012,60594,reused
451,combined_0p2mm_1pct,20260732,0.25,241153,60163,reused
452,combined_0p2mm_1pct,20260732,0.25,241366,60292,reused
453,combined_0p2mm_1pct,20260732,0.25,241635,60637,reused
454,combined_0p2mm_1pct,20260732,0.25,241511,60573,reused
455,combined_0p2mm_1pct,20260732,0.25,240723,60236,reused
456,combined_0p2mm_1pct,20260732,0.25,241154,60163,reused
457,combined_0p2mm_1pct,20260732,0.25,240593,60270,reused
458,combined_0p2mm_1pct,20260732,0.25,241627,60185,reused
459,combined_0p2mm_1pct,20260732,0.25,240294,59710,reused
460,combined_0p2mm_1pct,20260732,0.25,239828,59812,reused
461,combined_0p2mm_1pct,20260732,0.25,241143,59888,reused
462,combined_0p2mm_1pct,20260732,0.25,240472,60088,reused
463,combined_0p2mm_1pct,20260732,0.25,241063,60105,reused
464,combined_0p2mm_1pct,20260732,0.25,240891,60399,reused
465,combined_0p2mm_1pct,20260732,0.25,241774,60882,reused
466,combined_0p2mm_1pct,20260732,0.25,240716,60209,reused
467,combined_0p2mm_1pct,20260732,0.25,240214,60237,reused
468,combined_0p2mm_1pct,20260732,0.25,241684,60716,reused
469,combined_0p2mm_1pct,20260732,0.25,240650,60434,reused
470,combined_0p2mm_1pct,20260732,0.25,240761,60121,reused
471,combined_0p2mm_1pct,20260732,0.25,241091,60082,reused
472,combined_0p2mm_1pct,20260732,0.25,241425,60271,reused
473,combined_0p2mm_1pct,20260732,0.25,241191,60848,reused
474,combined_0p2mm_1pct,20260732,0.25,239749,59786,reused
475,combined_0p2mm_1pct,20260732,0.25,240568,60047,reused
476,combined_0p2mm_1pct,20260732,0.25,240566,60017,reused
477,combined_0p2mm_1pct,20260732,0.25,241212,60184,reused
478,combined_0p2mm_1pct,20260732,0.25,240356,60460,reused
479,combined_0p2mm_1pct,20260732,0.25,241203,60077,reused
480,combined_0p2mm_1pct,20260732,0.25,241108,60238,reused
481,combined_0p2mm_1pct,20260732,0.25,241515,60374,reused
482,combined_0p2mm_1pct,20260732,0.25,241416,60198,reused
483,combined_0p2mm_1pct,20260732,0.25,240422,60229,reused
484,combined_0p2mm_1pct,20260732,0.25,240825,60091,reused
485,combined_0p2mm_1pct,20260732,0.25,240526,60347,reused
486,combined_0p2mm_1pct,20260732,0.25,241118,60145,reused
487,combined_0p2mm_1pct,20260732,0.25,240506,60211,reused
488,combined_0p2mm_1pct,20260732,0.25,241249,60261,reused
489,combined_0p2mm_1pct,20260732,0.25,241011,60541,reused
490,combined_0p2mm_1pct,20260732,0.25,240401,60174,reused
491,combined_0p2mm_1pct,20260732,0.25,240271,59930,reused
492,combined_0p2mm_1pct,20260732,0.25,240218,59962,reused
493,combined_0p2mm_1pct,20260732,0.25,240691,60278,reused
494,combined_0p2mm_1pct,20260732,0.25,240383,59837,reused
495,combined_0p2mm_1pct,20260732,0.25,241482,60452,reused
496,combined_0p2mm_1pct,20260732,0.25,239979,60020,reused
497,combined_0p2mm_1pct,20260732,0.25,240785,60165,reused
498,combined_0p2mm_1pct,20260732,0.25,240990,60373,reused
499,combined_0p2mm_1pct,20260732,0.25,240563,60537,reused
500,combined_0p2mm_1pct,20260732,0.25,241040,60318,reused
501,combined_0p2mm_1pct,20260732,0.25,240506,59831,reused
502,combined_0p2mm_1pct,20260732,0.25,242147,60441,reused
503,combined_0p2mm_1pct,20260732,0.25,240867,60248,reused
504,combined_0p2mm_1pct,20260732,0.25,241298,60470,reused
505,combined_0p2mm_1pct,20260732,0.25,239784,59832,reused
506,combined_0p2mm_1pct,20260732,0.25,240679,59778,reused
507,combined_0p2mm_1pct,20260732,0.25,241206,60196,reused
508,combined_0p2mm_1pct,20260732,0.25,241524,59998,reused
509,combined_0p2mm_1pct,20260732,0.25,240237,59955,reused
510,combined_0p2mm_1pct,20260732,0.25,241752,60552,reused
511,combined_0p2mm_1pct,20260732,0.25,240428,60165,reused
512,combined_0p2mm_1pct,20260732,0.25,240536,60000,reused
513,combined_0p2mm_1pct,20260732,0.25,240813,60368,reused
514,combined_0p2mm_1pct,20260732,0.25,240514,59971,reused
515,combined_0p2mm_1pct,20260732,0.25,240432,60262,reused
516,combined_0p2mm_1pct,20260732,0.25,240698,59826,reused
517,combined_0p2mm_1pct,20260732,0.25,241110,60321,reused
518,combined_0p2mm_1pct,20260732,0.25,240109,60197,reused
519,combined_0p2mm_1pct,20260732,0.25,240453,60005,reused
520,combined_0p2mm_1pct,20260732,0.25,241134,60040,reused
521,combined_0p2mm_1pct,20260732,0.25,240419,60204,reused
522,combined_0p2mm_1pct,20260732,0.25,240560,60266,reused
523,combined_0p2mm_1pct,20260732,0.25,240547,60329,reused
524,combined_0p2mm_1pct,20260732,0.25,240596,60508,reused
525,combined_0p2mm_1pct,20260732,0.25,240756,59939,reused
526,combined_0p2mm_1pct,20260732,0.25,241077,60143,reused
527,combined_0p2mm_1pct,20260732,0.25,240700,60048,reused
528,combined_0p2mm_1pct,20260732,0.25,240712,60282,reused
529,combined_0p2mm_1pct,20260732,0.25,240648,60578,reused
530,combined_0p2mm_1pct,20260732,0.25,241568,60687,reused
531,combined_0p2mm_1pct,20260732,0.25,241419,60435,reused
532,combined_0p2mm_1pct,20260732,0.25,241200,60139,reused
533,combined_0p2mm_1pct,20260732,0.25,240533,59985,reused
534,combined_0p2mm_1pct,20260732,0.25,240815,59945,reused
535,combined_0p2mm_1pct,20260732,0.25,240863,60491,reused
536,combined_0p2mm_1pct,20260732,0.25,241359,59878,reused
537,combined_0p2mm_1pct,20260732,0.25,240796,59974,reused
538,combined_0p2mm_1pct,20260732,0.25,240431,60331,reused
539,combined_0p2mm_1pct,20260732,0.25,240304,60705,reused
540,combined_0p2mm_1pct,20260732,0.25,240520,60325,reused
541,combined_0p2mm_1pct,20260732,0.25,240228,59827,reused
542,combined_0p2mm_1pct,20260732,0.25,240452,59748,reused
543,combined_0p2mm_1pct,20260732,0.25,241334,60101,reused
544,combined_0p2mm_1pct,20260732,0.25,241135,60140,reused
545,combined_0p2mm_1pct,20260732,0.25,241208,60769,reused
546,combined_0p2mm_1pct,20260732,0.25,241637,60651,reused
547,combined_0p2mm_1pct,20260732,0.25,241503,60310,reused
548,combined_0p2mm_1pct,20260732,0.25,240206,59966,reused
549,combined_0p2mm_1pct,20260732,0.25,241164,60273,reused
550,combined_0p2mm_1pct,20260732,0.25,241321,60450,reused
551,combined_0p2mm_1pct,20260732,0.25,240541,60246,reused
552,combined_0p2mm_1pct,20260732,0.25,241742,60049,reused
553,combined_0p2mm_1pct,20260732,0.25,241692,60468,reused
554,combined_0p2mm_1pct,20260732,0.25,239876,59609,reused
555,combined_0p2mm_1pct,20260732,0.25,240427,59855,reused
556,combined_0p2mm_1pct,20260732,0.25,240565,60171,reused
557,combined_0p2mm_1pct,20260732,0.25,240488,59999,reused
558,combined_0p2mm_1pct,20260732,0.25,239962,59943,reused
559,combined_0p2mm_1pct,20260732,0.25,240465,60189,reused
560,combined_0p2mm_1pct,20260732,0.25,241247,60595,reused
561,combined_0p2mm_1pct,20260732,0.25,241874,60779,reused
562,combined_0p2mm_1pct,20260732,0.25,240257,59879,reused
563,combined_0p2mm_1pct,20260732,0.25,240800,60091,reused
564,combined_0p2mm_1pct,20260732,0.25,240428,59821,reused
565,combined_0p2mm_1pct,20260732,0.25,240642,60091,reused
566,combined_0p2mm_1pct,20260732,0.25,240217,59788,reused
567,combined_0p2mm_1pct,20260732,0.25,241773,60439,reused
568,combined_0p2mm_1pct,20260732,0.25,240920,60425,reused
569,combined_0p2mm_1pct,20260732,0.25,240503,59958,reused
570,combined_0p2mm_1pct,20260732,0.25,240556,60492,reused
571,combined_0p2mm_1pct,20260732,0.25,241293,59983,reused
572,combined_0p2mm_1pct,20260732,0.25,240594,60236,reused
573,combined_0p2mm_1pct,20260732,0.25,241277,60298,reused
574,combined_0p2mm_1pct,20260732,0.25,241026,60425,reused
575,combined_0p2mm_1pct,20260732,0.25,240993,60761,reused
576,combined_0p2mm_1pct,20260732,0.25,241337,59746,reused
577,combined_0p2mm_1pct,20260732,0.25,240983,60149,reused
578,combined_0p2mm_1pct,20260732,0.25,240532,60058,reused
579,combined_0p2mm_1pct,20260732,0.25,240383,59872,reused
580,combined_0p2mm_1pct,20260732,0.25,240195,59829,reused
581,combined_0p2mm_1pct,20260732,0.25,241357,60332,reused
582,combined_0p2mm_1pct,20260732,0.25,240957,60325,reused
583,combined_0p2mm_1pct,20260732,0.25,241077,60351,reused
584,combined_0p2mm_1pct,20260732,0.25,241270,60106,reused
585,combined_0p2mm_1pct,20260732,0.25,241692,60498,reused
586,combined_0p2mm_1pct,20260732,0.25,241600,59820,reused
587,combined_0p2mm_1pct,20260732,0.25,240798,60246,reused
588,combined_0p2mm_1pct,20260732,0.25,240836,59905,reused
589,combined_0p2mm_1pct,20260732,0.25,241216,60581,reused
590,combined_0p2mm_1pct,20260732,0.25,241131,60441,reused
591,combined_0p2mm_1pct,20260732,0.25,241102,60317,reused
592,combined_0p2mm_1pct,20260732,0.25,240407,59870,reused
593,combined_0p2mm_1pct,20260732,0.25,240175,60075,reused
594,combined_0p2mm_1pct,20260732,0.25,240663,59738,reused
595,combined_0p2mm_1pct,20260732,0.25,240793,60352,reused
596,combined_0p2mm_1pct,20260732,0.25,241190,60436,reused
597,combined_0p2mm_1pct,20260732,0.25,241664,60356,reused
598,combined_0p2mm_1pct,20260732,0.25,240806,59899,reused
599,combined_0p2mm_1pct,20260732,0.25,240634,60085,reused
600,combined_0p2mm_1pct,20260732,0.25,241416,60706,reused
601,combined_0p2mm_1pct,20260732,0.25,240356,60219,reused
602,combined_0p2mm_1pct,20260732,0.25,241483,60471,reused
603,combined_0p2mm_1pct,20260732,0.25,241404,60416,reused
604,combined_0p2mm_1pct,20260732,0.25,240859,60323,reused
605,combined_0p2mm_1pct,20260732,0.25,240343,59801,reused
606,combined_0p2mm_1pct,20260732,0.25,241435,60641,reused
607,combined_0p2mm_1pct,20260732,0.25,241265,60271,reused
608,combined_0p2mm_1pct,20260732,0.25,240670,60244,reused
609,combined_0p2mm_1pct,20260732,0.25,241578,60558,reused
610,combined_0p2mm_1pct,20260732,0.25,241523,60608,reused
611,combined_0p2mm_1pct,20260732,0.25,241313,60599,reused
612,combined_0p2mm_1pct,20260732,0.25,240961,60388,reused
613,combined_0p2mm_1pct,20260732,0.25,240598,60030,reused
614,combined_0p2mm_1pct,20260732,0.25,240274,59970,reused
615,combined_0p2mm_1pct,20260732,0.25,240737,60371,reused
616,combined_0p2mm_1pct,20260732,0.25,240271,60127,reused
617,combined_0p2mm_1pct,20260732,0.25,240557,60319,reused
618,combined_0p2mm_1pct,20260732,0.25,240829,60233,reused
619,combined_0p2mm_1pct,20260732,0.25,241229,60302,reused
620,combined_0p2mm_1pct,20260732,0.25,240026,60103,reused
621,combined_0p2mm_1pct,20260732,0.25,241267,60300,reused
622,combined_0p2mm_1pct,20260732,0.25,241003,60300,reused
623,combined_0p2mm_1pct,20260732,0.25,241010,60345,reused
624,combined_0p2mm_1pct,20260732,0.25,240708,60059,reused
625,combined_0p2mm_1pct,20260732,0.25,241061,60554,reused
626,combined_0p2mm_1pct,20260732,0.25,241207,60113,reused
627,combined_0p2mm_1pct,20260732,0.25,241650,60687,reused
628,combined_0p2mm_1pct,20260732,0.25,241089,60275,reused
629,combined_0p2mm_1pct,20260732,0.25,241029,60075,reused
630,combined_0p2mm_1pct,20260732,0.25,240070,59905,reused
631,combined_0p2mm_1pct,20260732,0.25,241746,60494,reused
632,combined_0p2mm_1pct,20260732,0.25,240781,60237,reused
633,combined_0p2mm_1pct,20260732,0.25,241258,60459,reused
634,combined_0p2mm_1pct,20260732,0.25,240587,60224,reused
635,combined_0p2mm_1pct,20260732,0.25,240969,60118,reused
636,combined_0p2mm_1pct,20260732,0.25,240536,60183,reused
637,combined_0p2mm_1pct,20260732,0.25,240092,60144,reused
638,combined_0p2mm_1pct,20260732,0.25,241076,60265,reused
639,combined_0p2mm_1pct,20260732,0.25,241044,60079,reused
640,combined_0p2mm_1pct,20260732,0.25,240949,60384,reused
641,combined_0p2mm_1pct,20260732,0.25,241126,60290,reused
642,combined_0p2mm_1pct,20260732,0.25,240792,60285,reused
643,combined_0p2mm_1pct,20260732,0.25,241158,60663,reused
644,combined_0p2mm_1pct,20260732,0.25,240922,60228,reused
645,combined_0p2mm_1pct,20260732,0.25,241192,60387,reused
646,combined_0p2mm_1pct,20260732,0.25,240125,60098,reused
647,combined_0p2mm_1pct,20260732,0.25,241315,60576,reused
648,combined_0p2mm_1pct,20260732,0.25,241097,60526,reused
649,combined_0p2mm_1pct,20260732,0.25,240977,59907,reused
650,combined_0p2mm_1pct,20260732,0.25,241199,60530,reused
651,combined_0p2mm_1pct,20260732,0.25,240582,60130,reused
652,combined_0p2mm_1pct,20260732,0.25,240405,60024,reused
653,combined_0p2mm_1pct,20260732,0.25,240894,60408,reused
654,combined_0p2mm_1pct,20260732,0.25,240595,60374,reused
655,combined_0p2mm_1pct,20260732,0.25,239913,60044,reused
656,combined_0p2mm_1pct,20260732,0.25,240731,60528,reused
657,combined_0p2mm_1pct,20260732,0.25,241166,60488,reused
658,combined_0p2mm_1pct,20260732,0.25,241413,60338,reused
659,combined_0p2mm_1pct,20260732,0.25,240752,59866,reused
660,combined_0p2mm_1pct,20260732,0.25,240886,60130,reused
661,combined_0p2mm_1pct,20260732,0.25,239828,60035,reused
662,combined_0p2mm_1pct,20260732,0.25,240179,60105,reused
663,combined_0p2mm_1pct,20260732,0.25,240783,60232,reused
664,combined_0p2mm_1pct,20260732,0.25,241517,60758,reused
665,combined_0p2mm_1pct,20260732,0.25,240078,60142,reused
666,combined_0p2mm_1pct,20260732,0.25,239628,60088,reused
667,combined_0p2mm_1pct,20260732,0.25,240757,59664,reused
668,combined_0p2mm_1pct,20260732,0.25,241228,59979,reused
669,combined_0p2mm_1pct,20260732,0.25,240966,60298,reused
670,combined_0p2mm_1pct,20260732,0.25,240335,60303,reused
671,combined_0p2mm_1pct,20260732,0.25,240553,59949,reused
672,combined_0p2mm_1pct,20260732,0.25,240397,60393,reused
673,combined_0p2mm_1pct,20260732,0.25,240545,60569,reused
674,combined_0p2mm_1pct,20260732,0.25,239613,59741,reused
675,combined_0p2mm_1pct,20260732,0.25,241019,60050,reused
676,combined_0p2mm_1pct,20260732,0.25,240729,60171,reused
677,combined_0p2mm_1pct,20260732,0.25,240801,60415,reused
678,combined_0p2mm_1pct,20260732,0.25,240741,60341,reused
679,combined_0p2mm_1pct,20260732,0.25,241269,60547,reused
680,combined_0p2mm_1pct,20260732,0.25,240838,60028,reused
681,combined_0p2mm_1pct,20260732,0.25,240507,60086,reused
682,combined_0p2mm_1pct,20260732,0.25,240587,59729,reused
683,combined_0p2mm_1pct,20260732,0.25,241720,60605,reused
684,combined_0p2mm_1pct,20260732,0.25,241478,60364,reused
685,combined_0p2mm_1pct,20260732,0.25,241389,60121,reused
686,combined_0p2mm_1pct,20260732,0.25,240647,60339,reused
687,combined_0p2mm_1pct,20260732,0.25,240429,60248,reused
688,combined_0p2mm_1pct,20260732,0.25,239426,59865,reused
689,combined_0p2mm_1pct,20260732,0.25,240743,60123,reused
690,combined_0p2mm_1pct,20260732,0.25,241050,59912,reused
691,combined_0p2mm_1pct,20260732,0.25,240755,60558,reused
692,combined_0p2mm_1pct,20260732,0.25,241185,60684,reused
693,combined_0p2mm_1pct,20260732,0.25,240508,59960,reused
694,combined_0p2mm_1pct,20260732,0.25,241203,60299,reused
695,combined_0p2mm_1pct,20260732,0.25,242045,60551,reused
696,combined_0p2mm_1pct,20260732,0.25,240906,60434,reused
697,combined_0p2mm_1pct,20260732,0.25,240963,60138,reused
698,combined_0p2mm_1pct,20260732,0.25,240327,59888,reused
699,combined_0p2mm_1pct,20260732,0.25,240449,60383,reused
700,combined_0p2mm_1pct,20260732,0.25,240916,60177,reused
701,combined_0p2mm_1pct,20260732,0.25,241143,60360,reused
702,combined_0p2mm_1pct,20260732,0.25,241050,60246,reused
703,combined_0p2mm_1pct,20260732,0.25,240906,60040,reused
704,combined_0p2mm_1pct,20260732,0.25,240926,60335,reused
705,combined_0p2mm_1pct,20260732,0.25,241494,60330,reused
706,combined_0p2mm_1pct,20260732,0.25,241070,60421,reused
707,combined_0p2mm_1pct,20260732,0.25,241615,60463,reused
708,combined_0p2mm_1pct,20260732,0.25,240195,60193,reused
709,combined_0p2mm_1pct,20260732,0.25,240849,60527,reused
710,combined_0p2mm_1pct,20260732,0.25,240283,60085,reused
711,combined_0p2mm_1pct,20260732,0.25,241044,60105,reused
712,combined_0p2mm_1pct,20260732,0.25,241242,60759,reused
713,combined_0p2mm_1pct,20260732,0.25,241186,60389,reused
714,combined_0p2mm_1pct,20260732,0.25,240600,60413,reused
715,combined_0p2mm_1pct,20260732,0.25,241362,60394,reused
716,combined_0p2mm_1pct,20260732,0.25,241445,60237,reused
717,combined_0p2mm_1pct,20260732,0.25,240433,60377,reused
718,combined_0p2mm_1pct,20260732,0.25,240441,60399,reused
719,combined_0p2mm_1pct,20260732,0.25,240835,60404,reused
0,combined_0p2mm_1pct,20260732,0.1,240908,23893,reused
1,combined_0p2mm_1pct,20260732,0.1,240306,24225,reused
2,combined_0p2mm_1pct,20260732,0.1,240547,23844,reused
3,combined_0p2mm_1pct,20260732,0.1,240874,23948,reused
4,combined_0p2mm_1pct,20260732,0.1,241233,24141,reused
5,combined_0p2mm_1pct,20260732,0.1,239919,24249,reused
6,combined_0p2mm_1pct,20260732,0.1,240818,23935,reused
7,combined_0p2mm_1pct,20260732,0.1,240886,24334,reused
8,combined_0p2mm_1pct,20260732,0.1,240763,23933,reused
9,combined_0p2mm_1pct,20260732,0.1,240516,24227,reused
10,combined_0p2mm_1pct,20260732,0.1,240272,24254,reused
11,combined_0p2mm_1pct,20260732,0.1,239822,24053,reused
12,combined_0p2mm_1pct,20260732,0.1,240881,24283,reused
13,combined_0p2mm_1pct,20260732,0.1,241208,24136,reused
14,combined_0p2mm_1pct,20260732,0.1,240027,23987,reused
15,combined_0p2mm_1pct,20260732,0.1,240957,24261,reused
16,combined_0p2mm_1pct,20260732,0.1,241218,24264,reused
17,combined_0p2mm_1pct,20260732,0.1,242152,23973,reused
18,combined_0p2mm_1pct,20260732,0.1,240973,24147,reused
19,combined_0p2mm_1pct,20260732,0.1,241615,24062,reused
20,combined_0p2mm_1pct,20260732,0.1,240334,23658,reused
21,combined_0p2mm_1pct,20260732,0.1,242643,24165,reused
22,combined_0p2mm_1pct,20260732,0.1,241386,24110,reused
23,combined_0p2mm_1pct,20260732,0.1,240787,23974,reused
24,combined_0p2mm_1pct,20260732,0.1,242048,24174,reused
25,combined_0p2mm_1pct,20260732,0.1,241209,24003,reused
26,combined_0p2mm_1pct,20260732,0.1,241031,24046,reused
27,combined_0p2mm_1pct,20260732,0.1,240399,24216,reused
28,combined_0p2mm_1pct,20260732,0.1,240218,24106,reused
29,combined_0p2mm_1pct,20260732,0.1,240634,24026,reused
30,combined_0p2mm_1pct,20260732,0.1,240992,24162,reused
31,combined_0p2mm_1pct,20260732,0.1,241007,23943,reused
32,combined_0p2mm_1pct,20260732,0.1,241100,24057,reused
33,combined_0p2mm_1pct,20260732,0.1,240348,23940,reused
34,combined_0p2mm_1pct,20260732,0.1,241915,24066,reused
35,combined_0p2mm_1pct,20260732,0.1,240982,24213,reused
36,combined_0p2mm_1pct,20260732,0.1,241523,24131,reused
37,combined_0p2mm_1pct,20260732,0.1,241064,24387,reused
38,combined_0p2mm_1pct,20260732,0.1,240807,24029,reused
39,combined_0p2mm_1pct,20260732,0.1,241439,24162,reused
40,combined_0p2mm_1pct,20260732,0.1,241005,24079,reused
41,combined_0p2mm_1pct,20260732,0.1,240641,24025,reused
42,combined_0p2mm_1pct,20260732,0.1,242044,24112,reused
43,combined_0p2mm_1pct,20260732,0.1,241141,24045,reused
44,combined_0p2mm_1pct,20260732,0.1,241880,24095,reused
45,combined_0p2mm_1pct,20260732,0.1,240329,23857,reused
46,combined_0p2mm_1pct,20260732,0.1,242138,24208,reused
47,combined_0p2mm_1pct,20260732,0.1,240624,23715,reused
48,combined_0p2mm_1pct,20260732,0.1,240720,24036,reused
49,combined_0p2mm_1pct,20260732,0.1,240396,24236,reused
50,combined_0p2mm_1pct,20260732,0.1,239237,23942,reused
51,combined_0p2mm_1pct,20260732,0.1,241655,24171,reused
52,combined_0p2mm_1pct,20260732,0.1,240348,23884,reused
53,combined_0p2mm_1pct,20260732,0.1,240558,24058,reused
54,combined_0p2mm_1pct,20260732,0.1,240261,23851,reused
55,combined_0p2mm_1pct,20260732,0.1,240853,24120,reused
56,combined_0p2mm_1pct,20260732,0.1,241118,24136,reused
57,combined_0p2mm_1pct,20260732,0.1,240921,24140,reused
58,combined_0p2mm_1pct,20260732,0.1,241393,24267,reused
59,combined_0p2mm_1pct,20260732,0.1,240566,24281,reused
60,combined_0p2mm_1pct,20260732,0.1,241494,24105,reused
61,combined_0p2mm_1pct,20260732,0.1,241039,24320,reused
62,combined_0p2mm_1pct,20260732,0.1,240446,24184,reused
63,combined_0p2mm_1pct,20260732,0.1,240722,24132,reused
64,combined_0p2mm_1pct,20260732,0.1,241358,24335,reused
65,combined_0p2mm_1pct,20260732,0.1,240387,23818,reused
66,combined_0p2mm_1pct,20260732,0.1,240442,24098,reused
67,combined_0p2mm_1pct,20260732,0.1,240720,24139,reused
68,combined_0p2mm_1pct,20260732,0.1,241246,24002,reused
69,combined_0p2mm_1pct,20260732,0.1,241457,24385,reused
70,combined_0p2mm_1pct,20260732,0.1,241255,24449,reused
71,combined_0p2mm_1pct,20260732,0.1,239713,23973,reused
72,combined_0p2mm_1pct,20260732,0.1,240189,23805,reused
73,combined_0p2mm_1pct,20260732,0.1,240123,24061,reused
74,combined_0p2mm_1pct,20260732,0.1,240854,23895,reused
75,combined_0p2mm_1pct,20260732,0.1,241046,24139,reused
76,combined_0p2mm_1pct,20260732,0.1,240978,24115,reused
77,combined_0p2mm_1pct,20260732,0.1,240904,24017,reused
78,combined_0p2mm_1pct,20260732,0.1,240729,24009,reused
79,combined_0p2mm_1pct,20260732,0.1,241384,24134,reused
80,combined_0p2mm_1pct,20260732,0.1,240517,23828,reused
81,combined_0p2mm_1pct,20260732,0.1,240643,24174,reused
82,combined_0p2mm_1pct,20260732,0.1,241157,23976,reused
83,combined_0p2mm_1pct,20260732,0.1,241506,24005,reused
84,combined_0p2mm_1pct,20260732,0.1,241048,23873,reused
85,combined_0p2mm_1pct,20260732,0.1,240830,24121,reused
86,combined_0p2mm_1pct,20260732,0.1,240942,24068,reused
87,combined_0p2mm_1pct,20260732,0.1,241227,23984,reused
88,combined_0p2mm_1pct,20260732,0.1,241423,24193,reused
89,combined_0p2mm_1pct,20260732,0.1,241135,24042,reused
90,combined_0p2mm_1pct,20260732,0.1,240879,23908,reused
91,combined_0p2mm_1pct,20260732,0.1,240175,24304,reused
92,combined_0p2mm_1pct,20260732,0.1,241207,24115,reused
93,combined_0p2mm_1pct,20260732,0.1,241501,24042,reused
94,combined_0p2mm_1pct,20260732,0.1,241157,23762,reused
95,combined_0p2mm_1pct,20260732,0.1,241157,24121,reused
96,combined_0p2mm_1pct,20260732,0.1,239653,23979,reused
97,combined_0p2mm_1pct,20260732,0.1,241039,23956,reused
98,combined_0p2mm_1pct,20260732,0.1,241086,24130,reused
99,combined_0p2mm_1pct,20260732,0.1,240725,24226,reused
100,combined_0p2mm_1pct,20260732,0.1,240485,24096,reused
101,combined_0p2mm_1pct,20260732,0.1,241354,24031,reused
102,combined_0p2mm_1pct,20260732,0.1,239783,23909,reused
103,combined_0p2mm_1pct,20260732,0.1,241385,24192,reused
104,combined_0p2mm_1pct,20260732,0.1,241035,23892,reused
105,combined_0p2mm_1pct,20260732,0.1,240756,24086,reused
106,combined_0p2mm_1pct,20260732,0.1,241896,24190,reused
107,combined_0p2mm_1pct,20260732,0.1,241463,23977,reused
108,combined_0p2mm_1pct,20260732,0.1,241253,24070,reused
109,combined_0p2mm_1pct,20260732,0.1,241184,24208,reused
110,combined_0p2mm_1pct,20260732,0.1,240699,24159,reused
111,combined_0p2mm_1pct,20260732,0.1,240997,24077,reused
112,combined_0p2mm_1pct,20260732,0.1,240583,24302,reused
113,combined_0p2mm_1pct,20260732,0.1,240964,24126,reused
114,combined_0p2mm_1pct,20260732,0.1,240600,24151,reused
115,combined_0p2mm_1pct,20260732,0.1,240261,24067,reused
116,combined_0p2mm_1pct,20260732,0.1,241637,24230,reused
117,combined_0p2mm_1pct,20260732,0.1,241311,24185,reused
118,combined_0p2mm_1pct,20260732,0.1,241938,24019,reused
119,combined_0p2mm_1pct,20260732,0.1,241176,24133,reused
120,combined_0p2mm_1pct,20260732,0.1,240797,23973,reused
121,combined_0p2mm_1pct,20260732,0.1,239857,24072,reused
122,combined_0p2mm_1pct,20260732,0.1,241214,24079,reused
123,combined_0p2mm_1pct,20260732,0.1,240683,24138,reused
124,combined_0p2mm_1pct,20260732,0.1,241329,24181,reused
125,combined_0p2mm_1pct,20260732,0.1,240875,24358,reused
126,combined_0p2mm_1pct,20260732,0.1,240875,24112,reused
127,combined_0p2mm_1pct,20260732,0.1,241068,24128,reused
128,combined_0p2mm_1pct,20260732,0.1,240162,24206,reused
129,combined_0p2mm_1pct,20260732,0.1,240374,24045,reused
130,combined_0p2mm_1pct,20260732,0.1,240488,24101,reused
131,combined_0p2mm_1pct,20260732,0.1,240947,24258,reused
132,combined_0p2mm_1pct,20260732,0.1,240457,24017,reused
133,combined_0p2mm_1pct,20260732,0.1,240179,24187,reused
134,combined_0p2mm_1pct,20260732,0.1,241068,24240,reused
135,combined_0p2mm_1pct,20260732,0.1,241135,24072,reused
136,combined_0p2mm_1pct,20260732,0.1,241233,23884,reused
137,combined_0p2mm_1pct,20260732,0.1,240408,23910,reused
138,combined_0p2mm_1pct,20260732,0.1,241083,24028,reused
139,combined_0p2mm_1pct,20260732,0.1,241078,23871,reused
140,combined_0p2mm_1pct,20260732,0.1,241286,23988,reused
141,combined_0p2mm_1pct,20260732,0.1,240855,24143,reused
142,combined_0p2mm_1pct,20260732,0.1,239727,23770,reused
143,combined_0p2mm_1pct,20260732,0.1,240739,23832,reused
144,combined_0p2mm_1pct,20260732,0.1,240422,24011,reused
145,combined_0p2mm_1pct,20260732,0.1,240282,24048,reused
146,combined_0p2mm_1pct,20260732,0.1,241067,24101,reused
147,combined_0p2mm_1pct,20260732,0.1,241037,23815,reused
148,combined_0p2mm_1pct,20260732,0.1,241161,24124,reused
149,combined_0p2mm_1pct,20260732,0.1,240800,24404,reused
150,combined_0p2mm_1pct,20260732,0.1,240507,23975,reused
151,combined_0p2mm_1pct,20260732,0.1,241033,24109,reused
152,combined_0p2mm_1pct,20260732,0.1,241001,24130,reused
153,combined_0p2mm_1pct,20260732,0.1,241719,24016,reused
154,combined_0p2mm_1pct,20260732,0.1,240524,23877,reused
155,combined_0p2mm_1pct,20260732,0.1,240618,24291,reused
156,combined_0p2mm_1pct,20260732,0.1,240539,23960,reused
157,combined_0p2mm_1pct,20260732,0.1,240510,24044,reused
158,combined_0p2mm_1pct,20260732,0.1,240599,24364,reused
159,combined_0p2mm_1pct,20260732,0.1,241239,24248,reused
160,combined_0p2mm_1pct,20260732,0.1,241132,23958,reused
161,combined_0p2mm_1pct,20260732,0.1,241499,24163,reused
162,combined_0p2mm_1pct,20260732,0.1,240360,23836,reused
163,combined_0p2mm_1pct,20260732,0.1,241610,24334,reused
164,combined_0p2mm_1pct,20260732,0.1,240837,23976,reused
165,combined_0p2mm_1pct,20260732,0.1,241151,23968,reused
166,combined_0p2mm_1pct,20260732,0.1,240725,24175,reused
167,combined_0p2mm_1pct,20260732,0.1,241365,24123,reused
168,combined_0p2mm_1pct,20260732,0.1,241536,24342,reused
169,combined_0p2mm_1pct,20260732,0.1,240427,24016,reused
170,combined_0p2mm_1pct,20260732,0.1,240964,24140,reused
171,combined_0p2mm_1pct,20260732,0.1,241023,24199,reused
172,combined_0p2mm_1pct,20260732,0.1,241123,23846,reused
173,combined_0p2mm_1pct,20260732,0.1,241006,24109,reused
174,combined_0p2mm_1pct,20260732,0.1,241268,24009,reused
175,combined_0p2mm_1pct,20260732,0.1,241692,24186,reused
176,combined_0p2mm_1pct,20260732,0.1,241657,23811,reused
177,combined_0p2mm_1pct,20260732,0.1,241337,24346,reused
178,combined_0p2mm_1pct,20260732,0.1,240388,24077,reused
179,combined_0p2mm_1pct,20260732,0.1,241249,23875,reused
180,combined_0p2mm_1pct,20260732,0.1,240882,23983,reused
181,combined_0p2mm_1pct,20260732,0.1,240380,23887,reused
182,combined_0p2mm_1pct,20260732,0.1,241316,24232,reused
183,combined_0p2mm_1pct,20260732,0.1,240300,24109,reused
184,combined_0p2mm_1pct,20260732,0.1,240947,24021,reused
185,combined_0p2mm_1pct,20260732,0.1,240971,23904,reused
186,combined_0p2mm_1pct,20260732,0.1,240357,24239,reused
187,combined_0p2mm_1pct,20260732,0.1,240216,23727,reused
188,combined_0p2mm_1pct,20260732,0.1,240934,24246,reused
189,combined_0p2mm_1pct,20260732,0.1,241240,24283,reused
190,combined_0p2mm_1pct,20260732,0.1,241174,24020,reused
191,combined_0p2mm_1pct,20260732,0.1,240369,24039,reused
192,combined_0p2mm_1pct,20260732,0.1,240885,24230,reused
193,combined_0p2mm_1pct,20260732,0.1,240718,24077,reused
194,combined_0p2mm_1pct,20260732,0.1,240756,23800,reused
195,combined_0p2mm_1pct,20260732,0.1,241521,24327,reused
196,combined_0p2mm_1pct,20260732,0.1,241341,24088,reused
197,combined_0p2mm_1pct,20260732,0.1,241197,24266,reused
198,combined_0p2mm_1pct,20260732,0.1,240527,23837,reused
199,combined_0p2mm_1pct,20260732,0.1,239869,24060,reused
200,combined_0p2mm_1pct,20260732,0.1,240896,24041,reused
201,combined_0p2mm_1pct,20260732,0.1,240240,24226,reused
202,combined_0p2mm_1pct,20260732,0.1,241293,24285,reused
203,combined_0p2mm_1pct,20260732,0.1,240678,23880,reused
204,combined_0p2mm_1pct,20260732,0.1,240589,24139,reused
205,combined_0p2mm_1pct,20260732,0.1,240051,24078,reused
206,combined_0p2mm_1pct,20260732,0.1,240297,23996,reused
207,combined_0p2mm_1pct,20260732,0.1,241886,24168,reused
208,combined_0p2mm_1pct,20260732,0.1,239942,23962,reused
209,combined_0p2mm_1pct,20260732,0.1,240912,23837,reused
210,combined_0p2mm_1pct,20260732,0.1,240983,24140,reused
211,combined_0p2mm_1pct,20260732,0.1,241703,24078,reused
212,combined_0p2mm_1pct,20260732,0.1,240275,24232,reused
213,combined_0p2mm_1pct,20260732,0.1,240401,24162,reused
214,combined_0p2mm_1pct,20260732,0.1,240575,24010,reused
215,combined_0p2mm_1pct,20260732,0.1,240581,23897,reused
216,combined_0p2mm_1pct,20260732,0.1,240287,24191,reused
217,combined_0p2mm_1pct,20260732,0.1,241294,24033,reused
218,combined_0p2mm_1pct,20260732,0.1,241083,24195,reused
219,combined_0p2mm_1pct,20260732,0.1,240190,23867,reused
220,combined_0p2mm_1pct,20260732,0.1,240722,23980,reused
221,combined_0p2mm_1pct,20260732,0.1,240569,23909,reused
222,combined_0p2mm_1pct,20260732,0.1,240533,24143,reused
223,combined_0p2mm_1pct,20260732,0.1,240918,24063,reused
224,combined_0p2mm_1pct,20260732,0.1,240980,24112,reused
225,combined_0p2mm_1pct,20260732,0.1,240624,23782,reused
226,combined_0p2mm_1pct,20260732,0.1,240717,23894,reused
227,combined_0p2mm_1pct,20260732,0.1,242010,24254,reused
228,combined_0p2mm_1pct,20260732,0.1,241189,24471,reused
229,combined_0p2mm_1pct,20260732,0.1,241069,23887,reused
230,combined_0p2mm_1pct,20260732,0.1,240423,23860,reused
231,combined_0p2mm_1pct,20260732,0.1,240523,23975,reused
232,combined_0p2mm_1pct,20260732,0.1,242115,24190,reused
233,combined_0p2mm_1pct,20260732,0.1,241682,23907,reused
234,combined_0p2mm_1pct,20260732,0.1,240950,23914,reused
235,combined_0p2mm_1pct,20260732,0.1,241448,24326,reused
236,combined_0p2mm_1pct,20260732,0.1,240066,24109,reused
237,combined_0p2mm_1pct,20260732,0.1,241336,24188,reused
238,combined_0p2mm_1pct,20260732,0.1,240262,23998,reused
239,combined_0p2mm_1pct,20260732,0.1,240826,23859,reused
240,combined_0p2mm_1pct,20260732,0.1,241266,24048,reused
241,combined_0p2mm_1pct,20260732,0.1,240968,24196,reused
242,combined_0p2mm_1pct,20260732,0.1,241091,24019,reused
243,combined_0p2mm_1pct,20260732,0.1,240511,24061,reused
244,combined_0p2mm_1pct,20260732,0.1,241184,24092,reused
245,combined_0p2mm_1pct,20260732,0.1,241197,24229,reused
246,combined_0p2mm_1pct,20260732,0.1,241291,24055,reused
247,combined_0p2mm_1pct,20260732,0.1,240777,24055,reused
248,combined_0p2mm_1pct,20260732,0.1,240626,24234,reused
249,combined_0p2mm_1pct,20260732,0.1,240351,23933,reused
250,combined_0p2mm_1pct,20260732,0.1,241308,23957,reused
251,combined_0p2mm_1pct,20260732,0.1,240867,24103,reused
252,combined_0p2mm_1pct,20260732,0.1,241503,23973,reused
253,combined_0p2mm_1pct,20260732,0.1,241281,24132,reused
254,combined_0p2mm_1pct,20260732,0.1,241893,24096,reused
255,combined_0p2mm_1pct,20260732,0.1,240510,24030,reused
256,combined_0p2mm_1pct,20260732,0.1,240643,24258,reused
257,combined_0p2mm_1pct,20260732,0.1,240819,23998,reused
258,combined_0p2mm_1pct,20260732,0.1,240781,24239,reused
259,combined_0p2mm_1pct,20260732,0.1,241355,24167,reused
260,combined_0p2mm_1pct,20260732,0.1,241821,24211,reused
261,combined_0p2mm_1pct,20260732,0.1,241292,24602,reused
262,combined_0p2mm_1pct,20260732,0.1,240862,23723,reused
263,combined_0p2mm_1pct,20260732,0.1,241300,24190,reused
264,combined_0p2mm_1pct,20260732,0.1,241332,23960,reused
265,combined_0p2mm_1pct,20260732,0.1,240768,24049,reused
266,combined_0p2mm_1pct,20260732,0.1,240472,23929,reused
267,combined_0p2mm_1pct,20260732,0.1,240639,23758,reused
268,combined_0p2mm_1pct,20260732,0.1,241811,24225,reused
269,combined_0p2mm_1pct,20260732,0.1,240730,24109,reused
270,combined_0p2mm_1pct,20260732,0.1,239993,24196,reused
271,combined_0p2mm_1pct,20260732,0.1,241297,23832,reused
272,combined_0p2mm_1pct,20260732,0.1,241031,24089,reused
273,combined_0p2mm_1pct,20260732,0.1,240223,23849,reused
274,combined_0p2mm_1pct,20260732,0.1,241751,24226,reused
275,combined_0p2mm_1pct,20260732,0.1,240481,24095,reused
276,combined_0p2mm_1pct,20260732,0.1,240613,24520,reused
277,combined_0p2mm_1pct,20260732,0.1,240638,23955,reused
278,combined_0p2mm_1pct,20260732,0.1,240412,24229,reused
279,combined_0p2mm_1pct,20260732,0.1,240693,23987,reused
280,combined_0p2mm_1pct,20260732,0.1,240574,23801,reused
281,combined_0p2mm_1pct,20260732,0.1,241467,24207,reused
282,combined_0p2mm_1pct,20260732,0.1,240570,24073,reused
283,combined_0p2mm_1pct,20260732,0.1,240850,24001,reused
284,combined_0p2mm_1pct,20260732,0.1,240929,24162,reused
285,combined_0p2mm_1pct,20260732,0.1,241039,24391,reused
286,combined_0p2mm_1pct,20260732,0.1,240597,23940,reused
287,combined_0p2mm_1pct,20260732,0.1,240215,23950,reused
288,combined_0p2mm_1pct,20260732,0.1,241054,24043,reused
289,combined_0p2mm_1pct,20260732,0.1,241390,24008,reused
290,combined_0p2mm_1pct,20260732,0.1,240869,23877,reused
291,combined_0p2mm_1pct,20260732,0.1,241093,24212,reused
292,combined_0p2mm_1pct,20260732,0.1,239999,23737,reused
293,combined_0p2mm_1pct,20260732,0.1,240151,23960,reused
294,combined_0p2mm_1pct,20260732,0.1,241050,24348,reused
295,combined_0p2mm_1pct,20260732,0.1,240894,23979,reused
296,combined_0p2mm_1pct,20260732,0.1,241074,24150,reused
297,combined_0p2mm_1pct,20260732,0.1,241445,24112,reused
298,combined_0p2mm_1pct,20260732,0.1,240092,24016,reused
299,combined_0p2mm_1pct,20260732,0.1,241188,24176,reused
300,combined_0p2mm_1pct,20260732,0.1,239829,24036,reused
301,combined_0p2mm_1pct,20260732,0.1,240707,24058,reused
302,combined_0p2mm_1pct,20260732,0.1,241603,24306,reused
303,combined_0p2mm_1pct,20260732,0.1,241230,24054,reused
304,combined_0p2mm_1pct,20260732,0.1,241607,24055,reused
305,combined_0p2mm_1pct,20260732,0.1,241810,23962,reused
306,combined_0p2mm_1pct,20260732,0.1,240513,24129,reused
307,combined_0p2mm_1pct,20260732,0.1,240798,24244,reused
308,combined_0p2mm_1pct,20260732,0.1,240459,24189,reused
309,combined_0p2mm_1pct,20260732,0.1,240450,24221,reused
310,combined_0p2mm_1pct,20260732,0.1,240325,24020,reused
311,combined_0p2mm_1pct,20260732,0.1,241800,24231,reused
312,combined_0p2mm_1pct,20260732,0.1,241463,24199,reused
313,combined_0p2mm_1pct,20260732,0.1,240565,24250,reused
314,combined_0p2mm_1pct,20260732,0.1,241423,24305,reused
315,combined_0p2mm_1pct,20260732,0.1,240671,23958,reused
316,combined_0p2mm_1pct,20260732,0.1,241036,23848,reused
317,combined_0p2mm_1pct,20260732,0.1,240362,23818,reused
318,combined_0p2mm_1pct,20260732,0.1,240999,24087,reused
319,combined_0p2mm_1pct,20260732,0.1,241948,24176,reused
320,combined_0p2mm_1pct,20260732,0.1,240815,24022,reused
321,combined_0p2mm_1pct,20260732,0.1,241068,24243,reused
322,combined_0p2mm_1pct,20260732,0.1,241613,24302,reused
323,combined_0p2mm_1pct,20260732,0.1,240794,24323,reused
324,combined_0p2mm_1pct,20260732,0.1,240742,24322,reused
325,combined_0p2mm_1pct,20260732,0.1,241077,23944,reused
326,combined_0p2mm_1pct,20260732,0.1,240858,23802,reused
327,combined_0p2mm_1pct,20260732,0.1,241011,24092,reused
328,combined_0p2mm_1pct,20260732,0.1,241225,24021,reused
329,combined_0p2mm_1pct,20260732,0.1,241282,24195,reused
330,combined_0p2mm_1pct,20260732,0.1,241237,24343,reused
331,combined_0p2mm_1pct,20260732,0.1,241556,24271,reused
332,combined_0p2mm_1pct,20260732,0.1,240495,24433,reused
333,combined_0p2mm_1pct,20260732,0.1,241934,24196,reused
334,combined_0p2mm_1pct,20260732,0.1,241121,24202,reused
335,combined_0p2mm_1pct,20260732,0.1,240540,23914,reused
336,combined_0p2mm_1pct,20260732,0.1,241461,24165,reused
337,combined_0p2mm_1pct,20260732,0.1,241372,24089,reused
338,combined_0p2mm_1pct,20260732,0.1,240720,24175,reused
339,combined_0p2mm_1pct,20260732,0.1,240830,24199,reused
340,combined_0p2mm_1pct,20260732,0.1,241148,24067,reused
341,combined_0p2mm_1pct,20260732,0.1,240439,23922,reused
342,combined_0p2mm_1pct,20260732,0.1,241437,23948,reused
343,combined_0p2mm_1pct,20260732,0.1,241052,24232,reused
344,combined_0p2mm_1pct,20260732,0.1,240557,23939,reused
345,combined_0p2mm_1pct,20260732,0.1,241004,24181,reused
346,combined_0p2mm_1pct,20260732,0.1,241433,24120,reused
347,combined_0p2mm_1pct,20260732,0.1,240804,24044,reused
348,combined_0p2mm_1pct,20260732,0.1,241132,24296,reused
349,combined_0p2mm_1pct,20260732,0.1,240197,24075,reused
350,combined_0p2mm_1pct,20260732,0.1,240626,23869,reused
351,combined_0p2mm_1pct,20260732,0.1,241460,24054,reused
352,combined_0p2mm_1pct,20260732,0.1,240587,23789,reused
353,combined_0p2mm_1pct,20260732,0.1,240914,24207,reused
354,combined_0p2mm_1pct,20260732,0.1,241064,24193,reused
355,combined_0p2mm_1pct,20260732,0.1,240831,23882,reused
356,combined_0p2mm_1pct,20260732,0.1,240889,24043,reused
357,combined_0p2mm_1pct,20260732,0.1,240647,23979,reused
358,combined_0p2mm_1pct,20260732,0.1,240566,24197,reused
359,combined_0p2mm_1pct,20260732,0.1,239839,24174,reused
360,combined_0p2mm_1pct,20260732,0.1,241151,24121,reused
361,combined_0p2mm_1pct,20260732,0.1,240811,24131,reused
362,combined_0p2mm_1pct,20260732,0.1,240961,24028,reused
363,combined_0p2mm_1pct,20260732,0.1,240890,23876,reused
364,combined_0p2mm_1pct,20260732,0.1,240738,24241,reused
365,combined_0p2mm_1pct,20260732,0.1,240466,23965,reused
366,combined_0p2mm_1pct,20260732,0.1,240910,23768,reused
367,combined_0p2mm_1pct,20260732,0.1,241256,24097,reused
368,combined_0p2mm_1pct,20260732,0.1,241055,24010,reused
369,combined_0p2mm_1pct,20260732,0.1,241602,23963,reused
370,combined_0p2mm_1pct,20260732,0.1,241995,24056,reused
371,combined_0p2mm_1pct,20260732,0.1,241447,24514,reused
372,combined_0p2mm_1pct,20260732,0.1,241163,24289,reused
373,combined_0p2mm_1pct,20260732,0.1,240688,23853,reused
374,combined_0p2mm_1pct,20260732,0.1,240675,24039,reused
375,combined_0p2mm_1pct,20260732,0.1,241388,24016,reused
376,combined_0p2mm_1pct,20260732,0.1,241438,24340,reused
377,combined_0p2mm_1pct,20260732,0.1,240709,23967,reused
378,combined_0p2mm_1pct,20260732,0.1,240825,24068,reused
379,combined_0p2mm_1pct,20260732,0.1,240641,24108,reused
380,combined_0p2mm_1pct,20260732,0.1,241011,23751,reused
381,combined_0p2mm_1pct,20260732,0.1,240737,24252,reused
382,combined_0p2mm_1pct,20260732,0.1,241572,24145,reused
383,combined_0p2mm_1pct,20260732,0.1,241182,23999,reused
384,combined_0p2mm_1pct,20260732,0.1,240465,23853,reused
385,combined_0p2mm_1pct,20260732,0.1,240690,23757,reused
386,combined_0p2mm_1pct,20260732,0.1,240862,24301,reused
387,combined_0p2mm_1pct,20260732,0.1,241376,24107,reused
388,combined_0p2mm_1pct,20260732,0.1,240305,24038,reused
389,combined_0p2mm_1pct,20260732,0.1,240681,23767,reused
390,combined_0p2mm_1pct,20260732,0.1,239986,23802,reused
391,combined_0p2mm_1pct,20260732,0.1,240436,24046,reused
392,combined_0p2mm_1pct,20260732,0.1,240927,24140,reused
393,combined_0p2mm_1pct,20260732,0.1,239875,23931,reused
394,combined_0p2mm_1pct,20260732,0.1,242016,24382,reused
395,combined_0p2mm_1pct,20260732,0.1,241215,24157,reused
396,combined_0p2mm_1pct,20260732,0.1,240853,24186,reused
397,combined_0p2mm_1pct,20260732,0.1,240692,23854,reused
398,combined_0p2mm_1pct,20260732,0.1,241592,24148,reused
399,combined_0p2mm_1pct,20260732,0.1,240652,24075,reused
400,combined_0p2mm_1pct,20260732,0.1,240601,23736,reused
401,combined_0p2mm_1pct,20260732,0.1,241133,24218,reused
402,combined_0p2mm_1pct,20260732,0.1,241480,24081,reused
403,combined_0p2mm_1pct,20260732,0.1,240486,23920,reused
404,combined_0p2mm_1pct,20260732,0.1,240573,23721,reused
405,combined_0p2mm_1pct,20260732,0.1,240862,24272,reused
406,combined_0p2mm_1pct,20260732,0.1,240827,23859,reused
407,combined_0p2mm_1pct,20260732,0.1,241056,24185,reused
408,combined_0p2mm_1pct,20260732,0.1,239994,24164,reused
409,combined_0p2mm_1pct,20260732,0.1,240217,24225,reused
410,combined_0p2mm_1pct,20260732,0.1,240775,24306,reused
411,combined_0p2mm_1pct,20260732,0.1,240709,23977,reused
412,combined_0p2mm_1pct,20260732,0.1,241211,24143,reused
413,combined_0p2mm_1pct,20260732,0.1,240778,24069,reused
414,combined_0p2mm_1pct,20260732,0.1,241235,24070,reused
415,combined_0p2mm_1pct,20260732,0.1,240918,24085,reused
416,combined_0p2mm_1pct,20260732,0.1,241282,24145,reused
417,combined_0p2mm_1pct,20260732,0.1,240557,23958,reused
418,combined_0p2mm_1pct,20260732,0.1,241558,24375,reused
419,combined_0p2mm_1pct,20260732,0.1,240967,24245,reused
420,combined_0p2mm_1pct,20260732,0.1,240505,24185,reused
421,combined_0p2mm_1pct,20260732,0.1,241157,24329,reused
422,combined_0p2mm_1pct,20260732,0.1,241357,24062,reused
423,combined_0p2mm_1pct,20260732,0.1,240693,24168,reused
424,combined_0p2mm_1pct,20260732,0.1,240527,23896,reused
425,combined_0p2mm_1pct,20260732,0.1,241259,23915,reused
426,combined_0p2mm_1pct,20260732,0.1,240852,24304,reused
427,combined_0p2mm_1pct,20260732,0.1,241066,24210,reused
428,combined_0p2mm_1pct,20260732,0.1,240242,24168,reused
429,combined_0p2mm_1pct,20260732,0.1,241087,24199,reused
430,combined_0p2mm_1pct,20260732,0.1,241723,24335,reused
431,combined_0p2mm_1pct,20260732,0.1,241020,24086,reused
432,combined_0p2mm_1pct,20260732,0.1,240414,24301,reused
433,combined_0p2mm_1pct,20260732,0.1,240553,23654,reused
434,combined_0p2mm_1pct,20260732,0.1,240618,24033,reused
435,combined_0p2mm_1pct,20260732,0.1,240937,24068,reused
436,combined_0p2mm_1pct,20260732,0.1,240877,24418,reused
437,combined_0p2mm_1pct,20260732,0.1,241765,23789,reused
438,combined_0p2mm_1pct,20260732,0.1,241040,24089,reused
439,combined_0p2mm_1pct,20260732,0.1,240729,24107,reused
440,combined_0p2mm_1pct,20260732,0.1,241904,24108,reused
441,combined_0p2mm_1pct,20260732,0.1,241772,24352,reused
442,combined_0p2mm_1pct,20260732,0.1,239977,23976,reused
443,combined_0p2mm_1pct,20260732,0.1,239965,23939,reused
444,combined_0p2mm_1pct,20260732,0.1,240288,24155,reused
445,combined_0p2mm_1pct,20260732,0.1,240738,24075,reused
446,combined_0p2mm_1pct,20260732,0.1,239697,24156,reused
447,combined_0p2mm_1pct,20260732,0.1,240672,24338,reused
448,combined_0p2mm_1pct,20260732,0.1,240453,24002,reused
449,combined_0p2mm_1pct,20260732,0.1,240255,24183,reused
450,combined_0p2mm_1pct,20260732,0.1,242012,24046,reused
451,combined_0p2mm_1pct,20260732,0.1,241153,24017,reused
452,combined_0p2mm_1pct,20260732,0.1,241366,24026,reused
453,combined_0p2mm_1pct,20260732,0.1,241635,24248,reused
454,combined_0p2mm_1pct,20260732,0.1,241511,24486,reused
455,combined_0p2mm_1pct,20260732,0.1,240723,24367,reused
456,combined_0p2mm_1pct,20260732,0.1,241154,24146,reused
457,combined_0p2mm_1pct,20260732,0.1,240593,24014,reused
458,combined_0p2mm_1pct,20260732,0.1,241627,24276,reused
459,combined_0p2mm_1pct,20260732,0.1,240294,23802,reused
460,combined_0p2mm_1pct,20260732,0.1,239828,23677,reused
461,combined_0p2mm_1pct,20260732,0.1,241143,23926,reused
462,combined_0p2mm_1pct,20260732,0.1,240472,24010,reused
463,combined_0p2mm_1pct,20260732,0.1,241063,24051,reused
464,combined_0p2mm_1pct,20260732,0.1,240891,24131,reused
465,combined_0p2mm_1pct,20260732,0.1,241774,24492,reused
466,combined_0p2mm_1pct,20260732,0.1,240716,24042,reused
467,combined_0p2mm_1pct,20260732,0.1,240214,24032,reused
468,combined_0p2mm_1pct,20260732,0.1,241684,24234,reused
469,combined_0p2mm_1pct,20260732,0.1,240650,24168,reused
470,combined_0p2mm_1pct,20260732,0.1,240761,24058,reused
471,combined_0p2mm_1pct,20260732,0.1,241091,24118,reused
472,combined_0p2mm_1pct,20260732,0.1,241425,24249,reused
473,combined_0p2mm_1pct,20260732,0.1,241191,24281,reused
474,combined_0p2mm_1pct,20260732,0.1,239749,23758,reused
475,combined_0p2mm_1pct,20260732,0.1,240568,23966,reused
476,combined_0p2mm_1pct,20260732,0.1,240566,24183,reused
477,combined_0p2mm_1pct,20260732,0.1,241212,24107,reused
478,combined_0p2mm_1pct,20260732,0.1,240356,24404,reused
479,combined_0p2mm_1pct,20260732,0.1,241203,24103,reused
480,combined_0p2mm_1pct,20260732,0.1,241108,24109,reused
481,combined_0p2mm_1pct,20260732,0.1,241515,23988,reused
482,combined_0p2mm_1pct,20260732,0.1,241416,24106,reused
483,combined_0p2mm_1pct,20260732,0.1,240422,24154,reused
484,combined_0p2mm_1pct,20260732,0.1,240825,23812,reused
485,combined_0p2mm_1pct,20260732,0.1,240526,24186,reused
486,combined_0p2mm_1pct,20260732,0.1,241118,23896,reused
487,combined_0p2mm_1pct,20260732,0.1,240506,24422,reused
488,combined_0p2mm_1pct,20260732,0.1,241249,24143,reused
489,combined_0p2mm_1pct,20260732,0.1,241011,24205,reused
490,combined_0p2mm_1pct,20260732,0.1,240401,24186,reused
491,combined_0p2mm_1pct,20260732,0.1,240271,24132,reused
492,combined_0p2mm_1pct,20260732,0.1,240218,23995,reused
493,combined_0p2mm_1pct,20260732,0.1,240691,24008,reused
494,combined_0p2mm_1pct,20260732,0.1,240383,24018,reused
495,combined_0p2mm_1pct,20260732,0.1,241482,24222,reused
496,combined_0p2mm_1pct,20260732,0.1,239979,23998,reused
497,combined_0p2mm_1pct,20260732,0.1,240785,24129,reused
498,combined_0p2mm_1pct,20260732,0.1,240990,24200,reused
499,combined_0p2mm_1pct,20260732,0.1,240563,24290,reused
500,combined_0p2mm_1pct,20260732,0.1,241040,24196,reused
501,combined_0p2mm_1pct,20260732,0.1,240506,23939,reused
502,combined_0p2mm_1pct,20260732,0.1,242147,24066,reused
503,combined_0p2mm_1pct,20260732,0.1,240867,23903,reused
504,combined_0p2mm_1pct,20260732,0.1,241298,24177,reused
505,combined_0p2mm_1pct,20260732,0.1,239784,23831,reused
506,combined_0p2mm_1pct,20260732,0.1,240679,24079,reused
507,combined_0p2mm_1pct,20260732,0.1,241206,24262,reused
508,combined_0p2mm_1pct,20260732,0.1,241524,24222,reused
509,combined_0p2mm_1pct,20260732,0.1,240237,23887,reused
510,combined_0p2mm_1pct,20260732,0.1,241752,24083,reused
511,combined_0p2mm_1pct,20260732,0.1,240428,24042,reused
512,combined_0p2mm_1pct,20260732,0.1,240536,24141,reused
513,combined_0p2mm_1pct,20260732,0.1,240813,24404,reused
514,combined_0p2mm_1pct,20260732,0.1,240514,23941,reused
515,combined_0p2mm_1pct,20260732,0.1,240432,24237,reused
516,combined_0p2mm_1pct,20260732,0.1,240698,24113,reused
517,combined_0p2mm_1pct,20260732,0.1,241110,23939,reused
518,combined_0p2mm_1pct,20260732,0.1,240109,24285,reused
519,combined_0p2mm_1pct,20260732,0.1,240453,23910,reused
520,combined_0p2mm_1pct,20260732,0.1,241134,23984,reused
521,combined_0p2mm_1pct,20260732,0.1,240419,23987,reused
522,combined_0p2mm_1pct,20260732,0.1,240560,24005,reused
523,combined_0p2mm_1pct,20260732,0.1,240547,23991,reused
524,combined_0p2mm_1pct,20260732,0.1,240596,24079,reused
525,combined_0p2mm_1pct,20260732,0.1,240756,23888,reused
526,combined_0p2mm_1pct,20260732,0.1,241077,24125,reused
527,combined_0p2mm_1pct,20260732,0.1,240700,24231,reused
528,combined_0p2mm_1pct,20260732,0.1,240712,24074,reused
529,combined_0p2mm_1pct,20260732,0.1,240648,24084,reused
530,combined_0p2mm_1pct,20260732,0.1,241568,24213,reused
531,combined_0p2mm_1pct,20260732,0.1,241419,24180,reused
532,combined_0p2mm_1pct,20260732,0.1,241200,24150,reused
533,combined_0p2mm_1pct,20260732,0.1,240533,24043,reused
534,combined_0p2mm_1pct,20260732,0.1,240815,24042,reused
535,combined_0p2mm_1pct,20260732,0.1,240863,23991,reused
536,combined_0p2mm_1pct,20260732,0.1,241359,24068,reused
537,combined_0p2mm_1pct,20260732,0.1,240796,24144,reused
538,combined_0p2mm_1pct,20260732,0.1,240431,24104,reused
539,combined_0p2mm_1pct,20260732,0.1,240304,24176,reused
540,combined_0p2mm_1pct,20260732,0.1,240520,24035,reused
541,combined_0p2mm_1pct,20260732,0.1,240228,23927,reused
542,combined_0p2mm_1pct,20260732,0.1,240452,23778,reused
543,combined_0p2mm_1pct,20260732,0.1,241334,23985,reused
544,combined_0p2mm_1pct,20260732,0.1,241135,24216,reused
545,combined_0p2mm_1pct,20260732,0.1,241208,24248,reused
546,combined_0p2mm_1pct,20260732,0.1,241637,24324,reused
547,combined_0p2mm_1pct,20260732,0.1,241503,24130,reused
548,combined_0p2mm_1pct,20260732,0.1,240206,23924,reused
549,combined_0p2mm_1pct,20260732,0.1,241164,23971,reused
550,combined_0p2mm_1pct,20260732,0.1,241321,24341,reused
551,combined_0p2mm_1pct,20260732,0.1,240541,24116,reused
552,combined_0p2mm_1pct,20260732,0.1,241742,23983,reused
553,combined_0p2mm_1pct,20260732,0.1,241692,24144,reused
554,combined_0p2mm_1pct,20260732,0.1,239876,23987,reused
555,combined_0p2mm_1pct,20260732,0.1,240427,24093,reused
556,combined_0p2mm_1pct,20260732,0.1,240565,23964,reused
557,combined_0p2mm_1pct,20260732,0.1,240488,23888,reused
558,combined_0p2mm_1pct,20260732,0.1,239962,23770,reused
559,combined_0p2mm_1pct,20260732,0.1,240465,24101,reused
560,combined_0p2mm_1pct,20260732,0.1,241247,24289,reused
561,combined_0p2mm_1pct,20260732,0.1,241874,24166,reused
562,combined_0p2mm_1pct,20260732,0.1,240257,23990,reused
563,combined_0p2mm_1pct,20260732,0.1,240800,24111,reused
564,combined_0p2mm_1pct,20260732,0.1,240428,24050,reused
565,combined_0p2mm_1pct,20260732,0.1,240642,24158,reused
566,combined_0p2mm_1pct,20260732,0.1,240217,24054,reused
567,combined_0p2mm_1pct,20260732,0.1,241773,24058,reused
568,combined_0p2mm_1pct,20260732,0.1,240920,24111,reused
569,combined_0p2mm_1pct,20260732,0.1,240503,24185,reused
570,combined_0p2mm_1pct,20260732,0.1,240556,24018,reused
571,combined_0p2mm_1pct,20260732,0.1,241293,23968,reused
572,combined_0p2mm_1pct,20260732,0.1,240594,24154,reused
573,combined_0p2mm_1pct,20260732,0.1,241277,24020,reused
574,combined_0p2mm_1pct,20260732,0.1,241026,24288,reused
575,combined_0p2mm_1pct,20260732,0.1,240993,24282,reused
576,combined_0p2mm_1pct,20260732,0.1,241337,23990,reused
577,combined_0p2mm_1pct,20260732,0.1,240983,23933,reused
578,combined_0p2mm_1pct,20260732,0.1,240532,23959,reused
579,combined_0p2mm_1pct,20260732,0.1,240383,23707,reused
580,combined_0p2mm_1pct,20260732,0.1,240195,24119,reused
581,combined_0p2mm_1pct,20260732,0.1,241357,24098,reused
582,combined_0p2mm_1pct,20260732,0.1,240957,24115,reused
583,combined_0p2mm_1pct,20260732,0.1,241077,24125,reused
584,combined_0p2mm_1pct,20260732,0.1,241270,24091,reused
585,combined_0p2mm_1pct,20260732,0.1,241692,24126,reused
586,combined_0p2mm_1pct,20260732,0.1,241600,23772,reused
587,combined_0p2mm_1pct,20260732,0.1,240798,24271,reused
588,combined_0p2mm_1pct,20260732,0.1,240836,23809,reused
589,combined_0p2mm_1pct,20260732,0.1,241216,24416,reused
590,combined_0p2mm_1pct,20260732,0.1,241131,24201,reused
591,combined_0p2mm_1pct,20260732,0.1,241102,23903,reused
592,combined_0p2mm_1pct,20260732,0.1,240407,24161,reused
593,combined_0p2mm_1pct,20260732,0.1,240175,24093,reused
594,combined_0p2mm_1pct,20260732,0.1,240663,23862,reused
595,combined_0p2mm_1pct,20260732,0.1,240793,24235,reused
596,combined_0p2mm_1pct,20260732,0.1,241190,24260,reused
597,combined_0p2mm_1pct,20260732,0.1,241664,24137,reused
598,combined_0p2mm_1pct,20260732,0.1,240806,23921,reused
599,combined_0p2mm_1pct,20260732,0.1,240634,24136,reused
600,combined_0p2mm_1pct,20260732,0.1,241416,24377,reused
601,combined_0p2mm_1pct,20260732,0.1,240356,24121,reused
602,combined_0p2mm_1pct,20260732,0.1,241483,24354,reused
603,combined_0p2mm_1pct,20260732,0.1,241404,24235,reused
604,combined_0p2mm_1pct,20260732,0.1,240859,24302,reused
605,combined_0p2mm_1pct,20260732,0.1,240343,23795,reused
606,combined_0p2mm_1pct,20260732,0.1,241435,24156,reused
607,combined_0p2mm_1pct,20260732,0.1,241265,24187,reused
608,combined_0p2mm_1pct,20260732,0.1,240670,23971,reused
609,combined_0p2mm_1pct,20260732,0.1,241578,24117,reused
610,combined_0p2mm_1pct,20260732,0.1,241523,24328,reused
611,combined_0p2mm_1pct,20260732,0.1,241313,24196,reused
612,combined_0p2mm_1pct,20260732,0.1,240961,24117,reused
613,combined_0p2mm_1pct,20260732,0.1,240598,23793,reused
614,combined_0p2mm_1pct,20260732,0.1,240274,24064,reused
615,combined_0p2mm_1pct,20260732,0.1,240737,24216,reused
616,combined_0p2mm_1pct,20260732,0.1,240271,23975,reused
617,combined_0p2mm_1pct,20260732,0.1,240557,24197,reused
618,combined_0p2mm_1pct,20260732,0.1,240829,24172,reused
619,combined_0p2mm_1pct,20260732,0.1,241229,24222,reused
620,combined_0p2mm_1pct,20260732,0.1,240026,24145,reused
621,combined_0p2mm_1pct,20260732,0.1,241267,24246,reused
622,combined_0p2mm_1pct,20260732,0.1,241003,24243,reused
623,combined_0p2mm_1pct,20260732,0.1,241010,24099,reused
624,combined_0p2mm_1pct,20260732,0.1,240708,24037,reused
625,combined_0p2mm_1pct,20260732,0.1,241061,24206,reused
626,combined_0p2mm_1pct,20260732,0.1,241207,24142,reused
627,combined_0p2mm_1pct,20260732,0.1,241650,24289,reused
628,combined_0p2mm_1pct,20260732,0.1,241089,24353,reused
629,combined_0p2mm_1pct,20260732,0.1,241029,23991,reused
630,combined_0p2mm_1pct,20260732,0.1,240070,24050,reused
631,combined_0p2mm_1pct,20260732,0.1,241746,24193,reused
632,combined_0p2mm_1pct,20260732,0.1,240781,23976,reused
633,combined_0p2mm_1pct,20260732,0.1,241258,24176,reused
634,combined_0p2mm_1pct,20260732,0.1,240587,24003,reused
635,combined_0p2mm_1pct,20260732,0.1,240969,24077,reused
636,combined_0p2mm_1pct,20260732,0.1,240536,24179,reused
637,combined_0p2mm_1pct,20260732,0.1,240092,23965,reused
638,combined_0p2mm_1pct,20260732,0.1,241076,24256,reused
639,combined_0p2mm_1pct,20260732,0.1,241044,24187,reused
640,combined_0p2mm_1pct,20260732,0.1,240949,24113,reused
641,combined_0p2mm_1pct,20260732,0.1,241126,23853,reused
642,combined_0p2mm_1pct,20260732,0.1,240792,24206,reused
643,combined_0p2mm_1pct,20260732,0.1,241158,24035,reused
644,combined_0p2mm_1pct,20260732,0.1,240922,24156,reused
645,combined_0p2mm_1pct,20260732,0.1,241192,24102,reused
646,combined_0p2mm_1pct,20260732,0.1,240125,24220,reused
647,combined_0p2mm_1pct,20260732,0.1,241315,24094,reused
648,combined_0p2mm_1pct,20260732,0.1,241097,24192,reused
649,combined_0p2mm_1pct,20260732,0.1,240977,23945,reused
650,combined_0p2mm_1pct,20260732,0.1,241199,24136,reused
651,combined_0p2mm_1pct,20260732,0.1,240582,24227,reused
652,combined_0p2mm_1pct,20260732,0.1,240405,23983,reused
653,combined_0p2mm_1pct,20260732,0.1,240894,24204,reused
654,combined_0p2mm_1pct,20260732,0.1,240595,24097,reused
655,combined_0p2mm_1pct,20260732,0.1,239913,23977,reused
656,combined_0p2mm_1pct,20260732,0.1,240731,24134,reused
657,combined_0p2mm_1pct,20260732,0.1,241166,24258,reused
658,combined_0p2mm_1pct,20260732,0.1,241413,24179,reused
659,combined_0p2mm_1pct,20260732,0.1,240752,23964,reused
660,combined_0p2mm_1pct,20260732,0.1,240886,23997,reused
661,combined_0p2mm_1pct,20260732,0.1,239828,24053,reused
662,combined_0p2mm_1pct,20260732,0.1,240179,24063,reused
663,combined_0p2mm_1pct,20260732,0.1,240783,24284,reused
664,combined_0p2mm_1pct,20260732,0.1,241517,24320,reused
665,combined_0p2mm_1pct,20260732,0.1,240078,24115,reused
666,combined_0p2mm_1pct,20260732,0.1,239628,24100,reused
667,combined_0p2mm_1pct,20260732,0.1,240757,23890,reused
668,combined_0p2mm_1pct,20260732,0.1,241228,23881,reused
669,combined_0p2mm_1pct,20260732,0.1,240966,24249,reused
670,combined_0p2mm_1pct,20260732,0.1,240335,23949,reused
671,combined_0p2mm_1pct,20260732,0.1,240553,24001,reused
672,combined_0p2mm_1pct,20260732,0.1,240397,24205,reused
673,combined_0p2mm_1pct,20260732,0.1,240545,24308,reused
674,combined_0p2mm_1pct,20260732,0.1,239613,23824,reused
675,combined_0p2mm_1pct,20260732,0.1,241019,23927,reused
676,combined_0p2mm_1pct,20260732,0.1,240729,24110,reused
677,combined_0p2mm_1pct,20260732,0.1,240801,24334,reused
678,combined_0p2mm_1pct,20260732,0.1,240741,24222,reused
679,combined_0p2mm_1pct,20260732,0.1,241269,24192,reused
680,combined_0p2mm_1pct,20260732,0.1,240838,23939,reused
681,combined_0p2mm_1pct,20260732,0.1,240507,23989,reused
682,combined_0p2mm_1pct,20260732,0.1,240587,23891,reused
683,combined_0p2mm_1pct,20260732,0.1,241720,24299,reused
684,combined_0p2mm_1pct,20260732,0.1,241478,24208,reused
685,combined_0p2mm_1pct,20260732,0.1,241389,24183,reused
686,combined_0p2mm_1pct,20260732,0.1,240647,24242,reused
687,combined_0p2mm_1pct,20260732,0.1,240429,23949,reused
688,combined_0p2mm_1pct,20260732,0.1,239426,24152,reused
689,combined_0p2mm_1pct,20260732,0.1,240743,23967,reused
690,combined_0p2mm_1pct,20260732,0.1,241050,24006,reused
691,combined_0p2mm_1pct,20260732,0.1,240755,24363,reused
692,combined_0p2mm_1pct,20260732,0.1,241185,24261,reused
693,combined_0p2mm_1pct,20260732,0.1,240508,23914,reused
694,combined_0p2mm_1pct,20260732,0.1,241203,23973,reused
695,combined_0p2mm_1pct,20260732,0.1,242045,24174,reused
696,combined_0p2mm_1pct,20260732,0.1,240906,24336,reused
697,combined_0p2mm_1pct,20260732,0.1,240963,23977,reused
698,combined_0p2mm_1pct,20260732,0.1,240327,23880,reused
699,combined_0p2mm_1pct,20260732,0.1,240449,24307,reused
700,combined_0p2mm_1pct,20260732,0.1,240916,24003,reused
701,combined_0p2mm_1pct,20260732,0.1,241143,24323,reused
702,combined_0p2mm_1pct,20260732,0.1,241050,24033,reused
703,combined_0p2mm_1pct,20260732,0.1,240906,24042,reused
704,combined_0p2mm_1pct,20260732,0.1,240926,24234,reused
705,combined_0p2mm_1pct,20260732,0.1,241494,24051,reused
706,combined_0p2mm_1pct,20260732,0.1,241070,23976,reused
707,combined_0p2mm_1pct,20260732,0.1,241615,24252,reused
708,combined_0p2mm_1pct,20260732,0.1,240195,24504,reused
709,combined_0p2mm_1pct,20260732,0.1,240849,24272,reused
710,combined_0p2mm_1pct,20260732,0.1,240283,24049,reused
711,combined_0p2mm_1pct,20260732,0.1,241044,24068,reused
712,combined_0p2mm_1pct,20260732,0.1,241242,24447,reused
713,combined_0p2mm_1pct,20260732,0.1,241186,24065,reused
714,combined_0p2mm_1pct,20260732,0.1,240600,24056,reused
715,combined_0p2mm_1pct,20260732,0.1,241362,24374,reused
716,combined_0p2mm_1pct,20260732,0.1,241445,24225,reused
717,combined_0p2mm_1pct,20260732,0.1,240433,24220,reused
718,combined_0p2mm_1pct,20260732,0.1,240441,24124,reused
719,combined_0p2mm_1pct,20260732,0.1,240835,24232,reused
0,continuous_hits,20260730,0.5,263454,131547,reused
1,continuous_hits,20260730,0.5,263049,131306,reused
2,continuous_hits,20260730,0.5,263036,131007,reused
3,continuous_hits,20260730,0.5,263252,131702,reused
4,continuous_hits,20260730,0.5,263901,131913,reused
5,continuous_hits,20260730,0.5,262606,131443,reused
6,continuous_hits,20260730,0.5,263570,131694,reused
7,continuous_hits,20260730,0.5,263357,131795,reused
8,continuous_hits,20260730,0.5,263362,131274,reused
9,continuous_hits,20260730,0.5,263199,131762,reused
10,continuous_hits,20260730,0.5,263077,131387,reused
11,continuous_hits,20260730,0.5,262706,131228,reused
12,continuous_hits,20260730,0.5,263599,131719,reused
13,continuous_hits,20260730,0.5,263848,131527,reused
14,continuous_hits,20260730,0.5,262778,131396,reused
15,continuous_hits,20260730,0.5,263586,131652,reused
16,continuous_hits,20260730,0.5,263909,132083,reused
17,continuous_hits,20260730,0.5,264791,132324,reused
18,continuous_hits,20260730,0.5,263728,132234,reused
19,continuous_hits,20260730,0.5,264286,132540,reused
20,continuous_hits,20260730,0.5,262933,131540,reused
21,continuous_hits,20260730,0.5,265454,132666,reused
22,continuous_hits,20260730,0.5,263952,131879,reused
23,continuous_hits,20260730,0.5,263876,131575,reused
24,continuous_hits,20260730,0.5,264521,132347,reused
25,continuous_hits,20260730,0.5,263957,132196,reused
26,continuous_hits,20260730,0.5,263554,132006,reused
27,continuous_hits,20260730,0.5,263312,131585,reused
28,continuous_hits,20260730,0.5,262874,131799,reused
29,continuous_hits,20260730,0.5,263491,131712,reused
30,continuous_hits,20260730,0.5,264080,132206,reused
31,continuous_hits,20260730,0.5,263619,131571,reused
32,continuous_hits,20260730,0.5,263685,131668,reused
33,continuous_hits,20260730,0.5,262980,131444,reused
34,continuous_hits,20260730,0.5,264389,132730,reused
35,continuous_hits,20260730,0.5,263589,131604,reused
36,continuous_hits,20260730,0.5,264349,132222,reused
37,continuous_hits,20260730,0.5,264215,132012,reused
38,continuous_hits,20260730,0.5,263605,131623,reused
39,continuous_hits,20260730,0.5,263856,131915,reused
40,continuous_hits,20260730,0.5,263614,131623,reused
41,continuous_hits,20260730,0.5,263320,131700,reused
42,continuous_hits,20260730,0.5,264993,132525,reused
43,continuous_hits,20260730,0.5,263606,131297,reused
44,continuous_hits,20260730,0.5,264657,132361,reused
45,continuous_hits,20260730,0.5,262749,131343,reused
46,continuous_hits,20260730,0.5,264809,132202,reused
47,continuous_hits,20260730,0.5,262944,131040,reused
48,continuous_hits,20260730,0.5,263566,131960,reused
49,continuous_hits,20260730,0.5,262948,130998,reused
50,continuous_hits,20260730,0.5,262098,130934,reused
51,continuous_hits,20260730,0.5,264183,132097,reused
52,continuous_hits,20260730,0.5,263225,131468,reused
53,continuous_hits,20260730,0.5,263386,131812,reused
54,continuous_hits,20260730,0.5,263039,131544,reused
55,continuous_hits,20260730,0.5,263293,131548,reused
56,continuous_hits,20260730,0.5,264122,131858,reused
57,continuous_hits,20260730,0.5,263658,131867,reused
58,continuous_hits,20260730,0.5,264289,131876,reused
59,continuous_hits,20260730,0.5,263154,131306,reused
60,continuous_hits,20260730,0.5,264074,132202,reused
61,continuous_hits,20260730,0.5,263384,132005,reused
62,continuous_hits,20260730,0.5,263158,131820,reused
63,continuous_hits,20260730,0.5,263522,131424,reused
64,continuous_hits,20260730,0.5,263836,132375,reused
65,continuous_hits,20260730,0.5,263247,131350,reused
66,continuous_hits,20260730,0.5,263090,131541,reused
67,continuous_hits,20260730,0.5,263508,131145,reused
68,continuous_hits,20260730,0.5,264054,132230,reused
69,continuous_hits,20260730,0.5,264220,132356,reused
70,continuous_hits,20260730,0.5,263786,132200,reused
71,continuous_hits,20260730,0.5,262362,130895,reused
72,continuous_hits,20260730,0.5,262737,131693,reused
73,continuous_hits,20260730,0.5,262636,131373,reused
74,continuous_hits,20260730,0.5,263667,132170,reused
75,continuous_hits,20260730,0.5,263549,131815,reused
76,continuous_hits,20260730,0.5,263702,132326,reused
77,continuous_hits,20260730,0.5,263764,132010,reused
78,continuous_hits,20260730,0.5,263257,131657,reused
79,continuous_hits,20260730,0.5,264214,131972,reused
80,continuous_hits,20260730,0.5,263193,131907,reused
81,continuous_hits,20260730,0.5,263466,131373,reused
82,continuous_hits,20260730,0.5,263897,131982,reused
83,continuous_hits,20260730,0.5,264004,131933,reused
84,continuous_hits,20260730,0.5,263866,132325,reused
85,continuous_hits,20260730,0.5,263344,131818,reused
86,continuous_hits,20260730,0.5,263786,131951,reused
87,continuous_hits,20260730,0.5,264088,132385,reused
88,continuous_hits,20260730,0.5,263733,131755,reused
89,continuous_hits,20260730,0.5,264161,131724,reused
90,continuous_hits,20260730,0.5,263451,131658,reused
91,continuous_hits,20260730,0.5,262744,131202,reused
92,continuous_hits,20260730,0.5,263728,131917,reused
93,continuous_hits,20260730,0.5,264277,132276,reused
94,continuous_hits,20260730,0.5,264089,131781,reused
95,continuous_hits,20260730,0.5,263730,132303,reused
96,continuous_hits,20260730,0.5,262657,131111,reused
97,continuous_hits,20260730,0.5,264114,132373,reused
98,continuous_hits,20260730,0.5,263528,131616,reused
99,continuous_hits,20260730,0.5,263662,132259,reused
100,continuous_hits,20260730,0.5,263316,131780,reused
101,continuous_hits,20260730,0.5,264036,132225,reused
102,continuous_hits,20260730,0.5,262538,130997,reused
103,continuous_hits,20260730,0.5,264189,132535,reused
104,continuous_hits,20260730,0.5,263389,131469,reused
105,continuous_hits,20260730,0.5,263732,131894,reused
106,continuous_hits,20260730,0.5,264903,132673,reused
107,continuous_hits,20260730,0.5,264246,132093,reused
108,continuous_hits,20260730,0.5,263785,131878,reused
109,continuous_hits,20260730,0.5,263981,131967,reused
110,continuous_hits,20260730,0.5,263551,131758,reused
111,continuous_hits,20260730,0.5,263651,131272,reused
112,continuous_hits,20260730,0.5,263289,131902,reused
113,continuous_hits,20260730,0.5,263745,131681,reused
114,continuous_hits,20260730,0.5,263095,130913,reused
115,continuous_hits,20260730,0.5,262664,131375,reused
116,continuous_hits,20260730,0.5,264392,132483,reused
117,continuous_hits,20260730,0.5,263899,132234,reused
118,continuous_hits,20260730,0.5,264455,131406,reused
119,continuous_hits,20260730,0.5,263840,131959,reused
120,continuous_hits,20260730,0.5,263348,131742,reused
121,continuous_hits,20260730,0.5,262608,131488,reused
122,continuous_hits,20260730,0.5,263675,131809,reused
123,continuous_hits,20260730,0.5,263123,131437,reused
124,continuous_hits,20260730,0.5,264261,132240,reused
125,continuous_hits,20260730,0.5,263371,131938,reused
126,continuous_hits,20260730,0.5,263250,131642,reused
127,continuous_hits,20260730,0.5,263276,131704,reused
128,continuous_hits,20260730,0.5,262908,131413,reused
129,continuous_hits,20260730,0.5,262988,131415,reused
130,continuous_hits,20260730,0.5,263216,131754,reused
131,continuous_hits,20260730,0.5,263746,131346,reused
132,continuous_hits,20260730,0.5,263118,132005,reused
133,continuous_hits,20260730,0.5,262891,131687,reused
134,continuous_hits,20260730,0.5,263825,132012,reused
135,continuous_hits,20260730,0.5,263955,132229,reused
136,continuous_hits,20260730,0.5,263865,131788,reused
137,continuous_hits,20260730,0.5,262463,131022,reused
138,continuous_hits,20260730,0.5,263638,131821,reused
139,continuous_hits,20260730,0.5,263914,132046,reused
140,continuous_hits,20260730,0.5,264100,132087,reused
141,continuous_hits,20260730,0.5,263426,131511,reused
142,continuous_hits,20260730,0.5,262556,131342,reused
143,continuous_hits,20260730,0.5,263219,131866,reused
144,continuous_hits,20260730,0.5,263124,131449,reused
145,continuous_hits,20260730,0.5,262870,131623,reused
146,continuous_hits,20260730,0.5,263713,131936,reused
147,continuous_hits,20260730,0.5,263446,131255,reused
148,continuous_hits,20260730,0.5,263696,131584,reused
149,continuous_hits,20260730,0.5,263524,132356,reused
150,continuous_hits,20260730,0.5,263115,131707,reused
151,continuous_hits,20260730,0.5,263712,131819,reused
152,continuous_hits,20260730,0.5,263895,131963,reused
153,continuous_hits,20260730,0.5,264396,132118,reused
154,continuous_hits,20260730,0.5,263016,131583,reused
155,continuous_hits,20260730,0.5,263258,131904,reused
156,continuous_hits,20260730,0.5,263051,131517,reused
157,continuous_hits,20260730,0.5,263300,131633,reused
158,continuous_hits,20260730,0.5,263221,131868,reused
159,continuous_hits,20260730,0.5,264002,131723,reused
160,continuous_hits,20260730,0.5,263945,132498,reused
161,continuous_hits,20260730,0.5,264205,131714,reused
162,continuous_hits,20260730,0.5,262799,130978,reused
163,continuous_hits,20260730,0.5,264053,132139,reused
164,continuous_hits,20260730,0.5,263719,131913,reused
165,continuous_hits,20260730,0.5,263742,131779,reused
166,continuous_hits,20260730,0.5,263430,131938,reused
167,continuous_hits,20260730,0.5,263898,132478,reused
168,continuous_hits,20260730,0.5,264127,132023,reused
169,continuous_hits,20260730,0.5,263015,131182,reused
170,continuous_hits,20260730,0.5,263993,131978,reused
171,continuous_hits,20260730,0.5,263623,132138,reused
172,continuous_hits,20260730,0.5,263722,131750,reused
173,continuous_hits,20260730,0.5,263468,132038,reused
174,continuous_hits,20260730,0.5,263642,131894,reused
175,continuous_hits,20260730,0.5,263746,131642,reused
176,continuous_hits,20260730,0.5,264031,132002,reused
177,continuous_hits,20260730,0.5,263403,131565,reused
178,continuous_hits,20260730,0.5,263044,131306,reused
179,continuous_hits,20260730,0.5,264360,132096,reused
180,continuous_hits,20260730,0.5,263371,131525,reused
181,continuous_hits,20260730,0.5,263289,131720,reused
182,continuous_hits,20260730,0.5,263845,131903,reused
183,continuous_hits,20260730,0.5,262931,131268,reused
184,continuous_hits,20260730,0.5,263786,132069,reused
185,continuous_hits,20260730,0.5,263641,131670,reused
186,continuous_hits,20260730,0.5,263258,132127,reused
187,continuous_hits,20260730,0.5,262925,131626,reused
188,continuous_hits,20260730,0.5,263707,131808,reused
189,continuous_hits,20260730,0.5,263826,132089,reused
190,continuous_hits,20260730,0.5,263825,132293,reused
191,continuous_hits,20260730,0.5,262966,131468,reused
192,continuous_hits,20260730,0.5,263317,131611,reused
193,continuous_hits,20260730,0.5,263243,131231,reused
194,continuous_hits,20260730,0.5,263736,131969,reused
195,continuous_hits,20260730,0.5,264335,132393,reused
196,continuous_hits,20260730,0.5,264360,131780,reused
197,continuous_hits,20260730,0.5,263533,131819,reused
198,continuous_hits,20260730,0.5,263252,131195,reused
199,continuous_hits,20260730,0.5,262763,130802,reused
200,continuous_hits,20260730,0.5,263500,131680,reused
201,continuous_hits,20260730,0.5,262515,131521,reused
202,continuous_hits,20260730,0.5,263726,132096,reused
203,continuous_hits,20260730,0.5,263262,131840,reused
204,continuous_hits,20260730,0.5,263578,131730,reused
205,continuous_hits,20260730,0.5,262571,131045,reused
206,continuous_hits,20260730,0.5,263046,131472,reused
207,continuous_hits,20260730,0.5,264247,132173,reused
208,continuous_hits,20260730,0.5,262420,131145,reused
209,continuous_hits,20260730,0.5,263902,132387,reused
210,continuous_hits,20260730,0.5,263630,131621,reused
211,continuous_hits,20260730,0.5,264138,131911,reused
212,continuous_hits,20260730,0.5,263205,131466,reused
213,continuous_hits,20260730,0.5,263111,131225,reused
214,continuous_hits,20260730,0.5,263143,131151,reused
215,continuous_hits,20260730,0.5,263362,131987,reused
216,continuous_hits,20260730,0.5,263066,131557,reused
217,continuous_hits,20260730,0.5,264012,131724,reused
218,continuous_hits,20260730,0.5,263987,131912,reused
219,continuous_hits,20260730,0.5,262879,131327,reused
220,continuous_hits,20260730,0.5,263680,131974,reused
221,continuous_hits,20260730,0.5,263246,131732,reused
222,continuous_hits,20260730,0.5,263503,131589,reused
223,continuous_hits,20260730,0.5,263567,131333,reused
224,continuous_hits,20260730,0.5,263744,131561,reused
225,continuous_hits,20260730,0.5,263007,131589,reused
226,continuous_hits,20260730,0.5,263423,131637,reused
227,continuous_hits,20260730,0.5,264601,131948,reused
228,continuous_hits,20260730,0.5,264031,131969,reused
229,continuous_hits,20260730,0.5,263508,131410,reused
230,continuous_hits,20260730,0.5,263130,131713,reused
231,continuous_hits,20260730,0.5,263656,131964,reused
232,continuous_hits,20260730,0.5,264702,132430,reused
233,continuous_hits,20260730,0.5,264032,131046,reused
234,continuous_hits,20260730,0.5,263465,132135,reused
235,continuous_hits,20260730,0.5,264035,132109,reused
236,continuous_hits,20260730,0.5,262572,131206,reused
237,continuous_hits,20260730,0.5,263984,131815,reused
238,continuous_hits,20260730,0.5,262788,131498,reused
239,continuous_hits,20260730,0.5,263323,131391,reused
240,continuous_hits,20260730,0.5,264108,132429,reused
241,continuous_hits,20260730,0.5,263609,132652,reused
242,continuous_hits,20260730,0.5,263626,131897,reused
243,continuous_hits,20260730,0.5,263186,131677,reused
244,continuous_hits,20260730,0.5,264036,132129,reused
245,continuous_hits,20260730,0.5,263922,131424,reused
246,continuous_hits,20260730,0.5,263874,132458,reused
247,continuous_hits,20260730,0.5,263304,131967,reused
248,continuous_hits,20260730,0.5,263005,131555,reused
249,continuous_hits,20260730,0.5,262758,131416,reused
250,continuous_hits,20260730,0.5,264169,132139,reused
251,continuous_hits,20260730,0.5,263715,132080,reused
252,continuous_hits,20260730,0.5,264554,132053,reused
253,continuous_hits,20260730,0.5,263974,132061,reused
254,continuous_hits,20260730,0.5,264471,131953,reused
255,continuous_hits,20260730,0.5,263085,131390,reused
256,continuous_hits,20260730,0.5,263438,131803,reused
257,continuous_hits,20260730,0.5,263196,131856,reused
258,continuous_hits,20260730,0.5,263336,131674,reused
259,continuous_hits,20260730,0.5,263838,131828,reused
260,continuous_hits,20260730,0.5,264257,132093,reused
261,continuous_hits,20260730,0.5,264030,132250,reused
262,continuous_hits,20260730,0.5,263499,131037,reused
263,continuous_hits,20260730,0.5,263823,132228,reused
264,continuous_hits,20260730,0.5,264032,131682,reused
265,continuous_hits,20260730,0.5,263473,131934,reused
266,continuous_hits,20260730,0.5,263255,131416,reused
267,continuous_hits,20260730,0.5,263279,131281,reused
268,continuous_hits,20260730,0.5,264578,132252,reused
269,continuous_hits,20260730,0.5,263429,132601,reused
270,continuous_hits,20260730,0.5,262625,131220,reused
271,continuous_hits,20260730,0.5,264175,132036,reused
272,continuous_hits,20260730,0.5,263786,132309,reused
273,continuous_hits,20260730,0.5,262648,131086,reused
274,continuous_hits,20260730,0.5,264189,131940,reused
275,continuous_hits,20260730,0.5,263208,131850,reused
276,continuous_hits,20260730,0.5,263294,131969,reused
277,continuous_hits,20260730,0.5,263223,131570,reused
278,continuous_hits,20260730,0.5,263334,132230,reused
279,continuous_hits,20260730,0.5,263172,131234,reused
280,continuous_hits,20260730,0.5,263270,131665,reused
281,continuous_hits,20260730,0.5,263836,132180,reused
282,continuous_hits,20260730,0.5,263598,131377,reused
283,continuous_hits,20260730,0.5,263224,131179,reused
284,continuous_hits,20260730,0.5,264035,132173,reused
285,continuous_hits,20260730,0.5,263610,131885,reused
286,continuous_hits,20260730,0.5,263425,131352,reused
287,continuous_hits,20260730,0.5,262749,131774,reused
288,continuous_hits,20260730,0.5,263522,131587,reused
289,continuous_hits,20260730,0.5,264453,131926,reused
290,continuous_hits,20260730,0.5,263460,131444,reused
291,continuous_hits,20260730,0.5,263647,131776,reused
292,continuous_hits,20260730,0.5,262394,131147,reused
293,continuous_hits,20260730,0.5,262989,131360,reused
294,continuous_hits,20260730,0.5,263725,131908,reused
295,continuous_hits,20260730,0.5,263415,131625,reused
296,continuous_hits,20260730,0.5,264073,132089,reused
297,continuous_hits,20260730,0.5,264052,132019,reused
298,continuous_hits,20260730,0.5,262669,131445,reused
299,continuous_hits,20260730,0.5,263871,132141,reused
300,continuous_hits,20260730,0.5,262311,131140,reused
301,continuous_hits,20260730,0.5,263183,131024,reused
302,continuous_hits,20260730,0.5,264023,132254,reused
303,continuous_hits,20260730,0.5,263562,132102,reused
304,continuous_hits,20260730,0.5,264514,131939,reused
305,continuous_hits,20260730,0.5,264369,132481,reused
306,continuous_hits,20260730,0.5,263018,131356,reused
307,continuous_hits,20260730,0.5,263548,132173,reused
308,continuous_hits,20260730,0.5,263238,131110,reused
309,continuous_hits,20260730,0.5,263096,130894,reused
310,continuous_hits,20260730,0.5,262970,131598,reused
311,continuous_hits,20260730,0.5,264505,132169,reused
312,continuous_hits,20260730,0.5,264182,132203,reused
313,continuous_hits,20260730,0.5,263167,131610,reused
314,continuous_hits,20260730,0.5,263704,132031,reused
315,continuous_hits,20260730,0.5,263317,131656,reused
316,continuous_hits,20260730,0.5,263491,131881,reused
317,continuous_hits,20260730,0.5,263142,131348,reused
318,continuous_hits,20260730,0.5,263428,130925,reused
319,continuous_hits,20260730,0.5,264653,132506,reused
320,continuous_hits,20260730,0.5,263417,131703,reused
321,continuous_hits,20260730,0.5,263605,132013,reused
322,continuous_hits,20260730,0.5,264113,132146,reused
323,continuous_hits,20260730,0.5,263103,131291,reused
324,continuous_hits,20260730,0.5,263348,131502,reused
325,continuous_hits,20260730,0.5,263873,131894,reused
326,continuous_hits,20260730,0.5,263622,131478,reused
327,continuous_hits,20260730,0.5,263940,132436,reused
328,continuous_hits,20260730,0.5,264007,131844,reused
329,continuous_hits,20260730,0.5,264076,132306,reused
330,continuous_hits,20260730,0.5,263588,131867,reused
331,continuous_hits,20260730,0.5,264600,132398,reused
332,continuous_hits,20260730,0.5,263383,131853,reused
333,continuous_hits,20260730,0.5,264545,132399,reused
334,continuous_hits,20260730,0.5,263716,132213,reused
335,continuous_hits,20260730,0.5,263496,131811,reused
336,continuous_hits,20260730,0.5,264335,132112,reused
337,continuous_hits,20260730,0.5,263868,131608,reused
338,continuous_hits,20260730,0.5,263427,131790,reused
339,continuous_hits,20260730,0.5,263574,131798,reused
340,continuous_hits,20260730,0.5,264024,131943,reused
341,continuous_hits,20260730,0.5,263322,132035,reused
342,continuous_hits,20260730,0.5,263862,132120,reused
343,continuous_hits,20260730,0.5,263742,131850,reused
344,continuous_hits,20260730,0.5,263011,131878,reused
345,continuous_hits,20260730,0.5,264021,132247,reused
346,continuous_hits,20260730,0.5,263954,131990,reused
347,continuous_hits,20260730,0.5,263405,131507,reused
348,continuous_hits,20260730,0.5,264075,132081,reused
349,continuous_hits,20260730,0.5,262868,131517,reused
350,continuous_hits,20260730,0.5,263482,131322,reused
351,continuous_hits,20260730,0.5,264125,132194,reused
352,continuous_hits,20260730,0.5,263660,131757,reused
353,continuous_hits,20260730,0.5,263853,131859,reused
354,continuous_hits,20260730,0.5,263984,131702,reused
355,continuous_hits,20260730,0.5,263306,131625,reused
356,continuous_hits,20260730,0.5,263816,132198,reused
357,continuous_hits,20260730,0.5,263549,131989,reused
358,continuous_hits,20260730,0.5,262967,131632,reused
359,continuous_hits,20260730,0.5,262196,130934,reused
360,continuous_hits,20260730,0.5,263797,132104,reused
361,continuous_hits,20260730,0.5,263286,131423,reused
362,continuous_hits,20260730,0.5,263465,131597,reused
363,continuous_hits,20260730,0.5,263638,131705,reused
364,continuous_hits,20260730,0.5,263092,131836,reused
365,continuous_hits,20260730,0.5,263073,131246,reused
366,continuous_hits,20260730,0.5,263232,131395,reused
367,continuous_hits,20260730,0.5,263745,131842,reused
368,continuous_hits,20260730,0.5,263684,131555,reused
369,continuous_hits,20260730,0.5,263958,131723,reused
370,continuous_hits,20260730,0.5,264563,132252,reused
371,continuous_hits,20260730,0.5,263918,132105,reused
372,continuous_hits,20260730,0.5,263800,131717,reused
373,continuous_hits,20260730,0.5,263300,131572,reused
374,continuous_hits,20260730,0.5,263182,131643,reused
375,continuous_hits,20260730,0.5,264167,132111,reused
376,continuous_hits,20260730,0.5,263980,132355,reused
377,continuous_hits,20260730,0.5,263484,131825,reused
378,continuous_hits,20260730,0.5,263691,131542,reused
379,continuous_hits,20260730,0.5,263328,131707,reused
380,continuous_hits,20260730,0.5,263603,131421,reused
381,continuous_hits,20260730,0.5,263524,131589,reused
382,continuous_hits,20260730,0.5,264436,132230,reused
383,continuous_hits,20260730,0.5,263634,132034,reused
384,continuous_hits,20260730,0.5,263305,131598,reused
385,continuous_hits,20260730,0.5,263354,131409,reused
386,continuous_hits,20260730,0.5,263777,131854,reused
387,continuous_hits,20260730,0.5,264011,131520,reused
388,continuous_hits,20260730,0.5,262882,131417,reused
389,continuous_hits,20260730,0.5,263396,131313,reused
390,continuous_hits,20260730,0.5,263019,131462,reused
391,continuous_hits,20260730,0.5,263312,131372,reused
392,continuous_hits,20260730,0.5,263392,131517,reused
393,continuous_hits,20260730,0.5,262460,131073,reused
394,continuous_hits,20260730,0.5,264731,132294,reused
395,continuous_hits,20260730,0.5,263677,131852,reused
396,continuous_hits,20260730,0.5,263577,131447,reused
397,continuous_hits,20260730,0.5,263184,131724,reused
398,continuous_hits,20260730,0.5,264375,132075,reused
399,continuous_hits,20260730,0.5,263179,131624,reused
400,continuous_hits,20260730,0.5,263387,131290,reused
401,continuous_hits,20260730,0.5,263878,132132,reused
402,continuous_hits,20260730,0.5,263856,132049,reused
403,continuous_hits,20260730,0.5,263506,132201,reused
404,continuous_hits,20260730,0.5,263508,131337,reused
405,continuous_hits,20260730,0.5,262919,131277,reused
406,continuous_hits,20260730,0.5,263377,131632,reused
407,continuous_hits,20260730,0.5,263400,132105,reused
408,continuous_hits,20260730,0.5,262452,131508,reused
409,continuous_hits,20260730,0.5,262874,131428,reused
410,continuous_hits,20260730,0.5,263780,131658,reused
411,continuous_hits,20260730,0.5,263567,131639,reused
412,continuous_hits,20260730,0.5,263857,131800,reused
413,continuous_hits,20260730,0.5,263294,131684,reused
414,continuous_hits,20260730,0.5,263668,131832,reused
415,continuous_hits,20260730,0.5,263590,131589,reused
416,continuous_hits,20260730,0.5,263924,131322,reused
417,continuous_hits,20260730,0.5,263633,131756,reused
418,continuous_hits,20260730,0.5,264251,132563,reused
419,continuous_hits,20260730,0.5,263716,132129,reused
420,continuous_hits,20260730,0.5,263073,131353,reused
421,continuous_hits,20260730,0.5,263300,131693,reused
422,continuous_hits,20260730,0.5,263799,131515,reused
423,continuous_hits,20260730,0.5,263598,132254,reused
424,continuous_hits,20260730,0.5,262584,131210,reused
425,continuous_hits,20260730,0.5,263939,132130,reused
426,continuous_hits,20260730,0.5,263427,131399,reused
427,continuous_hits,20260730,0.5,264119,131999,reused
428,continuous_hits,20260730,0.5,262766,131326,reused
429,continuous_hits,20260730,0.5,263948,132326,reused
430,continuous_hits,20260730,0.5,264609,132375,reused
431,continuous_hits,20260730,0.5,263658,131525,reused
432,continuous_hits,20260730,0.5,263063,131373,reused
433,continuous_hits,20260730,0.5,263532,131596,reused
434,continuous_hits,20260730,0.5,263332,131870,reused
435,continuous_hits,20260730,0.5,263902,132156,reused
436,continuous_hits,20260730,0.5,263551,131899,reused
437,continuous_hits,20260730,0.5,263847,131634,reused
438,continuous_hits,20260730,0.5,263497,131541,reused
439,continuous_hits,20260730,0.5,263633,131337,reused
440,continuous_hits,20260730,0.5,264333,132366,reused
441,continuous_hits,20260730,0.5,264348,132242,reused
442,continuous_hits,20260730,0.5,262894,131836,reused
443,continuous_hits,20260730,0.5,262731,131536,reused
444,continuous_hits,20260730,0.5,262660,131194,reused
445,continuous_hits,20260730,0.5,263497,131794,reused
446,continuous_hits,20260730,0.5,262288,131592,reused
447,continuous_hits,20260730,0.5,263197,131557,reused
448,continuous_hits,20260730,0.5,263444,131836,reused
449,continuous_hits,20260730,0.5,263217,131474,reused
450,continuous_hits,20260730,0.5,264960,132329,reused
451,continuous_hits,20260730,0.5,263715,132264,reused
452,continuous_hits,20260730,0.5,263942,131937,reused
453,continuous_hits,20260730,0.5,264518,132460,reused
454,continuous_hits,20260730,0.5,263856,132275,reused
455,continuous_hits,20260730,0.5,263379,131761,reused
456,continuous_hits,20260730,0.5,263950,131748,reused
457,continuous_hits,20260730,0.5,262902,131827,reused
458,continuous_hits,20260730,0.5,264056,132053,reused
459,continuous_hits,20260730,0.5,262776,131272,reused
460,continuous_hits,20260730,0.5,262624,131580,reused
461,continuous_hits,20260730,0.5,263502,131677,reused
462,continuous_hits,20260730,0.5,263208,131461,reused
463,continuous_hits,20260730,0.5,263612,131739,reused
464,continuous_hits,20260730,0.5,263446,132178,reused
465,continuous_hits,20260730,0.5,264284,132634,reused
466,continuous_hits,20260730,0.5,263301,131665,reused
467,continuous_hits,20260730,0.5,262541,131130,reused
468,continuous_hits,20260730,0.5,264215,132251,reused
469,continuous_hits,20260730,0.5,263359,131704,reused
470,continuous_hits,20260730,0.5,263460,131389,reused
471,continuous_hits,20260730,0.5,263905,131666,reused
472,continuous_hits,20260730,0.5,263883,131781,reused
473,continuous_hits,20260730,0.5,263936,131792,reused
474,continuous_hits,20260730,0.5,262461,131301,reused
475,continuous_hits,20260730,0.5,262615,130687,reused
476,continuous_hits,20260730,0.5,263159,131551,reused
477,continuous_hits,20260730,0.5,263899,131922,reused
478,continuous_hits,20260730,0.5,263424,131706,reused
479,continuous_hits,20260730,0.5,263873,131542,reused
480,continuous_hits,20260730,0.5,263599,132013,reused
481,continuous_hits,20260730,0.5,264318,132293,reused
482,continuous_hits,20260730,0.5,264250,132226,reused
483,continuous_hits,20260730,0.5,262932,131237,reused
484,continuous_hits,20260730,0.5,263790,131896,reused
485,continuous_hits,20260730,0.5,262983,131809,reused
486,continuous_hits,20260730,0.5,263859,132183,reused
487,continuous_hits,20260730,0.5,263347,131393,reused
488,continuous_hits,20260730,0.5,264100,132347,reused
489,continuous_hits,20260730,0.5,263468,131865,reused
490,continuous_hits,20260730,0.5,263424,131497,reused
491,continuous_hits,20260730,0.5,263084,132126,reused
492,continuous_hits,20260730,0.5,262937,131343,reused
493,continuous_hits,20260730,0.5,263020,131943,reused
494,continuous_hits,20260730,0.5,263056,131591,reused
495,continuous_hits,20260730,0.5,264396,132533,reused
496,continuous_hits,20260730,0.5,262672,131518,reused
497,continuous_hits,20260730,0.5,263366,131551,reused
498,continuous_hits,20260730,0.5,263551,131378,reused
499,continuous_hits,20260730,0.5,263197,131895,reused
500,continuous_hits,20260730,0.5,263752,131761,reused
501,continuous_hits,20260730,0.5,263229,131755,reused
502,continuous_hits,20260730,0.5,264944,132730,reused
503,continuous_hits,20260730,0.5,263565,131602,reused
504,continuous_hits,20260730,0.5,263861,132143,reused
505,continuous_hits,20260730,0.5,262436,131253,reused
506,continuous_hits,20260730,0.5,263457,131504,reused
507,continuous_hits,20260730,0.5,264194,132473,reused
508,continuous_hits,20260730,0.5,264440,132361,reused
509,continuous_hits,20260730,0.5,262864,131546,reused
510,continuous_hits,20260730,0.5,264253,132082,reused
511,continuous_hits,20260730,0.5,263186,131737,reused
512,continuous_hits,20260730,0.5,263395,131811,reused
513,continuous_hits,20260730,0.5,263713,131878,reused
514,continuous_hits,20260730,0.5,263019,131641,reused
515,continuous_hits,20260730,0.5,262866,131458,reused
516,continuous_hits,20260730,0.5,263571,131531,reused
517,continuous_hits,20260730,0.5,263989,132013,reused
518,continuous_hits,20260730,0.5,263092,131539,reused
519,continuous_hits,20260730,0.5,262906,131463,reused
520,continuous_hits,20260730,0.5,263509,132091,reused
521,continuous_hits,20260730,0.5,263152,131301,reused
522,continuous_hits,20260730,0.5,263095,131896,reused
523,continuous_hits,20260730,0.5,263373,131791,reused
524,continuous_hits,20260730,0.5,263257,131868,reused
525,continuous_hits,20260730,0.5,263370,132007,reused
526,continuous_hits,20260730,0.5,263929,131888,reused
527,continuous_hits,20260730,0.5,263506,132146,reused
528,continuous_hits,20260730,0.5,263195,131167,reused
529,continuous_hits,20260730,0.5,263553,131980,reused
530,continuous_hits,20260730,0.5,264154,132003,reused
531,continuous_hits,20260730,0.5,264075,132680,reused
532,continuous_hits,20260730,0.5,263816,131746,reused
533,continuous_hits,20260730,0.5,263290,131711,reused
534,continuous_hits,20260730,0.5,263183,131583,reused
535,continuous_hits,20260730,0.5,263924,131918,reused
536,continuous_hits,20260730,0.5,264303,131687,reused
537,continuous_hits,20260730,0.5,263311,131532,reused
538,continuous_hits,20260730,0.5,263268,131762,reused
539,continuous_hits,20260730,0.5,263112,132089,reused
540,continuous_hits,20260730,0.5,262738,131237,reused
541,continuous_hits,20260730,0.5,262720,131368,reused
542,continuous_hits,20260730,0.5,262878,131096,reused
543,continuous_hits,20260730,0.5,263817,131713,reused
544,continuous_hits,20260730,0.5,263603,131922,reused
545,continuous_hits,20260730,0.5,264065,131916,reused
546,continuous_hits,20260730,0.5,264263,131968,reused
547,continuous_hits,20260730,0.5,264207,131998,reused
548,continuous_hits,20260730,0.5,263221,131677,reused
549,continuous_hits,20260730,0.5,264285,132321,reused
550,continuous_hits,20260730,0.5,263677,132042,reused
551,continuous_hits,20260730,0.5,263264,131430,reused
552,continuous_hits,20260730,0.5,263890,131560,reused
553,continuous_hits,20260730,0.5,264254,132413,reused
554,continuous_hits,20260730,0.5,262298,130837,reused
555,continuous_hits,20260730,0.5,263136,131522,reused
556,continuous_hits,20260730,0.5,263031,131860,reused
557,continuous_hits,20260730,0.5,263642,132283,reused
558,continuous_hits,20260730,0.5,262992,131788,reused
559,continuous_hits,20260730,0.5,263022,131857,reused
560,continuous_hits,20260730,0.5,264356,132436,reused
561,continuous_hits,20260730,0.5,264623,132960,reused
562,continuous_hits,20260730,0.5,262578,131321,reused
563,continuous_hits,20260730,0.5,263557,132293,reused
564,continuous_hits,20260730,0.5,262986,131234,reused
565,continuous_hits,20260730,0.5,263480,131845,reused
566,continuous_hits,20260730,0.5,263097,131237,reused
567,continuous_hits,20260730,0.5,264769,132145,reused
568,continuous_hits,20260730,0.5,263616,132199,reused
569,continuous_hits,20260730,0.5,263007,131505,reused
570,continuous_hits,20260730,0.5,263190,131069,reused
571,continuous_hits,20260730,0.5,264130,131902,reused
572,continuous_hits,20260730,0.5,263222,131533,reused
573,continuous_hits,20260730,0.5,263860,131875,reused
574,continuous_hits,20260730,0.5,263531,131916,reused
575,continuous_hits,20260730,0.5,263150,131424,reused
576,continuous_hits,20260730,0.5,263748,131603,reused
577,continuous_hits,20260730,0.5,263435,131587,reused
578,continuous_hits,20260730,0.5,263288,131916,reused
579,continuous_hits,20260730,0.5,262992,131348,reused
580,continuous_hits,20260730,0.5,263024,131560,reused
581,continuous_hits,20260730,0.5,264021,132330,reused
582,continuous_hits,20260730,0.5,263684,131739,reused
583,continuous_hits,20260730,0.5,263432,131817,reused
584,continuous_hits,20260730,0.5,263732,131969,reused
585,continuous_hits,20260730,0.5,264287,132128,reused
586,continuous_hits,20260730,0.5,264251,131729,reused
587,continuous_hits,20260730,0.5,263621,131511,reused
588,continuous_hits,20260730,0.5,263422,131845,reused
589,continuous_hits,20260730,0.5,264133,132353,reused
590,continuous_hits,20260730,0.5,263842,132165,reused
591,continuous_hits,20260730,0.5,263947,132159,reused
592,continuous_hits,20260730,0.5,262981,131233,reused
593,continuous_hits,20260730,0.5,263211,131082,reused
594,continuous_hits,20260730,0.5,263224,131474,reused
595,continuous_hits,20260730,0.5,263274,131726,reused
596,continuous_hits,20260730,0.5,263579,131908,reused
597,continuous_hits,20260730,0.5,264448,132177,reused
598,continuous_hits,20260730,0.5,263260,131620,reused
599,continuous_hits,20260730,0.5,263298,131785,reused
600,continuous_hits,20260730,0.5,264207,132227,reused
601,continuous_hits,20260730,0.5,263243,131312,reused
602,continuous_hits,20260730,0.5,264015,132154,reused
603,continuous_hits,20260730,0.5,263894,131865,reused
604,continuous_hits,20260730,0.5,263271,131619,reused
605,continuous_hits,20260730,0.5,262598,131379,reused
606,continuous_hits,20260730,0.5,264377,132141,reused
607,continuous_hits,20260730,0.5,263939,132123,reused
608,continuous_hits,20260730,0.5,263417,131663,reused
609,continuous_hits,20260730,0.5,264481,132193,reused
610,continuous_hits,20260730,0.5,264173,132103,reused
611,continuous_hits,20260730,0.5,264065,132663,reused
612,continuous_hits,20260730,0.5,263584,131749,reused
613,continuous_hits,20260730,0.5,263260,131588,reused
614,continuous_hits,20260730,0.5,262898,131796,reused
615,continuous_hits,20260730,0.5,263558,131709,reused
616,continuous_hits,20260730,0.5,262886,131367,reused
617,continuous_hits,20260730,0.5,263259,132056,reused
618,continuous_hits,20260730,0.5,263144,131452,reused
619,continuous_hits,20260730,0.5,263854,132078,reused
620,continuous_hits,20260730,0.5,263028,131559,reused
621,continuous_hits,20260730,0.5,264203,132267,reused
622,continuous_hits,20260730,0.5,263750,131937,reused
623,continuous_hits,20260730,0.5,263394,131665,reused
624,continuous_hits,20260730,0.5,263779,131430,reused
625,continuous_hits,20260730,0.5,263321,131533,reused
626,continuous_hits,20260730,0.5,263727,131800,reused
627,continuous_hits,20260730,0.5,264519,132219,reused
628,continuous_hits,20260730,0.5,263730,131691,reused
629,continuous_hits,20260730,0.5,263645,131803,reused
630,continuous_hits,20260730,0.5,262478,131199,reused
631,continuous_hits,20260730,0.5,264606,132481,reused
632,continuous_hits,20260730,0.5,263310,131320,reused
633,continuous_hits,20260730,0.5,264145,131950,reused
634,continuous_hits,20260730,0.5,263447,132007,reused
635,continuous_hits,20260730,0.5,263314,132113,reused
636,continuous_hits,20260730,0.5,262989,131412,reused
637,continuous_hits,20260730,0.5,262758,131643,reused
638,continuous_hits,20260730,0.5,263859,132251,reused
639,continuous_hits,20260730,0.5,263511,132086,reused
640,continuous_hits,20260730,0.5,263338,131943,reused
641,continuous_hits,20260730,0.5,263457,131039,reused
642,continuous_hits,20260730,0.5,263568,131628,reused
643,continuous_hits,20260730,0.5,263824,132078,reused
644,continuous_hits,20260730,0.5,263354,131863,reused
645,continuous_hits,20260730,0.5,263676,132050,reused
646,continuous_hits,20260730,0.5,262831,131080,reused
647,continuous_hits,20260730,0.5,264005,132294,reused
648,continuous_hits,20260730,0.5,263681,131999,reused
649,continuous_hits,20260730,0.5,263501,131870,reused
650,continuous_hits,20260730,0.5,263589,131875,reused
651,continuous_hits,20260730,0.5,263312,131837,reused
652,continuous_hits,20260730,0.5,263381,131617,reused
653,continuous_hits,20260730,0.5,263243,132136,reused
654,continuous_hits,20260730,0.5,263215,131589,reused
655,continuous_hits,20260730,0.5,262787,131602,reused
656,continuous_hits,20260730,0.5,263692,132358,reused
657,continuous_hits,20260730,0.5,263911,132223,reused
658,continuous_hits,20260730,0.5,264112,132463,reused
659,continuous_hits,20260730,0.5,263569,131374,reused
660,continuous_hits,20260730,0.5,263317,131332,reused
661,continuous_hits,20260730,0.5,262465,131439,reused
662,continuous_hits,20260730,0.5,262982,131415,reused
663,continuous_hits,20260730,0.5,263060,131135,reused
664,continuous_hits,20260730,0.5,264397,132370,reused
665,continuous_hits,20260730,0.5,262703,131116,reused
666,continuous_hits,20260730,0.5,262345,130961,reused
667,continuous_hits,20260730,0.5,263437,132154,reused
668,continuous_hits,20260730,0.5,264126,132124,reused
669,continuous_hits,20260730,0.5,263468,131832,reused
670,continuous_hits,20260730,0.5,263320,131844,reused
671,continuous_hits,20260730,0.5,263276,131595,reused
672,continuous_hits,20260730,0.5,262796,131330,reused
673,continuous_hits,20260730,0.5,263617,131944,reused
674,continuous_hits,20260730,0.5,262373,131181,reused
675,continuous_hits,20260730,0.5,263440,131910,reused
676,continuous_hits,20260730,0.5,263483,131793,reused
677,continuous_hits,20260730,0.5,263567,131427,reused
678,continuous_hits,20260730,0.5,263700,132132,reused
679,continuous_hits,20260730,0.5,263737,131974,reused
680,continuous_hits,20260730,0.5,262944,131181,reused
681,continuous_hits,20260730,0.5,263462,132071,reused
682,continuous_hits,20260730,0.5,263238,131304,reused
683,continuous_hits,20260730,0.5,264113,131748,reused
684,continuous_hits,20260730,0.5,264271,131882,reused
685,continuous_hits,20260730,0.5,263706,131807,reused
686,continuous_hits,20260730,0.5,263241,131674,reused
687,continuous_hits,20260730,0.5,262606,131458,reused
688,continuous_hits,20260730,0.5,262329,131142,reused
689,continuous_hits,20260730,0.5,263145,131462,reused
690,continuous_hits,20260730,0.5,263469,132008,reused
691,continuous_hits,20260730,0.5,263142,131575,reused
692,continuous_hits,20260730,0.5,263890,132008,reused
693,continuous_hits,20260730,0.5,263188,131177,reused
694,continuous_hits,20260730,0.5,263903,132263,reused
695,continuous_hits,20260730,0.5,264646,131893,reused
696,continuous_hits,20260730,0.5,263624,131989,reused
697,continuous_hits,20260730,0.5,263677,131671,reused
698,continuous_hits,20260730,0.5,262647,130864,reused
699,continuous_hits,20260730,0.5,262970,131618,reused
700,continuous_hits,20260730,0.5,263666,132228,reused
701,continuous_hits,20260730,0.5,264206,131848,reused
702,continuous_hits,20260730,0.5,263834,131516,reused
703,continuous_hits,20260730,0.5,263435,131385,reused
704,continuous_hits,20260730,0.5,263258,131669,reused
705,continuous_hits,20260730,0.5,264473,132228,reused
706,continuous_hits,20260730,0.5,263765,131985,reused
707,continuous_hits,20260730,0.5,264078,131794,reused
708,continuous_hits,20260730,0.5,262736,131595,reused
709,continuous_hits,20260730,0.5,263288,132306,reused
710,continuous_hits,20260730,0.5,262980,131307,reused
711,continuous_hits,20260730,0.5,263644,131895,reused
712,continuous_hits,20260730,0.5,264007,132085,reused
713,continuous_hits,20260730,0.5,264062,131954,reused
714,continuous_hits,20260730,0.5,263499,132185,reused
715,continuous_hits,20260730,0.5,263799,131974,reused
716,continuous_hits,20260730,0.5,264233,132037,reused
717,continuous_hits,20260730,0.5,263166,131373,reused
718,continuous_hits,20260730,0.5,263118,131513,reused
719,continuous_hits,20260730,0.5,263408,131545,reused
0,continuous_hits,20260730,0.25,263454,65465,reused
1,continuous_hits,20260730,0.25,263049,65982,reused
2,continuous_hits,20260730,0.25,263036,65697,reused
3,continuous_hits,20260730,0.25,263252,65702,reused
4,continuous_hits,20260730,0.25,263901,66029,reused
5,continuous_hits,20260730,0.25,262606,65700,reused
6,continuous_hits,20260730,0.25,263570,65671,reused
7,continuous_hits,20260730,0.25,263357,66098,reused
8,continuous_hits,20260730,0.25,263362,65725,reused
9,continuous_hits,20260730,0.25,263199,65700,reused
10,continuous_hits,20260730,0.25,263077,65524,reused
11,continuous_hits,20260730,0.25,262706,65756,reused
12,continuous_hits,20260730,0.25,263599,65828,reused
13,continuous_hits,20260730,0.25,263848,65971,reused
14,continuous_hits,20260730,0.25,262778,65867,reused
15,continuous_hits,20260730,0.25,263586,65832,reused
16,continuous_hits,20260730,0.25,263909,65936,reused
17,continuous_hits,20260730,0.25,264791,65847,reused
18,continuous_hits,20260730,0.25,263728,65817,reused
19,continuous_hits,20260730,0.25,264286,66317,reused
20,continuous_hits,20260730,0.25,262933,65771,reused
21,continuous_hits,20260730,0.25,265454,66219,reused
22,continuous_hits,20260730,0.25,263952,65867,reused
23,continuous_hits,20260730,0.25,263876,65721,reused
24,continuous_hits,20260730,0.25,264521,66078,reused
25,continuous_hits,20260730,0.25,263957,66126,reused
26,continuous_hits,20260730,0.25,263554,66085,reused
27,continuous_hits,20260730,0.25,263312,65985,reused
28,continuous_hits,20260730,0.25,262874,66403,reused
29,continuous_hits,20260730,0.25,263491,65763,reused
30,continuous_hits,20260730,0.25,264080,65827,reused
31,continuous_hits,20260730,0.25,263619,66031,reused
32,continuous_hits,20260730,0.25,263685,65710,reused
33,continuous_hits,20260730,0.25,262980,65640,reused
34,continuous_hits,20260730,0.25,264389,66106,reused
35,continuous_hits,20260730,0.25,263589,65612,reused
36,continuous_hits,20260730,0.25,264349,65873,reused
37,continuous_hits,20260730,0.25,264215,66372,reused
38,continuous_hits,20260730,0.25,263605,66048,reused
39,continuous_hits,20260730,0.25,263856,65879,reused
40,continuous_hits,20260730,0.25,263614,65708,reused
41,continuous_hits,20260730,0.25,263320,65847,reused
42,continuous_hits,20260730,0.25,264993,66546,reused
43,continuous_hits,20260730,0.25,263606,65493,reused
44,continuous_hits,20260730,0.25,264657,66065,reused
45,continuous_hits,20260730,0.25,262749,65404,reused
46,continuous_hits,20260730,0.25,264809,66551,reused
47,continuous_hits,20260730,0.25,262944,65578,reused
48,continuous_hits,20260730,0.25,263566,65713,reused
49,continuous_hits,20260730,0.25,262948,65644,reused
50,continuous_hits,20260730,0.25,262098,65650,reused
51,continuous_hits,20260730,0.25,264183,66059,reused
52,continuous_hits,20260730,0.25,263225,65476,reused
53,continuous_hits,20260730,0.25,263386,65997,reused
54,continuous_hits,20260730,0.25,263039,66026,reused
55,continuous_hits,20260730,0.25,263293,65913,reused
56,continuous_hits,20260730,0.25,264122,65775,reused
57,continuous_hits,20260730,0.25,263658,65934,reused
58,continuous_hits,20260730,0.25,264289,66193,reused
59,continuous_hits,20260730,0.25,263154,65597,reused
60,continuous_hits,20260730,0.25,264074,66181,reused
61,continuous_hits,20260730,0.25,263384,66085,reused
62,continuous_hits,20260730,0.25,263158,65937,reused
63,continuous_hits,20260730,0.25,263522,65747,reused
64,continuous_hits,20260730,0.25,263836,66299,reused
65,continuous_hits,20260730,0.25,263247,65735,reused
66,continuous_hits,20260730,0.25,263090,66047,reused
67,continuous_hits,20260730,0.25,263508,65455,reused
68,continuous_hits,20260730,0.25,264054,66019,reused
69,continuous_hits,20260730,0.25,264220,66380,reused
70,continuous_hits,20260730,0.25,263786,66284,reused
71,continuous_hits,20260730,0.25,262362,65450,reused
72,continuous_hits,20260730,0.25,262737,65518,reused
73,continuous_hits,20260730,0.25,262636,65470,reused
74,continuous_hits,20260730,0.25,263667,66085,reused
75,continuous_hits,20260730,0.25,263549,65975,reused
76,continuous_hits,20260730,0.25,263702,66236,reused
77,continuous_hits,20260730,0.25,263764,65921,reused
78,continuous_hits,20260730,0.25,263257,65779,reused
79,continuous_hits,20260730,0.25,264214,65987,reused
80,continuous_hits,20260730,0.25,263193,65853,reused
81,continuous_hits,20260730,0.25,263466,65618,reused
82,continuous_hits,20260730,0.25,263897,66062,reused
83,continuous_hits,20260730,0.25,264004,65800,reused
84,continuous_hits,20260730,0.25,263866,65895,reused
85,continuous_hits,20260730,0.25,263344,66159,reused
86,continuous_hits,20260730,0.25,263786,66199,reused
87,continuous_hits,20260730,0.25,264088,66172,reused
88,continuous_hits,20260730,0.25,263733,66010,reused
89,continuous_hits,20260730,0.25,264161,66022,reused
90,continuous_hits,20260730,0.25,263451,66014,reused
91,continuous_hits,20260730,0.25,262744,65756,reused
92,continuous_hits,20260730,0.25,263728,65730,reused
93,continuous_hits,20260730,0.25,264277,66296,reused
94,continuous_hits,20260730,0.25,264089,65705,reused
95,continuous_hits,20260730,0.25,263730,66460,reused
96,continuous_hits,20260730,0.25,262657,65127,reused
97,continuous_hits,20260730,0.25,264114,66326,reused
98,continuous_hits,20260730,0.25,263528,65932,reused
99,continuous_hits,20260730,0.25,263662,66220,reused
100,continuous_hits,20260730,0.25,263316,65813,reused
101,continuous_hits,20260730,0.25,264036,65987,reused
102,continuous_hits,20260730,0.25,262538,65565,reused
103,continuous_hits,20260730,0.25,264189,66484,reused
104,continuous_hits,20260730,0.25,263389,66025,reused
105,continuous_hits,20260730,0.25,263732,66020,reused
106,continuous_hits,20260730,0.25,264903,66210,reused
107,continuous_hits,20260730,0.25,264246,65837,reused
108,continuous_hits,20260730,0.25,263785,65771,reused
109,continuous_hits,20260730,0.25,263981,66312,reused
110,continuous_hits,20260730,0.25,263551,66210,reused
111,continuous_hits,20260730,0.25,263651,65595,reused
112,continuous_hits,20260730,0.25,263289,66008,reused
113,continuous_hits,20260730,0.25,263745,65733,reused
114,continuous_hits,20260730,0.25,263095,65574,reused
115,continuous_hits,20260730,0.25,262664,65731,reused
116,continuous_hits,20260730,0.25,264392,66177,reused
117,continuous_hits,20260730,0.25,263899,65988,reused
118,continuous_hits,20260730,0.25,264455,65501,reused
119,continuous_hits,20260730,0.25,263840,66159,reused
120,continuous_hits,20260730,0.25,263348,65775,reused
121,continuous_hits,20260730,0.25,262608,65636,reused
122,continuous_hits,20260730,0.25,263675,65767,reused
123,continuous_hits,20260730,0.25,263123,65539,reused
124,continuous_hits,20260730,0.25,264261,66230,reused
125,continuous_hits,20260730,0.25,263371,66176,reused
126,continuous_hits,20260730,0.25,263250,65824,reused
127,continuous_hits,20260730,0.25,263276,65796,reused
128,continuous_hits,20260730,0.25,262908,65894,reused
129,continuous_hits,20260730,0.25,262988,66140,reused
130,continuous_hits,20260730,0.25,263216,65816,reused
131,continuous_hits,20260730,0.25,263746,65794,reused
132,continuous_hits,20260730,0.25,263118,66228,reused
133,continuous_hits,20260730,0.25,262891,65755,reused
134,continuous_hits,20260730,0.25,263825,66132,reused
135,continuous_hits,20260730,0.25,263955,66217,reused
136,continuous_hits,20260730,0.25,263865,65664,reused
137,continuous_hits,20260730,0.25,262463,65628,reused
138,continuous_hits,20260730,0.25,263638,66056,reused
139,continuous_hits,20260730,0.25,263914,66139,reused
140,continuous_hits,20260730,0.25,264100,66020,reused
141,continuous_hits,20260730,0.25,263426,65480,reused
142,continuous_hits,20260730,0.25,262556,65540,reused
143,continuous_hits,20260730,0.25,263219,65645,reused
144,continuous_hits,20260730,0.25,263124,65524,reused
145,continuous_hits,20260730,0.25,262870,65954,reused
146,continuous_hits,20260730,0.25,263713,65654,reused
147,continuous_hits,20260730,0.25,263446,65450,reused
148,continuous_hits,20260730,0.25,263696,65985,reused
149,continuous_hits,20260730,0.25,263524,66390,reused
150,continuous_hits,20260730,0.25,263115,65834,reused
151,continuous_hits,20260730,0.25,263712,65809,reused
152,continuous_hits,20260730,0.25,263895,65845,reused
153,continuous_hits,20260730,0.25,264396,65991,reused
154,continuous_hits,20260730,0.25,263016,65718,reused
155,continuous_hits,20260730,0.25,263258,66112,reused
156,continuous_hits,20260730,0.25,263051,66069,reused
157,continuous_hits,20260730,0.25,263300,65652,reused
158,continuous_hits,20260730,0.25,263221,65911,reused
159,continuous_hits,20260730,0.25,264002,65774,reused
160,continuous_hits,20260730,0.25,263945,65772,reused
161,continuous_hits,20260730,0.25,264205,65913,reused
162,continuous_hits,20260730,0.25,262799,65388,reused
163,continuous_hits,20260730,0.25,264053,66278,reused
164,continuous_hits,20260730,0.25,263719,65911,reused
165,continuous_hits,20260730,0.25,263742,65984,reused
166,continuous_hits,20260730,0.25,263430,66165,reused
167,continuous_hits,20260730,0.25,263898,66276,reused
168,continuous_hits,20260730,0.25,264127,66108,reused
169,continuous_hits,20260730,0.25,263015,65620,reused
170,continuous_hits,20260730,0.25,263993,66004,reused
171,continuous_hits,20260730,0.25,263623,65954,reused
172,continuous_hits,20260730,0.25,263722,65872,reused
173,continuous_hits,20260730,0.25,263468,66363,reused
174,continuous_hits,20260730,0.25,263642,66060,reused
175,continuous_hits,20260730,0.25,263746,65750,reused
176,continuous_hits,20260730,0.25,264031,65764,reused
177,continuous_hits,20260730,0.25,263403,66016,reused
178,continuous_hits,20260730,0.25,263044,65618,reused
179,continuous_hits,20260730,0.25,264360,65784,reused
180,continuous_hits,20260730,0.25,263371,66055,reused
181,continuous_hits,20260730,0.25,263289,65762,reused
182,continuous_hits,20260730,0.25,263845,65901,reused
183,continuous_hits,20260730,0.25,262931,65526,reused
184,continuous_hits,20260730,0.25,263786,65994,reused
185,continuous_hits,20260730,0.25,263641,65623,reused
186,continuous_hits,20260730,0.25,263258,65646,reused
187,continuous_hits,20260730,0.25,262925,65752,reused
188,continuous_hits,20260730,0.25,263707,66208,reused
189,continuous_hits,20260730,0.25,263826,65809,reused
190,continuous_hits,20260730,0.25,263825,66132,reused
191,continuous_hits,20260730,0.25,262966,65799,reused
192,continuous_hits,20260730,0.25,263317,65911,reused
193,continuous_hits,20260730,0.25,263243,65452,reused
194,continuous_hits,20260730,0.25,263736,66192,reused
195,continuous_hits,20260730,0.25,264335,66486,reused
196,continuous_hits,20260730,0.25,264360,65881,reused
197,continuous_hits,20260730,0.25,263533,65994,reused
198,continuous_hits,20260730,0.25,263252,65368,reused
199,continuous_hits,20260730,0.25,262763,65216,reused
200,continuous_hits,20260730,0.25,263500,65838,reused
201,continuous_hits,20260730,0.25,262515,65909,reused
202,continuous_hits,20260730,0.25,263726,65905,reused
203,continuous_hits,20260730,0.25,263262,65774,reused
204,continuous_hits,20260730,0.25,263578,65842,reused
205,continuous_hits,20260730,0.25,262571,65726,reused
206,continuous_hits,20260730,0.25,263046,65704,reused
207,continuous_hits,20260730,0.25,264247,65889,reused
208,continuous_hits,20260730,0.25,262420,65745,reused
209,continuous_hits,20260730,0.25,263902,66166,reused
210,continuous_hits,20260730,0.25,263630,65836,reused
211,continuous_hits,20260730,0.25,264138,65793,reused
212,continuous_hits,20260730,0.25,263205,65791,reused
213,continuous_hits,20260730,0.25,263111,65649,reused
214,continuous_hits,20260730,0.25,263143,65837,reused
215,continuous_hits,20260730,0.25,263362,65823,reused
216,continuous_hits,20260730,0.25,263066,65610,reused
217,continuous_hits,20260730,0.25,264012,65782,reused
218,continuous_hits,20260730,0.25,263987,65864,reused
219,continuous_hits,20260730,0.25,262879,65485,reused
220,continuous_hits,20260730,0.25,263680,65891,reused
221,continuous_hits,20260730,0.25,263246,65839,reused
222,continuous_hits,20260730,0.25,263503,65728,reused
223,continuous_hits,20260730,0.25,263567,65592,reused
224,continuous_hits,20260730,0.25,263744,65813,reused
225,continuous_hits,20260730,0.25,263007,65630,reused
226,continuous_hits,20260730,0.25,263423,65742,reused
227,continuous_hits,20260730,0.25,264601,65865,reused
228,continuous_hits,20260730,0.25,264031,66169,reused
229,continuous_hits,20260730,0.25,263508,65629,reused
230,continuous_hits,20260730,0.25,263130,65651,reused
231,continuous_hits,20260730,0.25,263656,65881,reused
232,continuous_hits,20260730,0.25,264702,66242,reused
233,continuous_hits,20260730,0.25,264032,65584,reused
234,continuous_hits,20260730,0.25,263465,66194,reused
235,continuous_hits,20260730,0.25,264035,66124,reused
236,continuous_hits,20260730,0.25,262572,65713,reused
237,continuous_hits,20260730,0.25,263984,65999,reused
238,continuous_hits,20260730,0.25,262788,65700,reused
239,continuous_hits,20260730,0.25,263323,65648,reused
240,continuous_hits,20260730,0.25,264108,65934,reused
241,continuous_hits,20260730,0.25,263609,66116,reused
242,continuous_hits,20260730,0.25,263626,65544,reused
243,continuous_hits,20260730,0.25,263186,65980,reused
244,continuous_hits,20260730,0.25,264036,66158,reused
245,continuous_hits,20260730,0.25,263922,65670,reused
246,continuous_hits,20260730,0.25,263874,66284,reused
247,continuous_hits,20260730,0.25,263304,65919,reused
248,continuous_hits,20260730,0.25,263005,66116,reused
249,continuous_hits,20260730,0.25,262758,65710,reused
250,continuous_hits,20260730,0.25,264169,65808,reused
251,continuous_hits,20260730,0.25,263715,66003,reused
252,continuous_hits,20260730,0.25,264554,65999,reused
253,continuous_hits,20260730,0.25,263974,65666,reused
254,continuous_hits,20260730,0.25,264471,65858,reused
255,continuous_hits,20260730,0.25,263085,65675,reused
256,continuous_hits,20260730,0.25,263438,65944,reused
257,continuous_hits,20260730,0.25,263196,66272,reused
258,continuous_hits,20260730,0.25,263336,65954,reused
259,continuous_hits,20260730,0.25,263838,66178,reused
260,continuous_hits,20260730,0.25,264257,66115,reused
261,continuous_hits,20260730,0.25,264030,66353,reused
262,continuous_hits,20260730,0.25,263499,65618,reused
263,continuous_hits,20260730,0.25,263823,66175,reused
264,continuous_hits,20260730,0.25,264032,65938,reused
265,continuous_hits,20260730,0.25,263473,66159,reused
266,continuous_hits,20260730,0.25,263255,65624,reused
267,continuous_hits,20260730,0.25,263279,65691,reused
268,continuous_hits,20260730,0.25,264578,65947,reused
269,continuous_hits,20260730,0.25,263429,66212,reused
270,continuous_hits,20260730,0.25,262625,65839,reused
271,continuous_hits,20260730,0.25,264175,65893,reused
272,continuous_hits,20260730,0.25,263786,66734,reused
273,continuous_hits,20260730,0.25,262648,65613,reused
274,continuous_hits,20260730,0.25,264189,66061,reused
275,continuous_hits,20260730,0.25,263208,65860,reused
276,continuous_hits,20260730,0.25,263294,65851,reused
277,continuous_hits,20260730,0.25,263223,65610,reused
278,continuous_hits,20260730,0.25,263334,65968,reused
279,continuous_hits,20260730,0.25,263172,65489,reused
280,continuous_hits,20260730,0.25,263270,65845,reused
281,continuous_hits,20260730,0.25,263836,66082,reused
282,continuous_hits,20260730,0.25,263598,65938,reused
283,continuous_hits,20260730,0.25,263224,65589,reused
284,continuous_hits,20260730,0.25,264035,66282,reused
285,continuous_hits,20260730,0.25,263610,65872,reused
286,continuous_hits,20260730,0.25,263425,65592,reused
287,continuous_hits,20260730,0.25,262749,65595,reused
288,continuous_hits,20260730,0.25,263522,65588,reused
289,continuous_hits,20260730,0.25,264453,65991,reused
290,continuous_hits,20260730,0.25,263460,65755,reused
291,continuous_hits,20260730,0.25,263647,65828,reused
292,continuous_hits,20260730,0.25,262394,65219,reused
293,continuous_hits,20260730,0.25,262989,65802,reused
294,continuous_hits,20260730,0.25,263725,66026,reused
295,continuous_hits,20260730,0.25,263415,65854,reused
296,continuous_hits,20260730,0.25,264073,66286,reused
297,continuous_hits,20260730,0.25,264052,65738,reused
298,continuous_hits,20260730,0.25,262669,65452,reused
299,continuous_hits,20260730,0.25,263871,65914,reused
300,continuous_hits,20260730,0.25,262311,65341,reused
301,continuous_hits,20260730,0.25,263183,65271,reused
302,continuous_hits,20260730,0.25,264023,66045,reused
303,continuous_hits,20260730,0.25,263562,66008,reused
304,continuous_hits,20260730,0.25,264514,65785,reused
305,continuous_hits,20260730,0.25,264369,66582,reused
306,continuous_hits,20260730,0.25,263018,65684,reused
307,continuous_hits,20260730,0.25,263548,65843,reused
308,continuous_hits,20260730,0.25,263238,65581,reused
309,continuous_hits,20260730,0.25,263096,65336,reused
310,continuous_hits,20260730,0.25,262970,65546,reused
311,continuous_hits,20260730,0.25,264505,66224,reused
312,continuous_hits,20260730,0.25,264182,66333,reused
313,continuous_hits,20260730,0.25,263167,65553,reused
314,continuous_hits,20260730,0.25,263704,65895,reused
315,continuous_hits,20260730,0.25,263317,65736,reused
316,continuous_hits,20260730,0.25,263491,65695,reused
317,continuous_hits,20260730,0.25,263142,66035,reused
318,continuous_hits,20260730,0.25,263428,65709,reused
319,continuous_hits,20260730,0.25,264653,66331,reused
320,continuous_hits,20260730,0.25,263417,65949,reused
321,continuous_hits,20260730,0.25,263605,66128,reused
322,continuous_hits,20260730,0.25,264113,66070,reused
323,continuous_hits,20260730,0.25,263103,65870,reused
324,continuous_hits,20260730,0.25,263348,65871,reused
325,continuous_hits,20260730,0.25,263873,65846,reused
326,continuous_hits,20260730,0.25,263622,65778,reused
327,continuous_hits,20260730,0.25,263940,65870,reused
328,continuous_hits,20260730,0.25,264007,65732,reused
329,continuous_hits,20260730,0.25,264076,65928,reused
330,continuous_hits,20260730,0.25,263588,66080,reused
331,continuous_hits,20260730,0.25,264600,65985,reused
332,continuous_hits,20260730,0.25,263383,66108,reused
333,continuous_hits,20260730,0.25,264545,65883,reused
334,continuous_hits,20260730,0.25,263716,66383,reused
335,continuous_hits,20260730,0.25,263496,65921,reused
336,continuous_hits,20260730,0.25,264335,65879,reused
337,continuous_hits,20260730,0.25,263868,65914,reused
338,continuous_hits,20260730,0.25,263427,65704,reused
339,continuous_hits,20260730,0.25,263574,65855,reused
340,continuous_hits,20260730,0.25,264024,66118,reused
341,continuous_hits,20260730,0.25,263322,66178,reused
342,continuous_hits,20260730,0.25,263862,65747,reused
343,continuous_hits,20260730,0.25,263742,65934,reused
344,continuous_hits,20260730,0.25,263011,65808,reused
345,continuous_hits,20260730,0.25,264021,65889,reused
346,continuous_hits,20260730,0.25,263954,66082,reused
347,continuous_hits,20260730,0.25,263405,65814,reused
348,continuous_hits,20260730,0.25,264075,65758,reused
349,continuous_hits,20260730,0.25,262868,65649,reused
350,continuous_hits,20260730,0.25,263482,65920,reused
351,continuous_hits,20260730,0.25,264125,66082,reused
352,continuous_hits,20260730,0.25,263660,65894,reused
353,continuous_hits,20260730,0.25,263853,66060,reused
354,continuous_hits,20260730,0.25,263984,65866,reused
355,continuous_hits,20260730,0.25,263306,65704,reused
356,continuous_hits,20260730,0.25,263816,66132,reused
357,continuous_hits,20260730,0.25,263549,65959,reused
358,continuous_hits,20260730,0.25,262967,65581,reused
359,continuous_hits,20260730,0.25,262196,65479,reused
360,continuous_hits,20260730,0.25,263797,66251,reused
361,continuous_hits,20260730,0.25,263286,65731,reused
362,continuous_hits,20260730,0.25,263465,65776,reused
363,continuous_hits,20260730,0.25,263638,65599,reused
364,continuous_hits,20260730,0.25,263092,66115,reused
365,continuous_hits,20260730,0.25,263073,65826,reused
366,continuous_hits,20260730,0.25,263232,65624,reused
367,continuous_hits,20260730,0.25,263745,65832,reused
368,continuous_hits,20260730,0.25,263684,65595,reused
369,continuous_hits,20260730,0.25,263958,65946,reused
370,continuous_hits,20260730,0.25,264563,66007,reused
371,continuous_hits,20260730,0.25,263918,66099,reused
372,continuous_hits,20260730,0.25,263800,65968,reused
373,continuous_hits,20260730,0.25,263300,65971,reused
374,continuous_hits,20260730,0.25,263182,65781,reused
375,continuous_hits,20260730,0.25,264167,66076,reused
376,continuous_hits,20260730,0.25,263980,66101,reused
377,continuous_hits,20260730,0.25,263484,65971,reused
378,continuous_hits,20260730,0.25,263691,65982,reused
379,continuous_hits,20260730,0.25,263328,65939,reused
380,continuous_hits,20260730,0.25,263603,65574,reused
381,continuous_hits,20260730,0.25,263524,65653,reused
382,continuous_hits,20260730,0.25,264436,65872,reused
383,continuous_hits,20260730,0.25,263634,66453,reused
384,continuous_hits,20260730,0.25,263305,65552,reused
385,continuous_hits,20260730,0.25,263354,65394,reused
386,continuous_hits,20260730,0.25,263777,66119,reused
387,continuous_hits,20260730,0.25,264011,65753,reused
388,continuous_hits,20260730,0.25,262882,65576,reused
389,continuous_hits,20260730,0.25,263396,65751,reused
390,continuous_hits,20260730,0.25,263019,65986,reused
391,continuous_hits,20260730,0.25,263312,65547,reused
392,continuous_hits,20260730,0.25,263392,65818,reused
393,continuous_hits,20260730,0.25,262460,65771,reused
394,continuous_hits,20260730,0.25,264731,66089,reused
395,continuous_hits,20260730,0.25,263677,66009,reused
396,continuous_hits,20260730,0.25,263577,65789,reused
397,continuous_hits,20260730,0.25,263184,65697,reused
398,continuous_hits,20260730,0.25,264375,66195,reused
399,continuous_hits,20260730,0.25,263179,66005,reused
400,continuous_hits,20260730,0.25,263387,65584,reused
401,continuous_hits,20260730,0.25,263878,65871,reused
402,continuous_hits,20260730,0.25,263856,65902,reused
403,continuous_hits,20260730,0.25,263506,65508,reused
404,continuous_hits,20260730,0.25,263508,65332,reused
405,continuous_hits,20260730,0.25,262919,65474,reused
406,continuous_hits,20260730,0.25,263377,65405,reused
407,continuous_hits,20260730,0.25,263400,66017,reused
408,continuous_hits,20260730,0.25,262452,65547,reused
409,continuous_hits,20260730,0.25,262874,65531,reused
410,continuous_hits,20260730,0.25,263780,65788,reused
411,continuous_hits,20260730,0.25,263567,65807,reused
412,continuous_hits,20260730,0.25,263857,65936,reused
413,continuous_hits,20260730,0.25,263294,66114,reused
414,continuous_hits,20260730,0.25,263668,65660,reused
415,continuous_hits,20260730,0.25,263590,65802,reused
416,continuous_hits,20260730,0.25,263924,65953,reused
417,continuous_hits,20260730,0.25,263633,65600,reused
418,continuous_hits,20260730,0.25,264251,66308,reused
419,continuous_hits,20260730,0.25,263716,66135,reused
420,continuous_hits,20260730,0.25,263073,65592,reused
421,continuous_hits,20260730,0.25,263300,65997,reused
422,continuous_hits,20260730,0.25,263799,65705,reused
423,continuous_hits,20260730,0.25,263598,66448,reused
424,continuous_hits,20260730,0.25,262584,65720,reused
425,continuous_hits,20260730,0.25,263939,66302,reused
426,continuous_hits,20260730,0.25,263427,65695,reused
427,continuous_hits,20260730,0.25,264119,65973,reused
428,continuous_hits,20260730,0.25,262766,65896,reused
429,continuous_hits,20260730,0.25,263948,65770,reused
430,continuous_hits,20260730,0.25,264609,66300,reused
431,continuous_hits,20260730,0.25,263658,65475,reused
432,continuous_hits,20260730,0.25,263063,65724,reused
433,continuous_hits,20260730,0.25,263532,65762,reused
434,continuous_hits,20260730,0.25,263332,65882,reused
435,continuous_hits,20260730,0.25,263902,66098,reused
436,continuous_hits,20260730,0.25,263551,66241,reused
437,continuous_hits,20260730,0.25,263847,65555,reused
438,continuous_hits,20260730,0.25,263497,66059,reused
439,continuous_hits,20260730,0.25,263633,65566,reused
440,continuous_hits,20260730,0.25,264333,66076,reused
441,continuous_hits,20260730,0.25,264348,65981,reused
442,continuous_hits,20260730,0.25,262894,65487,reused
443,continuous_hits,20260730,0.25,262731,65981,reused
444,continuous_hits,20260730,0.25,262660,65473,reused
445,continuous_hits,20260730,0.25,263497,65865,reused
446,continuous_hits,20260730,0.25,262288,65627,reused
447,continuous_hits,20260730,0.25,263197,65880,reused
448,continuous_hits,20260730,0.25,263444,66148,reused
449,continuous_hits,20260730,0.25,263217,65989,reused
450,continuous_hits,20260730,0.25,264960,66145,reused
451,continuous_hits,20260730,0.25,263715,66075,reused
452,continuous_hits,20260730,0.25,263942,66155,reused
453,continuous_hits,20260730,0.25,264518,66334,reused
454,continuous_hits,20260730,0.25,263856,66213,reused
455,continuous_hits,20260730,0.25,263379,65988,reused
456,continuous_hits,20260730,0.25,263950,65742,reused
457,continuous_hits,20260730,0.25,262902,66067,reused
458,continuous_hits,20260730,0.25,264056,65930,reused
459,continuous_hits,20260730,0.25,262776,65370,reused
460,continuous_hits,20260730,0.25,262624,65481,reused
461,continuous_hits,20260730,0.25,263502,65826,reused
462,continuous_hits,20260730,0.25,263208,65646,reused
463,continuous_hits,20260730,0.25,263612,65887,reused
464,continuous_hits,20260730,0.25,263446,66089,reused
465,continuous_hits,20260730,0.25,264284,66649,reused
466,continuous_hits,20260730,0.25,263301,65924,reused
467,continuous_hits,20260730,0.25,262541,65733,reused
468,continuous_hits,20260730,0.25,264215,66455,reused
469,continuous_hits,20260730,0.25,263359,65745,reused
470,continuous_hits,20260730,0.25,263460,65905,reused
471,continuous_hits,20260730,0.25,263905,65875,reused
472,continuous_hits,20260730,0.25,263883,65820,reused
473,continuous_hits,20260730,0.25,263936,66569,reused
474,continuous_hits,20260730,0.25,262461,65603,reused
475,continuous_hits,20260730,0.25,262615,65208,reused
476,continuous_hits,20260730,0.25,263159,65750,reused
477,continuous_hits,20260730,0.25,263899,65899,reused
478,continuous_hits,20260730,0.25,263424,65894,reused
479,continuous_hits,20260730,0.25,263873,65677,reused
480,continuous_hits,20260730,0.25,263599,65711,reused
481,continuous_hits,20260730,0.25,264318,65965,reused
482,continuous_hits,20260730,0.25,264250,66028,reused
483,continuous_hits,20260730,0.25,262932,65694,reused
484,continuous_hits,20260730,0.25,263790,65993,reused
485,continuous_hits,20260730,0.25,262983,66260,reused
486,continuous_hits,20260730,0.25,263859,65882,reused
487,continuous_hits,20260730,0.25,263347,65776,reused
488,continuous_hits,20260730,0.25,264100,66168,reused
489,continuous_hits,20260730,0.25,263468,65815,reused
490,continuous_hits,20260730,0.25,263424,65629,reused
491,continuous_hits,20260730,0.25,263084,65896,reused
492,continuous_hits,20260730,0.25,262937,65777,reused
493,continuous_hits,20260730,0.25,263020,66029,reused
494,continuous_hits,20260730,0.25,263056,65651,reused
495,continuous_hits,20260730,0.25,264396,66228,reused
496,continuous_hits,20260730,0.25,262672,65576,reused
497,continuous_hits,20260730,0.25,263366,66076,reused
498,continuous_hits,20260730,0.25,263551,65827,reused
499,continuous_hits,20260730,0.25,263197,65652,reused
500,continuous_hits,20260730,0.25,263752,65878,reused
501,continuous_hits,20260730,0.25,263229,65611,reused
502,continuous_hits,20260730,0.25,264944,66219,reused
503,continuous_hits,20260730,0.25,263565,65714,reused
504,continuous_hits,20260730,0.25,263861,66372,reused
505,continuous_hits,20260730,0.25,262436,65491,reused
506,continuous_hits,20260730,0.25,263457,65765,reused
507,continuous_hits,20260730,0.25,264194,66231,reused
508,continuous_hits,20260730,0.25,264440,66092,reused
509,continuous_hits,20260730,0.25,262864,65375,reused
510,continuous_hits,20260730,0.25,264253,66250,reused
511,continuous_hits,20260730,0.25,263186,65900,reused
512,continuous_hits,20260730,0.25,263395,65875,reused
513,continuous_hits,20260730,0.25,263713,65862,reused
514,continuous_hits,20260730,0.25,263019,65708,reused
515,continuous_hits,20260730,0.25,262866,65856,reused
516,continuous_hits,20260730,0.25,263571,65640,reused
517,continuous_hits,20260730,0.25,263989,65954,reused
518,continuous_hits,20260730,0.25,263092,66057,reused
519,continuous_hits,20260730,0.25,262906,65883,reused
520,continuous_hits,20260730,0.25,263509,65718,reused
521,continuous_hits,20260730,0.25,263152,65630,reused
522,continuous_hits,20260730,0.25,263095,65885,reused
523,continuous_hits,20260730,0.25,263373,65559,reused
524,continuous_hits,20260730,0.25,263257,65977,reused
525,continuous_hits,20260730,0.25,263370,65770,reused
526,continuous_hits,20260730,0.25,263929,65865,reused
527,continuous_hits,20260730,0.25,263506,65845,reused
528,continuous_hits,20260730,0.25,263195,65704,reused
529,continuous_hits,20260730,0.25,263553,66102,reused
530,continuous_hits,20260730,0.25,264154,66457,reused
531,continuous_hits,20260730,0.25,264075,66136,reused
532,continuous_hits,20260730,0.25,263816,65906,reused
533,continuous_hits,20260730,0.25,263290,65710,reused
534,continuous_hits,20260730,0.25,263183,65759,reused
535,continuous_hits,20260730,0.25,263924,66008,reused
536,continuous_hits,20260730,0.25,264303,66006,reused
537,continuous_hits,20260730,0.25,263311,65479,reused
538,continuous_hits,20260730,0.25,263268,65815,reused
539,continuous_hits,20260730,0.25,263112,66426,reused
540,continuous_hits,20260730,0.25,262738,65701,reused
541,continuous_hits,20260730,0.25,262720,65635,reused
542,continuous_hits,20260730,0.25,262878,65235,reused
543,continuous_hits,20260730,0.25,263817,65652,reused
544,continuous_hits,20260730,0.25,263603,65705,reused
545,continuous_hits,20260730,0.25,264065,66311,reused
546,continuous_hits,20260730,0.25,264263,66034,reused
547,continuous_hits,20260730,0.25,264207,66241,reused
548,continuous_hits,20260730,0.25,263221,65599,reused
549,continuous_hits,20260730,0.25,264285,66032,reused
550,continuous_hits,20260730,0.25,263677,66253,reused
551,continuous_hits,20260730,0.25,263264,65893,reused
552,continuous_hits,20260730,0.25,263890,65542,reused
553,continuous_hits,20260730,0.25,264254,65961,reused
554,continuous_hits,20260730,0.25,262298,65037,reused
555,continuous_hits,20260730,0.25,263136,65911,reused
556,continuous_hits,20260730,0.25,263031,65710,reused
557,continuous_hits,20260730,0.25,263642,65640,reused
558,continuous_hits,20260730,0.25,262992,65427,reused
559,continuous_hits,20260730,0.25,263022,65889,reused
560,continuous_hits,20260730,0.25,264356,66639,reused
561,continuous_hits,20260730,0.25,264623,66557,reused
562,continuous_hits,20260730,0.25,262578,65757,reused
563,continuous_hits,20260730,0.25,263557,66177,reused
564,continuous_hits,20260730,0.25,262986,65550,reused
565,continuous_hits,20260730,0.25,263480,66033,reused
566,continuous_hits,20260730,0.25,263097,65533,reused
567,continuous_hits,20260730,0.25,264769,66030,reused
568,continuous_hits,20260730,0.25,263616,66173,reused
569,continuous_hits,20260730,0.25,263007,65422,reused
570,continuous_hits,20260730,0.25,263190,65770,reused
571,continuous_hits,20260730,0.25,264130,65723,reused
572,continuous_hits,20260730,0.25,263222,66097,reused
573,continuous_hits,20260730,0.25,263860,65799,reused
574,continuous_hits,20260730,0.25,263531,66418,reused
575,continuous_hits,20260730,0.25,263150,66085,reused
576,continuous_hits,20260730,0.25,263748,65370,reused
577,continuous_hits,20260730,0.25,263435,65825,reused
578,continuous_hits,20260730,0.25,263288,65948,reused
579,continuous_hits,20260730,0.25,262992,65390,reused
580,continuous_hits,20260730,0.25,263024,65606,reused
581,continuous_hits,20260730,0.25,264021,66110,reused
582,continuous_hits,20260730,0.25,263684,65742,reused
583,continuous_hits,20260730,0.25,263432,66271,reused
584,continuous_hits,20260730,0.25,263732,66112,reused
585,continuous_hits,20260730,0.25,264287,66009,reused
586,continuous_hits,20260730,0.25,264251,65665,reused
587,continuous_hits,20260730,0.25,263621,65952,reused
588,continuous_hits,20260730,0.25,263422,65717,reused
589,continuous_hits,20260730,0.25,264133,66189,reused
590,continuous_hits,20260730,0.25,263842,66293,reused
591,continuous_hits,20260730,0.25,263947,66241,reused
592,continuous_hits,20260730,0.25,262981,65592,reused
593,continuous_hits,20260730,0.25,263211,65518,reused
594,continuous_hits,20260730,0.25,263224,65407,reused
595,continuous_hits,20260730,0.25,263274,66060,reused
596,continuous_hits,20260730,0.25,263579,65877,reused
597,continuous_hits,20260730,0.25,264448,66054,reused
598,continuous_hits,20260730,0.25,263260,65436,reused
599,continuous_hits,20260730,0.25,263298,65771,reused
600,continuous_hits,20260730,0.25,264207,66381,reused
601,continuous_hits,20260730,0.25,263243,65909,reused
602,continuous_hits,20260730,0.25,264015,66022,reused
603,continuous_hits,20260730,0.25,263894,65818,reused
604,continuous_hits,20260730,0.25,263271,66060,reused
605,continuous_hits,20260730,0.25,262598,65793,reused
606,continuous_hits,20260730,0.25,264377,66331,reused
607,continuous_hits,20260730,0.25,263939,66386,reused
608,continuous_hits,20260730,0.25,263417,65896,reused
609,continuous_hits,20260730,0.25,264481,65928,reused
610,continuous_hits,20260730,0.25,264173,65920,reused
611,continuous_hits,20260730,0.25,264065,66543,reused
612,continuous_hits,20260730,0.25,263584,66048,reused
613,continuous_hits,20260730,0.25,263260,65724,reused
614,continuous_hits,20260730,0.25,262898,65859,reused
615,continuous_hits,20260730,0.25,263558,65908,reused
616,continuous_hits,20260730,0.25,262886,65819,reused
617,continuous_hits,20260730,0.25,263259,66307,reused
618,continuous_hits,20260730,0.25,263144,65699,reused
619,continuous_hits,20260730,0.25,263854,66146,reused
620,continuous_hits,20260730,0.25,263028,66051,reused
621,continuous_hits,20260730,0.25,264203,66126,reused
622,continuous_hits,20260730,0.25,263750,66113,reused
623,continuous_hits,20260730,0.25,263394,65948,reused
624,continuous_hits,20260730,0.25,263779,65715,reused
625,continuous_hits,20260730,0.25,263321,65914,reused
626,continuous_hits,20260730,0.25,263727,65776,reused
627,continuous_hits,20260730,0.25,264519,66298,reused
628,continuous_hits,20260730,0.25,263730,66095,reused
629,continuous_hits,20260730,0.25,263645,65755,reused
630,continuous_hits,20260730,0.25,262478,65548,reused
631,continuous_hits,20260730,0.25,264606,66361,reused
632,continuous_hits,20260730,0.25,263310,65377,reused
633,continuous_hits,20260730,0.25,264145,65944,reused
634,continuous_hits,20260730,0.25,263447,65984,reused
635,continuous_hits,20260730,0.25,263314,65846,reused
636,continuous_hits,20260730,0.25,262989,65524,reused
637,continuous_hits,20260730,0.25,262758,65697,reused
638,continuous_hits,20260730,0.25,263859,65868,reused
639,continuous_hits,20260730,0.25,263511,65670,reused
640,continuous_hits,20260730,0.25,263338,65856,reused
641,continuous_hits,20260730,0.25,263457,65681,reused
642,continuous_hits,20260730,0.25,263568,65928,reused
643,continuous_hits,20260730,0.25,263824,66109,reused
644,continuous_hits,20260730,0.25,263354,66294,reused
645,continuous_hits,20260730,0.25,263676,65944,reused
646,continuous_hits,20260730,0.25,262831,65495,reused
647,continuous_hits,20260730,0.25,264005,66058,reused
648,continuous_hits,20260730,0.25,263681,65867,reused
649,continuous_hits,20260730,0.25,263501,65709,reused
650,continuous_hits,20260730,0.25,263589,66099,reused
651,continuous_hits,20260730,0.25,263312,65727,reused
652,continuous_hits,20260730,0.25,263381,65688,reused
653,continuous_hits,20260730,0.25,263243,66108,reused
654,continuous_hits,20260730,0.25,263215,65753,reused
655,continuous_hits,20260730,0.25,262787,65962,reused
656,continuous_hits,20260730,0.25,263692,66292,reused
657,continuous_hits,20260730,0.25,263911,66251,reused
658,continuous_hits,20260730,0.25,264112,66172,reused
659,continuous_hits,20260730,0.25,263569,65467,reused
660,continuous_hits,20260730,0.25,263317,65546,reused
661,continuous_hits,20260730,0.25,262465,65719,reused
662,continuous_hits,20260730,0.25,262982,66134,reused
663,continuous_hits,20260730,0.25,263060,65436,reused
664,continuous_hits,20260730,0.25,264397,66305,reused
665,continuous_hits,20260730,0.25,262703,65594,reused
666,continuous_hits,20260730,0.25,262345,65710,reused
667,continuous_hits,20260730,0.25,263437,65640,reused
668,continuous_hits,20260730,0.25,264126,65894,reused
669,continuous_hits,20260730,0.25,263468,65765,reused
670,continuous_hits,20260730,0.25,263320,66199,reused
671,continuous_hits,20260730,0.25,263276,65882,reused
672,continuous_hits,20260730,0.25,262796,65684,reused
673,continuous_hits,20260730,0.25,263617,66089,reused
674,continuous_hits,20260730,0.25,262373,65521,reused
675,continuous_hits,20260730,0.25,263440,66057,reused
676,continuous_hits,20260730,0.25,263483,65839,reused
677,continuous_hits,20260730,0.25,263567,66040,reused
678,continuous_hits,20260730,0.25,263700,66322,reused
679,continuous_hits,20260730,0.25,263737,66114,reused
680,continuous_hits,20260730,0.25,262944,65846,reused
681,continuous_hits,20260730,0.25,263462,65613,reused
682,continuous_hits,20260730,0.25,263238,65478,reused
683,continuous_hits,20260730,0.25,264113,66151,reused
684,continuous_hits,20260730,0.25,264271,66103,reused
685,continuous_hits,20260730,0.25,263706,65816,reused
686,continuous_hits,20260730,0.25,263241,65900,reused
687,continuous_hits,20260730,0.25,262606,65916,reused
688,continuous_hits,20260730,0.25,262329,65827,reused
689,continuous_hits,20260730,0.25,263145,65663,reused
690,continuous_hits,20260730,0.25,263469,66006,reused
691,continuous_hits,20260730,0.25,263142,65796,reused
692,continuous_hits,20260730,0.25,263890,66267,reused
693,continuous_hits,20260730,0.25,263188,66019,reused
694,continuous_hits,20260730,0.25,263903,66218,reused
695,continuous_hits,20260730,0.25,264646,65698,reused
696,continuous_hits,20260730,0.25,263624,66025,reused
697,continuous_hits,20260730,0.25,263677,65547,reused
698,continuous_hits,20260730,0.25,262647,65556,reused
699,continuous_hits,20260730,0.25,262970,65997,reused
700,continuous_hits,20260730,0.25,263666,66009,reused
701,continuous_hits,20260730,0.25,264206,66133,reused
702,continuous_hits,20260730,0.25,263834,65979,reused
703,continuous_hits,20260730,0.25,263435,65463,reused
704,continuous_hits,20260730,0.25,263258,65834,reused
705,continuous_hits,20260730,0.25,264473,66307,reused
706,continuous_hits,20260730,0.25,263765,65960,reused
707,continuous_hits,20260730,0.25,264078,66252,reused
708,continuous_hits,20260730,0.25,262736,66157,reused
709,continuous_hits,20260730,0.25,263288,66021,reused
710,continuous_hits,20260730,0.25,262980,65517,reused
711,continuous_hits,20260730,0.25,263644,65774,reused
712,continuous_hits,20260730,0.25,264007,66178,reused
713,continuous_hits,20260730,0.25,264062,65945,reused
714,continuous_hits,20260730,0.25,263499,66523,reused
715,continuous_hits,20260730,0.25,263799,65807,reused
716,continuous_hits,20260730,0.25,264233,65943,reused
717,continuous_hits,20260730,0.25,263166,65870,reused
718,continuous_hits,20260730,0.25,263118,65966,reused
719,continuous_hits,20260730,0.25,263408,65792,reused
0,continuous_hits,20260730,0.1,263454,25854,reused
1,continuous_hits,20260730,0.1,263049,26596,reused
2,continuous_hits,20260730,0.1,263036,26342,reused
3,continuous_hits,20260730,0.1,263252,26176,reused
4,continuous_hits,20260730,0.1,263901,26431,reused
5,continuous_hits,20260730,0.1,262606,26325,reused
6,continuous_hits,20260730,0.1,263570,26315,reused
7,continuous_hits,20260730,0.1,263357,26582,reused
8,continuous_hits,20260730,0.1,263362,25918,reused
9,continuous_hits,20260730,0.1,263199,26268,reused
10,continuous_hits,20260730,0.1,263077,26275,reused
11,continuous_hits,20260730,0.1,262706,26243,reused
12,continuous_hits,20260730,0.1,263599,26522,reused
13,continuous_hits,20260730,0.1,263848,26293,reused
14,continuous_hits,20260730,0.1,262778,26512,reused
15,continuous_hits,20260730,0.1,263586,26199,reused
16,continuous_hits,20260730,0.1,263909,26497,reused
17,continuous_hits,20260730,0.1,264791,26450,reused
18,continuous_hits,20260730,0.1,263728,26331,reused
19,continuous_hits,20260730,0.1,264286,26595,reused
20,continuous_hits,20260730,0.1,262933,26288,reused
21,continuous_hits,20260730,0.1,265454,26455,reused
22,continuous_hits,20260730,0.1,263952,26422,reused
23,continuous_hits,20260730,0.1,263876,26281,reused
24,continuous_hits,20260730,0.1,264521,26171,reused
25,continuous_hits,20260730,0.1,263957,26211,reused
26,continuous_hits,20260730,0.1,263554,26452,reused
27,continuous_hits,20260730,0.1,263312,26503,reused
28,continuous_hits,20260730,0.1,262874,26296,reused
29,continuous_hits,20260730,0.1,263491,26290,reused
30,continuous_hits,20260730,0.1,264080,26486,reused
31,continuous_hits,20260730,0.1,263619,26516,reused
32,continuous_hits,20260730,0.1,263685,26273,reused
33,continuous_hits,20260730,0.1,262980,26338,reused
34,continuous_hits,20260730,0.1,264389,26356,reused
35,continuous_hits,20260730,0.1,263589,26501,reused
36,continuous_hits,20260730,0.1,264349,26402,reused
37,continuous_hits,20260730,0.1,264215,26676,reused
38,continuous_hits,20260730,0.1,263605,26307,reused
39,continuous_hits,20260730,0.1,263856,26380,reused
40,continuous_hits,20260730,0.1,263614,26310,reused
41,continuous_hits,20260730,0.1,263320,26353,reused
42,continuous_hits,20260730,0.1,264993,26540,reused
43,continuous_hits,20260730,0.1,263606,26274,reused
44,continuous_hits,20260730,0.1,264657,26339,reused
45,continuous_hits,20260730,0.1,262749,26106,reused
46,continuous_hits,20260730,0.1,264809,26670,reused
47,continuous_hits,20260730,0.1,262944,26089,reused
48,continuous_hits,20260730,0.1,263566,26323,reused
49,continuous_hits,20260730,0.1,262948,26205,reused
50,continuous_hits,20260730,0.1,262098,26444,reused
51,continuous_hits,20260730,0.1,264183,26305,reused
52,continuous_hits,20260730,0.1,263225,26125,reused
53,continuous_hits,20260730,0.1,263386,26346,reused
54,continuous_hits,20260730,0.1,263039,26255,reused
55,continuous_hits,20260730,0.1,263293,26376,reused
56,continuous_hits,20260730,0.1,264122,26414,reused
57,continuous_hits,20260730,0.1,263658,26672,reused
58,continuous_hits,20260730,0.1,264289,26571,reused
59,continuous_hits,20260730,0.1,263154,26355,reused
60,continuous_hits,20260730,0.1,264074,26394,reused
61,continuous_hits,20260730,0.1,263384,26577,reused
62,continuous_hits,20260730,0.1,263158,26541,reused
63,continuous_hits,20260730,0.1,263522,26281,reused
64,continuous_hits,20260730,0.1,263836,26587,reused
65,continuous_hits,20260730,0.1,263247,25962,reused
66,continuous_hits,20260730,0.1,263090,26495,reused
67,continuous_hits,20260730,0.1,263508,26281,reused
68,continuous_hits,20260730,0.1,264054,26350,reused
69,continuous_hits,20260730,0.1,264220,26734,reused
70,continuous_hits,20260730,0.1,263786,26722,reused
71,continuous_hits,20260730,0.1,262362,26288,reused
72,continuous_hits,20260730,0.1,262737,26025,reused
73,continuous_hits,20260730,0.1,262636,26154,reused
74,continuous_hits,20260730,0.1,263667,26666,reused
75,continuous_hits,20260730,0.1,263549,26483,reused
76,continuous_hits,20260730,0.1,263702,26519,reused
77,continuous_hits,20260730,0.1,263764,26399,reused
78,continuous_hits,20260730,0.1,263257,26266,reused
79,continuous_hits,20260730,0.1,264214,26379,reused
80,continuous_hits,20260730,0.1,263193,26190,reused
81,continuous_hits,20260730,0.1,263466,26470,reused
82,continuous_hits,20260730,0.1,263897,26305,reused
83,continuous_hits,20260730,0.1,264004,26098,reused
84,continuous_hits,20260730,0.1,263866,26110,reused
85,continuous_hits,20260730,0.1,263344,26351,reused
86,continuous_hits,20260730,0.1,263786,26509,reused
87,continuous_hits,20260730,0.1,264088,26520,reused
88,continuous_hits,20260730,0.1,263733,26540,reused
89,continuous_hits,20260730,0.1,264161,26444,reused
90,continuous_hits,20260730,0.1,263451,26303,reused
91,continuous_hits,20260730,0.1,262744,26440,reused
92,continuous_hits,20260730,0.1,263728,26483,reused
93,continuous_hits,20260730,0.1,264277,26546,reused
94,continuous_hits,20260730,0.1,264089,26154,reused
95,continuous_hits,20260730,0.1,263730,26509,reused
96,continuous_hits,20260730,0.1,262657,25994,reused
97,continuous_hits,20260730,0.1,264114,26571,reused
98,continuous_hits,20260730,0.1,263528,26624,reused
99,continuous_hits,20260730,0.1,263662,26659,reused
100,continuous_hits,20260730,0.1,263316,26299,reused
101,continuous_hits,20260730,0.1,264036,26400,reused
102,continuous_hits,20260730,0.1,262538,26352,reused
103,continuous_hits,20260730,0.1,264189,26639,reused
104,continuous_hits,20260730,0.1,263389,26355,reused
105,continuous_hits,20260730,0.1,263732,26325,reused
106,continuous_hits,20260730,0.1,264903,26556,reused
107,continuous_hits,20260730,0.1,264246,26381,reused
108,continuous_hits,20260730,0.1,263785,26339,reused
109,continuous_hits,20260730,0.1,263981,26633,reused
110,continuous_hits,20260730,0.1,263551,26582,reused
111,continuous_hits,20260730,0.1,263651,26227,reused
112,continuous_hits,20260730,0.1,263289,26401,reused
113,continuous_hits,20260730,0.1,263745,26193,reused
114,continuous_hits,20260730,0.1,263095,26479,reused
115,continuous_hits,20260730,0.1,262664,26421,reused
116,continuous_hits,20260730,0.1,264392,26630,reused
117,continuous_hits,20260730,0.1,263899,26395,reused
118,continuous_hits,20260730,0.1,264455,26136,reused
119,continuous_hits,20260730,0.1,263840,26516,reused
120,continuous_hits,20260730,0.1,263348,26159,reused
121,continuous_hits,20260730,0.1,262608,26374,reused
122,continuous_hits,20260730,0.1,263675,26248,reused
123,continuous_hits,20260730,0.1,263123,26067,reused
124,continuous_hits,20260730,0.1,264261,26281,reused
125,continuous_hits,20260730,0.1,263371,26518,reused
126,continuous_hits,20260730,0.1,263250,26303,reused
127,continuous_hits,20260730,0.1,263276,26419,reused
128,continuous_hits,20260730,0.1,262908,26525,reused
129,continuous_hits,20260730,0.1,262988,26382,reused
130,continuous_hits,20260730,0.1,263216,26463,reused
131,continuous_hits,20260730,0.1,263746,26258,reused
132,continuous_hits,20260730,0.1,263118,26282,reused
133,continuous_hits,20260730,0.1,262891,26379,reused
134,continuous_hits,20260730,0.1,263825,26512,reused
135,continuous_hits,20260730,0.1,263955,26368,reused
136,continuous_hits,20260730,0.1,263865,26068,reused
137,continuous_hits,20260730,0.1,262463,26205,reused
138,continuous_hits,20260730,0.1,263638,26276,reused
139,continuous_hits,20260730,0.1,263914,26513,reused
140,continuous_hits,20260730,0.1,264100,26498,reused
141,continuous_hits,20260730,0.1,263426,26140,reused
142,continuous_hits,20260730,0.1,262556,26193,reused
143,continuous_hits,20260730,0.1,263219,26187,reused
144,continuous_hits,20260730,0.1,263124,26213,reused
145,continuous_hits,20260730,0.1,262870,26465,reused
146,continuous_hits,20260730,0.1,263713,26199,reused
147,continuous_hits,20260730,0.1,263446,26300,reused
148,continuous_hits,20260730,0.1,263696,26367,reused
149,continuous_hits,20260730,0.1,263524,26677,reused
150,continuous_hits,20260730,0.1,263115,26097,reused
151,continuous_hits,20260730,0.1,263712,26188,reused
152,continuous_hits,20260730,0.1,263895,26251,reused
153,continuous_hits,20260730,0.1,264396,26197,reused
154,continuous_hits,20260730,0.1,263016,26217,reused
155,continuous_hits,20260730,0.1,263258,26520,reused
156,continuous_hits,20260730,0.1,263051,26264,reused
157,continuous_hits,20260730,0.1,263300,26189,reused
158,continuous_hits,20260730,0.1,263221,26413,reused
159,continuous_hits,20260730,0.1,264002,26497,reused
160,continuous_hits,20260730,0.1,263945,26189,reused
161,continuous_hits,20260730,0.1,264205,26349,reused
162,continuous_hits,20260730,0.1,262799,26015,reused
163,continuous_hits,20260730,0.1,264053,26622,reused
164,continuous_hits,20260730,0.1,263719,26363,reused
165,continuous_hits,20260730,0.1,263742,26010,reused
166,continuous_hits,20260730,0.1,263430,26368,reused
167,continuous_hits,20260730,0.1,263898,26609,reused
168,continuous_hits,20260730,0.1,264127,26438,reused
169,continuous_hits,20260730,0.1,263015,26330,reused
170,continuous_hits,20260730,0.1,263993,26308,reused
171,continuous_hits,20260730,0.1,263623,26473,reused
172,continuous_hits,20260730,0.1,263722,26175,reused
173,continuous_hits,20260730,0.1,263468,26523,reused
174,continuous_hits,20260730,0.1,263642,26290,reused
175,continuous_hits,20260730,0.1,263746,26267,reused
176,continuous_hits,20260730,0.1,264031,26054,reused
177,continuous_hits,20260730,0.1,263403,26605,reused
178,continuous_hits,20260730,0.1,263044,26237,reused
179,continuous_hits,20260730,0.1,264360,26244,reused
180,continuous_hits,20260730,0.1,263371,26376,reused
181,continuous_hits,20260730,0.1,263289,26518,reused
182,continuous_hits,20260730,0.1,263845,26440,reused
183,continuous_hits,20260730,0.1,262931,26068,reused
184,continuous_hits,20260730,0.1,263786,26309,reused
185,continuous_hits,20260730,0.1,263641,26212,reused
186,continuous_hits,20260730,0.1,263258,26410,reused
187,continuous_hits,20260730,0.1,262925,26194,reused
188,continuous_hits,20260730,0.1,263707,26465,reused
189,continuous_hits,20260730,0.1,263826,26434,reused
190,continuous_hits,20260730,0.1,263825,26161,reused
191,continuous_hits,20260730,0.1,262966,26325,reused
192,continuous_hits,20260730,0.1,263317,26455,reused
193,continuous_hits,20260730,0.1,263243,26229,reused
194,continuous_hits,20260730,0.1,263736,26248,reused
195,continuous_hits,20260730,0.1,264335,26653,reused
196,continuous_hits,20260730,0.1,264360,26367,reused
197,continuous_hits,20260730,0.1,263533,26603,reused
198,continuous_hits,20260730,0.1,263252,26050,reused
199,continuous_hits,20260730,0.1,262763,26256,reused
200,continuous_hits,20260730,0.1,263500,26281,reused
201,continuous_hits,20260730,0.1,262515,26379,reused
202,continuous_hits,20260730,0.1,263726,26390,reused
203,continuous_hits,20260730,0.1,263262,26167,reused
204,continuous_hits,20260730,0.1,263578,26261,reused
205,continuous_hits,20260730,0.1,262571,26423,reused
206,continuous_hits,20260730,0.1,263046,26270,reused
207,continuous_hits,20260730,0.1,264247,26374,reused
208,continuous_hits,20260730,0.1,262420,26297,reused
209,continuous_hits,20260730,0.1,263902,26400,reused
210,continuous_hits,20260730,0.1,263630,26601,reused
211,continuous_hits,20260730,0.1,264138,26352,reused
212,continuous_hits,20260730,0.1,263205,26337,reused
213,continuous_hits,20260730,0.1,263111,26167,reused
214,continuous_hits,20260730,0.1,263143,26369,reused
215,continuous_hits,20260730,0.1,263362,26286,reused
216,continuous_hits,20260730,0.1,263066,26383,reused
217,continuous_hits,20260730,0.1,264012,26268,reused
218,continuous_hits,20260730,0.1,263987,26417,reused
219,continuous_hits,20260730,0.1,262879,26079,reused
220,continuous_hits,20260730,0.1,263680,26278,reused
221,continuous_hits,20260730,0.1,263246,26342,reused
222,continuous_hits,20260730,0.1,263503,26241,reused
223,continuous_hits,20260730,0.1,263567,26470,reused
224,continuous_hits,20260730,0.1,263744,26383,reused
225,continuous_hits,20260730,0.1,263007,26054,reused
226,continuous_hits,20260730,0.1,263423,25963,reused
227,continuous_hits,20260730,0.1,264601,26349,reused
228,continuous_hits,20260730,0.1,264031,26680,reused
229,continuous_hits,20260730,0.1,263508,26058,reused
230,continuous_hits,20260730,0.1,263130,26211,reused
231,continuous_hits,20260730,0.1,263656,26210,reused
232,continuous_hits,20260730,0.1,264702,26591,reused
233,continuous_hits,20260730,0.1,264032,26206,reused
234,continuous_hits,20260730,0.1,263465,26391,reused
235,continuous_hits,20260730,0.1,264035,26341,reused
236,continuous_hits,20260730,0.1,262572,26299,reused
237,continuous_hits,20260730,0.1,263984,26463,reused
238,continuous_hits,20260730,0.1,262788,26205,reused
239,continuous_hits,20260730,0.1,263323,26092,reused
240,continuous_hits,20260730,0.1,264108,26387,reused
241,continuous_hits,20260730,0.1,263609,26342,reused
242,continuous_hits,20260730,0.1,263626,26202,reused
243,continuous_hits,20260730,0.1,263186,26359,reused
244,continuous_hits,20260730,0.1,264036,26496,reused
245,continuous_hits,20260730,0.1,263922,26401,reused
246,continuous_hits,20260730,0.1,263874,26614,reused
247,continuous_hits,20260730,0.1,263304,26445,reused
248,continuous_hits,20260730,0.1,263005,26715,reused
249,continuous_hits,20260730,0.1,262758,26220,reused
250,continuous_hits,20260730,0.1,264169,26156,reused
251,continuous_hits,20260730,0.1,263715,26390,reused
252,continuous_hits,20260730,0.1,264554,26448,reused
253,continuous_hits,20260730,0.1,263974,26223,reused
254,continuous_hits,20260730,0.1,264471,26330,reused
255,continuous_hits,20260730,0.1,263085,26366,reused
256,continuous_hits,20260730,0.1,263438,26528,reused
257,continuous_hits,20260730,0.1,263196,26420,reused
258,continuous_hits,20260730,0.1,263336,26229,reused
259,continuous_hits,20260730,0.1,263838,26585,reused
260,continuous_hits,20260730,0.1,264257,26349,reused
261,continuous_hits,20260730,0.1,264030,26801,reused
262,continuous_hits,20260730,0.1,263499,26264,reused
263,continuous_hits,20260730,0.1,263823,26561,reused
264,continuous_hits,20260730,0.1,264032,26522,reused
265,continuous_hits,20260730,0.1,263473,26580,reused
266,continuous_hits,20260730,0.1,263255,26222,reused
267,continuous_hits,20260730,0.1,263279,26016,reused
268,continuous_hits,20260730,0.1,264578,26408,reused
269,continuous_hits,20260730,0.1,263429,26637,reused
270,continuous_hits,20260730,0.1,262625,26495,reused
271,continuous_hits,20260730,0.1,264175,26220,reused
272,continuous_hits,20260730,0.1,263786,26545,reused
273,continuous_hits,20260730,0.1,262648,26277,reused
274,continuous_hits,20260730,0.1,264189,26612,reused
275,continuous_hits,20260730,0.1,263208,26403,reused
276,continuous_hits,20260730,0.1,263294,26470,reused
277,continuous_hits,20260730,0.1,263223,26291,reused
278,continuous_hits,20260730,0.1,263334,26476,reused
279,continuous_hits,20260730,0.1,263172,26011,reused
280,continuous_hits,20260730,0.1,263270,26241,reused
281,continuous_hits,20260730,0.1,263836,26665,reused
282,continuous_hits,20260730,0.1,263598,26505,reused
283,continuous_hits,20260730,0.1,263224,26136,reused
284,continuous_hits,20260730,0.1,264035,26598,reused
285,continuous_hits,20260730,0.1,263610,26467,reused
286,continuous_hits,20260730,0.1,263425,26287,reused
287,continuous_hits,20260730,0.1,262749,26292,reused
288,continuous_hits,20260730,0.1,263522,26141,reused
289,continuous_hits,20260730,0.1,264453,26371,reused
290,continuous_hits,20260730,0.1,263460,26024,reused
291,continuous_hits,20260730,0.1,263647,26447,reused
292,continuous_hits,20260730,0.1,262394,26069,reused
293,continuous_hits,20260730,0.1,262989,26326,reused
294,continuous_hits,20260730,0.1,263725,26572,reused
295,continuous_hits,20260730,0.1,263415,26308,reused
296,continuous_hits,20260730,0.1,264073,26582,reused
297,continuous_hits,20260730,0.1,264052,26399,reused
298,continuous_hits,20260730,0.1,262669,26180,reused
299,continuous_hits,20260730,0.1,263871,26441,reused
300,continuous_hits,20260730,0.1,262311,26284,reused
301,continuous_hits,20260730,0.1,263183,26097,reused
302,continuous_hits,20260730,0.1,264023,26444,reused
303,continuous_hits,20260730,0.1,263562,26267,reused
304,continuous_hits,20260730,0.1,264514,26050,reused
305,continuous_hits,20260730,0.1,264369,26353,reused
306,continuous_hits,20260730,0.1,263018,26298,reused
307,continuous_hits,20260730,0.1,263548,26572,reused
308,continuous_hits,20260730,0.1,263238,26105,reused
309,continuous_hits,20260730,0.1,263096,26353,reused
310,continuous_hits,20260730,0.1,262970,26134,reused
311,continuous_hits,20260730,0.1,264505,26419,reused
312,continuous_hits,20260730,0.1,264182,26404,reused
313,continuous_hits,20260730,0.1,263167,26386,reused
314,continuous_hits,20260730,0.1,263704,26497,reused
315,continuous_hits,20260730,0.1,263317,26308,reused
316,continuous_hits,20260730,0.1,263491,26151,reused
317,continuous_hits,20260730,0.1,263142,26161,reused
318,continuous_hits,20260730,0.1,263428,26303,reused
319,continuous_hits,20260730,0.1,264653,26588,reused
320,continuous_hits,20260730,0.1,263417,26425,reused
321,continuous_hits,20260730,0.1,263605,26531,reused
322,continuous_hits,20260730,0.1,264113,26392,reused
323,continuous_hits,20260730,0.1,263103,26405,reused
324,continuous_hits,20260730,0.1,263348,26507,reused
325,continuous_hits,20260730,0.1,263873,26383,reused
326,continuous_hits,20260730,0.1,263622,25993,reused
327,continuous_hits,20260730,0.1,263940,26315,reused
328,continuous_hits,20260730,0.1,264007,26098,reused
329,continuous_hits,20260730,0.1,264076,26239,reused
330,continuous_hits,20260730,0.1,263588,26567,reused
331,continuous_hits,20260730,0.1,264600,26365,reused
332,continuous_hits,20260730,0.1,263383,26613,reused
333,continuous_hits,20260730,0.1,264545,26296,reused
334,continuous_hits,20260730,0.1,263716,26601,reused
335,continuous_hits,20260730,0.1,263496,26184,reused
336,continuous_hits,20260730,0.1,264335,26498,reused
337,continuous_hits,20260730,0.1,263868,26451,reused
338,continuous_hits,20260730,0.1,263427,26486,reused
339,continuous_hits,20260730,0.1,263574,26474,reused
340,continuous_hits,20260730,0.1,264024,26404,reused
341,continuous_hits,20260730,0.1,263322,26425,reused
342,continuous_hits,20260730,0.1,263862,26365,reused
343,continuous_hits,20260730,0.1,263742,26381,reused
344,continuous_hits,20260730,0.1,263011,26166,reused
345,continuous_hits,20260730,0.1,264021,26288,reused
346,continuous_hits,20260730,0.1,263954,26293,reused
347,continuous_hits,20260730,0.1,263405,26310,reused
348,continuous_hits,20260730,0.1,264075,26556,reused
349,continuous_hits,20260730,0.1,262868,26233,reused
350,continuous_hits,20260730,0.1,263482,26353,reused
351,continuous_hits,20260730,0.1,264125,26470,reused
352,continuous_hits,20260730,0.1,263660,26273,reused
353,continuous_hits,20260730,0.1,263853,26469,reused
354,continuous_hits,20260730,0.1,263984,26577,reused
355,continuous_hits,20260730,0.1,263306,26234,reused
356,continuous_hits,20260730,0.1,263816,26457,reused
357,continuous_hits,20260730,0.1,263549,26334,reused
358,continuous_hits,20260730,0.1,262967,26281,reused
359,continuous_hits,20260730,0.1,262196,26424,reused
360,continuous_hits,20260730,0.1,263797,26562,reused
361,continuous_hits,20260730,0.1,263286,26136,reused
362,continuous_hits,20260730,0.1,263465,26168,reused
363,continuous_hits,20260730,0.1,263638,26253,reused
364,continuous_hits,20260730,0.1,263092,26493,reused
365,continuous_hits,20260730,0.1,263073,26250,reused
366,continuous_hits,20260730,0.1,263232,26045,reused
367,continuous_hits,20260730,0.1,263745,26373,reused
368,continuous_hits,20260730,0.1,263684,26190,reused
369,continuous_hits,20260730,0.1,263958,26422,reused
370,continuous_hits,20260730,0.1,264563,26228,reused
371,continuous_hits,20260730,0.1,263918,26535,reused
372,continuous_hits,20260730,0.1,263800,26442,reused
373,continuous_hits,20260730,0.1,263300,26365,reused
374,continuous_hits,20260730,0.1,263182,26289,reused
375,continuous_hits,20260730,0.1,264167,26281,reused
376,continuous_hits,20260730,0.1,263980,26439,reused
377,continuous_hits,20260730,0.1,263484,26352,reused
378,continuous_hits,20260730,0.1,263691,26432,reused
379,continuous_hits,20260730,0.1,263328,26446,reused
380,continuous_hits,20260730,0.1,263603,26118,reused
381,continuous_hits,20260730,0.1,263524,26384,reused
382,continuous_hits,20260730,0.1,264436,26522,reused
383,continuous_hits,20260730,0.1,263634,26540,reused
384,continuous_hits,20260730,0.1,263305,26141,reused
385,continuous_hits,20260730,0.1,263354,26234,reused
386,continuous_hits,20260730,0.1,263777,26518,reused
387,continuous_hits,20260730,0.1,264011,26276,reused
388,continuous_hits,20260730,0.1,262882,26246,reused
389,continuous_hits,20260730,0.1,263396,26246,reused
390,continuous_hits,20260730,0.1,263019,26155,reused
391,continuous_hits,20260730,0.1,263312,26195,reused
392,continuous_hits,20260730,0.1,263392,26352,reused
393,continuous_hits,20260730,0.1,262460,26387,reused
394,continuous_hits,20260730,0.1,264731,26555,reused
395,continuous_hits,20260730,0.1,263677,26295,reused
396,continuous_hits,20260730,0.1,263577,26360,reused
397,continuous_hits,20260730,0.1,263184,26361,reused
398,continuous_hits,20260730,0.1,264375,26450,reused
399,continuous_hits,20260730,0.1,263179,26501,reused
400,continuous_hits,20260730,0.1,263387,26181,reused
401,continuous_hits,20260730,0.1,263878,26415,reused
402,continuous_hits,20260730,0.1,263856,26351,reused
403,continuous_hits,20260730,0.1,263506,26296,reused
404,continuous_hits,20260730,0.1,263508,26032,reused
405,continuous_hits,20260730,0.1,262919,26235,reused
406,continuous_hits,20260730,0.1,263377,26131,reused
407,continuous_hits,20260730,0.1,263400,26415,reused
408,continuous_hits,20260730,0.1,262452,26223,reused
409,continuous_hits,20260730,0.1,262874,26406,reused
410,continuous_hits,20260730,0.1,263780,26767,reused
411,continuous_hits,20260730,0.1,263567,26349,reused
412,continuous_hits,20260730,0.1,263857,26276,reused
413,continuous_hits,20260730,0.1,263294,26450,reused
414,continuous_hits,20260730,0.1,263668,26243,reused
415,continuous_hits,20260730,0.1,263590,26364,reused
416,continuous_hits,20260730,0.1,263924,26159,reused
417,continuous_hits,20260730,0.1,263633,26327,reused
418,continuous_hits,20260730,0.1,264251,26542,reused
419,continuous_hits,20260730,0.1,263716,26516,reused
420,continuous_hits,20260730,0.1,263073,26279,reused
421,continuous_hits,20260730,0.1,263300,26560,reused
422,continuous_hits,20260730,0.1,263799,26267,reused
423,continuous_hits,20260730,0.1,263598,26871,reused
424,continuous_hits,20260730,0.1,262584,26249,reused
425,continuous_hits,20260730,0.1,263939,26470,reused
426,continuous_hits,20260730,0.1,263427,26397,reused
427,continuous_hits,20260730,0.1,264119,26480,reused
428,continuous_hits,20260730,0.1,262766,26409,reused
429,continuous_hits,20260730,0.1,263948,26224,reused
430,continuous_hits,20260730,0.1,264609,26609,reused
431,continuous_hits,20260730,0.1,263658,26346,reused
432,continuous_hits,20260730,0.1,263063,26360,reused
433,continuous_hits,20260730,0.1,263532,26122,reused
434,continuous_hits,20260730,0.1,263332,26345,reused
435,continuous_hits,20260730,0.1,263902,26342,reused
436,continuous_hits,20260730,0.1,263551,26651,reused
437,continuous_hits,20260730,0.1,263847,26080,reused
438,continuous_hits,20260730,0.1,263497,26446,reused
439,continuous_hits,20260730,0.1,263633,26206,reused
440,continuous_hits,20260730,0.1,264333,26480,reused
441,continuous_hits,20260730,0.1,264348,26404,reused
442,continuous_hits,20260730,0.1,262894,26310,reused
443,continuous_hits,20260730,0.1,262731,26497,reused
444,continuous_hits,20260730,0.1,262660,26232,reused
445,continuous_hits,20260730,0.1,263497,26293,reused
446,continuous_hits,20260730,0.1,262288,26195,reused
447,continuous_hits,20260730,0.1,263197,26390,reused
448,continuous_hits,20260730,0.1,263444,26480,reused
449,continuous_hits,20260730,0.1,263217,26565,reused
450,continuous_hits,20260730,0.1,264960,26237,reused
451,continuous_hits,20260730,0.1,263715,26460,reused
452,continuous_hits,20260730,0.1,263942,26174,reused
453,continuous_hits,20260730,0.1,264518,26537,reused
454,continuous_hits,20260730,0.1,263856,26640,reused
455,continuous_hits,20260730,0.1,263379,26478,reused
456,continuous_hits,20260730,0.1,263950,26492,reused
457,continuous_hits,20260730,0.1,262902,26323,reused
458,continuous_hits,20260730,0.1,264056,26249,reused
459,continuous_hits,20260730,0.1,262776,26074,reused
460,continuous_hits,20260730,0.1,262624,26170,reused
461,continuous_hits,20260730,0.1,263502,26298,reused
462,continuous_hits,20260730,0.1,263208,26338,reused
463,continuous_hits,20260730,0.1,263612,26500,reused
464,continuous_hits,20260730,0.1,263446,26370,reused
465,continuous_hits,20260730,0.1,264284,26810,reused
466,continuous_hits,20260730,0.1,263301,26151,reused
467,continuous_hits,20260730,0.1,262541,26204,reused
468,continuous_hits,20260730,0.1,264215,26351,reused
469,continuous_hits,20260730,0.1,263359,26439,reused
470,continuous_hits,20260730,0.1,263460,26486,reused
471,continuous_hits,20260730,0.1,263905,26550,reused
472,continuous_hits,20260730,0.1,263883,26517,reused
473,continuous_hits,20260730,0.1,263936,26799,reused
474,continuous_hits,20260730,0.1,262461,26074,reused
475,continuous_hits,20260730,0.1,262615,26159,reused
476,continuous_hits,20260730,0.1,263159,26359,reused
477,continuous_hits,20260730,0.1,263899,26470,reused
478,continuous_hits,20260730,0.1,263424,26488,reused
479,continuous_hits,20260730,0.1,263873,26160,reused
480,continuous_hits,20260730,0.1,263599,26297,reused
481,continuous_hits,20260730,0.1,264318,26402,reused
482,continuous_hits,20260730,0.1,264250,26419,reused
483,continuous_hits,20260730,0.1,262932,26259,reused
484,continuous_hits,20260730,0.1,263790,26223,reused
485,continuous_hits,20260730,0.1,262983,26449,reused
486,continuous_hits,20260730,0.1,263859,26212,reused
487,continuous_hits,20260730,0.1,263347,26673,reused
488,continuous_hits,20260730,0.1,264100,26523,reused
489,continuous_hits,20260730,0.1,263468,26338,reused
490,continuous_hits,20260730,0.1,263424,26298,reused
491,continuous_hits,20260730,0.1,263084,26413,reused
492,continuous_hits,20260730,0.1,262937,26290,reused
493,continuous_hits,20260730,0.1,263020,26494,reused
494,continuous_hits,20260730,0.1,263056,26350,reused
495,continuous_hits,20260730,0.1,264396,26540,reused
496,continuous_hits,20260730,0.1,262672,26077,reused
497,continuous_hits,20260730,0.1,263366,26459,reused
498,continuous_hits,20260730,0.1,263551,26279,reused
499,continuous_hits,20260730,0.1,263197,26361,reused
500,continuous_hits,20260730,0.1,263752,26599,reused
501,continuous_hits,20260730,0.1,263229,26244,reused
502,continuous_hits,20260730,0.1,264944,26658,reused
503,continuous_hits,20260730,0.1,263565,25870,reused
504,continuous_hits,20260730,0.1,263861,26555,reused
505,continuous_hits,20260730,0.1,262436,26108,reused
506,continuous_hits,20260730,0.1,263457,26557,reused
507,continuous_hits,20260730,0.1,264194,26601,reused
508,continuous_hits,20260730,0.1,264440,26430,reused
509,continuous_hits,20260730,0.1,262864,26110,reused
510,continuous_hits,20260730,0.1,264253,26387,reused
511,continuous_hits,20260730,0.1,263186,26441,reused
512,continuous_hits,20260730,0.1,263395,26409,reused
513,continuous_hits,20260730,0.1,263713,26397,reused
514,continuous_hits,20260730,0.1,263019,26286,reused
515,continuous_hits,20260730,0.1,262866,26469,reused
516,continuous_hits,20260730,0.1,263571,26492,reused
517,continuous_hits,20260730,0.1,263989,26310,reused
518,continuous_hits,20260730,0.1,263092,26616,reused
519,continuous_hits,20260730,0.1,262906,26410,reused
520,continuous_hits,20260730,0.1,263509,26328,reused
521,continuous_hits,20260730,0.1,263152,26129,reused
522,continuous_hits,20260730,0.1,263095,26359,reused
523,continuous_hits,20260730,0.1,263373,26070,reused
524,continuous_hits,20260730,0.1,263257,26513,reused
525,continuous_hits,20260730,0.1,263370,26272,reused
526,continuous_hits,20260730,0.1,263929,26436,reused
527,continuous_hits,20260730,0.1,263506,26518,reused
528,continuous_hits,20260730,0.1,263195,26206,reused
529,continuous_hits,20260730,0.1,263553,26402,reused
530,continuous_hits,20260730,0.1,264154,26648,reused
531,continuous_hits,20260730,0.1,264075,26473,reused
532,continuous_hits,20260730,0.1,263816,26646,reused
533,continuous_hits,20260730,0.1,263290,26377,reused
534,continuous_hits,20260730,0.1,263183,26345,reused
535,continuous_hits,20260730,0.1,263924,26203,reused
536,continuous_hits,20260730,0.1,264303,26417,reused
537,continuous_hits,20260730,0.1,263311,26295,reused
538,continuous_hits,20260730,0.1,263268,26322,reused
539,continuous_hits,20260730,0.1,263112,26720,reused
540,continuous_hits,20260730,0.1,262738,26221,reused
541,continuous_hits,20260730,0.1,262720,26112,reused
542,continuous_hits,20260730,0.1,262878,26051,reused
543,continuous_hits,20260730,0.1,263817,26102,reused
544,continuous_hits,20260730,0.1,263603,26343,reused
545,continuous_hits,20260730,0.1,264065,26710,reused
546,continuous_hits,20260730,0.1,264263,26361,reused
547,continuous_hits,20260730,0.1,264207,26617,reused
548,continuous_hits,20260730,0.1,263221,26159,reused
549,continuous_hits,20260730,0.1,264285,26351,reused
550,continuous_hits,20260730,0.1,263677,26652,reused
551,continuous_hits,20260730,0.1,263264,26306,reused
552,continuous_hits,20260730,0.1,263890,26215,reused
553,continuous_hits,20260730,0.1,264254,26301,reused
554,continuous_hits,20260730,0.1,262298,26140,reused
555,continuous_hits,20260730,0.1,263136,26490,reused
556,continuous_hits,20260730,0.1,263031,26221,reused
557,continuous_hits,20260730,0.1,263642,26488,reused
558,continuous_hits,20260730,0.1,262992,26071,reused
559,continuous_hits,20260730,0.1,263022,26303,reused
560,continuous_hits,20260730,0.1,264356,26689,reused
561,continuous_hits,20260730,0.1,264623,26593,reused
562,continuous_hits,20260730,0.1,262578,26378,reused
563,continuous_hits,20260730,0.1,263557,26566,reused
564,continuous_hits,20260730,0.1,262986,26397,reused
565,continuous_hits,20260730,0.1,263480,26392,reused
566,continuous_hits,20260730,0.1,263097,26076,reused
567,continuous_hits,20260730,0.1,264769,26212,reused
568,continuous_hits,20260730,0.1,263616,26506,reused
569,continuous_hits,20260730,0.1,263007,26145,reused
570,continuous_hits,20260730,0.1,263190,26048,reused
571,continuous_hits,20260730,0.1,264130,26375,reused
572,continuous_hits,20260730,0.1,263222,26303,reused
573,continuous_hits,20260730,0.1,263860,25979,reused
574,continuous_hits,20260730,0.1,263531,26737,reused
575,continuous_hits,20260730,0.1,263150,26380,reused
576,continuous_hits,20260730,0.1,263748,26309,reused
577,continuous_hits,20260730,0.1,263435,26041,reused
578,continuous_hits,20260730,0.1,263288,26318,reused
579,continuous_hits,20260730,0.1,262992,26041,reused
580,continuous_hits,20260730,0.1,263024,26186,reused
581,continuous_hits,20260730,0.1,264021,26504,reused
582,continuous_hits,20260730,0.1,263684,26317,reused
583,continuous_hits,20260730,0.1,263432,26624,reused
584,continuous_hits,20260730,0.1,263732,26540,reused
585,continuous_hits,20260730,0.1,264287,26404,reused
586,continuous_hits,20260730,0.1,264251,26132,reused
587,continuous_hits,20260730,0.1,263621,26450,reused
588,continuous_hits,20260730,0.1,263422,26343,reused
589,continuous_hits,20260730,0.1,264133,26681,reused
590,continuous_hits,20260730,0.1,263842,26456,reused
591,continuous_hits,20260730,0.1,263947,26274,reused
592,continuous_hits,20260730,0.1,262981,26522,reused
593,continuous_hits,20260730,0.1,263211,26247,reused
594,continuous_hits,20260730,0.1,263224,26201,reused
595,continuous_hits,20260730,0.1,263274,26584,reused
596,continuous_hits,20260730,0.1,263579,26265,reused
597,continuous_hits,20260730,0.1,264448,26304,reused
598,continuous_hits,20260730,0.1,263260,25915,reused
599,continuous_hits,20260730,0.1,263298,26361,reused
600,continuous_hits,20260730,0.1,264207,26566,reused
601,continuous_hits,20260730,0.1,263243,26455,reused
602,continuous_hits,20260730,0.1,264015,26601,reused
603,continuous_hits,20260730,0.1,263894,26297,reused
604,continuous_hits,20260730,0.1,263271,26432,reused
605,continuous_hits,20260730,0.1,262598,26100,reused
606,continuous_hits,20260730,0.1,264377,26568,reused
607,continuous_hits,20260730,0.1,263939,26753,reused
608,continuous_hits,20260730,0.1,263417,26364,reused
609,continuous_hits,20260730,0.1,264481,26427,reused
610,continuous_hits,20260730,0.1,264173,26330,reused
611,continuous_hits,20260730,0.1,264065,26585,reused
612,continuous_hits,20260730,0.1,263584,26407,reused
613,continuous_hits,20260730,0.1,263260,26135,reused
614,continuous_hits,20260730,0.1,262898,26456,reused
615,continuous_hits,20260730,0.1,263558,26481,reused
616,continuous_hits,20260730,0.1,262886,26357,reused
617,continuous_hits,20260730,0.1,263259,26425,reused
618,continuous_hits,20260730,0.1,263144,26314,reused
619,continuous_hits,20260730,0.1,263854,26402,reused
620,continuous_hits,20260730,0.1,263028,26352,reused
621,continuous_hits,20260730,0.1,264203,26633,reused
622,continuous_hits,20260730,0.1,263750,26758,reused
623,continuous_hits,20260730,0.1,263394,26225,reused
624,continuous_hits,20260730,0.1,263779,26426,reused
625,continuous_hits,20260730,0.1,263321,26525,reused
626,continuous_hits,20260730,0.1,263727,26535,reused
627,continuous_hits,20260730,0.1,264519,26483,reused
628,continuous_hits,20260730,0.1,263730,26611,reused
629,continuous_hits,20260730,0.1,263645,26418,reused
630,continuous_hits,20260730,0.1,262478,26181,reused
631,continuous_hits,20260730,0.1,264606,26694,reused
632,continuous_hits,20260730,0.1,263310,26067,reused
633,continuous_hits,20260730,0.1,264145,26415,reused
634,continuous_hits,20260730,0.1,263447,26208,reused
635,continuous_hits,20260730,0.1,263314,26231,reused
636,continuous_hits,20260730,0.1,262989,26203,reused
637,continuous_hits,20260730,0.1,262758,26194,reused
638,continuous_hits,20260730,0.1,263859,26417,reused
639,continuous_hits,20260730,0.1,263511,26374,reused
640,continuous_hits,20260730,0.1,263338,26436,reused
641,continuous_hits,20260730,0.1,263457,25872,reused
642,continuous_hits,20260730,0.1,263568,26597,reused
643,continuous_hits,20260730,0.1,263824,26314,reused
644,continuous_hits,20260730,0.1,263354,26609,reused
645,continuous_hits,20260730,0.1,263676,26247,reused
646,continuous_hits,20260730,0.1,262831,26230,reused
647,continuous_hits,20260730,0.1,264005,26366,reused
648,continuous_hits,20260730,0.1,263681,26324,reused
649,continuous_hits,20260730,0.1,263501,26461,reused
650,continuous_hits,20260730,0.1,263589,26255,reused
651,continuous_hits,20260730,0.1,263312,26357,reused
652,continuous_hits,20260730,0.1,263381,26197,reused
653,continuous_hits,20260730,0.1,263243,26542,reused
654,continuous_hits,20260730,0.1,263215,26244,reused
655,continuous_hits,20260730,0.1,262787,26300,reused
656,continuous_hits,20260730,0.1,263692,26496,reused
657,continuous_hits,20260730,0.1,263911,26699,reused
658,continuous_hits,20260730,0.1,264112,26455,reused
659,continuous_hits,20260730,0.1,263569,26091,reused
660,continuous_hits,20260730,0.1,263317,26230,reused
661,continuous_hits,20260730,0.1,262465,26243,reused
662,continuous_hits,20260730,0.1,262982,26384,reused
663,continuous_hits,20260730,0.1,263060,26488,reused
664,continuous_hits,20260730,0.1,264397,26518,reused
665,continuous_hits,20260730,0.1,262703,26479,reused
666,continuous_hits,20260730,0.1,262345,26323,reused
667,continuous_hits,20260730,0.1,263437,26281,reused
668,continuous_hits,20260730,0.1,264126,26238,reused
669,continuous_hits,20260730,0.1,263468,26384,reused
670,continuous_hits,20260730,0.1,263320,26585,reused
671,continuous_hits,20260730,0.1,263276,26523,reused
672,continuous_hits,20260730,0.1,262796,26244,reused
673,continuous_hits,20260730,0.1,263617,26581,reused
674,continuous_hits,20260730,0.1,262373,26015,reused
675,continuous_hits,20260730,0.1,263440,26327,reused
676,continuous_hits,20260730,0.1,263483,26454,reused
677,continuous_hits,20260730,0.1,263567,26523,reused
678,continuous_hits,20260730,0.1,263700,26583,reused
679,continuous_hits,20260730,0.1,263737,26450,reused
680,continuous_hits,20260730,0.1,262944,26414,reused
681,continuous_hits,20260730,0.1,263462,26172,reused
682,continuous_hits,20260730,0.1,263238,26210,reused
683,continuous_hits,20260730,0.1,264113,26416,reused
684,continuous_hits,20260730,0.1,264271,26564,reused
685,continuous_hits,20260730,0.1,263706,26368,reused
686,continuous_hits,20260730,0.1,263241,26540,reused
687,continuous_hits,20260730,0.1,262606,26331,reused
688,continuous_hits,20260730,0.1,262329,26234,reused
689,continuous_hits,20260730,0.1,263145,26092,reused
690,continuous_hits,20260730,0.1,263469,26450,reused
691,continuous_hits,20260730,0.1,263142,26354,reused
692,continuous_hits,20260730,0.1,263890,26593,reused
693,continuous_hits,20260730,0.1,263188,26358,reused
694,continuous_hits,20260730,0.1,263903,26396,reused
695,continuous_hits,20260730,0.1,264646,26396,reused
696,continuous_hits,20260730,0.1,263624,26417,reused
697,continuous_hits,20260730,0.1,263677,26145,reused
698,continuous_hits,20260730,0.1,262647,26207,reused
699,continuous_hits,20260730,0.1,262970,26504,reused
700,continuous_hits,20260730,0.1,263666,26431,reused
701,continuous_hits,20260730,0.1,264206,26554,reused
702,continuous_hits,20260730,0.1,263834,26167,reused
703,continuous_hits,20260730,0.1,263435,26196,reused
704,continuous_hits,20260730,0.1,263258,26310,reused
705,continuous_hits,20260730,0.1,264473,26516,reused
706,continuous_hits,20260730,0.1,263765,26146,reused
707,continuous_hits,20260730,0.1,264078,26655,reused
708,continuous_hits,20260730,0.1,262736,26896,reused
709,continuous_hits,20260730,0.1,263288,26676,reused
710,continuous_hits,20260730,0.1,262980,26085,reused
711,continuous_hits,20260730,0.1,263644,26179,reused
712,continuous_hits,20260730,0.1,264007,26549,reused
713,continuous_hits,20260730,0.1,264062,26200,reused
714,continuous_hits,20260730,0.1,263499,26552,reused
715,continuous_hits,20260730,0.1,263799,26560,reused
716,continuous_hits,20260730,0.1,264233,26485,reused
717,continuous_hits,20260730,0.1,263166,26405,reused
718,continuous_hits,20260730,0.1,263118,26430,reused
719,continuous_hits,20260730,0.1,263408,26403,reused
0,ideal_reference,20260730,0.5,277391,138534,reused
1,ideal_reference,20260730,0.5,277029,138195,reused
2,ideal_reference,20260730,0.5,276998,137993,reused
3,ideal_reference,20260730,0.5,277348,138690,reused
4,ideal_reference,20260730,0.5,277804,138928,reused
5,ideal_reference,20260730,0.5,276514,138469,reused
6,ideal_reference,20260730,0.5,277185,138445,reused
7,ideal_reference,20260730,0.5,277042,138625,reused
8,ideal_reference,20260730,0.5,277082,138208,reused
9,ideal_reference,20260730,0.5,277028,138721,reused
10,ideal_reference,20260730,0.5,276863,138391,reused
11,ideal_reference,20260730,0.5,276826,138256,reused
12,ideal_reference,20260730,0.5,277564,138693,reused
13,ideal_reference,20260730,0.5,277813,138537,reused
14,ideal_reference,20260730,0.5,276364,138227,reused
15,ideal_reference,20260730,0.5,277322,138508,reused
16,ideal_reference,20260730,0.5,277910,139142,reused
17,ideal_reference,20260730,0.5,278946,139422,reused
18,ideal_reference,20260730,0.5,277692,139183,reused
19,ideal_reference,20260730,0.5,278200,139432,reused
20,ideal_reference,20260730,0.5,276992,138540,reused
21,ideal_reference,20260730,0.5,279099,139434,reused
22,ideal_reference,20260730,0.5,278098,139070,reused
23,ideal_reference,20260730,0.5,277868,138525,reused
24,ideal_reference,20260730,0.5,278462,139246,reused
25,ideal_reference,20260730,0.5,278034,139314,reused
26,ideal_reference,20260730,0.5,277382,138942,reused
27,ideal_reference,20260730,0.5,276864,138271,reused
28,ideal_reference,20260730,0.5,276697,138805,reused
29,ideal_reference,20260730,0.5,277543,138751,reused
30,ideal_reference,20260730,0.5,278107,139232,reused
31,ideal_reference,20260730,0.5,277532,138501,reused
32,ideal_reference,20260730,0.5,277644,138666,reused
33,ideal_reference,20260730,0.5,276801,138393,reused
34,ideal_reference,20260730,0.5,278423,139672,reused
35,ideal_reference,20260730,0.5,277592,138619,reused
36,ideal_reference,20260730,0.5,278360,139306,reused
37,ideal_reference,20260730,0.5,278131,138982,reused
38,ideal_reference,20260730,0.5,277277,138448,reused
39,ideal_reference,20260730,0.5,277642,138801,reused
40,ideal_reference,20260730,0.5,277864,138814,reused
41,ideal_reference,20260730,0.5,277215,138658,reused
42,ideal_reference,20260730,0.5,279005,139449,reused
43,ideal_reference,20260730,0.5,277868,138349,reused
44,ideal_reference,20260730,0.5,278704,139318,reused
45,ideal_reference,20260730,0.5,276735,138331,reused
46,ideal_reference,20260730,0.5,278720,139075,reused
47,ideal_reference,20260730,0.5,277014,137974,reused
48,ideal_reference,20260730,0.5,277299,138840,reused
49,ideal_reference,20260730,0.5,276966,137948,reused
50,ideal_reference,20260730,0.5,275997,137857,reused
51,ideal_reference,20260730,0.5,278008,139062,reused
52,ideal_reference,20260730,0.5,277252,138496,reused
53,ideal_reference,20260730,0.5,277369,138773,reused
54,ideal_reference,20260730,0.5,276867,138378,reused
55,ideal_reference,20260730,0.5,277159,138516,reused
56,ideal_reference,20260730,0.5,277924,138761,reused
57,ideal_reference,20260730,0.5,277548,138791,reused
58,ideal_reference,20260730,0.5,278024,138784,reused
59,ideal_reference,20260730,0.5,277096,138212,reused
60,ideal_reference,20260730,0.5,277959,139187,reused
61,ideal_reference,20260730,0.5,277461,139147,reused
62,ideal_reference,20260730,0.5,277106,138772,reused
63,ideal_reference,20260730,0.5,277424,138302,reused
64,ideal_reference,20260730,0.5,278033,139439,reused
65,ideal_reference,20260730,0.5,277324,138421,reused
66,ideal_reference,20260730,0.5,276959,138493,reused
67,ideal_reference,20260730,0.5,277359,138144,reused
68,ideal_reference,20260730,0.5,277940,139260,reused
69,ideal_reference,20260730,0.5,277989,139184,reused
70,ideal_reference,20260730,0.5,277881,139257,reused
71,ideal_reference,20260730,0.5,276462,137941,reused
72,ideal_reference,20260730,0.5,276694,138695,reused
73,ideal_reference,20260730,0.5,276569,138407,reused
74,ideal_reference,20260730,0.5,277760,139157,reused
75,ideal_reference,20260730,0.5,277578,138928,reused
76,ideal_reference,20260730,0.5,277589,139171,reused
77,ideal_reference,20260730,0.5,277756,139025,reused
78,ideal_reference,20260730,0.5,277245,138677,reused
79,ideal_reference,20260730,0.5,277839,138911,reused
80,ideal_reference,20260730,0.5,277166,138851,reused
81,ideal_reference,20260730,0.5,277289,138283,reused
82,ideal_reference,20260730,0.5,277559,138869,reused
83,ideal_reference,20260730,0.5,278063,138978,reused
84,ideal_reference,20260730,0.5,277701,139270,reused
85,ideal_reference,20260730,0.5,277390,138770,reused
86,ideal_reference,20260730,0.5,277455,138783,reused
87,ideal_reference,20260730,0.5,277924,139245,reused
88,ideal_reference,20260730,0.5,277569,138569,reused
89,ideal_reference,20260730,0.5,277734,138466,reused
90,ideal_reference,20260730,0.5,277707,138700,reused
91,ideal_reference,20260730,0.5,276697,138294,reused
92,ideal_reference,20260730,0.5,277559,138737,reused
93,ideal_reference,20260730,0.5,278020,139240,reused
94,ideal_reference,20260730,0.5,278114,138777,reused
95,ideal_reference,20260730,0.5,277389,139182,reused
96,ideal_reference,20260730,0.5,276616,138027,reused
97,ideal_reference,20260730,0.5,278288,139512,reused
98,ideal_reference,20260730,0.5,277504,138664,reused
99,ideal_reference,20260730,0.5,277499,139171,reused
100,ideal_reference,20260730,0.5,277155,138669,reused
101,ideal_reference,20260730,0.5,277992,139193,reused
102,ideal_reference,20260730,0.5,276391,137834,reused
103,ideal_reference,20260730,0.5,277871,139362,reused
104,ideal_reference,20260730,0.5,277060,138354,reused
105,ideal_reference,20260730,0.5,277531,138779,reused
106,ideal_reference,20260730,0.5,279046,139700,reused
107,ideal_reference,20260730,0.5,277890,138943,reused
108,ideal_reference,20260730,0.5,277471,138694,reused
109,ideal_reference,20260730,0.5,277857,138999,reused
110,ideal_reference,20260730,0.5,277614,138808,reused
111,ideal_reference,20260730,0.5,277483,138217,reused
112,ideal_reference,20260730,0.5,277248,138861,reused
113,ideal_reference,20260730,0.5,277582,138605,reused
114,ideal_reference,20260730,0.5,276776,137812,reused
115,ideal_reference,20260730,0.5,276537,138278,reused
116,ideal_reference,20260730,0.5,278309,139392,reused
117,ideal_reference,20260730,0.5,278114,139410,reused
118,ideal_reference,20260730,0.5,278781,138608,reused
119,ideal_reference,20260730,0.5,277719,138875,reused
120,ideal_reference,20260730,0.5,277426,138863,reused
121,ideal_reference,20260730,0.5,276649,138445,reused
122,ideal_reference,20260730,0.5,277705,138793,reused
123,ideal_reference,20260730,0.5,276997,138483,reused
124,ideal_reference,20260730,0.5,278264,139367,reused
125,ideal_reference,20260730,0.5,277421,138950,reused
126,ideal_reference,20260730,0.5,277471,138680,reused
127,ideal_reference,20260730,0.5,277125,138620,reused
128,ideal_reference,20260730,0.5,276604,138338,reused
129,ideal_reference,20260730,0.5,276718,138257,reused
130,ideal_reference,20260730,0.5,277379,138910,reused
131,ideal_reference,20260730,0.5,277870,138444,reused
132,ideal_reference,20260730,0.5,277291,139114,reused
133,ideal_reference,20260730,0.5,276688,138590,reused
134,ideal_reference,20260730,0.5,277614,138925,reused
135,ideal_reference,20260730,0.5,277889,139166,reused
136,ideal_reference,20260730,0.5,277763,138778,reused
137,ideal_reference,20260730,0.5,276279,137700,reused
138,ideal_reference,20260730,0.5,277586,138800,reused
139,ideal_reference,20260730,0.5,277756,138845,reused
140,ideal_reference,20260730,0.5,277951,139052,reused
141,ideal_reference,20260730,0.5,277616,138471,reused
142,ideal_reference,20260730,0.5,276650,138511,reused
143,ideal_reference,20260730,0.5,277093,138844,reused
144,ideal_reference,20260730,0.5,276956,138366,reused
145,ideal_reference,20260730,0.5,276630,138632,reused
146,ideal_reference,20260730,0.5,277563,138812,reused
147,ideal_reference,20260730,0.5,277187,138106,reused
148,ideal_reference,20260730,0.5,277705,138648,reused
149,ideal_reference,20260730,0.5,277403,139307,reused
150,ideal_reference,20260730,0.5,277140,138709,reused
151,ideal_reference,20260730,0.5,277763,138831,reused
152,ideal_reference,20260730,0.5,277797,138922,reused
153,ideal_reference,20260730,0.5,278255,139009,reused
154,ideal_reference,20260730,0.5,276650,138359,reused
155,ideal_reference,20260730,0.5,277185,138820,reused
156,ideal_reference,20260730,0.5,276957,138516,reused
157,ideal_reference,20260730,0.5,277468,138615,reused
158,ideal_reference,20260730,0.5,277056,138803,reused
159,ideal_reference,20260730,0.5,277849,138672,reused
160,ideal_reference,20260730,0.5,277698,139387,reused
161,ideal_reference,20260730,0.5,278116,138763,reused
162,ideal_reference,20260730,0.5,276869,137905,reused
163,ideal_reference,20260730,0.5,278130,139161,reused
164,ideal_reference,20260730,0.5,277572,138897,reused
165,ideal_reference,20260730,0.5,277418,138632,reused
166,ideal_reference,20260730,0.5,277162,138742,reused
167,ideal_reference,20260730,0.5,277658,139368,reused
168,ideal_reference,20260730,0.5,278146,138878,reused
169,ideal_reference,20260730,0.5,276912,138057,reused
170,ideal_reference,20260730,0.5,277759,138812,reused
171,ideal_reference,20260730,0.5,277320,138889,reused
172,ideal_reference,20260730,0.5,277941,138868,reused
173,ideal_reference,20260730,0.5,277299,138949,reused
174,ideal_reference,20260730,0.5,277552,138900,reused
175,ideal_reference,20260730,0.5,277785,138662,reused
176,ideal_reference,20260730,0.5,277982,138989,reused
177,ideal_reference,20260730,0.5,277569,138769,reused
178,ideal_reference,20260730,0.5,277063,138313,reused
179,ideal_reference,20260730,0.5,278094,138879,reused
180,ideal_reference,20260730,0.5,277368,138568,reused
181,ideal_reference,20260730,0.5,277035,138527,reused
182,ideal_reference,20260730,0.5,277560,138639,reused
183,ideal_reference,20260730,0.5,276551,138127,reused
184,ideal_reference,20260730,0.5,277636,138923,reused
185,ideal_reference,20260730,0.5,277412,138544,reused
186,ideal_reference,20260730,0.5,277132,139000,reused
187,ideal_reference,20260730,0.5,276643,138540,reused
188,ideal_reference,20260730,0.5,277767,138760,reused
189,ideal_reference,20260730,0.5,277579,138994,reused
190,ideal_reference,20260730,0.5,277848,139343,reused
191,ideal_reference,20260730,0.5,276751,138382,reused
192,ideal_reference,20260730,0.5,277400,138625,reused
193,ideal_reference,20260730,0.5,277154,138177,reused
194,ideal_reference,20260730,0.5,277754,138986,reused
195,ideal_reference,20260730,0.5,278291,139293,reused
196,ideal_reference,20260730,0.5,278134,138714,reused
197,ideal_reference,20260730,0.5,277357,138625,reused
198,ideal_reference,20260730,0.5,277200,138173,reused
199,ideal_reference,20260730,0.5,276425,137620,reused
200,ideal_reference,20260730,0.5,277230,138569,reused
201,ideal_reference,20260730,0.5,276208,138372,reused
202,ideal_reference,20260730,0.5,277561,139015,reused
203,ideal_reference,20260730,0.5,277273,138816,reused
204,ideal_reference,20260730,0.5,277465,138587,reused
205,ideal_reference,20260730,0.5,276283,137845,reused
206,ideal_reference,20260730,0.5,276963,138544,reused
207,ideal_reference,20260730,0.5,278150,139141,reused
208,ideal_reference,20260730,0.5,276329,138130,reused
209,ideal_reference,20260730,0.5,277697,139222,reused
210,ideal_reference,20260730,0.5,277352,138429,reused
211,ideal_reference,20260730,0.5,278251,138885,reused
212,ideal_reference,20260730,0.5,277157,138468,reused
213,ideal_reference,20260730,0.5,277159,138288,reused
214,ideal_reference,20260730,0.5,277020,138122,reused
215,ideal_reference,20260730,0.5,277412,139041,reused
216,ideal_reference,20260730,0.5,277020,138513,reused
217,ideal_reference,20260730,0.5,277745,138588,reused
218,ideal_reference,20260730,0.5,277947,138855,reused
219,ideal_reference,20260730,0.5,276749,138313,reused
220,ideal_reference,20260730,0.5,277729,139098,reused
221,ideal_reference,20260730,0.5,277077,138675,reused
222,ideal_reference,20260730,0.5,277473,138626,reused
223,ideal_reference,20260730,0.5,277807,138410,reused
224,ideal_reference,20260730,0.5,277582,138551,reused
225,ideal_reference,20260730,0.5,277069,138579,reused
226,ideal_reference,20260730,0.5,277116,138490,reused
227,ideal_reference,20260730,0.5,278622,138926,reused
228,ideal_reference,20260730,0.5,277697,138761,reused
229,ideal_reference,20260730,0.5,277692,138516,reused
230,ideal_reference,20260730,0.5,277030,138656,reused
231,ideal_reference,20260730,0.5,277651,139059,reused
232,ideal_reference,20260730,0.5,278487,139440,reused
233,ideal_reference,20260730,0.5,277818,137849,reused
234,ideal_reference,20260730,0.5,277278,139049,reused
235,ideal_reference,20260730,0.5,278048,139110,reused
236,ideal_reference,20260730,0.5,276549,138106,reused
237,ideal_reference,20260730,0.5,277978,138836,reused
238,ideal_reference,20260730,0.5,276545,138322,reused
239,ideal_reference,20260730,0.5,277436,138445,reused
240,ideal_reference,20260730,0.5,278065,139415,reused
241,ideal_reference,20260730,0.5,277534,139542,reused
242,ideal_reference,20260730,0.5,277705,138942,reused
243,ideal_reference,20260730,0.5,277185,138645,reused
244,ideal_reference,20260730,0.5,277991,139199,reused
245,ideal_reference,20260730,0.5,277864,138448,reused
246,ideal_reference,20260730,0.5,277799,139435,reused
247,ideal_reference,20260730,0.5,277365,139039,reused
248,ideal_reference,20260730,0.5,277036,138538,reused
249,ideal_reference,20260730,0.5,276801,138488,reused
250,ideal_reference,20260730,0.5,278183,139113,reused
251,ideal_reference,20260730,0.5,277916,139107,reused
252,ideal_reference,20260730,0.5,278322,138875,reused
253,ideal_reference,20260730,0.5,277878,139029,reused
254,ideal_reference,20260730,0.5,278288,138749,reused
255,ideal_reference,20260730,0.5,277033,138322,reused
256,ideal_reference,20260730,0.5,277145,138552,reused
257,ideal_reference,20260730,0.5,277055,138909,reused
258,ideal_reference,20260730,0.5,277501,138815,reused
259,ideal_reference,20260730,0.5,277561,138678,reused
260,ideal_reference,20260730,0.5,278167,139000,reused
261,ideal_reference,20260730,0.5,277745,139175,reused
262,ideal_reference,20260730,0.5,277526,138055,reused
263,ideal_reference,20260730,0.5,277528,139069,reused
264,ideal_reference,20260730,0.5,278197,138769,reused
265,ideal_reference,20260730,0.5,277209,138816,reused
266,ideal_reference,20260730,0.5,277167,138276,reused
267,ideal_reference,20260730,0.5,277229,138133,reused
268,ideal_reference,20260730,0.5,278078,139130,reused
269,ideal_reference,20260730,0.5,277401,139637,reused
270,ideal_reference,20260730,0.5,276406,138158,reused
271,ideal_reference,20260730,0.5,278251,139030,reused
272,ideal_reference,20260730,0.5,277711,139267,reused
273,ideal_reference,20260730,0.5,276498,138049,reused
274,ideal_reference,20260730,0.5,278271,139023,reused
275,ideal_reference,20260730,0.5,277121,138814,reused
276,ideal_reference,20260730,0.5,277108,138769,reused
277,ideal_reference,20260730,0.5,277068,138527,reused
278,ideal_reference,20260730,0.5,277449,139359,reused
279,ideal_reference,20260730,0.5,277265,138221,reused
280,ideal_reference,20260730,0.5,277119,138525,reused
281,ideal_reference,20260730,0.5,277875,139057,reused
282,ideal_reference,20260730,0.5,277397,138334,reused
283,ideal_reference,20260730,0.5,277160,138206,reused
284,ideal_reference,20260730,0.5,277976,138972,reused
285,ideal_reference,20260730,0.5,277447,138689,reused
286,ideal_reference,20260730,0.5,277192,138230,reused
287,ideal_reference,20260730,0.5,276644,138735,reused
288,ideal_reference,20260730,0.5,277493,138535,reused
289,ideal_reference,20260730,0.5,278416,138879,reused
290,ideal_reference,20260730,0.5,277367,138316,reused
291,ideal_reference,20260730,0.5,277643,138726,reused
292,ideal_reference,20260730,0.5,276547,138274,reused
293,ideal_reference,20260730,0.5,277120,138453,reused
294,ideal_reference,20260730,0.5,277387,138632,reused
295,ideal_reference,20260730,0.5,277247,138586,reused
296,ideal_reference,20260730,0.5,278033,139098,reused
297,ideal_reference,20260730,0.5,278230,138904,reused
298,ideal_reference,20260730,0.5,276373,138090,reused
299,ideal_reference,20260730,0.5,277803,139034,reused
300,ideal_reference,20260730,0.5,276073,137905,reused
301,ideal_reference,20260730,0.5,276981,137850,reused
302,ideal_reference,20260730,0.5,277767,139178,reused
303,ideal_reference,20260730,0.5,277468,139008,reused
304,ideal_reference,20260730,0.5,278482,138901,reused
305,ideal_reference,20260730,0.5,278486,139510,reused
306,ideal_reference,20260730,0.5,277350,138475,reused
307,ideal_reference,20260730,0.5,277341,139008,reused
308,ideal_reference,20260730,0.5,277051,137963,reused
309,ideal_reference,20260730,0.5,277105,137847,reused
310,ideal_reference,20260730,0.5,277002,138556,reused
311,ideal_reference,20260730,0.5,278070,138983,reused
312,ideal_reference,20260730,0.5,277773,139083,reused
313,ideal_reference,20260730,0.5,277002,138516,reused
314,ideal_reference,20260730,0.5,277598,138999,reused
315,ideal_reference,20260730,0.5,277371,138649,reused
316,ideal_reference,20260730,0.5,277532,138876,reused
317,ideal_reference,20260730,0.5,276948,138322,reused
318,ideal_reference,20260730,0.5,277555,138029,reused
319,ideal_reference,20260730,0.5,278451,139403,reused
320,ideal_reference,20260730,0.5,277420,138714,reused
321,ideal_reference,20260730,0.5,277520,138997,reused
322,ideal_reference,20260730,0.5,278265,139216,reused
323,ideal_reference,20260730,0.5,276973,138200,reused
324,ideal_reference,20260730,0.5,276911,138214,reused
325,ideal_reference,20260730,0.5,277700,138735,reused
326,ideal_reference,20260730,0.5,277541,138447,reused
327,ideal_reference,20260730,0.5,277730,139386,reused
328,ideal_reference,20260730,0.5,277721,138716,reused
329,ideal_reference,20260730,0.5,277767,139166,reused
330,ideal_reference,20260730,0.5,277528,138881,reused
331,ideal_reference,20260730,0.5,278577,139386,reused
332,ideal_reference,20260730,0.5,277426,138793,reused
333,ideal_reference,20260730,0.5,278279,139247,reused
334,ideal_reference,20260730,0.5,277669,139160,reused
335,ideal_reference,20260730,0.5,277337,138645,reused
336,ideal_reference,20260730,0.5,278262,139075,reused
337,ideal_reference,20260730,0.5,277786,138519,reused
338,ideal_reference,20260730,0.5,277264,138574,reused
339,ideal_reference,20260730,0.5,277345,138718,reused
340,ideal_reference,20260730,0.5,277743,138852,reused
341,ideal_reference,20260730,0.5,277389,139062,reused
342,ideal_reference,20260730,0.5,277636,139070,reused
343,ideal_reference,20260730,0.5,277691,138830,reused
344,ideal_reference,20260730,0.5,276953,138801,reused
345,ideal_reference,20260730,0.5,277786,139225,reused
346,ideal_reference,20260730,0.5,277698,138836,reused
347,ideal_reference,20260730,0.5,276921,138252,reused
348,ideal_reference,20260730,0.5,278002,139124,reused
349,ideal_reference,20260730,0.5,277048,138680,reused
350,ideal_reference,20260730,0.5,277267,138204,reused
351,ideal_reference,20260730,0.5,278121,139166,reused
352,ideal_reference,20260730,0.5,277485,138606,reused
353,ideal_reference,20260730,0.5,277916,138898,reused
354,ideal_reference,20260730,0.5,277974,138672,reused
355,ideal_reference,20260730,0.5,277431,138665,reused
356,ideal_reference,20260730,0.5,277640,139088,reused
357,ideal_reference,20260730,0.5,277707,139064,reused
358,ideal_reference,20260730,0.5,276813,138532,reused
359,ideal_reference,20260730,0.5,276208,137968,reused
360,ideal_reference,20260730,0.5,277935,139060,reused
361,ideal_reference,20260730,0.5,277192,138433,reused
362,ideal_reference,20260730,0.5,277447,138727,reused
363,ideal_reference,20260730,0.5,277763,138666,reused
364,ideal_reference,20260730,0.5,277066,138743,reused
365,ideal_reference,20260730,0.5,276758,138069,reused
366,ideal_reference,20260730,0.5,277183,138392,reused
367,ideal_reference,20260730,0.5,277685,138726,reused
368,ideal_reference,20260730,0.5,277592,138496,reused
369,ideal_reference,20260730,0.5,277933,138637,reused
370,ideal_reference,20260730,0.5,278380,139226,reused
371,ideal_reference,20260730,0.5,277585,138837,reused
372,ideal_reference,20260730,0.5,277725,138612,reused
373,ideal_reference,20260730,0.5,277712,138729,reused
374,ideal_reference,20260730,0.5,277334,138730,reused
375,ideal_reference,20260730,0.5,277980,138891,reused
376,ideal_reference,20260730,0.5,278006,139298,reused
377,ideal_reference,20260730,0.5,277271,138731,reused
378,ideal_reference,20260730,0.5,277593,138377,reused
379,ideal_reference,20260730,0.5,277118,138602,reused
380,ideal_reference,20260730,0.5,277673,138449,reused
381,ideal_reference,20260730,0.5,277377,138619,reused
382,ideal_reference,20260730,0.5,278388,139180,reused
383,ideal_reference,20260730,0.5,277793,139007,reused
384,ideal_reference,20260730,0.5,277200,138580,reused
385,ideal_reference,20260730,0.5,277299,138380,reused
386,ideal_reference,20260730,0.5,277671,138786,reused
387,ideal_reference,20260730,0.5,277807,138411,reused
388,ideal_reference,20260730,0.5,276769,138293,reused
389,ideal_reference,20260730,0.5,277282,138224,reused
390,ideal_reference,20260730,0.5,276925,138327,reused
391,ideal_reference,20260730,0.5,277273,138305,reused
392,ideal_reference,20260730,0.5,277588,138555,reused
393,ideal_reference,20260730,0.5,276212,137845,reused
394,ideal_reference,20260730,0.5,278655,139212,reused
395,ideal_reference,20260730,0.5,277823,138987,reused
396,ideal_reference,20260730,0.5,277278,138259,reused
397,ideal_reference,20260730,0.5,276988,138647,reused
398,ideal_reference,20260730,0.5,278526,139243,reused
399,ideal_reference,20260730,0.5,277219,138691,reused
400,ideal_reference,20260730,0.5,277210,138082,reused
401,ideal_reference,20260730,0.5,277712,139140,reused
402,ideal_reference,20260730,0.5,277554,138865,reused
403,ideal_reference,20260730,0.5,277338,139108,reused
404,ideal_reference,20260730,0.5,277493,138321,reused
405,ideal_reference,20260730,0.5,276923,138398,reused
406,ideal_reference,20260730,0.5,277250,138537,reused
407,ideal_reference,20260730,0.5,277264,138988,reused
408,ideal_reference,20260730,0.5,276381,138451,reused
409,ideal_reference,20260730,0.5,277008,138440,reused
410,ideal_reference,20260730,0.5,277799,138604,reused
411,ideal_reference,20260730,0.5,277385,138576,reused
412,ideal_reference,20260730,0.5,277488,138587,reused
413,ideal_reference,20260730,0.5,277280,138806,reused
414,ideal_reference,20260730,0.5,277685,138806,reused
415,ideal_reference,20260730,0.5,277585,138603,reused
416,ideal_reference,20260730,0.5,277860,138254,reused
417,ideal_reference,20260730,0.5,277600,138779,reused
418,ideal_reference,20260730,0.5,278150,139365,reused
419,ideal_reference,20260730,0.5,277531,139081,reused
420,ideal_reference,20260730,0.5,277028,138352,reused
421,ideal_reference,20260730,0.5,277257,138678,reused
422,ideal_reference,20260730,0.5,277644,138478,reused
423,ideal_reference,20260730,0.5,277516,139068,reused
424,ideal_reference,20260730,0.5,276584,138364,reused
425,ideal_reference,20260730,0.5,277979,139218,reused
426,ideal_reference,20260730,0.5,277285,138329,reused
427,ideal_reference,20260730,0.5,277674,138766,reused
428,ideal_reference,20260730,0.5,276884,138403,reused
429,ideal_reference,20260730,0.5,277864,139205,reused
430,ideal_reference,20260730,0.5,278490,139348,reused
431,ideal_reference,20260730,0.5,277436,138475,reused
432,ideal_reference,20260730,0.5,276782,138321,reused
433,ideal_reference,20260730,0.5,277428,138536,reused
434,ideal_reference,20260730,0.5,277324,138821,reused
435,ideal_reference,20260730,0.5,278017,139132,reused
436,ideal_reference,20260730,0.5,277646,139063,reused
437,ideal_reference,20260730,0.5,277785,138559,reused
438,ideal_reference,20260730,0.5,277550,138706,reused
439,ideal_reference,20260730,0.5,277643,138420,reused
440,ideal_reference,20260730,0.5,278128,139337,reused
441,ideal_reference,20260730,0.5,278084,139046,reused
442,ideal_reference,20260730,0.5,276994,138880,reused
443,ideal_reference,20260730,0.5,276655,138516,reused
444,ideal_reference,20260730,0.5,276619,138151,reused
445,ideal_reference,20260730,0.5,277545,138894,reused
446,ideal_reference,20260730,0.5,276195,138543,reused
447,ideal_reference,20260730,0.5,277020,138384,reused
448,ideal_reference,20260730,0.5,277473,138921,reused
449,ideal_reference,20260730,0.5,277427,138678,reused
450,ideal_reference,20260730,0.5,278841,139276,reused
451,ideal_reference,20260730,0.5,277754,139375,reused
452,ideal_reference,20260730,0.5,277834,138855,reused
453,ideal_reference,20260730,0.5,278615,139511,reused
454,ideal_reference,20260730,0.5,278101,139363,reused
455,ideal_reference,20260730,0.5,277412,138757,reused
456,ideal_reference,20260730,0.5,277921,138865,reused
457,ideal_reference,20260730,0.5,276781,138711,reused
458,ideal_reference,20260730,0.5,278099,139082,reused
459,ideal_reference,20260730,0.5,276838,138294,reused
460,ideal_reference,20260730,0.5,276702,138655,reused
461,ideal_reference,20260730,0.5,277329,138593,reused
462,ideal_reference,20260730,0.5,277387,138475,reused
463,ideal_reference,20260730,0.5,277462,138609,reused
464,ideal_reference,20260730,0.5,277122,138977,reused
465,ideal_reference,20260730,0.5,278091,139501,reused
466,ideal_reference,20260730,0.5,277151,138645,reused
467,ideal_reference,20260730,0.5,276446,138160,reused
468,ideal_reference,20260730,0.5,278243,139202,reused
469,ideal_reference,20260730,0.5,277080,138536,reused
470,ideal_reference,20260730,0.5,277548,138684,reused
471,ideal_reference,20260730,0.5,277600,138476,reused
472,ideal_reference,20260730,0.5,277859,138734,reused
473,ideal_reference,20260730,0.5,277824,138792,reused
474,ideal_reference,20260730,0.5,276575,138324,reused
475,ideal_reference,20260730,0.5,276673,137737,reused
476,ideal_reference,20260730,0.5,277022,138416,reused
477,ideal_reference,20260730,0.5,278029,138892,reused
478,ideal_reference,20260730,0.5,277046,138694,reused
479,ideal_reference,20260730,0.5,277836,138634,reused
480,ideal_reference,20260730,0.5,277390,138863,reused
481,ideal_reference,20260730,0.5,278249,139205,reused
482,ideal_reference,20260730,0.5,278076,139135,reused
483,ideal_reference,20260730,0.5,276791,138117,reused
484,ideal_reference,20260730,0.5,277550,138839,reused
485,ideal_reference,20260730,0.5,277009,138771,reused
486,ideal_reference,20260730,0.5,277695,139219,reused
487,ideal_reference,20260730,0.5,277325,138422,reused
488,ideal_reference,20260730,0.5,277811,139232,reused
489,ideal_reference,20260730,0.5,277386,138860,reused
490,ideal_reference,20260730,0.5,277203,138455,reused
491,ideal_reference,20260730,0.5,276892,138932,reused
492,ideal_reference,20260730,0.5,277008,138396,reused
493,ideal_reference,20260730,0.5,277081,138921,reused
494,ideal_reference,20260730,0.5,277062,138650,reused
495,ideal_reference,20260730,0.5,278688,139689,reused
496,ideal_reference,20260730,0.5,276641,138471,reused
497,ideal_reference,20260730,0.5,277496,138706,reused
498,ideal_reference,20260730,0.5,277464,138433,reused
499,ideal_reference,20260730,0.5,276902,138769,reused
500,ideal_reference,20260730,0.5,277680,138684,reused
501,ideal_reference,20260730,0.5,277317,138905,reused
502,ideal_reference,20260730,0.5,278852,139651,reused
503,ideal_reference,20260730,0.5,277564,138568,reused
504,ideal_reference,20260730,0.5,278198,139277,reused
505,ideal_reference,20260730,0.5,276234,138144,reused
506,ideal_reference,20260730,0.5,277138,138153,reused
507,ideal_reference,20260730,0.5,277984,139274,reused
508,ideal_reference,20260730,0.5,278470,139326,reused
509,ideal_reference,20260730,0.5,277016,138644,reused
510,ideal_reference,20260730,0.5,278253,138987,reused
511,ideal_reference,20260730,0.5,276868,138630,reused
512,ideal_reference,20260730,0.5,277299,138713,reused
513,ideal_reference,20260730,0.5,277874,139096,reused
514,ideal_reference,20260730,0.5,276893,138523,reused
515,ideal_reference,20260730,0.5,277090,138618,reused
516,ideal_reference,20260730,0.5,277212,138323,reused
517,ideal_reference,20260730,0.5,277758,138984,reused
518,ideal_reference,20260730,0.5,276925,138440,reused
519,ideal_reference,20260730,0.5,276896,138468,reused
520,ideal_reference,20260730,0.5,277788,139336,reused
521,ideal_reference,20260730,0.5,277193,138393,reused
522,ideal_reference,20260730,0.5,277045,138846,reused
523,ideal_reference,20260730,0.5,277141,138763,reused
524,ideal_reference,20260730,0.5,276867,138686,reused
525,ideal_reference,20260730,0.5,277215,138867,reused
526,ideal_reference,20260730,0.5,277940,138948,reused
527,ideal_reference,20260730,0.5,277482,139161,reused
528,ideal_reference,20260730,0.5,277342,138276,reused
529,ideal_reference,20260730,0.5,277295,138872,reused
530,ideal_reference,20260730,0.5,277961,139014,reused
531,ideal_reference,20260730,0.5,277652,139454,reused
532,ideal_reference,20260730,0.5,277627,138573,reused
533,ideal_reference,20260730,0.5,277200,138668,reused
534,ideal_reference,20260730,0.5,277000,138585,reused
535,ideal_reference,20260730,0.5,277633,138795,reused
536,ideal_reference,20260730,0.5,277963,138477,reused
537,ideal_reference,20260730,0.5,277254,138523,reused
538,ideal_reference,20260730,0.5,277335,138798,reused
539,ideal_reference,20260730,0.5,277007,139007,reused
540,ideal_reference,20260730,0.5,277021,138402,reused
541,ideal_reference,20260730,0.5,276815,138449,reused
542,ideal_reference,20260730,0.5,276538,137814,reused
543,ideal_reference,20260730,0.5,277854,138646,reused
544,ideal_reference,20260730,0.5,277303,138718,reused
545,ideal_reference,20260730,0.5,277993,138818,reused
546,ideal_reference,20260730,0.5,278145,138903,reused
547,ideal_reference,20260730,0.5,278092,139033,reused
548,ideal_reference,20260730,0.5,277207,138709,reused
549,ideal_reference,20260730,0.5,278148,139256,reused
550,ideal_reference,20260730,0.5,277267,138763,reused
551,ideal_reference,20260730,0.5,277123,138459,reused
552,ideal_reference,20260730,0.5,277854,138554,reused
553,ideal_reference,20260730,0.5,278169,139381,reused
554,ideal_reference,20260730,0.5,276241,137748,reused
555,ideal_reference,20260730,0.5,276913,138375,reused
556,ideal_reference,20260730,0.5,276961,138785,reused
557,ideal_reference,20260730,0.5,277842,139510,reused
558,ideal_reference,20260730,0.5,276876,138729,reused
559,ideal_reference,20260730,0.5,276859,138892,reused
560,ideal_reference,20260730,0.5,278165,139423,reused
561,ideal_reference,20260730,0.5,278331,139863,reused
562,ideal_reference,20260730,0.5,276563,138310,reused
563,ideal_reference,20260730,0.5,277571,139175,reused
564,ideal_reference,20260730,0.5,276910,138113,reused
565,ideal_reference,20260730,0.5,277624,138958,reused
566,ideal_reference,20260730,0.5,277242,138329,reused
567,ideal_reference,20260730,0.5,278830,139117,reused
568,ideal_reference,20260730,0.5,277557,139115,reused
569,ideal_reference,20260730,0.5,277209,138652,reused
570,ideal_reference,20260730,0.5,277309,138157,reused
571,ideal_reference,20260730,0.5,278035,138901,reused
572,ideal_reference,20260730,0.5,277284,138517,reused
573,ideal_reference,20260730,0.5,277552,138684,reused
574,ideal_reference,20260730,0.5,277716,139002,reused
575,ideal_reference,20260730,0.5,277307,138482,reused
576,ideal_reference,20260730,0.5,277677,138576,reused
577,ideal_reference,20260730,0.5,277390,138554,reused
578,ideal_reference,20260730,0.5,277212,138848,reused
579,ideal_reference,20260730,0.5,277233,138402,reused
580,ideal_reference,20260730,0.5,276913,138579,reused
581,ideal_reference,20260730,0.5,278066,139390,reused
582,ideal_reference,20260730,0.5,277612,138756,reused
583,ideal_reference,20260730,0.5,277474,138856,reused
584,ideal_reference,20260730,0.5,277736,139059,reused
585,ideal_reference,20260730,0.5,278377,139244,reused
586,ideal_reference,20260730,0.5,278022,138572,reused
587,ideal_reference,20260730,0.5,277592,138325,reused
588,ideal_reference,20260730,0.5,277354,138714,reused
589,ideal_reference,20260730,0.5,278027,139285,reused
590,ideal_reference,20260730,0.5,277693,139174,reused
591,ideal_reference,20260730,0.5,277746,139055,reused
592,ideal_reference,20260730,0.5,277035,138187,reused
593,ideal_reference,20260730,0.5,276926,138065,reused
594,ideal_reference,20260730,0.5,277309,138400,reused
595,ideal_reference,20260730,0.5,277237,138689,reused
596,ideal_reference,20260730,0.5,277400,138849,reused
597,ideal_reference,20260730,0.5,278642,139251,reused
598,ideal_reference,20260730,0.5,276969,138511,reused
599,ideal_reference,20260730,0.5,277276,138821,reused
600,ideal_reference,20260730,0.5,278199,139202,reused
601,ideal_reference,20260730,0.5,276909,138156,reused
602,ideal_reference,20260730,0.5,278084,139126,reused
603,ideal_reference,20260730,0.5,277674,138774,reused
604,ideal_reference,20260730,0.5,276867,138393,reused
605,ideal_reference,20260730,0.5,276592,138369,reused
606,ideal_reference,20260730,0.5,278246,139090,reused
607,ideal_reference,20260730,0.5,277978,139204,reused
608,ideal_reference,20260730,0.5,277474,138741,reused
609,ideal_reference,20260730,0.5,278446,139105,reused
610,ideal_reference,20260730,0.5,278292,139240,reused
611,ideal_reference,20260730,0.5,278051,139704,reused
612,ideal_reference,20260730,0.5,277472,138876,reused
613,ideal_reference,20260730,0.5,277060,138622,reused
614,ideal_reference,20260730,0.5,276946,138812,reused
615,ideal_reference,20260730,0.5,277670,138787,reused
616,ideal_reference,20260730,0.5,276669,138391,reused
617,ideal_reference,20260730,0.5,277087,138902,reused
618,ideal_reference,20260730,0.5,277262,138451,reused
619,ideal_reference,20260730,0.5,277803,139055,reused
620,ideal_reference,20260730,0.5,277012,138494,reused
621,ideal_reference,20260730,0.5,278212,139343,reused
622,ideal_reference,20260730,0.5,277513,138830,reused
623,ideal_reference,20260730,0.5,277233,138512,reused
624,ideal_reference,20260730,0.5,277807,138474,reused
625,ideal_reference,20260730,0.5,277160,138505,reused
626,ideal_reference,20260730,0.5,277998,138892,reused
627,ideal_reference,20260730,0.5,278343,139027,reused
628,ideal_reference,20260730,0.5,277584,138603,reused
629,ideal_reference,20260730,0.5,277638,138808,reused
630,ideal_reference,20260730,0.5,276306,138197,reused
631,ideal_reference,20260730,0.5,278326,139429,reused
632,ideal_reference,20260730,0.5,277188,138218,reused
633,ideal_reference,20260730,0.5,277974,138914,reused
634,ideal_reference,20260730,0.5,277302,138961,reused
635,ideal_reference,20260730,0.5,277177,139087,reused
636,ideal_reference,20260730,0.5,276808,138205,reused
637,ideal_reference,20260730,0.5,276541,138571,reused
638,ideal_reference,20260730,0.5,278018,139405,reused
639,ideal_reference,20260730,0.5,277400,139084,reused
640,ideal_reference,20260730,0.5,277199,138994,reused
641,ideal_reference,20260730,0.5,277436,137914,reused
642,ideal_reference,20260730,0.5,277343,138600,reused
643,ideal_reference,20260730,0.5,277816,139105,reused
644,ideal_reference,20260730,0.5,277409,138859,reused
645,ideal_reference,20260730,0.5,277440,138930,reused
646,ideal_reference,20260730,0.5,276856,138035,reused
647,ideal_reference,20260730,0.5,277865,139201,reused
648,ideal_reference,20260730,0.5,277492,138787,reused
649,ideal_reference,20260730,0.5,277443,138910,reused
650,ideal_reference,20260730,0.5,277595,138959,reused
651,ideal_reference,20260730,0.5,277275,138884,reused
652,ideal_reference,20260730,0.5,277390,138634,reused
653,ideal_reference,20260730,0.5,277185,139133,reused
654,ideal_reference,20260730,0.5,277086,138535,reused
655,ideal_reference,20260730,0.5,276550,138471,reused
656,ideal_reference,20260730,0.5,277304,139167,reused
657,ideal_reference,20260730,0.5,277900,139167,reused
658,ideal_reference,20260730,0.5,278154,139534,reused
659,ideal_reference,20260730,0.5,277563,138303,reused
660,ideal_reference,20260730,0.5,277330,138422,reused
661,ideal_reference,20260730,0.5,276249,138312,reused
662,ideal_reference,20260730,0.5,276761,138299,reused
663,ideal_reference,20260730,0.5,276859,138045,reused
664,ideal_reference,20260730,0.5,278411,139434,reused
665,ideal_reference,20260730,0.5,276304,137886,reused
666,ideal_reference,20260730,0.5,276307,137981,reused
667,ideal_reference,20260730,0.5,277135,139047,reused
668,ideal_reference,20260730,0.5,277986,139073,reused
669,ideal_reference,20260730,0.5,277438,138900,reused
670,ideal_reference,20260730,0.5,277238,138835,reused
671,ideal_reference,20260730,0.5,277189,138584,reused
672,ideal_reference,20260730,0.5,276735,138154,reused
673,ideal_reference,20260730,0.5,277388,138950,reused
674,ideal_reference,20260730,0.5,276280,138178,reused
675,ideal_reference,20260730,0.5,277361,138878,reused
676,ideal_reference,20260730,0.5,277368,138712,reused
677,ideal_reference,20260730,0.5,277535,138465,reused
678,ideal_reference,20260730,0.5,277701,139030,reused
679,ideal_reference,20260730,0.5,277660,138889,reused
680,ideal_reference,20260730,0.5,277017,138156,reused
681,ideal_reference,20260730,0.5,277595,139157,reused
682,ideal_reference,20260730,0.5,277276,138398,reused
683,ideal_reference,20260730,0.5,278217,138726,reused
684,ideal_reference,20260730,0.5,278125,138870,reused
685,ideal_reference,20260730,0.5,277717,138825,reused
686,ideal_reference,20260730,0.5,277157,138622,reused
687,ideal_reference,20260730,0.5,276579,138438,reused
688,ideal_reference,20260730,0.5,276225,138053,reused
689,ideal_reference,20260730,0.5,277030,138478,reused
690,ideal_reference,20260730,0.5,277265,138772,reused
691,ideal_reference,20260730,0.5,277013,138588,reused
692,ideal_reference,20260730,0.5,277948,138925,reused
693,ideal_reference,20260730,0.5,277012,138007,reused
694,ideal_reference,20260730,0.5,277796,139194,reused
695,ideal_reference,20260730,0.5,278600,138886,reused
696,ideal_reference,20260730,0.5,277561,138989,reused
697,ideal_reference,20260730,0.5,277538,138597,reused
698,ideal_reference,20260730,0.5,276302,137696,reused
699,ideal_reference,20260730,0.5,276805,138640,reused
700,ideal_reference,20260730,0.5,277624,139224,reused
701,ideal_reference,20260730,0.5,277939,138746,reused
702,ideal_reference,20260730,0.5,277702,138402,reused
703,ideal_reference,20260730,0.5,277157,138209,reused
704,ideal_reference,20260730,0.5,277058,138690,reused
705,ideal_reference,20260730,0.5,278034,138867,reused
706,ideal_reference,20260730,0.5,277488,138866,reused
707,ideal_reference,20260730,0.5,277961,138695,reused
708,ideal_reference,20260730,0.5,276433,138418,reused
709,ideal_reference,20260730,0.5,276897,139033,reused
710,ideal_reference,20260730,0.5,277142,138358,reused
711,ideal_reference,20260730,0.5,277489,138812,reused
712,ideal_reference,20260730,0.5,277929,139148,reused
713,ideal_reference,20260730,0.5,277607,138807,reused
714,ideal_reference,20260730,0.5,277283,138904,reused
715,ideal_reference,20260730,0.5,277814,138924,reused
716,ideal_reference,20260730,0.5,278077,138950,reused
717,ideal_reference,20260730,0.5,276882,138166,reused
718,ideal_reference,20260730,0.5,277094,138621,reused
719,ideal_reference,20260730,0.5,277229,138393,reused
0,ideal_reference,20260730,0.25,277391,69013,reused
1,ideal_reference,20260730,0.25,277029,69474,reused
2,ideal_reference,20260730,0.25,276998,69230,reused
3,ideal_reference,20260730,0.25,277348,69203,reused
4,ideal_reference,20260730,0.25,277804,69495,reused
5,ideal_reference,20260730,0.25,276514,69255,reused
6,ideal_reference,20260730,0.25,277185,69053,reused
7,ideal_reference,20260730,0.25,277042,69545,reused
8,ideal_reference,20260730,0.25,277082,69203,reused
9,ideal_reference,20260730,0.25,277028,69203,reused
10,ideal_reference,20260730,0.25,276863,69027,reused
11,ideal_reference,20260730,0.25,276826,69275,reused
12,ideal_reference,20260730,0.25,277564,69305,reused
13,ideal_reference,20260730,0.25,277813,69390,reused
14,ideal_reference,20260730,0.25,276364,69294,reused
15,ideal_reference,20260730,0.25,277322,69267,reused
16,ideal_reference,20260730,0.25,277910,69525,reused
17,ideal_reference,20260730,0.25,278946,69355,reused
18,ideal_reference,20260730,0.25,277692,69338,reused
19,ideal_reference,20260730,0.25,278200,69696,reused
20,ideal_reference,20260730,0.25,276992,69312,reused
21,ideal_reference,20260730,0.25,279099,69555,reused
22,ideal_reference,20260730,0.25,278098,69465,reused
23,ideal_reference,20260730,0.25,277868,69268,reused
24,ideal_reference,20260730,0.25,278462,69551,reused
25,ideal_reference,20260730,0.25,278034,69710,reused
26,ideal_reference,20260730,0.25,277382,69559,reused
27,ideal_reference,20260730,0.25,276864,69389,reused
28,ideal_reference,20260730,0.25,276697,69917,reused
29,ideal_reference,20260730,0.25,277543,69251,reused
30,ideal_reference,20260730,0.25,278107,69379,reused
31,ideal_reference,20260730,0.25,277532,69523,reused
32,ideal_reference,20260730,0.25,277644,69208,reused
33,ideal_reference,20260730,0.25,276801,69178,reused
34,ideal_reference,20260730,0.25,278423,69626,reused
35,ideal_reference,20260730,0.25,277592,69082,reused
36,ideal_reference,20260730,0.25,278360,69344,reused
37,ideal_reference,20260730,0.25,278131,69861,reused
38,ideal_reference,20260730,0.25,277277,69416,reused
39,ideal_reference,20260730,0.25,277642,69307,reused
40,ideal_reference,20260730,0.25,277864,69303,reused
41,ideal_reference,20260730,0.25,277215,69334,reused
42,ideal_reference,20260730,0.25,279005,70100,reused
43,ideal_reference,20260730,0.25,277868,69067,reused
44,ideal_reference,20260730,0.25,278704,69525,reused
45,ideal_reference,20260730,0.25,276735,68885,reused
46,ideal_reference,20260730,0.25,278720,69941,reused
47,ideal_reference,20260730,0.25,277014,69064,reused
48,ideal_reference,20260730,0.25,277299,69248,reused
49,ideal_reference,20260730,0.25,276966,69101,reused
50,ideal_reference,20260730,0.25,275997,69081,reused
51,ideal_reference,20260730,0.25,278008,69537,reused
52,ideal_reference,20260730,0.25,277252,68949,reused
53,ideal_reference,20260730,0.25,277369,69480,reused
54,ideal_reference,20260730,0.25,276867,69440,reused
55,ideal_reference,20260730,0.25,277159,69396,reused
56,ideal_reference,20260730,0.25,277924,69211,reused
57,ideal_reference,20260730,0.25,277548,69439,reused
58,ideal_reference,20260730,0.25,278024,69639,reused
59,ideal_reference,20260730,0.25,277096,69092,reused
60,ideal_reference,20260730,0.25,277959,69717,reused
61,ideal_reference,20260730,0.25,277461,69652,reused
62,ideal_reference,20260730,0.25,277106,69331,reused
63,ideal_reference,20260730,0.25,277424,69179,reused
64,ideal_reference,20260730,0.25,278033,69869,reused
65,ideal_reference,20260730,0.25,277324,69267,reused
66,ideal_reference,20260730,0.25,276959,69493,reused
67,ideal_reference,20260730,0.25,277359,69000,reused
68,ideal_reference,20260730,0.25,277940,69494,reused
69,ideal_reference,20260730,0.25,277989,69784,reused
70,ideal_reference,20260730,0.25,277881,69818,reused
71,ideal_reference,20260730,0.25,276462,68974,reused
72,ideal_reference,20260730,0.25,276694,68985,reused
73,ideal_reference,20260730,0.25,276569,69060,reused
74,ideal_reference,20260730,0.25,277760,69631,reused
75,ideal_reference,20260730,0.25,277578,69639,reused
76,ideal_reference,20260730,0.25,277589,69669,reused
77,ideal_reference,20260730,0.25,277756,69395,reused
78,ideal_reference,20260730,0.25,277245,69315,reused
79,ideal_reference,20260730,0.25,277839,69579,reused
80,ideal_reference,20260730,0.25,277166,69328,reused
81,ideal_reference,20260730,0.25,277289,69079,reused
82,ideal_reference,20260730,0.25,277559,69472,reused
83,ideal_reference,20260730,0.25,278063,69352,reused
84,ideal_reference,20260730,0.25,277701,69367,reused
85,ideal_reference,20260730,0.25,277390,69686,reused
86,ideal_reference,20260730,0.25,277455,69667,reused
87,ideal_reference,20260730,0.25,277924,69634,reused
88,ideal_reference,20260730,0.25,277569,69438,reused
89,ideal_reference,20260730,0.25,277734,69364,reused
90,ideal_reference,20260730,0.25,277707,69538,reused
91,ideal_reference,20260730,0.25,276697,69332,reused
92,ideal_reference,20260730,0.25,277559,69141,reused
93,ideal_reference,20260730,0.25,278020,69826,reused
94,ideal_reference,20260730,0.25,278114,69243,reused
95,ideal_reference,20260730,0.25,277389,69868,reused
96,ideal_reference,20260730,0.25,276616,68577,reused
97,ideal_reference,20260730,0.25,278288,69957,reused
98,ideal_reference,20260730,0.25,277504,69473,reused
99,ideal_reference,20260730,0.25,277499,69665,reused
100,ideal_reference,20260730,0.25,277155,69351,reused
101,ideal_reference,20260730,0.25,277992,69446,reused
102,ideal_reference,20260730,0.25,276391,68938,reused
103,ideal_reference,20260730,0.25,277871,69898,reused
104,ideal_reference,20260730,0.25,277060,69552,reused
105,ideal_reference,20260730,0.25,277531,69531,reused
106,ideal_reference,20260730,0.25,279046,69710,reused
107,ideal_reference,20260730,0.25,277890,69268,reused
108,ideal_reference,20260730,0.25,277471,69188,reused
109,ideal_reference,20260730,0.25,277857,69864,reused
110,ideal_reference,20260730,0.25,277614,69678,reused
111,ideal_reference,20260730,0.25,277483,69072,reused
112,ideal_reference,20260730,0.25,277248,69433,reused
113,ideal_reference,20260730,0.25,277582,69176,reused
114,ideal_reference,20260730,0.25,276776,68989,reused
115,ideal_reference,20260730,0.25,276537,69146,reused
116,ideal_reference,20260730,0.25,278309,69723,reused
117,ideal_reference,20260730,0.25,278114,69661,reused
118,ideal_reference,20260730,0.25,278781,69070,reused
119,ideal_reference,20260730,0.25,277719,69612,reused
120,ideal_reference,20260730,0.25,277426,69336,reused
121,ideal_reference,20260730,0.25,276649,69079,reused
122,ideal_reference,20260730,0.25,277705,69307,reused
123,ideal_reference,20260730,0.25,276997,69068,reused
124,ideal_reference,20260730,0.25,278264,69806,reused
125,ideal_reference,20260730,0.25,277421,69683,reused
126,ideal_reference,20260730,0.25,277471,69379,reused
127,ideal_reference,20260730,0.25,277125,69270,reused
128,ideal_reference,20260730,0.25,276604,69347,reused
129,ideal_reference,20260730,0.25,276718,69600,reused
130,ideal_reference,20260730,0.25,277379,69386,reused
131,ideal_reference,20260730,0.25,277870,69304,reused
132,ideal_reference,20260730,0.25,277291,69728,reused
133,ideal_reference,20260730,0.25,276688,69153,reused
134,ideal_reference,20260730,0.25,277614,69583,reused
135,ideal_reference,20260730,0.25,277889,69731,reused
136,ideal_reference,20260730,0.25,277763,69193,reused
137,ideal_reference,20260730,0.25,276279,69036,reused
138,ideal_reference,20260730,0.25,277586,69587,reused
139,ideal_reference,20260730,0.25,277756,69480,reused
140,ideal_reference,20260730,0.25,277951,69493,reused
141,ideal_reference,20260730,0.25,277616,68937,reused
142,ideal_reference,20260730,0.25,276650,69182,reused
143,ideal_reference,20260730,0.25,277093,69178,reused
144,ideal_reference,20260730,0.25,276956,68998,reused
145,ideal_reference,20260730,0.25,276630,69463,reused
146,ideal_reference,20260730,0.25,277563,69044,reused
147,ideal_reference,20260730,0.25,277187,68823,reused
148,ideal_reference,20260730,0.25,277705,69504,reused
149,ideal_reference,20260730,0.25,277403,69893,reused
150,ideal_reference,20260730,0.25,277140,69360,reused
151,ideal_reference,20260730,0.25,277763,69329,reused
152,ideal_reference,20260730,0.25,277797,69325,reused
153,ideal_reference,20260730,0.25,278255,69358,reused
154,ideal_reference,20260730,0.25,276650,69078,reused
155,ideal_reference,20260730,0.25,277185,69594,reused
156,ideal_reference,20260730,0.25,276957,69593,reused
157,ideal_reference,20260730,0.25,277468,69212,reused
158,ideal_reference,20260730,0.25,277056,69473,reused
159,ideal_reference,20260730,0.25,277849,69300,reused
160,ideal_reference,20260730,0.25,277698,69170,reused
161,ideal_reference,20260730,0.25,278116,69375,reused
162,ideal_reference,20260730,0.25,276869,68898,reused
163,ideal_reference,20260730,0.25,278130,69868,reused
164,ideal_reference,20260730,0.25,277572,69283,reused
165,ideal_reference,20260730,0.25,277418,69442,reused
166,ideal_reference,20260730,0.25,277162,69585,reused
167,ideal_reference,20260730,0.25,277658,69767,reused
168,ideal_reference,20260730,0.25,278146,69505,reused
169,ideal_reference,20260730,0.25,276912,68962,reused
170,ideal_reference,20260730,0.25,277759,69409,reused
171,ideal_reference,20260730,0.25,277320,69296,reused
172,ideal_reference,20260730,0.25,277941,69431,reused
173,ideal_reference,20260730,0.25,277299,69863,reused
174,ideal_reference,20260730,0.25,277552,69586,reused
175,ideal_reference,20260730,0.25,277785,69250,reused
176,ideal_reference,20260730,0.25,277982,69342,reused
177,ideal_reference,20260730,0.25,277569,69558,reused
178,ideal_reference,20260730,0.25,277063,69117,reused
179,ideal_reference,20260730,0.25,278094,69181,reused
180,ideal_reference,20260730,0.25,277368,69596,reused
181,ideal_reference,20260730,0.25,277035,69174,reused
182,ideal_reference,20260730,0.25,277560,69235,reused
183,ideal_reference,20260730,0.25,276551,68974,reused
184,ideal_reference,20260730,0.25,277636,69347,reused
185,ideal_reference,20260730,0.25,277412,69004,reused
186,ideal_reference,20260730,0.25,277132,69211,reused
187,ideal_reference,20260730,0.25,276643,69102,reused
188,ideal_reference,20260730,0.25,277767,69713,reused
189,ideal_reference,20260730,0.25,277579,69326,reused
190,ideal_reference,20260730,0.25,277848,69660,reused
191,ideal_reference,20260730,0.25,276751,69270,reused
192,ideal_reference,20260730,0.25,277400,69485,reused
193,ideal_reference,20260730,0.25,277154,68899,reused
194,ideal_reference,20260730,0.25,277754,69693,reused
195,ideal_reference,20260730,0.25,278291,69869,reused
196,ideal_reference,20260730,0.25,278134,69326,reused
197,ideal_reference,20260730,0.25,277357,69424,reused
198,ideal_reference,20260730,0.25,277200,68806,reused
199,ideal_reference,20260730,0.25,276425,68660,reused
200,ideal_reference,20260730,0.25,277230,69290,reused
201,ideal_reference,20260730,0.25,276208,69330,reused
202,ideal_reference,20260730,0.25,277561,69364,reused
203,ideal_reference,20260730,0.25,277273,69303,reused
204,ideal_reference,20260730,0.25,277465,69239,reused
205,ideal_reference,20260730,0.25,276283,69139,reused
206,ideal_reference,20260730,0.25,276963,69260,reused
207,ideal_reference,20260730,0.25,278150,69393,reused
208,ideal_reference,20260730,0.25,276329,69202,reused
209,ideal_reference,20260730,0.25,277697,69557,reused
210,ideal_reference,20260730,0.25,277352,69195,reused
211,ideal_reference,20260730,0.25,278251,69296,reused
212,ideal_reference,20260730,0.25,277157,69340,reused
213,ideal_reference,20260730,0.25,277159,69178,reused
214,ideal_reference,20260730,0.25,277020,69313,reused
215,ideal_reference,20260730,0.25,277412,69378,reused
216,ideal_reference,20260730,0.25,277020,69075,reused
217,ideal_reference,20260730,0.25,277745,69226,reused
218,ideal_reference,20260730,0.25,277947,69290,reused
219,ideal_reference,20260730,0.25,276749,69010,reused
220,ideal_reference,20260730,0.25,277729,69372,reused
221,ideal_reference,20260730,0.25,277077,69317,reused
222,ideal_reference,20260730,0.25,277473,69143,reused
223,ideal_reference,20260730,0.25,277807,69137,reused
224,ideal_reference,20260730,0.25,277582,69252,reused
225,ideal_reference,20260730,0.25,277069,69116,reused
226,ideal_reference,20260730,0.25,277116,69101,reused
227,ideal_reference,20260730,0.25,278622,69372,reused
228,ideal_reference,20260730,0.25,277697,69562,reused
229,ideal_reference,20260730,0.25,277692,69238,reused
230,ideal_reference,20260730,0.25,277030,69149,reused
231,ideal_reference,20260730,0.25,277651,69450,reused
232,ideal_reference,20260730,0.25,278487,69750,reused
233,ideal_reference,20260730,0.25,277818,69010,reused
234,ideal_reference,20260730,0.25,277278,69657,reused
235,ideal_reference,20260730,0.25,278048,69615,reused
236,ideal_reference,20260730,0.25,276549,69294,reused
237,ideal_reference,20260730,0.25,277978,69547,reused
238,ideal_reference,20260730,0.25,276545,69139,reused
239,ideal_reference,20260730,0.25,277436,69137,reused
240,ideal_reference,20260730,0.25,278065,69404,reused
241,ideal_reference,20260730,0.25,277534,69477,reused
242,ideal_reference,20260730,0.25,277705,69050,reused
243,ideal_reference,20260730,0.25,277185,69439,reused
244,ideal_reference,20260730,0.25,277991,69692,reused
245,ideal_reference,20260730,0.25,277864,69104,reused
246,ideal_reference,20260730,0.25,277799,69728,reused
247,ideal_reference,20260730,0.25,277365,69529,reused
248,ideal_reference,20260730,0.25,277036,69686,reused
249,ideal_reference,20260730,0.25,276801,69232,reused
250,ideal_reference,20260730,0.25,278183,69432,reused
251,ideal_reference,20260730,0.25,277916,69504,reused
252,ideal_reference,20260730,0.25,278322,69424,reused
253,ideal_reference,20260730,0.25,277878,69177,reused
254,ideal_reference,20260730,0.25,278288,69244,reused
255,ideal_reference,20260730,0.25,277033,69116,reused
256,ideal_reference,20260730,0.25,277145,69292,reused
257,ideal_reference,20260730,0.25,277055,69795,reused
258,ideal_reference,20260730,0.25,277501,69522,reused
259,ideal_reference,20260730,0.25,277561,69589,reused
260,ideal_reference,20260730,0.25,278167,69526,reused
261,ideal_reference,20260730,0.25,277745,69834,reused
262,ideal_reference,20260730,0.25,277526,69133,reused
263,ideal_reference,20260730,0.25,277528,69534,reused
264,ideal_reference,20260730,0.25,278197,69430,reused
265,ideal_reference,20260730,0.25,277209,69655,reused
266,ideal_reference,20260730,0.25,277167,69036,reused
267,ideal_reference,20260730,0.25,277229,69115,reused
268,ideal_reference,20260730,0.25,278078,69370,reused
269,ideal_reference,20260730,0.25,277401,69765,reused
270,ideal_reference,20260730,0.25,276406,69380,reused
271,ideal_reference,20260730,0.25,278251,69381,reused
272,ideal_reference,20260730,0.25,277711,70274,reused
273,ideal_reference,20260730,0.25,276498,69104,reused
274,ideal_reference,20260730,0.25,278271,69627,reused
275,ideal_reference,20260730,0.25,277121,69400,reused
276,ideal_reference,20260730,0.25,277108,69303,reused
277,ideal_reference,20260730,0.25,277068,69138,reused
278,ideal_reference,20260730,0.25,277449,69589,reused
279,ideal_reference,20260730,0.25,277265,68976,reused
280,ideal_reference,20260730,0.25,277119,69225,reused
281,ideal_reference,20260730,0.25,277875,69481,reused
282,ideal_reference,20260730,0.25,277397,69345,reused
283,ideal_reference,20260730,0.25,277160,69139,reused
284,ideal_reference,20260730,0.25,277976,69673,reused
285,ideal_reference,20260730,0.25,277447,69335,reused
286,ideal_reference,20260730,0.25,277192,69048,reused
287,ideal_reference,20260730,0.25,276644,69021,reused
288,ideal_reference,20260730,0.25,277493,68967,reused
289,ideal_reference,20260730,0.25,278416,69533,reused
290,ideal_reference,20260730,0.25,277367,69121,reused
291,ideal_reference,20260730,0.25,277643,69279,reused
292,ideal_reference,20260730,0.25,276547,68735,reused
293,ideal_reference,20260730,0.25,277120,69430,reused
294,ideal_reference,20260730,0.25,277387,69326,reused
295,ideal_reference,20260730,0.25,277247,69333,reused
296,ideal_reference,20260730,0.25,278033,69796,reused
297,ideal_reference,20260730,0.25,278230,69241,reused
298,ideal_reference,20260730,0.25,276373,68803,reused
299,ideal_reference,20260730,0.25,277803,69343,reused
300,ideal_reference,20260730,0.25,276073,68706,reused
301,ideal_reference,20260730,0.25,276981,68623,reused
302,ideal_reference,20260730,0.25,277767,69599,reused
303,ideal_reference,20260730,0.25,277468,69456,reused
304,ideal_reference,20260730,0.25,278482,69232,reused
305,ideal_reference,20260730,0.25,278486,70066,reused
306,ideal_reference,20260730,0.25,277350,69257,reused
307,ideal_reference,20260730,0.25,277341,69232,reused
308,ideal_reference,20260730,0.25,277051,69030,reused
309,ideal_reference,20260730,0.25,277105,68798,reused
310,ideal_reference,20260730,0.25,277002,69022,reused
311,ideal_reference,20260730,0.25,278070,69586,reused
312,ideal_reference,20260730,0.25,277773,69750,reused
313,ideal_reference,20260730,0.25,277002,68943,reused
314,ideal_reference,20260730,0.25,277598,69269,reused
315,ideal_reference,20260730,0.25,277371,69255,reused
316,ideal_reference,20260730,0.25,277532,69176,reused
317,ideal_reference,20260730,0.25,276948,69545,reused
318,ideal_reference,20260730,0.25,277555,69242,reused
319,ideal_reference,20260730,0.25,278451,69820,reused
320,ideal_reference,20260730,0.25,277420,69474,reused
321,ideal_reference,20260730,0.25,277520,69624,reused
322,ideal_reference,20260730,0.25,278265,69652,reused
323,ideal_reference,20260730,0.25,276973,69311,reused
324,ideal_reference,20260730,0.25,276911,69198,reused
325,ideal_reference,20260730,0.25,277700,69246,reused
326,ideal_reference,20260730,0.25,277541,69188,reused
327,ideal_reference,20260730,0.25,277730,69317,reused
328,ideal_reference,20260730,0.25,277721,69165,reused
329,ideal_reference,20260730,0.25,277767,69366,reused
330,ideal_reference,20260730,0.25,277528,69687,reused
331,ideal_reference,20260730,0.25,278577,69495,reused
332,ideal_reference,20260730,0.25,277426,69504,reused
333,ideal_reference,20260730,0.25,278279,69277,reused
334,ideal_reference,20260730,0.25,277669,69887,reused
335,ideal_reference,20260730,0.25,277337,69370,reused
336,ideal_reference,20260730,0.25,278262,69375,reused
337,ideal_reference,20260730,0.25,277786,69441,reused
338,ideal_reference,20260730,0.25,277264,69009,reused
339,ideal_reference,20260730,0.25,277345,69260,reused
340,ideal_reference,20260730,0.25,277743,69583,reused
341,ideal_reference,20260730,0.25,277389,69664,reused
342,ideal_reference,20260730,0.25,277636,69179,reused
343,ideal_reference,20260730,0.25,277691,69478,reused
344,ideal_reference,20260730,0.25,276953,69274,reused
345,ideal_reference,20260730,0.25,277786,69289,reused
346,ideal_reference,20260730,0.25,277698,69570,reused
347,ideal_reference,20260730,0.25,276921,69205,reused
348,ideal_reference,20260730,0.25,278002,69356,reused
349,ideal_reference,20260730,0.25,277048,69190,reused
350,ideal_reference,20260730,0.25,277267,69353,reused
351,ideal_reference,20260730,0.25,278121,69545,reused
352,ideal_reference,20260730,0.25,277485,69342,reused
353,ideal_reference,20260730,0.25,277916,69519,reused
354,ideal_reference,20260730,0.25,277974,69324,reused
355,ideal_reference,20260730,0.25,277431,69214,reused
356,ideal_reference,20260730,0.25,277640,69640,reused
357,ideal_reference,20260730,0.25,277707,69576,reused
358,ideal_reference,20260730,0.25,276813,69044,reused
359,ideal_reference,20260730,0.25,276208,69059,reused
360,ideal_reference,20260730,0.25,277935,69767,reused
361,ideal_reference,20260730,0.25,277192,69256,reused
362,ideal_reference,20260730,0.25,277447,69307,reused
363,ideal_reference,20260730,0.25,277763,69027,reused
364,ideal_reference,20260730,0.25,277066,69567,reused
365,ideal_reference,20260730,0.25,276758,69215,reused
366,ideal_reference,20260730,0.25,277183,69152,reused
367,ideal_reference,20260730,0.25,277685,69232,reused
368,ideal_reference,20260730,0.25,277592,69054,reused
369,ideal_reference,20260730,0.25,277933,69424,reused
370,ideal_reference,20260730,0.25,278380,69509,reused
371,ideal_reference,20260730,0.25,277585,69517,reused
372,ideal_reference,20260730,0.25,277725,69418,reused
373,ideal_reference,20260730,0.25,277712,69571,reused
374,ideal_reference,20260730,0.25,277334,69329,reused
375,ideal_reference,20260730,0.25,277980,69504,reused
376,ideal_reference,20260730,0.25,278006,69602,reused
377,ideal_reference,20260730,0.25,277271,69424,reused
378,ideal_reference,20260730,0.25,277593,69377,reused
379,ideal_reference,20260730,0.25,277118,69375,reused
380,ideal_reference,20260730,0.25,277673,69003,reused
381,ideal_reference,20260730,0.25,277377,69122,reused
382,ideal_reference,20260730,0.25,278388,69345,reused
383,ideal_reference,20260730,0.25,277793,69909,reused
384,ideal_reference,20260730,0.25,277200,68965,reused
385,ideal_reference,20260730,0.25,277299,68843,reused
386,ideal_reference,20260730,0.25,277671,69557,reused
387,ideal_reference,20260730,0.25,277807,69188,reused
388,ideal_reference,20260730,0.25,276769,68994,reused
389,ideal_reference,20260730,0.25,277282,69205,reused
390,ideal_reference,20260730,0.25,276925,69426,reused
391,ideal_reference,20260730,0.25,277273,69056,reused
392,ideal_reference,20260730,0.25,277588,69322,reused
393,ideal_reference,20260730,0.25,276212,69080,reused
394,ideal_reference,20260730,0.25,278655,69541,reused
395,ideal_reference,20260730,0.25,277823,69608,reused
396,ideal_reference,20260730,0.25,277278,69190,reused
397,ideal_reference,20260730,0.25,276988,69245,reused
398,ideal_reference,20260730,0.25,278526,69782,reused
399,ideal_reference,20260730,0.25,277219,69547,reused
400,ideal_reference,20260730,0.25,277210,68913,reused
401,ideal_reference,20260730,0.25,277712,69405,reused
402,ideal_reference,20260730,0.25,277554,69347,reused
403,ideal_reference,20260730,0.25,277338,69011,reused
404,ideal_reference,20260730,0.25,277493,68850,reused
405,ideal_reference,20260730,0.25,276923,68943,reused
406,ideal_reference,20260730,0.25,277250,68824,reused
407,ideal_reference,20260730,0.25,277264,69393,reused
408,ideal_reference,20260730,0.25,276381,69002,reused
409,ideal_reference,20260730,0.25,277008,69052,reused
410,ideal_reference,20260730,0.25,277799,69182,reused
411,ideal_reference,20260730,0.25,277385,69250,reused
412,ideal_reference,20260730,0.25,277488,69303,reused
413,ideal_reference,20260730,0.25,277280,69664,reused
414,ideal_reference,20260730,0.25,277685,69182,reused
415,ideal_reference,20260730,0.25,277585,69424,reused
416,ideal_reference,20260730,0.25,277860,69415,reused
417,ideal_reference,20260730,0.25,277600,69062,reused
418,ideal_reference,20260730,0.25,278150,69639,reused
419,ideal_reference,20260730,0.25,277531,69540,reused
420,ideal_reference,20260730,0.25,277028,69080,reused
421,ideal_reference,20260730,0.25,277257,69557,reused
422,ideal_reference,20260730,0.25,277644,69155,reused
423,ideal_reference,20260730,0.25,277516,69804,reused
424,ideal_reference,20260730,0.25,276584,69296,reused
425,ideal_reference,20260730,0.25,277979,69897,reused
426,ideal_reference,20260730,0.25,277285,69169,reused
427,ideal_reference,20260730,0.25,277674,69431,reused
428,ideal_reference,20260730,0.25,276884,69426,reused
429,ideal_reference,20260730,0.25,277864,69239,reused
430,ideal_reference,20260730,0.25,278490,69830,reused
431,ideal_reference,20260730,0.25,277436,68876,reused
432,ideal_reference,20260730,0.25,276782,69246,reused
433,ideal_reference,20260730,0.25,277428,69210,reused
434,ideal_reference,20260730,0.25,277324,69348,reused
435,ideal_reference,20260730,0.25,278017,69622,reused
436,ideal_reference,20260730,0.25,277646,69893,reused
437,ideal_reference,20260730,0.25,277785,68956,reused
438,ideal_reference,20260730,0.25,277550,69658,reused
439,ideal_reference,20260730,0.25,277643,69091,reused
440,ideal_reference,20260730,0.25,278128,69591,reused
441,ideal_reference,20260730,0.25,278084,69395,reused
442,ideal_reference,20260730,0.25,276994,69050,reused
443,ideal_reference,20260730,0.25,276655,69459,reused
444,ideal_reference,20260730,0.25,276619,69001,reused
445,ideal_reference,20260730,0.25,277545,69457,reused
446,ideal_reference,20260730,0.25,276195,69125,reused
447,ideal_reference,20260730,0.25,277020,69294,reused
448,ideal_reference,20260730,0.25,277473,69652,reused
449,ideal_reference,20260730,0.25,277427,69549,reused
450,ideal_reference,20260730,0.25,278841,69683,reused
451,ideal_reference,20260730,0.25,277754,69546,reused
452,ideal_reference,20260730,0.25,277834,69624,reused
453,ideal_reference,20260730,0.25,278615,69819,reused
454,ideal_reference,20260730,0.25,278101,69750,reused
455,ideal_reference,20260730,0.25,277412,69469,reused
456,ideal_reference,20260730,0.25,277921,69275,reused
457,ideal_reference,20260730,0.25,276781,69541,reused
458,ideal_reference,20260730,0.25,278099,69457,reused
459,ideal_reference,20260730,0.25,276838,68862,reused
460,ideal_reference,20260730,0.25,276702,69008,reused
461,ideal_reference,20260730,0.25,277329,69271,reused
462,ideal_reference,20260730,0.25,277387,69053,reused
463,ideal_reference,20260730,0.25,277462,69331,reused
464,ideal_reference,20260730,0.25,277122,69366,reused
465,ideal_reference,20260730,0.25,278091,70192,reused
466,ideal_reference,20260730,0.25,277151,69413,reused
467,ideal_reference,20260730,0.25,276446,69250,reused
468,ideal_reference,20260730,0.25,278243,69931,reused
469,ideal_reference,20260730,0.25,277080,69159,reused
470,ideal_reference,20260730,0.25,277548,69568,reused
471,ideal_reference,20260730,0.25,277600,69320,reused
472,ideal_reference,20260730,0.25,277859,69255,reused
473,ideal_reference,20260730,0.25,277824,70186,reused
474,ideal_reference,20260730,0.25,276575,69057,reused
475,ideal_reference,20260730,0.25,276673,68770,reused
476,ideal_reference,20260730,0.25,277022,69159,reused
477,ideal_reference,20260730,0.25,278029,69457,reused
478,ideal_reference,20260730,0.25,277046,69467,reused
479,ideal_reference,20260730,0.25,277836,69159,reused
480,ideal_reference,20260730,0.25,277390,69111,reused
481,ideal_reference,20260730,0.25,278249,69480,reused
482,ideal_reference,20260730,0.25,278076,69423,reused
483,ideal_reference,20260730,0.25,276791,69075,reused
484,ideal_reference,20260730,0.25,277550,69476,reused
485,ideal_reference,20260730,0.25,277009,69830,reused
486,ideal_reference,20260730,0.25,277695,69456,reused
487,ideal_reference,20260730,0.25,277325,69264,reused
488,ideal_reference,20260730,0.25,277811,69538,reused
489,ideal_reference,20260730,0.25,277386,69313,reused
490,ideal_reference,20260730,0.25,277203,69098,reused
491,ideal_reference,20260730,0.25,276892,69335,reused
492,ideal_reference,20260730,0.25,277008,69291,reused
493,ideal_reference,20260730,0.25,277081,69555,reused
494,ideal_reference,20260730,0.25,277062,69214,reused
495,ideal_reference,20260730,0.25,278688,69806,reused
496,ideal_reference,20260730,0.25,276641,69119,reused
497,ideal_reference,20260730,0.25,277496,69622,reused
498,ideal_reference,20260730,0.25,277464,69425,reused
499,ideal_reference,20260730,0.25,276902,69140,reused
500,ideal_reference,20260730,0.25,277680,69341,reused
501,ideal_reference,20260730,0.25,277317,69182,reused
502,ideal_reference,20260730,0.25,278852,69687,reused
503,ideal_reference,20260730,0.25,277564,69131,reused
504,ideal_reference,20260730,0.25,278198,69900,reused
505,ideal_reference,20260730,0.25,276234,68921,reused
506,ideal_reference,20260730,0.25,277138,69048,reused
507,ideal_reference,20260730,0.25,277984,69700,reused
508,ideal_reference,20260730,0.25,278470,69553,reused
509,ideal_reference,20260730,0.25,277016,68950,reused
510,ideal_reference,20260730,0.25,278253,69777,reused
511,ideal_reference,20260730,0.25,276868,69290,reused
512,ideal_reference,20260730,0.25,277299,69291,reused
513,ideal_reference,20260730,0.25,277874,69399,reused
514,ideal_reference,20260730,0.25,276893,69252,reused
515,ideal_reference,20260730,0.25,277090,69435,reused
516,ideal_reference,20260730,0.25,277212,69000,reused
517,ideal_reference,20260730,0.25,277758,69454,reused
518,ideal_reference,20260730,0.25,276925,69510,reused
519,ideal_reference,20260730,0.25,276896,69413,reused
520,ideal_reference,20260730,0.25,277788,69292,reused
521,ideal_reference,20260730,0.25,277193,69083,reused
522,ideal_reference,20260730,0.25,277045,69417,reused
523,ideal_reference,20260730,0.25,277141,69050,reused
524,ideal_reference,20260730,0.25,276867,69440,reused
525,ideal_reference,20260730,0.25,277215,69147,reused
526,ideal_reference,20260730,0.25,277940,69425,reused
527,ideal_reference,20260730,0.25,277482,69395,reused
528,ideal_reference,20260730,0.25,277342,69375,reused
529,ideal_reference,20260730,0.25,277295,69542,reused
530,ideal_reference,20260730,0.25,277961,69927,reused
531,ideal_reference,20260730,0.25,277652,69496,reused
532,ideal_reference,20260730,0.25,277627,69392,reused
533,ideal_reference,20260730,0.25,277200,69148,reused
534,ideal_reference,20260730,0.25,277000,69257,reused
535,ideal_reference,20260730,0.25,277633,69471,reused
536,ideal_reference,20260730,0.25,277963,69458,reused
537,ideal_reference,20260730,0.25,277254,69036,reused
538,ideal_reference,20260730,0.25,277335,69440,reused
539,ideal_reference,20260730,0.25,277007,69854,reused
540,ideal_reference,20260730,0.25,277021,69221,reused
541,ideal_reference,20260730,0.25,276815,69158,reused
542,ideal_reference,20260730,0.25,276538,68552,reused
543,ideal_reference,20260730,0.25,277854,69134,reused
544,ideal_reference,20260730,0.25,277303,69121,reused
545,ideal_reference,20260730,0.25,277993,69795,reused
546,ideal_reference,20260730,0.25,278145,69455,reused
547,ideal_reference,20260730,0.25,278092,69736,reused
548,ideal_reference,20260730,0.25,277207,69161,reused
549,ideal_reference,20260730,0.25,278148,69516,reused
550,ideal_reference,20260730,0.25,277267,69621,reused
551,ideal_reference,20260730,0.25,277123,69486,reused
552,ideal_reference,20260730,0.25,277854,69064,reused
553,ideal_reference,20260730,0.25,278169,69385,reused
554,ideal_reference,20260730,0.25,276241,68467,reused
555,ideal_reference,20260730,0.25,276913,69446,reused
556,ideal_reference,20260730,0.25,276961,69226,reused
557,ideal_reference,20260730,0.25,277842,69219,reused
558,ideal_reference,20260730,0.25,276876,68843,reused
559,ideal_reference,20260730,0.25,276859,69400,reused
560,ideal_reference,20260730,0.25,278165,70151,reused
561,ideal_reference,20260730,0.25,278331,69968,reused
562,ideal_reference,20260730,0.25,276563,69296,reused
563,ideal_reference,20260730,0.25,277571,69606,reused
564,ideal_reference,20260730,0.25,276910,68961,reused
565,ideal_reference,20260730,0.25,277624,69652,reused
566,ideal_reference,20260730,0.25,277242,69086,reused
567,ideal_reference,20260730,0.25,278830,69500,reused
568,ideal_reference,20260730,0.25,277557,69647,reused
569,ideal_reference,20260730,0.25,277209,69021,reused
570,ideal_reference,20260730,0.25,277309,69326,reused
571,ideal_reference,20260730,0.25,278035,69274,reused
572,ideal_reference,20260730,0.25,277284,69544,reused
573,ideal_reference,20260730,0.25,277552,69158,reused
574,ideal_reference,20260730,0.25,277716,69966,reused
575,ideal_reference,20260730,0.25,277307,69685,reused
576,ideal_reference,20260730,0.25,277677,68864,reused
577,ideal_reference,20260730,0.25,277390,69284,reused
578,ideal_reference,20260730,0.25,277212,69405,reused
579,ideal_reference,20260730,0.25,277233,68917,reused
580,ideal_reference,20260730,0.25,276913,69086,reused
581,ideal_reference,20260730,0.25,278066,69668,reused
582,ideal_reference,20260730,0.25,277612,69246,reused
583,ideal_reference,20260730,0.25,277474,69775,reused
584,ideal_reference,20260730,0.25,277736,69640,reused
585,ideal_reference,20260730,0.25,278377,69565,reused
586,ideal_reference,20260730,0.25,278022,69097,reused
587,ideal_reference,20260730,0.25,277592,69289,reused
588,ideal_reference,20260730,0.25,277354,69136,reused
589,ideal_reference,20260730,0.25,278027,69680,reused
590,ideal_reference,20260730,0.25,277693,69808,reused
591,ideal_reference,20260730,0.25,277746,69701,reused
592,ideal_reference,20260730,0.25,277035,69102,reused
593,ideal_reference,20260730,0.25,276926,68996,reused
594,ideal_reference,20260730,0.25,277309,68893,reused
595,ideal_reference,20260730,0.25,277237,69530,reused
596,ideal_reference,20260730,0.25,277400,69371,reused
597,ideal_reference,20260730,0.25,278642,69594,reused
598,ideal_reference,20260730,0.25,276969,68861,reused
599,ideal_reference,20260730,0.25,277276,69334,reused
600,ideal_reference,20260730,0.25,278199,69854,reused
601,ideal_reference,20260730,0.25,276909,69314,reused
602,ideal_reference,20260730,0.25,278084,69487,reused
603,ideal_reference,20260730,0.25,277674,69278,reused
604,ideal_reference,20260730,0.25,276867,69405,reused
605,ideal_reference,20260730,0.25,276592,69220,reused
606,ideal_reference,20260730,0.25,278246,69805,reused
607,ideal_reference,20260730,0.25,277978,69951,reused
608,ideal_reference,20260730,0.25,277474,69448,reused
609,ideal_reference,20260730,0.25,278446,69406,reused
610,ideal_reference,20260730,0.25,278292,69531,reused
611,ideal_reference,20260730,0.25,278051,70063,reused
612,ideal_reference,20260730,0.25,277472,69671,reused
613,ideal_reference,20260730,0.25,277060,69192,reused
614,ideal_reference,20260730,0.25,276946,69380,reused
615,ideal_reference,20260730,0.25,277670,69418,reused
616,ideal_reference,20260730,0.25,276669,69351,reused
617,ideal_reference,20260730,0.25,277087,69750,reused
618,ideal_reference,20260730,0.25,277262,69184,reused
619,ideal_reference,20260730,0.25,277803,69683,reused
620,ideal_reference,20260730,0.25,277012,69551,reused
621,ideal_reference,20260730,0.25,278212,69667,reused
622,ideal_reference,20260730,0.25,277513,69564,reused
623,ideal_reference,20260730,0.25,277233,69395,reused
624,ideal_reference,20260730,0.25,277807,69311,reused
625,ideal_reference,20260730,0.25,277160,69389,reused
626,ideal_reference,20260730,0.25,277998,69375,reused
627,ideal_reference,20260730,0.25,278343,69679,reused
628,ideal_reference,20260730,0.25,277584,69563,reused
629,ideal_reference,20260730,0.25,277638,69237,reused
630,ideal_reference,20260730,0.25,276306,69037,reused
631,ideal_reference,20260730,0.25,278326,69905,reused
632,ideal_reference,20260730,0.25,277188,68887,reused
633,ideal_reference,20260730,0.25,277974,69511,reused
634,ideal_reference,20260730,0.25,277302,69383,reused
635,ideal_reference,20260730,0.25,277177,69382,reused
636,ideal_reference,20260730,0.25,276808,68871,reused
637,ideal_reference,20260730,0.25,276541,69066,reused
638,ideal_reference,20260730,0.25,278018,69450,reused
639,ideal_reference,20260730,0.25,277400,69248,reused
640,ideal_reference,20260730,0.25,277199,69386,reused
641,ideal_reference,20260730,0.25,277436,69112,reused
642,ideal_reference,20260730,0.25,277343,69402,reused
643,ideal_reference,20260730,0.25,277816,69620,reused
644,ideal_reference,20260730,0.25,277409,69777,reused
645,ideal_reference,20260730,0.25,277440,69385,reused
646,ideal_reference,20260730,0.25,276856,68961,reused
647,ideal_reference,20260730,0.25,277865,69572,reused
648,ideal_reference,20260730,0.25,277492,69191,reused
649,ideal_reference,20260730,0.25,277443,69255,reused
650,ideal_reference,20260730,0.25,277595,69628,reused
651,ideal_reference,20260730,0.25,277275,69218,reused
652,ideal_reference,20260730,0.25,277390,69192,reused
653,ideal_reference,20260730,0.25,277185,69654,reused
654,ideal_reference,20260730,0.25,277086,69244,reused
655,ideal_reference,20260730,0.25,276550,69487,reused
656,ideal_reference,20260730,0.25,277304,69723,reused
657,ideal_reference,20260730,0.25,277900,69700,reused
658,ideal_reference,20260730,0.25,278154,69748,reused
659,ideal_reference,20260730,0.25,277563,68987,reused
660,ideal_reference,20260730,0.25,277330,69061,reused
661,ideal_reference,20260730,0.25,276249,69130,reused
662,ideal_reference,20260730,0.25,276761,69565,reused
663,ideal_reference,20260730,0.25,276859,68954,reused
664,ideal_reference,20260730,0.25,278411,69873,reused
665,ideal_reference,20260730,0.25,276304,68968,reused
666,ideal_reference,20260730,0.25,276307,69188,reused
667,ideal_reference,20260730,0.25,277135,69051,reused
668,ideal_reference,20260730,0.25,277986,69263,reused
669,ideal_reference,20260730,0.25,277438,69340,reused
670,ideal_reference,20260730,0.25,277238,69646,reused
671,ideal_reference,20260730,0.25,277189,69399,reused
672,ideal_reference,20260730,0.25,276735,69151,reused
673,ideal_reference,20260730,0.25,277388,69649,reused
674,ideal_reference,20260730,0.25,276280,69024,reused
675,ideal_reference,20260730,0.25,277361,69485,reused
676,ideal_reference,20260730,0.25,277368,69287,reused
677,ideal_reference,20260730,0.25,277535,69571,reused
678,ideal_reference,20260730,0.25,277701,69790,reused
679,ideal_reference,20260730,0.25,277660,69684,reused
680,ideal_reference,20260730,0.25,277017,69341,reused
681,ideal_reference,20260730,0.25,277595,69249,reused
682,ideal_reference,20260730,0.25,277276,68957,reused
683,ideal_reference,20260730,0.25,278217,69685,reused
684,ideal_reference,20260730,0.25,278125,69571,reused
685,ideal_reference,20260730,0.25,277717,69364,reused
686,ideal_reference,20260730,0.25,277157,69326,reused
687,ideal_reference,20260730,0.25,276579,69432,reused
688,ideal_reference,20260730,0.25,276225,69306,reused
689,ideal_reference,20260730,0.25,277030,69153,reused
690,ideal_reference,20260730,0.25,277265,69424,reused
691,ideal_reference,20260730,0.25,277013,69399,reused
692,ideal_reference,20260730,0.25,277948,69678,reused
693,ideal_reference,20260730,0.25,277012,69466,reused
694,ideal_reference,20260730,0.25,277796,69685,reused
695,ideal_reference,20260730,0.25,278600,69166,reused
696,ideal_reference,20260730,0.25,277561,69548,reused
697,ideal_reference,20260730,0.25,277538,68963,reused
698,ideal_reference,20260730,0.25,276302,68961,reused
699,ideal_reference,20260730,0.25,276805,69503,reused
700,ideal_reference,20260730,0.25,277624,69542,reused
701,ideal_reference,20260730,0.25,277939,69577,reused
702,ideal_reference,20260730,0.25,277702,69434,reused
703,ideal_reference,20260730,0.25,277157,68831,reused
704,ideal_reference,20260730,0.25,277058,69396,reused
705,ideal_reference,20260730,0.25,278034,69598,reused
706,ideal_reference,20260730,0.25,277488,69418,reused
707,ideal_reference,20260730,0.25,277961,69693,reused
708,ideal_reference,20260730,0.25,276433,69570,reused
709,ideal_reference,20260730,0.25,276897,69407,reused
710,ideal_reference,20260730,0.25,277142,69089,reused
711,ideal_reference,20260730,0.25,277489,69220,reused
712,ideal_reference,20260730,0.25,277929,69687,reused
713,ideal_reference,20260730,0.25,277607,69332,reused
714,ideal_reference,20260730,0.25,277283,69890,reused
715,ideal_reference,20260730,0.25,277814,69296,reused
716,ideal_reference,20260730,0.25,278077,69421,reused
717,ideal_reference,20260730,0.25,276882,69166,reused
718,ideal_reference,20260730,0.25,277094,69478,reused
719,ideal_reference,20260730,0.25,277229,69203,reused
0,ideal_reference,20260730,0.1,277391,27284,reused
1,ideal_reference,20260730,0.1,277029,27955,reused
2,ideal_reference,20260730,0.1,276998,27771,reused
3,ideal_reference,20260730,0.1,277348,27596,reused
4,ideal_reference,20260730,0.1,277804,27806,reused
5,ideal_reference,20260730,0.1,276514,27792,reused
6,ideal_reference,20260730,0.1,277185,27691,reused
7,ideal_reference,20260730,0.1,277042,27971,reused
8,ideal_reference,20260730,0.1,277082,27313,reused
9,ideal_reference,20260730,0.1,277028,27688,reused
10,ideal_reference,20260730,0.1,276863,27664,reused
11,ideal_reference,20260730,0.1,276826,27629,reused
12,ideal_reference,20260730,0.1,277564,27943,reused
13,ideal_reference,20260730,0.1,277813,27677,reused
14,ideal_reference,20260730,0.1,276364,27946,reused
15,ideal_reference,20260730,0.1,277322,27608,reused
16,ideal_reference,20260730,0.1,277910,27917,reused
17,ideal_reference,20260730,0.1,278946,27899,reused
18,ideal_reference,20260730,0.1,277692,27700,reused
19,ideal_reference,20260730,0.1,278200,27926,reused
20,ideal_reference,20260730,0.1,276992,27721,reused
21,ideal_reference,20260730,0.1,279099,27736,reused
22,ideal_reference,20260730,0.1,278098,27873,reused
23,ideal_reference,20260730,0.1,277868,27760,reused
24,ideal_reference,20260730,0.1,278462,27595,reused
25,ideal_reference,20260730,0.1,278034,27672,reused
26,ideal_reference,20260730,0.1,277382,27833,reused
27,ideal_reference,20260730,0.1,276864,27845,reused
28,ideal_reference,20260730,0.1,276697,27690,reused
29,ideal_reference,20260730,0.1,277543,27692,reused
30,ideal_reference,20260730,0.1,278107,27908,reused
31,ideal_reference,20260730,0.1,277532,27951,reused
32,ideal_reference,20260730,0.1,277644,27648,reused
33,ideal_reference,20260730,0.1,276801,27724,reused
34,ideal_reference,20260730,0.1,278423,27753,reused
35,ideal_reference,20260730,0.1,277592,27895,reused
36,ideal_reference,20260730,0.1,278360,27841,reused
37,ideal_reference,20260730,0.1,278131,28108,reused
38,ideal_reference,20260730,0.1,277277,27646,reused
39,ideal_reference,20260730,0.1,277642,27744,reused
40,ideal_reference,20260730,0.1,277864,27709,reused
41,ideal_reference,20260730,0.1,277215,27708,reused
42,ideal_reference,20260730,0.1,279005,27981,reused
43,ideal_reference,20260730,0.1,277868,27648,reused
44,ideal_reference,20260730,0.1,278704,27698,reused
45,ideal_reference,20260730,0.1,276735,27490,reused
46,ideal_reference,20260730,0.1,278720,27961,reused
47,ideal_reference,20260730,0.1,277014,27514,reused
48,ideal_reference,20260730,0.1,277299,27765,reused
49,ideal_reference,20260730,0.1,276966,27594,reused
50,ideal_reference,20260730,0.1,275997,27839,reused
51,ideal_reference,20260730,0.1,278008,27705,reused
52,ideal_reference,20260730,0.1,277252,27560,reused
53,ideal_reference,20260730,0.1,277369,27792,reused
54,ideal_reference,20260730,0.1,276867,27639,reused
55,ideal_reference,20260730,0.1,277159,27739,reused
56,ideal_reference,20260730,0.1,277924,27797,reused
57,ideal_reference,20260730,0.1,277548,28087,reused
58,ideal_reference,20260730,0.1,278024,27929,reused
59,ideal_reference,20260730,0.1,277096,27746,reused
60,ideal_reference,20260730,0.1,277959,27800,reused
61,ideal_reference,20260730,0.1,277461,28000,reused
62,ideal_reference,20260730,0.1,277106,27897,reused
63,ideal_reference,20260730,0.1,277424,27653,reused
64,ideal_reference,20260730,0.1,278033,28041,reused
65,ideal_reference,20260730,0.1,277324,27399,reused
66,ideal_reference,20260730,0.1,276959,27897,reused
67,ideal_reference,20260730,0.1,277359,27736,reused
68,ideal_reference,20260730,0.1,277940,27755,reused
69,ideal_reference,20260730,0.1,277989,28085,reused
70,ideal_reference,20260730,0.1,277881,28145,reused
71,ideal_reference,20260730,0.1,276462,27657,reused
72,ideal_reference,20260730,0.1,276694,27446,reused
73,ideal_reference,20260730,0.1,276569,27591,reused
74,ideal_reference,20260730,0.1,277760,28113,reused
75,ideal_reference,20260730,0.1,277578,27886,reused
76,ideal_reference,20260730,0.1,277589,27913,reused
77,ideal_reference,20260730,0.1,277756,27772,reused
78,ideal_reference,20260730,0.1,277245,27699,reused
79,ideal_reference,20260730,0.1,277839,27856,reused
80,ideal_reference,20260730,0.1,277166,27600,reused
81,ideal_reference,20260730,0.1,277289,27788,reused
82,ideal_reference,20260730,0.1,277559,27640,reused
83,ideal_reference,20260730,0.1,278063,27530,reused
84,ideal_reference,20260730,0.1,277701,27457,reused
85,ideal_reference,20260730,0.1,277390,27721,reused
86,ideal_reference,20260730,0.1,277455,27947,reused
87,ideal_reference,20260730,0.1,277924,27877,reused
88,ideal_reference,20260730,0.1,277569,27913,reused
89,ideal_reference,20260730,0.1,277734,27777,reused
90,ideal_reference,20260730,0.1,277707,27722,reused
91,ideal_reference,20260730,0.1,276697,27890,reused
92,ideal_reference,20260730,0.1,277559,27864,reused
93,ideal_reference,20260730,0.1,278020,27939,reused
94,ideal_reference,20260730,0.1,278114,27567,reused
95,ideal_reference,20260730,0.1,277389,27887,reused
96,ideal_reference,20260730,0.1,276616,27376,reused
97,ideal_reference,20260730,0.1,278288,28019,reused
98,ideal_reference,20260730,0.1,277504,27958,reused
99,ideal_reference,20260730,0.1,277499,28036,reused
100,ideal_reference,20260730,0.1,277155,27714,reused
101,ideal_reference,20260730,0.1,277992,27773,reused
102,ideal_reference,20260730,0.1,276391,27659,reused
103,ideal_reference,20260730,0.1,277871,28023,reused
104,ideal_reference,20260730,0.1,277060,27752,reused
105,ideal_reference,20260730,0.1,277531,27672,reused
106,ideal_reference,20260730,0.1,279046,27959,reused
107,ideal_reference,20260730,0.1,277890,27757,reused
108,ideal_reference,20260730,0.1,277471,27664,reused
109,ideal_reference,20260730,0.1,277857,27993,reused
110,ideal_reference,20260730,0.1,277614,27973,reused
111,ideal_reference,20260730,0.1,277483,27626,reused
112,ideal_reference,20260730,0.1,277248,27733,reused
113,ideal_reference,20260730,0.1,277582,27593,reused
114,ideal_reference,20260730,0.1,276776,27855,reused
115,ideal_reference,20260730,0.1,276537,27846,reused
116,ideal_reference,20260730,0.1,278309,28077,reused
117,ideal_reference,20260730,0.1,278114,27852,reused
118,ideal_reference,20260730,0.1,278781,27551,reused
119,ideal_reference,20260730,0.1,277719,27908,reused
120,ideal_reference,20260730,0.1,277426,27612,reused
121,ideal_reference,20260730,0.1,276649,27760,reused
122,ideal_reference,20260730,0.1,277705,27674,reused
123,ideal_reference,20260730,0.1,276997,27452,reused
124,ideal_reference,20260730,0.1,278264,27733,reused
125,ideal_reference,20260730,0.1,277421,27922,reused
126,ideal_reference,20260730,0.1,277471,27735,reused
127,ideal_reference,20260730,0.1,277125,27865,reused
128,ideal_reference,20260730,0.1,276604,27885,reused
129,ideal_reference,20260730,0.1,276718,27804,reused
130,ideal_reference,20260730,0.1,277379,27962,reused
131,ideal_reference,20260730,0.1,277870,27689,reused
132,ideal_reference,20260730,0.1,277291,27668,reused
133,ideal_reference,20260730,0.1,276688,27742,reused
134,ideal_reference,20260730,0.1,277614,27924,reused
135,ideal_reference,20260730,0.1,277889,27732,reused
136,ideal_reference,20260730,0.1,277763,27445,reused
137,ideal_reference,20260730,0.1,276279,27568,reused
138,ideal_reference,20260730,0.1,277586,27705,reused
139,ideal_reference,20260730,0.1,277756,27891,reused
140,ideal_reference,20260730,0.1,277951,27882,reused
141,ideal_reference,20260730,0.1,277616,27543,reused
142,ideal_reference,20260730,0.1,276650,27620,reused
143,ideal_reference,20260730,0.1,277093,27623,reused
144,ideal_reference,20260730,0.1,276956,27598,reused
145,ideal_reference,20260730,0.1,276630,27828,reused
146,ideal_reference,20260730,0.1,277563,27533,reused
147,ideal_reference,20260730,0.1,277187,27663,reused
148,ideal_reference,20260730,0.1,277705,27777,reused
149,ideal_reference,20260730,0.1,277403,28035,reused
150,ideal_reference,20260730,0.1,277140,27470,reused
151,ideal_reference,20260730,0.1,277763,27618,reused
152,ideal_reference,20260730,0.1,277797,27630,reused
153,ideal_reference,20260730,0.1,278255,27541,reused
154,ideal_reference,20260730,0.1,276650,27565,reused
155,ideal_reference,20260730,0.1,277185,27914,reused
156,ideal_reference,20260730,0.1,276957,27678,reused
157,ideal_reference,20260730,0.1,277468,27615,reused
158,ideal_reference,20260730,0.1,277056,27809,reused
159,ideal_reference,20260730,0.1,277849,27898,reused
160,ideal_reference,20260730,0.1,277698,27559,reused
161,ideal_reference,20260730,0.1,278116,27728,reused
162,ideal_reference,20260730,0.1,276869,27439,reused
163,ideal_reference,20260730,0.1,278130,28063,reused
164,ideal_reference,20260730,0.1,277572,27728,reused
165,ideal_reference,20260730,0.1,277418,27421,reused
166,ideal_reference,20260730,0.1,277162,27790,reused
167,ideal_reference,20260730,0.1,277658,27974,reused
168,ideal_reference,20260730,0.1,278146,27782,reused
169,ideal_reference,20260730,0.1,276912,27720,reused
170,ideal_reference,20260730,0.1,277759,27626,reused
171,ideal_reference,20260730,0.1,277320,27802,reused
172,ideal_reference,20260730,0.1,277941,27565,reused
173,ideal_reference,20260730,0.1,277299,27930,reused
174,ideal_reference,20260730,0.1,277552,27708,reused
175,ideal_reference,20260730,0.1,277785,27623,reused
176,ideal_reference,20260730,0.1,277982,27501,reused
177,ideal_reference,20260730,0.1,277569,27956,reused
178,ideal_reference,20260730,0.1,277063,27624,reused
179,ideal_reference,20260730,0.1,278094,27646,reused
180,ideal_reference,20260730,0.1,277368,27806,reused
181,ideal_reference,20260730,0.1,277035,27873,reused
182,ideal_reference,20260730,0.1,277560,27787,reused
183,ideal_reference,20260730,0.1,276551,27465,reused
184,ideal_reference,20260730,0.1,277636,27652,reused
185,ideal_reference,20260730,0.1,277412,27569,reused
186,ideal_reference,20260730,0.1,277132,27844,reused
187,ideal_reference,20260730,0.1,276643,27546,reused
188,ideal_reference,20260730,0.1,277767,27873,reused
189,ideal_reference,20260730,0.1,277579,27855,reused
190,ideal_reference,20260730,0.1,277848,27556,reused
191,ideal_reference,20260730,0.1,276751,27717,reused
192,ideal_reference,20260730,0.1,277400,27842,reused
193,ideal_reference,20260730,0.1,277154,27642,reused
194,ideal_reference,20260730,0.1,277754,27664,reused
195,ideal_reference,20260730,0.1,278291,28095,reused
196,ideal_reference,20260730,0.1,278134,27763,reused
197,ideal_reference,20260730,0.1,277357,27953,reused
198,ideal_reference,20260730,0.1,277200,27466,reused
199,ideal_reference,20260730,0.1,276425,27602,reused
200,ideal_reference,20260730,0.1,277230,27661,reused
201,ideal_reference,20260730,0.1,276208,27770,reused
202,ideal_reference,20260730,0.1,277561,27748,reused
203,ideal_reference,20260730,0.1,277273,27529,reused
204,ideal_reference,20260730,0.1,277465,27633,reused
205,ideal_reference,20260730,0.1,276283,27748,reused
206,ideal_reference,20260730,0.1,276963,27684,reused
207,ideal_reference,20260730,0.1,278150,27780,reused
208,ideal_reference,20260730,0.1,276329,27665,reused
209,ideal_reference,20260730,0.1,277697,27756,reused
210,ideal_reference,20260730,0.1,277352,27938,reused
211,ideal_reference,20260730,0.1,278251,27723,reused
212,ideal_reference,20260730,0.1,277157,27780,reused
213,ideal_reference,20260730,0.1,277159,27532,reused
214,ideal_reference,20260730,0.1,277020,27733,reused
215,ideal_reference,20260730,0.1,277412,27709,reused
216,ideal_reference,20260730,0.1,277020,27732,reused
217,ideal_reference,20260730,0.1,277745,27624,reused
218,ideal_reference,20260730,0.1,277947,27773,reused
219,ideal_reference,20260730,0.1,276749,27468,reused
220,ideal_reference,20260730,0.1,277729,27652,reused
221,ideal_reference,20260730,0.1,277077,27731,reused
222,ideal_reference,20260730,0.1,277473,27608,reused
223,ideal_reference,20260730,0.1,277807,27862,reused
224,ideal_reference,20260730,0.1,277582,27743,reused
225,ideal_reference,20260730,0.1,277069,27410,reused
226,ideal_reference,20260730,0.1,277116,27304,reused
227,ideal_reference,20260730,0.1,278622,27721,reused
228,ideal_reference,20260730,0.1,277697,28056,reused
229,ideal_reference,20260730,0.1,277692,27506,reused
230,ideal_reference,20260730,0.1,277030,27581,reused
231,ideal_reference,20260730,0.1,277651,27696,reused
232,ideal_reference,20260730,0.1,278487,27969,reused
233,ideal_reference,20260730,0.1,277818,27509,reused
234,ideal_reference,20260730,0.1,277278,27816,reused
235,ideal_reference,20260730,0.1,278048,27747,reused
236,ideal_reference,20260730,0.1,276549,27791,reused
237,ideal_reference,20260730,0.1,277978,27863,reused
238,ideal_reference,20260730,0.1,276545,27602,reused
239,ideal_reference,20260730,0.1,277436,27539,reused
240,ideal_reference,20260730,0.1,278065,27734,reused
241,ideal_reference,20260730,0.1,277534,27721,reused
242,ideal_reference,20260730,0.1,277705,27635,reused
243,ideal_reference,20260730,0.1,277185,27753,reused
244,ideal_reference,20260730,0.1,277991,27891,reused
245,ideal_reference,20260730,0.1,277864,27755,reused
246,ideal_reference,20260730,0.1,277799,28043,reused
247,ideal_reference,20260730,0.1,277365,27869,reused
248,ideal_reference,20260730,0.1,277036,28062,reused
249,ideal_reference,20260730,0.1,276801,27577,reused
250,ideal_reference,20260730,0.1,278183,27666,reused
251,ideal_reference,20260730,0.1,277916,27823,reused
252,ideal_reference,20260730,0.1,278322,27783,reused
253,ideal_reference,20260730,0.1,277878,27661,reused
254,ideal_reference,20260730,0.1,278288,27713,reused
255,ideal_reference,20260730,0.1,277033,27726,reused
256,ideal_reference,20260730,0.1,277145,27876,reused
257,ideal_reference,20260730,0.1,277055,27799,reused
258,ideal_reference,20260730,0.1,277501,27707,reused
259,ideal_reference,20260730,0.1,277561,27961,reused
260,ideal_reference,20260730,0.1,278167,27665,reused
261,ideal_reference,20260730,0.1,277745,28190,reused
262,ideal_reference,20260730,0.1,277526,27644,reused
263,ideal_reference,20260730,0.1,277528,27928,reused
264,ideal_reference,20260730,0.1,278197,27900,reused
265,ideal_reference,20260730,0.1,277209,27936,reused
266,ideal_reference,20260730,0.1,277167,27565,reused
267,ideal_reference,20260730,0.1,277229,27353,reused
268,ideal_reference,20260730,0.1,278078,27800,reused
269,ideal_reference,20260730,0.1,277401,28113,reused
270,ideal_reference,20260730,0.1,276406,27906,reused
271,ideal_reference,20260730,0.1,278251,27633,reused
272,ideal_reference,20260730,0.1,277711,27984,reused
273,ideal_reference,20260730,0.1,276498,27632,reused
274,ideal_reference,20260730,0.1,278271,28030,reused
275,ideal_reference,20260730,0.1,277121,27856,reused
276,ideal_reference,20260730,0.1,277108,27861,reused
277,ideal_reference,20260730,0.1,277068,27736,reused
278,ideal_reference,20260730,0.1,277449,27905,reused
279,ideal_reference,20260730,0.1,277265,27430,reused
280,ideal_reference,20260730,0.1,277119,27558,reused
281,ideal_reference,20260730,0.1,277875,28046,reused
282,ideal_reference,20260730,0.1,277397,27842,reused
283,ideal_reference,20260730,0.1,277160,27596,reused
284,ideal_reference,20260730,0.1,277976,27935,reused
285,ideal_reference,20260730,0.1,277447,27807,reused
286,ideal_reference,20260730,0.1,277192,27682,reused
287,ideal_reference,20260730,0.1,276644,27660,reused
288,ideal_reference,20260730,0.1,277493,27466,reused
289,ideal_reference,20260730,0.1,278416,27817,reused
290,ideal_reference,20260730,0.1,277367,27391,reused
291,ideal_reference,20260730,0.1,277643,27807,reused
292,ideal_reference,20260730,0.1,276547,27489,reused
293,ideal_reference,20260730,0.1,277120,27756,reused
294,ideal_reference,20260730,0.1,277387,27934,reused
295,ideal_reference,20260730,0.1,277247,27682,reused
296,ideal_reference,20260730,0.1,278033,28009,reused
297,ideal_reference,20260730,0.1,278230,27802,reused
298,ideal_reference,20260730,0.1,276373,27548,reused
299,ideal_reference,20260730,0.1,277803,27785,reused
300,ideal_reference,20260730,0.1,276073,27602,reused
301,ideal_reference,20260730,0.1,276981,27499,reused
302,ideal_reference,20260730,0.1,277767,27832,reused
303,ideal_reference,20260730,0.1,277468,27697,reused
304,ideal_reference,20260730,0.1,278482,27482,reused
305,ideal_reference,20260730,0.1,278486,27736,reused
306,ideal_reference,20260730,0.1,277350,27732,reused
307,ideal_reference,20260730,0.1,277341,27891,reused
308,ideal_reference,20260730,0.1,277051,27552,reused
309,ideal_reference,20260730,0.1,277105,27792,reused
310,ideal_reference,20260730,0.1,277002,27540,reused
311,ideal_reference,20260730,0.1,278070,27772,reused
312,ideal_reference,20260730,0.1,277773,27780,reused
313,ideal_reference,20260730,0.1,277002,27712,reused
314,ideal_reference,20260730,0.1,277598,27791,reused
315,ideal_reference,20260730,0.1,277371,27678,reused
316,ideal_reference,20260730,0.1,277532,27521,reused
317,ideal_reference,20260730,0.1,276948,27581,reused
318,ideal_reference,20260730,0.1,277555,27693,reused
319,ideal_reference,20260730,0.1,278451,27983,reused
320,ideal_reference,20260730,0.1,277420,27841,reused
321,ideal_reference,20260730,0.1,277520,27957,reused
322,ideal_reference,20260730,0.1,278265,27816,reused
323,ideal_reference,20260730,0.1,276973,27779,reused
324,ideal_reference,20260730,0.1,276911,27947,reused
325,ideal_reference,20260730,0.1,277700,27771,reused
326,ideal_reference,20260730,0.1,277541,27365,reused
327,ideal_reference,20260730,0.1,277730,27719,reused
328,ideal_reference,20260730,0.1,277721,27473,reused
329,ideal_reference,20260730,0.1,277767,27630,reused
330,ideal_reference,20260730,0.1,277528,28034,reused
331,ideal_reference,20260730,0.1,278577,27799,reused
332,ideal_reference,20260730,0.1,277426,27991,reused
333,ideal_reference,20260730,0.1,278279,27645,reused
334,ideal_reference,20260730,0.1,277669,27994,reused
335,ideal_reference,20260730,0.1,277337,27553,reused
336,ideal_reference,20260730,0.1,278262,27927,reused
337,ideal_reference,20260730,0.1,277786,27805,reused
338,ideal_reference,20260730,0.1,277264,27801,reused
339,ideal_reference,20260730,0.1,277345,27829,reused
340,ideal_reference,20260730,0.1,277743,27754,reused
341,ideal_reference,20260730,0.1,277389,27773,reused
342,ideal_reference,20260730,0.1,277636,27742,reused
343,ideal_reference,20260730,0.1,277691,27806,reused
344,ideal_reference,20260730,0.1,276953,27547,reused
345,ideal_reference,20260730,0.1,277786,27709,reused
346,ideal_reference,20260730,0.1,277698,27690,reused
347,ideal_reference,20260730,0.1,276921,27683,reused
348,ideal_reference,20260730,0.1,278002,27984,reused
349,ideal_reference,20260730,0.1,277048,27626,reused
350,ideal_reference,20260730,0.1,277267,27710,reused
351,ideal_reference,20260730,0.1,278121,27836,reused
352,ideal_reference,20260730,0.1,277485,27603,reused
353,ideal_reference,20260730,0.1,277916,27839,reused
354,ideal_reference,20260730,0.1,277974,27950,reused
355,ideal_reference,20260730,0.1,277431,27668,reused
356,ideal_reference,20260730,0.1,277640,27822,reused
357,ideal_reference,20260730,0.1,277707,27713,reused
358,ideal_reference,20260730,0.1,276813,27663,reused
359,ideal_reference,20260730,0.1,276208,27877,reused
360,ideal_reference,20260730,0.1,277935,28006,reused
361,ideal_reference,20260730,0.1,277192,27552,reused
362,ideal_reference,20260730,0.1,277447,27576,reused
363,ideal_reference,20260730,0.1,277763,27626,reused
364,ideal_reference,20260730,0.1,277066,27912,reused
365,ideal_reference,20260730,0.1,276758,27589,reused
366,ideal_reference,20260730,0.1,277183,27447,reused
367,ideal_reference,20260730,0.1,277685,27753,reused
368,ideal_reference,20260730,0.1,277592,27593,reused
369,ideal_reference,20260730,0.1,277933,27757,reused
370,ideal_reference,20260730,0.1,278380,27669,reused
371,ideal_reference,20260730,0.1,277585,27844,reused
372,ideal_reference,20260730,0.1,277725,27813,reused
373,ideal_reference,20260730,0.1,277712,27765,reused
374,ideal_reference,20260730,0.1,277334,27658,reused
375,ideal_reference,20260730,0.1,277980,27654,reused
376,ideal_reference,20260730,0.1,278006,27912,reused
377,ideal_reference,20260730,0.1,277271,27693,reused
378,ideal_reference,20260730,0.1,277593,27745,reused
379,ideal_reference,20260730,0.1,277118,27838,reused
380,ideal_reference,20260730,0.1,277673,27485,reused
381,ideal_reference,20260730,0.1,277377,27818,reused
382,ideal_reference,20260730,0.1,278388,27889,reused
383,ideal_reference,20260730,0.1,277793,27926,reused
384,ideal_reference,20260730,0.1,277200,27501,reused
385,ideal_reference,20260730,0.1,277299,27587,reused
386,ideal_reference,20260730,0.1,277671,27839,reused
387,ideal_reference,20260730,0.1,277807,27645,reused
388,ideal_reference,20260730,0.1,276769,27631,reused
389,ideal_reference,20260730,0.1,277282,27630,reused
390,ideal_reference,20260730,0.1,276925,27537,reused
391,ideal_reference,20260730,0.1,277273,27606,reused
392,ideal_reference,20260730,0.1,277588,27816,reused
393,ideal_reference,20260730,0.1,276212,27676,reused
394,ideal_reference,20260730,0.1,278655,27973,reused
395,ideal_reference,20260730,0.1,277823,27775,reused
396,ideal_reference,20260730,0.1,277278,27732,reused
397,ideal_reference,20260730,0.1,276988,27716,reused
398,ideal_reference,20260730,0.1,278526,27910,reused
399,ideal_reference,20260730,0.1,277219,27896,reused
400,ideal_reference,20260730,0.1,277210,27524,reused
401,ideal_reference,20260730,0.1,277712,27815,reused
402,ideal_reference,20260730,0.1,277554,27706,reused
403,ideal_reference,20260730,0.1,277338,27695,reused
404,ideal_reference,20260730,0.1,277493,27419,reused
405,ideal_reference,20260730,0.1,276923,27677,reused
406,ideal_reference,20260730,0.1,277250,27508,reused
407,ideal_reference,20260730,0.1,277264,27748,reused
408,ideal_reference,20260730,0.1,276381,27634,reused
409,ideal_reference,20260730,0.1,277008,27829,reused
410,ideal_reference,20260730,0.1,277799,28092,reused
411,ideal_reference,20260730,0.1,277385,27727,reused
412,ideal_reference,20260730,0.1,277488,27594,reused
413,ideal_reference,20260730,0.1,277280,27906,reused
414,ideal_reference,20260730,0.1,277685,27671,reused
415,ideal_reference,20260730,0.1,277585,27839,reused
416,ideal_reference,20260730,0.1,277860,27616,reused
417,ideal_reference,20260730,0.1,277600,27645,reused
418,ideal_reference,20260730,0.1,278150,27905,reused
419,ideal_reference,20260730,0.1,277531,27905,reused
420,ideal_reference,20260730,0.1,277028,27688,reused
421,ideal_reference,20260730,0.1,277257,27952,reused
422,ideal_reference,20260730,0.1,277644,27661,reused
423,ideal_reference,20260730,0.1,277516,28204,reused
424,ideal_reference,20260730,0.1,276584,27641,reused
425,ideal_reference,20260730,0.1,277979,27921,reused
426,ideal_reference,20260730,0.1,277285,27884,reused
427,ideal_reference,20260730,0.1,277674,27881,reused
428,ideal_reference,20260730,0.1,276884,27811,reused
429,ideal_reference,20260730,0.1,277864,27576,reused
430,ideal_reference,20260730,0.1,278490,28023,reused
431,ideal_reference,20260730,0.1,277436,27673,reused
432,ideal_reference,20260730,0.1,276782,27776,reused
433,ideal_reference,20260730,0.1,277428,27483,reused
434,ideal_reference,20260730,0.1,277324,27722,reused
435,ideal_reference,20260730,0.1,278017,27745,reused
436,ideal_reference,20260730,0.1,277646,28141,reused
437,ideal_reference,20260730,0.1,277785,27450,reused
438,ideal_reference,20260730,0.1,277550,27821,reused
439,ideal_reference,20260730,0.1,277643,27637,reused
440,ideal_reference,20260730,0.1,278128,27841,reused
441,ideal_reference,20260730,0.1,278084,27767,reused
442,ideal_reference,20260730,0.1,276994,27706,reused
443,ideal_reference,20260730,0.1,276655,27952,reused
444,ideal_reference,20260730,0.1,276619,27671,reused
445,ideal_reference,20260730,0.1,277545,27774,reused
446,ideal_reference,20260730,0.1,276195,27617,reused
447,ideal_reference,20260730,0.1,277020,27758,reused
448,ideal_reference,20260730,0.1,277473,27892,reused
449,ideal_reference,20260730,0.1,277427,28032,reused
450,ideal_reference,20260730,0.1,278841,27621,reused
451,ideal_reference,20260730,0.1,277754,27855,reused
452,ideal_reference,20260730,0.1,277834,27542,reused
453,ideal_reference,20260730,0.1,278615,27909,reused
454,ideal_reference,20260730,0.1,278101,28068,reused
455,ideal_reference,20260730,0.1,277412,27961,reused
456,ideal_reference,20260730,0.1,277921,27921,reused
457,ideal_reference,20260730,0.1,276781,27715,reused
458,ideal_reference,20260730,0.1,278099,27664,reused
459,ideal_reference,20260730,0.1,276838,27498,reused
460,ideal_reference,20260730,0.1,276702,27560,reused
461,ideal_reference,20260730,0.1,277329,27673,reused
462,ideal_reference,20260730,0.1,277387,27707,reused
463,ideal_reference,20260730,0.1,277462,27857,reused
464,ideal_reference,20260730,0.1,277122,27692,reused
465,ideal_reference,20260730,0.1,278091,28212,reused
466,ideal_reference,20260730,0.1,277151,27552,reused
467,ideal_reference,20260730,0.1,276446,27637,reused
468,ideal_reference,20260730,0.1,278243,27741,reused
469,ideal_reference,20260730,0.1,277080,27818,reused
470,ideal_reference,20260730,0.1,277548,27976,reused
471,ideal_reference,20260730,0.1,277600,27914,reused
472,ideal_reference,20260730,0.1,277859,27901,reused
473,ideal_reference,20260730,0.1,277824,28250,reused
474,ideal_reference,20260730,0.1,276575,27472,reused
475,ideal_reference,20260730,0.1,276673,27619,reused
476,ideal_reference,20260730,0.1,277022,27686,reused
477,ideal_reference,20260730,0.1,278029,27917,reused
478,ideal_reference,20260730,0.1,277046,27941,reused
479,ideal_reference,20260730,0.1,277836,27562,reused
480,ideal_reference,20260730,0.1,277390,27637,reused
481,ideal_reference,20260730,0.1,278249,27763,reused
482,ideal_reference,20260730,0.1,278076,27739,reused
483,ideal_reference,20260730,0.1,276791,27604,reused
484,ideal_reference,20260730,0.1,277550,27578,reused
485,ideal_reference,20260730,0.1,277009,27838,reused
486,ideal_reference,20260730,0.1,277695,27608,reused
487,ideal_reference,20260730,0.1,277325,28111,reused
488,ideal_reference,20260730,0.1,277811,27915,reused
489,ideal_reference,20260730,0.1,277386,27801,reused
490,ideal_reference,20260730,0.1,277203,27648,reused
491,ideal_reference,20260730,0.1,276892,27744,reused
492,ideal_reference,20260730,0.1,277008,27750,reused
493,ideal_reference,20260730,0.1,277081,27907,reused
494,ideal_reference,20260730,0.1,277062,27784,reused
495,ideal_reference,20260730,0.1,278688,27974,reused
496,ideal_reference,20260730,0.1,276641,27537,reused
497,ideal_reference,20260730,0.1,277496,27866,reused
498,ideal_reference,20260730,0.1,277464,27716,reused
499,ideal_reference,20260730,0.1,276902,27801,reused
500,ideal_reference,20260730,0.1,277680,27955,reused
501,ideal_reference,20260730,0.1,277317,27734,reused
502,ideal_reference,20260730,0.1,278852,28016,reused
503,ideal_reference,20260730,0.1,277564,27269,reused
504,ideal_reference,20260730,0.1,278198,27899,reused
505,ideal_reference,20260730,0.1,276234,27499,reused
506,ideal_reference,20260730,0.1,277138,27887,reused
507,ideal_reference,20260730,0.1,277984,28017,reused
508,ideal_reference,20260730,0.1,278470,27826,reused
509,ideal_reference,20260730,0.1,277016,27539,reused
510,ideal_reference,20260730,0.1,278253,27782,reused
511,ideal_reference,20260730,0.1,276868,27834,reused
512,ideal_reference,20260730,0.1,277299,27815,reused
513,ideal_reference,20260730,0.1,277874,27812,reused
514,ideal_reference,20260730,0.1,276893,27666,reused
515,ideal_reference,20260730,0.1,277090,27897,reused
516,ideal_reference,20260730,0.1,277212,27835,reused
517,ideal_reference,20260730,0.1,277758,27675,reused
518,ideal_reference,20260730,0.1,276925,27992,reused
519,ideal_reference,20260730,0.1,276896,27805,reused
520,ideal_reference,20260730,0.1,277788,27698,reused
521,ideal_reference,20260730,0.1,277193,27428,reused
522,ideal_reference,20260730,0.1,277045,27736,reused
523,ideal_reference,20260730,0.1,277141,27497,reused
524,ideal_reference,20260730,0.1,276867,27904,reused
525,ideal_reference,20260730,0.1,277215,27608,reused
526,ideal_reference,20260730,0.1,277940,27870,reused
527,ideal_reference,20260730,0.1,277482,27946,reused
528,ideal_reference,20260730,0.1,277342,27654,reused
529,ideal_reference,20260730,0.1,277295,27761,reused
530,ideal_reference,20260730,0.1,277961,28068,reused
531,ideal_reference,20260730,0.1,277652,27794,reused
532,ideal_reference,20260730,0.1,277627,28059,reused
533,ideal_reference,20260730,0.1,277200,27787,reused
534,ideal_reference,20260730,0.1,277000,27741,reused
535,ideal_reference,20260730,0.1,277633,27620,reused
536,ideal_reference,20260730,0.1,277963,27802,reused
537,ideal_reference,20260730,0.1,277254,27727,reused
538,ideal_reference,20260730,0.1,277335,27750,reused
539,ideal_reference,20260730,0.1,277007,28049,reused
540,ideal_reference,20260730,0.1,277021,27626,reused
541,ideal_reference,20260730,0.1,276815,27549,reused
542,ideal_reference,20260730,0.1,276538,27395,reused
543,ideal_reference,20260730,0.1,277854,27548,reused
544,ideal_reference,20260730,0.1,277303,27733,reused
545,ideal_reference,20260730,0.1,277993,28085,reused
546,ideal_reference,20260730,0.1,278145,27738,reused
547,ideal_reference,20260730,0.1,278092,28040,reused
548,ideal_reference,20260730,0.1,277207,27583,reused
549,ideal_reference,20260730,0.1,278148,27759,reused
550,ideal_reference,20260730,0.1,277267,27991,reused
551,ideal_reference,20260730,0.1,277123,27747,reused
552,ideal_reference,20260730,0.1,277854,27718,reused
553,ideal_reference,20260730,0.1,278169,27668,reused
554,ideal_reference,20260730,0.1,276241,27530,reused
555,ideal_reference,20260730,0.1,276913,27897,reused
556,ideal_reference,20260730,0.1,276961,27608,reused
557,ideal_reference,20260730,0.1,277842,27960,reused
558,ideal_reference,20260730,0.1,276876,27399,reused
559,ideal_reference,20260730,0.1,276859,27680,reused
560,ideal_reference,20260730,0.1,278165,28089,reused
561,ideal_reference,20260730,0.1,278331,27963,reused
562,ideal_reference,20260730,0.1,276563,27815,reused
563,ideal_reference,20260730,0.1,277571,27890,reused
564,ideal_reference,20260730,0.1,276910,27785,reused
565,ideal_reference,20260730,0.1,277624,27850,reused
566,ideal_reference,20260730,0.1,277242,27504,reused
567,ideal_reference,20260730,0.1,278830,27604,reused
568,ideal_reference,20260730,0.1,277557,27881,reused
569,ideal_reference,20260730,0.1,277209,27578,reused
570,ideal_reference,20260730,0.1,277309,27417,reused
571,ideal_reference,20260730,0.1,278035,27793,reused
572,ideal_reference,20260730,0.1,277284,27679,reused
573,ideal_reference,20260730,0.1,277552,27344,reused
574,ideal_reference,20260730,0.1,277716,28207,reused
575,ideal_reference,20260730,0.1,277307,27814,reused
576,ideal_reference,20260730,0.1,277677,27726,reused
577,ideal_reference,20260730,0.1,277390,27456,reused
578,ideal_reference,20260730,0.1,277212,27729,reused
579,ideal_reference,20260730,0.1,277233,27459,reused
580,ideal_reference,20260730,0.1,276913,27598,reused
581,ideal_reference,20260730,0.1,278066,27862,reused
582,ideal_reference,20260730,0.1,277612,27720,reused
583,ideal_reference,20260730,0.1,277474,28079,reused
584,ideal_reference,20260730,0.1,277736,27924,reused
585,ideal_reference,20260730,0.1,278377,27789,reused
586,ideal_reference,20260730,0.1,278022,27459,reused
587,ideal_reference,20260730,0.1,277592,27824,reused
588,ideal_reference,20260730,0.1,277354,27691,reused
589,ideal_reference,20260730,0.1,278027,28086,reused
590,ideal_reference,20260730,0.1,277693,27874,reused
591,ideal_reference,20260730,0.1,277746,27633,reused
592,ideal_reference,20260730,0.1,277035,27913,reused
593,ideal_reference,20260730,0.1,276926,27629,reused
594,ideal_reference,20260730,0.1,277309,27580,reused
595,ideal_reference,20260730,0.1,277237,27946,reused
596,ideal_reference,20260730,0.1,277400,27631,reused
597,ideal_reference,20260730,0.1,278642,27666,reused
598,ideal_reference,20260730,0.1,276969,27294,reused
599,ideal_reference,20260730,0.1,277276,27788,reused
600,ideal_reference,20260730,0.1,278199,27990,reused
601,ideal_reference,20260730,0.1,276909,27814,reused
602,ideal_reference,20260730,0.1,278084,27968,reused
603,ideal_reference,20260730,0.1,277674,27664,reused
604,ideal_reference,20260730,0.1,276867,27808,reused
605,ideal_reference,20260730,0.1,276592,27472,reused
606,ideal_reference,20260730,0.1,278246,27943,reused
607,ideal_reference,20260730,0.1,277978,28136,reused
608,ideal_reference,20260730,0.1,277474,27751,reused
609,ideal_reference,20260730,0.1,278446,27853,reused
610,ideal_reference,20260730,0.1,278292,27846,reused
611,ideal_reference,20260730,0.1,278051,28042,reused
612,ideal_reference,20260730,0.1,277472,27891,reused
613,ideal_reference,20260730,0.1,277060,27520,reused
614,ideal_reference,20260730,0.1,276946,27891,reused
615,ideal_reference,20260730,0.1,277670,27891,reused
616,ideal_reference,20260730,0.1,276669,27782,reused
617,ideal_reference,20260730,0.1,277087,27825,reused
618,ideal_reference,20260730,0.1,277262,27754,reused
619,ideal_reference,20260730,0.1,277803,27805,reused
620,ideal_reference,20260730,0.1,277012,27784,reused
621,ideal_reference,20260730,0.1,278212,27997,reused
622,ideal_reference,20260730,0.1,277513,28135,reused
623,ideal_reference,20260730,0.1,277233,27636,reused
624,ideal_reference,20260730,0.1,277807,27831,reused
625,ideal_reference,20260730,0.1,277160,27899,reused
626,ideal_reference,20260730,0.1,277998,27967,reused
627,ideal_reference,20260730,0.1,278343,27827,reused
628,ideal_reference,20260730,0.1,277584,27932,reused
629,ideal_reference,20260730,0.1,277638,27779,reused
630,ideal_reference,20260730,0.1,276306,27524,reused
631,ideal_reference,20260730,0.1,278326,28100,reused
632,ideal_reference,20260730,0.1,277188,27489,reused
633,ideal_reference,20260730,0.1,277974,27857,reused
634,ideal_reference,20260730,0.1,277302,27560,reused
635,ideal_reference,20260730,0.1,277177,27568,reused
636,ideal_reference,20260730,0.1,276808,27554,reused
637,ideal_reference,20260730,0.1,276541,27496,reused
638,ideal_reference,20260730,0.1,278018,27891,reused
639,ideal_reference,20260730,0.1,277400,27790,reused
640,ideal_reference,20260730,0.1,277199,27829,reused
641,ideal_reference,20260730,0.1,277436,27218,reused
642,ideal_reference,20260730,0.1,277343,27983,reused
643,ideal_reference,20260730,0.1,277816,27684,reused
644,ideal_reference,20260730,0.1,277409,27989,reused
645,ideal_reference,20260730,0.1,277440,27596,reused
646,ideal_reference,20260730,0.1,276856,27602,reused
647,ideal_reference,20260730,0.1,277865,27779,reused
648,ideal_reference,20260730,0.1,277492,27690,reused
649,ideal_reference,20260730,0.1,277443,27849,reused
650,ideal_reference,20260730,0.1,277595,27682,reused
651,ideal_reference,20260730,0.1,277275,27744,reused
652,ideal_reference,20260730,0.1,277390,27607,reused
653,ideal_reference,20260730,0.1,277185,27926,reused
654,ideal_reference,20260730,0.1,277086,27663,reused
655,ideal_reference,20260730,0.1,276550,27718,reused
656,ideal_reference,20260730,0.1,277304,27834,reused
657,ideal_reference,20260730,0.1,277900,28047,reused
658,ideal_reference,20260730,0.1,278154,27899,reused
659,ideal_reference,20260730,0.1,277563,27451,reused
660,ideal_reference,20260730,0.1,277330,27600,reused
661,ideal_reference,20260730,0.1,276249,27630,reused
662,ideal_reference,20260730,0.1,276761,27750,reused
663,ideal_reference,20260730,0.1,276859,27908,reused
664,ideal_reference,20260730,0.1,278411,27931,reused
665,ideal_reference,20260730,0.1,276304,27799,reused
666,ideal_reference,20260730,0.1,276307,27685,reused
667,ideal_reference,20260730,0.1,277135,27628,reused
668,ideal_reference,20260730,0.1,277986,27575,reused
669,ideal_reference,20260730,0.1,277438,27814,reused
670,ideal_reference,20260730,0.1,277238,27966,reused
671,ideal_reference,20260730,0.1,277189,27958,reused
672,ideal_reference,20260730,0.1,276735,27597,reused
673,ideal_reference,20260730,0.1,277388,27986,reused
674,ideal_reference,20260730,0.1,276280,27463,reused
675,ideal_reference,20260730,0.1,277361,27765,reused
676,ideal_reference,20260730,0.1,277368,27778,reused
677,ideal_reference,20260730,0.1,277535,27988,reused
678,ideal_reference,20260730,0.1,277701,28032,reused
679,ideal_reference,20260730,0.1,277660,27877,reused
680,ideal_reference,20260730,0.1,277017,27786,reused
681,ideal_reference,20260730,0.1,277595,27639,reused
682,ideal_reference,20260730,0.1,277276,27583,reused
683,ideal_reference,20260730,0.1,278217,27827,reused
684,ideal_reference,20260730,0.1,278125,28006,reused
685,ideal_reference,20260730,0.1,277717,27848,reused
686,ideal_reference,20260730,0.1,277157,27941,reused
687,ideal_reference,20260730,0.1,276579,27732,reused
688,ideal_reference,20260730,0.1,276225,27576,reused
689,ideal_reference,20260730,0.1,277030,27529,reused
690,ideal_reference,20260730,0.1,277265,27825,reused
691,ideal_reference,20260730,0.1,277013,27789,reused
692,ideal_reference,20260730,0.1,277948,27969,reused
693,ideal_reference,20260730,0.1,277012,27711,reused
694,ideal_reference,20260730,0.1,277796,27784,reused
695,ideal_reference,20260730,0.1,278600,27790,reused
696,ideal_reference,20260730,0.1,277561,27904,reused
697,ideal_reference,20260730,0.1,277538,27530,reused
698,ideal_reference,20260730,0.1,276302,27636,reused
699,ideal_reference,20260730,0.1,276805,27932,reused
700,ideal_reference,20260730,0.1,277624,27785,reused
701,ideal_reference,20260730,0.1,277939,27977,reused
702,ideal_reference,20260730,0.1,277702,27561,reused
703,ideal_reference,20260730,0.1,277157,27588,reused
704,ideal_reference,20260730,0.1,277058,27740,reused
705,ideal_reference,20260730,0.1,278034,27882,reused
706,ideal_reference,20260730,0.1,277488,27529,reused
707,ideal_reference,20260730,0.1,277961,28002,reused
708,ideal_reference,20260730,0.1,276433,28281,reused
709,ideal_reference,20260730,0.1,276897,28015,reused
710,ideal_reference,20260730,0.1,277142,27525,reused
711,ideal_reference,20260730,0.1,277489,27551,reused
712,ideal_reference,20260730,0.1,277929,27879,reused
713,ideal_reference,20260730,0.1,277607,27571,reused
714,ideal_reference,20260730,0.1,277283,27858,reused
715,ideal_reference,20260730,0.1,277814,28003,reused
716,ideal_reference,20260730,0.1,278077,27872,reused
717,ideal_reference,20260730,0.1,276882,27745,reused
718,ideal_reference,20260730,0.1,277094,27841,reused
719,ideal_reference,20260730,0.1,277229,27767,reused
