run_id,ddb_seconds,count_min,count_max,count_sum,zero_count,object_pixels,object_count_sum,object_zero_count,variance_min,variance_max,variance_sum,variance_nonfinite,variance_negative,dataset,candidate,selected_train,reused,finite
0,12.93429057799949,18,251,57403419,0,251352,26327181,0,1.1878450095537119e-05,3.331852674484253,75701.96563836522,0,0,s1,baseline_3sigma,233987,False,True
1,12.869727983001212,17,249,57383233,0,251352,26308266,0,1.1917411939066369e-05,3.070627450942993,75583.16184668826,0,0,s1,baseline_3sigma,233461,False,True
2,12.80641664200084,15,241,57198953,0,251352,26209530,0,9.381196832691785e-06,3.0110766887664795,76486.15324218081,0,0,s1,baseline_3sigma,233074,False,True
3,12.756174169997394,19,253,57514852,0,251352,26403359,0,6.740539447491756e-06,3.4511568546295166,76896.12058319272,0,0,s1,baseline_3sigma,234069,False,True
4,1.8111883089950425,18,246,57624999,0,251352,26456433,0,7.475273378076963e-06,3.3138835430145264,78407.61341728516,0,0,s1,baseline_3sigma,234386,False,True
5,1.8229504769988125,14,252,57444597,0,251352,26352659,0,7.5260672929289285e-06,3.0948004722595215,80921.44836715974,0,0,s1,baseline_3sigma,233764,False,True
6,1.840178783997544,17,246,57592085,0,251352,26379961,0,1.1109654224128462e-05,4.135104179382324,82178.511284727,0,0,s1,baseline_3sigma,234370,False,True
7,1.8962159389993758,15,246,57287305,0,251352,26138608,0,1.1647234714473598e-05,4.2903313636779785,85464.65617396493,0,0,s1,baseline_3sigma,233455,False,True
8,1.8376406070019584,19,237,57525552,0,251352,26338305,0,8.713107490621042e-06,3.351769208908081,84500.43963197991,0,0,s1,baseline_3sigma,233860,False,True
9,1.8073865830010618,18,253,57319189,0,251352,26363425,0,5.863339993084082e-06,3.168773889541626,85652.16696101827,0,0,s1,baseline_3sigma,233426,False,True
10,1.7505509290058399,17,231,57125496,0,251352,26202614,0,9.650819265516475e-06,2.8795111179351807,86794.72423383492,0,0,s1,baseline_3sigma,232752,False,True
11,1.8098614769987762,18,238,57359589,0,251352,26345342,0,1.113283542508725e-05,3.1149232387542725,86090.5510115735,0,0,s1,baseline_3sigma,233719,False,True
12,1.8276723890012363,19,244,57351333,0,251352,26393130,0,1.205590433528414e-05,2.895021677017212,86320.83725107333,0,0,s1,baseline_3sigma,233803,False,True
13,1.8121245959991938,13,236,57467103,0,251352,26325888,0,9.417989531357307e-06,2.9095394611358643,87523.74818170682,0,0,s1,baseline_3sigma,234271,False,True
14,1.808892729000945,17,231,57353538,0,251352,26254164,0,1.074601004802389e-05,3.0006511211395264,86217.33916009302,0,0,s1,baseline_3sigma,233541,False,True
15,1.7928428509985679,19,241,57398928,0,251352,26372455,0,7.215281129901996e-06,2.674675226211548,86562.83823778195,0,0,s1,baseline_3sigma,233773,False,True
16,1.8259725150055601,16,253,57165176,0,251352,26210352,0,1.2269703802303411e-05,2.9752492904663086,85365.09670173009,0,0,s1,baseline_3sigma,233339,False,True
17,1.8169612830024562,19,271,57321039,0,251352,26169556,0,9.032074558490422e-06,2.5890603065490723,84507.07473596503,0,0,s1,baseline_3sigma,233350,False,True
18,1.8573292729997775,17,247,57161031,0,251352,26179911,0,6.297229447227437e-06,3.4488227367401123,84469.16282056794,0,0,s1,baseline_3sigma,233439,False,True
19,1.7555973080015974,17,232,57108738,0,251352,26203743,0,1.0486369319551159e-05,2.876352071762085,83357.57737064264,0,0,s1,baseline_3sigma,232321,False,True
20,1.8817859789996874,19,245,57454926,0,251352,26251406,0,6.236912668100558e-06,2.782640218734741,81284.60594298199,0,0,s1,baseline_3sigma,233445,False,True
21,1.8698042840042035,14,245,57281073,0,251352,26318945,0,8.098671059997287e-06,2.976325511932373,81399.64364749713,0,0,s1,baseline_3sigma,233030,False,True
22,1.8797030260029715,16,248,57289620,0,251352,26349252,0,9.957263500837144e-06,2.6268091201782227,81503.54970788214,0,0,s1,baseline_3sigma,233762,False,True
23,1.8008974269978353,17,248,57320138,0,251352,26327951,0,1.0665615263860673e-05,3.3529748916625977,80818.18236855321,0,0,s1,baseline_3sigma,234079,False,True
24,1.8339410629996564,18,245,57253040,0,251352,26275814,0,1.0811044376168866e-05,3.26424503326416,80658.45101993324,0,0,s1,baseline_3sigma,233348,False,True
25,1.8214225129995611,15,224,57275938,0,251352,26247101,0,6.292777015914908e-06,4.1934027671813965,81203.14776891911,0,0,s1,baseline_3sigma,233437,False,True
26,1.8115446890005842,17,261,57538951,0,251352,26348600,0,9.504867193754762e-06,2.8856201171875,79254.66648840671,0,0,s1,baseline_3sigma,233226,False,True
27,1.8537345950026065,18,247,57470824,0,251352,26435247,0,8.067906492215116e-06,3.195481777191162,78369.1401786475,0,0,s1,baseline_3sigma,233987,False,True
28,1.7902582680035266,14,244,57476568,0,251352,26365050,0,1.0544454198679887e-05,2.5667483806610107,77896.64819865927,0,0,s1,baseline_3sigma,233869,False,True
29,1.8751899729977595,16,232,57471393,0,251352,26342677,0,8.113315743685234e-06,3.040238380432129,77608.79037205978,0,0,s1,baseline_3sigma,234343,False,True
30,1.8933860100005404,19,232,57133794,0,251352,26204907,0,8.528196303814184e-06,2.8735132217407227,78036.79484374519,0,0,s1,baseline_3sigma,232612,False,True
31,1.7981357600001502,15,259,57257334,0,251352,26236411,0,8.806269761407748e-06,2.930476188659668,78390.90628347521,0,0,s1,baseline_3sigma,233660,False,True
32,1.8769726750033442,20,253,57773545,0,251352,26547489,0,7.735504368611146e-06,3.1684064865112305,77266.86200463647,0,0,s1,baseline_3sigma,234809,False,True
33,1.925355524996121,18,242,57510425,0,251352,26331547,0,1.1268056368862744e-05,3.068363904953003,77934.16648821646,0,0,s1,baseline_3sigma,234310,False,True
34,1.9388796999992337,18,235,57303660,0,251352,26290446,0,8.842795068630949e-06,2.8602564334869385,79861.77892328682,0,0,s1,baseline_3sigma,233764,False,True
35,1.864379402002669,14,244,57378812,0,251352,26397822,0,6.3034881350176875e-06,4.0945868492126465,80267.25691160506,0,0,s1,baseline_3sigma,233615,False,True
36,1.8062675640030648,15,255,57351864,0,251352,26291082,0,1.1022425496776123e-05,2.73820424079895,81587.30300803766,0,0,s1,baseline_3sigma,233846,False,True
37,1.8442504090053262,18,260,57126288,0,251352,26163487,0,8.73647331900429e-06,3.8606278896331787,82693.6761430688,0,0,s1,baseline_3sigma,233004,False,True
38,1.9239663510015816,16,238,57549892,0,251352,26388408,0,1.083822462533135e-05,2.7524704933166504,81303.9255451746,0,0,s1,baseline_3sigma,234094,False,True
39,1.8186371350020636,17,246,57513452,0,251352,26357963,0,8.802388947515283e-06,2.9053549766540527,82595.69581161387,0,0,s1,baseline_3sigma,234156,False,True
40,1.87647092500265,15,240,57414198,0,251352,26339996,0,8.712344424566254e-06,2.566734790802002,82007.28150045431,0,0,s1,baseline_3sigma,233751,False,True
41,1.8743381330059492,18,234,57507410,0,251352,26395851,0,9.603340913599823e-06,2.525357961654663,81700.56893828,0,0,s1,baseline_3sigma,234125,False,True
42,1.8868492740002694,14,237,57641421,0,251352,26448824,0,1.4018726687936578e-05,3.394883871078491,82505.83821875839,0,0,s1,baseline_3sigma,234419,False,True
43,1.9079225419991417,17,242,57522623,0,251352,26256166,0,1.1298836398054846e-05,2.5694169998168945,81758.37551724572,0,0,s1,baseline_3sigma,234123,False,True
44,1.8654081699933158,16,248,57597321,0,251352,26456558,0,7.175647624535486e-06,2.690436601638794,82300.42285779852,0,0,s1,baseline_3sigma,234043,False,True
45,1.8743209539970849,16,266,57315001,0,251352,26267165,0,1.1428082871134393e-05,2.4488303661346436,83450.85866653873,0,0,s1,baseline_3sigma,233735,False,True
46,1.8769299009945826,18,245,57504937,0,251352,26338387,0,8.178903044608887e-06,2.808878183364868,83483.09637122968,0,0,s1,baseline_3sigma,233662,False,True
47,1.8745542329997988,20,243,57196063,0,251352,26227680,0,1.0868081517401151e-05,3.1688060760498047,84965.64452621076,0,0,s1,baseline_3sigma,233156,False,True
48,1.8689147490003961,18,246,57417721,0,251352,26253687,0,1.1717581401171628e-05,2.79862380027771,84855.04310432961,0,0,s1,baseline_3sigma,233545,False,True
49,1.8204362859978573,18,236,57292825,0,251352,26356694,0,7.309873126359889e-06,3.1394436359405518,85210.84509757985,0,0,s1,baseline_3sigma,233656,False,True
50,1.8969890270018368,16,243,57503675,0,251352,26304698,0,1.2460211110010277e-05,3.182565927505493,86563.98734915981,0,0,s1,baseline_3sigma,233679,False,True
51,1.886314893999952,18,241,57362092,0,251352,26256797,0,1.1482302397780586e-05,2.7285714149475098,86884.58891909383,0,0,s1,baseline_3sigma,233398,False,True
52,1.9486512369985576,18,236,57710385,0,251352,26498586,0,1.13083542601089e-05,2.7002975940704346,85969.07196358722,0,0,s1,baseline_3sigma,234473,False,True
53,2.00910663799732,17,240,57608164,0,251352,26429300,0,8.50541255204007e-06,3.2353219985961914,87302.43367300137,0,0,s1,baseline_3sigma,233930,False,True
54,1.9920371289990726,16,252,57253190,0,251352,26317802,0,8.466727194900159e-06,3.173558473587036,88136.95715888764,0,0,s1,baseline_3sigma,233423,False,True
55,2.0032479879955645,19,236,57397137,0,251352,26332197,0,6.526857305289013e-06,2.7127976417541504,87281.72879694085,0,0,s1,baseline_3sigma,233757,False,True
56,1.8093779949995223,19,255,57372705,0,251352,26267083,0,6.724269951519091e-06,2.692317247390747,86450.45165735637,0,0,s1,baseline_3sigma,233815,False,True
57,1.8833025779968011,18,234,57366573,0,251352,26236731,0,9.65900926530594e-06,2.577711582183838,85177.5824387279,0,0,s1,baseline_3sigma,233611,False,True
58,1.8281049159995746,19,236,57631489,0,251352,26400203,0,8.10383880889276e-06,3.329329490661621,83631.28944628754,0,0,s1,baseline_3sigma,234311,False,True
59,1.9499088450029376,13,243,57728902,0,251352,26441475,0,7.867670319683384e-06,3.1229968070983887,83666.78055905327,0,0,s1,baseline_3sigma,234855,False,True
60,1.891728199996578,17,248,57293612,0,251352,26328002,0,7.787213689880446e-06,3.2374188899993896,83787.33826252616,0,0,s1,baseline_3sigma,233312,False,True
61,1.8581813620039611,17,245,57385040,0,251352,26360418,0,1.2335282917774748e-05,2.835841178894043,82772.00405313169,0,0,s1,baseline_3sigma,233387,False,True
62,1.8266656849955325,17,245,57227220,0,251352,26311919,0,9.258104000764433e-06,3.472886085510254,83932.76566935472,0,0,s1,baseline_3sigma,233621,False,True
63,1.9524815260010655,17,241,57218091,0,251352,26219944,0,1.1777005056501366e-05,3.8451087474823,83803.30564243789,0,0,s1,baseline_3sigma,233140,False,True
64,1.8990519430008135,15,238,57424694,0,251352,26401910,0,6.157698862807592e-06,4.171428680419922,83472.4178775572,0,0,s1,baseline_3sigma,233258,False,True
65,1.8679920799986576,16,226,57309732,0,251352,26312263,0,1.0979624676110689e-05,3.861471652984619,84564.9075897758,0,0,s1,baseline_3sigma,233749,False,True
66,1.871509265001805,17,245,57666386,0,251352,26338122,0,1.0429070243844762e-05,3.776348114013672,83194.44050118579,0,0,s1,baseline_3sigma,234424,False,True
67,1.8480415630037896,13,234,57057570,0,251352,26131373,0,7.635338079126086e-06,3.216498374938965,85443.10492305993,0,0,s1,baseline_3sigma,232834,False,True
68,1.788142264005728,14,258,57115364,0,251352,26211546,0,1.4982426364440471e-05,3.145998001098633,84332.4126366583,0,0,s1,baseline_3sigma,232593,False,True
69,1.9513724479984376,18,249,57231923,0,251352,26239906,0,1.0399406164651737e-05,2.7470357418060303,83927.08027329843,0,0,s1,baseline_3sigma,233473,False,True
70,1.8600303149942192,17,256,57299593,0,251352,26228653,0,6.718473287037341e-06,2.7440733909606934,82870.48078269507,0,0,s1,baseline_3sigma,233455,False,True
71,1.84482475900586,17,242,57347499,0,251352,26347225,0,1.1979363080172334e-05,2.540008783340454,82027.33713090532,0,0,s1,baseline_3sigma,233688,False,True
72,1.8048175960066146,17,255,57390622,0,251352,26292427,0,1.2369940122880507e-05,2.4658799171447754,79973.34635510184,0,0,s1,baseline_3sigma,233259,False,True
73,1.900055355996301,16,231,57247344,0,251352,26339842,0,6.023162313795183e-06,3.07692813873291,78401.48602795393,0,0,s1,baseline_3sigma,233516,False,True
74,1.920630546999746,15,234,57463844,0,251352,26389469,0,7.56597364670597e-06,2.4283008575439453,77193.25862772766,0,0,s1,baseline_3sigma,233930,False,True
75,1.9264237910028896,15,247,57328594,0,251352,26244052,0,1.0793667570396792e-05,2.4219417572021484,78230.67802236634,0,0,s1,baseline_3sigma,233121,False,True
76,1.9629025789981824,18,273,57507163,0,251352,26323993,0,7.249805094033945e-06,3.6985085010528564,78403.56823204453,0,0,s1,baseline_3sigma,234181,False,True
77,2.022510709000926,17,241,57378264,0,251352,26289922,0,1.2050092664139811e-05,3.294658660888672,79208.83053010362,0,0,s1,baseline_3sigma,233742,False,True
78,2.0651549129979685,17,261,57257990,0,251352,26247151,0,1.3211781151767354e-05,3.5604259967803955,80792.05783640296,0,0,s1,baseline_3sigma,233545,False,True
79,2.0580139359954046,17,246,57120378,0,251352,26193898,0,7.61219416745007e-06,3.43546199798584,81891.82887107048,0,0,s1,baseline_3sigma,232906,False,True
80,1.928965895996953,18,242,57086853,0,251352,26197305,0,8.61302760313265e-06,4.622344970703125,81794.36689303588,0,0,s1,baseline_3sigma,232983,False,True
81,1.9469880830001784,16,254,57432101,0,251352,26317640,0,1.0848752935999073e-05,4.159226417541504,83035.69958202427,0,0,s1,baseline_3sigma,233681,False,True
82,1.9949984100021538,14,228,57337588,0,251352,26343314,0,9.08516267372761e-06,3.3510375022888184,83065.88587138534,0,0,s1,baseline_3sigma,233336,False,True
83,2.0374593260057736,18,260,57565987,0,251352,26340043,0,9.41534926823806e-06,3.23097825050354,81437.995856464,0,0,s1,baseline_3sigma,234054,False,True
84,1.9954084179989877,15,259,57430413,0,251352,26440978,0,9.296814823755994e-06,3.210361957550049,83178.08773738447,0,0,s1,baseline_3sigma,233863,False,True
85,2.014415569996345,15,242,57208338,0,251352,26219857,0,9.908837455441244e-06,2.8028225898742676,83534.4302072705,0,0,s1,baseline_3sigma,233070,False,True
86,2.0065342460002284,15,257,57433498,0,251352,26233190,0,8.504342076776084e-06,3.405059576034546,83958.34316468597,0,0,s1,baseline_3sigma,233399,False,True
87,1.934561621004832,17,248,57316508,0,251352,26272265,0,7.100375114532653e-06,2.8467283248901367,82043.99571496072,0,0,s1,baseline_3sigma,233264,False,True
88,2.025239435999538,19,255,57242521,0,251352,26278882,0,1.3138032045389991e-05,3.0470962524414062,79741.43118072697,0,0,s1,baseline_3sigma,233200,False,True
89,2.015613604999089,16,236,57487779,0,251352,26330902,0,1.0694458069337998e-05,2.4230380058288574,77328.06126884875,0,0,s1,baseline_3sigma,233850,False,True
90,1.9996846619978896,12,236,57330683,0,251352,26291973,0,7.731742698524613e-06,2.2912282943725586,75994.03379989025,0,0,s1,baseline_3sigma,233597,False,True
91,2.0605494829942472,17,244,57439633,0,251352,26228353,0,1.1819632163678762e-05,2.4567534923553467,75626.70465421604,0,0,s1,baseline_3sigma,233681,False,True
92,2.0353853139968123,17,237,57362756,0,251352,26314773,0,7.77106197347166e-06,2.741727828979492,76091.07580267437,0,0,s1,baseline_3sigma,233606,False,True
93,2.0668195280013606,15,235,57460190,0,251352,26371112,0,7.246535460581072e-06,3.0225329399108887,77344.43487898764,0,0,s1,baseline_3sigma,233739,False,True
94,2.12856661099795,17,264,57697229,0,251352,26421512,0,1.004251589620253e-05,2.5125598907470703,78692.4065938153,0,0,s1,baseline_3sigma,234745,False,True
95,1.9579484589994536,16,242,57196308,0,251352,26266143,0,7.884665137680713e-06,3.3212227821350098,80572.2825011506,0,0,s1,baseline_3sigma,233950,False,True
96,1.9828609510004753,16,255,57436856,0,251352,26355631,0,1.084254927263828e-05,4.126645088195801,81483.94015056416,0,0,s1,baseline_3sigma,233561,False,True
97,2.011281967999821,17,247,57581515,0,251352,26351775,0,8.96128130989382e-06,2.9076287746429443,81916.80671463496,0,0,s1,baseline_3sigma,233835,False,True
98,1.8845947310037445,17,236,57170982,0,251352,26214761,0,1.0931608812825289e-05,3.7232789993286133,83144.81158339551,0,0,s1,baseline_3sigma,232947,False,True
99,2.0181568789994344,18,236,57274462,0,251352,26294323,0,8.919873835111503e-06,3.5785982608795166,83690.37151012919,0,0,s1,baseline_3sigma,233584,False,True
100,2.0656937890016707,17,260,57415043,0,251352,26268780,0,7.81850849307375e-06,3.304917335510254,84760.69707933701,0,0,s1,baseline_3sigma,233073,False,True
101,1.9653245579975192,17,238,57410516,0,251352,26348020,0,9.871073416434228e-06,2.776240110397339,84565.15015645957,0,0,s1,baseline_3sigma,234086,False,True
102,2.0512744939987897,19,247,57522374,0,251352,26353590,0,1.0835789908014704e-05,2.9756155014038086,84606.66773521676,0,0,s1,baseline_3sigma,234056,False,True
103,2.0021831810008734,18,252,57373306,0,251352,26287881,0,8.95964967639884e-06,3.037672996520996,85206.92814178644,0,0,s1,baseline_3sigma,233222,False,True
104,1.9677125460002571,19,234,57208235,0,251352,26215162,0,7.66193352319533e-06,3.2777915000915527,83897.86166720316,0,0,s1,baseline_3sigma,233566,False,True
105,2.0227954229994793,18,241,57446937,0,251352,26330528,0,1.1079806427005678e-05,2.931579113006592,82035.92845787766,0,0,s1,baseline_3sigma,233513,False,True
106,2.0222792889981065,15,228,57408969,0,251352,26352064,0,7.651153282495216e-06,3.5247604846954346,82264.2331191285,0,0,s1,baseline_3sigma,234420,False,True
107,1.9660681579989614,20,255,57161097,0,251352,26171893,0,6.040288099029567e-06,3.2464449405670166,81558.39872758974,0,0,s1,baseline_3sigma,232692,False,True
108,2.05221802899905,20,237,57610664,0,251352,26345260,0,1.191288265545154e-05,2.488469362258911,80177.14313648935,0,0,s1,baseline_3sigma,234004,False,True
109,2.0214480529975845,19,246,57643502,0,251352,26416966,0,4.078909114468843e-06,2.640982151031494,80309.7397286562,0,0,s1,baseline_3sigma,234167,False,True
110,1.9251972290003323,18,239,57552401,0,251352,26359677,0,8.833550964482129e-06,3.073903799057007,80054.22198855193,0,0,s1,baseline_3sigma,234497,False,True
111,1.9406586280019837,16,246,57542916,0,251352,26363126,0,1.0576709428278264e-05,2.758164405822754,80815.20169493185,0,0,s1,baseline_3sigma,233861,False,True
112,1.9606456679975963,19,245,57448677,0,251352,26310324,0,6.384997959685279e-06,2.4031569957733154,80232.02958290777,0,0,s1,baseline_3sigma,233933,False,True
113,2.0046980670013,17,245,57350651,0,251352,26140505,0,7.521811312471982e-06,2.589830160140991,81970.29179780453,0,0,s1,baseline_3sigma,233206,False,True
114,2.0421054270045715,17,239,57340313,0,251352,26233055,0,7.5641737566911615e-06,2.868659257888794,81770.109670616,0,0,s1,baseline_3sigma,232963,False,True
115,1.9617706850040122,16,253,57381268,0,251352,26282903,0,7.725291652604938e-06,3.471179246902466,80205.36157398751,0,0,s1,baseline_3sigma,233543,False,True
116,1.9403796560000046,15,237,57479376,0,251352,26390237,0,1.0273906809743494e-05,2.76318359375,78849.65178870273,0,0,s1,baseline_3sigma,233847,False,True
117,2.0558060700059286,17,254,57512559,0,251352,26399167,0,7.6179330790182576e-06,3.0259294509887695,79303.08154197509,0,0,s1,baseline_3sigma,234437,False,True
118,1.972421910999401,14,239,57299799,0,251352,26258649,0,8.512600288668182e-06,3.4609758853912354,79235.98453468058,0,0,s1,baseline_3sigma,233779,False,True
119,2.047212610996212,18,238,57431548,0,251352,26365020,0,7.100106358848279e-06,3.0122010707855225,80330.77768456275,0,0,s1,baseline_3sigma,233922,False,True
120,2.018395186998532,20,236,57753363,0,251352,26366077,0,1.148055525845848e-05,2.8859965801239014,79330.39474998391,0,0,s1,baseline_3sigma,234704,False,True
121,1.990207996997924,18,251,57230331,0,251352,26297022,0,8.552743565815035e-06,3.014796495437622,81718.92956676081,0,0,s1,baseline_3sigma,233166,False,True
122,1.9609911629959242,18,255,57537022,0,251352,26327821,0,8.069990144576877e-06,3.0135416984558105,81793.52485769364,0,0,s1,baseline_3sigma,234415,False,True
123,2.006823338997492,17,253,57403124,0,251352,26226884,0,8.07184369477909e-06,3.118601083755493,83143.10663377841,0,0,s1,baseline_3sigma,233959,False,True
124,2.060115100997791,16,240,57338574,0,251352,26260641,0,1.0015576663136017e-05,3.1172618865966797,83189.64199825645,0,0,s1,baseline_3sigma,233275,False,True
125,1.9782659729971783,16,242,57238813,0,251352,26219604,0,7.983448995219078e-06,2.955338716506958,81781.36299684303,0,0,s1,baseline_3sigma,233155,False,True
126,2.0462512289959705,18,247,57241198,0,251352,26353287,0,1.1765115232265089e-05,3.6816470623016357,81149.26373470692,0,0,s1,baseline_3sigma,233347,False,True
127,1.9169410940012312,19,247,57571258,0,251352,26274367,0,1.0765553270175587e-05,3.3721365928649902,80714.17052155566,0,0,s1,baseline_3sigma,234113,False,True
128,1.9283794489965658,16,250,57353346,0,251352,26257214,0,1.2535782843769994e-05,2.821197271347046,82257.45455379247,0,0,s1,baseline_3sigma,233039,False,True
129,2.027972382995358,19,238,57417897,0,251352,26293117,0,8.670977877045516e-06,2.731736898422241,81747.14647058328,0,0,s1,baseline_3sigma,233888,False,True
130,2.0003506040011416,17,262,57267620,0,251352,26286011,0,1.234028059116099e-05,3.554898738861084,82355.85725178524,0,0,s1,baseline_3sigma,233165,False,True
131,2.038937283003179,17,243,57547486,0,251352,26284718,0,9.457360647502355e-06,3.613740921020508,83088.04552329257,0,0,s1,baseline_3sigma,234513,False,True
132,2.024323635996552,17,236,57151031,0,251352,26127592,0,8.19410433905432e-06,3.615736246109009,84874.19060366377,0,0,s1,baseline_3sigma,233336,False,True
133,2.007934804998513,19,251,57322958,0,251352,26276848,0,1.1129037375212647e-05,3.319992780685425,84995.8311574745,0,0,s1,baseline_3sigma,233562,False,True
134,1.8705204750003759,19,234,57357469,0,251352,26273364,0,1.0579982699709944e-05,4.4352827072143555,85835.06522410086,0,0,s1,baseline_3sigma,233467,False,True
135,1.969919821000076,18,243,57353489,0,251352,26313605,0,8.303000868181698e-06,3.7326841354370117,86823.40535981834,0,0,s1,baseline_3sigma,233393,False,True
136,2.1546573720042943,18,253,57593027,0,251352,26431885,0,7.192385055532213e-06,3.4791667461395264,87608.52783489277,0,0,s1,baseline_3sigma,234309,False,True
137,2.1094438529980835,16,235,57391732,0,251352,26322575,0,1.2176341442682315e-05,4.491927146911621,88717.77423812411,0,0,s1,baseline_3sigma,233639,False,True
138,2.2492632389985374,17,252,57693851,0,251352,26446456,0,1.199865437229164e-05,5.452409744262695,89707.34126073102,0,0,s1,baseline_3sigma,234174,False,True
139,2.1865459510008805,19,249,57318693,0,251352,26238345,0,5.861006684426684e-06,3.757492780685425,91559.04512384518,0,0,s1,baseline_3sigma,233221,False,True
140,2.279951513002743,13,234,57443376,0,251352,26305050,0,1.1105473276984412e-05,5.0884504318237305,92232.08620592931,0,0,s1,baseline_3sigma,233571,False,True
141,2.389609890000429,16,248,57508546,0,251352,26375717,0,1.1148462363053113e-05,4.327651500701904,92412.09490626103,0,0,s1,baseline_3sigma,233899,False,True
142,2.408919123998203,15,242,57451139,0,251352,26304508,0,7.49682249079342e-06,5.0216145515441895,93212.15565168698,0,0,s1,baseline_3sigma,233998,False,True
143,2.4620364290021826,11,252,57513212,0,251352,26330582,0,1.1298524441372138e-05,8.456770896911621,94372.15830600992,0,0,s1,baseline_3sigma,234076,False,True
144,2.399017443000048,19,247,57348693,0,251352,26244614,0,6.3977449826779775e-06,5.7773027420043945,95233.43411136126,0,0,s1,baseline_3sigma,233577,False,True
145,2.409512831000029,15,259,57683157,0,251352,26455394,0,1.0553872925811447e-05,5.865476131439209,94265.31370952664,0,0,s1,baseline_3sigma,233964,False,True
146,2.4170688369995332,15,251,57372793,0,251352,26270454,0,8.752867870498449e-06,6.953571796417236,94903.17927601073,0,0,s1,baseline_3sigma,233556,False,True
147,2.3497729349983274,15,241,57756384,0,251352,26517996,0,7.701260983594693e-06,5.265327453613281,92331.94705731,0,0,s1,baseline_3sigma,234404,False,True
148,2.2429976650018943,19,262,57385442,0,251352,26314404,0,5.0937819651153404e-06,5.297149181365967,91685.63933866864,0,0,s1,baseline_3sigma,234023,False,True
149,2.224440834004781,15,229,57435673,0,251352,26320048,0,6.716993993904907e-06,5.881547451019287,91146.52627783603,0,0,s1,baseline_3sigma,233362,False,True
150,2.1908340029985993,15,245,57332748,0,251352,26244973,0,8.85970894159982e-06,3.979276180267334,89576.0849578135,0,0,s1,baseline_3sigma,233268,False,True
151,2.1452469439973356,15,250,57391927,0,251352,26321792,0,1.039104608935304e-05,4.420723915100098,88062.77218565754,0,0,s1,baseline_3sigma,233663,False,True
152,2.2044808129940066,16,260,57516312,0,251352,26431244,0,6.771062999177957e-06,3.102546215057373,86112.7004259054,0,0,s1,baseline_3sigma,233770,False,True
153,2.113901431999693,18,242,57387290,0,251352,26240367,0,7.19019271855359e-06,3.224673271179199,85299.26063208244,0,0,s1,baseline_3sigma,233553,False,True
154,2.18121902999701,16,233,57166597,0,251352,26161648,0,5.9977942328259815e-06,3.4126837253570557,82231.16724832144,0,0,s1,baseline_3sigma,233096,False,True
155,2.091877143000602,16,227,57474751,0,251352,26350837,0,1.0798789844557177e-05,3.2925803661346436,80644.92844895764,0,0,s1,baseline_3sigma,233746,False,True
156,2.090411192002648,17,235,57292399,0,251352,26386662,0,1.3716610737901647e-05,2.862462043762207,79594.19211275855,0,0,s1,baseline_3sigma,233712,False,True
157,2.0943134289991576,15,237,57510310,0,251352,26414453,0,9.397673238709103e-06,3.3663229942321777,77954.34013016477,0,0,s1,baseline_3sigma,234344,False,True
158,2.0657277520003845,15,242,57257110,0,251352,26195588,0,1.1456156244094018e-05,2.674922227859497,78567.08855128242,0,0,s1,baseline_3sigma,233372,False,True
159,1.967512262002856,18,245,57320035,0,251352,26319060,0,1.3340973964659497e-05,2.9400596618652344,77425.91688847706,0,0,s1,baseline_3sigma,233258,False,True
160,2.0971707550052088,20,238,57463334,0,251352,26279277,0,7.452486897818744e-06,2.8460922241210938,77636.61761286503,0,0,s1,baseline_3sigma,233874,False,True
161,2.0650014319980983,18,254,57353983,0,251352,26305052,0,8.784835699771065e-06,2.4893765449523926,77677.98981617308,0,0,s1,baseline_3sigma,233735,False,True
162,2.030853083997499,17,254,57467997,0,251352,26310227,0,1.0186784493271261e-05,3.1210410594940186,77527.33656590649,0,0,s1,baseline_3sigma,233701,False,True
163,1.9754044159999467,17,255,57558022,0,251352,26235495,0,1.0337682397221215e-05,2.502737283706665,77741.3212353066,0,0,s1,baseline_3sigma,233766,False,True
164,2.0231880259962054,17,238,57392219,0,251352,26334924,0,9.305126695835497e-06,2.7067880630493164,77961.60205080222,0,0,s1,baseline_3sigma,233806,False,True
165,2.1117380060022697,20,271,57488211,0,251352,26326535,0,8.578156666771974e-06,3.2837071418762207,76300.82701474172,0,0,s1,baseline_3sigma,233777,False,True
166,2.0404751440000837,19,244,57459478,0,251352,26303971,0,9.721207788970787e-06,3.5549402236938477,76184.56943990622,0,0,s1,baseline_3sigma,234480,False,True
167,1.9962609819995123,19,263,57361722,0,251352,26335387,0,9.467463314649649e-06,2.9643702507019043,75748.27701641778,0,0,s1,baseline_3sigma,233800,False,True
168,2.132830542999727,12,243,57521949,0,251352,26323240,0,6.2742774389334954e-06,3.049057722091675,75573.73925978564,0,0,s1,baseline_3sigma,234011,False,True
169,2.122015688997635,14,244,57484658,0,251352,26375875,0,8.973363037512172e-06,3.334425687789917,75288.22713339672,0,0,s1,baseline_3sigma,234039,False,True
170,2.160620745002234,16,236,57388320,0,251352,26366809,0,9.586617125023622e-06,3.6265134811401367,75475.7278448031,0,0,s1,baseline_3sigma,233843,False,True
171,2.2440533050030353,17,245,57392417,0,251352,26276641,0,5.953073014097754e-06,3.037653923034668,76308.24461053405,0,0,s1,baseline_3sigma,233365,False,True
172,2.1515012829986517,18,259,57525296,0,251352,26290572,0,1.2281915587664116e-05,2.7440645694732666,77279.83071144484,0,0,s1,baseline_3sigma,233728,False,True
173,2.2591520269998,18,243,57292103,0,251352,26283271,0,6.3752618189028e-06,2.6792328357696533,79141.09414332038,0,0,s1,baseline_3sigma,232992,False,True
174,2.1174854889977723,13,242,57431526,0,251352,26240070,0,7.51173502067104e-06,3.139669418334961,79919.13600793568,0,0,s1,baseline_3sigma,233222,False,True
175,2.185715450999851,17,255,57248745,0,251352,26251137,0,1.3093518646201119e-05,4.181999683380127,82107.27176721327,0,0,s1,baseline_3sigma,233174,False,True
176,2.051769236997643,18,257,57487413,0,251352,26296562,0,9.311646863352507e-06,2.5322115421295166,84015.0767920187,0,0,s1,baseline_3sigma,233569,False,True
177,2.1568367639993085,18,225,57138211,0,251352,26203749,0,8.770486601861194e-06,2.9211537837982178,85481.54663910727,0,0,s1,baseline_3sigma,232965,False,True
178,1.9797690060004243,17,263,57226753,0,251352,26267724,0,8.386341505683959e-06,4.230886459350586,86078.1558400816,0,0,s1,baseline_3sigma,233097,False,True
179,2.023825537005905,17,249,57359913,0,251352,26342240,0,8.601449735579081e-06,2.9261083602905273,85276.59053717577,0,0,s1,baseline_3sigma,233526,False,True
180,1.9993048190008267,17,258,57296750,0,251352,26281945,0,1.3111477528582327e-05,2.6953847408294678,85206.60662198736,0,0,s1,baseline_3sigma,233560,False,True
181,2.0533017560010194,18,251,57324285,0,251352,26357729,0,1.100678309740033e-05,3.0287203788757324,83307.64960546416,0,0,s1,baseline_3sigma,233847,False,True
182,1.992826180998236,15,233,57545857,0,251352,26385389,0,7.962047675391659e-06,2.62109375,81778.99296043,0,0,s1,baseline_3sigma,233566,False,True
183,2.0663675280011375,15,244,57231704,0,251352,26336903,0,1.6014168068068102e-05,2.9402410984039307,79689.13601495848,0,0,s1,baseline_3sigma,233763,False,True
184,1.9656144530017627,14,238,57627796,0,251352,26438755,0,1.1107757927675266e-05,3.0926403999328613,77627.29963146205,0,0,s1,baseline_3sigma,234352,False,True
185,2.038334759999998,18,248,57449369,0,251352,26406311,0,9.030482942762319e-06,2.3448050022125244,76867.59625471936,0,0,s1,baseline_3sigma,233548,False,True
186,2.099847700999817,18,242,57360317,0,251352,26364727,0,9.929922271112446e-06,2.9074630737304688,76247.72874148002,0,0,s1,baseline_3sigma,233988,False,True
187,2.06064851499832,18,238,57476028,0,251352,26378310,0,7.356044079642743e-06,2.6123807430267334,74272.55040431592,0,0,s1,baseline_3sigma,233857,False,True
188,2.0026913069959846,18,240,57437157,0,251352,26401775,0,7.60040529712569e-06,3.5307486057281494,74636.56554167051,0,0,s1,baseline_3sigma,233606,False,True
189,1.9813259430011385,17,231,57324089,0,251352,26177915,0,1.0487618965271395e-05,4.286899089813232,73550.98027183136,0,0,s1,baseline_3sigma,233410,False,True
190,2.1688735179996,12,259,57281703,0,251352,26316090,0,9.027853593579493e-06,3.083096504211426,75453.64686214866,0,0,s1,baseline_3sigma,233670,False,True
191,1.9922574779993738,16,254,57304641,0,251352,26254684,0,9.679837603471242e-06,3.3734374046325684,76468.50139138185,0,0,s1,baseline_3sigma,233047,False,True
192,1.9975528639988624,15,238,57160432,0,251352,26187986,0,8.197004717658274e-06,3.484375,78996.33872777532,0,0,s1,baseline_3sigma,232775,False,True
193,2.0838947699958226,18,260,57482109,0,251352,26350067,0,6.784865945519414e-06,3.5112335681915283,78926.9184998141,0,0,s1,baseline_3sigma,234198,False,True
194,2.1114021930043236,14,243,57426088,0,251352,26333694,0,6.556869720952818e-06,5.26225471496582,80728.01646711063,0,0,s1,baseline_3sigma,233614,False,True
195,2.009024448998389,17,228,57339117,0,251352,26270553,0,1.1894550880242605e-05,3.8291666507720947,80747.53876363624,0,0,s1,baseline_3sigma,233444,False,True
196,2.0749625859971275,17,245,57324880,0,251352,26350619,0,9.324844540969934e-06,4.212775707244873,80072.41238970705,0,0,s1,baseline_3sigma,234047,False,True
197,2.070785623996926,13,239,57328995,0,251352,26380855,0,8.335717211593874e-06,3.972135305404663,79198.2114676502,0,0,s1,baseline_3sigma,233401,False,True
198,2.1582943069952307,17,230,57360160,0,251352,26342264,0,1.1503826499392744e-05,2.8882975578308105,77752.00611229894,0,0,s1,baseline_3sigma,233607,False,True
199,2.137271886000235,18,262,57364812,0,251352,26264164,0,7.427772288792767e-06,3.082730293273926,77911.79154340114,0,0,s1,baseline_3sigma,233665,False,True
200,1.9629211720020976,15,250,57355803,0,251352,26262557,0,1.3509725249605253e-05,3.386904001235962,78477.15787152575,0,0,s1,baseline_3sigma,233566,False,True
201,1.9850032930044108,16,232,57580101,0,251352,26314215,0,1.1394088687666226e-05,3.0650672912597656,77577.88840507962,0,0,s1,baseline_3sigma,234235,False,True
202,2.016211531001318,17,230,57442463,0,251352,26427081,0,9.914107977238018e-06,3.1709980964660645,78350.10150001591,0,0,s1,baseline_3sigma,233822,False,True
203,2.1361841339967214,17,235,57164702,0,251352,26246072,0,7.455015747837024e-06,2.6019997596740723,78786.44786020966,0,0,s1,baseline_3sigma,233336,False,True
204,2.057226228003856,19,245,57123552,0,251352,26237951,0,8.933021490520332e-06,3.1087353229522705,79985.05154114324,0,0,s1,baseline_3sigma,232936,False,True
205,2.01887202400394,19,248,57232617,0,251352,26257538,0,1.5844610970816575e-05,2.748835802078247,80978.72336429579,0,0,s1,baseline_3sigma,233217,False,True
206,2.0815012059974833,18,258,57392776,0,251352,26434419,0,7.788356015225872e-06,2.816220283508301,80666.19244848196,0,0,s1,baseline_3sigma,233168,False,True
207,2.1612859050001134,17,255,57405425,0,251352,26270942,0,7.325915248657111e-06,2.958625078201294,80142.89789833422,0,0,s1,baseline_3sigma,233989,False,True
208,2.4404535260036937,16,249,57349535,0,251352,26279072,0,9.175227205560077e-06,2.6231329441070557,80679.49634517585,0,0,s1,baseline_3sigma,233814,False,True
209,2.451516396002262,18,245,57361849,0,251352,26251996,0,6.3261823015636764e-06,3.3447835445404053,80530.71726883452,0,0,s1,baseline_3sigma,233885,False,True
210,2.3158029789992725,19,251,57553231,0,251352,26354915,0,1.0418491910968442e-05,3.0844411849975586,79864.06509244395,0,0,s1,baseline_3sigma,234092,False,True
211,2.326936052995734,17,249,57093755,0,251352,26199510,0,1.0898279469984118e-05,2.7623910903930664,81404.8016632695,0,0,s1,baseline_3sigma,233001,False,True
212,1.989850881996972,19,245,57458558,0,251352,26406283,0,7.909948180895299e-06,2.549201250076294,81021.67884453667,0,0,s1,baseline_3sigma,233774,False,True
213,1.9583614010043675,16,266,57497711,0,251352,26373334,0,1.0827915502886754e-05,4.364453315734863,81702.53415137298,0,0,s1,baseline_3sigma,234094,False,True
214,2.0897512680021464,18,238,57208944,0,251352,26266306,0,6.729139840899734e-06,2.821455717086792,82683.88619559085,0,0,s1,baseline_3sigma,233401,False,True
215,2.084083980000287,18,241,57359121,0,251352,26301543,0,9.767139999894425e-06,3.9470107555389404,83941.87575662417,0,0,s1,baseline_3sigma,233491,False,True
216,2.032226201998128,19,229,57516698,0,251352,26438082,0,6.7219662014395e-06,4.296952247619629,83715.98588966555,0,0,s1,baseline_3sigma,233797,False,True
217,2.006324894995487,17,235,57431830,0,251352,26386935,0,6.0885827224410605e-06,3.0449512004852295,83486.06900953477,0,0,s1,baseline_3sigma,233614,False,True
218,1.9857872689972282,18,253,57472751,0,251352,26296365,0,7.940026080177631e-06,2.314911127090454,82590.39926103469,0,0,s1,baseline_3sigma,233944,False,True
219,2.071703803994751,16,240,57336819,0,251352,26318150,0,1.0418515557830688e-05,2.9897186756134033,82795.58731975532,0,0,s1,baseline_3sigma,233244,False,True
220,2.0872848799990606,18,247,57567098,0,251352,26354256,0,8.099102160485927e-06,3.028879404067993,83895.35892503487,0,0,s1,baseline_3sigma,234079,False,True
221,2.0767779430025257,18,239,57616077,0,251352,26423051,0,8.11726386018563e-06,3.4701437950134277,81716.32335781904,0,0,s1,baseline_3sigma,234125,False,True
222,2.1176303109969012,15,242,57339632,0,251352,26377360,0,7.419456323987106e-06,3.2876644134521484,84241.95958568936,0,0,s1,baseline_3sigma,233985,False,True
223,2.138622154998302,13,243,57343249,0,251352,26256491,0,1.0068287338071968e-05,3.482516050338745,84030.706414402,0,0,s1,baseline_3sigma,233364,False,True
224,2.1304287250022753,15,238,57229146,0,251352,26356793,0,8.745034392632078e-06,3.735562801361084,85866.0398644963,0,0,s1,baseline_3sigma,233280,False,True
225,2.1156305959957535,18,238,57272645,0,251352,26375535,0,1.2971301657671575e-05,3.6363635063171387,85763.16449644015,0,0,s1,baseline_3sigma,233155,False,True
226,2.120751244998246,12,240,57532572,0,251352,26408238,0,9.248264177585952e-06,5.534375190734863,85771.17160614487,0,0,s1,baseline_3sigma,234222,False,True
227,2.101658870000392,15,251,57436947,0,251352,26429284,0,7.70974384067813e-06,3.2252962589263916,84181.06081218064,0,0,s1,baseline_3sigma,233968,False,True
228,2.0783775720046833,14,237,57553334,0,251352,26421296,0,9.958300324797165e-06,3.1676878929138184,84349.58518587977,0,0,s1,baseline_3sigma,234458,False,True
229,2.051117211995006,16,242,57264225,0,251352,26291751,0,1.1697830814227927e-05,3.1776185035705566,82383.08309551077,0,0,s1,baseline_3sigma,233486,False,True
230,2.007253785006469,17,242,57309271,0,251352,26299509,0,6.576113264600281e-06,2.915513753890991,81415.72168258908,0,0,s1,baseline_3sigma,233357,False,True
231,2.1078134159979527,14,244,57487186,0,251352,26341422,0,1.168705966847483e-05,3.2052083015441895,79707.47501863375,0,0,s1,baseline_3sigma,234180,False,True
232,2.0691861270024674,16,251,57271089,0,251352,26305589,0,1.0920056411123369e-05,3.074216842651367,79760.71812799676,0,0,s1,baseline_3sigma,232972,False,True
233,2.116864090996387,18,229,57484565,0,251352,26321209,0,7.5514808486332186e-06,3.0922787189483643,79465.19544273437,0,0,s1,baseline_3sigma,234098,False,True
234,1.975847049994627,18,237,57150083,0,251352,26265588,0,1.2505567610787693e-05,2.7845258712768555,80102.40382616,0,0,s1,baseline_3sigma,233066,False,True
235,2.039037083995936,15,263,57265160,0,251352,26279109,0,8.986648936115671e-06,2.9561121463775635,80235.82280507282,0,0,s1,baseline_3sigma,233991,False,True
236,1.9847259239977575,18,251,57297532,0,251352,26304391,0,8.898716259864159e-06,3.272120714187622,79638.86200613646,0,0,s1,baseline_3sigma,233642,False,True
237,2.02163334099896,17,260,57255103,0,251352,26258304,0,7.001941412454471e-06,2.778169870376587,80258.5291114803,0,0,s1,baseline_3sigma,232944,False,True
238,2.1168239440012258,18,243,57188769,0,251352,26287860,0,7.8347957241931e-06,3.9309568405151367,79552.46782162754,0,0,s1,baseline_3sigma,233018,False,True
239,2.0490987570010475,19,254,57586853,0,251352,26444064,0,9.907128514896613e-06,2.8560569286346436,79740.69927739873,0,0,s1,baseline_3sigma,233901,False,True
240,2.1288579639949603,16,246,57515854,0,251352,26466674,0,9.759392014530022e-06,2.8993918895721436,78964.43316738146,0,0,s1,baseline_3sigma,234145,False,True
241,2.1547188960030326,18,250,57516338,0,251352,26446121,0,1.2225887076056097e-05,3.0381810665130615,79214.57667989236,0,0,s1,baseline_3sigma,234251,False,True
242,2.110420516997692,20,221,57280061,0,251352,26374561,0,8.546588105673436e-06,2.445004463195801,79051.78867841285,0,0,s1,baseline_3sigma,233896,False,True
243,2.188937546998204,19,253,57755069,0,251352,26403400,0,5.132398200657917e-06,3.208157539367676,78321.1992424737,0,0,s1,baseline_3sigma,234231,False,True
244,2.15303952999966,15,258,57480933,0,251352,26332766,0,9.31238173507154e-06,3.1162662506103516,78685.74713051516,0,0,s1,baseline_3sigma,233936,False,True
245,2.110171118998551,15,255,57239883,0,251352,26234201,0,1.0697315701690968e-05,2.5538229942321777,79160.23718490454,0,0,s1,baseline_3sigma,233097,False,True
246,2.2121201300033135,17,234,57382808,0,251352,26321606,0,7.899871889094356e-06,2.5902132987976074,77619.70101659436,0,0,s1,baseline_3sigma,233725,False,True
247,2.152651419004542,16,256,57332073,0,251352,26310369,0,8.502644959662575e-06,3.2963569164276123,77492.97439639863,0,0,s1,baseline_3sigma,233520,False,True
248,2.5033905660020537,18,246,57635153,0,251352,26510131,0,9.465071343583986e-06,2.9212028980255127,76928.52194126102,0,0,s1,baseline_3sigma,234498,False,True
249,2.527036912004405,18,244,57552593,0,251352,26405871,0,1.5120416719582863e-05,2.449136972427368,77730.54710159307,0,0,s1,baseline_3sigma,234556,False,True
250,2.4069149139977526,15,247,57466218,0,251352,26334264,0,9.632744877308141e-06,2.865579128265381,78136.97454715155,0,0,s1,baseline_3sigma,234439,False,True
251,2.475505576003343,19,240,57530101,0,251352,26410513,0,9.936369679053314e-06,3.1647727489471436,77744.53948117432,0,0,s1,baseline_3sigma,233321,False,True
252,2.3680430310050724,19,240,57350012,0,251352,26347398,0,3.692453219628078e-06,3.8907086849212646,78482.71431778208,0,0,s1,baseline_3sigma,233826,False,True
253,2.2977895950025413,17,258,57495368,0,251352,26360040,0,8.254136446339544e-06,3.0148565769195557,78254.18212604658,0,0,s1,baseline_3sigma,234254,False,True
254,2.3414170909964014,16,240,57517738,0,251352,26492918,0,5.0230396482220385e-06,2.9114584922790527,78200.2365165909,0,0,s1,baseline_3sigma,234337,False,True
255,2.3577592209985596,18,246,57460062,0,251352,26360491,0,9.788966963242274e-06,2.79990291595459,78157.41486267422,0,0,s1,baseline_3sigma,234111,False,True
256,2.426601966995804,16,256,57405489,0,251352,26367859,0,5.370958660932956e-06,2.832488775253296,77557.55023060215,0,0,s1,baseline_3sigma,233398,False,True
257,2.1820069160021376,18,253,57312089,0,251352,26215975,0,7.4750314524862915e-06,2.488445281982422,77464.87374638184,0,0,s1,baseline_3sigma,233243,False,True
258,2.289422995003406,17,251,57486442,0,251352,26385457,0,7.696976354054641e-06,3.085348606109619,78508.53102605151,0,0,s1,baseline_3sigma,234066,False,True
259,2.238656228000764,18,243,57439288,0,251352,26293351,0,7.731198820692953e-06,4.151904582977295,78024.75931589739,0,0,s1,baseline_3sigma,233330,False,True
260,2.3423998360012774,18,268,57554729,0,251352,26410950,0,9.989594218495768e-06,2.7122304439544678,77134.9357769205,0,0,s1,baseline_3sigma,233735,False,True
261,2.439383210003143,18,230,57629190,0,251352,26388517,0,6.492277861980256e-06,2.6659138202667236,77968.84484000334,0,0,s1,baseline_3sigma,234590,False,True
262,2.3210415760040632,14,244,57374850,0,251352,26312556,0,9.231037438439671e-06,2.490628719329834,78464.84303736669,0,0,s1,baseline_3sigma,233553,False,True
263,2.328971138995257,20,240,57261625,0,251352,26289284,0,1.2726963177556172e-05,2.7590737342834473,78168.2947913864,0,0,s1,baseline_3sigma,233422,False,True
264,2.24967105199903,18,230,57648197,0,251352,26519450,0,1.0065667993330862e-05,3.984719753265381,78419.7172398874,0,0,s1,baseline_3sigma,234180,False,True
265,2.3649092779960483,16,243,57282880,0,251352,26353388,0,7.757284947729204e-06,4.156032085418701,78693.89767531586,0,0,s1,baseline_3sigma,233592,False,True
266,2.3976508979976643,14,235,57256566,0,251352,26263369,0,7.4751878855749965e-06,3.4572558403015137,78511.55629242513,0,0,s1,baseline_3sigma,233111,False,True
267,2.3726760979989194,18,254,57667851,0,251352,26385136,0,8.937906386563554e-06,2.8082897663116455,78068.99300024539,0,0,s1,baseline_3sigma,233829,False,True
268,2.221272915005102,17,237,57204608,0,251352,26243331,0,7.903060577518772e-06,2.8775687217712402,78044.77455194395,0,0,s1,baseline_3sigma,232934,False,True
269,2.1536960040029953,15,239,57296803,0,251352,26272836,0,1.2421254723449238e-05,3.4687113761901855,77777.80053695379,0,0,s1,baseline_3sigma,232792,False,True
270,2.22916091800289,18,255,57369081,0,251352,26173175,0,6.597075298486743e-06,2.791252374649048,76262.24886353449,0,0,s1,baseline_3sigma,233554,False,True
271,2.3154814259978593,15,243,57230669,0,251352,26337976,0,9.426121323485859e-06,4.51747989654541,75771.14975919195,0,0,s1,baseline_3sigma,233538,False,True
272,2.3129949970025336,16,232,57181122,0,251352,26293639,0,8.64650519361021e-06,3.1592371463775635,77337.41920873006,0,0,s1,baseline_3sigma,233053,False,True
273,2.38486097400164,17,271,57531432,0,251352,26469282,0,1.0120210390596185e-05,2.878638982772827,76803.71605958819,0,0,s1,baseline_3sigma,234177,False,True
274,2.4450979460016242,16,251,57472534,0,251352,26345151,0,1.1010469279426616e-05,2.95703125,78072.45556831593,0,0,s1,baseline_3sigma,233914,False,True
275,2.401578397002595,15,258,57419592,0,251352,26280336,0,1.0386243047832977e-05,3.4957966804504395,78787.47439962931,0,0,s1,baseline_3sigma,234021,False,True
276,2.1741279429988936,20,238,57416135,0,251352,26307782,0,4.093022198503604e-06,3.107017993927002,79620.34383397565,0,0,s1,baseline_3sigma,233912,False,True
277,2.210947280000255,15,237,57728997,0,251352,26472857,0,8.79297385836253e-06,3.519028902053833,80230.8847589623,0,0,s1,baseline_3sigma,234896,False,True
278,2.162838634001673,18,255,57267665,0,251352,26211583,0,8.622817404102534e-06,3.092719793319702,80248.62700036366,0,0,s1,baseline_3sigma,233302,False,True
279,2.278227930997673,16,245,57385975,0,251352,26251063,0,1.1796534636232536e-05,2.749479055404663,81554.39384650311,0,0,s1,baseline_3sigma,233848,False,True
280,2.1478416079989984,16,234,57438313,0,251352,26442744,0,6.802503776270896e-06,2.8476827144622803,80084.4471012743,0,0,s1,baseline_3sigma,234145,False,True
281,2.237696224998217,16,253,57499879,0,251352,26485572,0,8.35916398500558e-06,3.6954023838043213,79962.66979254248,0,0,s1,baseline_3sigma,234067,False,True
282,2.3691562280000653,15,239,57350160,0,251352,26356406,0,6.471713277278468e-06,3.401881694793701,80493.1403887789,0,0,s1,baseline_3sigma,233625,False,True
283,2.3433213960015564,17,244,57549579,0,251352,26402445,0,8.44666465127375e-06,3.506944417953491,80997.76429515463,0,0,s1,baseline_3sigma,233848,False,True
284,2.2739983270002995,19,244,57128199,0,251352,26239924,0,1.2037309716106392e-05,2.921937942504883,82922.93276705878,0,0,s1,baseline_3sigma,233042,False,True
285,2.301446933000989,19,236,57395723,0,251352,26284290,0,5.6264811973960605e-06,2.9981729984283447,83094.69191459211,0,0,s1,baseline_3sigma,233720,False,True
286,2.348624677004409,17,247,57406161,0,251352,26267212,0,9.532203876005951e-06,3.3304924964904785,82859.26712469435,0,0,s1,baseline_3sigma,233476,False,True
287,2.298642440000549,19,234,57270643,0,251352,26286721,0,1.1844477739941794e-05,3.452119827270508,83029.52679717186,0,0,s1,baseline_3sigma,232869,False,True
288,2.1824788579979213,18,248,57299784,0,251352,26357536,0,4.936007826472633e-06,3.0584754943847656,83051.69062796806,0,0,s1,baseline_3sigma,234044,False,True
289,2.2131510880062706,16,239,57322455,0,251352,26270492,0,8.866127245710231e-06,4.893750190734863,82788.46070898949,0,0,s1,baseline_3sigma,233083,False,True
290,2.3183326439975644,14,259,57544870,0,251352,26282981,0,3.7688955671910662e-06,3.7843613624572754,82759.19218982918,0,0,s1,baseline_3sigma,234141,False,True
291,2.3600559780024923,19,257,57234642,0,251352,26159779,0,8.995441930892412e-06,3.9639880657196045,81894.36635808008,0,0,s1,baseline_3sigma,233352,False,True
292,2.227185145005933,16,254,57083468,0,251352,26026386,0,8.103434993245173e-06,4.058333396911621,83549.91762192192,0,0,s1,baseline_3sigma,232700,False,True
293,2.245322741000564,19,245,57500940,0,251352,26389588,0,6.422118076443439e-06,3.2324562072753906,81997.36897780342,0,0,s1,baseline_3sigma,233978,False,True
294,2.1194918629989843,15,236,57405206,0,251352,26326472,0,1.2255545698280912e-05,2.6872024536132812,82265.0239344974,0,0,s1,baseline_3sigma,233519,False,True
295,2.2231242479974753,17,238,57443244,0,251352,26330462,0,7.33879596737097e-06,3.065725803375244,81753.77356097603,0,0,s1,baseline_3sigma,233851,False,True
296,2.2140502449983614,15,243,57325185,0,251352,26325549,0,7.216056928882608e-06,2.4195668697357178,82037.42707921064,0,0,s1,baseline_3sigma,233463,False,True
297,2.2977260150000802,18,239,57673815,0,251352,26431788,0,1.1250393072259612e-05,3.1610352993011475,81197.98516289458,0,0,s1,baseline_3sigma,234291,False,True
298,2.3427050030004466,16,251,57473689,0,251352,26389476,0,8.795109351922292e-06,2.8984036445617676,82180.64042783178,0,0,s1,baseline_3sigma,233918,False,True
299,2.410927901000832,14,242,57284374,0,251352,26281808,0,9.456730367674027e-06,2.671426773071289,82300.12461020936,0,0,s1,baseline_3sigma,233385,False,True
300,2.2525065509980777,15,248,57470612,0,251352,26295897,0,1.2263579264981672e-05,2.569345235824585,82186.46495584957,0,0,s1,baseline_3sigma,234205,False,True
301,2.251565111000673,18,265,57336506,0,251352,26257150,0,1.1254139280936215e-05,2.9479165077209473,83069.08936397692,0,0,s1,baseline_3sigma,233842,False,True
302,2.319392108998727,18,222,57359639,0,251352,26289301,0,1.0903439942921977e-05,3.5127925872802734,83417.48066376995,0,0,s1,baseline_3sigma,233953,False,True
303,2.3490344380043098,15,239,57478505,0,251352,26338289,0,6.908600880706217e-06,3.3960375785827637,84574.11228370768,0,0,s1,baseline_3sigma,234331,False,True
304,2.2206731870028307,14,258,57638284,0,251352,26367965,0,7.204259418358561e-06,4.248720645904541,84961.35316604564,0,0,s1,baseline_3sigma,234072,False,True
305,2.357624932003091,16,248,57513892,0,251352,26419318,0,1.0070995813293848e-05,3.908482074737549,84534.03628882155,0,0,s1,baseline_3sigma,233708,False,True
306,2.240157113999885,17,251,57726485,0,251352,26445394,0,6.938311344129033e-06,4.85953950881958,85141.2217945344,0,0,s1,baseline_3sigma,233921,False,True
307,2.2951763160017435,15,238,57383737,0,251352,26375642,0,6.844893505331129e-06,4.118824005126953,85412.43322858922,0,0,s1,baseline_3sigma,233997,False,True
308,2.2945688190011424,17,243,57263291,0,251352,26191611,0,6.8085787461313885e-06,3.991611957550049,85665.66345397037,0,0,s1,baseline_3sigma,232951,False,True
309,2.297316894000687,17,238,57448353,0,251352,26452843,0,9.585875886841677e-06,4.024350643157959,85473.51669244518,0,0,s1,baseline_3sigma,233632,False,True
310,2.231755195003643,15,238,57362665,0,251352,26402073,0,1.3741125258093234e-05,3.098750114440918,84073.60218491047,0,0,s1,baseline_3sigma,233559,False,True
311,2.2902565830008825,14,247,57488442,0,251352,26299505,0,1.119550233852351e-05,3.5817482471466064,85631.19703139343,0,0,s1,baseline_3sigma,234119,False,True
312,2.2361358189955354,12,240,57361119,0,251352,26351826,0,9.962597687263042e-06,4.339583396911621,84197.5504597859,0,0,s1,baseline_3sigma,233668,False,True
313,2.1957301440052106,18,262,57581951,0,251352,26394652,0,1.0129993825103156e-05,4.030333042144775,83517.75364536769,0,0,s1,baseline_3sigma,234312,False,True
314,2.1860796270048013,15,228,57284232,0,251352,26325808,0,9.51361744228052e-06,3.0730159282684326,83267.63002237397,0,0,s1,baseline_3sigma,233421,False,True
315,2.258010571997147,15,242,57457499,0,251352,26423202,0,7.523721251345705e-06,4.895888328552246,82154.80926961695,0,0,s1,baseline_3sigma,233950,False,True
316,2.098799464001786,15,237,57599548,0,251352,26429723,0,7.114910204109037e-06,2.5446698665618896,81925.29483884577,0,0,s1,baseline_3sigma,234025,False,True
317,2.222629237003275,15,250,57680492,0,251352,26439326,0,9.344487807538826e-06,2.5886154174804688,80148.03826386709,0,0,s1,baseline_3sigma,234583,False,True
318,2.2176889030015445,17,244,57617750,0,251352,26320502,0,8.81762844073819e-06,2.640465021133423,78769.4813375565,0,0,s1,baseline_3sigma,234049,False,True
319,2.2706874790019356,16,247,57231577,0,251352,26169208,0,8.243941920227371e-06,2.673555850982666,78765.98076819339,0,0,s1,baseline_3sigma,233121,False,True
320,2.1505365289995098,18,231,57270593,0,251352,26290395,0,1.0106231457029935e-05,3.508397102355957,77632.50031581322,0,0,s1,baseline_3sigma,233656,False,True
321,2.173617041000398,20,243,57624518,0,251352,26448987,0,9.54909592110198e-06,2.725198984146118,77116.99200174882,0,0,s1,baseline_3sigma,234247,False,True
322,2.255027416998928,19,233,57687610,0,251352,26450564,0,1.2592078746820334e-05,3.22332501411438,76753.92963249164,0,0,s1,baseline_3sigma,234708,False,True
323,2.261454894003691,18,229,57239181,0,251352,26275684,0,1.1665916645142715e-05,2.7573862075805664,78282.06687966002,0,0,s1,baseline_3sigma,233328,False,True
324,2.1997021670031245,17,260,57533361,0,251352,26371822,0,1.2555246030387934e-05,3.6893374919891357,79205.58729091282,0,0,s1,baseline_3sigma,234348,False,True
325,2.135019861998444,18,251,57122773,0,251352,26204784,0,1.1286921107966918e-05,3.188690185546875,79739.10394193901,0,0,s1,baseline_3sigma,232791,False,True
326,2.230440331004502,13,234,57543481,0,251352,26316181,0,1.0367823961132672e-05,2.960771322250366,80682.8541020233,0,0,s1,baseline_3sigma,234666,False,True
327,2.2605823900012183,16,248,57291438,0,251352,26230870,0,8.393403732043225e-06,2.8898026943206787,81281.5325861774,0,0,s1,baseline_3sigma,233284,False,True
328,2.1640795549974428,19,232,57676199,0,251352,26336860,0,5.5473155953222886e-06,3.004894971847534,79832.58451226237,0,0,s1,baseline_3sigma,234624,False,True
329,2.2535597419991973,19,246,57574592,0,251352,26405817,0,8.348347364517394e-06,2.7409884929656982,79879.62384718208,0,0,s1,baseline_3sigma,234198,False,True
330,2.222056397004053,18,238,57342794,0,251352,26296709,0,9.349832907901146e-06,3.2729930877685547,80023.58073279318,0,0,s1,baseline_3sigma,233333,False,True
331,2.245384711997758,19,243,57296062,0,251352,26238361,0,7.534507858508732e-06,3.6352667808532715,79788.59318525568,0,0,s1,baseline_3sigma,233395,False,True
332,2.29052636599954,17,249,57389756,0,251352,26402404,0,9.268579560739454e-06,3.0407485961914062,79654.54456273127,0,0,s1,baseline_3sigma,233380,False,True
333,2.192521315999329,17,261,57293067,0,251352,26184911,0,1.197217898152303e-05,3.240206718444824,80086.70563148591,0,0,s1,baseline_3sigma,233381,False,True
334,2.2102580139981,17,240,57317143,0,251352,26302026,0,8.576347681810148e-06,3.6683592796325684,79432.04628540273,0,0,s1,baseline_3sigma,233620,False,True
335,2.290054587996565,15,241,57663149,0,251352,26462323,0,9.48677279666299e-06,2.831014633178711,77751.9382600028,0,0,s1,baseline_3sigma,234196,False,True
336,2.1839644799983944,16,246,57590287,0,251352,26428371,0,7.920430107333232e-06,2.917365550994873,77706.51343722007,0,0,s1,baseline_3sigma,234206,False,True
337,2.201033165001718,19,240,57121594,0,251352,26202245,0,9.749076525622513e-06,3.3728692531585693,78113.12170559874,0,0,s1,baseline_3sigma,232736,False,True
338,2.196536654002557,17,238,57342967,0,251352,26286005,0,8.986029570223764e-06,3.1077075004577637,76479.33966313949,0,0,s1,baseline_3sigma,233045,False,True
339,2.297606405998522,16,249,57183083,0,251352,26232814,0,7.814594937372021e-06,3.0353000164031982,76601.80660951926,0,0,s1,baseline_3sigma,233493,False,True
340,2.1697694629983744,18,253,57418835,0,251352,26495843,0,7.082413048919989e-06,4.095179557800293,76426.72212293877,0,0,s1,baseline_3sigma,234005,False,True
341,2.159457215995644,17,232,57468320,0,251352,26338378,0,8.89653620106401e-06,4.399701118469238,76478.04673103013,0,0,s1,baseline_3sigma,234076,False,True
342,2.127198053000029,19,237,57406802,0,251352,26361982,0,1.1467708645795938e-05,2.8464038372039795,76436.64913442104,0,0,s1,baseline_3sigma,233741,False,True
343,2.2670435100008035,18,232,57302310,0,251352,26261057,0,8.617227649665438e-06,3.1508376598358154,77854.9403795776,0,0,s1,baseline_3sigma,233571,False,True
344,2.181053560998407,18,237,57645013,0,251352,26441018,0,1.030042130878428e-05,3.3336973190307617,77224.06765348886,0,0,s1,baseline_3sigma,234724,False,True
345,2.2673978570019244,15,238,57372850,0,251352,26323090,0,7.085667220962932e-06,4.592316627502441,78344.17883688952,0,0,s1,baseline_3sigma,233625,False,True
346,2.3063838579982985,14,243,57534619,0,251352,26359995,0,1.0056249266199302e-05,3.1498355865478516,77671.04201004351,0,0,s1,baseline_3sigma,234289,False,True
347,2.3200990539990016,14,258,57634328,0,251352,26444357,0,9.109965503739659e-06,3.6197268962860107,78474.03854744743,0,0,s1,baseline_3sigma,234571,False,True
348,2.2570419690018753,16,240,57451039,0,251352,26300606,0,8.1288417277392e-06,2.8124518394470215,78084.39222324704,0,0,s1,baseline_3sigma,233931,False,True
349,2.2985183140044683,18,238,57507932,0,251352,26317643,0,1.0547951205808204e-05,4.106407165527344,78721.24205662603,0,0,s1,baseline_3sigma,233566,False,True
350,2.2687296219955897,15,253,57368343,0,251352,26237148,0,6.862527698103804e-06,3.327192544937134,78609.0873382995,0,0,s1,baseline_3sigma,233587,False,True
351,2.2921403120053583,16,269,57513986,0,251352,26335142,0,1.1790795724664349e-05,4.101196765899658,79113.41753861264,0,0,s1,baseline_3sigma,233994,False,True
352,2.2312282320053782,16,247,57611275,0,251352,26374615,0,1.4035686035640538e-05,3.9147822856903076,78289.68486677596,0,0,s1,baseline_3sigma,234116,False,True
353,2.190112523996504,18,255,57534913,0,251352,26332316,0,6.194523848535027e-06,5.9157633781433105,77603.18654956612,0,0,s1,baseline_3sigma,234363,False,True
354,2.2761313860028167,16,244,57457431,0,251352,26347340,0,5.754193807661068e-06,3.380693197250366,77899.19929107784,0,0,s1,baseline_3sigma,233661,False,True
355,2.3014007969977683,18,248,57419504,0,251352,26371649,0,9.351877451990731e-06,2.6557466983795166,77502.22416053446,0,0,s1,baseline_3sigma,233682,False,True
356,2.2100303059996804,15,260,57379049,0,251352,26272862,0,4.162895038462011e-06,3.6398627758026123,78528.1576848864,0,0,s1,baseline_3sigma,233473,False,True
357,2.20688502399571,13,258,57372285,0,251352,26393846,0,1.0435294825583696e-05,3.9780337810516357,78598.64440460605,0,0,s1,baseline_3sigma,233730,False,True
358,2.2424542369990377,18,239,57475486,0,251352,26373202,0,1.2066719136782922e-05,3.9390482902526855,78469.37410638732,0,0,s1,baseline_3sigma,233807,False,True
359,2.3042822379939025,18,253,57356178,0,251352,26299327,0,9.29950056161033e-06,3.286224603652954,79692.80801343721,0,0,s1,baseline_3sigma,233670,False,True
360,2.2140825820024475,19,250,57342890,0,251352,26264714,0,1.1865006854350213e-05,3.9082162380218506,81532.85769804225,0,0,s1,baseline_3sigma,233618,False,True
361,2.25029461899976,15,238,57180737,0,251352,26273985,0,8.534836524631828e-06,4.424866199493408,81038.79779694883,0,0,s1,baseline_3sigma,233536,False,True
362,2.287139598003705,18,270,57360912,0,251352,26306362,0,8.950501069193706e-06,3.63004207611084,80509.9738760439,0,0,s1,baseline_3sigma,233661,False,True
363,2.2687732920021517,19,249,57362198,0,251352,26291067,0,7.369046215899289e-06,4.113595485687256,80176.64232983984,0,0,s1,baseline_3sigma,232886,False,True
364,2.1712770910016843,17,238,57191989,0,251352,26247942,0,6.926380137883825e-06,4.293040752410889,79286.90000963182,0,0,s1,baseline_3sigma,233493,False,True
365,2.1985208050027722,19,265,57352565,0,251352,26328411,0,1.050576065608766e-05,3.6493892669677734,78176.42672286574,0,0,s1,baseline_3sigma,233631,False,True
366,2.131578692999028,13,253,57547441,0,251352,26328528,0,6.2709368648938835e-06,3.221571922302246,78495.80695473672,0,0,s1,baseline_3sigma,234070,False,True
367,2.222833013001946,19,241,57518832,0,251352,26359016,0,7.73423926148098e-06,3.8623340129852295,78487.57086336767,0,0,s1,baseline_3sigma,234209,False,True
368,2.2987778880051337,18,249,57523922,0,251352,26502509,0,1.2354439604678191e-05,3.2269668579101562,79366.87509612783,0,0,s1,baseline_3sigma,234355,False,True
369,2.2143025360055617,13,229,57310242,0,251352,26353138,0,8.598901331424713e-06,3.639218330383301,81681.94493593475,0,0,s1,baseline_3sigma,233939,False,True
370,2.180279297004745,18,240,57585601,0,251352,26359533,0,7.088803158694645e-06,3.09953236579895,82805.05484940475,0,0,s1,baseline_3sigma,234188,False,True
371,2.216090826004802,16,248,57438785,0,251352,26296909,0,9.002374099509325e-06,4.670504570007324,85465.46091450764,0,0,s1,baseline_3sigma,233619,False,True
372,2.120241829994484,18,239,57410758,0,251352,26315326,0,7.3044252530962694e-06,3.872624397277832,86602.02303241045,0,0,s1,baseline_3sigma,233828,False,True
373,2.142915643999004,18,252,57489590,0,251352,26332831,0,8.979478479886893e-06,3.533442735671997,85874.50499899965,0,0,s1,baseline_3sigma,233815,False,True
374,2.1709026179960347,17,252,57256229,0,251352,26363518,0,7.670493687328417e-06,3.130411386489868,85067.59857655002,0,0,s1,baseline_3sigma,233456,False,True
375,2.1617923279991373,17,254,57172564,0,251352,26234947,0,6.35867672826862e-06,3.6083881855010986,86151.03478496318,0,0,s1,baseline_3sigma,233151,False,True
376,2.18394097500277,16,240,57308932,0,251352,26313912,0,9.097713700612076e-06,3.0916831493377686,84835.5152196794,0,0,s1,baseline_3sigma,233145,False,True
377,2.160722333996091,18,263,57461107,0,251352,26267076,0,7.83649375080131e-06,2.753542423248291,83226.04847590101,0,0,s1,baseline_3sigma,234361,False,True
378,2.217327047001163,19,246,57497284,0,251352,26432760,0,7.897030627646018e-06,3.1515278816223145,82010.8347959339,0,0,s1,baseline_3sigma,233754,False,True
379,2.237305866998213,18,261,57354278,0,251352,26255803,0,6.009210665069986e-06,3.140933036804199,83315.06568994134,0,0,s1,baseline_3sigma,233577,False,True
380,2.1095431270005065,15,241,57444396,0,251352,26317636,0,1.1273944437562022e-05,3.6656744480133057,82300.3324483789,0,0,s1,baseline_3sigma,233890,False,True
381,2.112582276997273,19,272,57878989,0,251352,26420090,0,1.2694828001258429e-05,3.4959239959716797,82866.61561869156,0,0,s1,baseline_3sigma,235378,False,True
382,2.1373346840045997,16,232,57413877,0,251352,26246868,0,1.048653939506039e-05,3.6464858055114746,83235.2096915322,0,0,s1,baseline_3sigma,234105,False,True
383,2.2573845510050887,18,234,57385817,0,251352,26319605,0,1.0232520253339317e-05,3.1090517044067383,82371.8395281166,0,0,s1,baseline_3sigma,234177,False,True
384,2.2102648590007448,17,247,57639866,0,251352,26457744,0,1.2577329471241683e-05,3.9373867511749268,81694.16104738368,0,0,s1,baseline_3sigma,235107,False,True
385,2.1347787069971673,18,257,57318903,0,251352,26279680,0,6.821041097282432e-06,4.419604778289795,82104.25798077206,0,0,s1,baseline_3sigma,233789,False,True
386,2.061870017001638,18,244,57451690,0,251352,26371775,0,7.729148819635157e-06,2.6885900497436523,80868.49496864546,0,0,s1,baseline_3sigma,233973,False,True
387,2.2012572820021887,19,239,57256189,0,251352,26317050,0,7.579200428153854e-06,3.133559465408325,81619.87603830526,0,0,s1,baseline_3sigma,233480,False,True
388,2.114301361994876,15,239,57341643,0,251352,26276618,0,1.677117688814178e-05,3.1451332569122314,81468.71425168894,0,0,s1,baseline_3sigma,233673,False,True
389,2.1578771339991363,14,244,57314837,0,251352,26334208,0,8.70148778631119e-06,3.7958333492279053,82420.52031114361,0,0,s1,baseline_3sigma,233538,False,True
390,2.1443376569950487,17,250,57220059,0,251352,26290330,0,1.1302859093120787e-05,3.3546154499053955,82316.92660681564,0,0,s1,baseline_3sigma,233273,False,True
391,2.167638075996365,18,252,57445315,0,251352,26299580,0,1.2294104635657277e-05,2.738870143890381,80422.92923183962,0,0,s1,baseline_3sigma,233564,False,True
392,2.134920862998115,18,248,57412924,0,251352,26348613,0,1.2011098078801297e-05,2.908479928970337,79779.5390488901,0,0,s1,baseline_3sigma,233523,False,True
393,2.115209421994223,16,232,57611139,0,251352,26464352,0,4.781463758263271e-06,3.4831697940826416,79501.96608437142,0,0,s1,baseline_3sigma,234586,False,True
394,2.075629006001691,15,240,57162067,0,251352,26223588,0,1.353630159428576e-05,2.752365827560425,79232.61156771147,0,0,s1,baseline_3sigma,233187,False,True
395,2.2029286199976923,19,260,57356022,0,251352,26337178,0,8.52692755870521e-06,3.3564822673797607,78846.65818162085,0,0,s1,baseline_3sigma,233983,False,True
396,2.2225320159996045,13,244,57375876,0,251352,26288277,0,1.2237663213454653e-05,3.3513357639312744,79535.6748649152,0,0,s1,baseline_3sigma,233314,False,True
397,2.162961309993989,16,239,57384291,0,251352,26275278,0,8.60695399751421e-06,3.136334180831909,80545.64663006456,0,0,s1,baseline_3sigma,234029,False,True
398,2.248725689998537,17,240,57293469,0,251352,26322870,0,1.176030946226092e-05,2.7605698108673096,81223.93984416459,0,0,s1,baseline_3sigma,233704,False,True
399,2.1172805099995458,17,234,57525367,0,251352,26394362,0,8.309016266139224e-06,3.1376166343688965,80910.24310664441,0,0,s1,baseline_3sigma,233885,False,True
400,2.150538113004586,17,248,57445595,0,251352,26338257,0,9.500006854068488e-06,2.99259877204895,82377.26478431457,0,0,s1,baseline_3sigma,233756,False,True
401,2.1382288109962246,16,235,57584228,0,251352,26403299,0,1.0607978765619919e-05,3.2570722103118896,82556.3699522647,0,0,s1,baseline_3sigma,234114,False,True
402,2.125274452002486,15,245,57333684,0,251352,26185586,0,6.4171831581916194e-06,2.4533169269561768,83801.15614641109,0,0,s1,baseline_3sigma,234085,False,True
403,2.088952671001607,19,239,57513494,0,251352,26452416,0,8.226110367104411e-06,2.8699278831481934,82023.542052183,0,0,s1,baseline_3sigma,234210,False,True
404,2.088711518001219,18,240,57257045,0,251352,26263196,0,7.76561410020804e-06,2.43709397315979,82650.43415215664,0,0,s1,baseline_3sigma,233132,False,True
405,2.145445023998036,19,264,57358272,0,251352,26334261,0,1.0153462426387705e-05,2.330048084259033,83153.08718986943,0,0,s1,baseline_3sigma,233723,False,True
406,2.2098153219994856,15,252,57268459,0,251352,26200914,0,6.677912097075023e-06,2.694077491760254,82555.27620687959,0,0,s1,baseline_3sigma,233220,False,True
407,2.1406982249973225,20,245,57432356,0,251352,26383357,0,6.48432887828676e-06,2.799705982208252,82607.1949660548,0,0,s1,baseline_3sigma,234308,False,True
408,2.150792612999794,17,245,57205400,0,251352,26201297,0,8.410501322941855e-06,2.77793550491333,83238.30771807068,0,0,s1,baseline_3sigma,233416,False,True
409,2.2100112729967805,20,242,57394347,0,251352,26392729,0,1.0924356502073351e-05,2.973848819732666,82041.10385102915,0,0,s1,baseline_3sigma,233630,False,True
410,2.2183416000043508,17,233,57327523,0,251352,26360767,0,9.184794180328026e-06,2.722886085510254,82199.38802973846,0,0,s1,baseline_3sigma,234044,False,True
411,2.2945876849989872,17,236,57339986,0,251352,26299134,0,1.176845034933649e-05,2.4607934951782227,83489.02122755667,0,0,s1,baseline_3sigma,233768,False,True
412,2.17261780899571,17,229,57485555,0,251352,26383289,0,1.1683765478665009e-05,2.647592067718506,81241.6515956837,0,0,s1,baseline_3sigma,233627,False,True
413,2.1523177579947514,16,254,57503911,0,251352,26313896,0,9.286389285989571e-06,2.8507142066955566,82321.36796280654,0,0,s1,baseline_3sigma,234174,False,True
414,2.1426877890044125,17,234,57483337,0,251352,26367402,0,8.982998224382754e-06,3.1224725246429443,82787.4410042617,0,0,s1,baseline_3sigma,234413,False,True
415,2.1328979459940456,18,250,57592207,0,251352,26425715,0,9.399853297509253e-06,2.372532844543457,82895.97166580729,0,0,s1,baseline_3sigma,234450,False,True
416,2.242022187994735,17,255,57386173,0,251352,26346553,0,6.562240287166787e-06,2.8452320098876953,84478.37615880782,0,0,s1,baseline_3sigma,233345,False,True
417,2.0775699310033815,18,236,57206085,0,251352,26232063,0,7.4536033025651705e-06,3.5012309551239014,85863.4425074894,0,0,s1,baseline_3sigma,233240,False,True
418,2.0900676770033897,15,255,57222539,0,251352,26192154,0,7.706371434323955e-06,3.532334327697754,87302.80888987692,0,0,s1,baseline_3sigma,233185,False,True
419,2.0808031130000018,16,234,57426714,0,251352,26279866,0,1.049697857524734e-05,2.8578124046325684,88535.35464269809,0,0,s1,baseline_3sigma,233822,False,True
420,2.139041474001715,13,246,57571941,0,251352,26371797,0,1.1122965588583611e-05,2.9048304557800293,87567.09199334332,0,0,s1,baseline_3sigma,234208,False,True
421,2.1214228280005045,19,256,57496523,0,251352,26334081,0,1.3062551261100452e-05,3.2579257488250732,88079.74223639522,0,0,s1,baseline_3sigma,233754,False,True
422,2.0876659490022575,16,259,57266775,0,251352,26214520,0,8.212425200326834e-06,3.6131536960601807,88628.5182818246,0,0,s1,baseline_3sigma,233444,False,True
423,2.156669777999923,16,231,57377457,0,251352,26220561,0,7.091135103109991e-06,4.044047832489014,89273.3360481371,0,0,s1,baseline_3sigma,233808,False,True
424,2.132818384998245,17,238,57292054,0,251352,26246777,0,1.2941634849994443e-05,3.9731361865997314,88967.01064870736,0,0,s1,baseline_3sigma,233638,False,True
425,2.135517203998461,19,261,57388175,0,251352,26331640,0,1.0389803719590418e-05,3.375624895095825,87314.98270041047,0,0,s1,baseline_3sigma,233556,False,True
426,2.1541800220002187,18,237,57339786,0,251352,26282025,0,9.652039807406254e-06,3.947003126144409,87500.5766561294,0,0,s1,baseline_3sigma,233424,False,True
427,2.1536160329997074,18,250,57323753,0,251352,26262862,0,1.1591416296141688e-05,4.29623556137085,86116.45090517489,0,0,s1,baseline_3sigma,233864,False,True
428,2.1342999109983793,18,235,57243589,0,251352,26282740,0,5.384627002058551e-06,3.010192394256592,85142.526481288,0,0,s1,baseline_3sigma,233924,False,True
429,2.1832966719957767,16,236,57518253,0,251352,26355427,0,9.598841643310152e-06,2.933854103088379,82520.34073538812,0,0,s1,baseline_3sigma,233715,False,True
430,2.1373914779978804,17,229,57300638,0,251352,26282638,0,1.0667030437616631e-05,2.8235719203948975,81473.00062389676,0,0,s1,baseline_3sigma,233352,False,True
431,2.1059913790013525,15,248,57259196,0,251352,26205960,0,4.9739223868527915e-06,2.6553702354431152,80072.7965902251,0,0,s1,baseline_3sigma,233163,False,True
432,2.1307071629998973,18,246,57391589,0,251352,26270502,0,1.2660071661230177e-05,2.727566957473755,79081.91882240174,0,0,s1,baseline_3sigma,233780,False,True
433,2.134999051995692,18,236,57714221,0,251352,26465961,0,1.040252664097352e-05,2.4421443939208984,77412.3377507488,0,0,s1,baseline_3sigma,234384,False,True
434,2.1556097099964973,16,236,57404900,0,251352,26336204,0,8.159710887412075e-06,2.4113991260528564,78522.78106245506,0,0,s1,baseline_3sigma,233036,False,True
435,2.148956334000104,16,243,57391126,0,251352,26287234,0,9.14564498089021e-06,2.3927230834960938,79800.80757330988,0,0,s1,baseline_3sigma,233703,False,True
436,2.0930361630016705,17,239,57318887,0,251352,26157364,0,8.757612704357598e-06,2.909809112548828,78830.6317266535,0,0,s1,baseline_3sigma,233221,False,True
437,2.1296058730004006,11,248,57282006,0,251352,26195095,0,6.848910288681509e-06,2.8166933059692383,80088.35150736278,0,0,s1,baseline_3sigma,233232,False,True
438,2.1272113700033515,17,250,57603202,0,251352,26359129,0,7.4103859333263244e-06,3.2890384197235107,79824.91816141273,0,0,s1,baseline_3sigma,234183,False,True
439,2.0843214850028744,16,235,57149871,0,251352,26238404,0,1.2795645488949958e-05,3.336197853088379,79573.6325933835,0,0,s1,baseline_3sigma,233329,False,True
440,2.1001091600046493,15,245,57328922,0,251352,26224168,0,1.196674656966934e-05,2.7310900688171387,80358.5254948943,0,0,s1,baseline_3sigma,233558,False,True
441,2.223570139001822,16,244,57205636,0,251352,26222496,0,8.478404197376221e-06,3.7038142681121826,80149.63630853585,0,0,s1,baseline_3sigma,233445,False,True
442,2.1641815490002045,19,245,57384552,0,251352,26375031,0,1.2161740414740052e-05,2.946089029312134,78831.6502962106,0,0,s1,baseline_3sigma,233879,False,True
443,2.1976764840001124,17,240,57503911,0,251352,26397127,0,8.90327737579355e-06,2.8731088638305664,78046.86048461455,0,0,s1,baseline_3sigma,234201,False,True
444,2.1427665960000013,19,248,57448956,0,251352,26327203,0,1.071367114491295e-05,2.9300596714019775,76642.99858698208,0,0,s1,baseline_3sigma,234053,False,True
445,2.2185240010003326,16,265,57496864,0,251352,26435964,0,1.197173332911916e-05,3.182115316390991,76009.56348658638,0,0,s1,baseline_3sigma,234359,False,True
446,2.2081960739960778,16,255,57292040,0,251352,26273927,0,8.341577995452099e-06,4.009195327758789,76449.28526587956,0,0,s1,baseline_3sigma,233694,False,True
447,2.245878106994496,21,246,57426493,0,251352,26257975,0,1.2055355909978971e-05,3.954545497894287,77084.91873053732,0,0,s1,baseline_3sigma,233374,False,True
448,2.271830146004504,18,243,57266458,0,251352,26221780,0,5.5963969316508155e-06,3.282902240753174,78367.16384051762,0,0,s1,baseline_3sigma,232883,False,True
449,2.1677328779987874,20,245,57690496,0,251352,26463287,0,9.018307537189685e-06,3.008631467819214,78598.61094138338,0,0,s1,baseline_3sigma,234210,False,True
450,2.1387847459991463,18,254,57426983,0,251352,26340092,0,7.403710696962662e-06,3.734687566757202,81582.80991802888,0,0,s1,baseline_3sigma,233681,False,True
451,2.1071774550000555,18,239,57403201,0,251352,26317877,0,9.278197467210703e-06,3.268660306930542,82575.65248829171,0,0,s1,baseline_3sigma,233666,False,True
452,2.1744480400011525,17,249,57281810,0,251352,26211490,0,6.692709121125517e-06,3.5347671508789062,84124.24020795552,0,0,s1,baseline_3sigma,233245,False,True
453,2.066260035004234,16,237,57582575,0,251352,26437793,0,1.1253487173235044e-05,2.759484052658081,84630.7484482023,0,0,s1,baseline_3sigma,234273,False,True
454,2.1835756979999132,18,238,57401906,0,251352,26300425,0,1.0350349839427508e-05,2.8829915523529053,87192.78033047184,0,0,s1,baseline_3sigma,233994,False,True
455,2.1335174220002955,15,230,57351093,0,251352,26277235,0,8.666698704473674e-06,3.207552194595337,87950.5232417879,0,0,s1,baseline_3sigma,233653,False,True
456,2.101513284003886,18,252,57522267,0,251352,26287853,0,1.4383434063347522e-05,3.546280860900879,88663.04068742495,0,0,s1,baseline_3sigma,233653,False,True
457,2.145890152998618,16,241,57222308,0,251352,26207213,0,4.977148819307331e-06,3.5093750953674316,89672.50957657905,0,0,s1,baseline_3sigma,233575,False,True
458,2.227096377995622,17,242,57426326,0,251352,26319674,0,7.808919690432958e-06,2.7119245529174805,87973.76936946683,0,0,s1,baseline_3sigma,233827,False,True
459,2.227310315996874,19,249,57663837,0,251352,26433568,0,1.156169491878245e-05,2.6810927391052246,87295.24397538265,0,0,s1,baseline_3sigma,234336,False,True
460,2.1419906400042237,17,269,57565417,0,251352,26257898,0,1.2957689250470139e-05,2.6728012561798096,86044.63325177718,0,0,s1,baseline_3sigma,234123,False,True
461,2.2137876560009317,16,234,57508263,0,251352,26370780,0,4.538579105428653e-06,2.6590774059295654,83432.5797590514,0,0,s1,baseline_3sigma,234496,False,True
462,2.142157338996185,17,239,57448113,0,251352,26256291,0,1.4072888006921858e-05,2.477328300476074,82307.14787362468,0,0,s1,baseline_3sigma,233840,False,True
463,2.215955996995035,15,232,57525886,0,251352,26288100,0,8.019514098123182e-06,2.233769655227661,80156.39066624985,0,0,s1,baseline_3sigma,234239,False,True
464,2.1461833430003026,19,248,57318192,0,251352,26237188,0,1.0295185347786173e-05,2.714468002319336,78466.08010085825,0,0,s1,baseline_3sigma,233673,False,True
465,2.1975619200020446,19,256,57468893,0,251352,26389074,0,8.3523000284913e-06,2.762221336364746,76888.73583391846,0,0,s1,baseline_3sigma,233674,False,True
466,2.1838097190047847,18,241,57473946,0,251352,26336312,0,1.3614566341857426e-05,2.4002602100372314,75258.68465650757,0,0,s1,baseline_3sigma,233980,False,True
467,2.2163523390045157,15,242,57370037,0,251352,26265249,0,8.973031981440727e-06,3.131105899810791,74943.19598633228,0,0,s1,baseline_3sigma,233118,False,True
468,2.2731038509955397,15,250,57316842,0,251352,26261254,0,7.437751264660619e-06,2.825507640838623,75328.5209805324,0,0,s1,baseline_3sigma,234081,False,True
469,2.205939302999468,15,254,57301534,0,251352,26227555,0,6.7467804001353215e-06,2.822551727294922,75135.71949590096,0,0,s1,baseline_3sigma,232796,False,True
470,2.233338457001082,17,236,57455306,0,251352,26308549,0,9.968805898097344e-06,2.7815840244293213,76436.99578272032,0,0,s1,baseline_3sigma,233977,False,True
471,2.277869762998307,16,226,57263038,0,251352,26219874,0,1.0874489817069843e-05,2.805572748184204,76864.23794949944,0,0,s1,baseline_3sigma,233390,False,True
472,2.282833543999004,16,233,57357181,0,251352,26184852,0,8.91390118340496e-06,2.7675437927246094,78699.7843694286,0,0,s1,baseline_3sigma,233908,False,True
473,2.1610927259971504,17,239,57450493,0,251352,26273713,0,1.3449583093461115e-05,3.742298126220703,79235.16591506638,0,0,s1,baseline_3sigma,233402,False,True
474,2.2291140770030324,19,232,57386374,0,251352,26390496,0,6.5392209762649145e-06,3.091681957244873,79169.26735811192,0,0,s1,baseline_3sigma,233741,False,True
475,2.169490328997199,18,231,57120162,0,251352,26195465,0,1.0845378710655496e-05,3.1239800453186035,79551.22906880827,0,0,s1,baseline_3sigma,233066,False,True
476,2.194118013001571,16,248,57569261,0,251352,26307855,0,1.0886914424190763e-05,2.4192309379577637,80725.57845917268,0,0,s1,baseline_3sigma,234694,False,True
477,2.2368954039993696,16,236,57276450,0,251352,26270799,0,8.536668246961199e-06,2.9458813667297363,80934.05907932248,0,0,s1,baseline_3sigma,232902,False,True
478,2.2314476059982553,15,242,57382718,0,251352,26239392,0,1.424401762051275e-05,3.350961446762085,81344.96619345984,0,0,s1,baseline_3sigma,233636,False,True
479,2.1823896179994335,18,244,57215958,0,251352,26196523,0,1.1398169590393081e-05,3.2648701667785645,82426.31756073724,0,0,s1,baseline_3sigma,233301,False,True
480,2.2779705749999266,17,249,57401289,0,251352,26388504,0,1.1128838195872959e-05,2.7840054035186768,81589.73693455226,0,0,s1,baseline_3sigma,233931,False,True
481,2.196835351001937,17,232,57560595,0,251352,26439678,0,1.284118934563594e-05,2.9930832386016846,81538.36931237172,0,0,s1,baseline_3sigma,234206,False,True
482,2.1546758959957515,15,240,57366368,0,251352,26328754,0,1.021943535306491e-05,3.345942974090576,81505.88785588874,0,0,s1,baseline_3sigma,233621,False,True
483,2.235151146996941,15,228,57388102,0,251352,26449870,0,9.306128958996851e-06,3.243659257888794,82542.29480949907,0,0,s1,baseline_3sigma,233849,False,True
484,2.110384535000776,18,237,57242971,0,251352,26260934,0,1.054863150784513e-05,2.9259443283081055,82562.464279167,0,0,s1,baseline_3sigma,232596,False,True
485,2.2587002080035745,14,258,57120738,0,251352,26125783,0,6.386830136762001e-06,3.5282275676727295,82554.5475618327,0,0,s1,baseline_3sigma,232946,False,True
486,2.2479370970031596,15,236,57408127,0,251352,26399300,0,1.1090314728789963e-05,3.1899280548095703,83033.4048109786,0,0,s1,baseline_3sigma,234243,False,True
487,2.2815385360008804,17,255,57058442,0,251352,26138776,0,6.099974143580766e-06,2.7032737731933594,84380.2624435031,0,0,s1,baseline_3sigma,232517,False,True
488,2.2016705299975,15,248,57425743,0,251352,26326907,0,9.111697181651834e-06,2.5529887676239014,85094.90950723071,0,0,s1,baseline_3sigma,233285,False,True
489,2.1002369599955273,18,243,57720212,0,251352,26435262,0,7.582357284263708e-06,2.939085006713867,86640.30416578549,0,0,s1,baseline_3sigma,234485,False,True
490,2.224128408000979,16,248,57372870,0,251352,26289343,0,7.448759333783528e-06,2.988095283508301,88550.49142407518,0,0,s1,baseline_3sigma,233588,False,True
491,2.3616722759979893,17,235,57425416,0,251352,26287933,0,7.707975782977883e-06,2.9781250953674316,90749.24158941033,0,0,s1,baseline_3sigma,233793,False,True
492,2.3415793149979436,16,239,57354155,0,251352,26331445,0,1.0437031050969381e-05,3.2733917236328125,91093.09053837902,0,0,s1,baseline_3sigma,233720,False,True
493,2.2253776399957133,18,246,57403040,0,251352,26381631,0,1.126965980802197e-05,3.051494836807251,90620.09215022139,0,0,s1,baseline_3sigma,233154,False,True
494,2.1186895150021883,17,243,57318484,0,251352,26295507,0,1.186830377264414e-05,3.8841376304626465,91435.44236730745,0,0,s1,baseline_3sigma,233519,False,True
495,2.2785736639998504,15,234,57364483,0,251352,26371348,0,9.229822353518102e-06,4.835714340209961,91099.05395389521,0,0,s1,baseline_3sigma,233612,False,True
496,2.3739907130002393,18,257,57535438,0,251352,26265996,0,1.3903083527111448e-05,3.65431547164917,88807.95252235954,0,0,s1,baseline_3sigma,234040,False,True
497,2.2879457300005015,19,249,57263791,0,251352,26368127,0,1.0025403753388673e-05,3.5662055015563965,89234.7473076068,0,0,s1,baseline_3sigma,233899,False,True
498,2.3199063389984076,19,246,57523235,0,251352,26379865,0,1.1806890142906923e-05,3.7697010040283203,88803.950518649,0,0,s1,baseline_3sigma,234137,False,True
499,2.223456482999609,17,237,57408574,0,251352,26320659,0,8.126629836624488e-06,4.673943042755127,90627.00539682315,0,0,s1,baseline_3sigma,233794,False,True
500,2.160910052996769,16,236,57384759,0,251352,26345172,0,4.397742031869711e-06,3.856431007385254,90124.3058840706,0,0,s1,baseline_3sigma,233050,False,True
501,2.1537548870037426,19,247,57335595,0,251352,26355265,0,9.602747013559565e-06,5.029664993286133,91399.9930725629,0,0,s1,baseline_3sigma,233809,False,True
502,2.1640818109954125,15,266,57286923,0,251352,26145942,0,9.987580597226042e-06,5.193749904632568,92812.99340926207,0,0,s1,baseline_3sigma,233190,False,True
503,2.1406432509975275,18,249,57304566,0,251352,26285152,0,8.712835551705211e-06,4.877232074737549,93240.49205178992,0,0,s1,baseline_3sigma,233340,False,True
504,2.12602357200376,11,246,57200940,0,251352,26224158,0,1.0440184269100428e-05,5.699431896209717,92509.11134495854,0,0,s1,baseline_3sigma,233549,False,True
505,2.199916787001712,16,234,57052674,0,251352,26149984,0,7.25379868526943e-06,6.225781440734863,90802.42593863561,0,0,s1,baseline_3sigma,232854,False,True
506,2.2752962920058053,16,240,57302160,0,251352,26333893,0,1.0411363291495945e-05,5.2773027420043945,90246.77012980278,0,0,s1,baseline_3sigma,233462,False,True
507,2.3220679119986016,13,227,57235874,0,251352,26287811,0,9.629377018427476e-06,4.1519269943237305,88420.98964235811,0,0,s1,baseline_3sigma,233522,False,True
508,2.2558981779948226,15,250,57122969,0,251352,26225591,0,1.054895437846426e-05,5.502450942993164,86600.12791690754,0,0,s1,baseline_3sigma,232929,False,True
509,2.1771352240029955,17,240,57537822,0,251352,26416013,0,9.856029464572202e-06,4.409007549285889,85646.99958589338,0,0,s1,baseline_3sigma,233996,False,True
510,2.1741066639951896,18,247,57165395,0,251352,26201677,0,7.306111911020707e-06,3.6137819290161133,85866.16447339205,0,0,s1,baseline_3sigma,232799,False,True
511,2.3687593689974165,16,242,57488795,0,251352,26326597,0,1.1880812053277623e-05,3.7024669647216797,84516.82238459363,0,0,s1,baseline_3sigma,233667,False,True
512,2.3110699680037214,17,233,57271036,0,251352,26172108,0,1.0145737178390846e-05,3.142922878265381,82845.18839835594,0,0,s1,baseline_3sigma,233004,False,True
513,2.1974174170027254,18,238,57489759,0,251352,26318764,0,9.558023521094583e-06,3.000990390777588,81176.83357673134,0,0,s1,baseline_3sigma,234420,False,True
514,2.274408184995991,16,249,57416165,0,251352,26374016,0,6.738335287082009e-06,3.0454063415527344,80930.46124788873,0,0,s1,baseline_3sigma,233780,False,True
515,2.3484170970041305,15,238,57562980,0,251352,26395779,0,1.0039661901828367e-05,2.8118722438812256,80910.83856735818,0,0,s1,baseline_3sigma,233995,False,True
516,2.349147039996751,18,255,57187114,0,251352,26314564,0,1.0371761163696647e-05,2.550048589706421,81118.87934139176,0,0,s1,baseline_3sigma,233323,False,True
517,2.275481441996817,17,246,57163236,0,251352,26229216,0,1.0700244274630677e-05,3.564568042755127,82523.95029776353,0,0,s1,baseline_3sigma,232621,False,True
518,2.2643189020018326,16,245,57470188,0,251352,26285401,0,1.2832357242587022e-05,3.3541667461395264,82701.09900784655,0,0,s1,baseline_3sigma,233329,False,True
519,2.2591104169987375,16,224,57340597,0,251352,26326463,0,5.309097105055116e-06,2.904355049133301,81586.10885491953,0,0,s1,baseline_3sigma,234212,False,True
520,2.1829316319999634,18,237,57258473,0,251352,26288832,0,1.2063157555530779e-05,2.9225542545318604,81573.25970770555,0,0,s1,baseline_3sigma,233537,False,True
521,2.3516827350031235,16,234,57358472,0,251352,26316007,0,6.559504981851205e-06,3.269927740097046,80133.11452563666,0,0,s1,baseline_3sigma,233506,False,True
522,2.167703305000032,17,245,57174712,0,251352,26211447,0,1.3039832992944866e-05,3.0727338790893555,79155.84762168603,0,0,s1,baseline_3sigma,233171,False,True
523,2.2608780529990327,15,259,57644756,0,251352,26445679,0,1.368745415675221e-05,2.896768569946289,77817.38672798206,0,0,s1,baseline_3sigma,234510,False,True
524,2.1877978019983857,19,260,57338827,0,251352,26326613,0,1.1086253834946547e-05,4.529147624969482,78225.77469441819,0,0,s1,baseline_3sigma,233232,False,True
525,2.1267967660023714,16,251,57541583,0,251352,26411641,0,1.0150329217140097e-05,3.1169865131378174,78370.14626961153,0,0,s1,baseline_3sigma,234015,False,True
526,2.2438935809987015,18,255,57465663,0,251352,26344827,0,1.4198466487869155e-05,3.2754411697387695,79101.4580547771,0,0,s1,baseline_3sigma,233918,False,True
527,2.2352588909998303,16,261,57489743,0,251352,26370097,0,3.926689259969862e-06,4.315364360809326,80431.36511602352,0,0,s1,baseline_3sigma,234013,False,True
528,2.2543202320011915,16,240,57199924,0,251352,26194635,0,8.016910214792006e-06,2.998845338821411,82672.74333981825,0,0,s1,baseline_3sigma,233001,False,True
529,2.1332462030040915,18,247,57530971,0,251352,26417468,0,1.1633758731477428e-05,2.613020896911621,80984.22372740867,0,0,s1,baseline_3sigma,234048,False,True
530,2.232846236001933,18,247,57378559,0,251352,26256993,0,1.0221689080935903e-05,2.857015609741211,79823.28791851868,0,0,s1,baseline_3sigma,234472,False,True
531,2.2051656959956745,18,241,57664881,0,251352,26427359,0,9.097390829992946e-06,2.956817150115967,77695.88007484748,0,0,s1,baseline_3sigma,234618,False,True
532,2.242175731000316,19,227,57263019,0,251352,26302632,0,8.053491910686716e-06,2.3674702644348145,77169.99203661393,0,0,s1,baseline_3sigma,233245,False,True
533,2.175911862999783,17,247,57366211,0,251352,26265887,0,1.0181980542256497e-05,2.6698851585388184,76321.8717408737,0,0,s1,baseline_3sigma,233335,False,True
534,2.2559510369974305,19,236,57474969,0,251352,26462824,0,1.2543005141196772e-05,3.1640963554382324,76019.21808239468,0,0,s1,baseline_3sigma,233932,False,True
535,2.255298918003973,16,244,57275638,0,251352,26261420,0,1.1217230166948866e-05,2.5784237384796143,76222.96317281603,0,0,s1,baseline_3sigma,233354,False,True
536,2.2423957569990307,17,245,57155434,0,251352,26248074,0,1.5210585843306035e-05,2.8918349742889404,76326.78696370637,0,0,s1,baseline_3sigma,233225,False,True
537,2.1683334179979283,20,251,57329202,0,251352,26327770,0,1.0182508049183525e-05,2.5839338302612305,77932.65080378132,0,0,s1,baseline_3sigma,233623,False,True
538,2.1439662410048186,17,236,57242858,0,251352,26239186,0,5.366190634958912e-06,2.8252689838409424,78747.95644072378,0,0,s1,baseline_3sigma,233273,False,True
539,2.1337438729970017,19,235,57422333,0,251352,26270140,0,7.520542567363009e-06,2.5299999713897705,78441.84228587667,0,0,s1,baseline_3sigma,233475,False,True
540,2.128173612996761,19,259,57443940,0,251352,26345725,0,1.2075842278136406e-05,2.637666940689087,79789.76392298567,0,0,s1,baseline_3sigma,234454,False,True
541,2.194841030999669,18,236,57159286,0,251352,26259408,0,9.30613350647036e-06,2.9259445667266846,78938.58920224516,0,0,s1,baseline_3sigma,233415,False,True
542,2.284332272996835,17,235,57433560,0,251352,26383952,0,6.8800295593973715e-06,2.818601131439209,80804.87002380883,0,0,s1,baseline_3sigma,233801,False,True
543,2.2653053130052285,15,260,57174182,0,251352,26265178,0,6.052525350241922e-06,2.8617610931396484,81166.66428283005,0,0,s1,baseline_3sigma,233452,False,True
544,2.278294255003857,17,247,57396417,0,251352,26321410,0,1.042848452925682e-05,3.6927850246429443,80569.8918972364,0,0,s1,baseline_3sigma,233879,False,True
545,2.232947642005456,15,269,57391267,0,251352,26216232,0,8.610281838627998e-06,3.752192735671997,82069.23700751664,0,0,s1,baseline_3sigma,233776,False,True
546,2.330221818003338,19,250,57525212,0,251352,26430165,0,1.0520351679588202e-05,2.7510416507720947,81544.7132528044,0,0,s1,baseline_3sigma,233710,False,True
547,2.27832508499705,16,232,57204790,0,251352,26213385,0,1.2346581570454873e-05,3.2988152503967285,81692.26164191714,0,0,s1,baseline_3sigma,233210,False,True
548,2.2223974830048974,19,264,57304361,0,251352,26284630,0,1.0267992365697864e-05,3.024679660797119,80079.14005600901,0,0,s1,baseline_3sigma,233063,False,True
549,2.2364495109941345,18,235,57582868,0,251352,26433017,0,1.1840164006571285e-05,2.597799062728882,78733.27707249082,0,0,s1,baseline_3sigma,234047,False,True
550,2.1953493499968317,17,253,57419747,0,251352,26326989,0,1.0133585419680458e-05,3.404914617538452,79568.99404265704,0,0,s1,baseline_3sigma,234052,False,True
551,2.237282434005465,19,236,57542886,0,251352,26300117,0,9.647536899137776e-06,3.748579502105713,80188.1056530712,0,0,s1,baseline_3sigma,234051,False,True
552,2.291853059003188,12,250,57382066,0,251352,26381733,0,9.370055522595067e-06,2.7959418296813965,80297.7785719842,0,0,s1,baseline_3sigma,233477,False,True
553,2.239535379005247,15,229,57355519,0,251352,26313956,0,9.750036042532884e-06,3.334465742111206,82055.07904907128,0,0,s1,baseline_3sigma,233976,False,True
554,2.071802074999141,15,234,57270287,0,251352,26297318,0,1.2174782568763476e-05,2.9944798946380615,81761.34005860082,0,0,s1,baseline_3sigma,233845,False,True
555,2.304981148998195,15,248,57399467,0,251352,26232250,0,1.1549181181180757e-05,2.7818963527679443,81621.13872172894,0,0,s1,baseline_3sigma,233460,False,True
556,2.291540842001268,17,244,57423860,0,251352,26299407,0,1.0681980711524375e-05,3.0487053394317627,82070.46854167555,0,0,s1,baseline_3sigma,233808,False,True
557,2.209504894002748,18,221,57274687,0,251352,26290085,0,9.610693268768955e-06,2.719034194946289,82073.58255058277,0,0,s1,baseline_3sigma,233361,False,True
558,2.1189411749946885,16,235,57586781,0,251352,26406534,0,8.919801985030062e-06,2.890000104904175,80579.02417177963,0,0,s1,baseline_3sigma,234255,False,True
559,2.2688101370004006,19,229,57447365,0,251352,26339277,0,9.471309567743447e-06,2.9357731342315674,80367.97587534277,0,0,s1,baseline_3sigma,233849,False,True
560,2.291023160003533,19,258,57595309,0,251352,26372916,0,1.0472464964550454e-05,3.6340229511260986,79772.97519767816,0,0,s1,baseline_3sigma,234208,False,True
561,2.1700018589981482,13,238,57286031,0,251352,26222877,0,3.498390015010955e-06,3.194396495819092,79210.27567420514,0,0,s1,baseline_3sigma,233032,False,True
562,2.1701801040035207,16,242,57330462,0,251352,26226831,0,8.822246854833793e-06,3.8409194946289062,79702.46683657196,0,0,s1,baseline_3sigma,233442,False,True
563,2.239923852001084,19,233,57081591,0,251352,26196726,0,8.082334716164041e-06,2.971018075942993,78615.16156167984,0,0,s1,baseline_3sigma,232979,False,True
564,2.214695009002753,17,249,57280559,0,251352,26212994,0,1.006212187348865e-05,2.8527777194976807,78837.54404105661,0,0,s1,baseline_3sigma,233720,False,True
565,2.2244632540023304,16,227,57189813,0,251352,26202740,0,1.2906555639347062e-05,2.764625310897827,77868.0013281081,0,0,s1,baseline_3sigma,232904,False,True
566,2.2760047530027805,18,241,57349410,0,251352,26183921,0,9.757548468769528e-06,2.555208206176758,77557.86292242343,0,0,s1,baseline_3sigma,233328,False,True
567,2.265728838996438,15,232,57527230,0,251352,26362565,0,1.1350475688232109e-05,2.3949010372161865,76509.44293030126,0,0,s1,baseline_3sigma,234406,False,True
568,2.254755165995448,16,242,57421554,0,251352,26301325,0,1.3192294318287168e-05,3.4100000858306885,76741.20528370875,0,0,s1,baseline_3sigma,233427,False,True
569,2.1590868210041663,17,249,57288523,0,251352,26276672,0,1.177048216050025e-05,2.476456642150879,76964.01006027772,0,0,s1,baseline_3sigma,233558,False,True
570,2.208126027006074,18,250,57293020,0,251352,26266481,0,1.1011378774128389e-05,2.5601396560668945,76809.21036286294,0,0,s1,baseline_3sigma,233437,False,True
571,2.2639589440004784,18,254,57492682,0,251352,26345090,0,1.4292545529315248e-05,2.2105040550231934,76758.90702705215,0,0,s1,baseline_3sigma,233881,False,True
572,2.2612064170025405,15,238,57438840,0,251352,26271460,0,1.1737185559468344e-05,2.4436910152435303,76788.17687627542,0,0,s1,baseline_3sigma,233342,False,True
573,2.1487166470033117,17,249,57206639,0,251352,26197455,0,9.611495443095919e-06,2.5741634368896484,78463.70245858701,0,0,s1,baseline_3sigma,232913,False,True
574,2.1529276779983775,18,254,57506080,0,251352,26400601,0,6.9359434746729676e-06,2.5961122512817383,78070.57299593018,0,0,s1,baseline_3sigma,233985,False,True
575,2.2708501479937695,18,246,57514624,0,251352,26406525,0,1.2904863069707062e-05,2.7714295387268066,79898.96415185375,0,0,s1,baseline_3sigma,233764,False,True
576,2.253372020997631,20,246,57250530,0,251352,26263488,0,1.1812727279902902e-05,3.1889803409576416,81248.37462288995,0,0,s1,baseline_3sigma,233230,False,True
577,2.2556242479986395,21,230,57475524,0,251352,26382620,0,1.1063511010434013e-05,2.9901535511016846,81319.9319206876,0,0,s1,baseline_3sigma,233578,False,True
578,2.2181641399947694,12,243,57480324,0,251352,26364390,0,1.706468356132973e-05,2.3808696269989014,82510.46181849584,0,0,s1,baseline_3sigma,233956,False,True
579,2.2038983999955235,15,236,57084464,0,251352,26192565,0,9.474284524912946e-06,2.4352002143859863,83925.37290620038,0,0,s1,baseline_3sigma,233094,False,True
580,2.2190129730006447,16,235,57269538,0,251352,26224256,0,5.741115273849573e-06,2.7671806812286377,83615.01969546179,0,0,s1,baseline_3sigma,233595,False,True
581,2.1823381950016483,12,247,57548821,0,251352,26468690,0,7.663490578124765e-06,2.878432273864746,84968.26568395432,0,0,s1,baseline_3sigma,233823,False,True
582,2.1824230880010873,17,247,57471752,0,251352,26315601,0,8.916113074519671e-06,4.084374904632568,85974.19761368689,0,0,s1,baseline_3sigma,234137,False,True
583,2.2429842889978318,15,256,57287830,0,251352,26304739,0,1.4188046407070942e-05,3.65625,86588.02051235472,0,0,s1,baseline_3sigma,234131,False,True
584,2.2324493340056506,18,251,57448621,0,251352,26329252,0,8.945607987698168e-06,4.600877285003662,86197.60790179556,0,0,s1,baseline_3sigma,233919,False,True
585,2.1439488799951505,18,234,57235322,0,251352,26218809,0,7.263994120876305e-06,3.637946367263794,85632.19026474321,0,0,s1,baseline_3sigma,233008,False,True
586,2.1114685110005667,15,252,57443492,0,251352,26274303,0,5.336445610737428e-06,3.8346920013427734,85716.66457675726,0,0,s1,baseline_3sigma,233843,False,True
587,2.2481729979990632,16,262,57308278,0,251352,26315551,0,1.094583512895042e-05,5.384539604187012,85727.06889890421,0,0,s1,baseline_3sigma,233542,False,True
588,2.249071760001243,17,244,57387392,0,251352,26342400,0,8.622792847745586e-06,3.7440788745880127,86025.67303553979,0,0,s1,baseline_3sigma,233407,False,True
589,2.18412466099835,17,255,57426382,0,251352,26262754,0,8.231700121541508e-06,4.324404716491699,86074.78579834483,0,0,s1,baseline_3sigma,234022,False,True
590,2.1750375219999114,13,238,57163089,0,251352,26288757,0,9.297154974774458e-06,3.2674479484558105,85389.09510920169,0,0,s1,baseline_3sigma,233159,False,True
591,2.261737793996872,15,241,57157415,0,251352,26186001,0,1.074923602573108e-05,2.9775326251983643,86485.09670732236,0,0,s1,baseline_3sigma,232936,False,True
592,2.2546191580040613,16,237,57325737,0,251352,26269489,0,4.997177711629774e-06,3.041002035140991,86174.39100777559,0,0,s1,baseline_3sigma,233556,False,True
593,2.227960128999257,17,257,57407530,0,251352,26341198,0,1.1951576198043767e-05,3.233431339263916,85397.44669381369,0,0,s1,baseline_3sigma,233977,False,True
594,2.229498749002232,18,251,57541326,0,251352,26404384,0,8.442790203844197e-06,3.3879871368408203,83742.68439317943,0,0,s1,baseline_3sigma,233685,False,True
595,2.3551118789982866,17,244,57477738,0,251352,26373637,0,1.0075646969198715e-05,2.7661404609680176,83532.40401525813,0,0,s1,baseline_3sigma,233395,False,True
596,2.329296889998659,18,242,57271336,0,251352,26230781,0,7.795713827363215e-06,2.8720664978027344,81568.36081722366,0,0,s1,baseline_3sigma,233399,False,True
597,2.2386057420008,18,243,57336682,0,251352,26336450,0,7.076460860844236e-06,2.7622740268707275,79510.94356834816,0,0,s1,baseline_3sigma,233590,False,True
598,2.197235625004396,13,255,57477148,0,251352,26254643,0,6.3287216107710265e-06,2.896986246109009,77830.46156199538,0,0,s1,baseline_3sigma,233873,False,True
599,2.2396137160030776,17,230,57439735,0,251352,26344662,0,6.087039309932152e-06,2.6108548641204834,77107.03663758826,0,0,s1,baseline_3sigma,234110,False,True
600,2.2911288309987867,19,255,57429815,0,251352,26275381,0,2.197846242779633e-06,2.5522611141204834,76992.46286963948,0,0,s1,baseline_3sigma,233608,False,True
601,2.2191705020013615,18,257,57470281,0,251352,26347744,0,9.549535207042936e-06,3.256791830062866,76644.1323620589,0,0,s1,baseline_3sigma,233878,False,True
602,2.215035197994439,15,238,57545363,0,251352,26415537,0,9.973105079552624e-06,2.9385156631469727,76828.41822212013,0,0,s1,baseline_3sigma,233937,False,True
603,2.3301159530019504,17,262,57566819,0,251352,26361811,0,8.020068889891263e-06,2.889080762863159,75904.79306597669,0,0,s1,baseline_3sigma,233981,False,True
604,2.204049643005419,18,241,57349664,0,251352,26267392,0,9.64630726230098e-06,3.0062415599823,76825.66611977949,0,0,s1,baseline_3sigma,233664,False,True
605,2.1844545049971202,14,254,57473714,0,251352,26257542,0,7.532319159508916e-06,2.4729490280151367,76524.83563493192,0,0,s1,baseline_3sigma,234832,False,True
606,2.2122616179985926,19,243,57250706,0,251352,26274685,0,1.1159832865814678e-05,2.753582239151001,76567.03644908583,0,0,s1,baseline_3sigma,233335,False,True
607,2.3014991320014815,18,252,57651098,0,251352,26588893,0,1.2790187611244619e-05,2.8698954582214355,76105.77968815481,0,0,s1,baseline_3sigma,235037,False,True
608,2.3030543429995305,18,250,57580598,0,251352,26293818,0,1.0874260624404997e-05,3.1561434268951416,77022.46106774917,0,0,s1,baseline_3sigma,234503,False,True
609,2.1959728579968214,19,239,57542381,0,251352,26379971,0,1.1628661923168693e-05,3.2136077880859375,75580.66081022708,0,0,s1,baseline_3sigma,234632,False,True
610,2.1689232610006,19,241,57269055,0,251352,26244707,0,8.010403689695522e-06,3.3142011165618896,76579.93709398652,0,0,s1,baseline_3sigma,233479,False,True
611,2.227570282004308,18,245,57328340,0,251352,26382898,0,1.255276129086269e-05,2.8454108238220215,76429.84754560042,0,0,s1,baseline_3sigma,233738,False,True
612,2.2401509519986575,17,249,57418706,0,251352,26295196,0,1.4799920791119803e-05,2.8162877559661865,77373.67430934735,0,0,s1,baseline_3sigma,233797,False,True
613,2.1590614740052843,18,248,57599489,0,251352,26425498,0,6.383110303431749e-06,2.814602851867676,78343.72051125471,0,0,s1,baseline_3sigma,235268,False,True
614,2.2307756619993597,18,253,57176943,0,251352,26142390,0,8.658090337121394e-06,3.9819939136505127,79245.0917982716,0,0,s1,baseline_3sigma,232988,False,True
615,2.253023398996447,18,259,57316690,0,251352,26246497,0,8.881201210897416e-06,2.753694534301758,79765.62955027011,0,0,s1,baseline_3sigma,233007,False,True
616,2.289814411000407,17,274,57411489,0,251352,26297765,0,9.732882972457446e-06,2.564903736114502,79913.30381252544,0,0,s1,baseline_3sigma,233381,False,True
617,2.112050606003322,16,231,57420023,0,251352,26286496,0,1.2936497114424128e-05,3.5303919315338135,82176.5429505159,0,0,s1,baseline_3sigma,233949,False,True
618,2.200175223995757,17,244,57394503,0,251352,26345643,0,1.1219382031413261e-05,3.0025861263275146,82125.77386469455,0,0,s1,baseline_3sigma,234006,False,True
619,2.2556015199952526,18,246,57504283,0,251352,26377560,0,6.507304078695597e-06,2.555555582046509,81305.61013648512,0,0,s1,baseline_3sigma,233965,False,True
620,2.2790573010061053,17,239,57444155,0,251352,26303053,0,1.0614659004204441e-05,2.5976974964141846,81502.78768800691,0,0,s1,baseline_3sigma,233813,False,True
621,2.1132714510022197,17,246,57363372,0,251352,26228849,0,9.216666512656957e-06,2.7839293479919434,80168.68218071805,0,0,s1,baseline_3sigma,233285,False,True
622,2.1820173719970626,17,246,57252807,0,251352,26293226,0,7.598140655318275e-06,3.092135429382324,79371.90700501307,0,0,s1,baseline_3sigma,233128,False,True
623,2.260498591000214,17,251,57240542,0,251352,26255483,0,6.973927611397812e-06,3.288259744644165,78919.33299542683,0,0,s1,baseline_3sigma,233264,False,True
624,2.278579821002495,19,245,57147201,0,251352,26192614,0,8.437457836407702e-06,3.221975803375244,78249.39661024604,0,0,s1,baseline_3sigma,233641,False,True
625,2.2244770010001957,18,258,57506242,0,251352,26318411,0,8.498201168549713e-06,2.8887722492218018,77153.73436503176,0,0,s1,baseline_3sigma,233949,False,True
626,2.144831472003716,15,243,57401442,0,251352,26343482,0,1.0971968549711164e-05,3.0920608043670654,77368.47022741481,0,0,s1,baseline_3sigma,233632,False,True
627,2.171378775004996,19,238,57433085,0,251352,26494436,0,7.595333499921253e-06,3.4605822563171387,77067.54505773581,0,0,s1,baseline_3sigma,234221,False,True
628,2.2496005119974143,16,247,57223066,0,251352,26222216,0,8.48461604618933e-06,4.1757073402404785,78460.24272237235,0,0,s1,baseline_3sigma,233647,False,True
629,2.2115913489978993,18,244,57577134,0,251352,26440269,0,1.0508780178497545e-05,2.747321367263794,77769.51232227095,0,0,s1,baseline_3sigma,234203,False,True
630,2.1411590309944586,17,235,57599285,0,251352,26391555,0,1.2843280273955315e-05,2.6337502002716064,77981.97560236842,0,0,s1,baseline_3sigma,233539,False,True
631,2.2373123920042417,15,253,57537483,0,251352,26396543,0,1.2581397641042713e-05,2.6113486289978027,78682.39234522906,0,0,s1,baseline_3sigma,233849,False,True
632,2.2750395789989852,17,255,57614184,0,251352,26449932,0,1.033550506690517e-05,2.786947011947632,78427.05940413638,0,0,s1,baseline_3sigma,234020,False,True
633,2.209156983997673,18,245,57524049,0,251352,26436255,0,1.41445234476123e-05,3.0050039291381836,80436.19414418304,0,0,s1,baseline_3sigma,233629,False,True
634,2.2256473989982624,16,246,57273841,0,251352,26237058,0,1.188270380225731e-05,3.598651885986328,81582.12735683055,0,0,s1,baseline_3sigma,233156,False,True
635,2.2148570669960463,18,243,57489456,0,251352,26417562,0,1.1026164429495111e-05,3.0774102210998535,79639.21418765004,0,0,s1,baseline_3sigma,233795,False,True
636,2.2645198480022373,18,233,57231768,0,251352,26368091,0,1.0924440175585914e-05,3.193382978439331,79113.76279419386,0,0,s1,baseline_3sigma,233339,False,True
637,2.2282518849970074,15,256,57544666,0,251352,26400126,0,5.001209501642734e-06,2.7920141220092773,79438.71434529204,0,0,s1,baseline_3sigma,234252,False,True
638,2.1511139959984575,17,260,57291990,0,251352,26289528,0,6.2021535995882004e-06,3.686403274536133,78579.85670764607,0,0,s1,baseline_3sigma,233212,False,True
639,2.1651549939997494,16,259,57222902,0,251352,26241746,0,7.099646154529182e-06,2.9006426334381104,78218.1294214017,0,0,s1,baseline_3sigma,233400,False,True
640,2.2609225419946597,16,238,57225715,0,251352,26311945,0,1.2177261851320509e-05,2.7278664112091064,78214.64097431641,0,0,s1,baseline_3sigma,233712,False,True
641,2.3040830309982994,19,247,57587555,0,251352,26401320,0,8.550679922336712e-06,2.735913038253784,77563.07024597538,0,0,s1,baseline_3sigma,234016,False,True
642,2.272952735002036,17,229,57542768,0,251352,26473400,0,1.0630209544615354e-05,3.0370702743530273,78231.6772841522,0,0,s1,baseline_3sigma,233721,False,True
643,2.187916269998823,18,242,57507328,0,251352,26386055,0,8.448890184808988e-06,4.5333333015441895,78675.35342352386,0,0,s1,baseline_3sigma,234224,False,True
644,2.278799032996176,16,238,57288627,0,251352,26239699,0,6.5350473050784785e-06,3.836850643157959,80589.78913283412,0,0,s1,baseline_3sigma,233354,False,True
645,2.253205036999134,17,230,57239959,0,251352,26357932,0,9.598487849871162e-06,3.538149356842041,82214.22597800515,0,0,s1,baseline_3sigma,233246,False,True
646,2.2516587680001976,17,239,57389949,0,251352,26330337,0,8.039310159801971e-06,5.228170871734619,83428.04055872788,0,0,s1,baseline_3sigma,234103,False,True
647,2.2523544560026494,17,248,57322167,0,251352,26247340,0,1.3728884368902072e-05,4.525973796844482,85620.88667730334,0,0,s1,baseline_3sigma,234183,False,True
648,2.216321371997765,17,255,57353597,0,251352,26430461,0,7.182243280112743e-06,4.429518222808838,86701.82474243925,0,0,s1,baseline_3sigma,233577,False,True
649,2.2073080589980236,18,252,57516393,0,251352,26338015,0,9.570575457473751e-06,4.794526100158691,86722.26416661571,0,0,s1,baseline_3sigma,233554,False,True
650,2.168529243004741,15,240,57055415,0,251352,26208648,0,1.5169151083682664e-05,4.154464244842529,88692.61692450815,0,0,s1,baseline_3sigma,232881,False,True
651,2.2005426230025478,16,238,57126855,0,251352,26306485,0,9.065439371624961e-06,4.273026466369629,86631.90183845532,0,0,s1,baseline_3sigma,233279,False,True
652,2.2377352610055823,17,258,57176054,0,251352,26255559,0,1.0196260518569034e-05,2.9562933444976807,85361.57614097389,0,0,s1,baseline_3sigma,233317,False,True
653,2.2507583429978695,18,251,57384617,0,251352,26372623,0,5.488600436365232e-06,2.933803081512451,84201.42487017642,0,0,s1,baseline_3sigma,233595,False,True
654,2.2791772459968342,16,263,57487194,0,251352,26462374,0,7.28815348338685e-06,3.317267417907715,83691.85948097882,0,0,s1,baseline_3sigma,234044,False,True
655,2.320625079999445,18,239,57424724,0,251352,26479846,0,1.1486163202789612e-05,4.072884559631348,82701.92051269906,0,0,s1,baseline_3sigma,234483,False,True
656,2.1992666119986097,16,244,57592178,0,251352,26394367,0,9.881998266791925e-06,4.5027174949646,82453.15533203386,0,0,s1,baseline_3sigma,234614,False,True
657,2.209020654001506,17,244,57276635,0,251352,26293095,0,6.057754944777116e-06,2.9191982746124268,82838.96257900455,0,0,s1,baseline_3sigma,233432,False,True
658,2.2742655370020657,18,242,57491048,0,251352,26392366,0,8.232847903855145e-06,4.564903736114502,83384.92839971994,0,0,s1,baseline_3sigma,234202,False,True
659,2.294094403994677,17,246,57443641,0,251352,26365950,0,1.1035734132747166e-05,3.8389947414398193,82785.43677589842,0,0,s1,baseline_3sigma,233909,False,True
660,2.28118132599775,18,252,57407751,0,251352,26275712,0,1.1911895853700116e-05,3.6184563636779785,83255.60157170093,0,0,s1,baseline_3sigma,233756,False,True
661,2.1661129479980445,15,236,57740608,0,251352,26591438,0,8.9545510491007e-06,3.4699013233184814,83071.29125930861,0,0,s1,baseline_3sigma,234741,False,True
662,2.174400265997974,17,239,57191968,0,251352,26286227,0,8.276012522401288e-06,3.3161375522613525,84144.60292844602,0,0,s1,baseline_3sigma,233260,False,True
663,2.2799150610007928,18,239,57379411,0,251352,26305511,0,1.12678280856926e-05,3.3300397396087646,85399.74571201681,0,0,s1,baseline_3sigma,233912,False,True
664,2.387534005996713,14,242,57508762,0,251352,26441981,0,1.1493203601276036e-05,4.843229293823242,85778.81943028777,0,0,s1,baseline_3sigma,234346,False,True
665,2.2632259739984875,17,246,57253092,0,251352,26309342,0,5.223564585321583e-06,4.493577003479004,85904.09327832682,0,0,s1,baseline_3sigma,233884,False,True
666,2.2480162469946663,17,242,57360061,0,251352,26402128,0,9.55243012867868e-06,4.1476922035217285,84975.73504750471,0,0,s1,baseline_3sigma,233334,False,True
667,2.2604555639991304,15,233,57459073,0,251352,26357232,0,1.4859501789032947e-05,3.856250047683716,86652.25751940429,0,0,s1,baseline_3sigma,233881,False,True
668,2.2337297330013826,18,247,57386603,0,251352,26397425,0,1.0534038665355183e-05,4.069243431091309,85270.66971978384,0,0,s1,baseline_3sigma,233573,False,True
669,2.2832466940017184,18,255,57365836,0,251352,26298843,0,1.1273710697423667e-05,3.3878846168518066,83678.58546984696,0,0,s1,baseline_3sigma,233311,False,True
670,2.260130034002941,18,234,57490985,0,251352,26445713,0,1.3379627489484847e-05,3.270285129547119,83313.28587174427,0,0,s1,baseline_3sigma,234117,False,True
671,2.2970658720005304,16,238,57189644,0,251352,26271251,0,1.3770980331173632e-05,4.614062309265137,82779.14920305043,0,0,s1,baseline_3sigma,233087,False,True
672,2.2777358400053345,17,246,57409004,0,251352,26281119,0,6.435472187149571e-06,3.1375555992126465,83514.48755121134,0,0,s1,baseline_3sigma,233297,False,True
673,2.2048548640013905,17,259,57497160,0,251352,26389851,0,8.108884685498197e-06,2.868076801300049,82066.51052432813,0,0,s1,baseline_3sigma,234170,False,True
674,2.222272345003148,17,250,57271444,0,251352,26331585,0,1.0812135769810993e-05,3.0727431774139404,81420.15443893876,0,0,s1,baseline_3sigma,233178,False,True
675,2.2781335090039647,18,250,57291731,0,251352,26291300,0,7.146588359319139e-06,3.5962796211242676,81371.15863553836,0,0,s1,baseline_3sigma,233520,False,True
676,2.249543386998994,16,247,57137239,0,251352,26255680,0,1.2694995348283555e-05,3.532705783843994,81045.47971412957,0,0,s1,baseline_3sigma,232919,False,True
677,2.181013064000581,16,251,57312157,0,251352,26345241,0,9.12717678147601e-06,2.7948355674743652,80232.54457483659,0,0,s1,baseline_3sigma,233291,False,True
678,2.334171773996786,20,254,57284888,0,251352,26270764,0,9.711101483844686e-06,3.8031630516052246,80403.61638367725,0,0,s1,baseline_3sigma,233598,False,True
679,2.263181741000153,15,249,57139220,0,251352,26106507,0,6.46249054625514e-06,3.5228843688964844,78922.41154414616,0,0,s1,baseline_3sigma,233009,False,True
680,2.238243842999509,16,254,57236124,0,251352,26315807,0,1.2579989743244369e-05,3.148057460784912,78570.53933407989,0,0,s1,baseline_3sigma,233553,False,True
681,2.271618138998747,18,244,57520800,0,251352,26414273,0,7.648112841707189e-06,3.1415703296661377,79000.22333595049,0,0,s1,baseline_3sigma,234229,False,True
682,2.229081720994145,17,255,57459243,0,251352,26378261,0,1.0726903383329045e-05,3.116791009902954,78980.76593628533,0,0,s1,baseline_3sigma,233935,False,True
683,2.31129910099844,19,230,57405115,0,251352,26294702,0,1.1397487469366752e-05,3.046971321105957,79823.66157993228,0,0,s1,baseline_3sigma,233596,False,True
684,2.305854926999018,17,248,57369914,0,251352,26218358,0,1.0425971595395822e-05,3.0806102752685547,80155.99016461967,0,0,s1,baseline_3sigma,233542,False,True
685,2.2026002040001913,18,244,57436464,0,251352,26336457,0,9.980545655707829e-06,3.3256676197052,80740.3685008337,0,0,s1,baseline_3sigma,233417,False,True
686,2.225731241000176,17,243,57479774,0,251352,26354551,0,1.1054477909056004e-05,3.6315979957580566,81371.32783145193,0,0,s1,baseline_3sigma,233634,False,True
687,2.3328236140005174,17,234,57455897,0,251352,26379996,0,9.992871127906255e-06,3.1375174522399902,81732.51587076962,0,0,s1,baseline_3sigma,233986,False,True
688,2.2477435350010637,18,248,57544182,0,251352,26282275,0,1.2635279745154548e-05,3.1432228088378906,80650.39546876469,0,0,s1,baseline_3sigma,233663,False,True
689,2.1829039299991564,16,258,57572633,0,251352,26461438,0,5.915992460359121e-06,3.1420719623565674,80278.12618061478,0,0,s1,baseline_3sigma,234149,False,True
690,2.2870040489942767,18,245,57352800,0,251352,26215160,0,7.72132716519991e-06,3.5840554237365723,79565.89051717949,0,0,s1,baseline_3sigma,233357,False,True
691,2.277121453000291,18,245,57223892,0,251352,26274662,0,1.1213965990464203e-05,3.8475558757781982,79076.27969286873,0,0,s1,baseline_3sigma,232903,False,True
692,2.369588551999186,14,232,57150918,0,251352,26269015,0,1.1732214261428453e-05,3.602790117263794,77641.886882633,0,0,s1,baseline_3sigma,233028,False,True
693,2.2329764859969146,17,252,57605624,0,251352,26398871,0,9.475742444919888e-06,3.0700061321258545,77852.7342936322,0,0,s1,baseline_3sigma,234374,False,True
694,2.24759365600039,18,233,57218074,0,251352,26237829,0,8.202935532608535e-06,3.291658878326416,78247.08417482077,0,0,s1,baseline_3sigma,233643,False,True
695,2.2552631299986388,18,258,57281601,0,251352,26254174,0,1.0490653949091211e-05,2.989487648010254,76958.50635433968,0,0,s1,baseline_3sigma,233334,False,True
696,2.255111485996167,17,245,57208551,0,251352,26281656,0,1.1151242688356433e-05,3.8801186084747314,77695.87938725998,0,0,s1,baseline_3sigma,233469,False,True
697,2.287019887000497,19,244,57708759,0,251352,26435922,0,8.492488632327877e-06,3.757617235183716,78006.34451837315,0,0,s1,baseline_3sigma,234579,False,True
698,2.1843302080014837,17,238,57305187,0,251352,26376450,0,1.0406313776911702e-05,3.1307313442230225,79098.02341780298,0,0,s1,baseline_3sigma,233612,False,True
699,2.2803964010017808,19,237,57400274,0,251352,26401381,0,5.603671979770297e-06,3.7526354789733887,80277.37318015813,0,0,s1,baseline_3sigma,233551,False,True
700,2.2242252430005465,18,272,57192608,0,251352,26261696,0,1.0355541235185228e-05,3.253887176513672,81309.08473832812,0,0,s1,baseline_3sigma,233424,False,True
701,2.240653636996285,17,237,57398005,0,251352,26314876,0,9.94396486930782e-06,3.199666738510132,81118.19008223114,0,0,s1,baseline_3sigma,233403,False,True
702,2.241451378999045,18,266,57520145,0,251352,26293526,0,9.385910743731074e-06,3.2819087505340576,80657.38494558271,0,0,s1,baseline_3sigma,234002,False,True
703,2.3672852989984676,18,284,57563475,0,251352,26405352,0,8.895794053387363e-06,3.41693115234375,79867.65350123447,0,0,s1,baseline_3sigma,234320,False,True
704,2.272862564997922,16,237,57392381,0,251352,26366901,0,8.234570486820303e-06,3.105320453643799,80193.14297028602,0,0,s1,baseline_3sigma,233556,False,True
705,2.148166797000158,14,250,57148558,0,251352,26215097,0,1.023426102619851e-05,3.143789291381836,79370.41444900369,0,0,s1,baseline_3sigma,232927,False,True
706,2.2995937660016352,13,248,57271679,0,251352,26292043,0,1.3327777196536772e-05,3.5118932723999023,79336.00937592587,0,0,s1,baseline_3sigma,233066,False,True
707,2.314942504002829,14,252,56985974,0,251352,26070422,0,9.888703971228097e-06,3.473025321960449,79381.7731242941,0,0,s1,baseline_3sigma,232631,False,True
708,2.2775341309970827,15,250,57287277,0,251352,26261457,0,9.956796020560432e-06,3.5276849269866943,78797.92831668147,0,0,s1,baseline_3sigma,233541,False,True
709,2.225581915001385,18,243,57357874,0,251352,26272731,0,1.0034314072981942e-05,2.655447244644165,77759.74522572891,0,0,s1,baseline_3sigma,233178,False,True
710,2.199078947000089,14,264,57401568,0,251352,26301468,0,8.75550540513359e-06,2.99704909324646,77531.19641208637,0,0,s1,baseline_3sigma,234037,False,True
711,2.285351589001948,17,249,57464460,0,251352,26488626,0,9.058141586137936e-06,3.4916114807128906,76703.68508114523,0,0,s1,baseline_3sigma,233879,False,True
712,2.3295202989975223,16,250,57448174,0,251352,26398194,0,6.029631094861543e-06,3.6197986602783203,76914.87388766342,0,0,s1,baseline_3sigma,234292,False,True
713,2.200981860005413,17,242,57145801,0,251352,26195924,0,1.0259990631311666e-05,2.861124038696289,77311.06040743543,0,0,s1,baseline_3sigma,233175,False,True
714,2.1451126579995616,17,246,57424678,0,251352,26367346,0,6.7054256760457065e-06,2.715792655944824,76481.65260662802,0,0,s1,baseline_3sigma,233715,False,True
715,2.2727601770020556,18,229,57209363,0,251352,26300397,0,1.0409127753518987e-05,3.366192579269409,76925.36934829547,0,0,s1,baseline_3sigma,233613,False,True
716,2.3395598259958206,18,264,57270120,0,251352,26258785,0,8.390627044718713e-06,3.01770281791687,76887.49561362056,0,0,s1,baseline_3sigma,233374,False,True
717,2.0371580029968754,18,256,57798934,0,251352,26546663,0,8.429709851043299e-06,3.660111665725708,76212.1222411273,0,0,s1,baseline_3sigma,234792,False,True
718,1.914604366000276,16,252,57222259,0,251352,26161086,0,9.537547157378867e-06,2.7127702236175537,76117.12704221968,0,0,s1,baseline_3sigma,233101,False,True
719,1.6310036839931854,18,254,57245811,0,251352,26215796,0,5.145040177012561e-06,3.4098854064941406,76610.3391625067,0,0,s1,baseline_3sigma,233233,False,True
