dataset,run_id,candidate,total,inside,train_total,train_accepted,train_retention,validation_total,validation_accepted,validation_retention,test_total,test_accepted,test_retention,distance_p50,distance_p99
s5,0,baseline_3sigma,87609,67097,70276,52063,0.7408361318230975,8801,6456,0.7335530053403022,8532,6345,0.7436708860759493,0.5891068574751359,5.1968805103027735
s5,1,baseline_3sigma,87168,66615,69589,51494,0.7399732716377588,8793,6462,0.7349027635619243,8786,6502,0.7400409742772592,0.5759571799656069,5.244194216974244
s5,2,baseline_3sigma,87317,66743,69866,51667,0.7395156442332464,8694,6410,0.7372900851161721,8757,6450,0.7365536142514559,0.6001689553613369,5.187686780198787
s5,3,baseline_3sigma,87288,66717,69610,51393,0.738299094957621,8841,6587,0.7450514647664291,8837,6549,0.7410886047301121,0.5930369988759181,5.249845000092328
s5,4,baseline_3sigma,87428,66949,69935,51798,0.7406591835275613,8786,6459,0.7351468244935124,8707,6446,0.7403238773400712,0.5986542263728643,5.3750945237166015
s5,5,baseline_3sigma,87429,66885,69969,51766,0.7398419299975704,8745,6504,0.7437392795883362,8715,6423,0.7370051635111876,0.5933007888750158,5.093374141553751
s5,6,baseline_3sigma,87358,66871,70079,51870,0.7401646712995333,8631,6410,0.7426717645695748,8648,6392,0.7391304347826086,0.6017924986171215,5.257426294237505
s5,7,baseline_3sigma,87888,67203,70258,51918,0.7389621110763187,8782,6506,0.7408335231154635,8848,6520,0.7368896925858951,0.5978330481908428,5.37966655614473
s5,8,baseline_3sigma,87051,66716,69500,51526,0.7413812949640288,8807,6482,0.7360054502100601,8744,6472,0.7401646843549863,0.5918639971451637,5.295885797368143
s5,9,baseline_3sigma,87188,66730,69771,51681,0.7407232231156211,8711,6412,0.7360808173573643,8706,6500,0.7466115322765908,0.5899611191301346,5.282204632862798
s5,10,baseline_3sigma,87743,67145,70250,52028,0.7406120996441281,8699,6442,0.7405448902172663,8794,6488,0.7377757561974073,0.591242089425761,5.200380713681421
s5,11,baseline_3sigma,87128,66773,69590,51678,0.7426066963644202,8808,6532,0.7415985467756585,8730,6388,0.731729667812142,0.5848716609837254,5.272540647990924
s5,12,baseline_3sigma,87835,67160,70058,51853,0.7401438807844929,8876,6505,0.7328751689950428,8901,6575,0.7386810470733626,0.5944629350918637,5.274712576311976
s5,13,baseline_3sigma,87208,66721,69760,51608,0.7397935779816514,8766,6461,0.7370522473191877,8682,6425,0.7400368578668509,0.5911907587323977,5.3447559936473406
s5,14,baseline_3sigma,87003,66542,69522,51359,0.7387445700641524,8775,6510,0.7418803418803419,8706,6416,0.7369630140133241,0.5945468860416563,5.3076149946677305
s5,15,baseline_3sigma,87506,67125,69922,51975,0.7433282800835216,8812,6550,0.7433045846572855,8772,6430,0.7330141358869129,0.5914269274263181,5.271503370915147
s5,16,baseline_3sigma,87008,66408,69736,51564,0.7394172306986349,8628,6280,0.7278627723690311,8644,6413,0.7419018972697825,0.5972395127186254,5.279938828584675
s5,17,baseline_3sigma,87765,67236,70355,52172,0.7415535498543103,8745,6490,0.7421383647798742,8665,6388,0.7372186959030583,0.598681659840729,5.240352424916327
s5,18,baseline_3sigma,87096,66708,69556,51509,0.7405399965495428,8605,6387,0.7422428820453225,8935,6569,0.7351986569669837,0.6025465252399587,5.192319090473221
s5,19,baseline_3sigma,87570,67199,69936,51801,0.7406914893617021,8876,6600,0.743578188373141,8758,6575,0.7507421785795844,0.5850726711836088,5.213552729972958
s5,20,baseline_3sigma,87216,66599,69860,51539,0.737746922416261,8632,6424,0.7442075996292864,8724,6426,0.7365887207702888,0.5869687524145164,5.356106419005265
s5,21,baseline_3sigma,87320,66840,69863,51711,0.7401772039563145,8611,6374,0.7402160027871327,8846,6517,0.7367171602984399,0.6037465106274269,5.182779484267978
s5,22,baseline_3sigma,87657,67048,70165,51868,0.7392289603078458,8629,6439,0.7462046587090045,8863,6520,0.7356425589529505,0.5911311236517752,5.209355916833407
s5,23,baseline_3sigma,87072,66794,69825,51774,0.7414822771213748,8582,6356,0.7406199021207178,8665,6464,0.7459896133871898,0.601450120356689,5.275693176579757
s5,24,baseline_3sigma,87549,67194,69959,51927,0.7422490315756372,8885,6595,0.7422622397298818,8705,6512,0.7480758184951177,0.5816663787818964,5.352429349197042
s5,25,baseline_3sigma,87199,66683,69794,51569,0.7388744018110439,8696,6483,0.7455151793928243,8709,6460,0.7417613962567459,0.5948403745424227,5.168080041191346
s5,26,baseline_3sigma,87686,67210,70085,51863,0.7400014268388385,8833,6663,0.7543303520887581,8768,6507,0.7421304744525548,0.5819122251975948,5.338714613900763
s5,27,baseline_3sigma,87502,66834,69964,51696,0.7388942884912241,8757,6513,0.7437478588557725,8781,6481,0.7380708347568614,0.5966377086770271,5.208995334289242
s5,28,baseline_3sigma,87599,67202,69890,51761,0.7406066676205466,8836,6633,0.7506790402897239,8873,6619,0.745970923024907,0.5873184011566744,5.198206649825933
s5,29,baseline_3sigma,87473,67030,70132,51944,0.7406604688302059,8562,6338,0.7402476056996029,8779,6510,0.7415423168925845,0.6014173672833609,5.36208222517506
s5,30,baseline_3sigma,87389,66637,69691,51320,0.7363935084874661,8904,6639,0.7456199460916442,8794,6572,0.7473277234478053,0.5728842570276301,5.1754610280080335
s5,31,baseline_3sigma,87540,67168,70020,51966,0.742159383033419,8811,6608,0.7499716263761208,8709,6422,0.7373980939258239,0.5987426683846748,5.2373989194869335
s5,32,baseline_3sigma,87389,67195,69918,52003,0.7437712749220515,8718,6495,0.7450103234686855,8753,6473,0.7395178795841426,0.5849176511629544,5.305683819618696
s5,33,baseline_3sigma,87334,66945,69747,51734,0.7417379958994652,8818,6507,0.737922431390338,8769,6532,0.7448967955297069,0.5797721270375794,5.32121260970713
s5,34,baseline_3sigma,87400,66857,69894,51635,0.7387615532091453,8748,6513,0.7445130315500685,8758,6493,0.7413793103448276,0.6019541437784133,5.282507930257256
s5,35,baseline_3sigma,87245,66668,69841,51542,0.7379905785999628,8673,6472,0.7462239132941312,8731,6459,0.7397778032298705,0.5905165770581541,5.352034044534775
s5,36,baseline_3sigma,87506,67045,69942,51906,0.7421291927597152,8762,6499,0.7417256334170281,8802,6505,0.7390365825948648,0.5909398222422703,5.24449871709987
s5,37,baseline_3sigma,86806,66375,69478,51227,0.7373125305852212,8632,6441,0.746177015755329,8696,6489,0.7462051517939282,0.5847693874476562,5.235900911176474
s5,38,baseline_3sigma,87432,66781,69965,51733,0.7394125634245694,8823,6531,0.7402244134648079,8644,6388,0.7390097177232763,0.5819654142478232,5.143417340060726
s5,39,baseline_3sigma,87493,66845,69938,51642,0.7383968657954187,8804,6548,0.7437528396183553,8751,6426,0.7343160781624957,0.5860151255099028,5.32645892914425
s5,40,baseline_3sigma,87783,67222,70449,52262,0.7418416159207369,8657,6392,0.7383620191752339,8677,6396,0.7371211248127233,0.6034392952614529,5.329792523805288
s5,41,baseline_3sigma,87475,66877,70037,51812,0.7397804017876265,8718,6466,0.7416838724478091,8720,6472,0.7422018348623853,0.5918232384976359,5.338619733320671
s5,42,baseline_3sigma,87191,66780,69776,51714,0.7411430864480624,8710,6480,0.7439724454649828,8705,6444,0.7402642159678345,0.5984657660642418,5.28255800353205
s5,43,baseline_3sigma,87442,67097,69730,51793,0.7427649505234476,8767,6520,0.7436979582525379,8945,6614,0.7394074902179989,0.582895333389699,5.170719669865292
s5,44,baseline_3sigma,87801,67393,69922,51902,0.7422842596035583,8985,6639,0.73889816360601,8894,6660,0.7488194288284237,0.5960850918043512,5.288055656816758
s5,45,baseline_3sigma,87240,66868,69721,51752,0.7422727729091665,8825,6500,0.7365439093484419,8694,6433,0.7399355877616747,0.5913239907793737,5.196787754173514
s5,46,baseline_3sigma,87073,66636,69552,51454,0.7397918104439843,8755,6455,0.7372929754426042,8766,6554,0.7476614191193247,0.5970024456168697,5.29133602358944
s5,47,baseline_3sigma,87361,66824,69972,51821,0.7405962384953981,8636,6306,0.7301991662806855,8753,6516,0.7444304809779504,0.5920002518382623,5.273761807037077
s5,48,baseline_3sigma,87506,66959,70066,51824,0.7396454771215711,8685,6408,0.7378238341968912,8755,6444,0.7360365505425471,0.5993009574424857,5.439453022099787
s5,49,baseline_3sigma,87074,66584,69561,51415,0.7391354350857521,8777,6525,0.7434203030648285,8736,6517,0.7459935897435898,0.6000209497500145,5.231201023584743
s5,50,baseline_3sigma,87399,67006,70046,51944,0.7415698255432145,8774,6524,0.7435605197173467,8579,6308,0.7352838326145238,0.6106151604289686,5.292825253282841
s5,51,baseline_3sigma,87547,67009,70143,51902,0.7399455398257845,8726,6469,0.7413476965390786,8678,6439,0.7419912422217101,0.5873638594174403,5.205746287101099
s5,52,baseline_3sigma,87247,66830,69820,51684,0.7402463477513607,8609,6411,0.744685793936578,8818,6510,0.7382626445906101,0.5847843901833853,5.238567736877526
s5,53,baseline_3sigma,87270,66585,69876,51594,0.7383651038983342,8654,6338,0.732378091056159,8740,6459,0.7390160183066361,0.5810099414385681,5.339754699235771
s5,54,baseline_3sigma,87531,66867,70152,51906,0.7399076291481355,8851,6493,0.7335894249237375,8528,6292,0.7378048780487805,0.5914756890668919,5.207562938352464
s5,55,baseline_3sigma,87198,66904,69857,51904,0.7430035644244671,8679,6382,0.73533817260053,8662,6464,0.7462479796813669,0.6016734235621704,5.180899348800654
s5,56,baseline_3sigma,87690,67118,70072,51871,0.7402528827491722,8924,6683,0.7488794262662484,8694,6449,0.7417759374281113,0.5829844404522386,5.163907487727458
s5,57,baseline_3sigma,86955,66545,69632,51579,0.7407370174632353,8561,6273,0.7327415021609625,8762,6429,0.7337365898196758,0.5776920181261166,5.217745059045894
s5,58,baseline_3sigma,87324,66820,69967,51797,0.7403061443251818,8628,6384,0.7399165507649513,8729,6425,0.7360522396609005,0.583569082129402,5.289978260597253
s5,59,baseline_3sigma,87514,67081,70137,51960,0.7408357928055093,8733,6410,0.7339974808198786,8644,6452,0.7464136973623322,0.5920728944343339,5.3059054394683285
s5,60,baseline_3sigma,87071,66517,69589,51467,0.7395852792826453,8780,6533,0.7440774487471526,8702,6383,0.7335095380372328,0.5883156633481468,5.226480572935784
s5,61,baseline_3sigma,87345,66763,69799,51616,0.7394948351695583,8750,6495,0.7422857142857143,8796,6453,0.7336289222373806,0.5905671398180734,5.302866597143783
s5,62,baseline_3sigma,86999,66529,69618,51441,0.7389037317935017,8705,6493,0.7458931648477887,8676,6410,0.7388197325956662,0.5990243017067335,5.247973042493796
s5,63,baseline_3sigma,87714,67220,69922,51796,0.7407682846600497,8826,6533,0.7401994108316338,8966,6647,0.7413562346642874,0.5984451146893235,5.283882114419131
s5,64,baseline_3sigma,87593,66852,70053,51744,0.738640743437112,8701,6423,0.7381910125272957,8839,6470,0.7319832560244371,0.5979663798763921,5.233207976043393
s5,65,baseline_3sigma,87373,66813,69875,51708,0.7400071556350626,8750,6504,0.7433142857142857,8748,6525,0.7458847736625515,0.5912664440010794,5.230516436775328
s5,66,baseline_3sigma,87626,66724,70197,51716,0.7367266407396328,8751,6408,0.7322591703805279,8678,6409,0.7385342244756856,0.5806458821754472,5.268079347389454
s5,67,baseline_3sigma,87685,67139,70071,51940,0.7412481625779567,8825,6557,0.7430028328611898,8789,6528,0.7427466150870407,0.5927421848766312,5.202374555179186
s5,68,baseline_3sigma,87493,66851,69839,51672,0.7398731367860365,8915,6551,0.734828939988783,8739,6431,0.7358965556699851,0.5958680619343775,5.294168177608038
s5,69,baseline_3sigma,87639,67245,69989,52081,0.7441312206203832,8820,6513,0.7384353741496599,8830,6503,0.736466591166478,0.5905877437127278,5.248651643406639
s5,70,baseline_3sigma,87402,66766,69869,51561,0.7379667663770771,8707,6495,0.7459515332491099,8826,6522,0.7389530931339225,0.5974385246417855,5.288788438351694
s5,71,baseline_3sigma,87368,66847,69740,51643,0.7405075996558647,8768,6465,0.7373403284671532,8860,6597,0.7445823927765237,0.5971998228264244,5.407381440797916
s5,72,baseline_3sigma,86938,66413,69478,51385,0.7395866317395434,8721,6441,0.738562091503268,8739,6422,0.7348666895525804,0.5981739578859765,5.172761871552972
s5,73,baseline_3sigma,86954,66451,69546,51499,0.7405026888677997,8599,6325,0.7355506454238865,8809,6482,0.7358383471449653,0.5885942166101544,5.276404349542613
s5,74,baseline_3sigma,87529,66892,69847,51589,0.7386000830386416,8932,6583,0.737012987012987,8750,6474,0.7398857142857143,0.5894622382077372,5.2250331602489615
s5,75,baseline_3sigma,87098,66748,69597,51592,0.7412963202436886,8764,6488,0.7403012323140119,8737,6486,0.7423600778299188,0.5902478877494446,5.346281988871396
s5,76,baseline_3sigma,87083,66695,69512,51482,0.7406203245482794,8819,6590,0.7472502551309672,8752,6447,0.7366316270566727,0.5878870279023997,5.3393739416633075
s5,77,baseline_3sigma,87224,66856,69525,51624,0.7425242718446602,8863,6564,0.7406070179397495,8836,6515,0.737324581258488,0.5884552096057725,5.347568511403044
s5,78,baseline_3sigma,87492,67052,69877,51835,0.7418034546417276,8879,6603,0.7436648271201712,8736,6423,0.7352335164835165,0.5842774512625765,5.443104392137265
s5,79,baseline_3sigma,87376,66784,69841,51542,0.7379905785999628,8815,6589,0.7474758933635848,8720,6494,0.7447247706422019,0.5778995873622297,5.216347961636855
s5,80,baseline_3sigma,87346,66904,69994,51791,0.7399348515587051,8628,6443,0.7467547519703291,8724,6427,0.7367033470884915,0.5932304612154845,5.26211317481372
s5,81,baseline_3sigma,87199,66772,69740,51736,0.7418411241755091,8907,6606,0.7416638598854833,8552,6333,0.7405285313376988,0.5811287444542415,5.267874386106385
s5,82,baseline_3sigma,87691,67078,70278,52001,0.7399328381570335,8771,6539,0.7455250256527192,8642,6356,0.7354778986345754,0.5959910234717869,5.230912098655439
s5,83,baseline_3sigma,87841,66850,70100,51680,0.7372325249643367,8997,6629,0.7368011559408691,8744,6395,0.7313586459286368,0.5843071575239922,5.203856032926755
s5,84,baseline_3sigma,87355,66738,69857,51649,0.7393532502111456,8767,6450,0.7357134709706855,8731,6505,0.7450463864391249,0.5947587778147614,5.200177725510122
s5,85,baseline_3sigma,87509,67168,70087,52015,0.7421490433318589,8725,6473,0.74189111747851,8697,6403,0.736230884212947,0.5924849058248565,5.333190011134399
s5,86,baseline_3sigma,87519,66969,69704,51622,0.7405887753930908,8924,6536,0.7324069923800987,8891,6590,0.7411989652457541,0.5911115173732913,5.209125435559912
s5,87,baseline_3sigma,87789,67234,70144,51951,0.7406335538321168,8780,6528,0.743507972665148,8865,6603,0.744839255499154,0.5724195772280978,5.298975912197976
s5,88,baseline_3sigma,87031,66605,69591,51548,0.7407279676969724,8796,6537,0.7431787175989086,8644,6329,0.7321841739935215,0.5932718574326917,5.179941468961809
s5,89,baseline_3sigma,87144,66550,69658,51455,0.7386804100031583,8817,6566,0.7446977429964841,8669,6355,0.7330718652670435,0.5883645554737698,5.304297751795579
s5,90,baseline_3sigma,87666,67352,69804,51859,0.7429230416595037,8839,6566,0.7428442131462835,9023,6719,0.744652554582733,0.5879883708776943,5.3404805034618805
s5,91,baseline_3sigma,87714,67194,70112,51862,0.7397021907804655,8911,6574,0.7377398720682303,8691,6519,0.7500862961684501,0.5903969158708522,5.420230784662225
s5,92,baseline_3sigma,87576,67003,69933,51750,0.7399939942516408,8891,6570,0.7389494994938702,8752,6476,0.7399451553930531,0.5901175209928942,5.262118236029433
s5,93,baseline_3sigma,87335,66934,69931,51844,0.7413593399207791,8920,6663,0.7469730941704036,8484,6318,0.7446958981612447,0.5800201873947926,5.176285411809482
s5,94,baseline_3sigma,87836,67169,70320,51972,0.7390784982935154,8855,6565,0.7413890457368718,8661,6385,0.7372127929800254,0.5948520559933548,5.414655295198259
s5,95,baseline_3sigma,87302,66634,69734,51438,0.737631571399891,8862,6580,0.7424960505529226,8706,6415,0.7368481507006662,0.597409170465061,5.348692718205009
s5,96,baseline_3sigma,87363,66513,69521,51201,0.7364825016901368,9072,6639,0.7318121693121693,8770,6439,0.7342075256556443,0.6022068187557338,5.29459567775887
s5,97,baseline_3sigma,87092,66591,69621,51562,0.7406098734577211,8632,6318,0.7319277108433735,8839,6590,0.7455594524267452,0.5838319000423992,5.260961579105534
s5,98,baseline_3sigma,87032,66790,69599,51666,0.7423382519863791,8730,6409,0.7341351660939289,8703,6526,0.7498563713661955,0.5834035292164046,5.403209498307614
s5,99,baseline_3sigma,87265,66981,69761,51870,0.7435386534023308,8753,6382,0.7291214440763167,8751,6542,0.7475717060907325,0.5952936738198871,5.305174869674778
s5,100,baseline_3sigma,87492,66941,70180,52032,0.741407808492448,8515,6319,0.7421021726365238,8797,6450,0.733204501534614,0.5878681052591576,5.216224865537496
s5,101,baseline_3sigma,87480,67152,70047,52050,0.7430725084586064,8662,6405,0.7394366197183099,8771,6487,0.7395963972181051,0.5911632900911274,5.35595676320529
s5,102,baseline_3sigma,87267,66802,69987,51930,0.7419949419177847,8672,6389,0.7367389298892989,8608,6367,0.739660780669145,0.5920910453399162,5.286401270791059
s5,103,baseline_3sigma,86937,66530,69414,51435,0.7409888495116259,8797,6498,0.7386609071274298,8726,6516,0.7467338986935594,0.5840766867738203,5.162424196256897
s5,104,baseline_3sigma,87484,66923,69676,51566,0.7400826683506516,8820,6466,0.7331065759637189,8988,6683,0.7435469514908767,0.6044075180811567,5.253218466729827
s5,105,baseline_3sigma,87668,67073,70067,51749,0.7385645168196155,8777,6542,0.7453571835479094,8824,6570,0.7445602901178604,0.5914464670106276,5.356664543311535
s5,106,baseline_3sigma,87503,66936,69955,51706,0.739132299335287,8866,6522,0.7356192194901873,8682,6479,0.7462566228979498,0.6001042881233363,5.378559157231055
s5,107,baseline_3sigma,87751,67142,70304,51981,0.7393747155211652,8706,6431,0.7386859637031932,8741,6513,0.7451092552339549,0.5996197242393211,5.321984141068442
s5,108,baseline_3sigma,87652,67116,70124,51938,0.7406594033426501,8768,6498,0.7411040145985401,8760,6526,0.7449771689497717,0.5987787069478125,5.258906331256977
s5,109,baseline_3sigma,87446,66856,69912,51640,0.7386428653163978,8677,6458,0.7442664515385502,8857,6591,0.744157163825223,0.5909899050683978,5.387243445437054
s5,110,baseline_3sigma,87274,66851,69853,51815,0.7417720069288363,8635,6374,0.7381586566299942,8786,6468,0.7361711814249943,0.598173956310503,5.265976487363774
s5,111,baseline_3sigma,87478,67103,70161,52084,0.7423497384586879,8809,6540,0.742422522420252,8508,6263,0.7361307005171603,0.5892754001263016,5.2455844591124094
s5,112,baseline_3sigma,87411,66977,69895,51732,0.7401387795979684,8805,6601,0.749687677455991,8711,6473,0.7430834576971646,0.5849448912102785,5.419695429843203
s5,113,baseline_3sigma,87510,66974,69940,51777,0.7403059765513297,8819,6516,0.7388592810976301,8751,6498,0.7425437092903668,0.6001213108135306,5.254016880396475
s5,114,baseline_3sigma,87440,66950,70069,52105,0.743624141917253,8799,6465,0.7347425843845892,8572,6262,0.7305179654689687,0.584530409785732,5.17886985053699
s5,115,baseline_3sigma,86978,66753,69500,51626,0.742820143884892,8763,6481,0.739586899463654,8715,6499,0.7457257601835915,0.5963581270895676,5.416310187068285
s5,116,baseline_3sigma,87272,67002,69852,51883,0.7427561129244689,8674,6426,0.7408346783490892,8746,6507,0.7439972558884062,0.5980796468140821,5.403900478849467
s5,117,baseline_3sigma,87547,67209,70042,52027,0.7427971788355558,8819,6535,0.74101372037646,8686,6426,0.7398111904213677,0.597801739343976,5.242529735908408
s5,118,baseline_3sigma,87738,67162,70231,52053,0.7411684298956301,8752,6464,0.7385740402193784,8755,6439,0.7354654483152484,0.5893191490457291,5.318605335905006
s5,119,baseline_3sigma,87229,67173,69677,51937,0.7453966158129656,8816,6552,0.7431941923774955,8736,6516,0.7458791208791209,0.5960560235379269,5.252580792330973
s5,120,baseline_3sigma,87512,67041,70063,51892,0.7406477027817822,8757,6466,0.7383807239922348,8692,6500,0.747814081914404,0.5968712169943349,5.280174439801587
s5,121,baseline_3sigma,87219,66556,69905,51570,0.7377154709963522,8841,6574,0.7435810428684538,8473,6222,0.7343325858609702,0.5823332632624532,5.237696759520616
s5,122,baseline_3sigma,87853,67339,70220,52060,0.7413842210196525,8755,6462,0.7380925185608224,8878,6581,0.7412705564316288,0.5883977510421609,5.235443511887148
s5,123,baseline_3sigma,87229,66594,69959,51691,0.7388756271530468,8586,6299,0.7336361518751456,8684,6421,0.7394058037770612,0.5816509466159625,5.292324321909222
s5,124,baseline_3sigma,87296,66772,69916,51926,0.7426912294753705,8860,6482,0.7316027088036118,8520,6280,0.7370892018779343,0.5901898688513263,5.3570238579980005
s5,125,baseline_3sigma,87200,66559,69763,51597,0.7396040881269441,8721,6473,0.7422313954821694,8716,6340,0.7273978889398807,0.5874420284272113,5.29572347179403
s5,126,baseline_3sigma,87118,66718,69726,51721,0.7417749476522387,8695,6383,0.7341000575043128,8697,6403,0.736230884212947,0.5963013393974126,5.316588075619949
s5,127,baseline_3sigma,87695,67294,70116,52050,0.7423412630498032,8729,6487,0.7431550005728033,8850,6537,0.7386440677966102,0.5974662677323053,5.253573062329397
s5,128,baseline_3sigma,86783,66368,69398,51206,0.7378598806882043,8849,6600,0.7458469883602667,8536,6333,0.7419165885660731,0.601668538457435,5.3321991285146275
s5,129,baseline_3sigma,87369,66877,69909,51777,0.7406342531004592,8690,6428,0.7397008055235903,8770,6481,0.7389965792474344,0.5873538808637218,5.1498084062531495
s5,130,baseline_3sigma,87608,66916,70145,51872,0.7394967567182266,8745,6450,0.7375643224699828,8718,6379,0.7317045193851801,0.5803767361902934,5.236596405935396
s5,131,baseline_3sigma,86929,66564,69502,51470,0.7405542286552905,8728,6484,0.7428964252978918,8699,6437,0.7399701115070698,0.5989059997669071,5.238437151838516
s5,132,baseline_3sigma,87239,67097,69756,51808,0.7427031366477436,8874,6625,0.7465629930132973,8609,6445,0.7486351492623998,0.5883977460382698,5.348862023769077
s5,133,baseline_3sigma,87097,66772,69537,51539,0.7411737636078635,8753,6491,0.7415743173768994,8807,6591,0.7483819688883843,0.5947297607458863,5.4312937560447425
s5,134,baseline_3sigma,87512,67013,69939,51809,0.7407741031470281,8760,6473,0.7389269406392694,8813,6569,0.745376148870986,0.5934096175274818,5.315800789229567
s5,135,baseline_3sigma,87823,67125,70306,52017,0.7398657298096891,8695,6414,0.7376653248993674,8822,6499,0.7366810247109499,0.5941697367492784,5.290113709887451
s5,136,baseline_3sigma,87401,66766,70010,51634,0.7375232109698614,8756,6449,0.7365235267245317,8635,6473,0.7496236247828605,0.5957050076733703,5.236914878759
s5,137,baseline_3sigma,87107,66600,69667,51510,0.7393744527538145,8733,6439,0.737318218252605,8707,6474,0.7435396807166648,0.6062444779094287,5.332043806802313
s5,138,baseline_3sigma,87634,67145,69926,51824,0.7411263335526128,8868,6608,0.7451511050969779,8840,6546,0.7404977375565611,0.5976893658235545,5.255438691455967
s5,139,baseline_3sigma,87306,66769,69974,51820,0.740560779718181,8665,6379,0.7361800346220427,8667,6444,0.7435098650051921,0.5913133003193676,5.348307070094786
s5,140,baseline_3sigma,87655,67108,69985,51834,0.7406444238051011,8866,6583,0.7424994360478231,8804,6504,0.7387551113130395,0.5964407746206281,5.308262828999181
s5,141,baseline_3sigma,87113,66741,69646,51671,0.7419090830772765,8728,6426,0.7362511457378552,8739,6456,0.7387572948849983,0.5905995898512567,5.301482413639096
s5,142,baseline_3sigma,87509,66985,70185,51950,0.7401866495689963,8747,6498,0.7428832742654624,8577,6317,0.7365046053398624,0.5880250894226534,5.31004989149341
s5,143,baseline_3sigma,86906,66365,69513,51300,0.7379914548357861,8708,6455,0.7412723932016536,8685,6372,0.7336787564766839,0.5935113452751811,5.322948898316333
s5,144,baseline_3sigma,87359,66652,69733,51474,0.7381584041988728,8827,6529,0.7396623994562139,8799,6521,0.7411069439709058,0.5857349495746587,5.222765083991899
s5,145,baseline_3sigma,87233,66824,69596,51613,0.7416087131444336,8824,6507,0.7374206708975521,8813,6564,0.7448088051741745,0.6093948886614594,5.412791661037296
s5,146,baseline_3sigma,87697,66986,70059,51735,0.7384490215389886,8774,6458,0.7360382949623889,8864,6610,0.7457129963898917,0.5842144982041895,5.349365562242226
s5,147,baseline_3sigma,87416,67046,70133,51994,0.7413628391769923,8690,6483,0.746029919447641,8593,6420,0.7471197486326079,0.6013464807482239,5.229187148091054
s5,148,baseline_3sigma,87779,67193,70237,52028,0.7407491777837891,8741,6497,0.7432788010525112,8801,6492,0.7376434496079991,0.5913841399410253,5.344686558872652
s5,149,baseline_3sigma,87609,67034,70255,52030,0.7405878585154082,8657,6413,0.7407878017789072,8697,6441,0.74060020696792,0.5947503753333544,5.311568650183255
s5,150,baseline_3sigma,87818,67241,70346,52049,0.7398999232365735,8717,6364,0.7300676838361821,8755,6528,0.7456310679611651,0.6070126140727952,5.3004602668434355
s5,151,baseline_3sigma,87901,67541,70257,52211,0.7431430320110451,8949,6675,0.7458933959101576,8695,6454,0.7422656699252443,0.6000575732899629,5.270188290880745
s5,152,baseline_3sigma,87022,66670,69621,51609,0.7412849571250054,8783,6491,0.7390413298417398,8618,6390,0.7414713390577861,0.5861462921608166,5.358675374819618
s5,153,baseline_3sigma,87170,66717,69591,51513,0.7402250290985903,8834,6622,0.7496038034865293,8745,6423,0.7344768439108061,0.5924384721143355,5.279835348209781
s5,154,baseline_3sigma,87025,66697,69518,51574,0.7418798009148709,8773,6453,0.7355522626239599,8734,6443,0.737691779253492,0.6170439725286531,5.2980190500368725
s5,155,baseline_3sigma,87482,67020,69916,51816,0.7411179129240804,8673,6405,0.738498789346247,8893,6574,0.7392331046890813,0.5939545903038327,5.239423196410397
s5,156,baseline_3sigma,87140,66608,69571,51421,0.73911543602938,8763,6471,0.7384457377610407,8806,6534,0.7419940949352714,0.6027153389462006,5.290739087078479
s5,157,baseline_3sigma,87513,66929,69909,51626,0.7384743023072852,8806,6584,0.7476720417896888,8798,6482,0.7367583541714026,0.6125453875432311,5.223153701169582
s5,158,baseline_3sigma,87310,66772,69636,51469,0.739114825664886,8891,6547,0.7363626138792037,8783,6538,0.7443925765683708,0.619790832676914,5.25593093762638
s5,159,baseline_3sigma,87294,66610,69803,51455,0.7371459679383408,8719,6464,0.7413694230989792,8772,6494,0.7403100775193798,0.6013803639496695,5.293183276465246
s5,160,baseline_3sigma,87163,66929,69622,51631,0.741590301916061,8804,6612,0.7510222626079055,8737,6506,0.7446491930868719,0.6097327204381349,5.181414452799414
s5,161,baseline_3sigma,87352,66801,69874,51739,0.7404614019520852,8705,6394,0.7345203905801264,8773,6489,0.7396557619970363,0.6022807876656238,5.274274756811557
s5,162,baseline_3sigma,87730,67134,70118,51899,0.7401665763427365,8719,6496,0.7450395687578851,8893,6487,0.7294501293151917,0.6059889749355424,5.347744001015814
s5,163,baseline_3sigma,87694,67014,70161,51769,0.7378600647083138,8798,6510,0.7399408956581042,8735,6489,0.7428734974241556,0.6081048484753291,5.2662717488253445
s5,164,baseline_3sigma,87749,67066,70358,52180,0.7416356348958185,8791,6445,0.7331361619838471,8600,6305,0.733139534883721,0.6077999091025235,5.272015067992345
s5,165,baseline_3sigma,87042,66602,69626,51549,0.7403699767328297,8653,6352,0.7340806656650872,8763,6476,0.7390163186123474,0.6152510122633996,5.317851176602538
s5,166,baseline_3sigma,87373,66711,69954,51637,0.7381565028447266,8751,6497,0.7424294366358131,8668,6379,0.7359252422704199,0.5953626940541545,5.3268077475515545
s5,167,baseline_3sigma,87426,67015,70003,51878,0.7410825250346413,8793,6523,0.7418401000796088,8630,6432,0.7453070683661646,0.6213809371924216,5.265033952750436
s5,168,baseline_3sigma,87453,66725,69855,51588,0.7385011810178226,8762,6434,0.7343072357909153,8836,6489,0.7343820733363513,0.6223346617467632,5.3838266244274715
s5,169,baseline_3sigma,87194,66963,69698,51764,0.7426898906711814,8711,6452,0.7406727126621513,8785,6551,0.7457029026750143,0.6116402567546007,5.3426787337176975
s5,170,baseline_3sigma,87323,66885,69877,51681,0.739599582122873,8777,6544,0.7455850518400364,8669,6411,0.7395316645518514,0.6169345248917658,5.2435864603268
s5,171,baseline_3sigma,87381,66618,69970,51570,0.737030155781049,8794,6527,0.7422105981350922,8617,6329,0.7344783567366833,0.6112921533141897,5.269607847732308
s5,172,baseline_3sigma,87469,66810,69970,51630,0.7378876661426326,8648,6389,0.7387835337650324,8851,6549,0.7399163936278387,0.6315035665477957,5.157906124894416
s5,173,baseline_3sigma,87215,67067,69631,51672,0.7420832675101607,8699,6534,0.7511208184848833,8885,6636,0.7468767585818795,0.6380836308768634,5.251045650562179
s5,174,baseline_3sigma,87381,66919,69939,51839,0.741203048370723,8753,6504,0.743059522449446,8689,6359,0.7318448613189089,0.6314052677532674,5.309784400494195
s5,175,baseline_3sigma,87375,67029,69852,51739,0.7406946114642387,8702,6432,0.7391404274879338,8821,6638,0.7525223897517288,0.6213627361161715,5.296629950112613
s5,176,baseline_3sigma,87583,67022,70174,51968,0.74055918146322,8681,6511,0.7500287985255155,8728,6371,0.7299495875343721,0.6208764630287549,5.379452088951453
s5,177,baseline_3sigma,87465,66860,70069,51987,0.7419400876279096,8662,6363,0.7345878549988455,8734,6378,0.7302495992672315,0.6127678957623689,5.294929458591658
s5,178,baseline_3sigma,87702,67019,70175,52005,0.7410758817242608,8752,6454,0.7374314442413162,8775,6402,0.7295726495726496,0.620037611917532,5.363432069175163
s5,179,baseline_3sigma,87399,66782,69958,51697,0.7389719546013322,8798,6480,0.7365310297794954,8643,6420,0.7427976397084346,0.6299161304106826,5.311168091907145
s5,180,baseline_3sigma,87857,67186,70085,51754,0.7384461725048156,8788,6521,0.7420345926263086,8984,6717,0.7476625111308994,0.6234284137622612,5.425302700092774
s5,181,baseline_3sigma,87692,67084,70152,51830,0.73882426730528,8824,6548,0.7420670897552131,8716,6470,0.742312987608995,0.6236073989952,5.247333880626317
s5,182,baseline_3sigma,87982,67249,70264,51944,0.7392690424684049,8915,6607,0.7411104879416713,8803,6472,0.7352039077587186,0.617703149403961,5.1876278381485035
s5,183,baseline_3sigma,87533,66754,70095,51680,0.737285113060846,8634,6342,0.73453787352328,8804,6500,0.7383007723761926,0.6180722277188737,5.3511095885288515
s5,184,baseline_3sigma,86997,66555,69742,51571,0.7394539875541281,8591,6333,0.7371668024676987,8664,6447,0.7441135734072022,0.6199645596585309,5.328084142124658
s5,185,baseline_3sigma,87519,66979,70098,51800,0.7389654483722788,8667,6425,0.7413176416291681,8754,6484,0.7406899702992917,0.6306191279032886,5.201806880588178
s5,186,baseline_3sigma,87394,66857,70145,51932,0.7403521277354053,8651,6385,0.7380649635880245,8598,6326,0.7357525005815306,0.6243968080464093,5.299251122627324
s5,187,baseline_3sigma,87742,67208,70462,52139,0.7399591269052823,8556,6378,0.7454417952314165,8724,6466,0.7411737734983952,0.6062406198723904,5.244915975846019
s5,188,baseline_3sigma,87423,67196,69820,51959,0.7441850472643942,8776,6516,0.7424794895168642,8827,6530,0.7397756882292965,0.6217799096833307,5.368115922340387
s5,189,baseline_3sigma,87329,66800,69665,51459,0.7386636043924496,8864,6600,0.7445848375451264,8800,6527,0.7417045454545454,0.6222269810992562,5.278224510174801
s5,190,baseline_3sigma,87466,66881,69915,51692,0.7393549309876278,8784,6430,0.7320127504553734,8767,6565,0.7488308429337287,0.6317456357908489,5.2146960181732895
s5,191,baseline_3sigma,87246,66914,69606,51586,0.7411142717581818,8858,6634,0.7489275231429217,8782,6477,0.7375313140514689,0.6167722321454123,5.361193147376547
s5,192,baseline_3sigma,87863,67388,70268,52146,0.7421016679000398,8845,6557,0.7413227812323346,8750,6463,0.7386285714285714,0.6142893189741843,5.357244933511276
s5,193,baseline_3sigma,87159,66673,69991,51778,0.7397808289637239,8641,6408,0.7415808355514408,8527,6298,0.7385950510144248,0.6195377706503145,5.2742285512269245
s5,194,baseline_3sigma,88066,67094,70460,51872,0.7361907465228499,8780,6494,0.7396355353075171,8826,6501,0.7365737593473828,0.6066328272732957,5.355558070254339
s5,195,baseline_3sigma,87581,67103,70142,51851,0.739228992614981,8681,6398,0.7370118649925124,8758,6544,0.7472025576615665,0.6232605210322071,5.40855124486253
s5,196,baseline_3sigma,87601,67040,70152,52098,0.7426445432774547,8663,6282,0.7251529493247143,8786,6477,0.7371955383564762,0.6111486948628806,5.228806524491018
s5,197,baseline_3sigma,87672,67085,70087,51899,0.740493957509952,8770,6458,0.7363740022805018,8815,6472,0.7342030629608621,0.6115037065118522,5.275141314037266
s5,198,baseline_3sigma,87056,66936,69479,51604,0.7427280185379755,8786,6574,0.7482358297291145,8791,6575,0.7479240131953134,0.6128837160387663,5.319278248232896
s5,199,baseline_3sigma,87314,66926,69910,51851,0.7416821627807181,8602,6338,0.7368053940943966,8802,6561,0.745398773006135,0.6086945716673455,5.210382088478815
s5,200,baseline_3sigma,87375,66884,69864,51971,0.7438881255009733,8763,6371,0.7270341207349081,8748,6454,0.7377686328303612,0.6149542806748765,5.269900478173312
s5,201,baseline_3sigma,87286,66834,70076,51800,0.7391974427764142,8661,6451,0.7448331601431706,8549,6359,0.7438296876827699,0.6081166615497494,5.190232231356977
s5,202,baseline_3sigma,87798,67087,70215,51904,0.7392152673930072,8764,6505,0.7422409858512095,8819,6478,0.7345504025399705,0.5973440149740182,5.229626290731418
s5,203,baseline_3sigma,87218,66847,69587,51689,0.742796786756147,8698,6444,0.7408599678086917,8933,6585,0.7371543714317699,0.5924373647701502,5.315223573783943
s5,204,baseline_3sigma,87796,67053,70245,51773,0.7370346643889245,8850,6551,0.740225988700565,8701,6496,0.7465808527755431,0.6055543572007601,5.4685362993683935
s5,205,baseline_3sigma,87204,66954,69608,51773,0.7437794506378577,8885,6542,0.7362971299943726,8711,6457,0.7412466995752497,0.6084392709296891,5.118291506726011
s5,206,baseline_3sigma,87322,67034,69817,51850,0.742655800163284,8781,6479,0.7378430702653457,8724,6540,0.749656121045392,0.6046147442783282,5.331025628457718
s5,207,baseline_3sigma,87811,67288,70425,52275,0.7422790202342918,8857,6555,0.7400925821384216,8529,6246,0.7323250087935279,0.6002466296407545,5.258303126914596
s5,208,baseline_3sigma,87751,67299,70056,51954,0.7416067146282974,8857,6556,0.7402054871852772,8838,6535,0.7394206834125368,0.601030656475329,5.356250936434497
s5,209,baseline_3sigma,88268,67648,70701,52367,0.7406825928911897,8742,6481,0.7413635323724548,8825,6582,0.7458356940509915,0.5969946637205216,5.401565709238356
s5,210,baseline_3sigma,87619,67065,70145,51946,0.7405517143060802,8822,6558,0.7433688506007708,8652,6418,0.741793804900601,0.598595836341292,5.302610825728612
s5,211,baseline_3sigma,87470,66843,70045,51816,0.7397530159183382,8796,6488,0.7376080036380173,8629,6385,0.7399466913895005,0.5999729238693857,5.508476021891267
s5,212,baseline_3sigma,87160,66812,69726,51621,0.7403407624128733,8799,6481,0.7365609728378225,8635,6440,0.7458019687319051,0.6122821658241167,5.258744642885537
s5,213,baseline_3sigma,87578,67200,70184,52175,0.7434030548273111,8611,6318,0.7337126930670074,8783,6499,0.7399521803484003,0.6048874119885665,5.369187888914788
s5,214,baseline_3sigma,87351,66867,69872,51753,0.7406829631325853,8786,6439,0.7328704757568859,8693,6420,0.7385252502013114,0.6055928814704776,5.291725488713503
s5,215,baseline_3sigma,87510,66772,69988,51640,0.7378407727038921,8682,6412,0.7385395070260309,8840,6519,0.7374434389140272,0.5963990923214697,5.300258200304972
s5,216,baseline_3sigma,87354,66997,69851,51837,0.7421082017437116,8707,6461,0.7420466291489606,8796,6501,0.7390859481582538,0.6156155021788606,5.223628253175069
s5,217,baseline_3sigma,88058,67297,70474,52042,0.7384567358174646,8762,6546,0.7470897055466789,8822,6505,0.7373611425980503,0.6097467479432853,5.305754394273684
s5,218,baseline_3sigma,87427,66901,69957,51844,0.7410838086252984,8812,6528,0.7408079891057648,8658,6393,0.7383922383922384,0.5923766860312087,5.350724368093203
s5,219,baseline_3sigma,87443,66855,69897,51635,0.7387298453438631,8826,6615,0.7494901427600272,8720,6413,0.7354357798165138,0.6030428819676856,5.276284023708304
s5,220,baseline_3sigma,86779,66236,69565,51367,0.7384029325091641,8686,6362,0.7324430117430347,8528,6303,0.739094746716698,0.6099940027235955,5.4203295393290505
s5,221,baseline_3sigma,87417,66892,69989,51772,0.7397162411236051,8617,6407,0.7435302309388419,8811,6525,0.7405515832482125,0.5857394083646038,5.258884023849078
s5,222,baseline_3sigma,87706,67180,70334,52034,0.7398128927687889,8535,6307,0.7389572349150556,8837,6623,0.7494624872694353,0.6076224830283039,5.473214525685125
s5,223,baseline_3sigma,87364,66555,69842,51466,0.7368918415852925,8788,6420,0.7305416477014111,8734,6473,0.7411266315548432,0.6107170946042851,5.221954562953705
s5,224,baseline_3sigma,87353,66869,69737,51580,0.7396360612013708,8894,6675,0.7505059590735327,8722,6472,0.7420316441183215,0.5953101729489798,5.200216469657939
s5,225,baseline_3sigma,87288,66805,70045,51763,0.7389963594831894,8608,6386,0.741868029739777,8635,6459,0.7480023161551824,0.5969685307749454,5.280666461331233
s5,226,baseline_3sigma,87407,66823,69920,51744,0.740045766590389,8777,6488,0.7392047396604763,8710,6461,0.7417910447761195,0.6016265606815707,5.285194056378086
s5,227,baseline_3sigma,87391,66688,69930,51604,0.7379379379379379,8701,6476,0.7442822664061602,8760,6477,0.7393835616438356,0.6064775580306845,5.300011993885219
s5,228,baseline_3sigma,87389,66889,69985,51696,0.7386725726941488,8754,6610,0.75508339045008,8650,6417,0.741849710982659,0.5988118790832522,5.383045079326649
s5,229,baseline_3sigma,87069,66461,69430,51347,0.7395506265303183,8809,6454,0.7326597797706891,8830,6576,0.7447338618346546,0.5925861455890362,5.258936557493786
s5,230,baseline_3sigma,87054,66554,69728,51534,0.7390718219366682,8596,6405,0.745114006514658,8730,6452,0.7390607101947309,0.6015629039715003,5.329810023067211
s5,231,baseline_3sigma,87036,66278,69715,51341,0.7364412249874489,8785,6480,0.7376209447922595,8536,6299,0.737933458294283,0.5799779127407888,5.294855821047561
s5,232,baseline_3sigma,87091,66578,69716,51470,0.7382810258764129,8561,6334,0.7398668379862166,8814,6560,0.7442704787837531,0.6020497221864451,5.372519937686731
s5,233,baseline_3sigma,87351,66843,69988,51849,0.7408269989140995,8675,6305,0.7268011527377521,8688,6429,0.7399861878453039,0.6008462927430444,5.353036321350321
s5,234,baseline_3sigma,86945,66519,69481,51527,0.7415984225903485,8742,6393,0.7312971859986274,8722,6460,0.7406558128869525,0.6051160479377363,5.2648045362329805
s5,235,baseline_3sigma,87856,66942,70233,51852,0.7382854213831105,8803,6446,0.7322503691923208,8820,6419,0.7277777777777777,0.6142632819051432,5.29122370641914
s5,236,baseline_3sigma,87381,66891,70074,51940,0.7412164283471758,8797,6554,0.7450267136523815,8510,6278,0.7377203290246769,0.5919308213524793,5.2415837556493186
s5,237,baseline_3sigma,87392,67001,69961,51881,0.7415703034547819,8729,6507,0.7454462137701913,8702,6442,0.7402895886003218,0.599362656730084,5.385236007726508
s5,238,baseline_3sigma,87473,66997,69941,51817,0.7408673024406285,8740,6478,0.7411899313501145,8792,6578,0.7481801637852593,0.5877380517666323,5.226803761805726
s5,239,baseline_3sigma,87450,67005,69899,51792,0.7409548062204038,8781,6490,0.7390957749686824,8770,6510,0.74230330672748,0.6017041201042165,5.375661288280347
s5,240,baseline_3sigma,87719,67055,70075,51874,0.7402640028540849,8977,6573,0.7322045226690431,8667,6435,0.7424714434060229,0.5934742165759932,5.432007634751938
s5,241,baseline_3sigma,87960,67314,70268,51989,0.7398673649456367,8844,6514,0.7365445499773858,8848,6553,0.7406193490054249,0.6106431402470663,5.324528710391643
s5,242,baseline_3sigma,87271,66739,69769,51667,0.7405437945219223,8770,6515,0.7428734321550741,8732,6432,0.7366010077874484,0.6084715050343614,5.253716125585314
s5,243,baseline_3sigma,87117,66625,69687,51662,0.7413434356479688,8717,6433,0.737983251118504,8713,6383,0.7325834959256283,0.5888678505456982,5.302938830453735
s5,244,baseline_3sigma,87455,66844,69925,51613,0.7381194136574901,8713,6418,0.7366004820383335,8817,6525,0.7400476352500851,0.6062595225099058,5.384315402143768
s5,245,baseline_3sigma,87640,67177,70119,51947,0.7408405710292503,8756,6511,0.7436043855641845,8765,6485,0.739874500855676,0.6007898121288551,5.525905754762386
s5,246,baseline_3sigma,87346,66843,69769,51578,0.7392681563445083,8770,6570,0.7491448118586089,8807,6525,0.7408879300556376,0.5916419675809272,5.397400231347547
s5,247,baseline_3sigma,87587,66928,70102,51861,0.7397934438389775,8697,6370,0.7324364723467862,8788,6488,0.7382794720072826,0.6009340170792592,5.319981509410018
s5,248,baseline_3sigma,87237,66743,69827,51662,0.7398570753433485,8775,6498,0.7405128205128205,8635,6426,0.744180660104227,0.5964243873970966,5.373954843217588
s5,249,baseline_3sigma,87471,66981,70049,52032,0.7427943296835072,8709,6370,0.7314272591571938,8713,6376,0.7317800987030874,0.6134032504145411,5.242155552194514
s5,250,baseline_3sigma,87468,67047,69984,51916,0.7418267032464564,8804,6506,0.738982280781463,8680,6392,0.7364055299539171,0.5926900643219618,5.269548282953455
s5,251,baseline_3sigma,86937,66796,69730,51884,0.7440699842248674,8626,6394,0.7412473916067702,8581,6299,0.7340636289476751,0.6012062176315991,5.294273315228558
s5,252,baseline_3sigma,87628,66979,70205,51813,0.7380243572395129,8707,6454,0.7412426783048123,8716,6486,0.7441486920605782,0.5919735016611677,5.367165523559738
s5,253,baseline_3sigma,87765,67221,70372,52078,0.7400386517364861,8506,6350,0.7465318598636257,8887,6615,0.7443456734556093,0.6083610487576776,5.23968381469811
s5,254,baseline_3sigma,87129,66589,69732,51553,0.7393018986978719,8653,6389,0.7383566393158442,8744,6459,0.7386779505946935,0.6096000026562454,5.28294766813762
s5,255,baseline_3sigma,87430,66837,70097,51769,0.7385337460946974,8593,6309,0.7342022576515769,8740,6498,0.7434782608695653,0.6059651426800367,5.455718880942355
s5,256,baseline_3sigma,87601,67003,70139,51788,0.7383623946734342,8773,6567,0.7485466773053687,8689,6427,0.7396708481988722,0.5966489594411216,5.472762644850985
s5,257,baseline_3sigma,87456,66959,69876,51841,0.7418999370313126,8760,6428,0.7337899543378995,8820,6524,0.7396825396825397,0.5890681969892252,5.20334710153261
s5,258,baseline_3sigma,87340,66795,69921,51735,0.7399064658686232,8777,6464,0.7364703201549504,8642,6402,0.7408007405693127,0.6125725299561416,5.247593430973811
s5,259,baseline_3sigma,87365,67121,69719,51884,0.7441873807713822,8759,6457,0.73718461011531,8887,6576,0.7399572409136942,0.6044956239795262,5.213800715881143
s5,260,baseline_3sigma,87379,66799,69874,51760,0.740761942925838,8653,6378,0.7370854039061597,8852,6469,0.7307953004970628,0.6021649038384992,5.315349267577951
s5,261,baseline_3sigma,87134,66640,69958,51741,0.7396009033991824,8581,6345,0.7394243095210349,8595,6309,0.7340314136125654,0.6134501928862662,5.3723137391406235
s5,262,baseline_3sigma,86974,66820,69686,51768,0.7428751829635795,8673,6441,0.7426496022137669,8615,6387,0.7413813116656993,0.6084225701130997,5.2898839917030385
s5,263,baseline_3sigma,87475,66804,70189,51815,0.7382210887745944,8662,6363,0.7345878549988455,8624,6421,0.7445500927643784,0.6124985954038544,5.338511229353276
s5,264,baseline_3sigma,87847,67270,70436,52096,0.739621784314839,8702,6436,0.739600091932889,8709,6509,0.7473877597887243,0.619627281182624,5.323016277941381
s5,265,baseline_3sigma,87015,66393,69609,51302,0.7370023991150569,8780,6504,0.7407744874715262,8626,6417,0.7439137491305355,0.6113917795759989,5.320179891650874
s5,266,baseline_3sigma,87527,66856,70163,51802,0.7383093653350057,8718,6522,0.748107364074329,8646,6384,0.7383761276891048,0.5918394246466974,5.345967799006818
s5,267,baseline_3sigma,87446,66689,70169,51781,0.7379469566332711,8663,6352,0.733233291007734,8614,6384,0.7411191084281402,0.5939225793399667,5.319373743558073
s5,268,baseline_3sigma,87167,66666,69654,51612,0.7409768283228529,8746,6446,0.7370226389206495,8767,6512,0.7427854454203262,0.6027497983367747,5.348995391758984
s5,269,baseline_3sigma,87239,66766,69936,51783,0.7404341111873713,8584,6352,0.7399813606710158,8719,6434,0.737928661543755,0.6001237048718968,5.383846591080185
s5,270,baseline_3sigma,87155,66409,69840,51595,0.7387600229095075,8730,6374,0.7301260022909507,8585,6303,0.7341875364006989,0.6051691903581851,5.262908458884151
s5,271,baseline_3sigma,87550,67045,70166,51845,0.7388906307898412,8655,6385,0.7377238590410168,8729,6515,0.7463626990491465,0.6269511304089577,5.296987627728077
s5,272,baseline_3sigma,87573,67147,70211,51989,0.7404680178319637,8612,6419,0.745355318160706,8750,6521,0.7452571428571428,0.6044740066900435,5.201681918029106
s5,273,baseline_3sigma,86854,66545,69539,51582,0.7417708048720861,8692,6393,0.73550391164289,8623,6385,0.7404615563029108,0.6156139556909478,5.219366972341384
s5,274,baseline_3sigma,87521,66638,70009,51553,0.7363767515605136,8694,6414,0.7377501725327812,8818,6465,0.7331594465865275,0.6138690580397046,5.362154159258308
s5,275,baseline_3sigma,87441,66937,69959,51787,0.7402478594605412,8802,6479,0.7360827084753465,8680,6386,0.7357142857142858,0.6217690194843558,5.361257711467613
s5,276,baseline_3sigma,87430,66886,70094,51942,0.7410334693411704,8641,6409,0.7416965628978127,8695,6331,0.7281196089706728,0.6040536307592278,5.294202042048115
s5,277,baseline_3sigma,87524,67042,69917,51797,0.740835562166569,8929,6607,0.7399484824728413,8678,6370,0.7340401014058539,0.6036384007983363,5.3818291474209685
s5,278,baseline_3sigma,87672,67251,70018,51897,0.7411951212545346,8738,6510,0.7450217441062028,8916,6624,0.7429340511440108,0.6091809990024311,5.179569417366484
s5,279,baseline_3sigma,87547,66976,70283,52063,0.7407623465133816,8719,6430,0.7374698933363918,8545,6300,0.7372732592159157,0.5933931918101094,5.402721790781317
s5,280,baseline_3sigma,87679,66975,70216,51910,0.739290190270024,8815,6453,0.7320476460578559,8648,6417,0.7420212765957447,0.5953163671334138,5.308294344814257
s5,281,baseline_3sigma,87182,66541,69774,51460,0.7375240060767622,8603,6374,0.7409043356968499,8805,6444,0.7318568994889267,0.6083176379540958,5.248726658450594
s5,282,baseline_3sigma,86856,66466,69396,51426,0.7410513574269411,8751,6451,0.7371728945263398,8709,6464,0.7422206912389482,0.5806997718615505,5.2573633778612345
s5,283,baseline_3sigma,87428,66985,70030,51896,0.7410538340711124,8697,6466,0.7434747614119811,8701,6414,0.7371566486610734,0.5877806620255468,5.178267215038632
s5,284,baseline_3sigma,87432,66872,69954,51737,0.7395860136661234,8694,6496,0.7471819645732689,8784,6453,0.7346311475409836,0.6079440042195321,5.223884900627584
s5,285,baseline_3sigma,88077,67305,70542,52316,0.7416291003940915,8830,6471,0.7328425821064553,8705,6412,0.7365881677197014,0.6000804021908083,5.171355550231982
s5,286,baseline_3sigma,87112,66711,69662,51590,0.7405759237460883,8702,6461,0.7424729947138589,8748,6508,0.7439414723365341,0.6074220922150081,5.229526509505267
s5,287,baseline_3sigma,87642,67121,70259,51861,0.7381403094265503,8732,6524,0.7471369674759505,8651,6450,0.7455785458328517,0.592465549336214,5.3655978912497995
s5,288,baseline_3sigma,87504,67008,69965,51905,0.7418709354677339,8689,6433,0.7403613764529865,8850,6467,0.7307344632768361,0.5974317526658293,5.240231627436409
s5,289,baseline_3sigma,87706,67013,70155,51956,0.7405886964578433,8767,6482,0.7393635222995323,8784,6420,0.7308743169398907,0.5853706211666642,5.235500961370128
s5,290,baseline_3sigma,87513,67188,70088,52002,0.7419529734048624,8736,6461,0.7395833333333334,8689,6436,0.7407066405800438,0.6017180596403221,5.273650118147875
s5,291,baseline_3sigma,87645,66939,70019,51674,0.7379996857995686,8710,6450,0.7405281285878301,8916,6614,0.7418124719605204,0.6031854480276998,5.378941908007481
s5,292,baseline_3sigma,87475,66869,69858,51566,0.7381545420710585,8864,6539,0.7377030685920578,8753,6536,0.7467154118587913,0.5894247097791225,5.34985578449674
s5,293,baseline_3sigma,87256,66839,69813,51716,0.7407789380201395,8744,6437,0.7361619396157365,8699,6445,0.7408897574433843,0.6046886745429904,5.309449944926095
s5,294,baseline_3sigma,87602,67022,70085,51906,0.7406149675394165,8804,6478,0.7358019082235348,8713,6456,0.7409617812464134,0.6124657011225065,5.334125803277924
s5,295,baseline_3sigma,87363,66598,69971,51632,0.7379057037915708,8639,6399,0.7407107304086121,8753,6343,0.724665828858677,0.6009079138586892,5.466873292718613
s5,296,baseline_3sigma,87168,66809,69693,51698,0.741796163172772,8816,6519,0.739450998185118,8659,6355,0.7339184663356045,0.5957754869792011,5.267884107990661
s5,297,baseline_3sigma,87503,67045,70038,51852,0.7403409577657842,8584,6354,0.7402143522833178,8881,6612,0.744510753293548,0.6099852523494631,5.346328660026772
s5,298,baseline_3sigma,87807,67294,70224,52060,0.7413419913419913,8725,6437,0.7377650429799427,8858,6562,0.7407992774892752,0.5948558760509697,5.4203587376054765
s5,299,baseline_3sigma,87112,66627,69780,51473,0.7376468902264259,8719,6502,0.7457277210689299,8613,6420,0.7453848833159178,0.5996966759723333,5.346916830668776
s5,300,baseline_3sigma,87530,66854,70134,51799,0.7385718766931874,8661,6401,0.7390601547165454,8735,6468,0.7404693760732685,0.5971825010790224,5.237764128770236
s5,301,baseline_3sigma,87648,67199,70118,51929,0.7405944265381215,8716,6412,0.7356585589720055,8814,6574,0.7458588609031087,0.6026651510935472,5.200935217222509
s5,302,baseline_3sigma,87601,67070,70229,52055,0.7412180153497843,8806,6514,0.7397229161935044,8566,6262,0.7310296521130049,0.6070900494069634,5.257506757669644
s5,303,baseline_3sigma,87386,66752,70092,51810,0.7391713747645952,8723,6422,0.736214605067064,8571,6300,0.7350367518375919,0.5963308915024866,5.281743581475991
s5,304,baseline_3sigma,87325,66749,69646,51541,0.7400425006461246,8702,6387,0.733969202482188,8977,6605,0.7357691879246965,0.6050589188405171,5.3686913795955045
s5,305,baseline_3sigma,87506,67006,70054,51846,0.7400862192023296,8842,6592,0.7455326849129156,8610,6361,0.7387921022067363,0.6001822431234978,5.354052276182678
s5,306,baseline_3sigma,87425,66979,70011,51933,0.741783434031795,8677,6406,0.738273596865276,8737,6436,0.7366372896875357,0.6056571604537904,5.241329843556385
s5,307,baseline_3sigma,86765,66421,69285,51257,0.7397993793750451,8734,6462,0.7398671857110144,8746,6481,0.7410244683283786,0.610572376968845,5.37169825963099
s5,308,baseline_3sigma,87178,66750,69753,51655,0.7405416254498014,8666,6414,0.7401338564504962,8759,6481,0.7399246489325265,0.5914116403699865,5.358592402378893
s5,309,baseline_3sigma,87531,67096,70144,52004,0.7413891423357665,8758,6456,0.7371546015071935,8629,6403,0.7420326804960019,0.5811213353973976,5.208274179485946
s5,310,baseline_3sigma,88031,67499,70477,52262,0.7415468876371014,8737,6523,0.7465949410552821,8817,6480,0.7349438584552569,0.6204289520312719,5.292628792789186
s5,311,baseline_3sigma,87768,67186,70260,52024,0.7404497580415599,8694,6497,0.7472969864274213,8814,6547,0.7427955525300658,0.5956039945378182,5.407752146293189
s5,312,baseline_3sigma,87447,67195,70109,52112,0.7432997190089717,8617,6398,0.7424857839155159,8721,6448,0.7393647517486527,0.6049088525795008,5.322926654663376
s5,313,baseline_3sigma,87538,67218,70068,52091,0.7434349489067763,8684,6375,0.7341087056655919,8786,6526,0.742772592761211,0.5976327734879832,5.320574658717185
s5,314,baseline_3sigma,87432,66743,70116,51819,0.7390467225740202,8640,6354,0.7354166666666667,8676,6399,0.7375518672199171,0.5980996771187005,5.315260182421497
s5,315,baseline_3sigma,87538,66889,70382,52031,0.7392657213492086,8614,6325,0.734269793359647,8542,6280,0.7351908218215875,0.6001285347020773,5.340432385465453
s5,316,baseline_3sigma,87503,66970,69997,51678,0.7382887838050202,8693,6499,0.7476130219717013,8813,6526,0.7404969930784069,0.6062135712460903,5.380243535649846
s5,317,baseline_3sigma,87517,66875,70230,51926,0.7393706393279226,8523,6266,0.7351871406781649,8764,6460,0.7371063441350981,0.6051857596157214,5.351323156710512
s5,318,baseline_3sigma,86961,66484,69575,51383,0.7385267696730148,8680,6477,0.7461981566820276,8706,6372,0.7319090282563749,0.602549792236254,5.355855257506548
s5,319,baseline_3sigma,86969,66222,69692,51240,0.7352350341502611,8703,6433,0.7391704010111456,8574,6272,0.7315138791695824,0.6164861322962846,5.3903836712707465
s5,320,baseline_3sigma,87077,66659,69581,51536,0.7406619623172993,8651,6384,0.7379493700150271,8845,6533,0.7386093838326738,0.5890076664572022,5.424890682226439
s5,321,baseline_3sigma,87994,67189,70283,51873,0.7380589900829504,8857,6587,0.7437055436378006,8854,6518,0.7361644454483849,0.6177495094184031,5.425459861728599
s5,322,baseline_3sigma,87394,66813,69869,51637,0.7390545163090927,8719,6464,0.7413694230989792,8806,6510,0.739268680445151,0.6099157317192095,5.219461308678707
s5,323,baseline_3sigma,88181,67638,70492,52331,0.742367928275549,8884,6564,0.7388563710040522,8805,6519,0.7403747870528109,0.6046062167835475,5.202619517579253
s5,324,baseline_3sigma,87373,67007,69773,51688,0.7408023160821521,8796,6524,0.7417007730786721,8804,6522,0.7407996365288505,0.6114224393989933,5.307629249424739
s5,325,baseline_3sigma,87611,67210,70044,51928,0.7413625720975386,8722,6468,0.7415730337078652,8845,6571,0.7429055963821368,0.6192163633002821,5.291760854156987
s5,326,baseline_3sigma,87446,66862,69909,51712,0.7397044729577021,8686,6419,0.739005295878425,8851,6543,0.7392385041238279,0.6121514866587703,5.417248968765475
s5,327,baseline_3sigma,87428,66816,69844,51564,0.7382738674760896,8695,6464,0.7434157561817136,8889,6575,0.7396782540218247,0.59509329239929,5.318906841288564
s5,328,baseline_3sigma,87434,67146,70054,51995,0.7422131498558255,8663,6373,0.7356573935126399,8717,6512,0.7470460020649305,0.6038785777286246,5.525505343504661
s5,329,baseline_3sigma,87700,67057,70159,51840,0.7388930857053265,8795,6484,0.7372370665150654,8746,6484,0.7413674822776126,0.5975225914198208,5.331716127666105
s5,330,baseline_3sigma,87431,66980,69820,51778,0.7415926668576339,8854,6529,0.7374068217754687,8757,6446,0.7360968368162613,0.603117712316939,5.265236776854105
s5,331,baseline_3sigma,87106,66497,69934,51597,0.7377956358852632,8451,6214,0.7352975979174062,8721,6469,0.7417727324848068,0.6088626201497124,5.363828421061718
s5,332,baseline_3sigma,87079,66558,69587,51409,0.7387730466897553,8815,6529,0.7406693136698809,8677,6363,0.7333179670392993,0.6180748336023125,5.377775376908147
s5,333,baseline_3sigma,87447,66594,69879,51449,0.7362583895018532,8771,6467,0.7373161555124843,8797,6452,0.733431851767648,0.5977173362730379,5.320902746080811
s5,334,baseline_3sigma,87373,66781,69887,51650,0.7390501810064819,8812,6541,0.7422832501134816,8674,6380,0.7355314733686881,0.5995754605254902,5.3662462985403865
s5,335,baseline_3sigma,87561,66800,70152,51751,0.7376981411791539,8594,6270,0.729578775890156,8815,6534,0.7412365286443562,0.6056779666076348,5.351791242347242
s5,336,baseline_3sigma,87264,66893,69779,51642,0.7400793935138079,8896,6637,0.7460656474820144,8589,6369,0.7415298637792526,0.6061783057572566,5.35609300891278
s5,337,baseline_3sigma,87318,67058,69705,51741,0.7422853453841188,8721,6470,0.7418873982341475,8892,6636,0.7462887989203779,0.606516264822777,5.420758096280152
s5,338,baseline_3sigma,87665,67115,69989,51860,0.740973581562817,8838,6561,0.7423625254582484,8838,6440,0.7286716451685902,0.5978935736965333,5.15313775044926
s5,339,baseline_3sigma,87470,66967,69930,51733,0.7397826397826398,8732,6505,0.7449610627576729,8808,6576,0.7465940054495913,0.5926602218594542,5.155728488535885
s5,340,baseline_3sigma,87498,67029,70170,52013,0.741242696308964,8727,6442,0.738168901111493,8601,6365,0.7400302290431345,0.5988450738030375,5.340859033436427
s5,341,baseline_3sigma,87596,67069,69979,51869,0.7412080767087269,8808,6494,0.7372842870118075,8809,6539,0.742309002156885,0.5899695772275955,5.4443728636669855
s5,342,baseline_3sigma,87625,66973,70239,51902,0.7389342103389854,8669,6380,0.7359557042334756,8717,6435,0.738212687851325,0.5976516918727055,5.290617758055143
s5,343,baseline_3sigma,87393,66801,69789,51549,0.7386407600051584,8778,6584,0.7500569605832764,8826,6477,0.7338545207341944,0.5878979833261246,5.293412889112134
s5,344,baseline_3sigma,88010,67251,70559,52063,0.7378647656571097,8737,6495,0.7433901796955477,8714,6495,0.7453523066330043,0.5942549511423929,5.271684776422884
s5,345,baseline_3sigma,86866,66540,69500,51383,0.7393237410071942,8679,6477,0.7462841341168337,8687,6503,0.7485898468976632,0.5857177346652469,5.270285537779951
s5,346,baseline_3sigma,87920,67405,70269,52051,0.7407391595155759,8908,6603,0.7412438257745847,8743,6464,0.7393343246025392,0.613304575994975,5.212613014973313
s5,347,baseline_3sigma,87402,66824,69736,51456,0.7378685327520936,8889,6633,0.7462031724603443,8777,6467,0.7368121225931412,0.593737605117048,5.257026135654676
s5,348,baseline_3sigma,88059,67369,70466,52120,0.7396474895694377,8688,6488,0.7467771639042358,8905,6535,0.73385738349242,0.6008764348244023,5.2116220307489565
s5,349,baseline_3sigma,87283,66938,69960,51886,0.7416523727844483,8562,6377,0.7448026162111656,8761,6405,0.7310809268348362,0.6022770528865593,5.275908819821872
s5,350,baseline_3sigma,87144,66723,69828,51614,0.7391590765881881,8532,6304,0.7388654477262072,8784,6529,0.743283242258652,0.5952126649680723,5.263253088791153
s5,351,baseline_3sigma,87321,66870,70097,51848,0.7396607558098064,8547,6328,0.7403767403767404,8677,6465,0.7450731819753371,0.5998094627276611,5.223255306550041
s5,352,baseline_3sigma,87723,66973,70212,51850,0.7384777530906398,8753,6413,0.73266308694162,8758,6500,0.74217857958438,0.5909254340062347,5.253094885586631
s5,353,baseline_3sigma,87105,66863,69491,51628,0.7429451295851262,8831,6533,0.7397803193296343,8783,6481,0.7379027667084139,0.6059021151290962,5.307856140087944
s5,354,baseline_3sigma,87889,67324,70371,52165,0.7412854727089284,8705,6444,0.7402642159678345,8813,6565,0.7449222739135368,0.5810096073212252,5.259904222515568
s5,355,baseline_3sigma,87409,66813,69894,51592,0.738146335880047,8822,6481,0.7346406710496486,8693,6472,0.7445070746577707,0.6035533234514209,5.341289475108488
s5,356,baseline_3sigma,87203,66915,69712,51739,0.7421821207252697,8676,6461,0.7446980175195943,8815,6493,0.7365853658536585,0.5935653062211788,5.34023153043707
s5,357,baseline_3sigma,87316,66859,69844,51710,0.7403642403069698,8746,6511,0.744454607820718,8726,6401,0.7335548934219573,0.5948299680028915,5.3403727727375525
s5,358,baseline_3sigma,87043,66762,69634,51594,0.740931154321165,8792,6585,0.7489763421292084,8617,6371,0.7393524428455379,0.5983261863187903,5.2792766582964
s5,359,baseline_3sigma,87109,66506,69689,51429,0.7379787340900286,8645,6447,0.745748987854251,8775,6529,0.7440455840455841,0.5848810587943203,5.298002023459021
s5,360,baseline_3sigma,87423,67021,69960,51896,0.7417953116066324,8718,6455,0.7404221151640284,8745,6520,0.7455688965122927,0.5888992159132279,5.165958363932328
s5,361,baseline_3sigma,87438,66923,70083,51836,0.7396372872165861,8685,6418,0.7389752446747265,8670,6455,0.7445213379469435,0.5803180063888813,5.27365784308522
s5,362,baseline_3sigma,87566,66953,70118,51802,0.7387831940443252,8644,6406,0.7410920869967608,8804,6528,0.7414811449341209,0.588673356377691,5.231566868220789
s5,363,baseline_3sigma,87335,67011,69722,51763,0.7424198961590316,8648,6360,0.7354301572617946,8965,6664,0.743335192414947,0.6059093561523994,5.291255570772738
s5,364,baseline_3sigma,86955,66486,69666,51548,0.7399305256509632,8669,6423,0.7409159072557389,8620,6381,0.7402552204176334,0.6012857841457631,5.215914312884676
s5,365,baseline_3sigma,86949,66538,69628,51544,0.7402769000976619,8530,6343,0.7436107854630715,8791,6507,0.7401888294847002,0.5874942086162284,5.199627135916874
s5,366,baseline_3sigma,87304,66502,69771,51471,0.7377133766177925,8691,6364,0.7322517546887585,8842,6472,0.7319610947749378,0.5938787513140884,5.354406100020907
s5,367,baseline_3sigma,87599,67095,70232,52034,0.7408873448000911,8677,6415,0.7393108217125735,8690,6452,0.7424626006904488,0.608803225627005,5.256170870259744
s5,368,baseline_3sigma,87333,66889,69829,51710,0.7405232782941185,8856,6495,0.7334010840108401,8648,6444,0.7451433857539316,0.5997491880150613,5.181360039089845
s5,369,baseline_3sigma,87710,67113,70174,51911,0.7397469148117536,8845,6556,0.7412097230073488,8691,6400,0.7363939707743643,0.6061843187767597,5.304150790484092
s5,370,baseline_3sigma,87418,66971,70027,51871,0.7407285761206391,8654,6381,0.7373468916108158,8737,6439,0.7369806569760787,0.5940843884619693,5.287141954799119
s5,371,baseline_3sigma,87855,67025,70389,51967,0.7382829703504808,8688,6366,0.7327348066298343,8778,6470,0.7370699475962634,0.5994353685340883,5.245659903766233
s5,372,baseline_3sigma,87117,66504,69719,51480,0.7383926906582137,8743,6468,0.7397918334667735,8655,6372,0.7362218370883882,0.6001313535388015,5.186564509503618
s5,373,baseline_3sigma,87431,66651,69817,51418,0.7364681954251829,8683,6432,0.740757802602787,8931,6524,0.7304893069085209,0.5943765556513252,5.292564093168647
s5,374,baseline_3sigma,87504,67059,70093,51928,0.7408443068494714,8709,6450,0.7406131588012401,8702,6413,0.7369570213743967,0.6100115997117215,5.236636419678822
s5,375,baseline_3sigma,87736,67100,70238,51991,0.7402118511347134,8739,6404,0.7328069573177709,8759,6504,0.7425505194656924,0.5982603812394524,5.250327814836698
s5,376,baseline_3sigma,87624,67119,69972,51875,0.7413679757617333,8867,6534,0.7368895906168941,8785,6475,0.7370517928286853,0.6023591209211283,5.2366747507603195
s5,377,baseline_3sigma,86956,66596,69586,51536,0.7406087431379875,8875,6527,0.7354366197183099,8495,6319,0.7438493231312536,0.5992693533185625,5.292364180217664
s5,378,baseline_3sigma,87528,66935,69930,51752,0.74005434005434,8740,6475,0.7408466819221968,8858,6626,0.748024384736961,0.5897949618573979,5.137738185312381
s5,379,baseline_3sigma,87230,66618,69883,51600,0.7383770015597498,8692,6407,0.7371145881270134,8655,6335,0.731946851530907,0.6118799569022225,5.233010457996323
s5,380,baseline_3sigma,86940,66702,69476,51564,0.7421843514307099,8745,6488,0.7419096626643796,8719,6430,0.7374698933363918,0.603077089663012,5.290197366355546
s5,381,baseline_3sigma,87182,66740,69793,51614,0.7395297522674193,8690,6493,0.7471806674338319,8699,6408,0.7366363949879297,0.6065423503717651,5.130042263772746
s5,382,baseline_3sigma,87049,66730,69757,51823,0.7429075218257666,8558,6354,0.7424631923346576,8734,6433,0.7365468284863751,0.5990909703148779,5.312122717588503
s5,383,baseline_3sigma,87327,66931,69932,51876,0.7418063261453984,8727,6455,0.7396585309957603,8668,6416,0.7401938163359483,0.5919924687434572,5.241704218371586
s5,384,baseline_3sigma,87112,66671,69745,51681,0.7409993547924583,8693,6453,0.742321408029449,8674,6414,0.7394512335715933,0.6044797948525363,5.207854989388004
s5,385,baseline_3sigma,87096,66583,69719,51467,0.7382062278575424,8647,6458,0.7468486180178097,8730,6431,0.7366552119129439,0.5987429589415816,5.27684910473611
s5,386,baseline_3sigma,88030,67410,70417,52163,0.7407728247440248,8720,6501,0.7455275229357798,8893,6497,0.730574609243225,0.5919983493680596,5.369440871376362
s5,387,baseline_3sigma,87121,66708,69938,51721,0.7395264377019646,8694,6459,0.7429261559696342,8489,6359,0.7490870538343739,0.5846317299071779,5.351534765896293
s5,388,baseline_3sigma,87781,67087,70311,52001,0.739585555602964,8747,6450,0.7373956785183492,8723,6478,0.7426344147655624,0.5864926241284024,5.328112200022568
s5,389,baseline_3sigma,87390,66970,70113,51994,0.7415743157474363,8512,6319,0.7423637218045113,8765,6509,0.7426126640045636,0.573976398660767,5.2649560645069675
s5,390,baseline_3sigma,87443,66898,70050,51784,0.739243397573162,8768,6518,0.7433850364963503,8625,6352,0.736463768115942,0.5941304943890094,5.367767660799047
s5,391,baseline_3sigma,87493,67019,69904,51764,0.7405012588693065,8835,6590,0.745897000565931,8754,6472,0.7393191683801691,0.595828652708009,5.215886557221849
s5,392,baseline_3sigma,87910,67448,70567,52291,0.7410120878030808,8673,6460,0.7448403090049579,8670,6456,0.744636678200692,0.5996612278153233,5.357532183074113
s5,393,baseline_3sigma,87535,67018,69963,51836,0.7409059074082015,8777,6541,0.7452432494018457,8795,6459,0.73439454235361,0.6045794821605688,5.225527202107338
s5,394,baseline_3sigma,87450,66778,70162,51882,0.739460106610416,8644,6319,0.7310273021749191,8644,6360,0.7357704766311892,0.590945140951037,5.309056388482239
s5,395,baseline_3sigma,87669,67279,70043,51992,0.7422868809160087,8792,6548,0.7447679708826206,8834,6552,0.7416798732171157,0.5914526796351253,5.195809996424562
s5,396,baseline_3sigma,87796,67267,70134,51877,0.7396840334217355,8825,6491,0.7355240793201133,8837,6624,0.7495756478442911,0.5906231050520234,5.335317140909691
s5,397,baseline_3sigma,87737,67242,70368,52257,0.7426244884038199,8626,6361,0.7374217482031069,8743,6453,0.738076175225895,0.5832597525816954,5.248893063762766
s5,398,baseline_3sigma,87526,66900,69868,51634,0.739022156065724,8927,6640,0.7438109107202868,8731,6486,0.7428702325048677,0.596985087697856,5.21273605988613
s5,399,baseline_3sigma,87194,66979,69762,51777,0.7421948912015137,8660,6504,0.7510392609699769,8772,6506,0.7416780665754674,0.5936801247769016,5.245482466771251
s5,400,baseline_3sigma,87520,67151,70036,52010,0.7426180821291907,8738,6495,0.7433051041428245,8746,6472,0.7399954264806768,0.5883424524363032,5.353072609809038
s5,401,baseline_3sigma,87458,66666,69965,51611,0.7376688344172087,8721,6418,0.7359247792684325,8772,6436,0.7336981304149567,0.5978103686249748,5.229875405954859
s5,402,baseline_3sigma,87984,67301,70417,52025,0.7388130707073576,8618,6395,0.7420515200742631,8949,6604,0.7379595485529109,0.5867997321488908,5.304645962764232
s5,403,baseline_3sigma,87460,66769,69924,51615,0.7381585721640639,8743,6452,0.7379617980098364,8793,6513,0.7407028317980211,0.5918404097956764,5.171440333886944
s5,404,baseline_3sigma,87348,66887,69832,51804,0.7418375529843052,8750,6453,0.7374857142857143,8766,6422,0.7326032397900981,0.6048078753172224,5.259905912001381
s5,405,baseline_3sigma,87097,66750,69703,51687,0.7415319283244624,8666,6372,0.7352873297945995,8728,6480,0.7424381301558204,0.6078577907708735,5.296438454030222
s5,406,baseline_3sigma,87924,67415,70299,52140,0.7416890709682926,8937,6615,0.7401812688821753,8688,6481,0.7459714548802947,0.590937535819119,5.227793425671541
s5,407,baseline_3sigma,87287,66718,69925,51725,0.7397211297819092,8773,6531,0.7444431779322923,8589,6305,0.7340784724647805,0.5912948627834864,5.178151511509259
s5,408,baseline_3sigma,87506,66884,69932,51818,0.7409769490362066,8712,6414,0.7362258953168044,8862,6478,0.7309862333559016,0.5954365984153916,5.253879954343268
s5,409,baseline_3sigma,87823,67169,70190,51970,0.7404188630859097,8820,6517,0.7388888888888889,8813,6522,0.7400431181209577,0.5973892800088764,5.332441421752176
s5,410,baseline_3sigma,87622,66951,70342,51920,0.7381081004236445,8637,6418,0.7430820886882019,8643,6411,0.7417563346060396,0.6073829057073012,5.26406979994802
s5,411,baseline_3sigma,86858,66321,69466,51290,0.7383468171479572,8744,6438,0.7362763037511436,8648,6420,0.742368177613321,0.5899162140877394,5.194576951416408
s5,412,baseline_3sigma,87788,67019,70048,51642,0.7372373229785291,8901,6610,0.7426131895292664,8839,6557,0.7418259984161104,0.6027061227320542,5.14813270689783
s5,413,baseline_3sigma,87256,66861,69634,51555,0.7403710830915932,8849,6530,0.73793648999887,8773,6557,0.747406816368403,0.6049061319999252,5.216268108578413
s5,414,baseline_3sigma,87478,67086,70093,51938,0.740986974448233,8683,6427,0.740181964758724,8702,6439,0.7399448402666053,0.6068749991213965,5.460693607413099
s5,415,baseline_3sigma,87405,66900,69928,51619,0.7381735499370782,8699,6510,0.7483618806759398,8778,6504,0.7409432672590567,0.5993170218829662,5.296974774866284
s5,416,baseline_3sigma,87762,67281,70243,52104,0.7417678629899065,8754,6401,0.7312085903586931,8765,6544,0.7466058185966914,0.5935658794216693,5.27553095336925
s5,417,baseline_3sigma,87305,66987,70004,51937,0.7419147477287013,8702,6484,0.7451160652723512,8599,6340,0.7372950343063147,0.5888769403489763,5.3745214898704
s5,418,baseline_3sigma,87350,66787,69711,51539,0.7393237796043666,8802,6510,0.7396046353101567,8837,6514,0.7371279846101618,0.5987282708625639,5.206223876103355
s5,419,baseline_3sigma,88114,67592,70500,52340,0.7424113475177305,8822,6517,0.7387213783722512,8792,6540,0.7438580527752502,0.5943631000389367,5.281906951623858
s5,420,baseline_3sigma,87074,66511,69668,51524,0.7395647930183155,8661,6380,0.7366354924373629,8745,6388,0.7304745568896512,0.6041096672135203,5.261686202496096
s5,421,baseline_3sigma,87572,66749,70148,51768,0.7379825511775104,8737,6460,0.7393842279958796,8687,6359,0.7320133532865201,0.5906962230202869,5.25840365277133
s5,422,baseline_3sigma,87718,67089,70108,51804,0.7389170993324585,8768,6536,0.7454379562043796,8842,6556,0.7414612078715223,0.5952278808751482,5.2194226586781935
s5,423,baseline_3sigma,87291,66850,69809,51631,0.739603776017419,8735,6452,0.7386376645678305,8747,6527,0.74619869669601,0.605532688155145,5.329729747107703
s5,424,baseline_3sigma,87678,67268,70211,52067,0.7415789548646223,8710,6482,0.7442020665901263,8757,6462,0.7379239465570401,0.5964880355124282,5.310370385573306
s5,425,baseline_3sigma,87018,66685,69398,51479,0.741793711634341,8806,6485,0.7364297070179423,8814,6586,0.7472203312911277,0.5975652465038742,5.303508028963945
s5,426,baseline_3sigma,87320,66885,69746,51668,0.7408023399191351,8710,6453,0.7408725602755454,8864,6582,0.7425541516245487,0.5946301762426941,5.286091056850042
s5,427,baseline_3sigma,87626,67075,70096,51935,0.7409124629080118,8697,6426,0.7388754743014833,8833,6523,0.7384806973848069,0.5941207660307769,5.231335868569825
s5,428,baseline_3sigma,87438,67177,69808,51845,0.7426799220719689,8770,6488,0.7397947548460662,8860,6671,0.7529345372460496,0.5926929485475085,5.2021154059975565
s5,429,baseline_3sigma,87630,66950,70040,51821,0.7398772130211307,8892,6584,0.7404408457040036,8698,6324,0.7270636928029433,0.5979819377649213,5.2888615488108455
s5,430,baseline_3sigma,87005,66379,69617,51400,0.7383254090236581,8696,6408,0.7368905243790248,8692,6382,0.7342383801196503,0.5896958761514163,5.318299604482032
s5,431,baseline_3sigma,87546,66914,69956,51684,0.7388072502715993,8886,6571,0.7394778302948458,8704,6452,0.7412683823529411,0.593283643391,5.247642266518065
s5,432,baseline_3sigma,87216,66774,69640,51432,0.7385410683515221,8860,6624,0.7476297968397291,8716,6495,0.7451812758145938,0.5986350457017713,5.281058959002113
s5,433,baseline_3sigma,87437,67004,69907,51905,0.7424864462786274,8826,6521,0.7388397915250396,8704,6424,0.7380514705882353,0.603328310164823,5.228331717338396
s5,434,baseline_3sigma,87682,67017,70136,51833,0.7390355880004562,8809,6596,0.7487796571688047,8737,6501,0.7440769142726337,0.5794163508037103,5.325305258769666
s5,435,baseline_3sigma,87712,67130,69946,51830,0.7410002001544048,8916,6604,0.74069089277703,8850,6522,0.7369491525423729,0.6050286343258051,5.292761695543855
s5,436,baseline_3sigma,87491,66881,69830,51662,0.7398252899899757,8942,6615,0.7397673898456721,8719,6417,0.7359788966624613,0.5973404352675087,5.275097274194163
s5,437,baseline_3sigma,87631,67097,70113,51928,0.7406329781923466,8779,6499,0.7402893268025971,8739,6455,0.7386428653163978,0.6031714652261458,5.309343454808684
s5,438,baseline_3sigma,87536,66772,69845,51456,0.7367170162502684,8774,6473,0.7377478914976066,8917,6607,0.7409442637658405,0.5954345986650686,5.4394546953151774
s5,439,baseline_3sigma,87273,66671,69706,51519,0.7390898918314062,8796,6533,0.7427239654388358,8771,6465,0.7370881313419222,0.5977358089874648,5.314710195975768
s5,440,baseline_3sigma,86940,66379,69517,51219,0.7367838082771121,8719,6502,0.7457277210689299,8704,6510,0.7479319852941176,0.6022396352504721,5.18887313853907
s5,441,baseline_3sigma,87901,67186,70244,51989,0.7401201526108991,8885,6552,0.7374226223972988,8772,6440,0.7341541267669859,0.5989877775719438,5.344258056618262
s5,442,baseline_3sigma,87525,67053,69954,51838,0.7410298195957343,8799,6487,0.737242868507785,8772,6519,0.7431600547195623,0.5996758820814954,5.2749085965629785
s5,443,baseline_3sigma,87537,67010,69944,51886,0.7418220290518128,8782,6438,0.7330904122067866,8811,6537,0.7419135171944161,0.5982330883283975,5.340717135017626
s5,444,baseline_3sigma,87468,66875,70072,51876,0.740324237926704,8750,6477,0.7402285714285715,8646,6369,0.7366412213740458,0.6034722983667126,5.218165068003367
s5,445,baseline_3sigma,87343,66849,69860,51697,0.740008588605783,8794,6538,0.7434614509893109,8689,6390,0.7354125906318334,0.608662986936478,5.403542555939668
s5,446,baseline_3sigma,87239,66738,69639,51516,0.7397578942833757,8733,6420,0.7351425626932325,8867,6591,0.7433179203789331,0.5959724238393569,5.18740456609402
s5,447,baseline_3sigma,87155,66935,69861,51983,0.7440918395098839,8715,6430,0.7378083763625932,8579,6385,0.7442592376733885,0.5930425681091562,5.390446209256637
s5,448,baseline_3sigma,87360,66787,69850,51647,0.7393987115246958,8729,6386,0.7315843739259938,8781,6535,0.7442204760277873,0.6070690914576611,5.320615000415626
s5,449,baseline_3sigma,87426,66772,69901,51633,0.7386589605298923,8861,6501,0.7336643719670466,8664,6403,0.7390350877192983,0.5962041293756482,5.266264744084832
s5,450,baseline_3sigma,87354,66833,69656,51515,0.7395629952911451,8891,6614,0.7438983241480148,8807,6549,0.7436130350857273,0.6048042822537522,5.247986326407297
s5,451,baseline_3sigma,87329,66796,69926,51766,0.7402968852787232,8783,6489,0.7388136172150745,8620,6399,0.7423433874709977,0.5955884378726088,5.2359291129719105
s5,452,baseline_3sigma,87340,66612,69941,51578,0.7374501365436582,8718,6460,0.7409956412021106,8681,6451,0.743117152401797,0.5872870903590368,5.360245350866419
s5,453,baseline_3sigma,87519,67126,69997,51908,0.7415746389130963,8766,6464,0.7373944786675792,8756,6477,0.7397213339424394,0.6085894186443996,5.349004938902949
s5,454,baseline_3sigma,87488,66867,70114,51839,0.7393530535984254,8644,6403,0.74074502545118,8730,6415,0.7348224513172967,0.594824893190412,5.32763159344908
s5,455,baseline_3sigma,87432,66643,69958,51603,0.7376282912604706,8675,6421,0.7401729106628242,8799,6416,0.7291737697465621,0.611713846720651,5.272488363116642
s5,456,baseline_3sigma,87475,66894,70019,51788,0.7396278153072737,8727,6471,0.7414919216225507,8729,6452,0.7391453774773743,0.5880337174570496,5.376299810566936
s5,457,baseline_3sigma,87804,66994,70265,51837,0.7377357147939941,8707,6391,0.7340071207074768,8832,6568,0.7436594202898551,0.6008013705187774,5.3373030739636755
s5,458,baseline_3sigma,87203,66882,69603,51612,0.7415197620792208,8765,6554,0.7477467199087279,8835,6592,0.7461233729485003,0.5942416846613849,5.342513889656236
s5,459,baseline_3sigma,87272,66917,69570,51722,0.7434526376311629,8794,6505,0.7397088924266545,8908,6597,0.7405702739110912,0.5875981955690756,5.276052824890066
s5,460,baseline_3sigma,87505,66812,69899,51587,0.7380220031760111,8738,6431,0.7359807736324102,8868,6636,0.7483085250338295,0.6092067256992069,5.1731857000692765
s5,461,baseline_3sigma,87382,66756,69995,51706,0.7387099078505608,8724,6446,0.738881247134342,8663,6423,0.7414290661433683,0.5986023506044416,5.254750034139319
s5,462,baseline_3sigma,87499,66690,70114,51714,0.7375702427475255,8600,6365,0.7401162790697674,8785,6464,0.7357996585088219,0.5865293819158992,5.314342539413764
s5,463,baseline_3sigma,86894,66565,69394,51303,0.7393002276853907,8804,6539,0.7427305770104498,8696,6501,0.7475850965961361,0.5941434687500897,5.29685932538225
s5,464,baseline_3sigma,87231,66855,69640,51711,0.7425473865594486,8841,6508,0.7361158240018097,8750,6462,0.7385142857142857,0.5927215727741159,5.28767257030814
s5,465,baseline_3sigma,87884,67176,70282,51920,0.7387382260038132,8903,6599,0.7412108278108502,8699,6444,0.740774801701345,0.5946436906276928,5.200339316184844
s5,466,baseline_3sigma,87143,66811,69881,51862,0.7421473648058843,8645,6363,0.7360323886639676,8617,6379,0.7402808401996054,0.6009979779502715,5.258975641047578
s5,467,baseline_3sigma,87637,67254,70014,52006,0.7427942982832005,8861,6548,0.7389685137117706,8762,6508,0.742752796165259,0.5895724985911366,5.2710042860772015
s5,468,baseline_3sigma,87384,66959,69735,51609,0.7400731340073134,8974,6734,0.750390015600624,8675,6400,0.7377521613832853,0.5956167314169515,5.34787717534649
s5,469,baseline_3sigma,87367,67177,69901,51990,0.7437661836025236,8699,6460,0.742614093573974,8767,6515,0.7431276377324056,0.5902810905077852,5.265695502039619
s5,470,baseline_3sigma,87192,66721,69854,51757,0.7409310848340825,8661,6365,0.7349035908093754,8677,6430,0.7410395297914025,0.6009033897218222,5.216922976189233
s5,471,baseline_3sigma,88172,67351,70527,52189,0.739986104612418,8797,6491,0.7378651813118109,8848,6523,0.7372287522603979,0.5947842828823162,5.243210081161861
s5,472,baseline_3sigma,87050,66686,69623,51602,0.7411631213823018,8755,6518,0.7444888635065676,8672,6379,0.7355857933579336,0.601414096281393,5.324671739784868
s5,473,baseline_3sigma,87852,67046,70355,52094,0.7404448866462938,8759,6393,0.7298778399360658,8738,6377,0.7298008697642481,0.5965660466903403,5.307429533111789
s5,474,baseline_3sigma,88171,67733,70490,52304,0.7420059582919563,8966,6694,0.7465982600936872,8715,6521,0.7482501434308664,0.5997119955931415,5.25261757440012
s5,475,baseline_3sigma,87288,66693,69650,51464,0.738894472361809,8926,6579,0.7370602733587273,8712,6427,0.7377180899908172,0.5879298490656923,5.3894269621697735
s5,476,baseline_3sigma,86960,66483,69596,51537,0.7405166963618599,8659,6352,0.7335720060053124,8705,6430,0.7386559448592763,0.5848182432603904,5.2546217431720645
s5,477,baseline_3sigma,87228,66724,69848,51632,0.7392051311419081,8663,6410,0.739928431259379,8717,6504,0.7461282551336469,0.6005154608830632,5.167309633768618
s5,478,baseline_3sigma,87668,67288,70183,52065,0.7418463160594446,8768,6496,0.7408759124087592,8717,6485,0.7439486061718481,0.6023172185603969,5.251714868426117
s5,479,baseline_3sigma,87575,66881,70083,51858,0.7399512007191473,8811,6471,0.7344228804902962,8681,6410,0.738394194217256,0.5828838780555479,5.222549552412645
s5,480,baseline_3sigma,87595,67202,70122,52022,0.7418784404323893,8851,6615,0.7473731781719579,8622,6363,0.7379958246346555,0.5968319127095908,5.3011001014563215
s5,481,baseline_3sigma,87749,67181,70198,51855,0.7386962591526824,8799,6524,0.741447891805887,8752,6573,0.7510283363802559,0.5956820810672514,5.278617025645146
s5,482,baseline_3sigma,87181,66717,69758,51548,0.7389546718655925,8724,6458,0.740256762952774,8699,6440,0.7403149787331877,0.602519899137818,5.403847622768244
s5,483,baseline_3sigma,87368,66832,69757,51555,0.7390656134868185,8840,6559,0.7419683257918552,8771,6530,0.7444989168851899,0.5863659862448555,5.203679206394055
s5,484,baseline_3sigma,87909,67308,70479,52179,0.7403481888222023,8838,6556,0.741796786603304,8592,6334,0.7371973929236499,0.592899723550693,5.364665883397127
s5,485,baseline_3sigma,88073,67473,70456,52217,0.7411292153968434,8833,6500,0.7358768255405864,8784,6553,0.7460154826958105,0.6088321147119665,5.177955039171189
s5,486,baseline_3sigma,87809,67278,70353,52105,0.7406222904495899,8718,6511,0.7468456067905483,8738,6452,0.7383840695811399,0.588898086347647,5.321477666444768
s5,487,baseline_3sigma,87626,67100,69946,51898,0.741972378692134,8826,6456,0.7314751869476547,8854,6531,0.7376327083803931,0.596483116067386,5.312052103636257
s5,488,baseline_3sigma,87699,67150,70047,51787,0.7393178865618799,8923,6681,0.7487392132690799,8729,6451,0.7390308168175048,0.5953689101211017,5.194987249442839
s5,489,baseline_3sigma,87345,66723,69901,51648,0.7388735497346247,8723,6400,0.7336925369712255,8721,6452,0.7398234147460153,0.5955334247979878,5.3003315832433
s5,490,baseline_3sigma,87552,67076,70101,52003,0.7418296457967789,8807,6480,0.7357783581242193,8644,6416,0.7422489588153632,0.6081402370689347,5.276305428079047
s5,491,baseline_3sigma,87405,66884,69933,51803,0.7407518624969613,8639,6381,0.7386271559208242,8833,6539,0.7402920864938299,0.6014930247036563,5.171978791401817
s5,492,baseline_3sigma,87208,66693,69679,51571,0.7401225620344724,8771,6487,0.7395963972181051,8758,6506,0.7428636675039963,0.6088499423236567,5.110552013380646
s5,493,baseline_3sigma,87533,67053,69922,51689,0.7392380080661308,8751,6530,0.7462004342360873,8860,6620,0.7471783295711061,0.5961980797821623,5.430661916887131
s5,494,baseline_3sigma,87766,67058,70413,52024,0.7388408390496073,8635,6373,0.7380428488708743,8718,6448,0.7396191787107135,0.600115346712517,5.312360871297859
s5,495,baseline_3sigma,87129,66919,69770,51776,0.7420954564999284,8745,6532,0.7469411092052601,8614,6395,0.7423960993731136,0.600414487210577,5.202263636877384
s5,496,baseline_3sigma,87203,66829,69999,51915,0.7416534521921742,8507,6314,0.7422122957564359,8697,6413,0.7373807059905715,0.6002864739146523,5.353791590053477
s5,497,baseline_3sigma,87400,66766,70122,51703,0.7373292262057557,8530,6336,0.7427901524032825,8748,6495,0.7424554183813443,0.6159388814706324,5.255447680212164
s5,498,baseline_3sigma,87398,66644,70213,51864,0.7386666286869953,8575,6217,0.7250145772594753,8610,6344,0.7368176538908247,0.6101199835118307,5.308456255302059
s5,499,baseline_3sigma,86982,66597,69604,51494,0.7398138038043791,8715,6467,0.7420539300057373,8663,6466,0.7463927046057948,0.5986960278320755,5.313653612739106
s5,500,baseline_3sigma,87672,67123,70145,51951,0.7406229952241785,8798,6497,0.738463287110707,8729,6452,0.7391453774773743,0.60650532671369,5.240779483889608
s5,501,baseline_3sigma,87510,66805,70022,51730,0.7387678158293108,8759,6484,0.7402671537846787,8729,6431,0.7367396036201168,0.596079713452016,5.29047665395674
s5,502,baseline_3sigma,87810,67378,70144,52004,0.7413891423357665,8769,6547,0.7466073668605314,8897,6646,0.746993368551197,0.5908659943589496,5.275242899148554
s5,503,baseline_3sigma,87623,67141,70011,51884,0.741083544014512,8761,6481,0.7397557356466157,8851,6527,0.7374307987797989,0.6067946673570739,5.312893802624179
s5,504,baseline_3sigma,87551,67180,70141,52081,0.7425186410230821,8774,6473,0.7377478914976066,8636,6408,0.7420101899027327,0.6009329303859473,5.313561429338283
s5,505,baseline_3sigma,87806,67216,70121,51981,0.7413043168237761,8868,6492,0.7320703653585927,8817,6537,0.7414086423953726,0.6009728453746574,5.302742044928386
s5,506,baseline_3sigma,87539,67104,69865,51748,0.7406856079582051,8866,6601,0.7445296638845026,8808,6553,0.7439827429609446,0.6065508854059976,5.293453168745483
s5,507,baseline_3sigma,87868,67420,70250,52243,0.7436725978647687,8760,6500,0.7420091324200914,8858,6582,0.743057123504177,0.61007140838363,5.24753617336608
s5,508,baseline_3sigma,87473,66962,69711,51694,0.7415472450545825,8894,6563,0.7379131999100517,8868,6525,0.7357916102841678,0.6151148217807019,5.40180622979829
s5,509,baseline_3sigma,87577,66842,70017,51661,0.7378350971906823,8789,6475,0.7367163499829332,8771,6533,0.7448409531410329,0.5959106490885662,5.405651039913731
s5,510,baseline_3sigma,87056,66475,69492,51324,0.7385598342255224,8881,6595,0.7425965544420673,8683,6365,0.7330415754923414,0.6127998119575181,5.221700371046597
s5,511,baseline_3sigma,87883,67157,70322,51997,0.7394129859787834,8679,6402,0.7376425855513308,8882,6570,0.7396982661562711,0.6017806460549943,5.293213521089435
s5,512,baseline_3sigma,87691,67021,70034,51742,0.7388125767484365,8672,6459,0.7448108856088561,8985,6620,0.7367835281023929,0.615788867668998,5.249497369817063
s5,513,baseline_3sigma,87687,67249,70102,51919,0.7406208096773274,8873,6547,0.7378564183477967,8712,6475,0.7432277318640955,0.6138322688847135,5.154714624084883
s5,514,baseline_3sigma,87819,67359,70118,52063,0.7425054907441742,8898,6603,0.7420768712070128,8803,6476,0.7356582983073952,0.6122220153832326,5.365258341404912
s5,515,baseline_3sigma,87287,66979,69850,51845,0.7422333571939871,8583,6357,0.740650122334848,8854,6529,0.7374068217754687,0.6166643859785605,5.26134232451599
s5,516,baseline_3sigma,87759,66927,70265,51765,0.736711022557461,8718,6539,0.7500573526038082,8776,6458,0.7358705560619873,0.6051212203491826,5.301360765444477
s5,517,baseline_3sigma,87471,67073,69990,51938,0.7420774396342334,8732,6462,0.7400366468163079,8749,6521,0.7453423248371243,0.6081737985404263,5.265412634173306
s5,518,baseline_3sigma,87503,67134,70141,51988,0.7411927403373205,8753,6518,0.7446589740660345,8609,6407,0.744221163898246,0.6029835981835292,5.401548678042487
s5,519,baseline_3sigma,87235,66805,70054,51960,0.7417135352727896,8567,6371,0.7436675615734797,8614,6346,0.736707685163687,0.6112999118275336,5.216393208941593
s5,520,baseline_3sigma,87347,66944,69868,51804,0.7414553157382493,8783,6484,0.7382443356484117,8696,6507,0.7482750689972401,0.6103026940028401,5.30168724117511
s5,521,baseline_3sigma,87521,66882,69935,51664,0.738743118610138,8801,6499,0.7384388137711624,8785,6497,0.739556061468412,0.6039907947547749,5.270531732730812
s5,522,baseline_3sigma,87197,66545,69688,51514,0.7392090460337505,8812,6485,0.7359282796187018,8697,6394,0.735196044613085,0.6094044446766594,5.378598317760045
s5,523,baseline_3sigma,87030,66473,69424,51272,0.7385342244756856,8665,6373,0.7354875937680323,8941,6622,0.7406330388099766,0.6115091511182097,5.27377652540617
s5,524,baseline_3sigma,87174,66548,69574,51314,0.7375456348635985,8750,6464,0.7387428571428571,8850,6568,0.7421468926553673,0.6102260689137071,5.331879100762643
s5,525,baseline_3sigma,87890,67332,70297,51973,0.7393345377469878,8776,6442,0.7340474020054695,8817,6638,0.7528637858682091,0.621124914742444,5.326267739470296
s5,526,baseline_3sigma,87210,66799,69849,51768,0.7411416054632135,8663,6394,0.7380814960175459,8698,6428,0.7390204644745919,0.620726797944499,5.2219432907839565
s5,527,baseline_3sigma,87286,66968,69758,51719,0.7414060036124889,8783,6524,0.7427985881817146,8745,6472,0.7400800457404231,0.6307537274229429,5.304906688977354
s5,528,baseline_3sigma,87148,66579,69554,51409,0.7391235586738362,8739,6446,0.737612999198993,8855,6521,0.7364201016374929,0.6303577296700047,5.231699180339305
s5,529,baseline_3sigma,87486,67012,69919,51795,0.740785766386819,8849,6517,0.7364673974460391,8718,6491,0.7445515026382198,0.6271731126752602,5.153091091554855
s5,530,baseline_3sigma,87455,67213,69995,52056,0.7437102650189299,8859,6569,0.7415058132972119,8601,6329,0.7358446692245088,0.62882189706952,5.36658888202042
s5,531,baseline_3sigma,87754,66877,70091,51646,0.7368421052631579,8863,6459,0.7287600135394336,8800,6522,0.7411363636363636,0.6268209655324678,5.147519718217168
s5,532,baseline_3sigma,87199,66746,69748,51659,0.7406520617078626,8785,6421,0.7309049516220831,8666,6414,0.7401338564504962,0.6429241611091494,5.241174595363558
s5,533,baseline_3sigma,87145,66725,69801,51676,0.7403332330482372,8669,6385,0.736532472026762,8675,6422,0.7402881844380403,0.6334740403918901,5.292886618178112
s5,534,baseline_3sigma,87881,67114,70393,52101,0.740144616652224,8720,6361,0.7294724770642201,8768,6448,0.7354014598540146,0.6285585382633752,5.337830076247829
s5,535,baseline_3sigma,87512,66847,70032,51709,0.7383624628741147,8649,6432,0.7436697884148457,8831,6480,0.7337787340052089,0.6317675085012915,5.4353423321846766
s5,536,baseline_3sigma,87574,66937,70040,51704,0.7382067390062821,8759,6542,0.7468889142596187,8775,6469,0.7372079772079773,0.6245751261285928,5.2630886550117895
s5,537,baseline_3sigma,87291,66813,69998,51911,0.7416069030543729,8712,6422,0.7371441689623508,8581,6334,0.7381424076447967,0.6319647791502655,5.316447365825071
s5,538,baseline_3sigma,87503,67078,70003,51896,0.7413396568718483,8742,6462,0.7391901166781057,8758,6513,0.7436629367435488,0.6287430878913307,5.315493542821453
s5,539,baseline_3sigma,87092,66653,69557,51407,0.7390629268082293,8743,6475,0.7405924739791834,8792,6535,0.7432893539581438,0.6333320616707386,5.216275680366984
s5,540,baseline_3sigma,87014,66377,69662,51357,0.7372312020900922,8707,6442,0.7398644768577007,8645,6421,0.7427414690572586,0.6108803944438302,5.225501203180317
s5,541,baseline_3sigma,87538,66974,70040,51859,0.7404197601370646,8780,6456,0.7353075170842824,8718,6463,0.7413397568249599,0.6304201250513499,5.245491218575936
s5,542,baseline_3sigma,87190,66818,69704,51664,0.7411913233099966,8734,6430,0.7362033432562399,8752,6457,0.7377742230347349,0.6409303238214012,5.211579819504544
s5,543,baseline_3sigma,87511,67128,69992,51875,0.7411561321293862,8796,6545,0.7440882219190541,8723,6504,0.7456150406970079,0.6303739624109418,5.264224321834487
s5,544,baseline_3sigma,87568,66849,70325,51978,0.7391112691077142,8569,6298,0.7349749095577081,8674,6429,0.7411805395434632,0.6441191291647863,5.242606709079869
s5,545,baseline_3sigma,87349,66872,69842,51737,0.7407720282924315,8802,6532,0.7421040672574415,8705,6365,0.7311889718552556,0.6468349777226716,5.272076760310781
s5,546,baseline_3sigma,86949,66497,69719,51472,0.738277944319339,8601,6384,0.7422392745029648,8629,6417,0.7436551164677251,0.6483671142769045,5.233897362172673
s5,547,baseline_3sigma,87309,66795,69930,51796,0.7406835406835407,8619,6377,0.7398770158951155,8760,6405,0.7311643835616438,0.6485722765163832,5.324825735650478
s5,548,baseline_3sigma,86553,66204,69358,51264,0.7391216586406759,8635,6353,0.7357266936884771,8560,6394,0.7469626168224299,0.6299878996420794,5.183591745106264
s5,549,baseline_3sigma,87640,67205,70260,52113,0.7417164816396242,8672,6467,0.7457333948339483,8708,6482,0.7443729903536977,0.6322128132500422,5.130303093355094
s5,550,baseline_3sigma,87821,67308,70416,52229,0.7417206316746194,8772,6519,0.7431600547195623,8633,6352,0.7357813042974632,0.6322445683820184,5.216228438399657
s5,551,baseline_3sigma,87662,67208,70216,52064,0.7414834225817477,8783,6545,0.7451895707616988,8663,6417,0.7407364654276809,0.6307007371704065,5.319337826525203
s5,552,baseline_3sigma,88120,67601,70420,52165,0.7407696677080375,8801,6545,0.7436654925576639,8899,6648,0.7470502303629621,0.6380834606479158,5.211340673243284
s5,553,baseline_3sigma,87582,66957,70275,51884,0.7382995375311278,8685,6428,0.7401266551525619,8622,6408,0.7432150313152401,0.6220184351114203,5.182075359919317
s5,554,baseline_3sigma,86995,66574,69365,51336,0.7400850573055575,8834,6495,0.735227529997736,8796,6499,0.7388585720782174,0.6416153388319727,5.227662882007452
s5,555,baseline_3sigma,87938,67201,70150,51965,0.7407697790449038,8922,6524,0.7312261824702981,8866,6524,0.7358448003609294,0.6374436434342842,5.202306594468924
s5,556,baseline_3sigma,87420,66886,69964,51754,0.739723286261506,8650,6381,0.7376878612716763,8806,6494,0.7374517374517374,0.6243636445370849,5.289464786313136
s5,557,baseline_3sigma,87433,66998,69859,51717,0.7403054724516526,8776,6542,0.7454421148587056,8798,6540,0.7433507615367129,0.6314230458962657,5.26700430047258
s5,558,baseline_3sigma,86926,66350,69592,51388,0.738418208989539,8451,6201,0.7337593184238551,8883,6492,0.7308341776426883,0.6182859351757074,5.319872489112327
s5,559,baseline_3sigma,87142,66723,69868,51712,0.7401385469742944,8642,6465,0.7480907197408008,8632,6385,0.7396895273401297,0.6147374162615779,5.348386227308639
s5,560,baseline_3sigma,87749,67153,70335,51996,0.7392621027937727,8777,6524,0.743306368918765,8637,6394,0.740303346069237,0.6210168301483553,5.333651525390276
s5,561,baseline_3sigma,87574,66915,69899,51665,0.7391378989685117,8843,6500,0.7350446680990614,8832,6472,0.7327898550724637,0.6380325522371496,5.205165090951456
s5,562,baseline_3sigma,87168,66681,69618,51585,0.7409721623718004,8728,6386,0.7316681943171403,8822,6513,0.7382679664475176,0.6083905416680474,5.367017613026596
s5,563,baseline_3sigma,87581,67260,69943,51817,0.7408461175528644,8799,6621,0.7524718718036141,8839,6588,0.7453331824867067,0.6246587745057604,5.283021625235215
s5,564,baseline_3sigma,87597,67112,69803,51725,0.7410139965331003,9002,6668,0.7407242834925573,8792,6468,0.7356687898089171,0.6134029678758481,5.25982891935012
s5,565,baseline_3sigma,87560,67096,70000,51889,0.7412714285714286,8841,6566,0.7426761678543151,8719,6414,0.7356348205069388,0.6270249768186532,5.335402172038361
s5,566,baseline_3sigma,87267,66617,69894,51600,0.7382607949180187,8716,6453,0.7403625516291877,8657,6353,0.7338569943398406,0.6224704554797336,5.398615412759339
s5,567,baseline_3sigma,87335,66739,69698,51507,0.7390025538752906,8808,6531,0.7414850136239782,8829,6513,0.7376826367652056,0.6246570236669279,5.408761763568523
s5,568,baseline_3sigma,87813,67287,70255,52055,0.7409437050743719,8812,6461,0.7332047208352247,8746,6538,0.7475417333638235,0.6174331514432676,5.395514543758369
s5,569,baseline_3sigma,87481,67019,69965,51801,0.7403844779532623,8740,6474,0.7407322654462243,8776,6526,0.7436189608021878,0.6279987668617272,5.37283834449191
s5,570,baseline_3sigma,87373,66894,69973,51848,0.7409715175853544,8635,6372,0.7379270411117544,8765,6422,0.732686822589846,0.6227786447064849,5.406713551183489
s5,571,baseline_3sigma,87252,66800,69786,51736,0.7413521336657782,8627,6342,0.7351338819983771,8839,6572,0.7435230229663989,0.6203677070920401,5.285757669834832
s5,572,baseline_3sigma,87635,67199,69829,51750,0.7410961062022942,8844,6547,0.7402758932609679,8962,6673,0.7445882615487615,0.6176992991803795,5.361882700837593
s5,573,baseline_3sigma,87475,66996,70019,51853,0.7405561347634213,8772,6453,0.7356361149110807,8684,6484,0.7466605251036389,0.6055014800745854,5.306862664010699
s5,574,baseline_3sigma,86831,66387,69501,51424,0.7399030229780866,8675,6386,0.7361383285302594,8655,6309,0.7289428076256499,0.6154813964096825,5.383735772793456
s5,575,baseline_3sigma,87513,67000,69949,51786,0.7403393901270926,8780,6535,0.7443052391799544,8784,6487,0.7385018214936248,0.6022437680551491,5.2484150107297705
s5,576,baseline_3sigma,87332,66903,69995,51875,0.7411243660261447,8594,6321,0.7355131487084012,8743,6430,0.7354454992565481,0.6163918317471654,5.283175371319491
s5,577,baseline_3sigma,87242,66797,69655,51692,0.7421147082047233,8743,6443,0.7369324030653094,8844,6537,0.739145183175034,0.6104795633647313,5.255429916278814
s5,578,baseline_3sigma,87559,66916,70047,51854,0.7402743871971676,8791,6522,0.7418951200091002,8721,6436,0.7379887627565647,0.6054829769307875,5.344203045844327
s5,579,baseline_3sigma,87002,66764,69254,51394,0.7421087590608485,8903,6633,0.7450297652476693,8845,6515,0.7365743357829282,0.6089501471442209,5.367101883366978
s5,580,baseline_3sigma,87667,67126,70093,51918,0.7407016392507098,8824,6516,0.7384406165004533,8750,6529,0.7461714285714286,0.6176154106532319,5.222734803755544
s5,581,baseline_3sigma,87185,66722,69969,51750,0.7396132572996613,8638,6323,0.7319981477193794,8578,6376,0.7432968057822337,0.6114563353889868,5.417543556062379
s5,582,baseline_3sigma,87435,66950,69950,51867,0.7414867762687634,8786,6465,0.7358297291145003,8699,6467,0.7434187837682492,0.6213062084664349,5.239804741250833
s5,583,baseline_3sigma,87566,67022,70192,51906,0.7394859813084113,8697,6478,0.7448545475451305,8677,6402,0.737812608044255,0.6023499391127901,5.225634030504868
s5,584,baseline_3sigma,86972,66696,69430,51480,0.7414662249747948,8853,6580,0.7432508754094658,8689,6428,0.7397859362412246,0.5909187202035626,5.287106666875563
s5,585,baseline_3sigma,87452,66901,69890,51631,0.738746601802833,8809,6525,0.7407197184697468,8753,6537,0.7468296584028333,0.6123805958496151,5.448311136481534
s5,586,baseline_3sigma,87559,67066,70275,52124,0.7417146922803273,8731,6407,0.7338220135150613,8553,6340,0.7412603764760902,0.6078895650822621,5.221163090351156
s5,587,baseline_3sigma,87520,66856,70255,51968,0.739705359049178,8706,6355,0.72995635194119,8559,6287,0.7345484285547377,0.5978742339145698,5.319437083356144
s5,588,baseline_3sigma,87620,66900,70127,51911,0.7402427025254181,8754,6470,0.7390907013936486,8739,6399,0.7322348094747683,0.6140194999717254,5.21164547322743
s5,589,baseline_3sigma,87523,66994,69878,51714,0.7400612496064569,8804,6508,0.7392094502498864,8841,6579,0.7441465897522904,0.5980582954552995,5.403696555916665
s5,590,baseline_3sigma,87389,66737,70099,51663,0.7370005278249333,8406,6192,0.7366167023554604,8884,6628,0.7460603331832508,0.6167766316444938,5.347581991648984
s5,591,baseline_3sigma,87701,67365,70072,52074,0.7431499029569586,8951,6687,0.747067366774662,8678,6391,0.736460013828071,0.6102256653521342,5.318642840649419
s5,592,baseline_3sigma,87377,66517,69880,51432,0.7360045792787636,8807,6461,0.7336209833087317,8690,6433,0.7402761795166859,0.6000838829760797,5.3016229488667355
s5,593,baseline_3sigma,87354,66965,69805,51757,0.7414511854451686,8771,6549,0.7466651465055296,8778,6501,0.7406015037593985,0.59816536308035,5.322817220255606
s5,594,baseline_3sigma,87405,66955,70000,51860,0.7408571428571429,8693,6467,0.743931899229265,8712,6473,0.7429981634527089,0.6143870650718387,5.3200636777301735
s5,595,baseline_3sigma,87492,67198,70130,52052,0.7422215884785398,8578,6441,0.7508743296805782,8784,6510,0.7411202185792349,0.6087091809634575,5.260046599103208
s5,596,baseline_3sigma,87579,66976,70057,51753,0.7387270365559473,8828,6556,0.7426370638876303,8694,6489,0.7463768115942029,0.6094508891297472,5.208022101800989
s5,597,baseline_3sigma,87319,66930,70012,51922,0.741615723018911,8692,6497,0.7474689369535205,8615,6397,0.7425420777713291,0.5908948065216095,5.337307992081076
s5,598,baseline_3sigma,87786,67213,70140,51985,0.7411605360707157,8840,6495,0.7347285067873304,8806,6553,0.74415171473995,0.6042162666420902,5.297776149291707
s5,599,baseline_3sigma,87055,66709,69521,51571,0.7418046345708491,8676,6463,0.7449285384970032,8858,6488,0.7324452472341386,0.5842918681865938,5.221291740592205
s5,600,baseline_3sigma,87333,66917,69863,51866,0.7423958318423199,8803,6491,0.7373622628649324,8667,6399,0.7383177570093458,0.6048348449103383,5.295422466615122
s5,601,baseline_3sigma,87936,67202,70413,52078,0.739607742888387,8840,6565,0.7426470588235294,8683,6444,0.7421398134285385,0.5854949331243355,5.257143049173721
s5,602,baseline_3sigma,87413,66954,69856,51741,0.740680829134219,8709,6404,0.7353312665059134,8848,6568,0.7423146473779385,0.6078333555660304,5.310641708066222
s5,603,baseline_3sigma,87420,67077,70015,52027,0.7430836249375133,8609,6350,0.7376001858520154,8796,6459,0.7343110504774898,0.6085329304025063,5.2336004469503825
s5,604,baseline_3sigma,87071,66551,69681,51486,0.7388814741464674,8658,6452,0.7452067452067452,8732,6446,0.7382043060009161,0.5932563510420665,5.317453729959899
s5,605,baseline_3sigma,87597,67025,70424,52055,0.7391656253549926,8479,6293,0.7421865786059677,8694,6460,0.7430411778237865,0.6048519339408904,5.336587319882299
s5,606,baseline_3sigma,87745,67093,70418,52085,0.739654633758414,8651,6480,0.7490463530227719,8676,6358,0.7328261871830336,0.6015126337514176,5.269212390443723
s5,607,baseline_3sigma,87558,67032,70103,51861,0.7397828908891203,8694,6459,0.7429261559696342,8761,6469,0.7383860289921241,0.6096427765327461,5.344321002967663
s5,608,baseline_3sigma,87263,66847,69741,51675,0.7409558222566353,8768,6471,0.7380246350364964,8754,6482,0.7404615033127713,0.6132867411704084,5.459207837944029
s5,609,baseline_3sigma,87105,66712,69737,51609,0.7400519093164317,8678,6410,0.7386494584005531,8690,6435,0.740506329113924,0.6143068187374269,5.379732565267516
s5,610,baseline_3sigma,87510,67038,70012,51913,0.7414871736273781,8593,6403,0.7451413941580356,8905,6504,0.7303761931499158,0.6108189357441403,5.273204857222681
s5,611,baseline_3sigma,87312,66792,69944,51689,0.7390054901063708,8758,6471,0.7388673213062343,8610,6363,0.7390243902439024,0.6077689224438738,5.395388456773357
s5,612,baseline_3sigma,87956,67455,70414,52217,0.7415712784389468,8718,6468,0.741913282863042,8824,6565,0.7439936536718041,0.5941619374017917,5.248158650366535
s5,613,baseline_3sigma,87421,66995,70008,51855,0.7407010627356874,8581,6367,0.7419881132735112,8832,6573,0.7442255434782609,0.6062702471123153,5.2820660094689975
s5,614,baseline_3sigma,88065,67275,70381,51899,0.7374007189440331,8897,6612,0.7431718556816904,8787,6542,0.7445089336519859,0.6011863255557863,5.254594442204557
s5,615,baseline_3sigma,87299,66937,69631,51704,0.7425428329336071,8758,6468,0.7385247773464261,8910,6581,0.7386083052749719,0.6046250381820436,5.26056984960328
s5,616,baseline_3sigma,87320,66851,69755,51612,0.7399039495376676,8740,6486,0.7421052631578947,8825,6596,0.7474220963172804,0.6013370352643228,5.332068551801692
s5,617,baseline_3sigma,87337,66899,69704,51749,0.7424107655227821,8821,6530,0.7402788799455844,8812,6486,0.73604176123468,0.602471582004473,5.248785986398202
s5,618,baseline_3sigma,86809,66532,69378,51429,0.7412868632707775,8662,6450,0.7446317247748788,8769,6474,0.7382825863838522,0.6026928610721514,5.35017660477577
s5,619,baseline_3sigma,87286,66639,69991,51619,0.7375091083139261,8559,6378,0.7451805117420259,8736,6481,0.7418727106227107,0.6058009049020402,5.253856652119282
s5,620,baseline_3sigma,86701,66559,69409,51614,0.743621144232016,8655,6382,0.7373772385904102,8637,6346,0.7347458608313072,0.6019636246517812,5.470608192784468
s5,621,baseline_3sigma,87758,67266,70442,52213,0.7412197268674938,8727,6520,0.7471066804170964,8589,6363,0.7408312958435208,0.606091146975061,5.308623810112952
s5,622,baseline_3sigma,87237,66772,69855,51722,0.7404194402691289,8676,6411,0.7389349930843707,8706,6447,0.7405237767057202,0.6091056269687471,5.312200147627859
s5,623,baseline_3sigma,87776,67161,70176,51937,0.7400963292293662,8859,6589,0.7437634044474546,8741,6469,0.7400755062349845,0.5913775150227432,5.314480004734294
s5,624,baseline_3sigma,87292,67116,69779,51882,0.7435188237148712,8821,6568,0.7445867815440427,8692,6519,0.75,0.6059688057524939,5.23495359627999
s5,625,baseline_3sigma,87796,67201,70117,52000,0.741617582041445,8768,6434,0.7338047445255474,8911,6564,0.7366176635618898,0.60152381830018,5.342247885917282
s5,626,baseline_3sigma,87863,67073,70277,51899,0.7384919675000355,8840,6497,0.7349547511312218,8746,6490,0.7420535101760805,0.6091734112844462,5.225975970598683
s5,627,baseline_3sigma,87554,66850,70007,51820,0.7402116931164027,8901,6474,0.7273340074148972,8646,6393,0.7394170714781402,0.6005183978626893,5.337189895542567
s5,628,baseline_3sigma,86708,66444,69446,51464,0.7410650001439968,8563,6365,0.743314259021371,8699,6438,0.740085067249109,0.6028559968484966,5.246604206164188
s5,629,baseline_3sigma,87432,66899,70093,51909,0.7405732384118243,8839,6477,0.7327752008145718,8500,6261,0.7365882352941177,0.6106177438612885,5.36372217705521
s5,630,baseline_3sigma,87789,67123,70218,51900,0.7391267196445356,8848,6549,0.7401672694394213,8723,6451,0.7395391493752149,0.6062721473303334,5.308125090778291
s5,631,baseline_3sigma,87822,67257,70336,52146,0.7413842129208371,8771,6455,0.7359480104891118,8715,6461,0.7413654618473896,0.6024615899765148,5.4500118323599285
s5,632,baseline_3sigma,87814,67259,70358,52149,0.7411950311265243,8771,6472,0.7378862159388895,8685,6405,0.7374784110535406,0.5996477497337951,5.239211839738044
s5,633,baseline_3sigma,87542,66927,69881,51730,0.7402584393468897,8803,6539,0.7428149494490515,8858,6478,0.7313163242266877,0.6014838572945185,5.235423558380663
s5,634,baseline_3sigma,87491,67040,70144,51984,0.7411040145985401,8691,6439,0.7408813715337705,8656,6378,0.7368299445471349,0.6089201591377753,5.379106663320996
s5,635,baseline_3sigma,87180,66949,69787,51823,0.742588161118833,8769,6474,0.7382825863838522,8624,6469,0.7501159554730983,0.6056604392106106,5.3776881945591875
s5,636,baseline_3sigma,87402,66842,69830,51605,0.7390090219103537,8675,6417,0.7397118155619596,8897,6602,0.7420478813083061,0.5966955186179848,5.231703201583209
s5,637,baseline_3sigma,87719,67193,70102,51900,0.7403497760406265,8753,6540,0.7471723980349595,8864,6596,0.7441335740072202,0.5976957262400874,5.314685098754272
s5,638,baseline_3sigma,87531,67074,70052,52021,0.7426054930622966,8725,6334,0.7259598853868194,8754,6513,0.7440027416038383,0.6108829773505182,5.310240773982434
s5,639,baseline_3sigma,87251,66798,69590,51512,0.7402212961632418,8715,6498,0.7456110154905335,8946,6577,0.7351889112452493,0.6107627707193433,5.2731967812703395
s5,640,baseline_3sigma,86955,66521,69257,51183,0.7390299897483287,8828,6579,0.7452424105120072,8870,6642,0.7488162344983089,0.5930159979808096,5.350593679723779
s5,641,baseline_3sigma,87229,66666,69967,51694,0.7388340217531122,8797,6564,0.7461634648175515,8465,6237,0.7367985823981099,0.5933211062062294,5.252801781736031
s5,642,baseline_3sigma,87602,66937,70021,51742,0.7389497436483341,8848,6592,0.7450271247739603,8733,6444,0.737890759189282,0.6016995899536721,5.3428187342583975
s5,643,baseline_3sigma,87276,66827,69750,51685,0.7410035842293907,8732,6463,0.7401511681172698,8794,6497,0.7387991812599499,0.5998115562224909,5.372087671147769
s5,644,baseline_3sigma,87528,66789,70043,51757,0.738931799037734,8863,6465,0.7294369852194517,8622,6374,0.7392716307121318,0.5944614862335463,5.334664345046973
s5,645,baseline_3sigma,87724,67317,70092,52062,0.7427666495463106,8819,6569,0.7448690327701554,8813,6464,0.7334619312379439,0.5936281672979288,5.250371362242656
s5,646,baseline_3sigma,87034,66351,69818,51426,0.7365722306568506,8616,6362,0.7383936861652739,8600,6354,0.7388372093023255,0.6012969503877953,5.2115182805634515
s5,647,baseline_3sigma,87574,67047,70248,52029,0.7406474205671336,8730,6441,0.7378006872852234,8596,6353,0.7390646812470917,0.5991384775535841,5.3653951066349785
s5,648,baseline_3sigma,87617,66888,69965,51675,0.7385835775030373,9017,6573,0.7289564156593102,8635,6419,0.7433700057903879,0.6020312981719584,5.365680015041032
s5,649,baseline_3sigma,87059,66476,69598,51385,0.7383114457311992,8682,6391,0.7361207095139369,8779,6493,0.739605877662604,0.6070367307691269,5.356791165455209
s5,650,baseline_3sigma,87561,67139,69971,51923,0.7420645696074087,8725,6463,0.7407449856733525,8865,6519,0.7353637901861252,0.5966600869529758,5.275752283186913
s5,651,baseline_3sigma,87543,66963,70020,51856,0.7405884033133391,8802,6515,0.7401726880254488,8721,6420,0.7361541107671139,0.6033479742423653,5.290481900009284
s5,652,baseline_3sigma,87470,67076,70135,51942,0.7406002709061097,8702,6496,0.7464950586072168,8633,6417,0.7433105525309858,0.5966737832054954,5.325664603311108
s5,653,baseline_3sigma,87780,67266,70143,51960,0.7407724220520936,8877,6519,0.734369719499831,8760,6552,0.7479452054794521,0.6011912028442106,5.357952231164405
s5,654,baseline_3sigma,87630,67129,69910,51724,0.7398655414103847,8922,6617,0.7416498542927594,8798,6531,0.7423278017731303,0.6066579074228614,5.3211052292578795
s5,655,baseline_3sigma,88223,67473,70613,52292,0.7405435259796355,8904,6600,0.7412398921832885,8706,6345,0.7288077188146106,0.6068921790814902,5.16051588357156
s5,656,baseline_3sigma,87562,67003,70122,51857,0.7395253985910271,8718,6458,0.7407662307868778,8722,6515,0.7469617060307269,0.596516444340496,5.2539005717020535
s5,657,baseline_3sigma,87077,66703,69628,51637,0.7416125696558855,8785,6504,0.740352874217416,8664,6436,0.7428439519852262,0.6113820296773467,5.289363944238114
s5,658,baseline_3sigma,87284,66746,69937,51631,0.7382501394111843,8674,6464,0.7452155868111597,8673,6374,0.7349244782658826,0.6013841200590513,5.423102490295699
s5,659,baseline_3sigma,87013,66369,69640,51311,0.7368035611717404,8708,6416,0.7367937528709233,8665,6396,0.7381419503750721,0.5926603052219943,5.352016957701827
s5,660,baseline_3sigma,87539,67059,70008,51832,0.7403725288538453,8643,6426,0.7434918431100312,8888,6632,0.7461746174617462,0.5880417156612283,5.238772180249605
s5,661,baseline_3sigma,87632,66991,70181,51964,0.7404283210555563,8556,6330,0.7398316970546984,8895,6562,0.7377178189994379,0.5935310185674924,5.287516281123124
s5,662,baseline_3sigma,87729,66975,70130,51720,0.7374875231712534,8719,6398,0.7337997476774859,8880,6643,0.7480855855855856,0.5967900184709439,5.337749270974637
s5,663,baseline_3sigma,87618,67073,70007,51908,0.7414687102718299,8792,6467,0.7355550500454959,8819,6491,0.7360244925728541,0.6019415191865197,5.261893672067702
s5,664,baseline_3sigma,87450,67017,69992,51864,0.740998971311007,8660,6412,0.7404157043879908,8798,6488,0.7374403273471244,0.6045401843850423,5.311608571845486
s5,665,baseline_3sigma,87439,66883,70031,51764,0.7391583727206523,8775,6536,0.7448433048433049,8633,6387,0.7398355148847446,0.598186718080092,5.3045119201509765
s5,666,baseline_3sigma,87056,66579,69640,51589,0.7407955198161976,8709,6427,0.7379722126535767,8707,6401,0.735155621913403,0.5994994748107058,5.344377147137331
s5,667,baseline_3sigma,87026,66617,69365,51335,0.7400706408130902,8806,6559,0.7448330683624801,8855,6544,0.7390175042348955,0.5970446015718943,5.412066116815952
s5,668,baseline_3sigma,87513,67191,69979,51996,0.7430229068720616,8745,6473,0.7401943967981703,8789,6551,0.7453635225850495,0.5947186372252354,5.243042540323228
s5,669,baseline_3sigma,88525,67714,71007,52407,0.7380539946765812,8788,6632,0.754665452890305,8730,6495,0.7439862542955327,0.5884401855114298,5.270440403555113
s5,670,baseline_3sigma,87313,66777,69866,51639,0.7391148770503535,8746,6433,0.7355362451406358,8701,6433,0.7393403057119872,0.6078000754052523,5.352997762888285
s5,671,baseline_3sigma,86926,66481,69531,51458,0.7400727732953647,8618,6405,0.7432118821072174,8777,6472,0.737381793323459,0.5830759996832953,5.231446882896629
s5,672,baseline_3sigma,87755,66990,70162,51791,0.738163108235227,8828,6600,0.7476212052560036,8765,6425,0.733029092983457,0.5924394030789804,5.3494376869561
s5,673,baseline_3sigma,87825,67440,70219,52193,0.7432888534442245,8677,6482,0.7470323844646767,8929,6544,0.7328928211445851,0.5961402696256469,5.27665402297728
s5,674,baseline_3sigma,87152,66807,69740,51767,0.7422856323487238,8682,6424,0.7399216770329418,8730,6458,0.7397479954180985,0.5935690266410206,5.290007166564003
s5,675,baseline_3sigma,87218,66911,69910,51910,0.7425261049921328,8583,6340,0.7386694628917628,8725,6439,0.7379942693409742,0.5974020549796372,5.265689790883535
s5,676,baseline_3sigma,87702,66845,70136,51655,0.7364976616858675,8905,6598,0.7409320606400899,8661,6408,0.7398683754762729,0.6106987189297656,5.252751717088777
s5,677,baseline_3sigma,87266,66698,70037,51689,0.738024187215329,8626,6383,0.7399721771388824,8603,6377,0.741253051261188,0.6115458488297987,5.265190604579641
s5,678,baseline_3sigma,87237,66685,69831,51698,0.7403302258309347,8650,6392,0.7389595375722543,8756,6490,0.7412060301507538,0.5992900798367589,5.367142176887837
s5,679,baseline_3sigma,87300,66741,69861,51691,0.7399121111922246,8684,6407,0.7377936434822663,8755,6449,0.7366076527698459,0.5933895651184079,5.44984206364157
s5,680,baseline_3sigma,87849,67285,70312,52182,0.7421492775059734,8734,6450,0.738493244790474,8803,6482,0.7363398841304101,0.585233545366089,5.37419734465375
s5,681,baseline_3sigma,87468,66683,69932,51512,0.7366012698049533,8824,6565,0.7439936536718041,8712,6421,0.7370293847566575,0.6050456028974134,5.151462390551383
s5,682,baseline_3sigma,87353,66863,69855,51603,0.7387159115310286,8691,6459,0.7431826026924404,8807,6572,0.7462245940728965,0.6047855276750177,5.278989446426573
s5,683,baseline_3sigma,87389,66665,69834,51651,0.7396253973709082,8772,6402,0.7298221614227086,8783,6405,0.7292496868951384,0.5976346755841802,5.243725718924237
s5,684,baseline_3sigma,87317,66686,69642,51366,0.7375721547342121,8873,6585,0.7421390735940494,8802,6496,0.7380140877073392,0.6028331292871728,5.315505530548871
s5,685,baseline_3sigma,87672,67087,70130,51873,0.739669185797804,8733,6488,0.7429291194320394,8809,6540,0.742422522420252,0.5918984945292238,5.2932441518967535
s5,686,baseline_3sigma,86838,66524,69282,51322,0.7407696082676597,8795,6443,0.7325753268902786,8761,6528,0.7451204200433741,0.5956411378582893,5.368227676138524
s5,687,baseline_3sigma,87877,67275,70272,52122,0.7417178961748634,8708,6501,0.7465548920532843,8897,6417,0.7212543554006968,0.6075483153750326,5.4164495634772125
s5,688,baseline_3sigma,87236,66658,69698,51487,0.7387156015954547,8763,6461,0.7373045760584275,8775,6551,0.7465527065527066,0.5868907107188253,5.1968669677574075
s5,689,baseline_3sigma,87326,66788,69872,51681,0.73965250744218,8724,6480,0.7427785419532325,8730,6446,0.7383734249713632,0.5895652623696797,5.293769563979732
s5,690,baseline_3sigma,87465,66868,70059,51825,0.7397336530638462,8840,6559,0.7419683257918552,8566,6359,0.7423534905440112,0.6004466821540964,5.256600401104352
s5,691,baseline_3sigma,87261,66808,69876,51722,0.7401969202587441,8675,6454,0.7439769452449567,8710,6431,0.7383467278989667,0.5905079165853147,5.372454217913906
s5,692,baseline_3sigma,87880,67154,70160,51862,0.7391961231470924,8776,6439,0.7337055606198724,8944,6644,0.7428443649373881,0.5918899132160821,5.187067743102158
s5,693,baseline_3sigma,87241,66772,69822,51635,0.7395233593996162,8737,6583,0.7534622868261417,8682,6346,0.7309375719880212,0.5978120727479558,5.225818494136846
s5,694,baseline_3sigma,87471,66933,69914,51676,0.739136653602998,8772,6495,0.7404240766073872,8785,6492,0.7389869095048378,0.5916772908933882,5.262874120290213
s5,695,baseline_3sigma,87590,67011,70080,51824,0.7394977168949771,8790,6476,0.7367463026166098,8720,6473,0.7423165137614679,0.6066348328696287,5.274086282354912
s5,696,baseline_3sigma,87368,66894,69645,51469,0.7390193122262905,8926,6663,0.7464709836432892,8797,6511,0.7401386836421507,0.6079703988020122,5.205110998792854
s5,697,baseline_3sigma,87090,66765,69667,51680,0.7418146324658733,8708,6537,0.7506890215893431,8715,6423,0.7370051635111876,0.5889492738516466,5.318878358535579
s5,698,baseline_3sigma,88091,67394,70487,52099,0.7391292011292863,8835,6555,0.7419354838709677,8769,6499,0.741133538601893,0.6072618551908995,5.329512882984251
s5,699,baseline_3sigma,87683,67156,70159,51979,0.7408742998047293,8749,6447,0.7368842153388959,8775,6558,0.7473504273504273,0.5988971972619097,5.256311076256603
s5,700,baseline_3sigma,87617,67032,70173,51896,0.7395436991435452,8692,6408,0.7372296364473079,8752,6475,0.7398308957952467,0.6140434850583165,5.366276673599244
s5,701,baseline_3sigma,86744,66273,69204,51188,0.7396682272701,8730,6413,0.7345933562428408,8810,6473,0.734733257661748,0.5996092612787834,5.426097934009606
s5,702,baseline_3sigma,87533,66905,70114,51804,0.7388538665601734,8666,6462,0.7456727440572352,8753,6480,0.7403176053924369,0.5930809735731771,5.348631373076602
s5,703,baseline_3sigma,87429,66863,70019,51699,0.7383567317442409,8716,6453,0.7403625516291877,8694,6468,0.7439613526570048,0.5980646094120394,5.308637307070168
s5,704,baseline_3sigma,87061,66502,69445,51371,0.7397364821081431,8861,6508,0.7344543505247715,8755,6432,0.7346659051970302,0.5961237470209777,5.317414382765015
s5,705,baseline_3sigma,87509,67130,70068,51921,0.7410087343723241,8742,6495,0.742964996568291,8699,6468,0.7435337395102886,0.5996596429645644,5.237334144830273
s5,706,baseline_3sigma,87490,67092,70002,51936,0.7419216593811605,8804,6524,0.741026805997274,8684,6454,0.7432058959005067,0.6048502406401055,5.36004744833929
s5,707,baseline_3sigma,87428,66903,69927,51817,0.7410156305861827,8744,6542,0.7481701738334858,8757,6437,0.7350690875870732,0.5950793903469996,5.370205338976898
s5,708,baseline_3sigma,87609,67253,70174,52131,0.7428819790805712,8666,6388,0.7371336256635126,8769,6453,0.7358877865206979,0.5967641776714762,5.460516267032474
s5,709,baseline_3sigma,87531,66843,70080,51746,0.7383847031963471,8683,6402,0.7373027755384084,8768,6406,0.7306113138686131,0.6034977516899663,5.360653124037206
s5,710,baseline_3sigma,87593,67277,70094,52083,0.7430450537849174,8695,6441,0.7407705577918344,8804,6472,0.7351203998182644,0.5996960568586156,5.428615214195676
s5,711,baseline_3sigma,87242,66765,69844,51682,0.739963346887349,8676,6498,0.7489626556016598,8722,6469,0.7416876863104792,0.5898766219628319,5.285590304134563
s5,712,baseline_3sigma,87135,66506,69643,51447,0.7387246385135621,8797,6464,0.734795953165852,8695,6410,0.7372052903967797,0.5968454578602105,5.300441412658573
s5,713,baseline_3sigma,87534,66836,69735,51488,0.7383379938337994,8911,6642,0.7453708899113455,8888,6501,0.7314356435643564,0.5903322074747188,5.342320637205261
s5,714,baseline_3sigma,86947,66727,69510,51564,0.7418213206732844,8712,6475,0.7432277318640955,8725,6512,0.7463610315186247,0.5947340279797886,5.238249302221049
s5,715,baseline_3sigma,87198,66853,69738,51767,0.7423069201869855,8550,6349,0.7425730994152047,8910,6597,0.7404040404040404,0.5913859079142272,5.283228785501649
s5,716,baseline_3sigma,87473,66789,70102,51813,0.7391087272831017,8805,6431,0.7303804656445202,8566,6313,0.7369834228344618,0.5966164185580775,5.343370578252857
s5,717,baseline_3sigma,87050,66629,69650,51549,0.7401148600143576,8715,6420,0.7366609294320138,8685,6453,0.7430051813471502,0.5896578635546101,5.318026110839962
s5,718,baseline_3sigma,87670,67127,69948,51816,0.7407788642991937,8834,6563,0.7429250622594521,8888,6608,0.7434743474347435,0.5722592136573194,5.3335924079007535
s5,719,baseline_3sigma,86995,66603,69474,51451,0.7405792094884417,8794,6471,0.7358426199681601,8727,6460,0.7402314655666323,0.5942353770248499,5.189120681180775
s5,0,median_mad,87609,67097,70276,50245,0.7149667027150094,8801,6229,0.707760481763436,8532,6113,0.7164791373652133,1.0735551663063974,10.44640327984652
s5,1,median_mad,87168,66615,69589,49538,0.7118653810228628,8793,6210,0.706243602865916,8786,6245,0.7107898930116093,1.0817918117790037,11.049703831025743
s5,2,median_mad,87317,66743,69866,49781,0.7125211118426703,8694,6174,0.7101449275362319,8757,6228,0.71120246659815,1.0869125557808499,10.69338243429693
s5,3,median_mad,87288,66717,69610,49546,0.711765550926591,8841,6340,0.7171134487048977,8837,6327,0.7159669571121421,1.091028726207442,10.702989497982644
s5,4,median_mad,87428,66949,69935,50020,0.7152355758918996,8786,6224,0.7083997268381516,8707,6231,0.7156311014126565,1.0802991614796726,10.775715520496162
s5,5,median_mad,87429,66885,69969,49889,0.7130157641241122,8745,6270,0.7169811320754716,8715,6181,0.7092369477911646,1.0755564066385839,10.402896341377913
s5,6,median_mad,87358,66871,70079,49952,0.7127955592973644,8631,6155,0.7131270999884138,8648,6152,0.7113783533765032,1.0798279916981477,10.679450596640649
s5,7,median_mad,87888,67203,70258,50051,0.7123886247829428,8782,6236,0.7100888180368936,8848,6266,0.7081826401446655,1.0816489994972718,10.85647657677094
s5,8,median_mad,87051,66716,69500,49647,0.7143453237410072,8807,6248,0.7094356761666856,8744,6225,0.7119167429094236,1.086134043598019,10.708706640836242
s5,9,median_mad,87188,66730,69771,49791,0.7136346046351636,8711,6199,0.7116289748593732,8706,6279,0.7212267401791868,1.0743093222763274,10.637651606622429
s5,10,median_mad,87743,67145,70250,50142,0.7137651245551602,8699,6199,0.7126106449017129,8794,6234,0.7088924266545372,1.0763603902797545,10.619711638698291
s5,11,median_mad,87128,66773,69590,49768,0.7151602241701394,8808,6288,0.7138964577656676,8730,6149,0.7043528064146621,1.0855523846838624,10.782905090419016
s5,12,median_mad,87835,67160,70058,49943,0.712880755945074,8876,6273,0.7067372690401081,8901,6334,0.7116054375912819,1.0820479083528158,10.621449931582891
s5,13,median_mad,87208,66721,69760,49715,0.7126576834862385,8766,6221,0.7096737394478667,8682,6162,0.7097442985487215,1.0808800488175143,10.645022434846824
s5,14,median_mad,87003,66542,69522,49459,0.7114150916256724,8775,6250,0.7122507122507122,8706,6165,0.708132322536182,1.0759960418983905,10.59042528087637
s5,15,median_mad,87506,67125,69922,50035,0.7155830782872343,8812,6322,0.7174307762142533,8772,6174,0.7038303693570451,1.0880291798091404,10.731904457085399
s5,16,median_mad,87008,66408,69736,49605,0.7113255707238729,8628,6075,0.7041029207232267,8644,6174,0.7142526608051828,1.0840281998928636,10.483355488127128
s5,17,median_mad,87765,67236,70355,50239,0.7140786013787221,8745,6273,0.7173241852487136,8665,6143,0.7089440276976342,1.0794576483191298,10.472012799720765
s5,18,median_mad,87096,66708,69556,49587,0.7129075852550463,8605,6131,0.7124927367809413,8935,6331,0.7085618354784555,1.0766517139994072,10.386907643601004
s5,19,median_mad,87570,67199,69936,49949,0.7142101349805536,8876,6343,0.7146237043713385,8758,6345,0.7244804749942909,1.0834235570484867,10.771411006604101
s5,20,median_mad,87216,66599,69860,49628,0.7103922129974234,8632,6176,0.7154772937905468,8724,6171,0.7073590096286108,1.0790857445072717,10.965515584814426
s5,21,median_mad,87320,66840,69863,49790,0.7126805318981435,8611,6152,0.7144350249680641,8846,6288,0.7108297535609315,1.087705482740517,10.524536601891112
s5,22,median_mad,87657,67048,70165,49979,0.7123067056224613,8629,6231,0.7220998957005447,8863,6293,0.7100304637256009,1.0817101520534984,10.679939642674135
s5,23,median_mad,87072,66794,69825,49902,0.714672395273899,8582,6098,0.7105569797250059,8665,6267,0.7232544720138488,1.0759785953007768,10.36579846354867
s5,24,median_mad,87549,67194,69959,49934,0.7137609171085921,8885,6318,0.7110861001688239,8705,6249,0.7178632969557726,1.0793542328618781,10.779771571947247
s5,25,median_mad,87199,66683,69794,49721,0.7123964810728716,8696,6252,0.718951241950322,8709,6226,0.7148926397979102,1.078187082889093,10.472450239517253
s5,26,median_mad,87686,67210,70085,49912,0.712163801098666,8833,6406,0.7252349145250764,8768,6269,0.7149863138686131,1.0798947716439833,10.82671039010956
s5,27,median_mad,87502,66834,69964,49863,0.7126951003373163,8757,6261,0.7149708804385063,8781,6231,0.7096002733173898,1.0776279096164805,10.532302090268526
s5,28,median_mad,87599,67202,69890,49874,0.7136070968665045,8836,6387,0.7228383884110458,8873,6357,0.7164431421165333,1.0778437446659135,10.576197862513617
s5,29,median_mad,87473,67030,70132,50025,0.7132977813266412,8562,6122,0.7150198551740248,8779,6295,0.7170520560428295,1.0859312961362388,10.784505602998435
s5,30,median_mad,87389,66637,69691,49348,0.7080971718012369,8904,6391,0.7177672955974843,8794,6299,0.7162838298840118,1.082259480918104,10.687446703721381
s5,31,median_mad,87540,67168,70020,50102,0.7155384175949728,8811,6359,0.7217114969923959,8709,6190,0.7107589849580893,1.0790299268519497,10.540992759082137
s5,32,median_mad,87389,67195,69918,50114,0.7167539117251638,8718,6251,0.7170222528102775,8753,6232,0.7119844624700102,1.077065414055433,10.663747992692848
s5,33,median_mad,87334,66945,69747,49749,0.7132779904512022,8818,6234,0.7069630301655704,8769,6287,0.7169574637929068,1.0733174562940637,10.703093899282816
s5,34,median_mad,87400,66857,69894,49727,0.7114630726528743,8748,6294,0.7194787379972565,8758,6248,0.7134048869604933,1.0748425140286286,10.702173539169493
s5,35,median_mad,87245,66668,69841,49653,0.7109434286450652,8673,6214,0.7164764210769053,8731,6231,0.7136639560187836,1.0741138347558983,10.86646822523095
s5,36,median_mad,87506,67045,69942,49839,0.7125761345114523,8762,6282,0.7169595982652363,8802,6259,0.7110883890024994,1.0766066069912155,10.89886704022218
s5,37,median_mad,86806,66375,69478,49339,0.7101384610955986,8632,6207,0.7190685820203893,8696,6238,0.7173413063477461,1.0772113837118955,10.734056520981769
s5,38,median_mad,87432,66781,69965,49849,0.7124848138354892,8823,6278,0.7115493596282444,8644,6179,0.7148310967144841,1.0806131161657764,10.623116464735046
s5,39,median_mad,87493,66845,69938,49731,0.7110726643598616,8804,6334,0.7194457064970468,8751,6169,0.704948005942178,1.080259714700557,10.798404205358846
s5,40,median_mad,87783,67222,70449,50356,0.7147865832020327,8657,6155,0.7109853297909207,8677,6135,0.7070416042410972,1.0843966599573707,10.75839241475168
s5,41,median_mad,87475,66877,70037,49919,0.7127518311749503,8718,6227,0.7142693278274833,8720,6246,0.7162844036697248,1.077199393034285,10.822416964017394
s5,42,median_mad,87191,66780,69776,49815,0.7139274249025452,8710,6236,0.7159586681974741,8705,6218,0.7143021252153935,1.0837813281115263,10.606949597685647
s5,43,median_mad,87442,67097,69730,49804,0.7142406424781299,8767,6265,0.7146116117257899,8945,6348,0.7096702068194523,1.085223641164388,10.724951872775005
s5,44,median_mad,87801,67393,69922,50019,0.715354251880667,8985,6390,0.7111853088480802,8894,6418,0.7216100742073308,1.0856164624676155,10.887857827160893
s5,45,median_mad,87240,66868,69721,49862,0.7151647279872635,8825,6261,0.7094617563739377,8694,6227,0.7162410858063032,1.0843147537056197,10.70809047104852
s5,46,median_mad,87073,66636,69552,49514,0.7118990108120543,8755,6198,0.7079383209594518,8766,6290,0.7175450604608715,1.0889213678080112,10.658369592775093
s5,47,median_mad,87361,66824,69972,49896,0.7130852340936374,8636,6049,0.7004400185270959,8753,6257,0.7148406260710614,1.0830948176270725,10.793981142906004
s5,48,median_mad,87506,66959,70066,49886,0.711985841920475,8685,6168,0.7101899827288428,8755,6215,0.7098800685322673,1.0833513900993044,10.975066524931112
s5,49,median_mad,87074,66584,69561,49568,0.7125832003565216,8777,6288,0.7164179104477612,8736,6269,0.7176053113553114,1.0837773900700283,10.530814413483842
s5,50,median_mad,87399,67006,70046,50116,0.7154726893755532,8774,6269,0.714497378618646,8579,6072,0.707774798927614,1.0839697776399064,10.520698327560202
s5,51,median_mad,87547,67009,70143,49948,0.7120881627532327,8726,6217,0.712468484987394,8678,6205,0.7150265038027195,1.0806108363870233,10.702856741072422
s5,52,median_mad,87247,66830,69820,49756,0.7126324835290747,8609,6172,0.7169241491462423,8818,6253,0.7091177137672942,1.0841577659479043,10.812790853330313
s5,53,median_mad,87270,66585,69876,49675,0.7109021695575019,8654,6108,0.7058007857638087,8740,6242,0.714187643020595,1.0686884092534354,10.64145943871577
s5,54,median_mad,87531,66867,70152,50022,0.7130516592541909,8851,6288,0.7104282002033668,8528,6083,0.713297373358349,1.0781155778200484,10.577795464990526
s5,55,median_mad,87198,66904,69857,49962,0.7152039165724265,8679,6115,0.7045742597073396,8662,6232,0.7194643269452782,1.0802056307724555,10.337279798560234
s5,56,median_mad,87690,67118,70072,49859,0.7115395593104236,8924,6452,0.7229941730165845,8694,6179,0.7107200368069934,1.0746856024519418,10.568422497693128
s5,57,median_mad,86955,66545,69632,49637,0.7128475413602942,8561,6020,0.7031888798037612,8762,6186,0.706003195617439,1.080325600248306,10.918829418850486
s5,58,median_mad,87324,66820,69967,49858,0.7125930795946661,8628,6161,0.71407046824293,8729,6202,0.7105052125100241,1.0739900852926172,10.738378622391872
s5,59,median_mad,87514,67081,70137,50087,0.7141309152088057,8733,6222,0.7124699416008244,8644,6238,0.7216566404442388,1.0778191468351561,10.727609105175182
s5,60,median_mad,87071,66517,69589,49464,0.710801994568107,8780,6300,0.7175398633257403,8702,6156,0.7074235807860262,1.080137391027335,10.594483277256307
s5,61,median_mad,87345,66763,69799,49686,0.7118440092264933,8750,6259,0.7153142857142857,8796,6222,0.7073669849931787,1.081107644756789,10.785991076062183
s5,62,median_mad,86999,66529,69618,49573,0.7120715906805711,8705,6266,0.7198161975875933,8676,6192,0.7136929460580913,1.0805101290781884,10.632785070480084
s5,63,median_mad,87714,67220,69922,49878,0.7133377191727925,8826,6303,0.7141400407885792,8966,6401,0.7139192505018961,1.0842431462247808,10.847997102683689
s5,64,median_mad,87593,66852,70053,49890,0.7121750674489316,8701,6178,0.7100333295023561,8839,6221,0.7038126484896482,1.0816616091716988,10.564497484944644
s5,65,median_mad,87373,66813,69875,49742,0.711871198568873,8750,6246,0.7138285714285715,8748,6276,0.7174211248285323,1.0844293589246743,10.524530330810125
s5,66,median_mad,87626,66724,70197,49853,0.7101870450304144,8751,6184,0.7066620957604846,8678,6204,0.714911269877852,1.0800802394365858,10.765448589964143
s5,67,median_mad,87685,67139,70071,49998,0.7135334161065205,8825,6326,0.7168271954674221,8789,6305,0.7173739902150416,1.0736919226139636,10.538919847190316
s5,68,median_mad,87493,66851,69839,49723,0.7119660934434915,8915,6327,0.7097027481772293,8739,6171,0.7061448678338482,1.0810518731627292,10.509962267667202
s5,69,median_mad,87639,67245,69989,50061,0.7152695423566561,8820,6287,0.7128117913832199,8830,6245,0.7072480181200453,1.0797286580168732,10.478221735243457
s5,70,median_mad,87402,66766,69869,49636,0.7104152055990497,8707,6258,0.7187320546686574,8826,6267,0.7100611828687967,1.076917950036289,10.559995110090549
s5,71,median_mad,87368,66847,69740,49754,0.7134212790364209,8768,6237,0.7113366788321168,8860,6354,0.7171557562076749,1.0742370442582652,10.935517999105333
s5,72,median_mad,86938,66413,69478,49436,0.7115345864878091,8721,6210,0.7120743034055728,8739,6207,0.7102643323034672,1.0750922478859473,10.451729156438608
s5,73,median_mad,86954,66451,69546,49622,0.7135133580651655,8599,6116,0.7112454936620537,8809,6209,0.7048473152457714,1.072702374503444,10.685812793824791
s5,74,median_mad,87529,66892,69847,49655,0.7109109911664065,8932,6356,0.7115987460815048,8750,6239,0.7130285714285715,1.07497597919438,10.723316325183875
s5,75,median_mad,87098,66748,69597,49679,0.7138095032831875,8764,6256,0.7138293016887266,8737,6235,0.7136316813551562,1.0760549181904355,10.674595314045014
s5,76,median_mad,87083,66695,69512,49469,0.7116612958913568,8819,6366,0.7218505499489738,8752,6219,0.7105804387568556,1.070781960681596,10.750805886415394
s5,77,median_mad,87224,66856,69525,49714,0.7150521395181589,8863,6305,0.7113844070856369,8836,6276,0.7102761430511544,1.0751354311824288,11.073477898335812
s5,78,median_mad,87492,67052,69877,49947,0.7147845499949912,8879,6377,0.7182115103052146,8736,6197,0.7093635531135531,1.0717805370981806,10.844299019109387
s5,79,median_mad,87376,66784,69841,49614,0.7103850173966582,8815,6335,0.7186613726602382,8720,6276,0.7197247706422019,1.07565150777556,10.76671748117931
s5,80,median_mad,87346,66904,69994,49890,0.7127753807469211,8628,6201,0.7187065368567455,8724,6198,0.7104539202200826,1.0813381493382441,10.693554376262115
s5,81,median_mad,87199,66772,69740,49731,0.7130914826498422,8907,6402,0.7187605254294375,8552,6102,0.7135173058933583,1.0777421001351128,11.00268683192727
s5,82,median_mad,87691,67078,70278,50108,0.7129969549503401,8771,6312,0.7196442822939232,8642,6106,0.706549409858829,1.0817424229039756,10.479282207931927
s5,83,median_mad,87841,66850,70100,49743,0.7096005706134094,8997,6366,0.70756918972991,8744,6149,0.7032250686184812,1.0802444043282138,10.79091146500964
s5,84,median_mad,87355,66738,69857,49785,0.7126701690596504,8767,6244,0.7122162655412342,8731,6261,0.7170999885465582,1.0762462025188393,10.424147525590557
s5,85,median_mad,87509,67168,70087,50083,0.7145833036083724,8725,6256,0.7170200573065902,8697,6154,0.7076003219500977,1.0731104956013897,10.909174149724839
s5,86,median_mad,87519,66969,69704,49637,0.7121112131298061,8924,6271,0.702711788435679,8891,6337,0.7127432234844224,1.0849069853639615,10.568745016001037
s5,87,median_mad,87789,67234,70144,49891,0.7112653968978102,8780,6301,0.7176537585421412,8865,6358,0.7172024816694867,1.0791169245806032,10.795808310595273
s5,88,median_mad,87031,66605,69591,49684,0.7139428949145723,8796,6290,0.7150977717144157,8644,6121,0.7081212401665895,1.0744879683937845,10.525494480959415
s5,89,median_mad,87144,66550,69658,49467,0.7101409744752936,8817,6319,0.7166836792559828,8669,6124,0.7064251932172108,1.0729213141270708,10.716501971649269
s5,90,median_mad,87666,67352,69804,49967,0.7158185777319351,8839,6327,0.7158049553116869,9023,6482,0.7183863460046548,1.0715967717957988,10.636965942734399
s5,91,median_mad,87714,67194,70112,49920,0.7120036513007759,8911,6332,0.7105824262147907,8691,6295,0.7243125071913473,1.0762845526835285,10.897522217015112
s5,92,median_mad,87576,67003,69933,49907,0.7136401984756838,8891,6345,0.713643009785176,8752,6232,0.7120658135283364,1.0755610704171121,10.629443241253307
s5,93,median_mad,87335,66934,69931,49867,0.7130886159214083,8920,6408,0.7183856502242153,8484,6064,0.7147571900047147,1.075598067766212,10.671629326432171
s5,94,median_mad,87836,67169,70320,50047,0.7117036405005688,8855,6291,0.710446075663467,8661,6149,0.7099642073663549,1.0793694069045763,10.981742251234662
s5,95,median_mad,87302,66634,69734,49569,0.71082972438122,8862,6323,0.7134958248702324,8706,6172,0.7089363657247875,1.0796701539863256,10.877325089819866
s5,96,median_mad,87363,66513,69521,49337,0.7096704592856835,9072,6404,0.7059082892416225,8770,6201,0.7070695553021665,1.074200004468339,10.542174903004886
s5,97,median_mad,87092,66591,69621,49568,0.7119690897861277,8632,6063,0.702386468952734,8839,6335,0.7167100350718407,1.0809753843526562,11.034371120651588
s5,98,median_mad,87032,66790,69599,49790,0.7153838417218639,8730,6166,0.7063001145475373,8703,6282,0.7218200620475698,1.0808726125135126,11.143303195965968
s5,99,median_mad,87265,66981,69761,49995,0.716661171714855,8753,6145,0.7020450131383525,8751,6293,0.7191178151068449,1.0835392363186134,10.644031499054948
s5,100,median_mad,87492,66941,70180,50137,0.7144058136221145,8515,6064,0.7121550205519671,8797,6218,0.7068318745026714,1.079666892891823,10.733152382498945
s5,101,median_mad,87480,67152,70047,50106,0.7153197139063772,8662,6168,0.7120757330870469,8771,6259,0.7136016417740281,1.080890836130669,10.729349033935298
s5,102,median_mad,87267,66802,69987,49911,0.7131467272493464,8672,6161,0.7104474169741697,8608,6127,0.7117797397769516,1.0844346543259757,10.660487374068023
s5,103,median_mad,86937,66530,69414,49476,0.7127668769988763,8797,6254,0.7109241786972832,8726,6314,0.7235846894338758,1.0816176256785432,10.550590937154757
s5,104,median_mad,87484,66923,69676,49657,0.7126844250531029,8820,6229,0.7062358276643991,8988,6431,0.7155095683133066,1.0862643882907301,10.534717197054741
s5,105,median_mad,87668,67073,70067,49838,0.7112906218333881,8777,6294,0.7171015153241427,8824,6330,0.7173617407071623,1.0848915801370196,10.918705764698053
s5,106,median_mad,87503,66936,69955,49801,0.7119005074690873,8866,6295,0.710015790660952,8682,6265,0.721607924441373,1.0812541221358751,10.89741634128484
s5,107,median_mad,87751,67142,70304,50082,0.7123634501593081,8706,6184,0.7103147254766827,8741,6275,0.7178812492849789,1.0875426078792914,10.85894933691554
s5,108,median_mad,87652,67116,70124,50077,0.714120700473447,8768,6289,0.7172673357664233,8760,6305,0.7197488584474886,1.0790277049520245,10.504343705721988
s5,109,median_mad,87446,66856,69912,49747,0.7115659686462982,8677,6193,0.713725942145903,8857,6364,0.7185277181890031,1.0798997229839653,10.670723956393648
s5,110,median_mad,87274,66851,69853,49929,0.7147724507179363,8635,6124,0.709206716850029,8786,6231,0.7091964488959709,1.0907229164916596,10.686348066698635
s5,111,median_mad,87478,67103,70161,50139,0.7146277846666952,8809,6293,0.7143830173686003,8508,6027,0.7083921015514809,1.0766515630919857,10.65335477687326
s5,112,median_mad,87411,66977,69895,49775,0.7121396380284712,8805,6345,0.7206132879045997,8711,6262,0.7188612099644128,1.0793082827186464,11.040704594189005
s5,113,median_mad,87510,66974,69940,49943,0.7140835001429797,8819,6270,0.7109649620138337,8751,6274,0.7169466346703234,1.08329643025527,10.613289793265944
s5,114,median_mad,87440,66950,70069,50184,0.7162083089526039,8799,6248,0.7100806909876123,8572,6028,0.7032197853476435,1.0808238417390563,10.687903622154456
s5,115,median_mad,86978,66753,69500,49663,0.7145755395683453,8763,6265,0.7149378066872075,8715,6265,0.7188755020080321,1.0753836592364237,10.801209377482838
s5,116,median_mad,87272,67002,69852,49882,0.7141098322166867,8674,6174,0.711782338021674,8746,6262,0.7159844500343014,1.0779912045148776,10.933887073301358
s5,117,median_mad,87547,67209,70042,50175,0.7163559007452671,8819,6286,0.7127792266696904,8686,6190,0.712641031545015,1.071410986934655,10.703508304340495
s5,118,median_mad,87738,67162,70231,50073,0.7129757514487904,8752,6236,0.7125228519195612,8755,6190,0.7070245573957739,1.0728746895558396,10.757755334251422
s5,119,median_mad,87229,67173,69677,50016,0.7178265424745612,8816,6316,0.7164246823956443,8736,6268,0.7174908424908425,1.073858092271001,10.51395135612323
s5,120,median_mad,87512,67041,70063,50051,0.7143713514979376,8757,6250,0.713714742491721,8692,6269,0.7212379199263691,1.0647659013072606,10.627349459428688
s5,121,median_mad,87219,66556,69905,49662,0.7104212860310422,8841,6321,0.7149643705463183,8473,5997,0.7077776466422755,1.0733768036789717,10.694128341724577
s5,122,median_mad,87853,67339,70220,50076,0.7131301623469097,8755,6215,0.7098800685322673,8878,6342,0.7143500788465871,1.0676270158234387,10.702045956091535
s5,123,median_mad,87229,66594,69959,49751,0.711145099272431,8586,6058,0.7055672024225483,8684,6174,0.7109626900046062,1.0716755649337257,10.834475404215324
s5,124,median_mad,87296,66772,69916,50000,0.7151438869500544,8860,6251,0.7055304740406321,8520,6053,0.7104460093896714,1.0726939206212371,10.704026515178228
s5,125,median_mad,87200,66559,69763,49759,0.7132577440763729,8721,6231,0.7144822841417269,8716,6108,0.7007801743919229,1.0737208440110397,10.498644595703812
s5,126,median_mad,87118,66718,69726,49855,0.7150130510856783,8695,6143,0.7064979873490512,8697,6186,0.711279751638496,1.0731659903226822,10.529895031002985
s5,127,median_mad,87695,67294,70116,50116,0.7147584003651093,8729,6241,0.7149730782449307,8850,6304,0.7123163841807909,1.0761260955844034,10.680744246296626
s5,128,median_mad,86783,66368,69398,49310,0.7105392086227269,8849,6380,0.7209854220815911,8536,6099,0.7145032802249297,1.0703953376790307,10.667595481479038
s5,129,median_mad,87369,66877,69909,49883,0.7135418901715087,8690,6210,0.714614499424626,8770,6238,0.7112884834663626,1.0726919792107736,10.58127881138263
s5,130,median_mad,87608,66916,70145,49873,0.7109986456625561,8745,6198,0.7087478559176672,8718,6128,0.7029135122734572,1.0808186860527762,11.089342166690026
s5,131,median_mad,86929,66564,69502,49554,0.7129866766423988,8728,6218,0.7124197983501375,8699,6189,0.7114610874813196,1.0864104241649368,10.66540291560231
s5,132,median_mad,87239,67097,69756,49866,0.7148632375709616,8874,6382,0.7191796258733378,8609,6213,0.7216866070391451,1.0765375837894293,10.692774880744816
s5,133,median_mad,87097,66772,69537,49666,0.7142384629765448,8753,6238,0.7126699417342626,8807,6352,0.7212444646304076,1.0791937506569245,10.736308512449478
s5,134,median_mad,87512,67013,69939,49941,0.7140651138849569,8760,6241,0.7124429223744292,8813,6321,0.7172359015091342,1.0866186407072072,10.895044646282173
s5,135,median_mad,87823,67125,70306,50072,0.7122009501322789,8695,6179,0.7106382978723405,8822,6231,0.7063024257537973,1.0860900121215216,10.707635825271987
s5,136,median_mad,87401,66766,70010,49743,0.710512783888016,8756,6212,0.7094563727729557,8635,6247,0.7234510712217719,1.082089219170447,10.314153120315602
s5,137,median_mad,87107,66600,69667,49665,0.7128913258788235,8733,6194,0.7092637123554334,8707,6231,0.7156311014126565,1.0831757036713223,10.666046079076075
s5,138,median_mad,87634,67145,69926,49895,0.7135400280296313,8868,6382,0.7196662156066757,8840,6293,0.7118778280542987,1.0886284867892067,10.496126851743693
s5,139,median_mad,87306,66769,69974,49958,0.7139508960471032,8665,6164,0.7113675706866706,8667,6211,0.7166262836044768,1.0848088893601842,10.821417390915473
s5,140,median_mad,87655,67108,69985,49945,0.7136529256269201,8866,6306,0.7112564854500338,8804,6283,0.713652885052249,1.0905045549251553,10.853966190670384
s5,141,median_mad,87113,66741,69646,49709,0.7137380466932775,8728,6202,0.7105866177818515,8739,6187,0.7079757409314567,1.0905066350905646,10.87420730071711
s5,142,median_mad,87509,66985,70185,50076,0.7134857875614448,8747,6279,0.7178461186692581,8577,6090,0.7100384749912557,1.0858717360490326,10.761289228749291
s5,143,median_mad,86906,66365,69513,49384,0.7104282652165782,8708,6230,0.7154340836012861,8685,6118,0.7044329303396661,1.0915922669882736,11.074644553604958
s5,144,median_mad,87359,66652,69733,49662,0.7121735763555275,8827,6275,0.7108870510932367,8799,6296,0.7155358563473122,1.082056941730067,10.782900783634538
s5,145,median_mad,87233,66824,69596,49758,0.7149548824645094,8824,6257,0.7090888485947416,8813,6339,0.7192783388176557,1.0911830723034608,10.797829574742863
s5,146,median_mad,87697,66986,70059,49808,0.710943633223426,8774,6208,0.7075450193754274,8864,6378,0.7195397111913358,1.0960041580989053,10.869192650044338
s5,147,median_mad,87416,67046,70133,50089,0.7142001625483011,8690,6263,0.7207134637514384,8593,6165,0.717444431514023,1.0896126236351433,10.607362838408463
s5,148,median_mad,87779,67193,70237,50028,0.7122741574953372,8741,6255,0.7155931815581741,8801,6243,0.7093512100897625,1.0920409765088037,10.831246068257476
s5,149,median_mad,87609,67034,70255,50041,0.7122767062842502,8657,6181,0.7139886796811828,8697,6161,0.7084051971944348,1.0959380071476237,10.66222520673154
s5,150,median_mad,87818,67241,70346,50149,0.712890569470901,8717,6149,0.7054032350579328,8755,6293,0.7187892632781268,1.0931798453159,10.844400216913696
s5,151,median_mad,87901,67541,70257,50248,0.7152027555973071,8949,6416,0.7169516147055537,8695,6195,0.7124784358826912,1.1041746433571564,10.794612035923588
s5,152,median_mad,87022,66670,69621,49656,0.7132330762270005,8783,6239,0.710349538881931,8618,6173,0.7162914829426781,1.0950766082940986,11.014689598174876
s5,153,median_mad,87170,66717,69591,49576,0.7123909700967079,8834,6372,0.7213040525243378,8745,6174,0.7060034305317324,1.091306201085235,10.91827019657955
s5,154,median_mad,87025,66697,69518,49647,0.7141603613452631,8773,6229,0.7100193776359284,8734,6229,0.713189832837188,1.0958291920655139,10.600112842625126
s5,155,median_mad,87482,67020,69916,49867,0.7132416042107672,8673,6178,0.7123256082093854,8893,6355,0.7146069942651524,1.095792583561467,10.576535971540117
s5,156,median_mad,87140,66608,69571,49509,0.711632720530106,8763,6229,0.7108296245577999,8806,6302,0.7156484215307745,1.0989996349696711,10.821182835839618
s5,157,median_mad,87513,66929,69909,49744,0.7115535910969976,8806,6325,0.7182602770838065,8798,6263,0.7118663332575585,1.0994686659692732,10.203136220146678
s5,158,median_mad,87310,66772,69636,49545,0.7114854385662588,8891,6300,0.7085817118434372,8783,6272,0.714106797221906,1.114758255332168,10.688722329148893
s5,159,median_mad,87294,66610,69803,49557,0.7099551595203645,8719,6196,0.7106319532056429,8772,6231,0.710328317373461,1.1083999611840023,10.779884886490166
s5,160,median_mad,87163,66929,69622,49698,0.7138260894544828,8804,6351,0.7213766469786461,8737,6241,0.7143184159322422,1.11359748886519,10.679049913241995
s5,161,median_mad,87352,66801,69874,49761,0.7121533045195638,8705,6168,0.7085582998276853,8773,6229,0.7100193776359284,1.1028310271304245,10.844714169003645
s5,162,median_mad,87730,67134,70118,50008,0.7131977523603069,8719,6269,0.7190044729900218,8893,6247,0.7024626110423929,1.1017367948816912,10.785965413821602
s5,163,median_mad,87694,67014,70161,49734,0.7088553469876427,8798,6281,0.7139122527847238,8735,6258,0.7164281625643961,1.1028076371489073,10.605503586767325
s5,164,median_mad,87749,67066,70358,50190,0.7133517155120953,8791,6213,0.7067455352064611,8600,6077,0.7066279069767442,1.1072748861276134,10.891630463788724
s5,165,median_mad,87042,66602,69626,49617,0.7126217217706029,8653,6128,0.7081936900496938,8763,6236,0.7116284377496291,1.1115204140060602,10.716256698386099
s5,166,median_mad,87373,66711,69954,49763,0.7113674700517483,8751,6273,0.7168323620157696,8668,6126,0.7067374250115367,1.113579734168992,10.862560996133741
s5,167,median_mad,87426,67015,70003,50075,0.7153264860077425,8793,6291,0.7154554759467758,8630,6198,0.7181923522595597,1.1123514593909787,10.479929416358981
s5,168,median_mad,87453,66725,69855,49625,0.7104001145229404,8762,6218,0.7096553298333714,8836,6234,0.7055228610230874,1.116473573368927,10.910234146958729
s5,169,median_mad,87194,66963,69698,49796,0.7144537863353324,8711,6202,0.7119733670072322,8785,6331,0.7206602162777461,1.1064160516894568,11.009102555473243
s5,170,median_mad,87323,66885,69877,49689,0.7110923479828842,8777,6313,0.7192662640993506,8669,6143,0.7086169108316992,1.1111229624288084,10.90621856581062
s5,171,median_mad,87381,66618,69970,49681,0.7100328712305274,8794,6287,0.7149192631339549,8617,6090,0.7067424857839155,1.1183253232274895,10.746759080613304
s5,172,median_mad,87469,66810,69970,49759,0.711147634700586,8648,6176,0.7141535615171137,8851,6314,0.7133657213874138,1.1203501087560395,10.1719928003946
s5,173,median_mad,87215,67067,69631,49791,0.7150694374631988,8699,6302,0.7244510863317623,8885,6407,0.7211029825548677,1.1192719890599407,10.44865499332592
s5,174,median_mad,87381,66919,69939,49901,0.7134931869200303,8753,6263,0.7155261053353136,8689,6136,0.7061802278743239,1.1220357425724612,10.57700023673371
s5,175,median_mad,87375,67029,69852,49772,0.7125350741567886,8702,6205,0.7130544702367272,8821,6368,0.7219136152363678,1.128715377226624,10.656466429234738
s5,176,median_mad,87583,67022,70174,50019,0.712785362099923,8681,6254,0.720423914295588,8728,6139,0.7033684692942255,1.1179106009451434,10.660186385422866
s5,177,median_mad,87465,66860,70069,50023,0.7139105738629066,8662,6130,0.707688755483722,8734,6125,0.7012823448591711,1.1129394616556703,10.960203100511293
s5,178,median_mad,87702,67019,70175,50048,0.713188457427859,8752,6186,0.7068098720292505,8775,6164,0.7024501424501425,1.1272290795568158,10.839612686929675
s5,179,median_mad,87399,66782,69958,49855,0.7126418708367878,8798,6241,0.7093657649465788,8643,6177,0.7146824019437695,1.119563359979376,10.511359298039597
s5,180,median_mad,87857,67186,70085,49792,0.7104515944924021,8788,6275,0.7140418752844788,8984,6488,0.7221727515583259,1.1219158937357023,11.147961200335473
s5,181,median_mad,87692,67084,70152,49791,0.7097588094423537,8824,6304,0.71441523118767,8716,6218,0.7134006424965581,1.1211172316424887,10.688266979740563
s5,182,median_mad,87982,67249,70264,50006,0.7116873505635888,8915,6367,0.7141895681435783,8803,6245,0.7094172441213222,1.119928513888187,10.539131080118157
s5,183,median_mad,87533,66754,70095,49759,0.7098794493187817,8634,6090,0.7053509381514941,8804,6258,0.7108132666969559,1.126830795943909,10.894596911266147
s5,184,median_mad,86997,66555,69742,49646,0.7118522554558229,8591,6083,0.708066581306018,8664,6223,0.7182594644506002,1.116771996693899,10.791604741236641
s5,185,median_mad,87519,66979,70098,49863,0.7113327056406745,8667,6196,0.7148955809391947,8754,6255,0.7145305003427005,1.1297125364589848,10.699113737628517
s5,186,median_mad,87394,66857,70145,49912,0.7115546368237223,8651,6120,0.7074326667437291,8598,6074,0.7064433589206792,1.1267832105662157,10.91876874559213
s5,187,median_mad,87742,67208,70462,50160,0.7118730663336267,8556,6122,0.7155212716222534,8724,6255,0.7169876203576341,1.1229822306053419,11.003193963432068
s5,188,median_mad,87423,67196,69820,49984,0.7158980234889717,8776,6264,0.7137648131267093,8827,6299,0.7136059816472188,1.1233063628868645,10.89951035425105
s5,189,median_mad,87329,66800,69665,49640,0.7125529318883227,8864,6367,0.7182987364620939,8800,6286,0.7143181818181819,1.1289556794452684,10.686472104244237
s5,190,median_mad,87466,66881,69915,49878,0.7134091396695988,8784,6216,0.7076502732240437,8767,6323,0.7212273297593247,1.1289925796356763,10.348493087899342
s5,191,median_mad,87246,66914,69606,49676,0.7136741085538603,8858,6395,0.7219462632648453,8782,6232,0.7096333409246185,1.126049512801674,10.793275036402337
s5,192,median_mad,87863,67388,70268,50233,0.714877326805943,8845,6308,0.7131712832108535,8750,6240,0.7131428571428572,1.129804715612087,10.789531977770935
s5,193,median_mad,87159,66673,69991,49809,0.711648640539498,8641,6162,0.7131119083439417,8527,6090,0.7142019467573589,1.1246775496675867,10.9637833592064
s5,194,median_mad,88066,67094,70460,49942,0.7087993187624184,8780,6255,0.7124145785876993,8826,6272,0.710627690913211,1.1251395873630325,11.091159216912487
s5,195,median_mad,87581,67103,70142,49986,0.712640072994782,8681,6161,0.7097108628038244,8758,6305,0.7199132221968486,1.122135014543972,10.776113848336024
s5,196,median_mad,87601,67040,70152,50142,0.7147622305850154,8663,6051,0.6984878217707492,8786,6237,0.7098793535169587,1.1178145575535838,10.418890254930405
s5,197,median_mad,87672,67085,70087,50019,0.713670152810079,8770,6219,0.7091220068415052,8815,6206,0.7040272263187748,1.1125163334603863,10.995223536507378
s5,198,median_mad,87056,66936,69479,49672,0.7149210552828912,8786,6298,0.7168222171636695,8791,6348,0.7221021499260607,1.124220243337775,10.841332498785839
s5,199,median_mad,87314,66926,69910,49927,0.7141610642254327,8602,6132,0.7128574750058126,8802,6323,0.7183594637582368,1.1105228708683659,10.639812858515542
s5,200,median_mad,87375,66884,69864,50010,0.7158193060803848,8763,6141,0.7007874015748031,8748,6220,0.7110196616369456,1.1118363947420307,10.47683470120449
s5,201,median_mad,87286,66834,70076,49813,0.7108425138421143,8661,6212,0.7172381942039026,8549,6135,0.7176277927242952,1.106323706255689,10.502473390660535
s5,202,median_mad,87798,67087,70215,49987,0.7119134088157801,8764,6271,0.7155408489274304,8819,6275,0.7115319197187889,1.1065593610251467,10.535859300749463
s5,203,median_mad,87218,66847,69587,49742,0.7148174227944875,8698,6212,0.7141871694642447,8933,6351,0.710959364155379,1.11170057166287,10.727390780954801
s5,204,median_mad,87796,67053,70245,49802,0.7089757278098086,8850,6298,0.711638418079096,8701,6226,0.7155499367888748,1.1018275473898542,10.851316921962132
s5,205,median_mad,87204,66954,69608,49844,0.716067118721986,8885,6326,0.7119864940911649,8711,6220,0.7140397198943864,1.1073387965759003,10.236037816316479
s5,206,median_mad,87322,67034,69817,49915,0.7149404872738732,8781,6228,0.7092586265801162,8724,6289,0.7208849151765245,1.0993501847373486,10.800771596965992
s5,207,median_mad,87811,67288,70425,50356,0.715030173943912,8857,6298,0.7110759850965338,8529,6010,0.7046547074686365,1.1006036825529508,10.657892651730313
s5,208,median_mad,87751,67299,70056,50000,0.713714742491721,8857,6315,0.712995370893079,8838,6267,0.7090970807875084,1.107118524417446,10.86739484667376
s5,209,median_mad,88268,67648,70701,50441,0.713441111158258,8742,6245,0.7143674216426447,8825,6354,0.72,1.1003652352264632,11.074911144157177
s5,210,median_mad,87619,67065,70145,50040,0.7133794283270368,8822,6276,0.7114033099070506,8652,6199,0.7164817383263985,1.1009336988503677,10.747194619540412
s5,211,median_mad,87470,66843,70045,49881,0.7121279177671497,8796,6249,0.7104365620736699,8629,6149,0.7125970564375942,1.1010427192984247,11.253012378398338
s5,212,median_mad,87160,66812,69726,49708,0.712904798783811,8799,6240,0.7091714967609956,8635,6219,0.7202084539664158,1.0996325265895783,10.62677418303709
s5,213,median_mad,87578,67200,70184,50218,0.7155192066567879,8611,6059,0.7036348856114273,8783,6249,0.7114881020152567,1.0956332246827032,10.83267570552496
s5,214,median_mad,87351,66867,69872,49947,0.7148356995649187,8786,6180,0.7033917596175734,8693,6186,0.711607040147245,1.1060843965748381,10.761161157760457
s5,215,median_mad,87510,66772,69988,49728,0.7105218037377836,8682,6174,0.7111264685556323,8840,6267,0.7089366515837104,1.10201298882364,10.872534115802619
s5,216,median_mad,87354,66997,69851,49958,0.7152080857825944,8707,6210,0.7132192488802114,8796,6253,0.7108913142337426,1.1030047656123987,10.500217653135483
s5,217,median_mad,88058,67297,70474,50201,0.7123336265856912,8762,6280,0.7167313398767404,8822,6286,0.7125368397188846,1.0965530567845005,10.252766880207687
s5,218,median_mad,87427,66901,69957,49911,0.7134525494232171,8812,6304,0.7153881071266455,8658,6165,0.7120582120582121,1.0919100095054564,10.882238392041689
s5,219,median_mad,87443,66855,69897,49789,0.7123195559179937,8826,6349,0.7193519147971901,8720,6187,0.7095183486238532,1.1044340605175982,10.62331272773182
s5,220,median_mad,86779,66236,69565,49403,0.7101703442823258,8686,6122,0.7048123416992862,8528,6098,0.7150562851782364,1.098785788069363,10.763126648373591
s5,221,median_mad,87417,66892,69989,49791,0.7114117932818014,8617,6187,0.7179993037019845,8811,6283,0.7130859153331064,1.0952474945177242,10.752166143598874
s5,222,median_mad,87706,67180,70334,50069,0.7118747689595359,8535,6072,0.7114235500878735,8837,6370,0.7208328618309381,1.1097338938226635,10.97839654349158
s5,223,median_mad,87364,66555,69842,49657,0.7109905214627301,8788,6187,0.7040282203004097,8734,6240,0.7144492786810167,1.0945023574189994,10.213259730693668
s5,224,median_mad,87353,66869,69737,49674,0.7123048023287495,8894,6411,0.7208230267596132,8722,6227,0.7139417564778721,1.0929265417454408,10.678404842072519
s5,225,median_mad,87288,66805,70045,49854,0.7117424512813192,8608,6151,0.714567843866171,8635,6245,0.7232194557035322,1.096254681417193,10.791170217207696
s5,226,median_mad,87407,66823,69920,49768,0.7117848970251717,8777,6268,0.7141392275264897,8710,6216,0.713662456946039,1.0984017248936482,10.79901662966536
s5,227,median_mad,87391,66688,69930,49704,0.7107679107679108,8701,6248,0.718078381795196,8760,6230,0.7111872146118722,1.0997560895075558,10.663317832529374
s5,228,median_mad,87389,66889,69985,49808,0.711695363292134,8754,6361,0.7266392506282842,8650,6163,0.7124855491329479,1.0962180574711073,10.83574315576478
s5,229,median_mad,87069,66461,69430,49417,0.7117528445916751,8809,6223,0.7064365989329096,8830,6324,0.7161947904869762,1.0911302994141505,10.663041424244302
s5,230,median_mad,87054,66554,69728,49591,0.7112064020192749,8596,6184,0.7194043741275011,8730,6232,0.7138602520045819,1.089497806223409,10.825487538256766
s5,231,median_mad,87036,66278,69715,49371,0.7081833177938751,8785,6198,0.7055207740466705,8536,6069,0.7109887535145267,1.0937930149276376,11.276172591219082
s5,232,median_mad,87091,66578,69716,49513,0.7102099948361925,8561,6123,0.7152201845578787,8814,6284,0.7129566598593148,1.0900424091327086,10.666297830603183
s5,233,median_mad,87351,66843,69988,49984,0.7141795736411957,8675,6088,0.7017867435158501,8688,6189,0.7123618784530387,1.0914366468939547,10.926787551907866
s5,234,median_mad,86945,66519,69481,49540,0.71300067644392,8742,6156,0.7041866849691146,8722,6216,0.7126805778491172,1.088395786568394,10.607129128133515
s5,235,median_mad,87856,66942,70233,49939,0.7110475132772344,8803,6243,0.709190048846984,8820,6188,0.7015873015873015,1.0924927804362552,10.545728475044882
s5,236,median_mad,87381,66891,70074,49999,0.7135171390244599,8797,6316,0.7179720359213368,8510,6033,0.708930669800235,1.1012473747885925,10.794653306425365
s5,237,median_mad,87392,67001,69961,49934,0.7137405125712897,8729,6283,0.7197846259594455,8702,6205,0.7130544702367272,1.0990923787664417,10.851373076830152
s5,238,median_mad,87473,66997,69941,49850,0.7127435981756052,8740,6221,0.7117848970251717,8792,6315,0.7182666060054596,1.0942639352494863,10.731894129692346
s5,239,median_mad,87450,67005,69899,49901,0.7139014864304211,8781,6268,0.7138139164104316,8770,6252,0.712884834663626,1.0877679886406644,10.667923618857909
s5,240,median_mad,87719,67055,70075,49993,0.713421334284695,8977,6357,0.708143032193383,8667,6212,0.7167416637821622,1.0949927779531747,10.97888737225757
s5,241,median_mad,87960,67314,70268,50131,0.7134257414470314,8844,6263,0.7081637268204433,8848,6315,0.7137206148282098,1.0953472522037202,10.519647138237662
s5,242,median_mad,87271,66739,69769,49816,0.7140133870343562,8770,6279,0.715963511972634,8732,6188,0.7086578103527256,1.1008885447003127,10.621708963832111
s5,243,median_mad,87117,66625,69687,49721,0.7134903210067874,8717,6199,0.7111391533784559,8713,6132,0.7037759669459428,1.0965909665669764,10.760464645877565
s5,244,median_mad,87455,66844,69925,49730,0.7111905613156954,8713,6204,0.7120394812349363,8817,6281,0.7123738232959056,1.1080509605374556,10.743324517211045
s5,245,median_mad,87640,67177,70119,50079,0.7142001454669918,8756,6287,0.7180219278209228,8765,6229,0.7106674272675414,1.0987270206451538,10.961730352985334
s5,246,median_mad,87346,66843,69769,49701,0.7123650905129786,8770,6309,0.7193842645381984,8807,6291,0.714318156012263,1.0994285280159064,10.955238090304483
s5,247,median_mad,87587,66928,70102,49846,0.7110496134204445,8697,6103,0.701736230884213,8788,6266,0.7130177514792899,1.1017489049841098,10.723455469044474
s5,248,median_mad,87237,66743,69827,49828,0.7135921634897676,8775,6254,0.7127065527065527,8635,6184,0.7161551823972206,1.0945676372216808,10.898423689315685
s5,249,median_mad,87471,66981,70049,50259,0.7174834758526174,8709,6157,0.7069698013549202,8713,6138,0.7044645931366923,1.1009308409340828,10.36211495752819
s5,250,median_mad,87468,67047,69984,49954,0.713791723822588,8804,6285,0.7138800545206724,8680,6165,0.7102534562211982,1.1063404225055091,10.953939935032368
s5,251,median_mad,86937,66796,69730,50066,0.7179979922558439,8626,6151,0.7130767447252493,8581,6091,0.7098240298333528,1.1069286297722956,10.783902479131845
s5,252,median_mad,87628,66979,70205,49898,0.7107470977850581,8707,6187,0.710577696106581,8716,6225,0.7142037631941257,1.1050264247735546,10.962187202414635
s5,253,median_mad,87765,67221,70372,50109,0.7120587733757745,8506,6100,0.7171408417587585,8887,6381,0.7180150782041184,1.1074937073336242,10.516253225633074
s5,254,median_mad,87129,66589,69732,49598,0.7112659897894797,8653,6164,0.7123540968450248,8744,6211,0.7103156450137237,1.1193582150489383,10.66199684433562
s5,255,median_mad,87430,66837,70097,49951,0.7125982567014281,8593,6110,0.7110438729198184,8740,6281,0.718649885583524,1.1116749182204702,10.76879079191246
s5,256,median_mad,87601,67003,70139,49852,0.7107600621622777,8773,6322,0.7206200843497094,8689,6166,0.7096328691448959,1.1080490904785851,10.963806373067877
s5,257,median_mad,87456,66959,69876,49844,0.7133207395958555,8760,6189,0.7065068493150685,8820,6277,0.7116780045351474,1.1178768334328886,10.617436397924543
s5,258,median_mad,87340,66795,69921,49858,0.7130618841263712,8777,6215,0.7081007177851202,8642,6158,0.7125665355241843,1.1143019909917216,10.744792069478544
s5,259,median_mad,87365,67121,69719,49898,0.7157016021457565,8759,6207,0.7086425391026373,8887,6308,0.7098008326769438,1.1156365161638504,10.748330323057118
s5,260,median_mad,87379,66799,69874,49793,0.7126112717176633,8653,6154,0.7111984282907662,8852,6231,0.7039087211929508,1.111351517993911,10.71886486415972
s5,261,median_mad,87134,66640,69958,49859,0.7126990480002288,8581,6103,0.7112224682437944,8595,6073,0.7065735892961024,1.1112455803644345,10.664523755975633
s5,262,median_mad,86974,66820,69686,49901,0.7160835748930918,8673,6226,0.7178600253660786,8615,6142,0.7129425420777713,1.1104764270643934,10.679183326508808
s5,263,median_mad,87475,66804,70189,49997,0.7123195942384134,8662,6142,0.7090741168321404,8624,6164,0.7147495361781077,1.1106273675620504,10.881937197953826
s5,264,median_mad,87847,67270,70436,50160,0.7121358396274632,8702,6198,0.7122500574580556,8709,6267,0.719600413365484,1.112290086086909,10.924474468130223
s5,265,median_mad,87015,66393,69609,49453,0.7104397419873867,8780,6256,0.7125284738041002,8626,6178,0.7162068166009739,1.112415265117464,10.829359453441054
s5,266,median_mad,87527,66856,70163,49810,0.7099183330245286,8718,6296,0.7221839871530168,8646,6134,0.7094610224381217,1.0932922062988304,10.794178268912832
s5,267,median_mad,87446,66689,70169,49773,0.7093303310578746,8663,6086,0.7025279926122591,8614,6131,0.7117483166937544,1.1006865276454307,10.995840548840997
s5,268,median_mad,87167,66666,69654,49652,0.7128377408332616,8746,6172,0.7056940315572833,8767,6260,0.7140412912056576,1.105078688914855,10.886141401562524
s5,269,median_mad,87239,66766,69936,49910,0.7136524822695035,8584,6136,0.7148182665424044,8719,6190,0.709943800894598,1.1060190748115275,10.924368525136604
s5,270,median_mad,87155,66409,69840,49710,0.7117697594501718,8730,6136,0.7028636884306987,8585,6078,0.7079790331974374,1.108025700357528,10.637037168975633
s5,271,median_mad,87550,67045,70166,49971,0.7121825385514352,8655,6157,0.7113807047949162,8729,6287,0.7202428685989232,1.110109298296673,10.504541318456216
s5,272,median_mad,87573,67147,70211,50086,0.7133640027915854,8612,6193,0.7191128657686948,8750,6274,0.7170285714285715,1.1071392276997483,10.783033416366257
s5,273,median_mad,86854,66545,69539,49673,0.7143185838162758,8692,6170,0.7098481362172112,8623,6134,0.7113533573002435,1.1068803620279328,10.385678642661148
s5,274,median_mad,87521,66638,70009,49721,0.7102086874544702,8694,6174,0.7101449275362319,8818,6235,0.7070764345656612,1.1136591687822355,10.814010458781537
s5,275,median_mad,87441,66937,69959,49905,0.7133463885990365,8802,6250,0.7100658941149739,8680,6145,0.7079493087557603,1.1030812202239584,10.540533746326343
s5,276,median_mad,87430,66886,70094,50005,0.7133991497132423,8641,6172,0.7142691818076612,8695,6093,0.700747556066705,1.1002309365726133,10.882490953093345
s5,277,median_mad,87524,67042,69917,49929,0.7141181686857274,8929,6349,0.7110538694142681,8678,6137,0.7071905969117308,1.1062916414766222,10.70260485849988
s5,278,median_mad,87672,67251,70018,50059,0.7149447284983861,8738,6288,0.7196154726482032,8916,6380,0.7155675190668461,1.1008172423150953,10.609492683944083
s5,279,median_mad,87547,66976,70283,50130,0.7132592518816784,8719,6203,0.7114347975685285,8545,6075,0.7109420713867759,1.0933145011547794,10.785708848922427
s5,280,median_mad,87679,66975,70216,50057,0.7129001936880484,8815,6184,0.7015314804310834,8648,6160,0.7123034227567068,1.10363155653557,10.758750896029811
s5,281,median_mad,87182,66541,69774,49597,0.7108235159228365,8603,6137,0.7133558061141462,8805,6189,0.7028960817717206,1.1076388362410357,10.766888466009783
s5,282,median_mad,86856,66466,69396,49373,0.7114675197417719,8751,6193,0.7076905496514684,8709,6193,0.711103456194741,1.0935072603351537,11.191858566523159
s5,283,median_mad,87428,66985,70030,50000,0.7139797229758675,8697,6236,0.7170288605266184,8701,6185,0.7108378347316401,1.0839814433456019,10.670359230324648
s5,284,median_mad,87432,66872,69954,49872,0.7129256368470709,8694,6283,0.7226823096388314,8784,6236,0.7099271402550091,1.0947024832888022,10.41333927475371
s5,285,median_mad,88077,67305,70542,50399,0.7144538005727085,8830,6229,0.7054360135900339,8705,6174,0.7092475588742102,1.0884444385075291,10.324004969811494
s5,286,median_mad,87112,66711,69662,49682,0.7131865292411932,8702,6231,0.7160422891289359,8748,6272,0.7169638774577046,1.0957863852094163,10.402914951151667
s5,287,median_mad,87642,67121,70259,49950,0.7109409470672796,8732,6290,0.7203389830508474,8651,6218,0.7187608368974685,1.091343119349906,11.02552423626588
s5,288,median_mad,87504,67008,69965,50001,0.7146573286643322,8689,6203,0.7138911267119347,8850,6227,0.7036158192090396,1.0956220584636291,10.621302260199615
s5,289,median_mad,87706,67013,70155,49986,0.7125080179602309,8767,6257,0.7136990988935782,8784,6161,0.7013888888888888,1.0896737965473948,10.728471240645241
s5,290,median_mad,87513,67188,70088,50091,0.7146872503138911,8736,6224,0.7124542124542125,8689,6219,0.715732535389573,1.0882100355038578,10.55839402710196
s5,291,median_mad,87645,66939,70019,49768,0.7107785029777631,8710,6233,0.7156142365097589,8916,6360,0.7133243606998654,1.0844227908353745,10.658015985898713
s5,292,median_mad,87475,66869,69858,49613,0.7101978298834779,8864,6299,0.7106272563176895,8753,6281,0.7175825431280703,1.1015250511283223,11.06929606757796
s5,293,median_mad,87256,66839,69813,49828,0.7137352642058069,8744,6214,0.7106587374199451,8699,6223,0.7153695827106564,1.0976517172604914,10.71404413377817
s5,294,median_mad,87602,67022,70085,50012,0.713590639937219,8804,6254,0.710358927760109,8713,6194,0.7108917709170205,1.0846955802411649,10.430061334515063
s5,295,median_mad,87363,66598,69971,49710,0.7104371811178917,8639,6156,0.7125824748234749,8753,6153,0.7029589854906889,1.0838995449469078,10.905898318828896
s5,296,median_mad,87168,66809,69693,49831,0.7150072460648845,8816,6294,0.713929219600726,8659,6117,0.7064326134657581,1.0926290542811492,10.767335467429987
s5,297,median_mad,87503,67045,70038,49916,0.7126988206402238,8584,6136,0.7148182665424044,8881,6375,0.7178245693052584,1.091116911967597,10.754200275990389
s5,298,median_mad,87807,67294,70224,50073,0.7130468215994532,8725,6193,0.7097994269340974,8858,6309,0.7122375254007677,1.0865941605760812,10.97130747490841
s5,299,median_mad,87112,66627,69780,49573,0.7104184580108913,8719,6261,0.7180869365752953,8613,6154,0.7145013351909903,1.096996261896385,10.713766196226045
s5,300,median_mad,87530,66854,70134,49916,0.7117232725924658,8661,6161,0.7113497286687449,8735,6244,0.7148254149971379,1.0860180813679428,10.477949701904027
s5,301,median_mad,87648,67199,70118,50087,0.7143244245414873,8716,6199,0.7112207434603028,8814,6359,0.7214658497844338,1.0881122027911383,10.307868814917038
s5,302,median_mad,87601,67070,70229,50174,0.7144342080906748,8806,6274,0.7124687712923007,8566,6040,0.7051132383843101,1.0873644022204014,10.437333551471907
s5,303,median_mad,87386,66752,70092,49878,0.7116076014381099,8723,6182,0.7087011349306431,8571,6057,0.7066853342667133,1.0868127395635958,10.498086438839323
s5,304,median_mad,87325,66749,69646,49661,0.7130488470263906,8702,6153,0.7070788324523098,8977,6373,0.7099253648212097,1.0943626854298825,10.697416289204604
s5,305,median_mad,87506,67006,70054,49955,0.7130927570160163,8842,6332,0.716127572947297,8610,6112,0.7098722415795586,1.094155961989839,10.496363151197091
s5,306,median_mad,87425,66979,70011,49970,0.7137449829312537,8677,6181,0.7123429756828397,8737,6201,0.7097401854183358,1.0977174735727255,10.664244161947945
s5,307,median_mad,86765,66421,69285,49397,0.7129537417911525,8734,6225,0.7127318525303412,8746,6225,0.7117539446604162,1.0947106576444061,10.551900259331516
s5,308,median_mad,87178,66750,69753,49784,0.7137184063767866,8666,6183,0.7134779598430648,8759,6257,0.7143509533051718,1.092704068731487,10.804139794424216
s5,309,median_mad,87531,67096,70144,50046,0.7134751368613139,8758,6216,0.7097510847225393,8629,6152,0.7129447212886777,1.0946843966870636,10.959071693816052
s5,310,median_mad,88031,67499,70477,50338,0.7142472012145806,8737,6277,0.718438823394758,8817,6240,0.7077237155495066,1.098619528270472,10.358502551790163
s5,311,median_mad,87768,67186,70260,50053,0.7123968118417308,8694,6279,0.7222222222222222,8814,6319,0.7169276151577036,1.0967517290449256,10.915240086912444
s5,312,median_mad,87447,67195,70109,50244,0.716655493588555,8617,6144,0.7130091679238714,8721,6196,0.7104689829148033,1.099878139499529,10.655495043057847
s5,313,median_mad,87538,67218,70068,50207,0.7165467831249643,8684,6169,0.7103869184707509,8786,6291,0.7160254951058502,1.0982826800956782,10.651370970272442
s5,314,median_mad,87432,66743,70116,49895,0.7116064806891437,8640,6124,0.7087962962962963,8676,6145,0.7082757030889811,1.1072083135384105,10.738688985438296
s5,315,median_mad,87538,66889,70382,50174,0.7128811343809497,8614,6087,0.7066403529138612,8542,6068,0.7103722781549988,1.1096561319863323,10.974659852738936
s5,316,median_mad,87503,66970,69997,49797,0.7114162035515808,8693,6251,0.7190843207178189,8813,6310,0.7159877453761488,1.102122718305158,10.73400863905537
s5,317,median_mad,87517,66875,70230,49980,0.7116616830414353,8523,6021,0.706441393875396,8764,6207,0.7082382473756276,1.1114915132846133,10.759683916188841
s5,318,median_mad,86961,66484,69575,49455,0.7108156665468919,8680,6233,0.7180875576036866,8706,6144,0.7057201929703653,1.101957966939552,10.87260064530848
s5,319,median_mad,86969,66222,69692,49478,0.709952361820582,8703,6194,0.7117086062277376,8574,6048,0.7053883834849545,1.1041127761779466,10.760720222350225
s5,320,median_mad,87077,66659,69581,49530,0.7118322530575876,8651,6148,0.7106692867876546,8845,6292,0.7113623516110797,1.1095444233237735,11.215500627567744
s5,321,median_mad,87994,67189,70283,50003,0.7114522715308111,8857,6350,0.7169470475330247,8854,6312,0.7128981251411791,1.104625593909838,10.580200822608553
s5,322,median_mad,87394,66813,69869,49693,0.7112310180480613,8719,6248,0.7165959399013648,8806,6273,0.7123552123552124,1.1063362933711351,10.31852637213826
s5,323,median_mad,88181,67638,70492,50366,0.7144924246723032,8884,6293,0.7083520936515083,8805,6296,0.7150482680295287,1.105336802537967,10.688151236402225
s5,324,median_mad,87373,67007,69773,49836,0.7142590973585771,8796,6299,0.7161209640745794,8804,6279,0.7131985461154021,1.10719428025495,10.431579944186408
s5,325,median_mad,87611,67210,70044,50027,0.7142224887213752,8722,6242,0.7156615455170833,8845,6349,0.7178066704352741,1.10833398151224,10.563722738254773
s5,326,median_mad,87446,66862,69909,49747,0.7115965040266632,8686,6181,0.7116048814183744,8851,6318,0.713817647723421,1.1164272502415002,10.709592861079852
s5,327,median_mad,87428,66816,69844,49629,0.7105692686558617,8695,6243,0.7179988499137435,8889,6325,0.7115536055799303,1.1029060914819713,10.6572137200348
s5,328,median_mad,87434,67146,70054,50092,0.7150483912410426,8663,6145,0.7093385663165185,8717,6261,0.7182516920959046,1.1057949703384715,11.12212727412458
s5,329,median_mad,87700,67057,70159,49874,0.710871021536795,8795,6244,0.7099488345650938,8746,6247,0.7142693802881317,1.106944252393984,10.873973364614052
s5,330,median_mad,87431,66980,69820,49829,0.7136780292179891,8854,6294,0.7108651456968602,8757,6189,0.7067488866050017,1.1036600621321218,10.609540944470583
s5,331,median_mad,87106,66497,69934,49716,0.7108988474847714,8451,5964,0.7057152999645012,8721,6207,0.7117303061575507,1.1047354306284989,10.807895360575749
s5,332,median_mad,87079,66558,69587,49518,0.7115984307413741,8815,6291,0.7136698808848554,8677,6142,0.7078483346778841,1.1079098540619254,10.70787543160913
s5,333,median_mad,87447,66594,69879,49551,0.7090971536513115,8771,6229,0.7101812792155968,8797,6208,0.7056951233375014,1.1019204496418924,10.923440499214117
s5,334,median_mad,87373,66781,69887,49706,0.7112338489275545,8812,6260,0.7103949160236042,8674,6169,0.7112059026977173,1.0988761088211734,10.766663831864257
s5,335,median_mad,87561,66800,70152,49823,0.7102149617972403,8594,6033,0.7020013963230161,8815,6312,0.7160521837776518,1.101689854044709,10.783138762808722
s5,336,median_mad,87264,66893,69779,49677,0.7119190587426016,8896,6390,0.7183003597122302,8589,6128,0.7134707183606939,1.0951745118548584,10.708837661111827
s5,337,median_mad,87318,67058,69705,49749,0.7137077684527652,8721,6229,0.7142529526430456,8892,6381,0.7176113360323887,1.0907030653707337,10.700384252535223
s5,338,median_mad,87665,67115,69989,49965,0.7138978982411521,8838,6309,0.7138492871690427,8838,6205,0.702081918986196,1.08910251570387,10.380885498811015
s5,339,median_mad,87470,66967,69930,49802,0.7121693121693121,8732,6281,0.7193082913421897,8808,6349,0.7208219800181653,1.096807748751864,10.518709613450755
s5,340,median_mad,87498,67029,70170,50110,0.7141228445204504,8727,6207,0.7112409762805088,8601,6131,0.7128240902220672,1.0978930995343819,10.859522166808109
s5,341,median_mad,87596,67069,69979,49868,0.7126137841352406,8808,6243,0.7087874659400545,8809,6257,0.7102962878873879,1.0918359809386087,11.130169998765687
s5,342,median_mad,87625,66973,70239,50018,0.7121115050043423,8669,6152,0.7096550928596147,8717,6164,0.7071240105540897,1.086591545750602,10.578194107354772
s5,343,median_mad,87393,66801,69789,49666,0.7116594305692874,8778,6355,0.7239690134426977,8826,6233,0.7062089281667799,1.0877527293929383,10.656168854103734
s5,344,median_mad,88010,67251,70559,50090,0.7099023512237985,8737,6252,0.7155774293235665,8714,6235,0.7155152627955015,1.0878160842795348,10.782308595077136
s5,345,median_mad,86866,66540,69500,49454,0.711568345323741,8679,6228,0.717594192879364,8687,6274,0.722228617474387,1.0939117603382114,10.67942123539923
s5,346,median_mad,87920,67405,70269,50142,0.7135721299577339,8908,6360,0.7139649753030983,8743,6236,0.7132563193411873,1.0907687130045467,10.347788656319594
s5,347,median_mad,87402,66824,69736,49495,0.709748193185729,8889,6367,0.7162785465181685,8777,6221,0.7087843226615016,1.0902273456326836,10.729820505634816
s5,348,median_mad,88059,67369,70466,50224,0.712740896318792,8688,6259,0.7204189686924494,8905,6319,0.7096013475575519,1.0898763487803858,10.661068074719774
s5,349,median_mad,87283,66938,69960,49922,0.71357918810749,8562,6131,0.7160710114459239,8761,6182,0.7056272115055359,1.0911750142748344,10.720649313666053
s5,350,median_mad,87144,66723,69828,49663,0.7112189952454603,8532,6099,0.7148382559774965,8784,6292,0.7163023679417122,1.085676164181518,10.771020077974761
s5,351,median_mad,87321,66870,70097,49909,0.7119990869794713,8547,6116,0.7155727155727156,8677,6224,0.7172986055088164,1.089174840675477,10.632814320117184
s5,352,median_mad,87723,66973,70212,49910,0.7108471486355609,8753,6186,0.7067291214440763,8758,6278,0.716830326558575,1.0855624515110718,10.668226732755523
s5,353,median_mad,87105,66863,69491,49804,0.7166971262465643,8831,6291,0.7123768542633904,8783,6214,0.7075031310486166,1.0902689195208084,10.488753342965964
s5,354,median_mad,87889,67324,70371,50098,0.7119125776243055,8705,6178,0.7097070649052268,8813,6314,0.716441620333598,1.0937080327864426,10.950963638291558
s5,355,median_mad,87409,66813,69894,49765,0.7120067530832404,8822,6238,0.7070958966220812,8693,6242,0.7180490049465087,1.086784655443941,10.608019239359257
s5,356,median_mad,87203,66915,69712,49709,0.713062313518476,8676,6210,0.7157676348547718,8815,6239,0.707770845150312,1.0935510625365423,10.921728047902963
s5,357,median_mad,87316,66859,69844,49840,0.7135902869251475,8746,6264,0.7162131260004574,8726,6142,0.7038734815493927,1.0863009033943458,10.628835164239188
s5,358,median_mad,87043,66762,69634,49649,0.7129993968463681,8792,6340,0.7211101000909919,8617,6130,0.7113844725542532,1.091655278101533,10.84326762500723
s5,359,median_mad,87109,66506,69689,49434,0.7093515475900071,8645,6209,0.7182186234817813,8775,6248,0.7120227920227921,1.0941587296196706,10.780749980129531
s5,360,median_mad,87423,67021,69960,49947,0.7139365351629503,8718,6233,0.7149575590731819,8745,6308,0.7213264722698685,1.0879486739180522,10.5016884073371
s5,361,median_mad,87438,66923,70083,49851,0.7113137280082188,8685,6209,0.7149107656879677,8670,6226,0.7181084198385237,1.0872899850046598,10.978175050053848
s5,362,median_mad,87566,66953,70118,49867,0.7111868564419978,8644,6155,0.712054604349838,8804,6275,0.7127442071785552,1.0929233793729418,10.825246844206825
s5,363,median_mad,87335,67011,69722,49832,0.7147241903559852,8648,6118,0.7074468085106383,8965,6388,0.7125488008923592,1.0921045166359171,10.38890398330919
s5,364,median_mad,86955,66486,69666,49684,0.7131742887491747,8669,6196,0.7147306494405352,8620,6137,0.7119489559164733,1.0931155126427716,10.560854500539477
s5,365,median_mad,86949,66538,69628,49550,0.7116389958062849,8530,6087,0.713599062133646,8791,6280,0.7143669662154476,1.084818827401138,10.687585994031224
s5,366,median_mad,87304,66502,69771,49513,0.7096501411761333,8691,6080,0.699574272235646,8842,6187,0.6997285681972405,1.0927814300956133,10.882492660653952
s5,367,median_mad,87599,67095,70232,50113,0.7135351406766146,8677,6198,0.7143021781721793,8690,6223,0.7161104718066743,1.0835580130424898,10.577875919478378
s5,368,median_mad,87333,66889,69829,49874,0.7142304773088545,8856,6258,0.7066395663956639,8648,6201,0.7170444033302498,1.0883987714726968,10.604877636819053
s5,369,median_mad,87710,67113,70174,49989,0.7123578533359934,8845,6300,0.7122668174109666,8691,6173,0.7102749971234611,1.0946978382896828,10.606884973366082
s5,370,median_mad,87418,66971,70027,49877,0.712253844945521,8654,6132,0.7085740697943148,8737,6193,0.7088245393155546,1.0901964030234728,10.728644350211924
s5,371,median_mad,87855,67025,70389,50091,0.7116310787196863,8688,6158,0.708793738489871,8778,6247,0.7116655274550011,1.0901325066013523,10.62258477991603
s5,372,median_mad,87117,66504,69719,49436,0.709075001075747,8743,6239,0.713599450989363,8655,6130,0.7082611207394569,1.0915795400381545,10.36777210592562
s5,373,median_mad,87431,66651,69817,49533,0.7094690404915708,8683,6215,0.715766440170448,8931,6282,0.7033926771918039,1.0928124415352563,10.942979922672752
s5,374,median_mad,87504,67059,70093,50195,0.7161200119840783,8709,6227,0.7150074635434608,8702,6149,0.7066191680073546,1.0898476212608093,10.335848304560988
s5,375,median_mad,87736,67100,70238,50083,0.713047068538398,8739,6165,0.7054582904222451,8759,6271,0.7159493092818815,1.083456596488126,10.701525840226587
s5,376,median_mad,87624,67119,69972,49978,0.7142571314239982,8867,6305,0.7110634938536146,8785,6217,0.7076835515082527,1.0825606367173848,10.470868844465196
s5,377,median_mad,86956,66596,69586,49637,0.7133187710171586,8875,6315,0.7115492957746479,8495,6078,0.7154796939376104,1.0789759211233596,10.657532703408853
s5,378,median_mad,87528,66935,69930,49812,0.7123123123123123,8740,6231,0.712929061784897,8858,6389,0.7212689094603748,1.0800847388877708,10.484576825411045
s5,379,median_mad,87230,66618,69883,49690,0.7110456047965886,8692,6183,0.7113437643810401,8655,6108,0.7057192374350086,1.089621270162247,10.312422899796411
s5,380,median_mad,86940,66702,69476,49681,0.7150814669814036,8745,6275,0.7175528873642081,8719,6165,0.7070764995985778,1.0853515830997327,10.640915685389519
s5,381,median_mad,87182,66740,69793,49699,0.71209147049131,8690,6269,0.7214039125431531,8699,6179,0.7103115300609265,1.0853994669189457,10.35223415329705
s5,382,median_mad,87049,66730,69757,49841,0.7144946026922029,8558,6127,0.7159383033419023,8734,6226,0.7128463476070529,1.0849832688627186,10.74777975097536
s5,383,median_mad,87327,66931,69932,49942,0.7141508894354516,8727,6228,0.7136473014781712,8668,6218,0.7173511767420396,1.08042223923573,10.43376220821513
s5,384,median_mad,87112,66671,69745,49833,0.714502831744211,8693,6217,0.7151731278039802,8674,6191,0.7137422181231265,1.0847586398111935,10.509648281356279
s5,385,median_mad,87096,66583,69719,49627,0.7118145699163786,8647,6231,0.7205967387533249,8730,6190,0.709049255441008,1.0819786218175527,10.493292423643926
s5,386,median_mad,88030,67410,70417,50211,0.7130522459065283,8720,6251,0.7168577981651376,8893,6284,0.706623186776116,1.0880285821119353,10.811951149875465
s5,387,median_mad,87121,66708,69938,49765,0.7115588092310332,8694,6215,0.7148608235564757,8489,6150,0.7244669572387796,1.0823619102972963,10.996870048157868
s5,388,median_mad,87781,67087,70311,49996,0.7110693917025785,8747,6208,0.7097290499599863,8723,6263,0.7179869311016852,1.0820829751667178,10.80378835584955
s5,389,median_mad,87390,66970,70113,50048,0.7138191205625205,8512,6071,0.7132283834586466,8765,6250,0.713063320022818,1.0860333412635959,10.996510657137465
s5,390,median_mad,87443,66898,70050,49839,0.7114775160599571,8768,6274,0.7155565693430657,8625,6128,0.7104927536231884,1.081294100159552,10.748822756023449
s5,391,median_mad,87493,67019,69904,49818,0.712663080796521,8835,6323,0.7156762874929259,8754,6234,0.7121315969842358,1.0835052615686542,10.569227128556204
s5,392,median_mad,87910,67448,70567,50340,0.7133646038516587,8673,6189,0.7135939121411277,8670,6195,0.7145328719723183,1.0892292272207902,10.778308957856346
s5,393,median_mad,87535,67018,69963,49987,0.7144776524734503,8777,6297,0.7174433177623334,8795,6209,0.7059693007390563,1.0871107096144552,10.3863254382871
s5,394,median_mad,87450,66778,70162,49924,0.7115532624497591,8644,6072,0.7024525682554373,8644,6128,0.7089310504396112,1.083663682630386,10.88535962942982
s5,395,median_mad,87669,67279,70043,50068,0.7148180403466442,8792,6292,0.7156505914467698,8834,6307,0.713946117274168,1.088144767924307,10.586376283148118
s5,396,median_mad,87796,67267,70134,50036,0.7134342829440785,8825,6274,0.7109348441926345,8837,6393,0.7234355550526197,1.0845421791007417,10.70576981165147
s5,397,median_mad,87737,67242,70368,50279,0.7145151205093224,8626,6122,0.7097148156735451,8743,6203,0.7094818712112547,1.0789137898624284,10.6394659586525
s5,398,median_mad,87526,66900,69868,49752,0.7120856472204729,8927,6411,0.7181583958776745,8731,6269,0.7180162638872981,1.0857364861098413,10.550765620914175
s5,399,median_mad,87194,66979,69762,49918,0.7155471460107222,8660,6290,0.7263279445727483,8772,6267,0.7144322845417237,1.0819925015285112,10.643559849923925
s5,400,median_mad,87520,67151,70036,50021,0.7142184019647039,8738,6235,0.7135500114442664,8746,6234,0.712782986508118,1.0850496456311463,10.971761470359422
s5,401,median_mad,87458,66666,69965,49699,0.7103408847280783,8721,6200,0.7109276459121661,8772,6205,0.7073643410852714,1.0843978385963369,10.360121377547317
s5,402,median_mad,87984,67301,70417,50022,0.7103682349432665,8618,6139,0.7123462520306335,8949,6339,0.7083473013744552,1.090224188821576,10.865600360556915
s5,403,median_mad,87460,66769,69924,49706,0.710857502431211,8743,6187,0.7076518357543178,8793,6253,0.7111338564767429,1.0865276602522995,10.692661681916842
s5,404,median_mad,87348,66887,69832,49944,0.7152021995646695,8750,6209,0.7096,8766,6167,0.7035135751768196,1.0918917387907912,10.634717116246701
s5,405,median_mad,87097,66750,69703,49796,0.7144025364761919,8666,6133,0.7077082852527118,8728,6215,0.7120760769935839,1.0878974712162623,10.675389969307671
s5,406,median_mad,87924,67415,70299,50210,0.7142349108806668,8937,6394,0.7154526127335795,8688,6249,0.7192679558011049,1.0882913367334222,10.862711618167847
s5,407,median_mad,87287,66718,69925,49843,0.7128065784769396,8773,6276,0.7153767240396671,8589,6054,0.7048550471533357,1.0864565624365086,10.679573586033689
s5,408,median_mad,87506,66884,69932,49808,0.712234742321112,8712,6147,0.7055785123966942,8862,6236,0.703678627849244,1.08391950424302,10.571262840108032
s5,409,median_mad,87823,67169,70190,50058,0.7131785154580425,8820,6262,0.7099773242630385,8813,6261,0.7104277771473959,1.0899200500050923,10.647192150053696
s5,410,median_mad,87622,66951,70342,50034,0.7112962383782093,8637,6191,0.716799814750492,8643,6183,0.7153766053453662,1.0778432926260355,10.5278116696
s5,411,median_mad,86858,66321,69466,49325,0.7100595975009357,8744,6209,0.7100869167429095,8648,6152,0.7113783533765032,1.0864044732041593,10.83705709995982
s5,412,median_mad,87788,67019,70048,49682,0.7092565098218364,8901,6380,0.7167733962476126,8839,6302,0.712976581061206,1.084699232130069,10.437404112802936
s5,413,median_mad,87256,66861,69634,49700,0.7137317976850389,8849,6299,0.7118318454062605,8773,6309,0.7191382651316539,1.0936279963093214,10.604312465708688
s5,414,median_mad,87478,67086,70093,50098,0.7147361362760903,8683,6183,0.7120810779684441,8702,6203,0.7128246380142496,1.0871311558973913,10.911063482346
s5,415,median_mad,87405,66900,69928,49721,0.7110313465278573,8699,6287,0.7227267502011725,8778,6254,0.7124629756208704,1.0899519723270301,10.828660144745447
s5,416,median_mad,87762,67281,70243,50270,0.7156584997793375,8754,6180,0.7059629883481837,8765,6302,0.7189960068454079,1.0913049754135096,10.580639374571474
s5,417,median_mad,87305,66987,70004,49954,0.7135877949831438,8702,6227,0.7155826246839807,8599,6088,0.7079893010815211,1.0920995284546606,10.997825936798174
s5,418,median_mad,87350,66787,69711,49651,0.7122405359268982,8802,6274,0.7127925471483754,8837,6291,0.7118931764173362,1.092241017376674,10.625413654990018
s5,419,median_mad,88114,67592,70500,50403,0.714936170212766,8822,6278,0.7116300158694173,8792,6283,0.7146269335759782,1.0931018822100207,10.797380212605702
s5,420,median_mad,87074,66511,69668,49635,0.7124504794166618,8661,6123,0.7069622445445098,8745,6146,0.7028016009148085,1.0874058544058225,10.729525412899987
s5,421,median_mad,87572,66749,70148,49886,0.7111535610423676,8737,6248,0.7151196062721759,8687,6140,0.7068032692529066,1.0925403197662742,10.459711942489426
s5,422,median_mad,87718,67089,70108,49891,0.7116306270325783,8768,6303,0.7188640510948905,8842,6318,0.714544220764533,1.0912452809218205,10.608605432391178
s5,423,median_mad,87291,66850,69809,49804,0.7134323654543111,8735,6243,0.7147109330280481,8747,6287,0.7187607179604436,1.0925617003032588,10.529888079410334
s5,424,median_mad,87678,67268,70211,50099,0.7135491589636952,8710,6235,0.7158438576349024,8757,6218,0.7100605230101633,1.0919205208505307,10.644865401724086
s5,425,median_mad,87018,66685,69398,49448,0.7125277385515433,8806,6238,0.7083806495571201,8814,6338,0.7190832766054005,1.0883875565638688,10.667321908468356
s5,426,median_mad,87320,66885,69746,49735,0.7130874888882517,8710,6203,0.7121699196326062,8864,6352,0.7166064981949458,1.0891537046344528,10.815957316871705
s5,427,median_mad,87626,67075,70096,49977,0.7129793426158412,8697,6188,0.7115097159940209,8833,6269,0.7097248952790671,1.0974386490996906,10.559002847669062
s5,428,median_mad,87438,67177,69808,49841,0.7139726105890443,8770,6244,0.7119726339794755,8860,6424,0.7250564334085778,1.0859378113051545,10.693720683352959
s5,429,median_mad,87630,66950,70040,49904,0.7125071387778412,8892,6314,0.710076473234368,8698,6091,0.700275925500115,1.089940113020432,10.815580528989106
s5,430,median_mad,87005,66379,69617,49540,0.7116077969461482,8696,6187,0.7114765409383624,8692,6145,0.7069719282098481,1.082253815158113,10.720292741871852
s5,431,median_mad,87546,66914,69956,49816,0.7121047515581223,8886,6329,0.7122439792932703,8704,6225,0.7151884191176471,1.0772707663092853,10.750147793273976
s5,432,median_mad,87216,66774,69640,49482,0.7105399195864446,8860,6359,0.7177200902934537,8716,6251,0.7171867829279486,1.0911567107026796,10.842496018820832
s5,433,median_mad,87437,67004,69907,50017,0.7154791365671535,8826,6263,0.7096079764332653,8704,6183,0.7103630514705882,1.0869400347320437,10.423244408487225
s5,434,median_mad,87682,67017,70136,49865,0.7109758184099464,8809,6359,0.721875354750823,8737,6270,0.7176376330548243,1.0859838746702857,10.92480198523509
s5,435,median_mad,87712,67130,69946,49952,0.7141509164212393,8916,6343,0.7114176760879318,8850,6303,0.7122033898305085,1.0779795751127714,10.3450461915158
s5,436,median_mad,87491,66881,69830,49747,0.7124015466132035,8942,6334,0.7083426526504137,8719,6205,0.7116641816722101,1.08708270048076,10.740758462387246
s5,437,median_mad,87631,67097,70113,49969,0.7126923680344587,8779,6275,0.7147738922428523,8739,6234,0.7133539306556814,1.0845383908515611,10.764129629755667
s5,438,median_mad,87536,66772,69845,49573,0.7097573197795117,8774,6238,0.7109642124458628,8917,6364,0.7136929460580913,1.088121740400633,10.852750458400914
s5,439,median_mad,87273,66671,69706,49632,0.712019051444639,8796,6272,0.7130513869940882,8771,6248,0.7123475088359366,1.0848125766770251,10.580598237974018
s5,440,median_mad,86940,66379,69517,49266,0.7086899607290303,8719,6282,0.7204954696639523,8704,6269,0.7202435661764706,1.0851872850585538,10.376957024639223
s5,441,median_mad,87901,67186,70244,50002,0.711833039120779,8885,6315,0.7107484524479459,8772,6210,0.7079343365253078,1.0892441216260131,10.781334673773609
s5,442,median_mad,87525,67053,69954,49914,0.7135260313920576,8799,6261,0.7115581316058643,8772,6292,0.717282261741906,1.0854842809172702,10.73074950767084
s5,443,median_mad,87537,67010,69944,49951,0.7141570399176485,8782,6209,0.7070143475290367,8811,6310,0.7161502667120645,1.078231592854411,10.583064794653684
s5,444,median_mad,87468,66875,70072,49880,0.7118392510560566,8750,6217,0.7105142857142858,8646,6146,0.7108489474901689,1.0904470979310166,10.565134630515008
s5,445,median_mad,87343,66849,69860,49848,0.7135413684511881,8794,6301,0.716511257675688,8689,6170,0.7100932213143054,1.0887226286246092,10.493832250095473
s5,446,median_mad,87239,66738,69639,49590,0.7121009779003145,8733,6182,0.7078896141074087,8867,6355,0.7167023796097891,1.0843295514971842,10.386888177401323
s5,447,median_mad,87155,66935,69861,49999,0.715692589570719,8715,6175,0.708548479632817,8579,6165,0.7186152232194895,1.0816123296014357,10.81488753371239
s5,448,median_mad,87360,66787,69850,49814,0.7131567644953472,8729,6147,0.704204376217207,8781,6278,0.7149527388680105,1.0895966699359887,10.486450395290449
s5,449,median_mad,87426,66772,69901,49759,0.7118496158853236,8861,6279,0.7086107662792009,8664,6166,0.7116805170821792,1.0798468928245297,10.779805253868728
s5,450,median_mad,87354,66833,69656,49620,0.7123578729757666,8891,6385,0.7181419412889439,8807,6327,0.7184058135573975,1.0849944250343135,10.214366329822044
s5,451,median_mad,87329,66796,69926,49798,0.7121528472957126,8783,6237,0.7101218262552659,8620,6187,0.7177494199535963,1.0854116891105827,10.944788646110705
s5,452,median_mad,87340,66612,69941,49641,0.7097553652364136,8718,6217,0.7131222757513191,8681,6221,0.7166225089275429,1.0822350896497714,10.874958355113385
s5,453,median_mad,87519,67126,69997,50111,0.7159021100904325,8766,6215,0.7089892767510837,8756,6275,0.716651439013248,1.0869062203377737,10.731340945237559
s5,454,median_mad,87488,66867,70114,49848,0.7109564423652908,8644,6151,0.711591855622397,8730,6185,0.7084765177548683,1.0876786916247094,10.877684287803445
s5,455,median_mad,87432,66643,69958,49726,0.710797907315818,8675,6189,0.7134293948126801,8799,6163,0.7004205023298102,1.0892651297943046,10.32533457034364
s5,456,median_mad,87475,66894,70019,49871,0.7122495322698125,8727,6230,0.71387647530652,8729,6231,0.7138274716462367,1.0806383571331493,10.886665973869865
s5,457,median_mad,87804,66994,70265,49971,0.7111791076638441,8707,6142,0.7054094406799127,8832,6330,0.7167119565217391,1.088158753763656,10.858559537040561
s5,458,median_mad,87203,66882,69603,49680,0.713762337830266,8765,6304,0.7192241871078152,8835,6368,0.7207696661007357,1.0842476064666762,10.712629051198354
s5,459,median_mad,87272,66917,69570,49732,0.7148483541756504,8794,6257,0.7115078462588128,8908,6344,0.7121688370004491,1.0921573788597685,10.80916578053451
s5,460,median_mad,87505,66812,69899,49692,0.7109114579607719,8738,6204,0.7100022888532845,8868,6389,0.7204555705908886,1.0897895203918746,10.55535090529647
s5,461,median_mad,87382,66756,69995,49778,0.71116508322023,8724,6183,0.7087345254470426,8663,6200,0.7156874062103198,1.0933289665782566,10.690522514234743
s5,462,median_mad,87499,66690,70114,49747,0.7095159311977637,8600,6144,0.7144186046511628,8785,6226,0.7087080250426864,1.0944130003622234,10.829107951371466
s5,463,median_mad,86894,66565,69394,49389,0.7117185923855088,8804,6302,0.7158109950022717,8696,6238,0.7173413063477461,1.0883553072453676,10.642554816117489
s5,464,median_mad,87231,66855,69640,49731,0.7141154508902929,8841,6272,0.7094220110847189,8750,6220,0.7108571428571429,1.0890475172459004,10.648633869972187
s5,465,median_mad,87884,67176,70282,50026,0.7117896474203921,8903,6376,0.71616309109289,8699,6211,0.7139901138061846,1.0904614145122364,10.624394530696552
s5,466,median_mad,87143,66811,69881,49935,0.7145719151128347,8645,6139,0.7101214574898785,8617,6144,0.7130091679238714,1.0902849761767486,10.606799770174604
s5,467,median_mad,87637,67254,70014,50068,0.7151141200331362,8861,6292,0.7100778693149757,8762,6253,0.7136498516320475,1.0868270048286632,10.669585682355155
s5,468,median_mad,87384,66959,69735,49753,0.7134580913458092,8974,6504,0.7247604189881881,8675,6171,0.7113544668587897,1.0935683238964096,10.855716691137305
s5,469,median_mad,87367,67177,69901,50088,0.7165562724424543,8699,6211,0.7139901138061846,8767,6237,0.7114178168130489,1.0904794662014263,10.732096021017073
s5,470,median_mad,87192,66721,69854,49844,0.7135453946803333,8661,6153,0.7104260478004849,8677,6189,0.7132649533248818,1.086371831171288,10.458744435078172
s5,471,median_mad,88172,67351,70527,50162,0.7112453386646249,8797,6245,0.7099011026486303,8848,6272,0.7088607594936709,1.0813687865232746,10.772819088206745
s5,472,median_mad,87050,66686,69623,49670,0.713413670769717,8755,6255,0.7144488863506567,8672,6143,0.7083717712177122,1.0837025141593517,10.624573171649697
s5,473,median_mad,87852,67046,70355,50221,0.713822756023026,8759,6135,0.7004224226509875,8738,6132,0.7017624170290684,1.0876519904723732,10.715670660548156
s5,474,median_mad,88171,67733,70490,50395,0.7149241027096042,8966,6484,0.7231764443453045,8715,6306,0.7235800344234079,1.077961813627394,10.478279689302529
s5,475,median_mad,87288,66693,69650,49611,0.7122900215362526,8926,6339,0.7101725296885503,8712,6164,0.7075298438934803,1.0864646450158812,10.995792416935783
s5,476,median_mad,86960,66483,69596,49649,0.7133887005000288,8659,6122,0.7070100473495785,8705,6213,0.7137277426766226,1.0800409751468407,10.65276847299145
s5,477,median_mad,87228,66724,69848,49758,0.7123754438208681,8663,6161,0.7111855015583516,8717,6254,0.7174486635310313,1.073252814767283,10.35379163956351
s5,478,median_mad,87668,67288,70183,50205,0.715344171665503,8768,6238,0.7114507299270073,8717,6257,0.7177928186302627,1.0807311807269686,10.361343784701555
s5,479,median_mad,87575,66881,70083,49950,0.7127263387697444,8811,6251,0.7094540914765634,8681,6195,0.7136274622739316,1.0687373517477288,10.61935618289877
s5,480,median_mad,87595,67202,70122,50098,0.7144405464761416,8851,6361,0.7186758558354989,8622,6111,0.708768267223382,1.0800901504984748,10.452831186144607
s5,481,median_mad,87749,67181,70198,49994,0.7121855323513491,8799,6304,0.7164450505739288,8752,6326,0.7228062157221207,1.0785949123455079,10.518500406017024
s5,482,median_mad,87181,66717,69758,49731,0.7129074801456464,8724,6234,0.7145804676753783,8699,6192,0.7118059547074377,1.0841630784578258,10.608750961823421
s5,483,median_mad,87368,66832,69757,49723,0.7128030161847556,8840,6295,0.7121040723981901,8771,6293,0.7174780526735834,1.0819893414770216,10.756887257937423
s5,484,median_mad,87909,67308,70479,50296,0.7136310106556563,8838,6344,0.7178094591536547,8592,6107,0.7107774674115456,1.0811294937710714,10.759481647858493
s5,485,median_mad,88073,67473,70456,50390,0.715198137844896,8833,6278,0.7107438016528925,8784,6299,0.7170992714025501,1.080840373037595,10.201279823267953
s5,486,median_mad,87809,67278,70353,50275,0.7146106065128708,8718,6248,0.7166781371874283,8738,6216,0.7113756008239872,1.078640046739617,10.955609466267424
s5,487,median_mad,87626,67100,69946,49918,0.7136648271523747,8826,6213,0.7039428959891231,8854,6270,0.7081545064377682,1.0854950770983183,10.729450315860378
s5,488,median_mad,87699,67150,70047,49928,0.7127785629648664,8923,6419,0.7193768911800964,8729,6191,0.7092450452514606,1.0956450224441925,10.784646817692522
s5,489,median_mad,87345,66723,69901,49757,0.7118210039913592,8723,6169,0.7072108219649204,8721,6268,0.7187249168673318,1.0885550016441714,10.773563595479562
s5,490,median_mad,87552,67076,70101,50174,0.7157387198470778,8807,6238,0.7083002157374816,8644,6167,0.713442850532161,1.090137596225006,10.42402661307812
s5,491,median_mad,87405,66884,69933,49927,0.7139261864927859,8639,6155,0.7124667206852645,8833,6303,0.7135740971357409,1.0864436693927066,10.385271091227757
s5,492,median_mad,87208,66693,69679,49663,0.7127398498830351,8771,6264,0.7141717022004332,8758,6278,0.716830326558575,1.0947436367553887,10.204305718397233
s5,493,median_mad,87533,67053,69922,49783,0.711979062383799,8751,6279,0.7175179979430922,8860,6360,0.7178329571106095,1.091261461634873,10.953753101840759
s5,494,median_mad,87766,67058,70413,50057,0.7109056566259071,8635,6127,0.7095541401273885,8718,6208,0.7120899288827712,1.0946446006066388,10.90636055429168
s5,495,median_mad,87129,66919,69770,49887,0.7150207825713057,8745,6284,0.7185820468839337,8614,6130,0.7116322266078476,1.090295307946528,10.624861045058212
s5,496,median_mad,87203,66829,69999,50037,0.7148244974928213,8507,6061,0.7124720818149759,8697,6175,0.7100149476831091,1.0990097473978204,10.857424005141171
s5,497,median_mad,87400,66766,70122,49828,0.7105901143720943,8530,6110,0.716295427901524,8748,6252,0.7146776406035665,1.1038188784603324,10.629810788540029
s5,498,median_mad,87398,66644,70213,49881,0.7104239955563785,8575,5967,0.6958600583090379,8610,6111,0.7097560975609756,1.0990408783809988,10.56269061152111
s5,499,median_mad,86982,66597,69604,49556,0.7119705764036549,8715,6248,0.716924842226047,8663,6244,0.7207664781253608,1.0978587608013506,10.873916807984877
s5,500,median_mad,87672,67123,70145,50048,0.713493477795994,8798,6255,0.7109570356899295,8729,6227,0.713369229006759,1.0980144872803095,10.417381582439983
s5,501,median_mad,87510,66805,70022,49812,0.7113764245522836,8759,6264,0.7151501312935267,8729,6239,0.7147439569251919,1.0975058821322181,10.707967187108123
s5,502,median_mad,87810,67378,70144,50047,0.7134893932481752,8769,6291,0.7174136161477933,8897,6408,0.720242778464651,1.1062716792029088,10.945293131453019
s5,503,median_mad,87623,67141,70011,49960,0.7136021482338489,8761,6248,0.7131605981052391,8851,6296,0.7113320528753813,1.0997178869848396,10.78192421465844
s5,504,median_mad,87551,67180,70141,50148,0.7149598665545116,8774,6233,0.7103943469341235,8636,6175,0.7150301065308013,1.091947978757066,10.66901446293645
s5,505,median_mad,87806,67216,70121,50045,0.7136948988177578,8868,6260,0.7059088858818223,8817,6275,0.7116933197232619,1.0962888642483655,10.687120220691238
s5,506,median_mad,87539,67104,69865,49804,0.7128605167107994,8866,6333,0.714301827205053,8808,6336,0.7193460490463215,1.0986027000103729,10.778561941680804
s5,507,median_mad,87868,67420,70250,50329,0.7164270462633452,8760,6252,0.7136986301369863,8858,6303,0.7115601715962971,1.1089202333057582,10.46559717381981
s5,508,median_mad,87473,66962,69711,49746,0.7136033050738048,8894,6314,0.7099167978412413,8868,6278,0.7079386558412268,1.1010661591271411,10.610596953824729
s5,509,median_mad,87577,66842,70017,49692,0.7097133553279917,8789,6234,0.709295710547275,8771,6302,0.7185041614411127,1.09672996388724,10.896870633963891
s5,510,median_mad,87056,66475,69492,49513,0.7124992804927186,8881,6379,0.7182749690350185,8683,6138,0.7068985373718761,1.0916061181511345,10.388301101338218
s5,511,median_mad,87883,67157,70322,49994,0.7109297232729445,8679,6164,0.7102200714368014,8882,6338,0.7135780229678,1.1000714607497788,10.737270471375458
s5,512,median_mad,87691,67021,70034,49856,0.7118827997829625,8672,6219,0.7171356088560885,8985,6374,0.7094045631608236,1.0950770777259355,10.376728905156455
s5,513,median_mad,87687,67249,70102,50037,0.7137742147157,8873,6333,0.7137383072241632,8712,6239,0.7161386593204775,1.0948611450108514,10.194502172381759
s5,514,median_mad,87819,67359,70118,50114,0.7147094897173336,8898,6388,0.7179141380085412,8803,6261,0.7112348063160286,1.0979735823270653,10.861824247737125
s5,515,median_mad,87287,66979,69850,49980,0.7155332856120258,8583,6117,0.7126878713736455,8854,6302,0.7117686921165575,1.0978150871116816,10.583560193523013
s5,516,median_mad,87759,66927,70265,49931,0.7106098341991034,8718,6322,0.7251663225510439,8776,6236,0.7105742935278031,1.0958197223552648,10.709415338427934
s5,517,median_mad,87471,67073,69990,49875,0.7126018002571796,8732,6202,0.7102611085661933,8749,6273,0.7169962281403589,1.0989506347136144,10.643882761153984
s5,518,median_mad,87503,67134,70141,50024,0.7131919989734963,8753,6272,0.716554324231692,8609,6187,0.7186665117899872,1.0965041042776267,11.015221984319336
s5,519,median_mad,87235,66805,70054,49969,0.7132926028492306,8567,6133,0.7158865413797129,8614,6098,0.7079173438588344,1.1012828236657541,10.68981060565632
s5,520,median_mad,87347,66944,69868,49881,0.713931986030801,8783,6258,0.7125128088352499,8696,6244,0.7180312787488501,1.106915715877081,10.763108199851045
s5,521,median_mad,87521,66882,69935,49778,0.7117752198470008,8801,6252,0.7103738211566868,8785,6258,0.7123505976095618,1.1089186352210696,10.614096910135153
s5,522,median_mad,87197,66545,69688,49501,0.7103231546320744,8812,6243,0.7084657285519745,8697,6162,0.7085201793721974,1.107483957215922,10.990324403060637
s5,523,median_mad,87030,66473,69424,49300,0.7101290619958516,8665,6161,0.7110213502596653,8941,6367,0.7121127390672184,1.1098407349456645,10.641702660019966
s5,524,median_mad,87174,66548,69574,49424,0.7103803144852963,8750,6215,0.7102857142857143,8850,6274,0.7089265536723164,1.106241748064849,10.823775548426438
s5,525,median_mad,87890,67332,70297,50079,0.7123917094612857,8776,6212,0.7078395624430265,8817,6429,0.729159578087785,1.1061427082668116,10.633064839779772
s5,526,median_mad,87210,66799,69849,49847,0.7136394221821357,8663,6139,0.7086459656008312,8698,6194,0.7121177282133824,1.1083488651997273,10.742410734191834
s5,527,median_mad,87286,66968,69758,49842,0.714498695490123,8783,6288,0.7159284982352272,8745,6206,0.7096626643796455,1.1140494988532712,10.61445740325829
s5,528,median_mad,87148,66579,69554,49441,0.7108289961756333,8739,6189,0.7082046000686577,8855,6285,0.709768492377188,1.122723355499015,10.450584149310203
s5,529,median_mad,87486,67012,69919,49922,0.7139976258241679,8849,6278,0.7094586958978416,8718,6260,0.7180545996788255,1.1186728196239988,10.29025342365097
s5,530,median_mad,87455,67213,69995,50170,0.7167654832488035,8859,6286,0.7095608985212778,8601,6115,0.7109638414137891,1.124252678572832,10.731028493851595
s5,531,median_mad,87754,66877,70091,49730,0.7095062133512149,8863,6232,0.7031479183120839,8800,6270,0.7125,1.1149761729558658,10.204035455321115
s5,532,median_mad,87199,66746,69748,49715,0.7127802947754774,8785,6191,0.7047239612976665,8666,6181,0.7132471728594507,1.1199456745409975,10.483269324979267
s5,533,median_mad,87145,66725,69801,49698,0.7119955301499978,8669,6128,0.7068866074518398,8675,6190,0.7135446685878962,1.1199413800494031,10.784802027008757
s5,534,median_mad,87881,67114,70393,50118,0.7119742019803106,8720,6144,0.7045871559633028,8768,6209,0.7081432481751825,1.1251052033607833,10.83064183158285
s5,535,median_mad,87512,66847,70032,49786,0.7109035869316884,8649,6177,0.7141866111689212,8831,6253,0.7080738308232363,1.122790652906277,10.61840467350898
s5,536,median_mad,87574,66937,70040,49745,0.7102370074243289,8759,6313,0.7207443772120105,8775,6211,0.7078062678062678,1.1227303014878787,10.985011779870783
s5,537,median_mad,87291,66813,69998,49961,0.7137489642561216,8712,6189,0.7103994490358126,8581,6102,0.7111059317095909,1.1209985448644288,10.711904821708325
s5,538,median_mad,87503,67078,70003,49905,0.7128980186563433,8742,6195,0.7086479066575154,8758,6253,0.7139757935601736,1.1366255006924075,10.757674111505663
s5,539,median_mad,87092,66653,69557,49416,0.7104389205974956,8743,6226,0.7121125471806016,8792,6306,0.7172429481346679,1.1275895609190387,10.570028563293805
s5,540,median_mad,87014,66377,69662,49334,0.7081909793000488,8707,6180,0.7097737452624325,8645,6125,0.708502024291498,1.1157110113401005,10.994892584998391
s5,541,median_mad,87538,66974,70040,49860,0.7118789263278127,8780,6216,0.7079726651480638,8718,6258,0.7178251892635926,1.122691027702809,10.682284202863864
s5,542,median_mad,87190,66818,69704,49717,0.7132589234477218,8734,6199,0.709754980535837,8752,6232,0.7120658135283364,1.1209861335860674,10.37192380327531
s5,543,median_mad,87511,67128,69992,49975,0.7140101725911533,8796,6301,0.7163483401546157,8723,6262,0.7178722916427834,1.1290823802169123,10.878407204818666
s5,544,median_mad,87568,66849,70325,50007,0.7110842516885887,8569,6037,0.7045162796125569,8674,6176,0.7120129121512566,1.1237505647540307,10.537802420696325
s5,545,median_mad,87349,66872,69842,49822,0.7133529967641248,8802,6274,0.7127925471483754,8705,6136,0.704882251579552,1.1204858986838149,10.426038861722882
s5,546,median_mad,86949,66497,69719,49525,0.7103515540957271,8601,6148,0.7148006045808627,8629,6190,0.7173484760690694,1.1199790217092673,10.140914373546881
s5,547,median_mad,87309,66795,69930,49862,0.713027313027313,8619,6176,0.7165564450632324,8760,6204,0.7082191780821918,1.127222250555646,10.432374208924182
s5,548,median_mad,86553,66204,69358,49261,0.710242509876294,8635,6116,0.70828025477707,8560,6141,0.7174065420560748,1.1258672989369307,10.683349082694047
s5,549,median_mad,87640,67205,70260,50050,0.7123541132934813,8672,6229,0.7182887453874539,8708,6205,0.7125631603123564,1.1202942590675176,10.425855147526732
s5,550,median_mad,87821,67308,70416,50249,0.7136020222676664,8772,6303,0.7185362517099864,8633,6129,0.7099501911270706,1.1101057044692837,10.443782923417773
s5,551,median_mad,87662,67208,70216,50041,0.7126723253959212,8783,6295,0.7167254924285552,8663,6177,0.7130324368001847,1.1253322352856396,10.77229808025657
s5,552,median_mad,88120,67601,70420,50215,0.7130786708321499,8801,6325,0.718668333143961,8899,6410,0.7203056523204855,1.1220091677437771,10.375493786585588
s5,553,median_mad,87582,66957,70275,49906,0.7101529704731412,8685,6175,0.7109959700633276,8622,6155,0.713871491533287,1.1245752157066675,10.60240084450857
s5,554,median_mad,86995,66574,69365,49485,0.7134001297484323,8834,6264,0.7090785601086711,8796,6255,0.711118690313779,1.1226091150780717,10.450489147740662
s5,555,median_mad,87938,67201,70150,50086,0.713984319315752,8922,6295,0.7055592916386461,8866,6279,0.7082111436950147,1.1217721609705578,10.46912791905017
s5,556,median_mad,87420,66886,69964,49905,0.7132954090675204,8650,6153,0.7113294797687861,8806,6268,0.7117874176697706,1.1204107527701992,10.508483513257415
s5,557,median_mad,87433,66998,69859,49782,0.7126068223135172,8776,6286,0.7162716499544212,8798,6290,0.7149352125483064,1.1239929077168072,10.620523216921844
s5,558,median_mad,86926,66350,69592,49448,0.7105414415450052,8451,5972,0.7066619334989942,8883,6255,0.7041540020263425,1.1285419281208133,10.844584051857375
s5,559,median_mad,87142,66723,69868,49744,0.7119711455888247,8642,6228,0.7206665123813932,8632,6151,0.71258109360519,1.1236824992821461,10.900988731629482
s5,560,median_mad,87749,67153,70335,50106,0.7123907016421411,8777,6287,0.7163039763016976,8637,6180,0.7155262243834665,1.1183006928528936,10.778546529063032
s5,561,median_mad,87574,66915,69899,49845,0.7131003304768309,8843,6245,0.7062083003505598,8832,6236,0.7060688405797102,1.1225634794405492,10.484740369923726
s5,562,median_mad,87168,66681,69618,49647,0.7131345341721969,8728,6144,0.7039413382218148,8822,6278,0.7116300158694173,1.120378442986736,10.959301810196312
s5,563,median_mad,87581,67260,69943,49895,0.7133665985159344,8799,6379,0.7249687464484601,8839,6340,0.7172757099219369,1.124421729718614,10.547238587854979
s5,564,median_mad,87597,67112,69803,49744,0.7126341274730312,9002,6422,0.7133970228838036,8792,6237,0.7093949044585988,1.1236103920986245,10.634078139619366
s5,565,median_mad,87560,67096,70000,49988,0.7141142857142857,8841,6351,0.7183576518493383,8719,6183,0.7091409565317124,1.1277178920766433,10.684799111456988
s5,566,median_mad,87267,66617,69894,49672,0.7106761667668183,8716,6224,0.7140890316659018,8657,6094,0.7039390088945362,1.118696996401495,10.703388468888493
s5,567,median_mad,87335,66739,69698,49629,0.7120577347987029,8808,6297,0.7149182561307902,8829,6267,0.7098199116547741,1.1266633083647375,10.672056953557432
s5,568,median_mad,87813,67287,70255,50150,0.7138281972813323,8812,6223,0.7061960962324103,8746,6298,0.7201006174251087,1.1307647772081495,10.850352099197936
s5,569,median_mad,87481,67019,69965,49895,0.7131422854284285,8740,6254,0.7155606407322654,8776,6292,0.7169553327256153,1.1209467971469609,10.558493612518376
s5,570,median_mad,87373,66894,69973,49922,0.713446615122976,8635,6154,0.7126809496236248,8765,6179,0.7049629207073588,1.126720466764894,11.023080817807969
s5,571,median_mad,87252,66800,69786,49770,0.7131802940417848,8627,6103,0.7074301611220587,8839,6337,0.7169363050118792,1.1207338257969457,10.80120851128003
s5,572,median_mad,87635,67199,69829,49850,0.713886780563949,8844,6291,0.7113297150610584,8962,6392,0.7132336532024102,1.1240400026621322,10.76110449163127
s5,573,median_mad,87475,66996,70019,49976,0.7137491252374355,8772,6226,0.7097583219334246,8684,6261,0.7209811146936895,1.115809302240822,10.70396014162826
s5,574,median_mad,86831,66387,69501,49579,0.7133566423504698,8675,6120,0.7054755043227666,8655,6068,0.7010976314269208,1.1140889085000512,10.85789922366245
s5,575,median_mad,87513,67000,69949,49748,0.7112038771104662,8780,6297,0.7171981776765376,8784,6226,0.7087887067395264,1.1181073996739341,10.621134048557764
s5,576,median_mad,87332,66903,69995,49948,0.7135938281305808,8594,6071,0.7064230858738655,8743,6222,0.7116550383163673,1.1197534934099236,10.713088746052694
s5,577,median_mad,87242,66797,69655,49787,0.7147656306079966,8743,6188,0.7077662129703763,8844,6297,0.7120081411126187,1.1201441305287985,10.7033958932481
s5,578,median_mad,87559,66916,70047,49817,0.7111939126586435,8791,6264,0.712546922989421,8721,6194,0.710239651416122,1.123931718048529,10.771544953834468
s5,579,median_mad,87002,66764,69254,49471,0.7143414098824616,8903,6409,0.7198697068403909,8845,6260,0.7077444884115319,1.1190075985688255,11.077497128089068
s5,580,median_mad,87667,67126,70093,50021,0.7136375957656257,8824,6301,0.7140752493200363,8750,6286,0.7184,1.117040669692384,10.43345116494859
s5,581,median_mad,87185,66722,69969,49855,0.7125298346410553,8638,6073,0.7030562630238482,8578,6129,0.7145022149685242,1.128746660086652,10.797232467884088
s5,582,median_mad,87435,66950,69950,49955,0.7141529664045747,8786,6217,0.7076030047803323,8699,6241,0.7174387860673641,1.1097531034211163,10.523081211811238
s5,583,median_mad,87566,67022,70192,49977,0.7120042170047869,8697,6243,0.7178337357709555,8677,6196,0.7140716837616687,1.111715374814499,10.7786508428974
s5,584,median_mad,86972,66696,69430,49439,0.712069710499784,8853,6327,0.7146729922060319,8689,6177,0.7108988376107722,1.1135153279165246,10.888752027421724
s5,585,median_mad,87452,66901,69890,49709,0.7112462440978681,8809,6276,0.7124531728913611,8753,6306,0.7204387067291215,1.11706125004074,10.961975185539151
s5,586,median_mad,87559,67066,70275,50095,0.7128424048381359,8731,6174,0.707135494216012,8553,6091,0.7121477844031334,1.1222406842432409,10.777716181328477
s5,587,median_mad,87520,66856,70255,50072,0.7127179560173653,8706,6111,0.7019297036526534,8559,6030,0.704521556256572,1.117916795678633,10.855439910396216
s5,588,median_mad,87620,66900,70127,50040,0.7135625365408473,8754,6236,0.7123600639707562,8739,6129,0.7013388259526262,1.1048425607676529,10.361247502685282
s5,589,median_mad,87523,66994,69878,49828,0.7130713529293913,8804,6244,0.7092230804179919,8841,6343,0.7174527768351996,1.1040508789237968,10.936814330968513
s5,590,median_mad,87389,66737,70099,49758,0.7098246765289091,8406,5961,0.7091363311920057,8884,6393,0.719608284556506,1.1060824682465749,10.791402867057965
s5,591,median_mad,87701,67365,70072,50158,0.7158065989268181,8951,6446,0.7201430007820355,8678,6169,0.7108780825074902,1.1041734419499312,10.440046149110131
s5,592,median_mad,87377,66517,69880,49499,0.7083428734974242,8807,6204,0.7044396502781878,8690,6198,0.7132336018411968,1.0994732269409948,10.769667826760116
s5,593,median_mad,87354,66965,69805,49814,0.7136165031158227,8771,6331,0.7218105119142629,8778,6256,0.7126908179539758,1.1007337844125131,10.846515535119407
s5,594,median_mad,87405,66955,70000,49995,0.7142142857142857,8693,6206,0.7139077418612677,8712,6262,0.7187786960514233,1.1069299139847897,10.633874752907287
s5,595,median_mad,87492,67198,70130,50228,0.7162127477541709,8578,6221,0.7252273257169504,8784,6276,0.7144808743169399,1.0964123729356046,10.398957230368888
s5,596,median_mad,87579,66976,70057,49892,0.7121629530239661,8828,6308,0.714544630720435,8694,6268,0.720956981826547,1.1000289596897757,10.61100751884593
s5,597,median_mad,87319,66930,70012,49997,0.7141204364966006,8692,6276,0.7220432581684307,8615,6159,0.7149158444573418,1.0919006890447358,10.598590654122441
s5,598,median_mad,87786,67213,70140,50113,0.7144710578842315,8840,6259,0.7080316742081448,8806,6321,0.7178060413354531,1.095593888221308,10.560475820760278
s5,599,median_mad,87055,66709,69521,49609,0.713582946160153,8676,6190,0.7134624250806824,8858,6242,0.7046737412508467,1.0932456648057265,10.774271613662913
s5,600,median_mad,87333,66917,69863,50043,0.7163019051572364,8803,6273,0.7125979779620584,8667,6176,0.7125879773854852,1.0979228344479208,10.436112255116713
s5,601,median_mad,87936,67202,70413,50087,0.7113317143141181,8840,6324,0.7153846153846154,8683,6206,0.7147299320511344,1.0965958729936567,10.67436113213046
s5,602,median_mad,87413,66954,69856,49906,0.7144125057260651,8709,6158,0.7070846251004708,8848,6322,0.7145117540687161,1.097265260093657,10.830154698489277
s5,603,median_mad,87420,67077,70015,50160,0.7164179104477612,8609,6155,0.7149494714833314,8796,6230,0.7082764893133242,1.0898656036200278,10.335774499649927
s5,604,median_mad,87071,66551,69681,49615,0.7120305391713666,8658,6201,0.7162162162162162,8732,6223,0.7126660558863949,1.0896851385544828,10.908521693178734
s5,605,median_mad,87597,67025,70424,50208,0.7129387708735658,8479,6065,0.7152966151668829,8694,6205,0.7137106050149529,1.1011171771281052,10.751696791072147
s5,606,median_mad,87745,67093,70418,50185,0.712672896134511,8651,6235,0.7207259276384234,8676,6094,0.702397418165053,1.097023798810545,10.756014601909575
s5,607,median_mad,87558,67032,70103,49951,0.7125372665934411,8694,6210,0.7142857142857143,8761,6271,0.7157858691930145,1.1040846844728767,10.778409163366671
s5,608,median_mad,87263,66847,69741,49755,0.7134253882221362,8768,6238,0.7114507299270073,8754,6226,0.711217729038154,1.1007146459218815,10.718334356691093
s5,609,median_mad,87105,66712,69737,49653,0.7120036709350847,8678,6175,0.7115694860566951,8690,6191,0.7124280782508631,1.1086214532465164,10.58573910212589
s5,610,median_mad,87510,67038,70012,50119,0.7158629949151574,8593,6172,0.7182590480623764,8905,6279,0.7051094890510949,1.1054446159610216,10.563208498374022
s5,611,median_mad,87312,66792,69944,49770,0.7115692554043235,8758,6208,0.7088376341630509,8610,6126,0.7114982578397212,1.1088959640884366,10.867197370668539
s5,612,median_mad,87956,67455,70414,50267,0.7138779220041469,8718,6260,0.7180545996788255,8824,6321,0.7163417951042611,1.1050627368868617,10.686281560482723
s5,613,median_mad,87421,66995,70008,49907,0.7128756713518455,8581,6127,0.7140193450646778,8832,6312,0.7146739130434783,1.1137217796993688,10.59294723773016
s5,614,median_mad,88065,67275,70381,49959,0.7098364615450192,8897,6384,0.7175452399685287,8787,6279,0.7145783543871629,1.1062739462323063,10.533207967737614
s5,615,median_mad,87299,66937,69631,49811,0.7153566658528528,8758,6233,0.7116921671614523,8910,6331,0.7105499438832772,1.1117687295815661,10.553662347023653
s5,616,median_mad,87320,66851,69755,49648,0.7117482617733496,8740,6245,0.7145308924485125,8825,6344,0.7188668555240794,1.1052931813059537,10.900728748797501
s5,617,median_mad,87337,66899,69704,49857,0.7152674165040743,8821,6274,0.7112572270717605,8812,6248,0.7090331366318656,1.1097408083911855,10.723370078148207
s5,618,median_mad,86809,66532,69378,49546,0.7141456946005938,8662,6216,0.7176171784807204,8769,6253,0.7130801687763713,1.1075385732667327,10.625318090739666
s5,619,median_mad,87286,66639,69991,49740,0.7106627995027932,8559,6172,0.7211122794719009,8736,6246,0.7149725274725275,1.1036582900484047,10.34145969613959
s5,620,median_mad,86701,66559,69409,49677,0.7157141004768834,8655,6168,0.7126516464471404,8637,6093,0.7054532823897186,1.0980827070896768,10.997012144100927
s5,621,median_mad,87758,67266,70442,50266,0.7135799664972602,8727,6299,0.7217829723845537,8589,6106,0.7109093025963441,1.1061833000441523,10.820607061032058
s5,622,median_mad,87237,66772,69855,49874,0.7139646410421587,8676,6181,0.7124250806823421,8706,6217,0.7141052147943947,1.1039544921307267,10.917080465496527
s5,623,median_mad,87776,67161,70176,49943,0.7116820565435477,8859,6342,0.7158821537419573,8741,6218,0.7113602562635855,1.1021132952069732,10.951967935670632
s5,624,median_mad,87292,67116,69779,49947,0.7157884177187979,8821,6321,0.7165854211540642,8692,6304,0.7252646111366774,1.1019278264612131,10.588477280175821
s5,625,median_mad,87796,67201,70117,50068,0.7140636364932897,8768,6167,0.703353102189781,8911,6326,0.7099091011109864,1.1045447067161278,10.61167048568437
s5,626,median_mad,87863,67073,70277,50048,0.7121533360843519,8840,6277,0.7100678733031675,8746,6248,0.7143837182712097,1.099977710830985,10.44360758128087
s5,627,median_mad,87554,66850,70007,49904,0.7128430014141443,8901,6239,0.7009324794966858,8646,6152,0.7115429100161924,1.107744870004661,10.846586858556678
s5,628,median_mad,86708,66444,69446,49519,0.7130576275091438,8563,6130,0.7158706060959944,8699,6186,0.7111162202552017,1.105453237784367,10.535188880551091
s5,629,median_mad,87432,66899,70093,50029,0.713751729844635,8839,6263,0.708564317230456,8500,6024,0.7087058823529412,1.109876123885977,10.626305222829972
s5,630,median_mad,87789,67123,70218,49998,0.7120396479535162,8848,6295,0.7114602169981917,8723,6216,0.7125988765333028,1.100323719896331,10.690238703401487
s5,631,median_mad,87822,67257,70336,50164,0.713205186533212,8771,6210,0.7080150495952571,8715,6222,0.7139414802065405,1.0991398129126617,10.913586374900788
s5,632,median_mad,87814,67259,70358,50218,0.7137496802069416,8771,6227,0.7099532550450348,8685,6170,0.7104202648244099,1.108205301731447,10.527479623277351
s5,633,median_mad,87542,66927,69881,49777,0.7123109285785836,8803,6291,0.714642735431103,8858,6257,0.706367125762023,1.1007827584479242,10.48452585124525
s5,634,median_mad,87491,67040,70144,50041,0.7134038549270073,8691,6197,0.7130364745138649,8656,6158,0.7114140480591498,1.1048882286195587,10.863096309501366
s5,635,median_mad,87180,66949,69787,49930,0.7154627652714689,8769,6255,0.7133082449538146,8624,6261,0.7259972170686456,1.1017041159742667,10.797370524091422
s5,636,median_mad,87402,66842,69830,49659,0.7111413432622082,8675,6172,0.7114697406340058,8897,6350,0.7137237270990221,1.1066447958553194,10.748149832672258
s5,637,median_mad,87719,67193,70102,49999,0.7132321474422983,8753,6307,0.7205529532731635,8864,6373,0.7189756317689531,1.1070268802096428,10.565026732746999
s5,638,median_mad,87531,67074,70052,50096,0.7151259064694798,8725,6065,0.6951289398280802,8754,6272,0.7164724697281243,1.0973974462876124,10.535014907288932
s5,639,median_mad,87251,66798,69590,49625,0.7131053312257508,8715,6258,0.7180722891566265,8946,6335,0.7081377151799687,1.1020429052438976,10.536164659888854
s5,640,median_mad,86955,66521,69257,49262,0.7112927213133691,8828,6330,0.7170367014046216,8870,6394,0.7208568207440812,1.1047219448094758,10.921397478097932
s5,641,median_mad,87229,66666,69967,49710,0.7104777966755756,8797,6294,0.7154711833579629,8465,5985,0.707028942705257,1.1039203284551975,10.718436443060147
s5,642,median_mad,87602,66937,70021,49815,0.7114294283143628,8848,6345,0.7171112115732369,8733,6182,0.7078896141074087,1.1053777628159833,10.71537154791509
s5,643,median_mad,87276,66827,69750,49741,0.7131326164874552,8732,6207,0.7108337150710032,8794,6270,0.7129861269047078,1.1029151251072968,10.865981957992279
s5,644,median_mad,87528,66789,70043,49812,0.7111631426409492,8863,6213,0.7010041746586935,8622,6110,0.7086522848527024,1.0993120693714864,11.126546010898242
s5,645,median_mad,87724,67317,70092,50122,0.7150887405124693,8819,6304,0.7148202744075292,8813,6222,0.706002496312266,1.0935133963368038,10.754088897252103
s5,646,median_mad,87034,66351,69818,49510,0.709129450857945,8616,6110,0.7091457753017641,8600,6130,0.7127906976744186,1.1038983001113636,10.581714653040855
s5,647,median_mad,87574,67047,70248,50090,0.7130452112515658,8730,6220,0.7124856815578465,8596,6119,0.7118427175430433,1.0921274124106766,10.698574295002995
s5,648,median_mad,87617,66888,69965,49834,0.7122704209247481,9017,6346,0.7037817455916602,8635,6212,0.7193977996525768,1.0908774314741674,10.67205455445018
s5,649,median_mad,87059,66476,69598,49441,0.7103796086094428,8682,6161,0.7096291177148123,8779,6243,0.7111288301628887,1.094912203896571,10.658326489956133
s5,650,median_mad,87561,67139,69971,50075,0.7156536279315716,8725,6215,0.7123209169054441,8865,6267,0.7069373942470389,1.0952015535934205,10.857997658262468
s5,651,median_mad,87543,66963,70020,49981,0.7138103399028849,8802,6293,0.7149511474664849,8721,6210,0.7120743034055728,1.0924478282117958,10.66918415481396
s5,652,median_mad,87470,67076,70135,50088,0.7141655378912098,8702,6241,0.7171914502413238,8633,6187,0.7166685972431368,1.088978474655568,10.673816628145168
s5,653,median_mad,87780,67266,70143,50046,0.7134853085838929,8877,6272,0.7065450039427734,8760,6332,0.7228310502283105,1.096343961631317,10.86756727724669
s5,654,median_mad,87630,67129,69910,49902,0.7138034615934773,8922,6376,0.7146379735485318,8798,6297,0.7157308479199818,1.0973783284721799,10.64404036813171
s5,655,median_mad,88223,67473,70613,50404,0.7138062396442582,8904,6371,0.7155211141060198,8706,6112,0.7020445669653113,1.0997034579646636,10.531684195492453
s5,656,median_mad,87562,67003,70122,49862,0.7110749836000114,8718,6241,0.7158752007341134,8722,6295,0.7217381334556294,1.100357154554418,11.133224197164212
s5,657,median_mad,87077,66703,69628,49658,0.7131900959384155,8785,6261,0.7126920887877063,8664,6205,0.7161819021237303,1.0943888792309644,10.626236290368043
s5,658,median_mad,87284,66746,69937,49819,0.7123411069962967,8674,6262,0.721927599723311,8673,6116,0.7051769860486568,1.0986763193586366,10.728110059504125
s5,659,median_mad,87013,66369,69640,49458,0.710195290063182,8708,6181,0.7098070739549839,8665,6160,0.7109059434506636,1.095704521330334,10.941455875566625
s5,660,median_mad,87539,67059,70008,49916,0.7130042280882185,8643,6209,0.7183848200856184,8888,6398,0.7198469846984699,1.0826904978551435,10.652424120925312
s5,661,median_mad,87632,66991,70181,50082,0.7136119462532594,8556,6101,0.7130668536699393,8895,6319,0.7103991006183249,1.0848639364214065,10.656522382340349
s5,662,median_mad,87729,66975,70130,49806,0.7101953514900898,8719,6189,0.7098291088427572,8880,6403,0.7210585585585586,1.0949975688372908,10.815295108933048
s5,663,median_mad,87618,67073,70007,50040,0.7147856642907138,8792,6226,0.7081437670609645,8819,6260,0.7098310466039234,1.0827692693991573,10.472784457767897
s5,664,median_mad,87450,67017,69992,49971,0.7139530232026517,8660,6182,0.7138568129330254,8798,6255,0.7109570356899295,1.093798387108939,10.727003981759523
s5,665,median_mad,87439,66883,70031,49869,0.7120989276177693,8775,6297,0.7176068376068376,8633,6149,0.7122668828912313,1.0988037092292555,10.71219780944252
s5,666,median_mad,87056,66579,69640,49737,0.7142016082711086,8709,6182,0.7098403949936847,8707,6172,0.7088549442976915,1.092524307856901,10.555565358386447
s5,667,median_mad,87026,66617,69365,49419,0.7124486412455849,8806,6310,0.7165568930274813,8855,6293,0.7106719367588933,1.0877408207896002,10.938126151501086
s5,668,median_mad,87513,67191,69979,50065,0.7154289143886023,8745,6221,0.7113779302458548,8789,6319,0.7189668904312209,1.0906890830768576,10.670957375509518
s5,669,median_mad,88525,67714,71007,50407,0.7098877575450308,8788,6365,0.7242831133363677,8730,6243,0.7151202749140894,1.0868692245087437,10.783710101428666
s5,670,median_mad,87313,66777,69866,49788,0.7126213036383935,8746,6218,0.7109535787788703,8701,6182,0.7104930467762326,1.091646666686639,10.621940387937315
s5,671,median_mad,86926,66481,69531,49479,0.7116106484877249,8618,6200,0.7194244604316546,8777,6236,0.7104933348524552,1.0866900351272313,10.611043438256495
s5,672,median_mad,87755,66990,70162,49796,0.7097289130868562,8828,6344,0.7186225645672859,8765,6200,0.7073588134626355,1.0829634136250363,10.962404073329326
s5,673,median_mad,87825,67440,70219,50262,0.71578917387032,8677,6224,0.7172986055088164,8929,6296,0.7051181543285923,1.0869328910054339,10.62120866369275
s5,674,median_mad,87152,66807,69740,49859,0.7149268712360195,8682,6174,0.7111264685556323,8730,6252,0.7161512027491409,1.0872053412405334,10.666349302494375
s5,675,median_mad,87218,66911,69910,49979,0.7149048776998999,8583,6104,0.7111732494465804,8725,6205,0.7111747851002865,1.086662077399708,10.646999658564338
s5,676,median_mad,87702,66845,70136,49771,0.7096355651876355,8905,6339,0.7118472768107804,8661,6165,0.7118115691028749,1.0900081543970064,10.479807384522987
s5,677,median_mad,87266,66698,70037,49915,0.7126947185059326,8626,6173,0.7156271736610248,8603,6163,0.7163780076717424,1.0860533228492562,10.246780401459805
s5,678,median_mad,87237,66685,69831,49739,0.7122767825177929,8650,6156,0.7116763005780347,8756,6244,0.7131110095934217,1.0874300855150767,10.977683959016437
s5,679,median_mad,87300,66741,69861,49818,0.7131017305792932,8684,6144,0.707508060801474,8755,6164,0.7040548258138207,1.0879126788186273,10.890038749158135
s5,680,median_mad,87849,67285,70312,50166,0.7134770736147457,8734,6200,0.7098694756125487,8803,6209,0.7053277291832329,1.082310757317555,10.888351748321265
s5,681,median_mad,87468,66683,69932,49658,0.710089801521478,8824,6337,0.718155031731641,8712,6190,0.710514233241506,1.0867391544321918,10.230039418922681
s5,682,median_mad,87353,66863,69855,49694,0.7113878748836876,8691,6228,0.7166033828098033,8807,6335,0.7193141819007608,1.0889394673827422,10.778627356210638
s5,683,median_mad,87389,66665,69834,49783,0.7128762493914139,8772,6148,0.7008663930688555,8783,6158,0.7011271775019925,1.0844144722832305,10.645170780409707
s5,684,median_mad,87317,66686,69642,49523,0.7111082392808937,8873,6375,0.7184717682858109,8802,6280,0.7134742104067258,1.084123620139715,10.53035418189285
s5,685,median_mad,87672,67087,70130,49921,0.7118351632682162,8733,6262,0.7170502690942402,8809,6301,0.7152911794755363,1.0814456273003765,10.784029378914097
s5,686,median_mad,86838,66524,69282,49454,0.7138073381253428,8795,6193,0.7041500852757249,8761,6273,0.7160141536354298,1.0839142144260656,10.815799561006038
s5,687,median_mad,87877,67275,70272,50223,0.7146943306010929,8708,6283,0.7215204409738172,8897,6192,0.6959649319995505,1.085344614246027,10.761967786015504
s5,688,median_mad,87236,66658,69698,49639,0.7122012109386209,8763,6228,0.7107155083875385,8775,6315,0.7196581196581197,1.0902326512356753,10.306253941005984
s5,689,median_mad,87326,66788,69872,49717,0.7115439661094572,8724,6217,0.7126318202659331,8730,6185,0.7084765177548683,1.0890153676367187,10.688457317954185
s5,690,median_mad,87465,66868,70059,49895,0.712185443697455,8840,6322,0.715158371040724,8566,6135,0.7162035956105534,1.094154489830949,10.725423465326996
s5,691,median_mad,87261,66808,69876,49772,0.712290342893125,8675,6221,0.7171181556195966,8710,6191,0.7107921928817451,1.0897899321847881,10.927224593127004
s5,692,median_mad,87880,67154,70160,49865,0.7107326111744584,8776,6216,0.7082953509571559,8944,6385,0.713886404293381,1.0892652940307361,10.835632524336974
s5,693,median_mad,87241,66772,69822,49680,0.711523588553751,8737,6347,0.7264507267940941,8682,6102,0.7028334485141673,1.0869112379164418,10.469937279688946
s5,694,median_mad,87471,66933,69914,49846,0.7129616385845468,8772,6251,0.7126082991336069,8785,6237,0.7099601593625497,1.0935273307133724,10.687388400027185
s5,695,median_mad,87590,67011,70080,49883,0.711800799086758,8790,6230,0.7087599544937428,8720,6223,0.7136467889908257,1.0942754326602564,10.557573186788963
s5,696,median_mad,87368,66894,69645,49729,0.7140354655754182,8926,6397,0.7166704010755097,8797,6275,0.7133113561441401,1.0916940424182293,10.543320188542811
s5,697,median_mad,87090,66765,69667,49798,0.7148004076535519,8708,6290,0.7223242994947175,8715,6206,0.7121055651176134,1.1001872935105668,10.77712690642233
s5,698,median_mad,88091,67394,70487,50124,0.7111098500432704,8835,6289,0.7118279569892473,8769,6245,0.7121678640665983,1.0899995598708316,10.694860423816666
s5,699,median_mad,87683,67156,70159,50034,0.7131515557519349,8749,6198,0.7084238198651275,8775,6323,0.7205698005698006,1.0946201935673936,10.744852786943719
s5,700,median_mad,87617,67032,70173,50058,0.7133512889572913,8692,6179,0.7108835710998619,8752,6237,0.7126371115173674,1.0907946676199973,10.41904829201465
s5,701,median_mad,86744,66273,69204,49304,0.7124443673776082,8730,6205,0.7107674684994273,8810,6230,0.7071509648127128,1.091671385125671,11.066999729182482
s5,702,median_mad,87533,66905,70114,49897,0.7116553042188436,8666,6230,0.7189014539579968,8753,6225,0.711184736661716,1.0823772860707446,10.750666182624013
s5,703,median_mad,87429,66863,70019,49840,0.711806795298419,8716,6221,0.7137448370812299,8694,6228,0.7163561076604554,1.096709997395602,10.992808803448092
s5,704,median_mad,87061,66502,69445,49545,0.7134422924616604,8861,6262,0.7066922469247263,8755,6197,0.707824100513992,1.0971566537863373,11.066127056788472
s5,705,median_mad,87509,67130,70068,50036,0.7141062967403095,8742,6255,0.7155113246396706,8699,6236,0.7168640073571675,1.0878833015072726,10.870167096505337
s5,706,median_mad,87490,67092,70002,50034,0.7147510071140825,8804,6294,0.7149023171285779,8684,6214,0.7155688622754491,1.0844004553310205,10.817296572256378
s5,707,median_mad,87428,66903,69927,49843,0.7127861913137987,8744,6314,0.7220951509606587,8757,6177,0.7053785542994176,1.0872917820325123,10.58781937083448
s5,708,median_mad,87609,67253,70174,50244,0.7159916778293955,8666,6155,0.7102469420724671,8769,6197,0.7066940358079599,1.0932546572496153,11.047512985380147
s5,709,median_mad,87531,66843,70080,49942,0.712642694063927,8683,6164,0.7098928941610042,8768,6148,0.7011861313868614,1.0877763973099772,10.639510199226676
s5,710,median_mad,87593,67277,70094,50223,0.7165092589950638,8695,6212,0.7144335825186889,8804,6218,0.706269877328487,1.0908160524329102,10.759059555016066
s5,711,median_mad,87242,66765,69844,49747,0.712258748067121,8676,6250,0.7203780544029507,8722,6237,0.7150882825040128,1.0839497643740241,10.877694773506722
s5,712,median_mad,87135,66506,69643,49594,0.7121175136051003,8797,6234,0.7086506763669432,8695,6185,0.7113283496262219,1.0835625149633117,10.571179037201155
s5,713,median_mad,87534,66836,69735,49544,0.7104610310461031,8911,6385,0.7165301312983953,8888,6281,0.7066831683168316,1.0886634620878497,10.823268141474294
s5,714,median_mad,86947,66727,69510,49674,0.7146309883470005,8712,6228,0.7148760330578512,8725,6281,0.7198853868194842,1.0913356518358768,10.605340039562318
s5,715,median_mad,87198,66853,69738,49789,0.7139436175399352,8550,6139,0.7180116959064328,8910,6339,0.7114478114478114,1.082945384664742,10.89218265726818
s5,716,median_mad,87473,66789,70102,49896,0.7117628598328151,8805,6192,0.703236797274276,8566,6086,0.7104833060938595,1.0828467589628072,10.871516733455476
s5,717,median_mad,87050,66629,69650,49615,0.7123474515434315,8715,6183,0.7094664371772805,8685,6198,0.7136442141623489,1.083277205157028,10.509624948237052
s5,718,median_mad,87670,67127,69948,49861,0.7128295305083776,8834,6329,0.7164364953588408,8888,6379,0.7177092709270927,1.0820081799899397,11.026975380010102
s5,719,median_mad,86995,66603,69474,49561,0.713374787690359,8794,6245,0.710143279508756,8727,6231,0.7139910622206944,1.0721741248754033,10.336083045347271
s5,0,robust_mahalanobis,87609,67097,70276,50815,0.7230775798281063,8801,6304,0.7162822406544711,8532,6184,0.7248007501172058,1.3182913228705404,9.693158491525425
s5,1,robust_mahalanobis,87168,66615,69589,50233,0.7218525916452313,8793,6282,0.714431934493347,8786,6316,0.7188709310266332,1.3032413767756184,10.347261572013878
s5,2,robust_mahalanobis,87317,66743,69866,50422,0.7216958177081843,8694,6238,0.7175063262019784,8757,6286,0.7178257394084733,1.3184444624734812,9.945212422248186
s5,3,robust_mahalanobis,87288,66717,69610,50187,0.7209739979887947,8841,6410,0.725031105078611,8837,6397,0.7238881973520426,1.3221411549804856,10.06825179367031
s5,4,robust_mahalanobis,87428,66949,69935,50570,0.7231000214484878,8786,6281,0.714887320737537,8707,6289,0.7222924084070288,1.3180773877871839,9.99830932117062
s5,5,robust_mahalanobis,87429,66885,69969,50539,0.7223055924766683,8745,6338,0.724757004002287,8715,6256,0.7178427997705106,1.322179237048235,9.63957621431003
s5,6,robust_mahalanobis,87358,66871,70079,50646,0.7226986686453859,8631,6220,0.7206580929208667,8648,6220,0.7192414431082331,1.3009078900945308,9.827236637298482
s5,7,robust_mahalanobis,87888,67203,70258,50702,0.7216544735119133,8782,6329,0.7206786608972899,8848,6332,0.7156419529837251,1.3126998242831758,10.27420726357027
s5,8,robust_mahalanobis,87051,66716,69500,50268,0.7232805755395684,8807,6310,0.7164755308277506,8744,6301,0.720608417200366,1.3061193434033997,9.738257758109492
s5,9,robust_mahalanobis,87188,66730,69771,50387,0.7221768356480486,8711,6270,0.7197795890253702,8706,6319,0.7258212726855042,1.3155339159998203,10.010778482533494
s5,10,robust_mahalanobis,87743,67145,70250,50771,0.7227188612099644,8699,6280,0.7219220600068973,8794,6318,0.7184443939049352,1.3119174123990505,9.980473884952803
s5,11,robust_mahalanobis,87128,66773,69590,50377,0.7239114815347033,8808,6369,0.7230926430517711,8730,6234,0.7140893470790378,1.3112285488485964,10.008113000065492
s5,12,robust_mahalanobis,87835,67160,70058,50597,0.7222158782722887,8876,6345,0.7148490310950879,8901,6400,0.7190203347938434,1.318992242187211,9.843854303906735
s5,13,robust_mahalanobis,87208,66721,69760,50383,0.7222333715596331,8766,6277,0.716062057951175,8682,6223,0.716770329417185,1.3119376477757256,9.806177715310973
s5,14,robust_mahalanobis,87003,66542,69522,50168,0.7216133022640315,8775,6331,0.7214814814814815,8706,6241,0.7168619342981851,1.3091059598433201,10.015143514607825
s5,15,robust_mahalanobis,87506,67125,69922,50650,0.7243785932896656,8812,6397,0.7259418974126192,8772,6236,0.7108983128134975,1.3229533441642038,10.179527960635856
s5,16,robust_mahalanobis,87008,66408,69736,50294,0.721205690030974,8628,6130,0.710477515067223,8644,6219,0.7194585839888941,1.3194690998593512,9.72249411862598
s5,17,robust_mahalanobis,87765,67236,70355,50920,0.7237580840025585,8745,6319,0.7225843339050886,8665,6227,0.7186381996537796,1.3159600808729175,9.684569788752107
s5,18,robust_mahalanobis,87096,66708,69556,50270,0.7227270113290011,8605,6220,0.7228355607205114,8935,6410,0.7174034695019585,1.3040780728846078,9.390432945017663
s5,19,robust_mahalanobis,87570,67199,69936,50561,0.7229609929078015,8876,6421,0.7234114465975665,8758,6408,0.7316738981502626,1.3124909561572682,10.346029339065435
s5,20,robust_mahalanobis,87216,66599,69860,50310,0.720154594904094,8632,6262,0.7254402224281742,8724,6257,0.7172168729940395,1.3086607732151656,10.277837376158532
s5,21,robust_mahalanobis,87320,66840,69863,50461,0.7222850435853027,8611,6199,0.7198931599117407,8846,6349,0.7177255256613159,1.3174857794134505,9.717509183853393
s5,22,robust_mahalanobis,87657,67048,70165,50624,0.7214993230242999,8629,6278,0.7275466450341871,8863,6369,0.7186054383391628,1.3079769835235266,10.135146307591423
s5,23,robust_mahalanobis,87072,66794,69825,50533,0.7237092731829574,8582,6177,0.7197622931717549,8665,6327,0.7301788805539526,1.3148404181043272,9.553110821836801
s5,24,robust_mahalanobis,87549,67194,69959,50645,0.7239240126359725,8885,6404,0.7207653348339899,8705,6332,0.7273980470993682,1.311853514058107,10.278196233138376
s5,25,robust_mahalanobis,87199,66683,69794,50367,0.7216522910278821,8696,6305,0.7250459981600736,8709,6295,0.7228154782409002,1.3200273591153746,9.8088248309798
s5,26,robust_mahalanobis,87686,67210,70085,50609,0.7221088678033816,8833,6470,0.7324804709611683,8768,6326,0.7214872262773723,1.3091277698179895,9.986799949342497
s5,27,robust_mahalanobis,87502,66834,69964,50464,0.721285232405237,8757,6336,0.723535457348407,8781,6295,0.7168887370458945,1.32385659313094,9.691358295162406
s5,28,robust_mahalanobis,87599,67202,69890,50559,0.7234082129059951,8836,6481,0.7334766862833861,8873,6430,0.7246703482474924,1.3154027054994535,9.670917343976226
s5,29,robust_mahalanobis,87473,67030,70132,50711,0.7230793361090515,8562,6189,0.7228451296426068,8779,6345,0.7227474655427725,1.3189062828961506,10.000663759800991
s5,30,robust_mahalanobis,87389,66637,69691,50068,0.7184284914838358,8904,6447,0.7240566037735849,8794,6383,0.7258357971344098,1.3136668749187717,9.915813472626052
s5,31,robust_mahalanobis,87540,67168,70020,50697,0.7240359897172236,8811,6430,0.7297696061741006,8709,6250,0.7176484096911241,1.3208386001291652,9.777526725319483
s5,32,robust_mahalanobis,87389,67195,69918,50740,0.7257072570725708,8718,6302,0.7228722183987153,8753,6306,0.7204387067291215,1.3104633334215425,9.929313374417019
s5,33,robust_mahalanobis,87334,66945,69747,50438,0.7231565515362668,8818,6312,0.7158085733726468,8769,6367,0.7260805108906375,1.3029760281155343,10.012254637914502
s5,34,robust_mahalanobis,87400,66857,69894,50355,0.7204481071336596,8748,6357,0.7266803840877915,8758,6324,0.7220826672756337,1.3086066446321614,9.99672661830533
s5,35,robust_mahalanobis,87245,66668,69841,50330,0.7206368751879269,8673,6287,0.7248933471693763,8731,6290,0.7204214866567403,1.3137096649784072,10.129287756388509
s5,36,robust_mahalanobis,87506,67045,69942,50522,0.7223413685625232,8762,6353,0.7250627710568364,8802,6321,0.71813224267212,1.3056884976024439,9.94363647674712
s5,37,robust_mahalanobis,86806,66375,69478,50007,0.7197530153429863,8632,6292,0.7289156626506024,8696,6325,0.7273459061637535,1.3026218704373795,9.81551065451395
s5,38,robust_mahalanobis,87432,66781,69965,50422,0.7206746230257987,8823,6353,0.7200498696588462,8644,6240,0.7218880148079593,1.314472510013528,9.940720536876379
s5,39,robust_mahalanobis,87493,66845,69938,50433,0.7211101261116989,8804,6382,0.7248977737392095,8751,6261,0.7154610901611245,1.305842001051598,9.786785304309737
s5,40,robust_mahalanobis,87783,67222,70449,51004,0.7239847265397663,8657,6220,0.7184937045165761,8677,6216,0.7163766278667743,1.3210232870551724,10.223583290902402
s5,41,robust_mahalanobis,87475,66877,70037,50550,0.7217613547125091,8718,6290,0.7214957559073182,8720,6294,0.721788990825688,1.3066086018098635,10.278334064988025
s5,42,robust_mahalanobis,87191,66780,69776,50464,0.7232286172896125,8710,6316,0.7251435132032147,8705,6266,0.7198161975875933,1.3182145263435134,9.725378630989317
s5,43,robust_mahalanobis,87442,67097,69730,50529,0.7246378890004302,8767,6362,0.7256758298163568,8945,6437,0.7196198993851314,1.3101889332863768,9.799497109381079
s5,44,robust_mahalanobis,87801,67393,69922,50725,0.7254512170704499,8985,6452,0.7180856983861992,8894,6498,0.7306049021812457,1.3204032399338628,9.984899110625602
s5,45,robust_mahalanobis,87240,66868,69721,50462,0.7237704565338994,8825,6318,0.7159206798866855,8694,6268,0.720956981826547,1.3115291512806486,9.837203435016903
s5,46,robust_mahalanobis,87073,66636,69552,50224,0.72210720036807,8755,6277,0.716961736150771,8766,6382,0.728040155144878,1.315502302456913,9.770968860591669
s5,47,robust_mahalanobis,87361,66824,69972,50565,0.7226462013376779,8636,6125,0.7092403890690134,8753,6332,0.7234091168742146,1.3158967345319124,9.767833181277812
s5,48,robust_mahalanobis,87506,66959,70066,50593,0.7220763280335684,8685,6234,0.7177892918825561,8755,6285,0.7178754997144489,1.3106751547669822,10.20054497597776
s5,49,robust_mahalanobis,87074,66584,69561,50151,0.7209643334627162,8777,6362,0.7248490372564658,8736,6341,0.7258470695970696,1.3225849250276918,9.698995099852857
s5,50,robust_mahalanobis,87399,67006,70046,50759,0.7246523712988607,8774,6351,0.7238431730111694,8579,6133,0.7148851847534677,1.324188346521407,9.695663916833574
s5,51,robust_mahalanobis,87547,67009,70143,50661,0.7222531115007912,8726,6302,0.7222094888837955,8678,6274,0.7229776446185757,1.307750602277834,9.755709530822045
s5,52,robust_mahalanobis,87247,66830,69820,50400,0.7218562016614151,8609,6233,0.724009757230805,8818,6321,0.7168292129734634,1.303992040589937,9.792715519723952
s5,53,robust_mahalanobis,87270,66585,69876,50378,0.7209628484744405,8654,6193,0.7156228333718512,8740,6293,0.7200228832951945,1.3105500740897735,10.098846715631273
s5,54,robust_mahalanobis,87531,66867,70152,50649,0.7219893944577489,8851,6335,0.7157383346514519,8528,6130,0.7188086303939962,1.3183669738304868,9.795334768155326
s5,55,robust_mahalanobis,87198,66904,69857,50612,0.7245086390769715,8679,6184,0.7125244843876023,8662,6284,0.7254675594550912,1.3232022249245516,9.642252204700693
s5,56,robust_mahalanobis,87690,67118,70072,50554,0.7214579289873273,8924,6498,0.7281488121918422,8694,6279,0.7222222222222222,1.3094932205872212,9.661893297661647
s5,57,robust_mahalanobis,86955,66545,69632,50345,0.7230152803308824,8561,6095,0.7119495386053031,8762,6254,0.7137639808262953,1.3046158359795497,10.250119191361504
s5,58,robust_mahalanobis,87324,66820,69967,50549,0.7224691640344734,8628,6238,0.7229949003245248,8729,6245,0.7154313208844083,1.3080006989009239,10.070292724742709
s5,59,robust_mahalanobis,87514,67081,70137,50719,0.7231418509488572,8733,6276,0.7186533837169358,8644,6296,0.7283664969921333,1.3164132889442504,10.05954491189293
s5,60,robust_mahalanobis,87071,66517,69589,50205,0.7214502292028913,8780,6361,0.7244874715261959,8702,6224,0.7152378763502643,1.3099242050438953,9.674415685471683
s5,61,robust_mahalanobis,87345,66763,69799,50404,0.7221306895514262,8750,6354,0.7261714285714286,8796,6304,0.7166894042746703,1.3162080412354156,10.038802748780887
s5,62,robust_mahalanobis,86999,66529,69618,50249,0.7217817231175845,8705,6326,0.7267087880528432,8676,6243,0.7195712309820194,1.318192604619212,9.972062756599332
s5,63,robust_mahalanobis,87714,67220,69922,50555,0.7230199365006722,8826,6368,0.7215046453659641,8966,6473,0.721949587329913,1.3046603073315635,10.081418191402204
s5,64,robust_mahalanobis,87593,66852,70053,50521,0.721182533224844,8701,6253,0.7186530283875416,8839,6313,0.7142210657314175,1.3211069711313495,9.803619850535236
s5,65,robust_mahalanobis,87373,66813,69875,50439,0.7218461538461538,8750,6322,0.7225142857142857,8748,6347,0.7255372656607224,1.3185127671225507,9.62264950151151
s5,66,robust_mahalanobis,87626,66724,70197,50446,0.7186346994885822,8751,6242,0.7132899097246029,8678,6259,0.7212491357455635,1.3094879138605862,10.382935336832157
s5,67,robust_mahalanobis,87685,67139,70071,50623,0.7224529405888314,8825,6364,0.7211331444759207,8789,6366,0.7243144840141086,1.3225483873556638,9.91060631170751
s5,68,robust_mahalanobis,87493,66851,69839,50405,0.7217314108163061,8915,6382,0.715872125630959,8739,6240,0.7140405080672846,1.3184013852816552,9.841598332433882
s5,69,robust_mahalanobis,87639,67245,69989,50797,0.7257854805755191,8820,6357,0.7207482993197278,8830,6316,0.7152887882219705,1.3096284546404586,9.776742725344864
s5,70,robust_mahalanobis,87402,66766,69869,50271,0.7195036425310224,8707,6332,0.7272309635925118,8826,6343,0.718672105143893,1.3128156442495345,9.827666025742149
s5,71,robust_mahalanobis,87368,66847,69740,50354,0.7220246630341267,8768,6295,0.7179516423357665,8860,6409,0.7233634311512416,1.3161147464325802,10.353969450187286
s5,72,robust_mahalanobis,86938,66413,69478,50083,0.7208468867843059,8721,6277,0.7197569086113977,8739,6270,0.7174733951253004,1.310381654076316,9.565054340903915
s5,73,robust_mahalanobis,86954,66451,69546,50209,0.7219538147413223,8599,6174,0.7179904640074427,8809,6276,0.7124531728913611,1.3214233053022413,9.931313767736203
s5,74,robust_mahalanobis,87529,66892,69847,50354,0.7209185791802082,8932,6430,0.7198835647111509,8750,6305,0.7205714285714285,1.305990873000567,9.774897905901
s5,75,robust_mahalanobis,87098,66748,69597,50305,0.7228041438567754,8764,6316,0.7206754906435417,8737,6302,0.7213002174659494,1.3092737576528752,9.989575520878544
s5,76,robust_mahalanobis,87083,66695,69512,50184,0.7219472896766026,8819,6415,0.7274067354575349,8752,6281,0.7176645338208409,1.3001455349585331,10.1268586305535
s5,77,robust_mahalanobis,87224,66856,69525,50398,0.7248903272204243,8863,6371,0.7188310955658355,8836,6340,0.7175192394748755,1.314479769112637,10.071549223105666
s5,78,robust_mahalanobis,87492,67052,69877,50552,0.7234426206047769,8879,6431,0.7242932762698502,8736,6245,0.7148580586080586,1.3106470061820934,10.277994182973208
s5,79,robust_mahalanobis,87376,66784,69841,50279,0.719906645093856,8815,6413,0.7275099262620534,8720,6337,0.7267201834862386,1.3106482745169072,9.996980245973486
s5,80,robust_mahalanobis,87346,66904,69994,50556,0.7222904820413178,8628,6279,0.7277468706536857,8724,6248,0.7161852361302155,1.3145613565505534,9.918403375037064
s5,81,robust_mahalanobis,87199,66772,69740,50405,0.7227559506739317,8907,6452,0.7243740877961155,8552,6150,0.7191300280636108,1.3079655287580334,10.081820598675103
s5,82,robust_mahalanobis,87691,67078,70278,50740,0.7219898118899228,8771,6366,0.7258009348990994,8642,6189,0.7161536681323768,1.3233206484515017,10.030412601036236
s5,83,robust_mahalanobis,87841,66850,70100,50367,0.7185021398002853,8997,6439,0.7156830054462598,8744,6231,0.7126029277218664,1.3192052074755742,9.931901069566091
s5,84,robust_mahalanobis,87355,66738,69857,50416,0.7217029073679088,8767,6306,0.7192882399908749,8731,6312,0.722941243843775,1.3261842208934906,9.75043802333143
s5,85,robust_mahalanobis,87509,67168,70087,50777,0.7244852825773681,8725,6311,0.723323782234957,8697,6236,0.7170288605266184,1.3138480525955025,10.03561656323251
s5,86,robust_mahalanobis,87519,66969,69704,50337,0.722153678411569,8924,6354,0.712012550425818,8891,6408,0.7207288269036104,1.3109508922839408,9.716659220655774
s5,87,robust_mahalanobis,87789,67234,70144,50633,0.7218436359489051,8780,6369,0.7253986332574032,8865,6419,0.7240834743372815,1.304880696123261,10.207354985681972
s5,88,robust_mahalanobis,87031,66605,69591,50303,0.7228377232688135,8796,6375,0.7247612551159618,8644,6158,0.7124016658954188,1.3153939827496075,9.798291776272821
s5,89,robust_mahalanobis,87144,66550,69658,50146,0.7198885985816418,8817,6394,0.7251899739140297,8669,6195,0.714615295881878,1.3084745102196846,10.171845412395959
s5,90,robust_mahalanobis,87666,67352,69804,50602,0.7249154776230589,8839,6399,0.7239506731530716,9023,6554,0.7263659536739444,1.3030954282913592,9.842357789940113
s5,91,robust_mahalanobis,87714,67194,70112,50603,0.7217452076677316,8911,6408,0.7191112108629784,8691,6355,0.731216200667357,1.3074188203192705,10.152631786214872
s5,92,robust_mahalanobis,87576,67003,69933,50529,0.7225344258075587,8891,6403,0.7201664604656394,8752,6298,0.7196069469835467,1.3154780832417328,9.977417188773911
s5,93,robust_mahalanobis,87335,66934,69931,50513,0.7223262930603023,8920,6480,0.726457399103139,8484,6142,0.723950966525224,1.3057505898904496,9.820299283266769
s5,94,robust_mahalanobis,87836,67169,70320,50744,0.7216154721274175,8855,6363,0.7185770750988142,8661,6220,0.7181618750721626,1.3198475710570525,10.198728700799265
s5,95,robust_mahalanobis,87302,66634,69734,50214,0.7200791579430407,8862,6379,0.7198149401940871,8706,6244,0.7172065242361589,1.3178317275444884,10.045798357917366
s5,96,robust_mahalanobis,87363,66513,69521,49975,0.7188475424691819,9072,6472,0.7134038800705468,8770,6270,0.7149372862029647,1.3134742553930883,9.869669963492493
s5,97,robust_mahalanobis,87092,66591,69621,50248,0.7217362577383261,8632,6146,0.7120018535681186,8839,6427,0.7271184523136102,1.3046233752307217,10.246053145198315
s5,98,robust_mahalanobis,87032,66790,69599,50400,0.72414833546459,8730,6232,0.7138602520045819,8703,6330,0.7273354015856601,1.3157624212598487,10.524671064688876
s5,99,robust_mahalanobis,87265,66981,69761,50624,0.7256776709049468,8753,6221,0.7107277504855478,8751,6338,0.7242600845617644,1.3135913198395748,9.867781934865482
s5,100,robust_mahalanobis,87492,66941,70180,50754,0.7231974921630094,8515,6150,0.722254844392249,8797,6279,0.713766056610208,1.314934772346522,9.897152690699192
s5,101,robust_mahalanobis,87480,67152,70047,50789,0.7250703099347581,8662,6231,0.7193488801662433,8771,6331,0.7218105119142629,1.3166177775141792,10.016246053159984
s5,102,robust_mahalanobis,87267,66802,69987,50642,0.7235915241401975,8672,6213,0.7164437269372693,8608,6198,0.7200278810408922,1.3104763012193537,9.839878621157304
s5,103,robust_mahalanobis,86937,66530,69414,50064,0.7212377906474198,8797,6314,0.7177446856883029,8726,6360,0.7288562915425166,1.3137021400756594,9.695851477176358
s5,104,robust_mahalanobis,87484,66923,69676,50292,0.7217980366266721,8820,6307,0.7150793650793651,8988,6508,0.724076546506453,1.3110695364259661,9.78973464377416
s5,105,robust_mahalanobis,87668,67073,70067,50496,0.7206816332938473,8777,6368,0.7255326421328472,8824,6380,0.7230281051677244,1.3099844966537886,9.973767436196548
s5,106,robust_mahalanobis,87503,66936,69955,50433,0.7209348867128869,8866,6360,0.7173471689600722,8682,6331,0.7292098594793827,1.3061501603494425,10.250349315430602
s5,107,robust_mahalanobis,87751,67142,70304,50734,0.7216374601729632,8706,6244,0.7172065242361589,8741,6331,0.724287838920032,1.3179307097569684,10.06242104606114
s5,108,robust_mahalanobis,87652,67116,70124,50671,0.7225914095031658,8768,6328,0.7217153284671532,8760,6347,0.7245433789954338,1.3188126469195127,9.74560858554925
s5,109,robust_mahalanobis,87446,66856,69912,50326,0.7198478086737613,8677,6281,0.723867696208367,8857,6431,0.7260923563283279,1.3155440040765076,10.099787969480605
s5,110,robust_mahalanobis,87274,66851,69853,50553,0.7237054958269509,8635,6197,0.7176606832657788,8786,6294,0.7163669474163442,1.316087176331676,9.791026765483444
s5,111,robust_mahalanobis,87478,67103,70161,50818,0.7243055258619461,8809,6367,0.7227835168577591,8508,6096,0.7165021156558533,1.3083433018893522,9.913794560113915
s5,112,robust_mahalanobis,87411,66977,69895,50457,0.7218971314114028,8805,6413,0.7283361726291879,8711,6322,0.7257490529215934,1.3037774810108822,10.361173865158948
s5,113,robust_mahalanobis,87510,66974,69940,50547,0.7227194738347155,8819,6335,0.7183354121782515,8751,6339,0.7243743572163182,1.3292372582568137,9.693492911847242
s5,114,robust_mahalanobis,87440,66950,70069,50779,0.72469993863192,8799,6286,0.7143993635640413,8572,6076,0.7088194120391974,1.320368600097978,9.996180644696324
s5,115,robust_mahalanobis,86978,66753,69500,50338,0.7242877697841726,8763,6322,0.7214424283921032,8715,6318,0.7249569707401032,1.3164588061572493,10.09658656219284
s5,116,robust_mahalanobis,87272,67002,69852,50623,0.7247179751474546,8674,6242,0.7196218584274844,8746,6336,0.7244454607820718,1.3138716168247817,10.076442620028772
s5,117,robust_mahalanobis,87547,67209,70042,50793,0.7251791782073613,8819,6361,0.7212835922440186,8686,6254,0.720009210223348,1.3222956548648128,9.851544135244808
s5,118,robust_mahalanobis,87738,67162,70231,50766,0.7228431889051843,8752,6284,0.7180073126142597,8755,6260,0.7150199885779555,1.311174797186392,10.291998587622992
s5,119,robust_mahalanobis,87229,67173,69677,50688,0.7274710449646224,8816,6391,0.724931941923775,8736,6336,0.7252747252747253,1.3175575344540629,9.853861178268827
s5,120,robust_mahalanobis,87512,67041,70063,50643,0.722820889770635,8757,6302,0.719652849149252,8692,6330,0.728255867464335,1.3247819083210266,9.942753245407474
s5,121,robust_mahalanobis,87219,66556,69905,50323,0.7198769758958586,8841,6390,0.7227689175432643,8473,6054,0.7145048979110115,1.311786697586637,9.96490645590047
s5,122,robust_mahalanobis,87853,67339,70220,50807,0.7235403019082882,8755,6292,0.718675042832667,8878,6407,0.7216715476458662,1.3075723945841669,9.769132114175349
s5,123,robust_mahalanobis,87229,66594,69959,50423,0.7207507254248917,8586,6125,0.7133706033077102,8684,6252,0.7199447259327498,1.3140699344715538,10.225455524167057
s5,124,robust_mahalanobis,87296,66772,69916,50684,0.7249270553235311,8860,6311,0.7123024830699775,8520,6114,0.717605633802817,1.3260109969531881,10.155047567515428
s5,125,robust_mahalanobis,87200,66559,69763,50348,0.7217006149391512,8721,6295,0.7218208920995298,8716,6168,0.7076640660853603,1.3287300882521,9.95742636905629
s5,126,robust_mahalanobis,87118,66718,69726,50493,0.7241631529128302,8695,6205,0.7136285221391604,8697,6240,0.7174887892376681,1.3200772014119284,10.035464636243429
s5,127,robust_mahalanobis,87695,67294,70116,50788,0.7243425181128416,8729,6299,0.7216175965173559,8850,6379,0.7207909604519774,1.3169391344084032,9.896986430920885
s5,128,robust_mahalanobis,86783,66368,69398,49979,0.7201792558863368,8849,6460,0.7300259916374732,8536,6164,0.7221180880974696,1.3105287412796165,9.801875298267632
s5,129,robust_mahalanobis,87369,66877,69909,50550,0.7230828648671844,8690,6259,0.720253164556962,8770,6301,0.7184720638540479,1.3221294544946278,9.654974247519897
s5,130,robust_mahalanobis,87608,66916,70145,50589,0.7212060731342219,8745,6266,0.7165237278444826,8718,6188,0.7097958247304428,1.3071023576110108,9.997196579485333
s5,131,robust_mahalanobis,86929,66564,69502,50209,0.7224108658743633,8728,6317,0.7237626031164069,8699,6262,0.7198528566501897,1.3150348560845255,9.847912920622798
s5,132,robust_mahalanobis,87239,67097,69756,50563,0.7248552095877057,8874,6445,0.7262790173540681,8609,6280,0.7294691601812057,1.3144995248346316,9.985799991742155
s5,133,robust_mahalanobis,87097,66772,69537,50296,0.7232983879085955,8753,6335,0.7237518565063407,8807,6413,0.7281707732485523,1.3243751188547574,10.234758703354736
s5,134,robust_mahalanobis,87512,67013,69939,50520,0.7223437567022691,8760,6301,0.7192922374429224,8813,6388,0.7248383070464087,1.3271242798370753,10.207284133472623
s5,135,robust_mahalanobis,87823,67125,70306,50738,0.7216738258470117,8695,6253,0.7191489361702128,8822,6330,0.7175243708909544,1.3176382248065501,10.045947677047204
s5,136,robust_mahalanobis,87401,66766,70010,50402,0.7199257248964434,8756,6274,0.7165372316126085,8635,6325,0.732484076433121,1.3170930654412105,9.497959328762228
s5,137,robust_mahalanobis,87107,66600,69667,50263,0.7214750168659481,8733,6257,0.7164777281575633,8707,6304,0.7240151602159183,1.3201984579590604,9.943179743182498
s5,138,robust_mahalanobis,87634,67145,69926,50546,0.7228498698624259,8868,6444,0.7266576454668471,8840,6375,0.7211538461538461,1.3183399627027963,9.653607235091219
s5,139,robust_mahalanobis,87306,66769,69974,50553,0.7224540543630491,8665,6193,0.7147143681477207,8667,6269,0.7233183339102343,1.3300502162878605,10.22392349862042
s5,140,robust_mahalanobis,87655,67108,69985,50595,0.722940630135029,8866,6410,0.7229866907286262,8804,6354,0.7217174011812812,1.3159244146735503,9.93804571456719
s5,141,robust_mahalanobis,87113,66741,69646,50434,0.7241478333285473,8728,6266,0.7179193400549955,8739,6271,0.7175878246939009,1.3148163875251417,9.962317222470926
s5,142,robust_mahalanobis,87509,66985,70185,50703,0.7224193203675999,8747,6344,0.7252772379101406,8577,6136,0.7154016555905328,1.312177205509313,10.115981197830973
s5,143,robust_mahalanobis,86906,66365,69513,50048,0.7199804353142578,8708,6311,0.7247358750574184,8685,6199,0.7137593552101325,1.3054235774310539,10.050241565057611
s5,144,robust_mahalanobis,87359,66652,69733,50213,0.7200751437626375,8827,6348,0.7191571315282655,8799,6347,0.7213319695419934,1.3137396051084838,10.179310575922464
s5,145,robust_mahalanobis,87233,66824,69596,50339,0.7233030633944479,8824,6321,0.7163417951042611,8813,6380,0.7239305571315102,1.3161193802867355,10.199322744483007
s5,146,robust_mahalanobis,87697,66986,70059,50479,0.72052127492542,8774,6284,0.7162069751538637,8864,6432,0.7256317689530686,1.3148324052448643,10.327579505240605
s5,147,robust_mahalanobis,87416,67046,70133,50738,0.723454008811829,8690,6334,0.7288837744533947,8593,6247,0.726987082509019,1.3227461084744458,9.986995166463046
s5,148,robust_mahalanobis,87779,67193,70237,50741,0.7224255022281704,8741,6325,0.7236014186019906,8801,6306,0.7165094875582321,1.3131271124617587,10.177528903819432
s5,149,robust_mahalanobis,87609,67034,70255,50689,0.7215002490925913,8657,6247,0.7216125678641562,8697,6248,0.7184086466597678,1.3127085483786702,9.909891333054285
s5,150,robust_mahalanobis,87818,67241,70346,50804,0.7222016887953828,8717,6211,0.7125157737753814,8755,6349,0.7251856082238721,1.3043065145674912,9.893269379714459
s5,151,robust_mahalanobis,87901,67541,70257,50953,0.7252373428982165,8949,6487,0.7248854620628004,8695,6279,0.7221391604370327,1.3187161019390907,9.877565160778643
s5,152,robust_mahalanobis,87022,66670,69621,50307,0.7225837031930021,8783,6323,0.7199134692018673,8618,6225,0.7223253655140404,1.304025358224881,10.265348572314117
s5,153,robust_mahalanobis,87170,66717,69591,50247,0.7220330215114024,8834,6449,0.7300203758206928,8745,6234,0.7128644939965695,1.3150049609607257,10.056005010099799
s5,154,robust_mahalanobis,87025,66697,69518,50291,0.7234241491412297,8773,6299,0.7179984041946883,8734,6271,0.7179986260590795,1.3050007361227438,9.678766075187253
s5,155,robust_mahalanobis,87482,67020,69916,50558,0.723124892728417,8673,6236,0.7190130289403898,8893,6398,0.7194422579556955,1.3164970169468597,9.670855790060727
s5,156,robust_mahalanobis,87140,66608,69571,50134,0.7206163487660088,8763,6310,0.7200730343489673,8806,6372,0.7235975471269589,1.3223621196484348,9.860079558023541
s5,157,robust_mahalanobis,87513,66929,69909,50381,0.7206654364960162,8806,6397,0.7264365205541676,8798,6317,0.7180040918390543,1.3195673220590642,9.363086710865277
s5,158,robust_mahalanobis,87310,66772,69636,50242,0.7214946292147739,8891,6371,0.7165673152626252,8783,6355,0.7235568712285096,1.3193851560843282,9.714081585537963
s5,159,robust_mahalanobis,87294,66610,69803,50239,0.7197255132300904,8719,6267,0.7187750888863402,8772,6292,0.717282261741906,1.3166610408112005,9.95187355113785
s5,160,robust_mahalanobis,87163,66929,69622,50347,0.7231478555628967,8804,6428,0.7301226715129486,8737,6321,0.723474876960055,1.3206314937377464,9.989817501895422
s5,161,robust_mahalanobis,87352,66801,69874,50445,0.7219423533789392,8705,6233,0.7160252728317059,8773,6324,0.7208480565371025,1.3159374916563908,10.055699417919303
s5,162,robust_mahalanobis,87730,67134,70118,50647,0.7223109615220058,8719,6332,0.7262300722559927,8893,6311,0.7096592825818059,1.3151579179347628,10.074502498595782
s5,163,robust_mahalanobis,87694,67014,70161,50475,0.7194167700004276,8798,6362,0.7231188906569674,8735,6328,0.7244419004006869,1.3038758641201846,9.825915328846607
s5,164,robust_mahalanobis,87749,67066,70358,50900,0.7234429631314137,8791,6269,0.7131156864975543,8600,6140,0.713953488372093,1.3140143248736118,10.013009202343483
s5,165,robust_mahalanobis,87042,66602,69626,50315,0.7226467124350099,8653,6204,0.7169767710620594,8763,6320,0.7212141960515805,1.3128259267974085,9.734185861279961
s5,166,robust_mahalanobis,87373,66711,69954,50375,0.7201160762786974,8751,6323,0.7225459947434579,8668,6211,0.7165436086755884,1.3163784539475638,9.983875816949915
s5,167,robust_mahalanobis,87426,67015,70003,50675,0.7238975472479751,8793,6338,0.7208006368702377,8630,6256,0.7249130938586327,1.3316721213540714,9.598484094600138
s5,168,robust_mahalanobis,87453,66725,69855,50358,0.7208932789349367,8762,6281,0.7168454690709883,8836,6311,0.7142372114078769,1.314060316327092,10.116816797377362
s5,169,robust_mahalanobis,87194,66963,69698,50492,0.7244397256736205,8711,6288,0.7218459419125244,8785,6390,0.7273762094479226,1.312443192661591,9.959950557690496
s5,170,robust_mahalanobis,87323,66885,69877,50449,0.7219686019720366,8777,6384,0.7273555884698644,8669,6228,0.7184219633175684,1.3143411037975108,9.913530049108251
s5,171,robust_mahalanobis,87381,66618,69970,50324,0.7192225239388309,8794,6351,0.7221969524675915,8617,6163,0.7152141116397819,1.3216496496581183,9.52958224931613
s5,172,robust_mahalanobis,87469,66810,69970,50428,0.7207088752322424,8648,6247,0.72236355226642,8851,6366,0.7192407637555078,1.3180810268437622,9.164378549694037
s5,173,robust_mahalanobis,87215,67067,69631,50462,0.7247059499360917,8699,6379,0.7333026784687895,8885,6463,0.7274057400112549,1.3242606324853259,9.489132478667926
s5,174,robust_mahalanobis,87381,66919,69939,50563,0.7229585781895652,8753,6341,0.724437335770593,8689,6201,0.7136609506272298,1.3245017151552843,9.784472475638928
s5,175,robust_mahalanobis,87375,67029,69852,50512,0.7231289011051938,8702,6267,0.7201792691335325,8821,6436,0.7296224917809773,1.320075418321974,9.7762806993041
s5,176,robust_mahalanobis,87583,67022,70174,50715,0.7227035654230912,8681,6346,0.7310217716852897,8728,6192,0.7094408799266728,1.330927083639709,9.95923567613987
s5,177,robust_mahalanobis,87465,66860,70069,50684,0.7233441322125334,8662,6192,0.7148464557838836,8734,6182,0.707808564231738,1.3319161680409577,9.897926416560919
s5,178,robust_mahalanobis,87702,67019,70175,50726,0.7228500178126114,8752,6260,0.7152650822669104,8775,6231,0.7100854700854701,1.3204251873654242,9.950605948608402
s5,179,robust_mahalanobis,87399,66782,69958,50468,0.721404271134109,8798,6299,0.7159581723118891,8643,6248,0.7228971421959968,1.3286027794308395,9.46545606238378
s5,180,robust_mahalanobis,87857,67186,70085,50459,0.7199686095455519,8788,6363,0.7240555302685481,8984,6553,0.7294078361531612,1.3203889868209413,10.182836812066338
s5,181,robust_mahalanobis,87692,67084,70152,50593,0.7211911278366975,8824,6381,0.7231414324569356,8716,6306,0.7234970169802661,1.3216432689832422,9.862853963551983
s5,182,robust_mahalanobis,87982,67249,70264,50683,0.7213224410793578,8915,6444,0.7228266965787997,8803,6323,0.7182778598205157,1.320760409484364,9.668504851427281
s5,183,robust_mahalanobis,87533,66754,70095,50452,0.7197660318139668,8634,6156,0.7129951355107713,8804,6332,0.7192185370286234,1.3100800596829156,10.018776978084329
s5,184,robust_mahalanobis,86997,66555,69742,50338,0.7217745404490837,8591,6160,0.7170294494238156,8664,6303,0.7274930747922438,1.3153209845453901,10.024187051744446
s5,185,robust_mahalanobis,87519,66979,70098,50552,0.7211618020485606,8667,6258,0.722049151955694,8754,6322,0.7221841443911354,1.3157780171158462,9.550306511571096
s5,186,robust_mahalanobis,87394,66857,70145,50676,0.7224463611091311,8651,6207,0.7174893075944977,8598,6171,0.717725052337753,1.3111607102232752,9.970325426582967
s5,187,robust_mahalanobis,87742,67208,70462,50845,0.7215946183758621,8556,6202,0.7248714352501169,8724,6301,0.7222604309949564,1.3180573995099982,10.04877329744351
s5,188,robust_mahalanobis,87423,67196,69820,50696,0.7260956745918075,8776,6328,0.7210574293527803,8827,6372,0.7218760620822476,1.3210601531802937,9.78671452280459
s5,189,robust_mahalanobis,87329,66800,69665,50229,0.72100767960956,8864,6416,0.723826714801444,8800,6347,0.72125,1.3217637101874615,10.000004455215137
s5,190,robust_mahalanobis,87466,66881,69915,50448,0.7215618965887148,8784,6271,0.7139116575591985,8767,6395,0.7294399452492301,1.327592348468556,9.350581964364366
s5,191,robust_mahalanobis,87246,66914,69606,50363,0.7235439473608597,8858,6471,0.7305260781214721,8782,6322,0.7198815759508085,1.3174609444927385,9.979041481096907
s5,192,robust_mahalanobis,87863,67388,70268,50842,0.7235441452723858,8845,6376,0.7208592425098926,8750,6301,0.7201142857142857,1.3275839902709796,9.998768110912318
s5,193,robust_mahalanobis,87159,66673,69991,50484,0.7212927376376963,8641,6227,0.7206341858581182,8527,6144,0.7205347719010203,1.3184031889123058,9.89918566984908
s5,194,robust_mahalanobis,88066,67094,70460,50580,0.7178541016179393,8780,6312,0.7189066059225513,8826,6341,0.7184455019261273,1.311864380932065,10.177109183370645
s5,195,robust_mahalanobis,87581,67103,70142,50643,0.7220067862336403,8681,6223,0.7168528971316669,8758,6372,0.7275633706325645,1.3183044350718627,10.057340010080356
s5,196,robust_mahalanobis,87601,67040,70152,50803,0.7241846276656403,8663,6116,0.705990996190696,8786,6289,0.7157978602321876,1.3224842875325682,9.62487362026423
s5,197,robust_mahalanobis,87672,67085,70087,50694,0.7233010401358312,8770,6280,0.7160775370581528,8815,6303,0.7150311968235962,1.313102627862191,9.856325512828992
s5,198,robust_mahalanobis,87056,66936,69479,50342,0.7245642568258035,8786,6389,0.7271796039153198,8791,6400,0.7280172904106472,1.3207272910300691,9.860128952058947
s5,199,robust_mahalanobis,87314,66926,69910,50546,0.7230153053926477,8602,6183,0.7187863287607533,8802,6378,0.7246080436264485,1.3144990361157722,9.91074102761967
s5,200,robust_mahalanobis,87375,66884,69864,50629,0.7246793770754609,8763,6188,0.7061508615770855,8748,6293,0.7193644261545497,1.333249280061699,9.718086453785267
s5,201,robust_mahalanobis,87286,66834,70076,50581,0.7218020434956333,8661,6299,0.7272832236462302,8549,6203,0.7255819394081179,1.3091259974906182,9.647502355883091
s5,202,robust_mahalanobis,87798,67087,70215,50635,0.7211422060813216,8764,6362,0.7259242355089001,8819,6328,0.7175416713913142,1.3114259603834466,9.771642221842052
s5,203,robust_mahalanobis,87218,66847,69587,50400,0.724273211950508,8698,6281,0.72212002759255,8933,6394,0.7157729766036046,1.3135175163264556,10.076228016614087
s5,204,robust_mahalanobis,87796,67053,70245,50556,0.7197095878710228,8850,6358,0.7184180790960452,8701,6319,0.726238363406505,1.3098453790349007,9.993219069987484
s5,205,robust_mahalanobis,87204,66954,69608,50524,0.725836110791863,8885,6402,0.7205402363534046,8711,6297,0.7228791183561015,1.3223715344647184,9.337434717066401
s5,206,robust_mahalanobis,87322,67034,69817,50507,0.7234197974705301,8781,6296,0.7170026192916524,8724,6376,0.7308574048601559,1.3159629508795403,9.85663106684564
s5,207,robust_mahalanobis,87811,67288,70425,50974,0.7238054668086616,8857,6368,0.7189793383764255,8529,6055,0.7099308242466877,1.3213127352421434,9.918969342904928
s5,208,robust_mahalanobis,87751,67299,70056,50654,0.7230501313235126,8857,6373,0.7195438636107034,8838,6343,0.7176963113826658,1.3160356106223674,10.108235052856609
s5,209,robust_mahalanobis,88268,67648,70701,51065,0.7222670117820116,8742,6301,0.7207732784259895,8825,6413,0.726685552407932,1.3160301177096332,10.372537332941205
s5,210,robust_mahalanobis,87619,67065,70145,50629,0.7217763204790077,8822,6364,0.7213783722511902,8652,6245,0.7217984281091078,1.317985933500351,10.065116582760766
s5,211,robust_mahalanobis,87470,66843,70045,50566,0.7219073452780356,8796,6323,0.7188494770350159,8629,6213,0.7200139065940433,1.3133106161052346,10.472919780799982
s5,212,robust_mahalanobis,87160,66812,69726,50385,0.7226142328543155,8799,6311,0.7172405955222184,8635,6266,0.7256514186450492,1.3103192781813302,9.827759785425235
s5,213,robust_mahalanobis,87578,67200,70184,50917,0.7254787415935255,8611,6138,0.7128091975380327,8783,6324,0.7200273255151998,1.3208110486920999,9.995836945632568
s5,214,robust_mahalanobis,87351,66867,69872,50551,0.7234800778566521,8786,6251,0.7114727976325973,8693,6267,0.7209248820890372,1.3191767625848447,10.124703261099674
s5,215,robust_mahalanobis,87510,66772,69988,50417,0.7203663485168886,8682,6235,0.7181524994240959,8840,6344,0.7176470588235294,1.3191438531534252,9.984226986984506
s5,216,robust_mahalanobis,87354,66997,69851,50563,0.7238693791069563,8707,6288,0.7221775582864361,8796,6330,0.7196452933151433,1.3213834436586065,9.681050032652154
s5,217,robust_mahalanobis,88058,67297,70474,50756,0.7202088713568124,8762,6354,0.7251769002510843,8822,6343,0.7189979596463387,1.3198072401018577,9.900200342830736
s5,218,robust_mahalanobis,87427,66901,69957,50491,0.7217433566333605,8812,6362,0.7219700408533818,8658,6218,0.7181797181797182,1.3187632297691811,10.572721849596622
s5,219,robust_mahalanobis,87443,66855,69897,50359,0.7204744123496001,8826,6421,0.727509630636755,8720,6259,0.7177752293577981,1.3207422388159014,9.793598804194081
s5,220,robust_mahalanobis,86779,66236,69565,50083,0.7199453748292963,8686,6191,0.7127561593368639,8528,6148,0.7209193245778611,1.3192718741756817,9.956937528926424
s5,221,robust_mahalanobis,87417,66892,69989,50536,0.7220563231364929,8617,6226,0.7225252408030637,8811,6335,0.7189876290999887,1.3118922043026882,9.865290145998152
s5,222,robust_mahalanobis,87706,67180,70334,50782,0.7220121136292547,8535,6134,0.7186877562975982,8837,6436,0.7283014597714157,1.3220858234165387,10.242637988996941
s5,223,robust_mahalanobis,87364,66555,69842,50298,0.7201683800578449,8788,6257,0.711993627674101,8734,6302,0.7215479734371422,1.3266494889091536,9.511096605087813
s5,224,robust_mahalanobis,87353,66869,69737,50362,0.7221704403688143,8894,6484,0.7290308072858107,8722,6304,0.7227700068791562,1.3205575700687229,9.911209020270537
s5,225,robust_mahalanobis,87288,66805,70045,50516,0.7211935184524234,8608,6225,0.7231644981412639,8635,6307,0.7303995367689635,1.3162728411759628,10.068984184730072
s5,226,robust_mahalanobis,87407,66823,69920,50418,0.7210812356979405,8777,6327,0.7208613421442406,8710,6285,0.7215843857634903,1.3090859139432918,9.946982994073867
s5,227,robust_mahalanobis,87391,66688,69930,50296,0.7192335192335192,8701,6293,0.7232502011263073,8760,6299,0.7190639269406393,1.3216897939945171,9.861913931623054
s5,228,robust_mahalanobis,87389,66889,69985,50410,0.7202972065442594,8754,6426,0.7340644276901988,8650,6234,0.7206936416184971,1.3156816592941354,9.7926044718593
s5,229,robust_mahalanobis,87069,66461,69430,50042,0.720754716981132,8809,6287,0.7137018957883983,8830,6402,0.7250283125707814,1.3180699155192626,9.95297792167826
s5,230,robust_mahalanobis,87054,66554,69728,50198,0.7199116567232675,8596,6246,0.7266170311772918,8730,6285,0.7199312714776632,1.3129680679370432,10.311238016235295
s5,231,robust_mahalanobis,87036,66278,69715,49989,0.7170479810657677,8785,6292,0.7162208309618668,8536,6133,0.7184864104967198,1.3009545648192034,10.340876600753756
s5,232,robust_mahalanobis,87091,66578,69716,50228,0.7204658901830283,8561,6180,0.7218782852470506,8814,6369,0.7226004084411164,1.318995853550653,9.955913924683683
s5,233,robust_mahalanobis,87351,66843,69988,50631,0.723424015545522,8675,6126,0.7061671469740634,8688,6255,0.7199585635359116,1.3133795681264004,9.94392840095191
s5,234,robust_mahalanobis,86945,66519,69481,50203,0.7225428534419481,8742,6241,0.7139098604438343,8722,6281,0.7201329970190323,1.3115364786788264,9.75885003325756
s5,235,robust_mahalanobis,87856,66942,70233,50617,0.7207010949268863,8803,6298,0.715437918891287,8820,6249,0.7085034013605442,1.3185593161026148,9.839021184405457
s5,236,robust_mahalanobis,87381,66891,70074,50603,0.7221365984530639,8797,6362,0.7232010912811185,8510,6085,0.7150411280846063,1.325775182903344,10.24493230418893
s5,237,robust_mahalanobis,87392,67001,69961,50575,0.7229027601092037,8729,6322,0.7242524916943521,8702,6253,0.7185704435761894,1.311545609985401,9.969039110525655
s5,238,robust_mahalanobis,87473,66997,69941,50506,0.7221229321856993,8740,6309,0.7218535469107551,8792,6375,0.725090991810737,1.3070760697294441,9.880379386048713
s5,239,robust_mahalanobis,87450,67005,69899,50540,0.7230432481151375,8781,6331,0.7209884978931784,8770,6324,0.7210946408209806,1.3123696510037193,9.972291562642095
s5,240,robust_mahalanobis,87719,67055,70075,50578,0.7217695326435961,8977,6399,0.712821655341428,8667,6254,0.7215876312449521,1.3232515967507097,10.466271887961097
s5,241,robust_mahalanobis,87960,67314,70268,50747,0.7221921785165367,8844,6313,0.7138172772501131,8848,6392,0.7224231464737794,1.3184081475294784,9.794720002190028
s5,242,robust_mahalanobis,87271,66739,69769,50387,0.7221975375883272,8770,6307,0.7191562143671608,8732,6244,0.7150710032065964,1.3231665995919317,9.879426409908966
s5,243,robust_mahalanobis,87117,66625,69687,50363,0.7227029431601303,8717,6257,0.7177928186302627,8713,6210,0.7127281074256857,1.3195456885706052,10.016977361726378
s5,244,robust_mahalanobis,87455,66844,69925,50376,0.7204290311047551,8713,6262,0.7186962010788477,8817,6372,0.7226947941476692,1.3133643117249556,10.109984410321793
s5,245,robust_mahalanobis,87640,67177,70119,50691,0.7229281649766826,8756,6332,0.7231612608497031,8765,6286,0.7171705647461495,1.3118890958016145,10.248716595850203
s5,246,robust_mahalanobis,87346,66843,69769,50287,0.7207642362653901,8770,6378,0.7272519954389965,8807,6355,0.7215851027591689,1.3157221111107436,10.236597635920614
s5,247,robust_mahalanobis,87587,66928,70102,50542,0.7209780034806424,8697,6174,0.7098999655053466,8788,6333,0.7206417842512517,1.3070653064907303,9.776569359915062
s5,248,robust_mahalanobis,87237,66743,69827,50412,0.7219556904922165,8775,6343,0.7228490028490029,8635,6244,0.7231036479444123,1.3204437249994856,10.135591787813084
s5,249,robust_mahalanobis,87471,66981,70049,50793,0.7251067110165741,8709,6204,0.7123665173957975,8713,6197,0.7112360840123952,1.3289524100025791,9.642613447499992
s5,250,robust_mahalanobis,87468,67047,69984,50610,0.7231652949245542,8804,6358,0.7221717401181281,8680,6207,0.7150921658986175,1.3147037026218216,10.093543681215912
s5,251,robust_mahalanobis,86937,66796,69730,50675,0.7267316793345763,8626,6221,0.7211917458845352,8581,6142,0.7157673930777299,1.3186447102232517,10.000735835634277
s5,252,robust_mahalanobis,87628,66979,70205,50544,0.7199487216010255,8707,6249,0.7176984035833237,8716,6295,0.7222349701698026,1.309922265498091,10.203900566278753
s5,253,robust_mahalanobis,87765,67221,70372,50777,0.7215511851304496,8506,6177,0.7261932753350576,8887,6424,0.7228536063913582,1.321974830921426,9.658394163551755
s5,254,robust_mahalanobis,87129,66589,69732,50259,0.7207451385303735,8653,6222,0.7190569744597249,8744,6288,0.7191216834400732,1.3203592850070678,9.81585690072901
s5,255,robust_mahalanobis,87430,66837,70097,50507,0.7205301225444741,8593,6164,0.7173280577214012,8740,6311,0.7220823798627002,1.3185083063726206,10.103183708346734
s5,256,robust_mahalanobis,87601,67003,70139,50502,0.7200273742140606,8773,6387,0.7280291804399863,8689,6243,0.7184946484060306,1.3159160807809667,10.090852726997495
s5,257,robust_mahalanobis,87456,66959,69876,50516,0.7229377754880073,8760,6258,0.7143835616438357,8820,6355,0.7205215419501134,1.3124405632790586,9.97814792091105
s5,258,robust_mahalanobis,87340,66795,69921,50477,0.7219147323407846,8777,6285,0.7160761080095704,8642,6226,0.7204350844711872,1.3119519302102816,9.622042203531352
s5,259,robust_mahalanobis,87365,67121,69719,50572,0.7253689811959437,8759,6268,0.7156068044297295,8887,6381,0.7180150782041184,1.3157990193013152,9.881310980463933
s5,260,robust_mahalanobis,87379,66799,69874,50449,0.7219995992787016,8653,6219,0.7187102738934473,8852,6295,0.7111387257117036,1.3152800933441013,10.007399777225816
s5,261,robust_mahalanobis,87134,66640,69958,50540,0.7224334600760456,8581,6175,0.7196130987064445,8595,6131,0.7133216986620128,1.3214681734100062,9.948335373437814
s5,262,robust_mahalanobis,86974,66820,69686,50547,0.7253537295870046,8673,6291,0.7253545485991006,8615,6217,0.7216482878699942,1.3229884084370107,9.739902960128976
s5,263,robust_mahalanobis,87475,66804,70189,50553,0.7202410634144951,8662,6204,0.716231817132302,8624,6232,0.7226345083487941,1.3216114296736308,10.06194164630387
s5,264,robust_mahalanobis,87847,67270,70436,50791,0.7210943267647226,8702,6288,0.7225925074695473,8709,6332,0.7270639568262717,1.3139316417742573,9.893390387521588
s5,265,robust_mahalanobis,87015,66393,69609,50086,0.7195333936703587,8780,6327,0.7206150341685649,8626,6239,0.7232784604683515,1.3295465462009752,10.12047534465703
s5,266,robust_mahalanobis,87527,66856,70163,50519,0.7200233741430668,8718,6352,0.7286074787795366,8646,6190,0.7159380060143419,1.3062887787662192,10.015726454561692
s5,267,robust_mahalanobis,87446,66689,70169,50436,0.7187789479684761,8663,6169,0.7121089691792681,8614,6211,0.7210355235662874,1.3097066646127686,9.895027855233547
s5,268,robust_mahalanobis,87167,66666,69654,50266,0.7216527406896948,8746,6248,0.7143837182712097,8767,6339,0.7230523554237481,1.316828173170698,10.046839617070562
s5,269,robust_mahalanobis,87239,66766,69936,50566,0.7230324868451156,8584,6173,0.7191286113699907,8719,6241,0.7157930955384791,1.3129817370694974,10.004874904688494
s5,270,robust_mahalanobis,87155,66409,69840,50357,0.7210337915234822,8730,6190,0.709049255441008,8585,6133,0.7143855562026791,1.3199871463626849,10.070331355321196
s5,271,robust_mahalanobis,87550,67045,70166,50640,0.7217170709460422,8655,6215,0.7180820335066436,8729,6355,0.7280329934700424,1.3144630535293882,9.483793475723537
s5,272,robust_mahalanobis,87573,67147,70211,50764,0.723020609306234,8612,6260,0.7268927078495123,8750,6346,0.7252571428571428,1.3006501217762139,9.646100603012913
s5,273,robust_mahalanobis,86854,66545,69539,50304,0.7233926285969025,8692,6214,0.7149102623101703,8623,6215,0.720746839846921,1.3114973003910209,9.580436348494656
s5,274,robust_mahalanobis,87521,66638,70009,50297,0.7184362010598637,8694,6242,0.7179664136185875,8818,6293,0.7136538897709231,1.3212622699798782,10.067059770580308
s5,275,robust_mahalanobis,87441,66937,69959,50572,0.7228805443188153,8802,6305,0.7163144739831856,8680,6218,0.7163594470046083,1.3169969774535086,9.918202643637757
s5,276,robust_mahalanobis,87430,66886,70094,50656,0.722686677889691,8641,6261,0.7245689156347644,8695,6147,0.7069580218516389,1.3124463723132438,10.012881863388538
s5,277,robust_mahalanobis,87524,67042,69917,50523,0.7226139565484789,8929,6427,0.719789450106395,8678,6215,0.7161788430513943,1.3146970660075885,10.373059669983622
s5,278,robust_mahalanobis,87672,67251,70018,50646,0.7233282870119112,8738,6349,0.7265964751659418,8916,6454,0.7238672050246747,1.3194098311246951,9.649948090589586
s5,279,robust_mahalanobis,87547,66976,70283,50746,0.7220238179929713,8719,6243,0.7160224796421608,8545,6136,0.7180807489760094,1.3152869251897987,10.271737610017595
s5,280,robust_mahalanobis,87679,66975,70216,50660,0.7214879799475903,8815,6268,0.7110606920022688,8648,6204,0.717391304347826,1.3178878301729509,10.149375605273653
s5,281,robust_mahalanobis,87182,66541,69774,50272,0.7204976065583168,8603,6217,0.7226548878298268,8805,6250,0.7098239636570131,1.317297281864774,9.892995983951876
s5,282,robust_mahalanobis,86856,66466,69396,50110,0.7220877283993313,8751,6264,0.7158039081247858,8709,6284,0.7215524170398439,1.2949846802606437,10.366306600665022
s5,283,robust_mahalanobis,87428,66985,70030,50627,0.7229330287019848,8697,6274,0.7213981832815913,8701,6245,0.7177335938397885,1.3172641780826015,9.886685720645259
s5,284,robust_mahalanobis,87432,66872,69954,50538,0.7224461789175745,8694,6317,0.7265930526800092,8784,6288,0.7158469945355191,1.3124116291780092,9.605445869595258
s5,285,robust_mahalanobis,88077,67305,70542,51034,0.7234555300388421,8830,6298,0.7132502831257078,8705,6229,0.7155657668006893,1.3223582799743299,9.658486106086768
s5,286,robust_mahalanobis,87112,66711,69662,50356,0.7228618184950188,8702,6300,0.7239715008044127,8748,6325,0.7230224051211706,1.319665858440437,9.71350572187331
s5,287,robust_mahalanobis,87642,67121,70259,50634,0.7206763546307234,8732,6352,0.7274393037104901,8651,6290,0.7270835741532771,1.2997973635678128,10.213546196443595
s5,288,robust_mahalanobis,87504,67008,69965,50656,0.7240191524333596,8689,6264,0.720911497295431,8850,6278,0.7093785310734463,1.3110759140022856,9.840372163410429
s5,289,robust_mahalanobis,87706,67013,70155,50646,0.7219157579645071,8767,6312,0.7199726246150336,8784,6238,0.7101548269581056,1.3157662664869152,10.084745610049195
s5,290,robust_mahalanobis,87513,67188,70088,50744,0.7240041091199635,8736,6296,0.7206959706959707,8689,6288,0.7236736103118886,1.307163802784598,9.83730672196334
s5,291,robust_mahalanobis,87645,66939,70019,50410,0.7199474428369442,8710,6278,0.720780711825488,8916,6424,0.7205024674742037,1.3116499499801038,10.189195877611134
s5,292,robust_mahalanobis,87475,66869,69858,50297,0.719989120787884,8864,6374,0.7190884476534296,8753,6368,0.727521992459728,1.3066914020668097,10.30569581211576
s5,293,robust_mahalanobis,87256,66839,69813,50501,0.7233753025940728,8744,6282,0.7184354986276303,8699,6273,0.7211173698126221,1.3156614068728496,9.863210354569784
s5,294,robust_mahalanobis,87602,67022,70085,50662,0.7228650923878148,8804,6310,0.7167196728759655,8713,6275,0.7201882244921382,1.3244048500586691,9.785389580295531
s5,295,robust_mahalanobis,87363,66598,69971,50321,0.7191693701676409,8639,6206,0.718370181733997,8753,6178,0.7058151490917399,1.3110867230648315,10.238798856016139
s5,296,robust_mahalanobis,87168,66809,69693,50438,0.7237168725696985,8816,6371,0.7226633393829401,8659,6192,0.7150941217230627,1.30583956428696,9.800675259782901
s5,297,robust_mahalanobis,87503,67045,70038,50592,0.7223507238927439,8584,6197,0.7219245107176142,8881,6436,0.7246931651841009,1.314079679906422,9.912149277538514
s5,298,robust_mahalanobis,87807,67294,70224,50786,0.7232000455684666,8725,6283,0.7201146131805157,8858,6394,0.7218333709641003,1.3040272841408778,10.354937185504644
s5,299,robust_mahalanobis,87112,66627,69780,50221,0.7197047864717684,8719,6339,0.7270329166188784,8613,6243,0.7248345524207593,1.3104835014979892,9.975807253860369
s5,300,robust_mahalanobis,87530,66854,70134,50556,0.7208486611343998,8661,6241,0.7205865373513451,8735,6309,0.7222667429879794,1.318949852039742,9.858342492405551
s5,301,robust_mahalanobis,87648,67199,70118,50729,0.7234804187227245,8716,6228,0.7145479577787976,8814,6401,0.7262309961425005,1.3256885710686457,9.69204339823261
s5,302,robust_mahalanobis,87601,67070,70229,50834,0.7238320351991343,8806,6370,0.7233704292527822,8566,6107,0.7129348587438711,1.319422817781212,9.801303413863133
s5,303,robust_mahalanobis,87386,66752,70092,50540,0.7210523312218228,8723,6249,0.7163819786770607,8571,6121,0.7141523742853809,1.3152783800301688,9.78031440599983
s5,304,robust_mahalanobis,87325,66749,69646,50285,0.7220084426959194,8702,6207,0.7132843024592048,8977,6437,0.7170546953325164,1.321843251719309,10.128760175697069
s5,305,robust_mahalanobis,87506,67006,70054,50589,0.722142918320153,8842,6403,0.7241574304456005,8610,6175,0.7171893147502904,1.3140303460554015,10.00782073744248
s5,306,robust_mahalanobis,87425,66979,70011,50632,0.7232006398994444,8677,6241,0.7192578079981561,8737,6264,0.7169508984777384,1.3130012530825586,9.789788882338764
s5,307,robust_mahalanobis,86765,66421,69285,50042,0.7222631161145991,8734,6292,0.7204030226700252,8746,6304,0.7207866453235765,1.3151853742058826,9.921345411299463
s5,308,robust_mahalanobis,87178,66750,69753,50436,0.7230656745946411,8666,6240,0.7200553888760673,8759,6334,0.723141911177075,1.3128397177006375,9.96192429715142
s5,309,robust_mahalanobis,87531,67096,70144,50762,0.7236827098540146,8758,6293,0.7185430463576159,8629,6218,0.720593348012516,1.2968483616057254,10.032903544527036
s5,310,robust_mahalanobis,88031,67499,70477,50975,0.7232856109085234,8737,6315,0.722788142382969,8817,6299,0.714415334013837,1.3166855871384415,9.661117073567162
s5,311,robust_mahalanobis,87768,67186,70260,50673,0.7212211784799317,8694,6326,0.7276282493673798,8814,6368,0.7224869525754481,1.309020795446164,10.329343632489449
s5,312,robust_mahalanobis,87447,67195,70109,50847,0.7252563864839037,8617,6232,0.7232215388186144,8721,6272,0.7191835798646944,1.311121720600725,9.78257281445232
s5,313,robust_mahalanobis,87538,67218,70068,50854,0.7257806702060855,8684,6225,0.716835559649931,8786,6363,0.7242203505577054,1.3185185858986643,9.92103668423995
s5,314,robust_mahalanobis,87432,66743,70116,50541,0.7208197843573507,8640,6176,0.7148148148148148,8676,6219,0.716804979253112,1.3185379250147977,9.819023453762298
s5,315,robust_mahalanobis,87538,66889,70382,50794,0.72169020488193,8614,6151,0.7140701184118876,8542,6122,0.7166939826738469,1.3064171537798144,10.14882705614711
s5,316,robust_mahalanobis,87503,66970,69997,50421,0.7203308713230567,8693,6329,0.7280570574025078,8813,6368,0.7225689322591626,1.2983785062928943,9.889750400722026
s5,317,robust_mahalanobis,87517,66875,70230,50641,0.7210736152641322,8523,6096,0.7152411122844069,8764,6275,0.7159972615244181,1.3179465818004688,10.126934356028634
s5,318,robust_mahalanobis,86961,66484,69575,50122,0.7204024434063959,8680,6302,0.726036866359447,8706,6203,0.7124971284171836,1.3031095594974174,10.193513116318073
s5,319,robust_mahalanobis,86969,66222,69692,50039,0.718002066234288,8703,6264,0.7197518097207859,8574,6122,0.7140191275950548,1.3137741039189899,9.78013435232514
s5,320,robust_mahalanobis,87077,66659,69581,50222,0.7217774967304292,8651,6206,0.7173737140215004,8845,6345,0.7173544375353307,1.3075112046785948,10.397209607879436
s5,321,robust_mahalanobis,87994,67189,70283,50643,0.7205583142438428,8857,6383,0.7206729140792594,8854,6368,0.7192229500790603,1.3235004584278163,10.10504173970183
s5,322,robust_mahalanobis,87394,66813,69869,50320,0.7202049549871903,8719,6299,0.722445234545246,8806,6346,0.7206450147626619,1.3048262497565817,9.599612097481119
s5,323,robust_mahalanobis,88181,67638,70492,51059,0.7243233274697838,8884,6380,0.7181449797388564,8805,6370,0.7234525837592277,1.3041126398405116,9.876719202256888
s5,324,robust_mahalanobis,87373,67007,69773,50448,0.7230303985782466,8796,6340,0.7207821737153252,8804,6341,0.7202407996365289,1.3175702542725,9.893517002115189
s5,325,robust_mahalanobis,87611,67210,70044,50687,0.723645137342242,8722,6317,0.7242604907131391,8845,6390,0.7224420576596947,1.3207728203117592,9.6947076761264
s5,326,robust_mahalanobis,87446,66862,69909,50429,0.7213520433706676,8686,6253,0.719894082431499,8851,6362,0.7187888374195006,1.3246101696940318,10.029264661854222
s5,327,robust_mahalanobis,87428,66816,69844,50273,0.7197898173071416,8695,6287,0.7230592294422081,8889,6403,0.7203284958938013,1.306814470346638,9.870725299775732
s5,328,robust_mahalanobis,87434,67146,70054,50713,0.7239129814143375,8663,6203,0.7160337065681635,8717,6321,0.7251347940805323,1.300645996784885,10.455230614071056
s5,329,robust_mahalanobis,87700,67057,70159,50540,0.7203637452073148,8795,6314,0.7179079022171688,8746,6316,0.7221587011205123,1.2955932294123187,10.043249829552208
s5,330,robust_mahalanobis,87431,66980,69820,50461,0.7227298768261243,8854,6339,0.7159475943076575,8757,6281,0.7172547676144798,1.3079738208924723,9.90128046050262
s5,331,robust_mahalanobis,87106,66497,69934,50368,0.7202219235278977,8451,6037,0.7143533309667495,8721,6285,0.7206742346061231,1.307757777923697,10.002905510901122
s5,332,robust_mahalanobis,87079,66558,69587,50147,0.7206374753905184,8815,6352,0.7205899035734543,8677,6205,0.7151089086089663,1.3120700666668026,9.760011890775209
s5,333,robust_mahalanobis,87447,66594,69879,50183,0.7181413586342106,8771,6289,0.7170220043324592,8797,6288,0.714789132658861,1.3019556101302525,10.064277032779975
s5,334,robust_mahalanobis,87373,66781,69887,50293,0.7196331220398644,8812,6330,0.718338629142079,8674,6237,0.7190454231035278,1.3089693541725747,9.936679813599849
s5,335,robust_mahalanobis,87561,66800,70152,50478,0.719551830311324,8594,6085,0.7080521293925995,8815,6384,0.7242200794100965,1.3093925013492491,9.713790124167657
s5,336,robust_mahalanobis,87264,66893,69779,50361,0.7217214348156322,8896,6451,0.7251573741007195,8589,6205,0.7224356735359181,1.2976170784569694,9.891622623543842
s5,337,robust_mahalanobis,87318,67058,69705,50425,0.7234057815077828,8721,6327,0.7254901960784313,8892,6451,0.7254835807467387,1.2989694171966377,10.126321055418964
s5,338,robust_mahalanobis,87665,67115,69989,50621,0.7232707996970953,8838,6361,0.7197329712604662,8838,6269,0.7093233763294863,1.309447810594213,9.713381269511544
s5,339,robust_mahalanobis,87470,66967,69930,50427,0.7211068211068211,8732,6337,0.7257214841960604,8808,6399,0.7264986376021798,1.3064084956148256,9.972330573230343
s5,340,robust_mahalanobis,87498,67029,70170,50702,0.722559498361123,8727,6264,0.7177724303884496,8601,6198,0.7206138821067318,1.2995047549409984,10.06239472722705
s5,341,robust_mahalanobis,87596,67069,69979,50567,0.7226024950342246,8808,6326,0.7182107175295186,8809,6356,0.721534793960722,1.294240251866964,10.349685820480405
s5,342,robust_mahalanobis,87625,66973,70239,50631,0.720838850211421,8669,6229,0.7185373168762257,8717,6237,0.7154984513020535,1.3108523424330905,10.05687089445726
s5,343,robust_mahalanobis,87393,66801,69789,50249,0.7200131825932453,8778,6418,0.7311460469355207,8826,6292,0.7128937230908678,1.301763979236476,9.982426614325794
s5,344,robust_mahalanobis,88010,67251,70559,50742,0.7191428449949687,8737,6317,0.7230170539086643,8714,6310,0.724122102364012,1.29783851988232,9.943645243833133
s5,345,robust_mahalanobis,86866,66540,69500,50090,0.7207194244604317,8679,6304,0.7263509620924069,8687,6354,0.7314377805916887,1.2924912332105765,10.018648674056625
s5,346,robust_mahalanobis,87920,67405,70269,50790,0.7227938351193272,8908,6423,0.72103726986978,8743,6292,0.7196614434404667,1.312498108084095,9.472327235708248
s5,347,robust_mahalanobis,87402,66824,69736,50198,0.7198290696340484,8889,6453,0.7259534255821802,8777,6289,0.7165318445938248,1.2934585579187585,9.839480436621693
s5,348,robust_mahalanobis,88059,67369,70466,50876,0.721993585558993,8688,6289,0.7238720073664825,8905,6364,0.7146546883773162,1.3091562389129199,9.853256940036287
s5,349,robust_mahalanobis,87283,66938,69960,50639,0.7238279016580903,8562,6200,0.7241298761971502,8761,6243,0.712589886999201,1.3046295041655243,9.797019319409905
s5,350,robust_mahalanobis,87144,66723,69828,50362,0.7212293062954689,8532,6153,0.7211673699015471,8784,6348,0.7226775956284153,1.289999976910837,9.798636490681188
s5,351,robust_mahalanobis,87321,66870,70097,50591,0.7217284619883875,8547,6191,0.7243477243477243,8677,6303,0.726403134723983,1.3024402841875524,9.913027776664386
s5,352,robust_mahalanobis,87723,66973,70212,50562,0.7201333105452059,8753,6255,0.7146121329829772,8758,6334,0.7232244804749943,1.3027295415261664,9.904321129187124
s5,353,robust_mahalanobis,87105,66863,69491,50358,0.7246693816465442,8831,6325,0.7162269278677387,8783,6296,0.7168393487418877,1.3053877213892702,9.847220558493655
s5,354,robust_mahalanobis,87889,67324,70371,50815,0.7221014338292763,8705,6252,0.7182079264790351,8813,6382,0.7241574946102349,1.3056490292511083,10.203472031739297
s5,355,robust_mahalanobis,87409,66813,69894,50405,0.7211634761209832,8822,6310,0.7152573112672863,8693,6299,0.7246060048314736,1.2951466260978008,9.66464282005844
s5,356,robust_mahalanobis,87203,66915,69712,50482,0.7241507918292402,8676,6296,0.7256800368833564,8815,6324,0.7174134997163926,1.2905782537746309,10.087868531027638
s5,357,robust_mahalanobis,87316,66859,69844,50444,0.7222381306912548,8746,6328,0.723530756917448,8726,6207,0.7113224845289938,1.309321789921503,10.219155413564167
s5,358,robust_mahalanobis,87043,66762,69634,50350,0.7230663181779016,8792,6405,0.7285031847133758,8617,6195,0.718927701056052,1.3013534081851872,9.958090299825653
s5,359,robust_mahalanobis,87109,66506,69689,50065,0.7184060612148259,8645,6265,0.7246963562753036,8775,6340,0.7225071225071225,1.3094358180363446,10.135533710571236
s5,360,robust_mahalanobis,87423,67021,69960,50548,0.722527158376215,8718,6288,0.7212663454920853,8745,6353,0.7264722698684963,1.3044171003033143,10.109370343140574
s5,361,robust_mahalanobis,87438,66923,70083,50522,0.7208880898363369,8685,6261,0.7208981001727116,8670,6292,0.7257208765859285,1.2908179917782412,10.039999155680013
s5,362,robust_mahalanobis,87566,66953,70118,50522,0.7205282523745686,8644,6225,0.7201527070800555,8804,6358,0.7221717401181281,1.2969405679340937,9.962335533665739
s5,363,robust_mahalanobis,87335,67011,69722,50506,0.7243911534379393,8648,6193,0.7161193339500462,8965,6452,0.7196876742889012,1.3137926030192104,9.920923400963636
s5,364,robust_mahalanobis,86955,66486,69666,50246,0.7212413515918813,8669,6248,0.720729034490714,8620,6200,0.7192575406032483,1.316558089008887,9.645816657531507
s5,365,robust_mahalanobis,86949,66538,69628,50238,0.7215200781294882,8530,6178,0.7242672919109027,8791,6340,0.7211921283130475,1.2961598556271081,9.784670317063666
s5,366,robust_mahalanobis,87304,66502,69771,50233,0.7199696148829743,8691,6158,0.7085490737544586,8842,6255,0.7074191359420946,1.3020085855664156,10.074055100680143
s5,367,robust_mahalanobis,87599,67095,70232,50716,0.7221209704977788,8677,6248,0.720064538434943,8690,6278,0.722439585730725,1.3116483600440332,9.880063807702824
s5,368,robust_mahalanobis,87333,66889,69829,50474,0.7228228959314897,8856,6283,0.7094625112917796,8648,6271,0.7251387604070305,1.3109784417200185,10.026386998078209
s5,369,robust_mahalanobis,87710,67113,70174,50591,0.7209365291988485,8845,6388,0.722215941209723,8691,6246,0.7186744908526062,1.3028469753387277,9.617586082769874
s5,370,robust_mahalanobis,87418,66971,70027,50605,0.7226498350636184,8654,6190,0.7152761728680379,8737,6269,0.7175231772919767,1.29226711571763,9.80545464672266
s5,371,robust_mahalanobis,87855,67025,70389,50712,0.7204534799471508,8688,6198,0.7133977900552486,8778,6320,0.7199817726133516,1.3029947712407295,9.67087469322924
s5,372,robust_mahalanobis,87117,66504,69719,50216,0.7202627691160229,8743,6298,0.720347706736818,8655,6205,0.7169266320046216,1.305975094234906,9.546992134951736
s5,373,robust_mahalanobis,87431,66651,69817,50171,0.7186072160075626,8683,6284,0.723713002418519,8931,6338,0.7096629716717053,1.2932395630482405,10.058143307452202
s5,374,robust_mahalanobis,87504,67059,70093,50710,0.7234673933203031,8709,6271,0.7200597083476863,8702,6217,0.7144334635715928,1.3169344213894953,9.710825218066866
s5,375,robust_mahalanobis,87736,67100,70238,50699,0.7218172499216948,8739,6217,0.7114086279894725,8759,6323,0.7218860600525174,1.3088071518415778,10.014131770596842
s5,376,robust_mahalanobis,87624,67119,69972,50612,0.7233178985880067,8867,6354,0.7165896018946656,8785,6298,0.716903813318156,1.3107313429896186,9.732633760862054
s5,377,robust_mahalanobis,86956,66596,69586,50222,0.7217256344667031,8875,6374,0.7181971830985916,8495,6155,0.7245438493231312,1.2974786859342289,9.860179998022623
s5,378,robust_mahalanobis,87528,66935,69930,50405,0.7207922207922208,8740,6307,0.7216247139588101,8858,6443,0.7273650937006096,1.3038203599477636,9.851213094716092
s5,379,robust_mahalanobis,87230,66618,69883,50361,0.720647367743228,8692,6249,0.7189369535204786,8655,6183,0.7143847487001733,1.3019872547166864,9.55814823314128
s5,380,robust_mahalanobis,86940,66702,69476,50315,0.7242069203753815,8745,6317,0.722355631789594,8719,6246,0.7163665557976833,1.3130224118102296,10.035783257819155
s5,381,robust_mahalanobis,87182,66740,69793,50344,0.721333084979869,8690,6319,0.7271576524741081,8699,6227,0.7158294056788137,1.3099533752436607,9.580879237911292
s5,382,robust_mahalanobis,87049,66730,69757,50468,0.7234829479478762,8558,6187,0.7229492872166394,8734,6282,0.7192580719029081,1.3097711695067753,9.724760220835204
s5,383,robust_mahalanobis,87327,66931,69932,50611,0.7237173254018189,8727,6271,0.7185745387876704,8668,6266,0.722888786340563,1.3076552727633772,9.847979774174421
s5,384,robust_mahalanobis,87112,66671,69745,50450,0.7233493440389992,8693,6286,0.7231105487173588,8674,6234,0.7186995619091537,1.3190141353452394,9.745975809534299
s5,385,robust_mahalanobis,87096,66583,69719,50236,0.7205496349632095,8647,6287,0.7270729732855326,8730,6273,0.7185567010309278,1.3056279548712546,9.892126440987528
s5,386,robust_mahalanobis,88030,67410,70417,50871,0.7224249826036326,8720,6318,0.7245412844036697,8893,6340,0.7129202743731025,1.3092026687620146,10.075527164521969
s5,387,robust_mahalanobis,87121,66708,69938,50454,0.7214103920615402,8694,6281,0.7224522659305268,8489,6207,0.731181529037578,1.2978484130674324,10.167414379745592
s5,388,robust_mahalanobis,87781,67087,70311,50645,0.7202998108404091,8747,6268,0.7165885446438779,8723,6298,0.7219993121632466,1.3034541996085311,10.073976713564834
s5,389,robust_mahalanobis,87390,66970,70113,50664,0.7226049377433571,8512,6130,0.7201597744360902,8765,6318,0.7208214489446663,1.2980869253732874,10.444116140607996
s5,390,robust_mahalanobis,87443,66898,70050,50532,0.7213704496788008,8768,6358,0.7251368613138686,8625,6191,0.7177971014492753,1.292116625159716,10.339708204794704
s5,391,robust_mahalanobis,87493,67019,69904,50476,0.7220759899290455,8835,6393,0.7235993208828523,8754,6305,0.7202421750057116,1.3056602767644796,9.865965172357969
s5,392,robust_mahalanobis,87910,67448,70567,50997,0.7226749047004974,8673,6268,0.7227026403781852,8670,6273,0.7235294117647059,1.3033990118728775,9.85337746813367
s5,393,robust_mahalanobis,87535,67018,69963,50604,0.7232965996312336,8777,6359,0.7245072348182751,8795,6275,0.7134735645252984,1.3118142275935045,9.597140566333056
s5,394,robust_mahalanobis,87450,66778,70162,50589,0.7210313274992161,8644,6137,0.7099722350763535,8644,6189,0.7159879685330865,1.3034613947179858,10.035225410020631
s5,395,robust_mahalanobis,87669,67279,70043,50709,0.7239695615550448,8792,6359,0.7232711555959963,8834,6359,0.7198324654743038,1.312425471701558,9.894126743850267
s5,396,robust_mahalanobis,87796,67267,70134,50628,0.7218752673453674,8825,6309,0.7149008498583569,8837,6452,0.7301120289691072,1.3081760413468184,9.976883710154718
s5,397,robust_mahalanobis,87737,67242,70368,50903,0.7233827876307413,8626,6193,0.7179457454208208,8743,6263,0.7163445041747684,1.3038540368394171,9.9364050209206
s5,398,robust_mahalanobis,87526,66900,69868,50357,0.7207448331138718,8927,6483,0.7262238153915089,8731,6330,0.7250028633604398,1.3123114217185607,9.874761778837778
s5,399,robust_mahalanobis,87194,66979,69762,50530,0.7243198302800952,8660,6339,0.731986143187067,8772,6331,0.7217282261741906,1.311907737144964,9.722913648457897
s5,400,robust_mahalanobis,87520,67151,70036,50703,0.7239562510708778,8738,6300,0.7209887846189059,8746,6296,0.7198719414589526,1.299276906708131,10.165446904801696
s5,401,robust_mahalanobis,87458,66666,69965,50348,0.7196169513328092,8721,6266,0.7184955853686504,8772,6291,0.7171682626538988,1.301707009191211,9.629268779476869
s5,402,robust_mahalanobis,87984,67301,70417,50691,0.7198687816862406,8618,6231,0.7230215827338129,8949,6415,0.7168398703765784,1.3038666505568401,10.287334072932003
s5,403,robust_mahalanobis,87460,66769,69924,50335,0.7198529832389451,8743,6261,0.7161157497426512,8793,6326,0.7194359149323325,1.3105598751865557,9.932920666217765
s5,404,robust_mahalanobis,87348,66887,69832,50582,0.7243384121892542,8750,6268,0.7163428571428572,8766,6247,0.7126397444672599,1.311947798042303,9.746666567712628
s5,405,robust_mahalanobis,87097,66750,69703,50439,0.7236273904996916,8666,6195,0.7148626817447497,8728,6288,0.7204399633363886,1.3015008488299704,9.925706342117229
s5,406,robust_mahalanobis,87924,67415,70299,50839,0.7231824065776185,8937,6440,0.7205997538323823,8688,6304,0.7255985267034991,1.3052846148169144,9.850992895640687
s5,407,robust_mahalanobis,87287,66718,69925,50392,0.7206578476939578,8773,6340,0.7226718340362476,8589,6120,0.7125392944463849,1.3038233029899444,9.917898538171677
s5,408,robust_mahalanobis,87506,66884,69932,50475,0.7217725790768175,8712,6213,0.7131542699724518,8862,6303,0.7112389979688558,1.302935236685542,9.828417065442993
s5,409,robust_mahalanobis,87823,67169,70190,50669,0.7218834591822197,8820,6334,0.718140589569161,8813,6342,0.7196187450357426,1.3186912102926562,9.778516996138123
s5,410,robust_mahalanobis,87622,66951,70342,50622,0.7196553979130533,8637,6247,0.7232835475280769,8643,6251,0.7232442438967951,1.3092673400718244,9.845032671237384
s5,411,robust_mahalanobis,86858,66321,69466,49985,0.7195606483747444,8744,6274,0.7175205855443733,8648,6229,0.7202821461609621,1.3006496989863676,9.722166647137712
s5,412,robust_mahalanobis,87788,67019,70048,50426,0.7198777980813157,8901,6439,0.7234018649589934,8839,6394,0.7233849983029754,1.3066669554117551,9.392917619071854
s5,413,robust_mahalanobis,87256,66861,69634,50346,0.7230088749748687,8849,6363,0.7190643010509662,8773,6383,0.7275732360652001,1.3157420949970442,9.750254667777906
s5,414,robust_mahalanobis,87478,67086,70093,50696,0.7232676586820367,8683,6247,0.7194518023724519,8702,6255,0.718800275798667,1.3120135582398138,10.12579955305001
s5,415,robust_mahalanobis,87405,66900,69928,50324,0.7196545017732525,8699,6343,0.7291642717553741,8778,6318,0.719753930280246,1.3062901729679735,9.999791492943727
s5,416,robust_mahalanobis,87762,67281,70243,50854,0.7239724954799767,8754,6235,0.712245830477496,8765,6372,0.7269823160296635,1.3167318489400335,9.78802256529372
s5,417,robust_mahalanobis,87305,66987,70004,50642,0.7234158048111536,8702,6317,0.7259250746954723,8599,6164,0.7168275380858239,1.3163739740481961,10.046652929665782
s5,418,robust_mahalanobis,87350,66787,69711,50323,0.7218803345239633,8802,6345,0.7208588957055214,8837,6349,0.718456489758968,1.3108601204528636,9.68112672014656
s5,419,robust_mahalanobis,88114,67592,70500,51003,0.7234468085106383,8822,6343,0.7189979596463387,8792,6359,0.7232711555959963,1.3136696536915533,10.031282290183368
s5,420,robust_mahalanobis,87074,66511,69668,50264,0.7214790147556984,8661,6192,0.7149289920332526,8745,6205,0.7095483133218983,1.310472666926261,9.776865259607908
s5,421,robust_mahalanobis,87572,66749,70148,50490,0.719763927695729,8737,6309,0.722101407805883,8687,6198,0.7134799125129504,1.3182725072197465,9.71013159926315
s5,422,robust_mahalanobis,87718,67089,70108,50520,0.7206024990015405,8768,6352,0.7244525547445255,8842,6374,0.7208776294955892,1.3057046181579275,9.729622457428178
s5,423,robust_mahalanobis,87291,66850,69809,50372,0.7215688521537338,8735,6288,0.7198626216370921,8747,6353,0.7263061621127244,1.3181104591323214,9.834726163996766
s5,424,robust_mahalanobis,87678,67268,70211,50813,0.7237185056472633,8710,6331,0.7268656716417911,8757,6285,0.7177115450496745,1.301185790212156,9.890565397902671
s5,425,robust_mahalanobis,87018,66685,69398,50154,0.7227009423902706,8806,6307,0.7162162162162162,8814,6424,0.7288404810528705,1.2997619702011056,9.918827606754254
s5,426,robust_mahalanobis,87320,66885,69746,50434,0.7231095690075416,8710,6263,0.7190585533869116,8864,6424,0.7247292418772563,1.3124001021212262,9.739414751841855
s5,427,robust_mahalanobis,87626,67075,70096,50638,0.722409267290573,8697,6254,0.7190985397263424,8833,6361,0.7201403826559493,1.306850611723737,9.810101479182517
s5,428,robust_mahalanobis,87438,67177,69808,50520,0.7236992894797158,8770,6312,0.7197263397947549,8860,6497,0.733295711060948,1.3037641139872265,9.71723020713015
s5,429,robust_mahalanobis,87630,66950,70040,50546,0.7216733295259852,8892,6389,0.7185110211426001,8698,6156,0.7077489077948954,1.3154750681025038,10.09785001743476
s5,430,robust_mahalanobis,87005,66379,69617,50170,0.720657310714337,8696,6243,0.7179162833486661,8692,6202,0.713529682466636,1.3096822845731473,9.989242723742326
s5,431,robust_mahalanobis,87546,66914,69956,50428,0.7208531076676769,8886,6395,0.7196713932027909,8704,6263,0.7195542279411765,1.3095953939686509,9.963373153244149
s5,432,robust_mahalanobis,87216,66774,69640,50171,0.720433658816772,8860,6438,0.7266365688487585,8716,6322,0.7253327214318495,1.308090270708258,9.953746252909376
s5,433,robust_mahalanobis,87437,67004,69907,50629,0.7242336246727795,8826,6320,0.7160661681395876,8704,6262,0.7194393382352942,1.32819185130018,9.386951831531809
s5,434,robust_mahalanobis,87682,67017,70136,50548,0.7207140412912056,8809,6437,0.7307299352934499,8737,6334,0.7249628018770745,1.306859007594808,10.041101939886003
s5,435,robust_mahalanobis,87712,67130,69946,50604,0.7234723929888771,8916,6425,0.7206146253925527,8850,6360,0.7186440677966102,1.3174394126314959,9.66193615518283
s5,436,robust_mahalanobis,87491,66881,69830,50346,0.7209795216955464,8942,6426,0.7186311787072244,8719,6259,0.7178575524716138,1.3158204568859673,9.94488380932902
s5,437,robust_mahalanobis,87631,67097,70113,50636,0.7222055824169555,8779,6346,0.7228613737327714,8739,6285,0.7191898386543083,1.2972094381430634,9.790860029815224
s5,438,robust_mahalanobis,87536,66772,69845,50212,0.7189061493306608,8774,6307,0.7188283565078641,8917,6419,0.7198609397779522,1.302045240680031,10.078095258524739
s5,439,robust_mahalanobis,87273,66671,69706,50234,0.7206553237884831,8796,6345,0.7213506139154161,8771,6307,0.7190742218675179,1.3112415335813576,9.892726456048933
s5,440,robust_mahalanobis,86940,66379,69517,49948,0.7185005106664557,8719,6335,0.7265741484115151,8704,6358,0.73046875,1.3143034317935998,9.569210028204404
s5,441,robust_mahalanobis,87901,67186,70244,50669,0.7213285120437333,8885,6368,0.7167135621834553,8772,6284,0.7163702690378477,1.3084832911255986,10.0255332508573
s5,442,robust_mahalanobis,87525,67053,69954,50566,0.7228464419475655,8799,6305,0.716558699852256,8772,6351,0.7240082079343365,1.307949746691645,9.92870151782979
s5,443,robust_mahalanobis,87537,67010,69944,50551,0.7227353311220405,8782,6276,0.7146435891596448,8811,6362,0.7220519804789468,1.305045820002776,10.090869427729924
s5,444,robust_mahalanobis,87468,66875,70072,50568,0.721657723484416,8750,6298,0.7197714285714286,8646,6211,0.7183668748554245,1.3125195518833304,9.683326435792436
s5,445,robust_mahalanobis,87343,66849,69860,50474,0.7225021471514458,8794,6369,0.7242438025926768,8689,6209,0.714581654966049,1.316854992252188,9.839705923154662
s5,446,robust_mahalanobis,87239,66738,69639,50242,0.7214635477246945,8733,6257,0.7164777281575633,8867,6427,0.7248223750986805,1.306830691301613,9.295696823976227
s5,447,robust_mahalanobis,87155,66935,69861,50691,0.7255979731180487,8715,6248,0.716924842226047,8579,6232,0.7264249912577223,1.3030761971839269,10.122385705048393
s5,448,robust_mahalanobis,87360,66787,69850,50416,0.7217752326413743,8729,6214,0.7118799404284568,8781,6360,0.7242910830201572,1.3164683589673778,9.739735812656594
s5,449,robust_mahalanobis,87426,66772,69901,50391,0.7208909743780489,8861,6344,0.7159462814580747,8664,6222,0.7181440443213296,1.3154300634667973,10.071801784084565
s5,450,robust_mahalanobis,87354,66833,69656,50252,0.7214310325025841,8891,6443,0.7246653919694073,8807,6375,0.723856023617577,1.318621449337109,9.651416243246349
s5,451,robust_mahalanobis,87329,66796,69926,50440,0.7213339816377313,8783,6310,0.7184333371285437,8620,6242,0.7241299303944315,1.3115642926852096,9.905042807437798
s5,452,robust_mahalanobis,87340,66612,69941,50228,0.7181481534436167,8718,6272,0.7194310621702226,8681,6265,0.7216910494182698,1.311172015381719,10.157896266725349
s5,453,robust_mahalanobis,87519,67126,69997,50702,0.7243453290855323,8766,6276,0.7159479808350445,8756,6312,0.7208771128369118,1.3147192947999504,9.860012591248
s5,454,robust_mahalanobis,87488,66867,70114,50580,0.721396582708161,8644,6206,0.7179546506247108,8730,6240,0.7147766323024055,1.3027854508727776,9.829366405166027
s5,455,robust_mahalanobis,87432,66643,69958,50336,0.7195174247405586,8675,6244,0.7197694524495677,8799,6245,0.709739743152631,1.3180796999578102,9.703682412924215
s5,456,robust_mahalanobis,87475,66894,70019,50530,0.7216612633713706,8727,6301,0.7220121462129024,8729,6303,0.7220758391568336,1.3076841949144342,10.223063856900758
s5,457,robust_mahalanobis,87804,66994,70265,50553,0.7194620365758201,8707,6207,0.7128746985184334,8832,6385,0.7229393115942029,1.3141230804676773,10.017625081030458
s5,458,robust_mahalanobis,87203,66882,69603,50311,0.7228280390213065,8765,6362,0.725841414717627,8835,6426,0.7273344651952461,1.3056824530360611,9.902262696889505
s5,459,robust_mahalanobis,87272,66917,69570,50358,0.7238464855541181,8794,6321,0.7187855355924494,8908,6405,0.7190166142792995,1.3099586874441764,10.327979251684251
s5,460,robust_mahalanobis,87505,66812,69899,50316,0.7198386243007768,8738,6278,0.718471046005951,8868,6461,0.728574650428507,1.3146687844319316,9.662715830018321
s5,461,robust_mahalanobis,87382,66756,69995,50399,0.7200371455103936,8724,6279,0.7197386519944979,8663,6263,0.7229597137250375,1.3203594855566925,10.029403654444415
s5,462,robust_mahalanobis,87499,66690,70114,50398,0.7188008101092507,8600,6189,0.7196511627906976,8785,6282,0.7150825270347183,1.3133309627571614,10.062559650260932
s5,463,robust_mahalanobis,86894,66565,69394,50076,0.7216185837392282,8804,6358,0.7221717401181281,8696,6321,0.7268859245630175,1.3093667000470868,9.858450396337448
s5,464,robust_mahalanobis,87231,66855,69640,50408,0.7238368753589891,8841,6343,0.7174527768351996,8750,6298,0.7197714285714286,1.3044764005133644,9.651554814810936
s5,465,robust_mahalanobis,87884,67176,70282,50668,0.7209242764861558,8903,6426,0.7217791755588004,8699,6284,0.7223818829750546,1.314229274653719,9.944220655854899
s5,466,robust_mahalanobis,87143,66811,69881,50601,0.7241024026559437,8645,6188,0.7157894736842105,8617,6203,0.7198560984101195,1.3181272212390274,9.993112024609019
s5,467,robust_mahalanobis,87637,67254,70014,50690,0.7239980575313508,8861,6358,0.7175262385735244,8762,6326,0.7219812828121434,1.3055748323671166,9.913312901964725
s5,468,robust_mahalanobis,87384,66959,69735,50317,0.7215458521545852,8974,6569,0.73200356585692,8675,6234,0.7186167146974063,1.313623059065591,10.212179900055512
s5,469,robust_mahalanobis,87367,67177,69901,50708,0.7254259595713938,8699,6284,0.7223818829750546,8767,6318,0.7206570092391924,1.3085311964949968,9.749303066634104
s5,470,robust_mahalanobis,87192,66721,69854,50461,0.722378102900335,8661,6221,0.718277335180695,8677,6272,0.7228304713610695,1.3103078816357818,9.807712086114085
s5,471,robust_mahalanobis,88172,67351,70527,50869,0.7212698682773974,8797,6310,0.7172899852222349,8848,6365,0.719371609403255,1.3118161327536177,9.805352593409847
s5,472,robust_mahalanobis,87050,66686,69623,50323,0.7227927552676559,8755,6323,0.7222158766419189,8672,6207,0.7157518450184502,1.3184492042713436,9.968453330421191
s5,473,robust_mahalanobis,87852,67046,70355,50843,0.7226636344254139,8759,6211,0.7090992122388401,8738,6193,0.7087434195468071,1.3198660738915466,10.227928259599695
s5,474,robust_mahalanobis,88171,67733,70490,51015,0.7237196765498652,8966,6521,0.7273031452152576,8715,6362,0.7300057372346529,1.3121525337311963,9.85237511667917
s5,475,robust_mahalanobis,87288,66693,69650,50239,0.7213065326633166,8926,6405,0.717566659197849,8712,6244,0.716712580348944,1.3037326075760725,10.433904344617982
s5,476,robust_mahalanobis,86960,66483,69596,50267,0.7222685211793781,8659,6172,0.7127843861877815,8705,6253,0.7183228029867892,1.3023731991591403,10.03753162357404
s5,477,robust_mahalanobis,87228,66724,69848,50340,0.7207078227007215,8663,6225,0.718573242525684,8717,6307,0.7235287369507858,1.311705428037634,9.724039073574902
s5,478,robust_mahalanobis,87668,67288,70183,50799,0.7238077597138908,8768,6313,0.7200045620437956,8717,6321,0.7251347940805323,1.3130480402491176,9.822067319988806
s5,479,robust_mahalanobis,87575,66881,70083,50553,0.7213304224990369,8811,6300,0.7150153217568948,8681,6245,0.7193871673770303,1.3074274175220744,9.848145823243009
s5,480,robust_mahalanobis,87595,67202,70122,50740,0.7235960183679873,8851,6409,0.7240989718675855,8622,6172,0.7158431918348411,1.3175655314973238,10.035150047440851
s5,481,robust_mahalanobis,87749,67181,70198,50634,0.7213026012137098,8799,6348,0.7214456188203205,8752,6388,0.729890310786106,1.3045748437629399,9.72892742545715
s5,482,robust_mahalanobis,87181,66717,69758,50308,0.7211789328822501,8724,6301,0.7222604309949564,8699,6269,0.7206575468444649,1.3094654113128872,9.928790053393316
s5,483,robust_mahalanobis,87368,66832,69757,50313,0.7212609487219921,8840,6356,0.7190045248868778,8771,6350,0.7239767415346027,1.3057033772028708,10.042207354694996
s5,484,robust_mahalanobis,87909,67308,70479,50919,0.7224705231345507,8838,6381,0.7219959266802444,8592,6148,0.7155493482309124,1.3125016014208923,10.130166265148246
s5,485,robust_mahalanobis,88073,67473,70456,50927,0.7228199159759282,8833,6343,0.7181025699082985,8784,6370,0.7251821493624773,1.319934141601766,9.496750033039696
s5,486,robust_mahalanobis,87809,67278,70353,50817,0.7223146134493199,8718,6315,0.7243633860977289,8738,6257,0.7160677500572213,1.3118468534922472,10.184859878922945
s5,487,robust_mahalanobis,87626,67100,69946,50610,0.7235581734480885,8826,6283,0.7118740086109223,8854,6345,0.7166252541224305,1.3100626073458346,10.275584544682465
s5,488,robust_mahalanobis,87699,67150,70047,50553,0.7217011435179237,8923,6490,0.7273338563263476,8729,6272,0.7185244587008821,1.3155576318948072,9.974748657902873
s5,489,robust_mahalanobis,87345,66723,69901,50404,0.721076951688817,8723,6235,0.7147770262524361,8721,6310,0.72354087833964,1.3080494004395127,10.170615114900622
s5,490,robust_mahalanobis,87552,67076,70101,50800,0.7246686923153736,8807,6306,0.7160213466560691,8644,6224,0.7200370198981952,1.318761425185349,9.666986047862347
s5,491,robust_mahalanobis,87405,66884,69933,50514,0.7223199347947321,8639,6217,0.7196434772543119,8833,6359,0.7199139590173214,1.3026392743419524,9.656336956101637
s5,492,robust_mahalanobis,87208,66693,69679,50303,0.7219248267053201,8771,6328,0.7214684756584198,8758,6333,0.7231102991550582,1.3187831014840714,9.392263926678257
s5,493,robust_mahalanobis,87533,67053,69922,50436,0.7213180401018278,8751,6341,0.7246029025254257,8860,6432,0.7259593679458239,1.3063850808146276,10.26625777993388
s5,494,robust_mahalanobis,87766,67058,70413,50743,0.7206481757629983,8635,6167,0.714186450492183,8718,6282,0.7205781142463867,1.3064951130368683,10.081224447710664
s5,495,robust_mahalanobis,87129,66919,69770,50540,0.7243801060627777,8745,6355,0.7267009719839909,8614,6217,0.7217320640817274,1.3036898161140296,9.869513267145212
s5,496,robust_mahalanobis,87203,66829,69999,50655,0.7236531950456435,8507,6137,0.7214059010226872,8697,6241,0.7176037714154306,1.3119966760087483,10.244718689702147
s5,497,robust_mahalanobis,87400,66766,70122,50450,0.7194603690710476,8530,6161,0.722274325908558,8748,6314,0.7217649748513946,1.3091710051949395,9.741130886985086
s5,498,robust_mahalanobis,87398,66644,70213,50612,0.7208351729736658,8575,6028,0.7029737609329446,8610,6172,0.7168408826945413,1.299984826441615,9.83331420561552
s5,499,robust_mahalanobis,86982,66597,69604,50178,0.7209068444342279,8715,6301,0.7230063109581182,8663,6292,0.72630728385086,1.3109971932581017,10.30943748169583
s5,500,robust_mahalanobis,87672,67123,70145,50661,0.7222325183548364,8798,6347,0.7214139577176631,8729,6314,0.723336006415397,1.304779615871873,9.570046244025198
s5,501,robust_mahalanobis,87510,66805,70022,50442,0.7203735968695553,8759,6319,0.7214293869163146,8729,6302,0.7219612784969641,1.304589261188501,9.918287823225993
s5,502,robust_mahalanobis,87810,67378,70144,50719,0.7230696852189781,8769,6339,0.7228874444064317,8897,6466,0.7267618298302798,1.3053757634885503,10.008009298612519
s5,503,robust_mahalanobis,87623,67141,70011,50617,0.7229863878533374,8761,6330,0.7225202602442643,8851,6364,0.7190148005875042,1.3068750983051165,9.841183854491101
s5,504,robust_mahalanobis,87551,67180,70141,50777,0.7239275174291784,8774,6281,0.7158650558468201,8636,6239,0.7224409448818898,1.301979706297895,10.023373838208512
s5,505,robust_mahalanobis,87806,67216,70121,50656,0.7224084083227563,8868,6321,0.7127875507442489,8817,6352,0.7204264489055234,1.3121895816723352,10.022239252012465
s5,506,robust_mahalanobis,87539,67104,69865,50510,0.7229657196020898,8866,6418,0.7238890142115949,8808,6389,0.7253633060853769,1.3079930594827396,9.802267496827318
s5,507,robust_mahalanobis,87868,67420,70250,50946,0.7252099644128114,8760,6318,0.7212328767123287,8858,6388,0.7211560171596297,1.3286284040500431,9.725979706735753
s5,508,robust_mahalanobis,87473,66962,69711,50384,0.7227553757656611,8894,6377,0.7170002248706994,8868,6359,0.7170726206585476,1.310304153330271,10.159613050953944
s5,509,robust_mahalanobis,87577,66842,70017,50332,0.7188539926017967,8789,6304,0.7172602116281716,8771,6365,0.7256869228138183,1.3027138386979713,10.248578948411355
s5,510,robust_mahalanobis,87056,66475,69492,50105,0.7210182467046566,8881,6438,0.724918365048981,8683,6191,0.7130024185189451,1.3190043680045258,9.741574100199935
s5,511,robust_mahalanobis,87883,67157,70322,50697,0.7209265948067461,8679,6232,0.7180550754695242,8882,6388,0.719207385723936,1.30550368521214,9.803891552121256
s5,512,robust_mahalanobis,87691,67021,70034,50446,0.7203072793214724,8672,6294,0.7257841328413284,8985,6443,0.7170840289371174,1.3140835215537245,9.405121388323264
s5,513,robust_mahalanobis,87687,67249,70102,50684,0.7230036232917748,8873,6387,0.7198241857319959,8712,6300,0.7231404958677686,1.3054809163636862,9.376646791424497
s5,514,robust_mahalanobis,87819,67359,70118,50764,0.723979577284007,8898,6442,0.7239829175095527,8803,6308,0.7165738952629785,1.3140648224122833,9.931182626272731
s5,515,robust_mahalanobis,87287,66979,69850,50612,0.7245812455261275,8583,6187,0.7208435279039963,8854,6365,0.7188841201716738,1.320652311698621,9.820798623635683
s5,516,robust_mahalanobis,87759,66927,70265,50503,0.7187504447448944,8718,6374,0.731130993347098,8776,6289,0.7166134913400183,1.3126916216935225,10.042490179002177
s5,517,robust_mahalanobis,87471,67073,69990,50573,0.7225746535219317,8732,6291,0.7204535043518094,8749,6358,0.7267116241856212,1.305898782156704,9.826029899398995
s5,518,robust_mahalanobis,87503,67134,70141,50712,0.7230008126488074,8753,6343,0.724665828858677,8609,6243,0.7251713323266349,1.308021461404297,10.139736702217736
s5,519,robust_mahalanobis,87235,66805,70054,50664,0.7232135209980872,8567,6204,0.7241741566476012,8614,6169,0.7161597399582076,1.3063542871865639,9.700446286984828
s5,520,robust_mahalanobis,87347,66944,69868,50491,0.7226627354439801,8783,6319,0.719458043948537,8696,6325,0.7273459061637535,1.3237185199469341,9.799707036932752
s5,521,robust_mahalanobis,87521,66882,69935,50402,0.7206977908057481,8801,6315,0.7175320986251562,8785,6303,0.7174729652817302,1.3171609337738932,9.681726668450978
s5,522,robust_mahalanobis,87197,66545,69688,50181,0.7200809321547469,8812,6304,0.7153881071266455,8697,6205,0.7134644130159825,1.304327355468347,10.028220622956376
s5,523,robust_mahalanobis,87030,66473,69424,50009,0.720341668587232,8665,6207,0.716330063473745,8941,6439,0.7201655295828208,1.3166557500822966,10.120342059731799
s5,524,robust_mahalanobis,87174,66548,69574,50032,0.7191192111995861,8750,6292,0.7190857142857143,8850,6351,0.7176271186440678,1.3082229461458788,9.995833180467898
s5,525,robust_mahalanobis,87890,67332,70297,50720,0.7215101640183792,8776,6288,0.7164995442114859,8817,6477,0.734603606668935,1.3047553996351207,9.900752772546138
s5,526,robust_mahalanobis,87210,66799,69849,50517,0.7232315423270197,8663,6220,0.7179960752626111,8698,6267,0.7205104621752126,1.3099152309967508,9.837307624346728
s5,527,robust_mahalanobis,87286,66968,69758,50433,0.722970842053958,8783,6352,0.7232153022885119,8745,6301,0.7205260148656375,1.3124874760027083,9.674595102032784
s5,528,robust_mahalanobis,87148,66579,69554,50176,0.7213963251574317,8739,6277,0.7182744021055041,8855,6359,0.7181253529079616,1.3112428393202247,9.505600022679197
s5,529,robust_mahalanobis,87486,67012,69919,50542,0.7228650295341753,8849,6341,0.7165781444230986,8718,6314,0.7242486808901124,1.313743291804819,9.533317896315287
s5,530,robust_mahalanobis,87455,67213,69995,50801,0.7257804128866348,8859,6360,0.7179139857771758,8601,6165,0.7167771189396582,1.3194007270201031,9.787685769526187
s5,531,robust_mahalanobis,87754,66877,70091,50415,0.7192792227247435,8863,6299,0.7107074354056189,8800,6348,0.7213636363636363,1.309452301956721,9.433897739994949
s5,532,robust_mahalanobis,87199,66746,69748,50459,0.7234472673051557,8785,6251,0.7115537848605578,8666,6241,0.7201707823678745,1.3048600723413433,9.411321887974118
s5,533,robust_mahalanobis,87145,66725,69801,50412,0.722224609962608,8669,6195,0.714615295881878,8675,6266,0.7223054755043228,1.3058708517407627,9.821432495130287
s5,534,robust_mahalanobis,87881,67114,70393,50773,0.721279104456409,8720,6204,0.7114678899082569,8768,6296,0.718065693430657,1.313017366023224,9.860038174244089
s5,535,robust_mahalanobis,87512,66847,70032,50474,0.7207276673520676,8649,6255,0.7232049947970863,8831,6342,0.7181519646699128,1.309816114910325,9.437658308322877
s5,536,robust_mahalanobis,87574,66937,70040,50421,0.7198886350656768,8759,6398,0.7304486813563192,8775,6298,0.7177207977207978,1.3073866772146696,9.99774456135278
s5,537,robust_mahalanobis,87291,66813,69998,50659,0.7237206777336496,8712,6255,0.7179752066115702,8581,6167,0.7186808064328167,1.3167895950901152,9.727824497266132
s5,538,robust_mahalanobis,87503,67078,70003,50609,0.7229547305115495,8742,6270,0.7172271791352093,8758,6336,0.7234528431148665,1.3153698658840058,9.90578254564003
s5,539,robust_mahalanobis,87092,66653,69557,50144,0.7209051569216613,8743,6315,0.7222921194098135,8792,6379,0.7255459508644222,1.3146463212562725,9.470348626292152
s5,540,robust_mahalanobis,87014,66377,69662,50008,0.7178662685538745,8707,6271,0.7202251062363616,8645,6209,0.7182186234817813,1.3040895846787357,9.879147448768078
s5,541,robust_mahalanobis,87538,66974,70040,50557,0.7218303826384923,8780,6290,0.7164009111617312,8718,6330,0.7260839642119752,1.3111766792406896,9.437407387578538
s5,542,robust_mahalanobis,87190,66818,69704,50436,0.7235739699299897,8734,6267,0.7175406457522326,8752,6291,0.7188071297989032,1.3134623787088064,9.482192573059956
s5,543,robust_mahalanobis,87511,67128,69992,50580,0.7226540176020116,8796,6364,0.7235106866757617,8723,6340,0.7268141694371203,1.3119183208746412,9.91032472299365
s5,544,robust_mahalanobis,87568,66849,70325,50658,0.7203412726626377,8569,6123,0.71455245652935,8674,6245,0.7199677196218585,1.320896371459115,9.572072163818621
s5,545,robust_mahalanobis,87349,66872,69842,50468,0.7226024455198877,8802,6355,0.7219950011361055,8705,6197,0.711889718552556,1.3305659743923004,9.610344254384463
s5,546,robust_mahalanobis,86949,66497,69719,50252,0.7207791276409587,8601,6209,0.721892803162423,8629,6256,0.7249971027929076,1.3236392211508063,9.34905673672751
s5,547,robust_mahalanobis,87309,66795,69930,50583,0.7233376233376233,8619,6213,0.7208492864601462,8760,6253,0.7138127853881279,1.3243017676063171,9.596119856029784
s5,548,robust_mahalanobis,86553,66204,69358,50000,0.7208973730499726,8635,6194,0.7173132599884192,8560,6214,0.7259345794392523,1.3197483152580831,9.713321777855372
s5,549,robust_mahalanobis,87640,67205,70260,50817,0.7232707087959009,8672,6306,0.7271678966789668,8708,6283,0.7215204409738172,1.309836424440529,9.206874478379317
s5,550,robust_mahalanobis,87821,67308,70416,50908,0.7229606907521018,8772,6347,0.7235522115823073,8633,6195,0.7175952739488011,1.317344456741682,9.71163378969011
s5,551,robust_mahalanobis,87662,67208,70216,50731,0.7224991454939045,8783,6359,0.72401229648184,8663,6251,0.7215745122936627,1.3156836350148633,9.759532658229848
s5,552,robust_mahalanobis,88120,67601,70420,50893,0.7227066174382277,8801,6409,0.7282127031019202,8899,6463,0.7262613776828857,1.3126577257367003,9.401004733316723
s5,553,robust_mahalanobis,87582,66957,70275,50645,0.7206688011383849,8685,6234,0.7177892918825561,8622,6225,0.7219902574808629,1.3129740133024284,9.708335882062947
s5,554,robust_mahalanobis,86995,66574,69365,50127,0.7226555179124919,8834,6319,0.7153045053203532,8796,6330,0.7196452933151433,1.3320588869198366,9.548653368190505
s5,555,robust_mahalanobis,87938,67201,70150,50698,0.7227084818246614,8922,6360,0.7128446536650975,8866,6340,0.7150913602526505,1.3231321514621301,9.446706752486342
s5,556,robust_mahalanobis,87420,66886,69964,50502,0.7218283688754217,8650,6227,0.7198843930635838,8806,6312,0.716784010901658,1.3200961564419518,9.637829186104913
s5,557,robust_mahalanobis,87433,66998,69859,50455,0.7222405130333959,8776,6373,0.7261850501367365,8798,6350,0.721754944305524,1.3207012752560057,9.649611263642443
s5,558,robust_mahalanobis,86926,66350,69592,50205,0.7214191286354753,8451,6039,0.7145899893503728,8883,6334,0.7130473938984577,1.3128460619432083,9.89700498647887
s5,559,robust_mahalanobis,87142,66723,69868,50379,0.7210597126009045,8642,6314,0.73061791252025,8632,6197,0.7179101019462465,1.3139406651035743,9.931815681468466
s5,560,robust_mahalanobis,87749,67153,70335,50761,0.7217032771735267,8777,6364,0.7250769055485929,8637,6234,0.7217783952761375,1.3156361301587243,9.980547854750043
s5,561,robust_mahalanobis,87574,66915,69899,50457,0.7218558205410665,8843,6322,0.7149157525726564,8832,6307,0.7141077898550725,1.3218488129039523,9.521004425533473
s5,562,robust_mahalanobis,87168,66681,69618,50264,0.7219971846361574,8728,6203,0.7107011915673694,8822,6347,0.7194513715710723,1.3151736874270448,10.22878498438382
s5,563,robust_mahalanobis,87581,67260,69943,50596,0.723389045365512,8799,6453,0.7333787930446641,8839,6418,0.726100237583437,1.312558378451898,9.510448187928821
s5,564,robust_mahalanobis,87597,67112,69803,50448,0.7227196538830709,9002,6498,0.7218395912019551,8792,6297,0.7162192902638762,1.3193773562348872,9.833322963727944
s5,565,robust_mahalanobis,87560,67096,70000,50669,0.7238428571428571,8841,6406,0.7245786675715417,8719,6238,0.7154490193829568,1.3236659519314853,9.820283734740329
s5,566,robust_mahalanobis,87267,66617,69894,50314,0.7198615045640542,8716,6279,0.7203992657182193,8657,6156,0.7111008432482384,1.3241602510181467,9.847800939764214
s5,567,robust_mahalanobis,87335,66739,69698,50275,0.7213262934374014,8808,6378,0.7241144414168937,8829,6338,0.7178615924793295,1.32180683103504,9.769246324537288
s5,568,robust_mahalanobis,87813,67287,70255,50828,0.7234787559604299,8812,6285,0.7132319564230595,8746,6366,0.7278756002744111,1.3131507303826087,9.834846474862815
s5,569,robust_mahalanobis,87481,67019,69965,50552,0.722532694918888,8740,6306,0.7215102974828376,8776,6346,0.7231084776663628,1.3182442343595608,9.584611313433717
s5,570,robust_mahalanobis,87373,66894,69973,50514,0.7219070212796365,8635,6202,0.7182397220613781,8765,6254,0.7135196805476326,1.3127198492291492,9.926515611658205
s5,571,robust_mahalanobis,87252,66800,69786,50452,0.7229530278279311,8627,6151,0.7129940883273443,8839,6396,0.7236112682430139,1.3171353297982495,9.73126612639661
s5,572,robust_mahalanobis,87635,67199,69829,50523,0.723524610119005,8844,6356,0.7186793306196291,8962,6472,0.7221602320910511,1.3148751005690296,10.133080548154956
s5,573,robust_mahalanobis,87475,66996,70019,50667,0.7236178751481741,8772,6295,0.717624259005928,8684,6321,0.727890373099954,1.3146033425489314,9.853708529079677
s5,574,robust_mahalanobis,86831,66387,69501,50194,0.7222054358930088,8675,6180,0.7123919308357348,8655,6151,0.7106874638937031,1.3128368406323234,9.991089334426995
s5,575,robust_mahalanobis,87513,67000,69949,50467,0.7214827946074998,8780,6359,0.7242596810933941,8784,6300,0.7172131147540983,1.300492006761402,9.58679844334921
s5,576,robust_mahalanobis,87332,66903,69995,50660,0.7237659832845204,8594,6136,0.7139865022108448,8743,6277,0.7179457851995883,1.3096098885439855,9.82681405897114
s5,577,robust_mahalanobis,87242,66797,69655,50391,0.7234369392003446,8743,6261,0.7161157497426512,8844,6344,0.7173224785165083,1.3278061541969484,9.868767186216033
s5,578,robust_mahalanobis,87559,66916,70047,50485,0.720730366753751,8791,6345,0.7217608918211808,8721,6285,0.7206742346061231,1.3152866560010328,9.962348331995749
s5,579,robust_mahalanobis,87002,66764,69254,50120,0.7237127097351778,8903,6466,0.7262720431315287,8845,6340,0.7167891464104014,1.3106830227815245,10.008395815963471
s5,580,robust_mahalanobis,87667,67126,70093,50682,0.7230679240437704,8824,6355,0.7201949229374434,8750,6350,0.7257142857142858,1.3231752395971639,9.529869158329923
s5,581,robust_mahalanobis,87185,66722,69969,50444,0.7209478483328331,8638,6148,0.7117388284325076,8578,6201,0.7228957799020751,1.3075463151556235,10.155408529058029
s5,582,robust_mahalanobis,87435,66950,69950,50577,0.7230450321658327,8786,6293,0.7162531299795128,8699,6309,0.7252557765260375,1.3209440750031205,9.705968510158513
s5,583,robust_mahalanobis,87566,67022,70192,50609,0.7210080920902667,8697,6311,0.7256525238588019,8677,6248,0.720064538434943,1.308531880547684,9.906990323568296
s5,584,robust_mahalanobis,86972,66696,69430,50164,0.7225118824715541,8853,6402,0.7231446967129787,8689,6251,0.7194153527448498,1.2996935460007177,9.989524404514068
s5,585,robust_mahalanobis,87452,66901,69890,50358,0.7205322649878381,8809,6330,0.7185832671131797,8753,6371,0.7278647320918542,1.3137432824991084,10.028342855210369
s5,586,robust_mahalanobis,87559,67066,70275,50792,0.7227605834222697,8731,6236,0.714236628106746,8553,6148,0.718812112708991,1.3123442273856862,9.648529768678685
s5,587,robust_mahalanobis,87520,66856,70255,50695,0.7215856522667425,8706,6181,0.7099701355387089,8559,6113,0.7142189508120107,1.31674815096122,9.971807242025038
s5,588,robust_mahalanobis,87620,66900,70127,50633,0.7220186233547706,8754,6309,0.7206991089787526,8739,6207,0.7102643323034672,1.3339028748512858,9.716141586382392
s5,589,robust_mahalanobis,87523,66994,69878,50478,0.7223732791436503,8804,6318,0.7176283507496592,8841,6430,0.7272932926139577,1.3089918437127699,10.31607692468042
s5,590,robust_mahalanobis,87389,66737,70099,50421,0.7192827287122499,8406,6013,0.7153223887699263,8884,6444,0.7253489419180549,1.3120131011986373,9.657052145713703
s5,591,robust_mahalanobis,87701,67365,70072,50806,0.7250542299349241,8951,6501,0.7262875656351245,8678,6222,0.7169854805254667,1.3181036285452754,9.810402106247336
s5,592,robust_mahalanobis,87377,66517,69880,50106,0.7170291929021179,8807,6269,0.7118201430680141,8690,6266,0.7210586881472958,1.3107507239981773,10.23189856836813
s5,593,robust_mahalanobis,87354,66965,69805,50462,0.7228995057660627,8771,6396,0.7292212974575305,8778,6336,0.7218045112781954,1.3099876565924706,9.925536386647813
s5,594,robust_mahalanobis,87405,66955,70000,50602,0.7228857142857142,8693,6277,0.7220752329460486,8712,6321,0.7255509641873278,1.3220958111207324,9.76354872754219
s5,595,robust_mahalanobis,87492,67198,70130,50806,0.7244545843433623,8578,6292,0.7335043133597575,8784,6322,0.7197176684881603,1.3175007372535787,9.867236209029812
s5,596,robust_mahalanobis,87579,66976,70057,50518,0.7210985340508443,8828,6371,0.7216810149524241,8694,6310,0.7257878997009432,1.312667236310589,9.754647135737974
s5,597,robust_mahalanobis,87319,66930,70012,50576,0.7223904473518825,8692,6338,0.7291762540266912,8615,6212,0.7210679048171793,1.3261322016560766,10.15314118389186
s5,598,robust_mahalanobis,87786,67213,70140,50708,0.7229540918163673,8840,6332,0.716289592760181,8806,6369,0.7232568703156939,1.323098318758442,10.03099235245745
s5,599,robust_mahalanobis,87055,66709,69521,50259,0.7229326390587016,8676,6269,0.7225680036883356,8858,6312,0.7125762023030029,1.302813776108759,10.147352536975124
s5,600,robust_mahalanobis,87333,66917,69863,50640,0.7248472009504315,8803,6322,0.7181642621833466,8667,6222,0.717895465559017,1.3298842050554038,9.936419888372603
s5,601,robust_mahalanobis,87936,67202,70413,50745,0.7206765796088791,8840,6394,0.7233031674208145,8683,6261,0.7210641483358287,1.3090942711648317,9.814296260808472
s5,602,robust_mahalanobis,87413,66954,69856,50542,0.7235169491525424,8709,6221,0.7143185210701574,8848,6386,0.721745027124774,1.3144632333640462,9.960529337456991
s5,603,robust_mahalanobis,87420,67077,70015,50778,0.7252445904449046,8609,6205,0.7207573469624812,8796,6289,0.7149840836743975,1.3225997606945055,9.563371529764447
s5,604,robust_mahalanobis,87071,66551,69681,50188,0.7202537277019561,8658,6281,0.7254562254562255,8732,6277,0.7188502061383417,1.308785409554941,10.123472997643912
s5,605,robust_mahalanobis,87597,67025,70424,50771,0.7209332045893445,8479,6108,0.7203679679207454,8694,6275,0.721762134805613,1.3199662949267508,9.954064170724347
s5,606,robust_mahalanobis,87745,67093,70418,50788,0.7212360476014655,8651,6325,0.7311293492081841,8676,6160,0.7100046104195482,1.3200316968988555,9.884440129867913
s5,607,robust_mahalanobis,87558,67032,70103,50621,0.722094632184072,8694,6280,0.7223372440763746,8761,6312,0.7204657002625271,1.3108793726174615,10.20735287048167
s5,608,robust_mahalanobis,87263,66847,69741,50420,0.7229606687601268,8768,6301,0.7186359489051095,8754,6300,0.7196710075394106,1.314334084375933,9.981610181192533
s5,609,robust_mahalanobis,87105,66712,69737,50371,0.7222994966803848,8678,6224,0.7172159483752016,8690,6259,0.720253164556962,1.3144742108206062,9.758667550902912
s5,610,robust_mahalanobis,87510,67038,70012,50709,0.724290121693424,8593,6232,0.7252414756196904,8905,6343,0.7122964626614262,1.3196387697810232,9.826900831380005
s5,611,robust_mahalanobis,87312,66792,69944,50429,0.7209910785771474,8758,6296,0.718885590317424,8610,6189,0.7188153310104529,1.306517535726698,9.820160455219131
s5,612,robust_mahalanobis,87956,67455,70414,50909,0.7229954270457579,8718,6317,0.7245927965129617,8824,6397,0.7249546690843155,1.3127797768849174,10.041027320976756
s5,613,robust_mahalanobis,87421,66995,70008,50599,0.7227602559707462,8581,6212,0.7239249504719729,8832,6382,0.7225996376811594,1.321880083063765,9.556547946751895
s5,614,robust_mahalanobis,88065,67275,70381,50617,0.7191855756525198,8897,6453,0.7253006631448803,8787,6375,0.7255035848412428,1.3194642956498879,9.969105931915452
s5,615,robust_mahalanobis,87299,66937,69631,50377,0.7234852292800621,8758,6296,0.718885590317424,8910,6386,0.7167227833894501,1.3233353019368164,9.818519579238366
s5,616,robust_mahalanobis,87320,66851,69755,50320,0.7213819797863953,8740,6315,0.7225400457665904,8825,6424,0.7279320113314448,1.3053963540602413,9.98504960237804
s5,617,robust_mahalanobis,87337,66899,69704,50453,0.7238178583725468,8821,6335,0.7181725427956014,8812,6321,0.7173172945982751,1.320030197384762,9.997658260445359
s5,618,robust_mahalanobis,86809,66532,69378,50165,0.7230678313009888,8662,6279,0.7248903255599168,8769,6309,0.7194663017447828,1.318974626922297,10.043365307370264
s5,619,robust_mahalanobis,87286,66639,69991,50368,0.7196353816919319,8559,6236,0.7285897885266971,8736,6312,0.7225274725274725,1.314805471262808,9.562909337095887
s5,620,robust_mahalanobis,86701,66559,69409,50344,0.7253238052702099,8655,6216,0.7181975736568458,8637,6156,0.7127474817645015,1.3125615963129103,10.24730968218492
s5,621,robust_mahalanobis,87758,67266,70442,50946,0.7232332983163453,8727,6357,0.728429013406669,8589,6199,0.7217371056001863,1.31411853007613,9.952426795974564
s5,622,robust_mahalanobis,87237,66772,69855,50475,0.7225681769379428,8676,6237,0.7188796680497925,8706,6279,0.7212267401791868,1.3213453935912913,10.13388820542678
s5,623,robust_mahalanobis,87776,67161,70176,50649,0.7217424760601915,8859,6411,0.7236708432102946,8741,6272,0.7175380391259581,1.31713061699092,10.166027985334654
s5,624,robust_mahalanobis,87292,67116,69779,50590,0.7250032244658134,8821,6380,0.7232740052148282,8692,6370,0.732857800276116,1.322357562644191,9.991950586440275
s5,625,robust_mahalanobis,87796,67201,70117,50694,0.7229915712309426,8768,6248,0.7125912408759124,8911,6382,0.7161934687464931,1.3163630364455035,9.8983923544367
s5,626,robust_mahalanobis,87863,67073,70277,50616,0.7202356389714984,8840,6320,0.7149321266968326,8746,6319,0.7225017150697461,1.3203725892100697,9.479903643675454
s5,627,robust_mahalanobis,87554,66850,70007,50528,0.7217563957889925,8901,6298,0.7075609482080665,8646,6209,0.7181355540134166,1.3247572007206585,10.10144142384127
s5,628,robust_mahalanobis,86708,66444,69446,50190,0.7227198110762318,8563,6208,0.7249795632371833,8699,6260,0.719622945166111,1.3149405013733815,9.813187758096669
s5,629,robust_mahalanobis,87432,66899,70093,50661,0.722768322086371,8839,6314,0.7143342007014368,8500,6079,0.7151764705882353,1.3217675416075958,9.782699873253454
s5,630,robust_mahalanobis,87789,67123,70218,50662,0.7214959127289299,8848,6365,0.719371609403255,8723,6264,0.718101570560587,1.3240060648349055,9.860543535176278
s5,631,robust_mahalanobis,87822,67257,70336,50821,0.7225460646041856,8771,6292,0.7173640405883024,8715,6291,0.7218588640275387,1.314587402903796,10.179860390477057
s5,632,robust_mahalanobis,87814,67259,70358,50869,0.7230023593621194,8771,6277,0.7156538593090868,8685,6235,0.7179044329303397,1.3153278988287136,9.917358950588985
s5,633,robust_mahalanobis,87542,66927,69881,50411,0.7213834947983,8803,6373,0.7239577416789731,8858,6316,0.7130277715059833,1.3130300540204352,9.7660665485652
s5,634,robust_mahalanobis,87491,67040,70144,50715,0.7230126596715328,8691,6267,0.7210907835692095,8656,6227,0.7193853974121996,1.3121324108545638,9.780005164808335
s5,635,robust_mahalanobis,87180,66949,69787,50596,0.725006089959448,8769,6316,0.7202645683658342,8624,6298,0.7302875695732839,1.3273608231839082,10.155812828270806
s5,636,robust_mahalanobis,87402,66842,69830,50369,0.72130889302592,8675,6238,0.7190778097982709,8897,6425,0.7221535348994043,1.308848326625783,9.859208974759456
s5,637,robust_mahalanobis,87719,67193,70102,50622,0.7221191977404353,8753,6382,0.7291214440763167,8864,6432,0.7256317689530686,1.3200158488978273,9.816382846925313
s5,638,robust_mahalanobis,87531,67074,70052,50723,0.724076400388283,8725,6144,0.7041833810888252,8754,6336,0.7237834132967786,1.3202545735594764,9.766833788079364
s5,639,robust_mahalanobis,87251,66798,69590,50288,0.7226325621497341,8715,6334,0.7267928858290305,8946,6383,0.7135032416722558,1.3332040069764184,9.999423870221595
s5,640,robust_mahalanobis,86955,66521,69257,49908,0.7206202983091962,8828,6396,0.7245129134571817,8870,6446,0.7267192784667418,1.3200675218233013,10.071525836695741
s5,641,robust_mahalanobis,87229,66666,69967,50385,0.7201252018808867,8797,6384,0.7257019438444925,8465,6042,0.7137625516834022,1.3226074769980811,9.739590624682034
s5,642,robust_mahalanobis,87602,66937,70021,50453,0.720540980562974,8848,6416,0.7251356238698011,8733,6262,0.7170502690942402,1.3159044410824516,9.859528235986275
s5,643,robust_mahalanobis,87276,66827,69750,50435,0.7230824372759856,8732,6290,0.7203389830508474,8794,6339,0.7208323857175347,1.3163274352317456,10.106798216659794
s5,644,robust_mahalanobis,87528,66789,70043,50494,0.7209000185600274,8863,6289,0.7095791492722554,8622,6200,0.7190906982138715,1.31854484177725,10.20517012810739
s5,645,robust_mahalanobis,87724,67317,70092,50796,0.7247046738572163,8819,6401,0.7258192538836603,8813,6295,0.7142857142857143,1.3137798470318718,9.978043538452969
s5,646,robust_mahalanobis,87034,66351,69818,50206,0.719098226818299,8616,6195,0.7190111420612814,8600,6181,0.7187209302325581,1.3187515803210874,9.710954566931257
s5,647,robust_mahalanobis,87574,67047,70248,50764,0.7226397904566678,8730,6290,0.720504009163803,8596,6187,0.7197533736621684,1.3172970105142952,10.339094479450887
s5,648,robust_mahalanobis,87617,66888,69965,50387,0.720174372900736,9017,6413,0.7112121548186758,8635,6268,0.7258830341632889,1.318227694669819,9.883924855929635
s5,649,robust_mahalanobis,87059,66476,69598,50192,0.7211701485674876,8682,6231,0.7176917760884589,8779,6317,0.7195580362228045,1.3074835526205073,9.743356960897408
s5,650,robust_mahalanobis,87561,67139,69971,50663,0.7240571093738835,8725,6298,0.7218338108882522,8865,6332,0.7142695995487873,1.3147478282147427,10.221695962496556
s5,651,robust_mahalanobis,87543,66963,70020,50618,0.7229077406455299,8802,6327,0.7188139059304703,8721,6252,0.716890264877881,1.3298716009814942,9.888035117260142
s5,652,robust_mahalanobis,87470,67076,70135,50644,0.7220931061524203,8702,6327,0.7270742358078602,8633,6244,0.7232711687709951,1.3163926720429144,10.087753528516433
s5,653,robust_mahalanobis,87780,67266,70143,50705,0.7228804014655774,8877,6332,0.7133040441590628,8760,6385,0.7288812785388128,1.3155166596087358,9.951409575476017
s5,654,robust_mahalanobis,87630,67129,69910,50495,0.7222857960234588,8922,6441,0.7219233355749832,8798,6353,0.7220959308933849,1.3302687459089084,10.047673707596159
s5,655,robust_mahalanobis,88223,67473,70613,51047,0.7229122116324189,8904,6422,0.7212488769092543,8706,6175,0.7092809556627613,1.3237321586309068,9.707517847007825
s5,656,robust_mahalanobis,87562,67003,70122,50556,0.7209720201933772,8718,6306,0.723331039229181,8722,6364,0.7296491630360009,1.3117168892846496,10.050718752644666
s5,657,robust_mahalanobis,87077,66703,69628,50336,0.7229275578790142,8785,6357,0.7236198064883324,8664,6277,0.7244921514312096,1.3221582342789786,9.678374692583875
s5,658,robust_mahalanobis,87284,66746,69937,50410,0.7207915695554571,8674,6313,0.727807240027669,8673,6172,0.7116338060647988,1.3170164333305971,10.17220103727829
s5,659,robust_mahalanobis,87013,66369,69640,50121,0.7197156806433085,8708,6236,0.7161231051906293,8665,6237,0.7197922677437969,1.3171854104404854,10.115924956693044
s5,660,robust_mahalanobis,87539,67059,70008,50540,0.7219174951434122,8643,6269,0.7253268541015852,8888,6447,0.7253600360036003,1.30946731122962,9.91535890373175
s5,661,robust_mahalanobis,87632,66991,70181,50733,0.7228879611290805,8556,6153,0.7191444600280504,8895,6387,0.7180438448566611,1.3095772157408319,9.820678992790782
s5,662,robust_mahalanobis,87729,66975,70130,50441,0.7192499643519179,8719,6234,0.7149902511755936,8880,6475,0.7291666666666666,1.317255449668739,10.159531154867217
s5,663,robust_mahalanobis,87618,67073,70007,50671,0.7237990486665619,8792,6280,0.7142857142857143,8819,6329,0.7176550629323053,1.3177856537448995,9.831848092114695
s5,664,robust_mahalanobis,87450,67017,69992,50679,0.7240684649674248,8660,6268,0.7237875288683603,8798,6325,0.7189133894066834,1.3102581200726868,9.964226252416317
s5,665,robust_mahalanobis,87439,66883,70031,50536,0.7216232811183618,8775,6364,0.7252421652421652,8633,6206,0.7188694544190896,1.3234359835163003,9.891849232548042
s5,666,robust_mahalanobis,87056,66579,69640,50323,0.7226163124641011,8709,6276,0.7206338270754392,8707,6230,0.7155162512920639,1.3268798778436801,9.98534947716524
s5,667,robust_mahalanobis,87026,66617,69365,50092,0.7221509406761335,8806,6391,0.7257551669316376,8855,6369,0.7192546583850932,1.3139521969625139,10.26111182524724
s5,668,robust_mahalanobis,87513,67191,69979,50688,0.7243315851898426,8745,6298,0.7201829616923957,8789,6383,0.7262487199908977,1.3252938383852637,9.718585173223984
s5,669,robust_mahalanobis,88525,67714,71007,51093,0.7195487768811526,8788,6449,0.7338416021847974,8730,6300,0.7216494845360825,1.3119637477943897,9.897062638679243
s5,670,robust_mahalanobis,87313,66777,69866,50463,0.722282655368849,8746,6279,0.717928195746627,8701,6252,0.7185380990690725,1.3232571186151167,9.914188518922407
s5,671,robust_mahalanobis,86926,66481,69531,50209,0.7221095626411241,8618,6253,0.7255743792063124,8777,6300,0.7177851202005241,1.3116320097794179,10.032366899996509
s5,672,robust_mahalanobis,87755,66990,70162,50471,0.7193495054302899,8828,6434,0.7288173991844132,8765,6265,0.7147746719908727,1.3034611618465104,10.083679137089039
s5,673,robust_mahalanobis,87825,67440,70219,50923,0.7252025804981558,8677,6301,0.7261726403134724,8929,6371,0.7135177511479449,1.3246350310552104,9.973749620198594
s5,674,robust_mahalanobis,87152,66807,69740,50485,0.7239030685402925,8682,6247,0.7195346694310066,8730,6322,0.7241695303550973,1.3156400364529093,9.842744157107509
s5,675,robust_mahalanobis,87218,66911,69910,50674,0.7248462308682592,8583,6161,0.717814284049866,8725,6281,0.7198853868194842,1.3232803589661544,10.099225032862831
s5,676,robust_mahalanobis,87702,66845,70136,50495,0.7199583666020304,8905,6425,0.7215047725996631,8661,6222,0.7183927952892276,1.3228555220648281,9.909072339789171
s5,677,robust_mahalanobis,87266,66698,70037,50538,0.7215900167054556,8626,6220,0.7210758172965454,8603,6223,0.7233523189585028,1.328466775033675,9.689224923021927
s5,678,robust_mahalanobis,87237,66685,69831,50425,0.7221004997780356,8650,6204,0.7172254335260115,8756,6304,0.7199634536317954,1.3218436604360153,10.302555544359754
s5,679,robust_mahalanobis,87300,66741,69861,50470,0.7224345486036559,8684,6228,0.7171810225702441,8755,6260,0.7150199885779555,1.3155121487453694,10.560478341506167
s5,680,robust_mahalanobis,87849,67285,70312,50877,0.7235891455228126,8734,6268,0.7176551408289443,8803,6294,0.7149835283426105,1.313130569312845,10.217583983197157
s5,681,robust_mahalanobis,87468,66683,69932,50319,0.7195418406451982,8824,6399,0.725181323662738,8712,6242,0.7164830119375574,1.323886062852118,9.570727269183987
s5,682,robust_mahalanobis,87353,66863,69855,50398,0.7214658936368191,8691,6294,0.7241974456334139,8807,6404,0.7271488588622687,1.3141473513297948,9.968150850367518
s5,683,robust_mahalanobis,87389,66665,69834,50412,0.7218833233095627,8772,6218,0.7088463292293662,8783,6230,0.7093248320619379,1.3272357736601637,9.98316282566402
s5,684,robust_mahalanobis,87317,66686,69642,50163,0.7202980959765659,8873,6436,0.7253465569705849,8802,6322,0.7182458532151784,1.3162621716163398,9.693281494566675
s5,685,robust_mahalanobis,87672,67087,70130,50650,0.7222301440182518,8733,6318,0.7234627275850223,8809,6355,0.721421273697355,1.3122631042041122,9.893121229991568
s5,686,robust_mahalanobis,86838,66524,69282,50068,0.7226696688894663,8795,6272,0.7131324616259238,8761,6335,0.7230909713503024,1.3089024133588616,10.214340309821123
s5,687,robust_mahalanobis,87877,67275,70272,50866,0.7238444899817851,8708,6344,0.7285254937988057,8897,6238,0.7011352141171181,1.3194852420446346,9.891497942782825
s5,688,robust_mahalanobis,87236,66658,69698,50245,0.7208958650176476,8763,6287,0.7174483624329567,8775,6385,0.7276353276353277,1.3197629861007507,9.580351457242607
s5,689,robust_mahalanobis,87326,66788,69872,50422,0.721633844744676,8724,6299,0.7220311783585511,8730,6269,0.718098510882016,1.3127309384500996,10.024406735177186
s5,690,robust_mahalanobis,87465,66868,70059,50560,0.7216774432977918,8840,6397,0.7236425339366516,8566,6191,0.7227410693439178,1.321987618683052,9.906011291114933
s5,691,robust_mahalanobis,87261,66808,69876,50439,0.7218358234586982,8675,6292,0.7253025936599423,8710,6254,0.7180252583237657,1.305024757420092,10.209868619784176
s5,692,robust_mahalanobis,87880,67154,70160,50603,0.721251425313569,8776,6279,0.7154740200546946,8944,6467,0.7230545617173524,1.307372494032231,9.98724133431573
s5,693,robust_mahalanobis,87241,66772,69822,50416,0.7220646787545473,8737,6424,0.7352638205333638,8682,6186,0.7125086385625432,1.3068706211740309,9.44717338490156
s5,694,robust_mahalanobis,87471,66933,69914,50474,0.721944102754813,8772,6324,0.7209302325581395,8785,6302,0.7173591348890154,1.3177301221083682,10.058814846188445
s5,695,robust_mahalanobis,87590,67011,70080,50595,0.7219606164383562,8790,6309,0.7177474402730375,8720,6303,0.7228211009174312,1.3153686619223028,9.979464671993107
s5,696,robust_mahalanobis,87368,66894,69645,50290,0.7220906023404408,8926,6464,0.7241765628501008,8797,6342,0.7209275889507787,1.327547569980665,9.811486020496908
s5,697,robust_mahalanobis,87090,66765,69667,50374,0.7230683106779393,8708,6347,0.7288700045934773,8715,6273,0.7197934595524957,1.3227893622577305,10.079610761415315
s5,698,robust_mahalanobis,88091,67394,70487,50855,0.7214805566983983,8835,6362,0.7200905489530277,8769,6331,0.7219751396966587,1.317988922367046,9.977435053375572
s5,699,robust_mahalanobis,87683,67156,70159,50712,0.7228153194885902,8749,6273,0.7169962281403589,8775,6397,0.729002849002849,1.3125764336526828,9.855703244764126
s5,700,robust_mahalanobis,87617,67032,70173,50686,0.7223005999458482,8692,6254,0.7195121951219512,8752,6296,0.7193784277879341,1.3198499100655647,9.521685084498184
s5,701,robust_mahalanobis,86744,66273,69204,49967,0.7220247384544246,8730,6244,0.7152348224513173,8810,6292,0.714188422247446,1.3187449819255617,10.28870569215559
s5,702,robust_mahalanobis,87533,66905,70114,50588,0.7215106826026186,8666,6304,0.7274405723517193,8753,6291,0.7187250085684908,1.3224790335611583,10.11799771890386
s5,703,robust_mahalanobis,87429,66863,70019,50492,0.7211185535354689,8716,6288,0.7214318494722349,8694,6284,0.7227973314929836,1.3137975889985583,9.966784439756644
s5,704,robust_mahalanobis,87061,66502,69445,50138,0.7219814241486068,8861,6357,0.7174133844938495,8755,6256,0.7145631067961165,1.319535791424161,10.099921838935513
s5,705,robust_mahalanobis,87509,67130,70068,50672,0.7231831934692013,8742,6323,0.7232898650194464,8699,6309,0.7252557765260375,1.3086012896796781,9.697654148673688
s5,706,robust_mahalanobis,87490,67092,70002,50683,0.7240221707951201,8804,6336,0.7196728759654702,8684,6273,0.7223629663749425,1.319398838016666,10.244570876882731
s5,707,robust_mahalanobis,87428,66903,69927,50484,0.7219528937320349,8744,6378,0.7294144556267155,8757,6256,0.714399908644513,1.3178184437273688,9.96301170015518
s5,708,robust_mahalanobis,87609,67253,70174,50862,0.7247983583663465,8666,6214,0.7170551580890838,8769,6271,0.7151328543733607,1.3191263903950716,10.400006855735223
s5,709,robust_mahalanobis,87531,66843,70080,50587,0.7218464611872146,8683,6252,0.720027640216515,8768,6232,0.7107664233576643,1.3191326520087723,9.996470490986823
s5,710,robust_mahalanobis,87593,67277,70094,50859,0.7255827888264331,8695,6286,0.7229442208165613,8804,6301,0.71569741026806,1.313399950017498,10.27112397337907
s5,711,robust_mahalanobis,87242,66765,69844,50384,0.7213790733634958,8676,6310,0.727293683725219,8722,6312,0.7236872277000688,1.3172219666702107,9.997044256264873
s5,712,robust_mahalanobis,87135,66506,69643,50192,0.7207041626581279,8797,6299,0.7160395589405479,8695,6263,0.720299022426682,1.3203756585209443,9.854958000916753
s5,713,robust_mahalanobis,87534,66836,69735,50233,0.7203412920341292,8911,6460,0.7249466950959488,8888,6347,0.7141089108910891,1.3165331958369308,10.223994623869126
s5,714,robust_mahalanobis,86947,66727,69510,50328,0.7240397065170479,8712,6276,0.7203856749311295,8725,6330,0.7255014326647564,1.3119766439804685,9.843384615165682
s5,715,robust_mahalanobis,87198,66853,69738,50442,0.7233072356534458,8550,6186,0.7235087719298245,8910,6417,0.7202020202020202,1.3195011724129309,10.080263552927159
s5,716,robust_mahalanobis,87473,66789,70102,50540,0.7209494736241476,8805,6277,0.7128904031800114,8566,6159,0.7190053700677096,1.3104664245763384,9.777401647160017
s5,717,robust_mahalanobis,87050,66629,69650,50269,0.7217372577171572,8715,6257,0.7179575444635685,8685,6299,0.7252734599884859,1.3076864109645485,9.714141564187797
s5,718,robust_mahalanobis,87670,67127,69948,50513,0.722150740550123,8834,6393,0.7236812316051618,8888,6448,0.7254725472547254,1.3068092027992342,10.287814626621493
s5,719,robust_mahalanobis,86995,66603,69474,50250,0.723292166853787,8794,6295,0.7158289743006595,8727,6299,0.7217829723845537,1.312387320055175,9.613046469393653
