dataset,run_id,candidate,total,inside,train_total,train_accepted,train_retention,validation_total,validation_accepted,validation_retention,test_total,test_accepted,test_retention,distance_p50,distance_p99
s1,0,baseline_3sigma,394205,301608,315457,233987,0.7417397616790878,39407,29223,0.7415687568198543,39341,29006,0.7372969675402252,0.5818975719178656,5.097472795482406
s1,1,baseline_3sigma,393565,301236,314611,233461,0.7420624199408158,39375,29228,0.7422984126984127,39579,29268,0.7394830591980596,0.584417661523747,5.130838655837848
s1,2,baseline_3sigma,393194,300864,314429,233074,0.7412611432151615,39321,29121,0.7405966277561609,39444,29321,0.7433576716357367,0.5843623248495126,5.12110225045912
s1,3,baseline_3sigma,394066,301999,314860,234069,0.7434065934065934,39441,29286,0.742526812200502,39765,29376,0.7387400980761977,0.5834379677925643,5.160945019530832
s1,4,baseline_3sigma,394414,302012,315619,234386,0.7426232261048923,39252,29068,0.7405482523183532,39543,29328,0.741673621121311,0.587258692769856,5.063904172677218
s1,5,baseline_3sigma,393645,301566,314941,233764,0.7422469605418157,39303,29047,0.7390529984988423,39401,29186,0.7407426207456663,0.5834106355449681,5.154796642841797
s1,6,baseline_3sigma,394604,301737,316038,234370,0.7415880368816408,39230,29106,0.7419321947489167,39336,29224,0.742932682529998,0.580734092309315,5.1096610406851735
s1,7,baseline_3sigma,393868,301278,314931,233455,0.741289361796711,39561,29385,0.7427769773261546,39376,29150,0.7402986590816741,0.5816196287763358,5.047442570975567
s1,8,baseline_3sigma,393563,301571,314781,233860,0.7429292111023219,39484,29368,0.7437949549184479,39298,29001,0.737976487353046,0.5850387587999558,5.104923061474721
s1,9,baseline_3sigma,394033,301264,315027,233426,0.7409714087998807,39667,29320,0.7391534524919958,39339,29108,0.7399272986095223,0.5861670166643941,5.071631183074464
s1,10,baseline_3sigma,392698,300334,314157,232752,0.7408779686589826,39262,29168,0.7429066272731903,39279,29135,0.7417449527737467,0.5848867407712445,5.0936294638778525
s1,11,baseline_3sigma,393584,301383,315046,233719,0.7418567447293412,39418,29311,0.7435942970216652,39120,29017,0.7417433537832311,0.5846659773060314,5.090290536091062
s1,12,baseline_3sigma,394245,301854,315389,233803,0.7413162792614835,39420,29233,0.7415778792491121,39436,29380,0.7450045643574399,0.5824367667509813,5.1126028706602
s1,13,baseline_3sigma,394344,302080,315514,234271,0.742505879295372,39569,29428,0.7437135131036923,39261,29204,0.7438424900028018,0.5776296046683127,5.103633524923702
s1,14,baseline_3sigma,393526,301328,314477,233541,0.7426330065473786,39584,29434,0.7435832659660468,39465,29139,0.7383504370961611,0.5925338659621331,5.076129087675548
s1,15,baseline_3sigma,393604,301483,314930,233773,0.7423014638173563,39237,29049,0.7403471213395519,39437,29225,0.7410553541090854,0.5825359213862479,5.084782484970681
s1,16,baseline_3sigma,392927,300517,314575,233339,0.7417595168083922,39156,28826,0.7361834712432322,39196,28951,0.738621287886519,0.587652980092828,5.112437997779518
s1,17,baseline_3sigma,393857,301073,314970,233350,0.7408642092897736,39544,29315,0.7413261177422618,39343,29188,0.7418854688254581,0.585027981102492,5.116867346012354
s1,18,baseline_3sigma,393003,301029,314191,233439,0.742984363014854,39193,29106,0.7426326129666012,39619,29293,0.7393674752012923,0.5813555390857891,5.120313086092085
s1,19,baseline_3sigma,392268,300445,313114,232321,0.7419693785649955,39630,29403,0.7419379258137775,39524,29315,0.741701244813278,0.5767514471656923,5.06937090013639
s1,20,baseline_3sigma,393322,301310,314639,233445,0.7419455312278516,39300,29190,0.7427480916030534,39383,29373,0.7458294187847548,0.5749245460418051,5.107496174673882
s1,21,baseline_3sigma,392783,300549,314205,233030,0.7416495600006365,38922,28907,0.7426905092235754,39656,29431,0.7421575549727658,0.5836933548417281,5.092587065516893
s1,22,baseline_3sigma,393645,301477,315027,233762,0.7420379840458119,39182,29110,0.7429431881986627,39436,29336,0.743888832538797,0.5837751505313136,5.077904241430525
s1,23,baseline_3sigma,394315,301676,315864,234079,0.7410752729022617,39121,29049,0.7425423685488612,39330,29264,0.7440630561912026,0.5830070826101648,5.1309004919618495
s1,24,baseline_3sigma,393362,301130,314639,233348,0.7416372414099969,39294,29296,0.7455591184404744,39429,29248,0.7417890385249436,0.5835050452398374,5.09158576200289
s1,25,baseline_3sigma,393368,301064,314538,233437,0.7421583401687555,39421,29297,0.7431825676669795,39409,29214,0.7413027481032252,0.5822215701655018,5.080671263578505
s1,26,baseline_3sigma,393256,300994,314385,233226,0.7418483706283697,39416,29150,0.7395473919220621,39455,29284,0.7422126473197314,0.5850534565783447,5.142938078503686
s1,27,baseline_3sigma,394710,302243,315370,233987,0.7419443827884706,39990,29666,0.7418354588647161,39350,29220,0.742566709021601,0.5855361230998238,5.121860176433716
s1,28,baseline_3sigma,394720,302236,315287,233869,0.7417654391078604,39694,29595,0.7455786768781176,39739,29397,0.7397518810236795,0.5776891464285785,5.0635764397500775
s1,29,baseline_3sigma,395022,302172,316030,234343,0.7415213745530488,39497,29337,0.7427652733118971,39495,29177,0.7387517407266743,0.5851569755459596,5.101179191629322
s1,30,baseline_3sigma,392390,300210,313612,232612,0.7417190668724412,39478,29229,0.7403870510157556,39300,29089,0.740178117048346,0.5764865858322273,5.091888274026379
s1,31,baseline_3sigma,394207,301582,315043,233660,0.7416765330446955,39563,29160,0.737052296337487,39601,29397,0.7423297391480013,0.5745479907932927,5.116999706091966
s1,32,baseline_3sigma,394943,302527,316153,234809,0.7427068539599497,39351,29277,0.7439963406266676,39439,29130,0.7386089911001801,0.5833998450420342,5.126359219152891
s1,33,baseline_3sigma,394513,302008,315871,234310,0.7417901611733904,39428,29112,0.738358526935173,39214,29196,0.744530014790636,0.5854817846556781,5.098625766751155
s1,34,baseline_3sigma,393308,301567,314452,233764,0.7434012186279623,39472,29375,0.7441984191325497,39384,29333,0.7447948405443835,0.5735553941362499,5.086922587318042
s1,35,baseline_3sigma,394434,301588,315067,233615,0.7414772096093847,39628,29322,0.7399313616634703,39739,29315,0.7376884169204057,0.5828898848265636,5.118272406013147
s1,36,baseline_3sigma,394506,301741,315718,233846,0.7406799739007596,39376,29225,0.742203372612759,39412,29296,0.7433269055110119,0.5788575710936753,5.06292566530869
s1,37,baseline_3sigma,393274,300934,314192,233004,0.7415974945256404,39441,29186,0.7399913795289166,39641,29364,0.7407482152317045,0.5802466783617529,5.0697011092472195
s1,38,baseline_3sigma,395027,302389,315919,234094,0.740993735736059,39705,29381,0.7399823699785921,39403,29299,0.7435728244042332,0.592134288054051,5.149892944028355
s1,39,baseline_3sigma,394535,302272,315645,234156,0.7418333887753648,39369,29381,0.7462978485610505,39521,29431,0.7446926950228993,0.5809182271878404,5.0845192121925225
s1,40,baseline_3sigma,393876,301519,315185,233751,0.74163110554119,39258,29212,0.7441031127413521,39433,29265,0.7421449040144041,0.584268045931021,5.105084554471291
s1,41,baseline_3sigma,394964,302246,316077,234125,0.7407214064927217,39524,29353,0.7426626859629593,39363,29313,0.7446840942001371,0.5858838849508867,5.119385384072781
s1,42,baseline_3sigma,394342,302539,315290,234419,0.7435028069396429,39259,29186,0.7434218905219185,39793,29450,0.7400799135526349,0.5868089560287125,5.051277179319429
s1,43,baseline_3sigma,394480,302005,315550,234123,0.7419521470448424,39534,29381,0.743183082915971,39396,29091,0.7384252208346025,0.5875400526726984,5.130441752954277
s1,44,baseline_3sigma,393736,301774,315078,234043,0.7428097169589752,39358,29251,0.7432034148076629,39300,29185,0.7426208651399491,0.5867328335241648,5.100382699729964
s1,45,baseline_3sigma,392925,301224,314589,233735,0.7429852919205694,39383,29325,0.7446106187949115,38953,28831,0.7401483839498884,0.5853425399991004,5.135911875463351
s1,46,baseline_3sigma,393878,301126,315010,233662,0.7417605790292372,39545,29174,0.7377418131242888,39323,28975,0.7368461205910027,0.5955871094282132,5.14001597240653
s1,47,baseline_3sigma,393299,300655,315062,233156,0.740032120661965,39016,29031,0.7440793520606931,39221,29096,0.7418474796665052,0.5798283206490227,5.099859785975014
s1,48,baseline_3sigma,393527,301290,314904,233545,0.7416387216421513,38983,28941,0.7424005335659134,39640,29544,0.7453077699293643,0.5771930347261365,5.120603317972777
s1,49,baseline_3sigma,393587,301117,315024,233656,0.7417085682360709,39225,29018,0.7397833014659019,39338,29081,0.7392597488433575,0.5913064975390113,5.118326297388719
s1,50,baseline_3sigma,394368,301338,315739,233679,0.7401017929365711,39394,29229,0.7419657815911053,39235,29068,0.7408691219574359,0.5881666128215772,5.122108960294393
s1,51,baseline_3sigma,393196,300606,314756,233398,0.7415204158141545,39215,28994,0.739359938798929,39225,28974,0.738661567877629,0.5855030885706642,5.108925380411462
s1,52,baseline_3sigma,394479,301717,316116,234473,0.7417308835996913,39030,28880,0.7399436331027415,39333,29048,0.7385147331757049,0.5940162147050462,5.126525626099786
s1,53,baseline_3sigma,394022,301560,315450,233930,0.741575527024885,39190,29165,0.7441949476907375,39382,29273,0.7433091259966482,0.5754224499420784,5.070991548447123
s1,54,baseline_3sigma,393829,301151,314942,233423,0.7411618647242985,39517,29201,0.7389477946200369,39370,29187,0.7413512827025655,0.5877322325318641,5.089803707257078
s1,55,baseline_3sigma,393842,301282,315210,233757,0.7415913200723327,39211,28983,0.7391548290020657,39421,29162,0.7397579970066716,0.5855912741182092,5.101363565541971
s1,56,baseline_3sigma,393687,301161,315248,233815,0.7416859107750089,39232,29012,0.7394983686786297,39207,28980,0.7391537225495447,0.5867118781375879,5.170082733932097
s1,57,baseline_3sigma,393994,301288,315461,233611,0.7405384500778226,39227,29087,0.7415045759298442,39306,29186,0.7425329466239251,0.5851746091722132,5.138114542665392
s1,58,baseline_3sigma,394235,302005,315789,234311,0.7419859463122528,39099,28981,0.7412210030947083,39347,29321,0.7451902305131268,0.5850032199166885,5.117303406818341
s1,59,baseline_3sigma,395434,302761,316573,234855,0.741866804812792,39231,29002,0.7392623180647957,39630,29452,0.7431743628564219,0.5847284406283877,5.13582396557321
s1,60,baseline_3sigma,394284,301347,315212,233312,0.7401748664390949,39630,29393,0.7416855917234418,39442,29185,0.7399472643375082,0.5870553442414862,5.128503772902036
s1,61,baseline_3sigma,393258,301285,314499,233387,0.7420913897977418,39437,29292,0.7427542662981464,39322,29156,0.7414678805757591,0.5874430620708126,5.144597993185327
s1,62,baseline_3sigma,393116,301604,314235,233621,0.7434595127850175,39381,29252,0.7427947487367005,39500,29401,0.7443291139240507,0.57903000690577,5.1071738794386645
s1,63,baseline_3sigma,394226,301121,315320,233140,0.7393758721298997,39379,29276,0.7434419360572894,39527,29296,0.741164267462747,0.5816751142998366,5.124710773667724
s1,64,baseline_3sigma,393834,301538,314521,233258,0.7416293347662001,39448,29322,0.7433076455080105,39865,29632,0.7433086667502822,0.584616583296342,5.090395999324327
s1,65,baseline_3sigma,394053,301499,315239,233749,0.7414977207769343,39524,29446,0.7450156866713895,39290,29119,0.7411300585390684,0.5811318973595612,5.104454546935648
s1,66,baseline_3sigma,394892,302397,315811,234424,0.74229206709076,39516,29326,0.7421297702196579,39565,29313,0.7408820927587514,0.5827965278463063,5.117329309689781
s1,67,baseline_3sigma,393027,300505,314174,232834,0.7410988815115191,39396,29132,0.7394659356279826,39457,29181,0.739564589299744,0.5873505351699077,5.100268799924888
s1,68,baseline_3sigma,393084,299978,314485,232593,0.7395996629409988,39394,29118,0.7391480936183175,39205,29003,0.7397780895293967,0.5808699735265278,5.124025991813491
s1,69,baseline_3sigma,393568,301129,314774,233473,0.7417162789811103,39302,29229,0.7437026105541703,39492,29180,0.7388838245720653,0.5793764187130952,5.142055755321133
s1,70,baseline_3sigma,394063,301366,315009,233455,0.7411058096752792,39512,29262,0.7405851386920429,39542,29226,0.7391128420413737,0.58334485818641,5.156637443465034
s1,71,baseline_3sigma,393824,301731,314639,233688,0.7427178448952609,39600,29321,0.7404292929292929,39585,29464,0.7443223443223443,0.5820006768874707,5.100502463083815
s1,72,baseline_3sigma,393557,301209,314570,233259,0.7415169914486441,39324,29148,0.7412267317668599,39663,29365,0.7403625545218465,0.5869486268065632,5.14346939687874
s1,73,baseline_3sigma,393913,301577,314901,233516,0.7415536946532402,39598,29362,0.7415020960654578,39414,29215,0.7412340792611762,0.5835226613636177,5.145580452442823
s1,74,baseline_3sigma,394431,301867,315186,233930,0.7421966711719429,39375,28932,0.7347809523809524,39870,29560,0.7414095811387008,0.587303929333899,5.166024523675896
s1,75,baseline_3sigma,393490,300551,314943,233121,0.7402006077290176,39280,28949,0.7369908350305499,39267,29132,0.7418952300914253,0.5783133032559993,5.107998094789011
s1,76,baseline_3sigma,394956,302061,316227,234181,0.7405471386061279,39459,29216,0.7404141007121315,39270,29187,0.7432391138273491,0.5818600317977978,5.120351497350543
s1,77,baseline_3sigma,394437,301515,315528,233742,0.7407963794021449,39273,29053,0.7397703256690347,39636,29320,0.7397315571702493,0.5831014246954468,5.103693606944987
s1,78,baseline_3sigma,394493,301750,315067,233545,0.741255034643425,39784,29509,0.7417303438568269,39642,29315,0.7394934665254024,0.5881743992100967,5.1228434660842215
s1,79,baseline_3sigma,392978,300862,314014,232906,0.7417057838185559,39311,29167,0.7419551779400168,39653,29433,0.7422641414268781,0.5873652960942481,5.1576636140059
s1,80,baseline_3sigma,392733,300526,314305,232983,0.741264058796392,39297,29151,0.7418123520879456,39131,29116,0.744064807952774,0.5871217188550486,5.068006429864597
s1,81,baseline_3sigma,393444,301311,314750,233681,0.7424336775218427,39514,29226,0.7396365845016956,39180,29083,0.7422919857069934,0.5833536153569567,5.11317902977963
s1,82,baseline_3sigma,393487,301332,314447,233336,0.7420519197193803,39528,29365,0.7428911151588747,39512,29396,0.743976513464264,0.5815940173338917,5.0855012745453125
s1,83,baseline_3sigma,393978,302273,314804,234054,0.7434911881678758,39882,29651,0.7434682312822828,39292,29254,0.744528148223557,0.5836416705052009,5.130588849923721
s1,84,baseline_3sigma,394787,302195,315513,233863,0.7412151004871431,39545,29436,0.7443671766342141,39729,29470,0.7417755292104005,0.5901306364185662,5.101574072910773
s1,85,baseline_3sigma,392409,300600,314054,233070,0.742133518439504,39191,29193,0.7448904085121584,39164,29025,0.7411142886324176,0.583151760295354,5.128251104128302
s1,86,baseline_3sigma,393591,301269,314736,233399,0.7415707132326775,39521,29311,0.7416563346069178,39334,29227,0.7430467280215589,0.5814246863884032,5.093964803529472
s1,87,baseline_3sigma,393228,301061,314585,233264,0.7414975284899152,39418,29294,0.7431630219696586,39225,29126,0.7425366475462077,0.5863150875816197,5.116185884780128
s1,88,baseline_3sigma,393595,301155,314761,233200,0.7408795880048672,39588,29365,0.7417651813680913,39246,29176,0.7434133414870305,0.5857606330592309,5.111676141507785
s1,89,baseline_3sigma,394519,302107,315100,233850,0.7421453506823231,39788,29475,0.7408012466070172,39631,29377,0.7412631525825742,0.5831004290681273,5.077819231646112
s1,90,baseline_3sigma,394044,301683,314636,233597,0.7424357034795764,39772,29413,0.7395403801669517,39636,29404,0.7418508426682814,0.5837664381279947,5.098760974572269
s1,91,baseline_3sigma,393255,301337,314410,233681,0.7432365382780446,39522,29270,0.74060017205607,39323,29255,0.7439666353024947,0.584484300211273,5.114183080329577
s1,92,baseline_3sigma,393888,301377,314753,233606,0.7421883190946552,39577,29291,0.7401015741466003,39558,29245,0.7392942009201678,0.5803422840168125,5.067293966446163
s1,93,baseline_3sigma,393536,301012,314895,233739,0.742275996760825,39549,29194,0.7381728994411996,39092,28973,0.7411490842116034,0.5859159032434866,5.062417447068281
s1,94,baseline_3sigma,395019,302434,316327,234745,0.7420959955994904,39417,29235,0.741685059745795,39275,29078,0.7403691915977084,0.5778252565623858,5.146016105009529
s1,95,baseline_3sigma,393811,301822,315085,233950,0.7424980560801053,39496,29393,0.744201944500709,39230,29113,0.7421106296201886,0.5894456895499729,5.058538554144977
s1,96,baseline_3sigma,394303,301457,315410,233561,0.7404996670999652,39714,29291,0.737548471571738,39179,29132,0.7435616018785574,0.5861949602206358,5.167089559343951
s1,97,baseline_3sigma,393943,301256,315210,233835,0.7418387741505663,39356,29085,0.739023274723041,39377,29050,0.7377403052543363,0.5834482565737655,5.0766158387673705
s1,98,baseline_3sigma,392797,300796,313803,232947,0.7423351593197006,39379,29225,0.7421468295284288,39615,29507,0.7448441247002399,0.5822328805859078,5.090664561656076
s1,99,baseline_3sigma,394302,301590,315088,233584,0.7413294063880567,39781,29496,0.7414594907116463,39433,29196,0.7403951005503006,0.5880875476531009,5.059876661505498
s1,100,baseline_3sigma,393334,300622,314991,233073,0.7399354267264779,39046,29015,0.7430978845464324,39297,29156,0.7419395882637352,0.5812343969056302,5.0899008523025655
s1,101,baseline_3sigma,394453,301713,315801,234086,0.7412452778806907,39346,29135,0.7404818787170233,39306,29330,0.7461965094387625,0.5862716901027405,5.088180742031027
s1,102,baseline_3sigma,394104,301410,315497,234056,0.7418644234335033,39229,28878,0.7361390807820745,39378,29147,0.7401848748031896,0.5833153213572397,5.1009755724152575
s1,103,baseline_3sigma,393306,300616,314877,233222,0.7406765181324771,39334,28958,0.7362078608837138,39095,28907,0.7394040158588054,0.590181710399493,5.1517542585188645
s1,104,baseline_3sigma,393471,301218,314732,233566,0.7421107481921126,39335,29283,0.7444515062921062,39404,29041,0.7370063952898183,0.5934328841952669,5.0961903067563155
s1,105,baseline_3sigma,393655,301738,314424,233513,0.7426691346716535,39561,29380,0.7426505902277496,39670,29489,0.7433577010335266,0.5775489442941746,5.073399954220408
s1,106,baseline_3sigma,394879,302392,315811,234420,0.7422794012874789,39868,29760,0.7464633289856527,39200,29028,0.7405102040816327,0.5835103793151751,5.088431459136695
s1,107,baseline_3sigma,392554,300194,314136,232692,0.7407364962945985,39146,29074,0.7427067899657692,39272,29085,0.7406039926665309,0.5888406050002861,5.107449204527229
s1,108,baseline_3sigma,394263,301701,315470,234004,0.7417630836529623,39257,29127,0.7419568484601472,39536,29296,0.7409955483609875,0.5805956907880739,5.12021481415199
s1,109,baseline_3sigma,394375,301969,315684,234167,0.7417765867132956,39283,29209,0.7435531909477382,39408,29249,0.7422097036134795,0.5828203282752722,5.105783720365375
s1,110,baseline_3sigma,394579,301962,316121,234497,0.7417950721400982,39047,29032,0.7435142264450534,39411,29013,0.7361650300677476,0.5861951427024841,5.100669497179164
s1,111,baseline_3sigma,394304,301812,315412,233861,0.7414461085817914,39650,29460,0.743001261034048,39242,29196,0.7439987768207533,0.5860495135003587,5.124685506850548
s1,112,baseline_3sigma,393757,301542,315248,233933,0.7420602192559509,39385,29325,0.7445728069061825,39124,28957,0.7401339331356712,0.5789702363170668,5.079879034658836
s1,113,baseline_3sigma,393641,300830,314879,233206,0.7406210004477911,39444,29265,0.7419379373288714,39318,29067,0.7392797192125744,0.5850244881417921,5.11456804928714
s1,114,baseline_3sigma,393050,300293,314735,232963,0.7401877770187618,38979,28690,0.7360373534467277,39336,29257,0.7437716087044947,0.5854712356181299,5.186108508885793
s1,115,baseline_3sigma,393554,301305,314769,233543,0.7419504462002294,39477,29253,0.7410137548445931,39308,29183,0.7424188460364303,0.585176031150476,5.152712705551975
s1,116,baseline_3sigma,394160,301508,315426,233847,0.7413688155066481,39521,29169,0.7380633081146732,39213,29237,0.7455945732282662,0.5760482880571228,5.150240131566065
s1,117,baseline_3sigma,394692,302103,315996,234437,0.7418986316282484,39608,29312,0.7400525146435064,39088,29036,0.7428366762177651,0.5804156506262682,5.0790716380075756
s1,118,baseline_3sigma,394225,301506,315294,233779,0.7414635229341503,39501,29238,0.7401837928153717,39430,29239,0.741541973116916,0.5792747188672419,5.120570139453342
s1,119,baseline_3sigma,394227,301508,315499,233922,0.741434996624395,39238,29141,0.742672919109027,39490,29189,0.7391491516839707,0.5769967400483792,5.11505539815818
s1,120,baseline_3sigma,394301,302338,315748,234704,0.7433269569403448,39179,28995,0.7400648306490722,39374,29191,0.741377558795144,0.5827509189067654,5.140790134897867
s1,121,baseline_3sigma,393458,300982,314625,233166,0.7410917759237187,39687,29470,0.7425605361957316,39146,29017,0.7412507024983396,0.582624725562185,5.08676144683122
s1,122,baseline_3sigma,394805,302500,315423,234415,0.7431766231378181,39806,29490,0.7408430889815606,39576,29292,0.7401455427531838,0.5802098896467267,5.118865477227829
s1,123,baseline_3sigma,394198,301615,315570,233959,0.7413854295401971,39102,29033,0.7424939900772339,39526,29289,0.7410059201538228,0.5855355396776084,5.170798232318216
s1,124,baseline_3sigma,393461,301015,314570,233275,0.7415678545315828,39618,29411,0.7423645817557676,39273,28977,0.7378351539225422,0.5803896272874741,5.114719444735205
s1,125,baseline_3sigma,393363,300748,314916,233155,0.7403720357174611,39216,29120,0.7425540595675234,39231,28992,0.7390074176034258,0.5882595298070197,5.112655321039426
s1,126,baseline_3sigma,393370,301403,314368,233347,0.7422733866042345,39563,29444,0.7442307206228042,39439,29164,0.7394710819239839,0.5860648514384789,5.142984652615688
s1,127,baseline_3sigma,393841,301730,315214,234113,0.7427113008939958,38925,28906,0.7426075786769428,39702,29507,0.7432119288700821,0.5806160799788935,5.099441729686442
s1,128,baseline_3sigma,393203,300788,314396,233039,0.7412276237611165,39447,29262,0.7418054604912921,39360,29201,0.7418953252032521,0.5763867191127947,5.101878515881122
s1,129,baseline_3sigma,394103,301591,315329,233888,0.7417268947670528,39365,29360,0.745840213387527,39409,29040,0.7368875130046436,0.5790701737871176,5.0970853863207735
s1,130,baseline_3sigma,392990,300524,314493,233165,0.7413996495947446,39246,29058,0.7404066656474545,39251,28957,0.7377391658811241,0.5827129334857142,5.135699331071787
s1,131,baseline_3sigma,394193,302269,315430,234513,0.7434708176140506,39616,29443,0.7432098142164781,39147,28968,0.7399800751015404,0.5773806783040161,5.098624185504255
s1,132,baseline_3sigma,393818,301056,315260,233336,0.7401382985472309,39430,29138,0.7389804717220391,39128,29193,0.7460897566959722,0.5840390772609724,5.135276805677569
s1,133,baseline_3sigma,394789,301908,315297,233562,0.7407682280516465,39745,29324,0.7378034972952573,39747,29647,0.7458927717815181,0.5859641844316215,5.112451085301821
s1,134,baseline_3sigma,393679,301047,315028,233467,0.74109920388029,39245,29006,0.7391005223595363,39406,29181,0.7405217479571639,0.579499904285164,5.146013810670515
s1,135,baseline_3sigma,393524,301185,314514,233393,0.7420750745594791,39603,29302,0.7398934424159785,39407,29169,0.7401984419011851,0.5841105120827107,5.121522362337768
s1,136,baseline_3sigma,394614,302310,315836,234309,0.7418691979381704,39346,29237,0.743074264219997,39432,29181,0.7400334753499695,0.5859086562936202,5.108310831171738
s1,137,baseline_3sigma,393679,301570,315047,233639,0.7416004596139624,39413,29330,0.7441707050973029,39219,29168,0.743721155562355,0.5797105587530121,5.123059008811711
s1,138,baseline_3sigma,394970,302399,315769,234174,0.7415990803403754,39557,29371,0.7424981672017595,39644,29516,0.7445262839269499,0.5838218576943422,5.115971247938893
s1,139,baseline_3sigma,392780,300908,314268,233221,0.7421086461236907,39240,29138,0.7425586136595311,39272,29214,0.7438887757180689,0.5772493738743034,5.090250127362497
s1,140,baseline_3sigma,392378,300824,314186,233571,0.7434163202688853,39140,28965,0.7400357690342361,39052,28849,0.7387329714227184,0.5894803052672593,5.050193201185053
s1,141,baseline_3sigma,394470,301912,315623,233899,0.7410708345082583,39406,29098,0.7384154697254225,39441,29359,0.7443776780507594,0.5858911967699667,5.148821495113868
s1,142,baseline_3sigma,393559,301635,315020,233998,0.7428036315154594,39488,29184,0.7390599675850892,39051,29167,0.7468950859132929,0.585395747978981,5.111888602257595
s1,143,baseline_3sigma,393970,301657,315286,234076,0.7424243385370742,39248,29166,0.7431206685690991,39436,29147,0.7390962572268993,0.581548546191952,5.111294192909022
s1,144,baseline_3sigma,394464,301620,315297,233577,0.7408158022435989,39526,29222,0.7393108333754996,39641,29331,0.7399157438006104,0.5933946980674496,5.08812627287922
s1,145,baseline_3sigma,395145,302318,315617,233964,0.741290868362604,39667,29517,0.7441197973126277,39861,29534,0.740924713378992,0.5811353392513285,5.097189261013945
s1,146,baseline_3sigma,394204,301065,315548,233556,0.740159975661389,39130,28981,0.7406337848198313,39526,29135,0.7371097505439458,0.5800176133229977,5.103794624984023
s1,147,baseline_3sigma,394546,302225,315974,234404,0.7418458480761075,39486,29247,0.74069290381401,39086,28967,0.7411093486158727,0.5863177448405903,5.146597463896875
s1,148,baseline_3sigma,394400,301762,315458,234023,0.7418515301561539,39449,29313,0.7430606605997617,39493,29248,0.7405869394576254,0.5758551361438247,5.11792269296558
s1,149,baseline_3sigma,393718,300938,315072,233362,0.7406624517570587,39254,29170,0.743108982524074,39392,29260,0.7427904142973193,0.5852742120526147,5.057812862362285
s1,150,baseline_3sigma,392871,300741,314278,233268,0.7422345821215611,39002,28848,0.7396543766986309,39591,29435,0.7434770528655502,0.5762773431831401,5.140516804108667
s1,151,baseline_3sigma,393769,301741,314561,233663,0.7428225368052619,39640,29407,0.7418516649848638,39568,29348,0.7417104731095835,0.5805813916878185,5.038374468360746
s1,152,baseline_3sigma,393626,301448,315154,233770,0.7417643437811355,39161,29058,0.7420137381578611,39311,29145,0.7413955381445397,0.5835106012781859,5.134445494825171
s1,153,baseline_3sigma,393706,301370,314923,233553,0.7416193799754226,39213,29089,0.7418203146915564,39570,29434,0.743846348243619,0.5740691503666984,5.125597564689107
s1,154,baseline_3sigma,392873,300593,314250,233096,0.7417533810660303,39455,29169,0.739297934355595,39168,29037,0.7413449754901961,0.579010223964119,5.11784514290987
s1,155,baseline_3sigma,394210,302008,314753,233746,0.7426331123134648,39533,29365,0.7427971568057066,39924,29601,0.7414337240757439,0.5840249136613441,5.111325503313963
s1,156,baseline_3sigma,394181,301783,315114,233712,0.741674441630648,39615,29281,0.7391392149438344,39452,29189,0.7398610970293015,0.581781097010581,5.141802473389406
s1,157,baseline_3sigma,394775,302389,315489,234344,0.7427961038261239,39492,29272,0.741213410310949,39794,29488,0.7410162336030557,0.5853580031052333,5.072579233608679
s1,158,baseline_3sigma,393716,301550,314332,233372,0.7424379318682157,39688,29437,0.7417103406571256,39696,29281,0.737630995566304,0.5872804592850079,5.1389985208177675
s1,159,baseline_3sigma,393196,300780,314737,233258,0.7411203639864394,39065,28965,0.741456546781006,39394,29197,0.7411534751484997,0.584766989020885,5.136863535032732
s1,160,baseline_3sigma,393602,301202,315386,233874,0.7415484517385046,39055,28903,0.740058891307131,39161,28951,0.739281427951278,0.5866926616102628,5.144559168301443
s1,161,baseline_3sigma,393894,301279,315407,233735,0.7410583785394744,39449,29061,0.736672665973789,39038,29120,0.7459398534761003,0.5840041566281866,5.104726019933108
s1,162,baseline_3sigma,394009,301597,315060,233701,0.7417666476226751,39390,29099,0.7387407971566388,39559,29247,0.7393260699208777,0.5799158893185127,5.124195575566593
s1,163,baseline_3sigma,393861,301661,315277,233766,0.7414622696866565,39208,29043,0.7407416853703326,39376,29383,0.7462159691182446,0.5881270463633537,5.100127591015276
s1,164,baseline_3sigma,393905,301369,315198,233806,0.7417750112627618,39453,29173,0.7394367982155983,39254,29109,0.7415550007642533,0.5777167537943889,5.072436918687133
s1,165,baseline_3sigma,394618,301999,315494,233777,0.740987150310307,39537,29337,0.7420138098490022,39587,29389,0.7423901785939828,0.5844235341588301,5.100073815969372
s1,166,baseline_3sigma,394980,302456,315945,234480,0.7421544889142098,39484,29306,0.7422246986120961,39551,29398,0.7432934691916766,0.5800357841636439,5.118356535717419
s1,167,baseline_3sigma,393784,301479,314930,233800,0.7423871971549233,39356,29124,0.7400142290883219,39498,29158,0.7382145931439567,0.576560811125519,5.128896628738848
s1,168,baseline_3sigma,394000,301859,315563,234011,0.7415666602231568,39217,29134,0.7428921131142107,39220,29172,0.7438041815400306,0.583385699222322,5.156537216717488
s1,169,baseline_3sigma,394237,301748,315570,234039,0.7416389390626486,39399,29144,0.7397142059443133,39268,29206,0.7437608230620353,0.5777350153993175,5.130677238501709
s1,170,baseline_3sigma,393681,301685,314934,233843,0.7425143045844527,39453,29434,0.7460522647200466,39294,29034,0.7388914338066881,0.573463364911198,5.176842024752139
s1,171,baseline_3sigma,392939,300863,314540,233365,0.7419247154574935,39437,29379,0.7449603164540913,38962,28769,0.7383861198090447,0.578416338293329,5.091972197296701
s1,172,baseline_3sigma,393858,301218,315400,233728,0.7410526315789474,39134,29036,0.7419635099913119,39324,29168,0.7417353270267522,0.5778744612425492,5.101503718321472
s1,173,baseline_3sigma,393173,300773,314145,232992,0.7416702478154992,39350,29138,0.7404828462515883,39678,29454,0.7423257220626039,0.571812887398193,5.1107268070505665
s1,174,baseline_3sigma,393881,301332,314760,233222,0.7409518363197357,39548,29353,0.7422119955497117,39573,29349,0.7416420286559018,0.5873025287400753,5.125571705297242
s1,175,baseline_3sigma,393289,301068,314124,233174,0.7422992194165361,39668,29467,0.7428405767873348,39497,29299,0.7418031749246778,0.5802484941934033,5.063388932954409
s1,176,baseline_3sigma,394677,301423,315513,233569,0.7402832846824061,39453,29093,0.7374090690188325,39711,29398,0.7402986578026239,0.5845147045391691,5.070999663726294
s1,177,baseline_3sigma,392772,300253,314345,232965,0.7411124719655156,39129,28997,0.7410616167037236,39298,29092,0.7402921268257927,0.5870609095291354,5.046795567446123
s1,178,baseline_3sigma,392890,300863,313990,233097,0.7423707761393675,39617,29378,0.7415503445490572,39283,29122,0.7413384924776621,0.5801652486170421,5.08118706338062
s1,179,baseline_3sigma,393053,301085,314463,233526,0.7426183684567024,39295,29189,0.7428171523094541,39295,29058,0.7394833948339483,0.5887426170207282,5.1293842044016875
s1,180,baseline_3sigma,393272,301365,314544,233560,0.7425352255964189,39245,29095,0.7413683271754363,39483,29355,0.7434845376491148,0.5852797990917834,5.107941403505873
s1,181,baseline_3sigma,394206,301493,315550,233847,0.7410774837585169,39167,28975,0.7397809380345699,39489,29354,0.7433462483223177,0.5854684470834244,5.1326656319298
s1,182,baseline_3sigma,393622,301021,314967,233566,0.7415570520086231,39277,29129,0.7416299615551086,39378,29052,0.7377723602011276,0.5793969046142519,5.088969508566666
s1,183,baseline_3sigma,393927,301550,315227,233763,0.7415703604069448,39129,29069,0.7429016841728641,39571,29212,0.7382173814156832,0.5873365006389532,5.121923591196048
s1,184,baseline_3sigma,394728,302224,315842,234352,0.7419912487889514,39526,29381,0.7433335019986844,39360,29059,0.7382876016260163,0.5866123992741724,5.16091999005871
s1,185,baseline_3sigma,392819,300749,314410,233548,0.7428135237428835,39117,28887,0.7384768770611243,39292,29193,0.7429756693474499,0.5739747479636632,5.070634004715424
s1,186,baseline_3sigma,393908,301558,315382,233988,0.7419193232334121,39262,29087,0.7408435637512099,39264,29142,0.7422066014669927,0.5801617730024862,5.090756852023428
s1,187,baseline_3sigma,394160,301621,315281,233857,0.7417414940957432,39197,29064,0.7414853177539097,39682,29380,0.7403860692505418,0.5828812159452731,5.167768256483725
s1,188,baseline_3sigma,393790,301590,314554,233606,0.7426578584281236,39712,29502,0.7428988718775181,39524,29115,0.7366410282360085,0.5774801396355761,5.123133547656073
s1,189,baseline_3sigma,393385,301169,314567,233410,0.7420040881592793,39156,28929,0.7388139748697518,39662,29465,0.7429025263476375,0.5800277613161487,5.082862674159166
s1,190,baseline_3sigma,393843,301591,315000,233670,0.7418095238095238,39693,29430,0.7414405562693674,39150,29088,0.7429885057471264,0.5801139855647868,5.12128790755324
s1,191,baseline_3sigma,393366,301173,314134,233047,0.7418713033291525,39718,29292,0.7374993705624654,39514,29219,0.7394594321000152,0.5866148205430667,5.177227727949101
s1,192,baseline_3sigma,392873,300507,314212,232775,0.7408214835843316,39343,29166,0.7413262842182854,39318,29265,0.744315580650084,0.5780875165813459,5.067464028597422
s1,193,baseline_3sigma,394311,301672,315988,234198,0.7411610567489905,39296,29211,0.7433581026058632,39027,28948,0.7417428959438338,0.5824618446219463,5.114515701162503
s1,194,baseline_3sigma,393925,301214,315146,233614,0.7412881648505772,39395,29202,0.7412615814189618,39384,29096,0.7387771683932561,0.583827020601933,5.113687296281878
s1,195,baseline_3sigma,394158,301307,315372,233444,0.7402179013989828,39397,29225,0.7418077518592786,39389,29261,0.7428723755363172,0.5852444736305932,5.087916886334383
s1,196,baseline_3sigma,394183,301696,315729,234047,0.7412907905197179,39396,29274,0.7430703624733476,39058,28984,0.7420758871421987,0.580758388152047,5.143147574310354
s1,197,baseline_3sigma,393216,300906,314930,233401,0.7411202489442098,39299,29231,0.7438102750706125,38987,28840,0.739733757406315,0.579983325595353,5.126201766265899
s1,198,baseline_3sigma,393725,301617,314778,233607,0.7421325505594419,39478,29274,0.7415269263893814,39469,29357,0.7437989308064556,0.5871075889914732,5.109511172656101
s1,199,baseline_3sigma,393608,301329,315161,233665,0.7414147054997288,39147,29145,0.7445014943673844,39300,29213,0.7433333333333333,0.5757075402265306,5.1122808582095045
s1,200,baseline_3sigma,393418,301185,314688,233566,0.7422145108806183,39325,29149,0.7412333121424031,39405,29236,0.7419363024996828,0.5752742406906777,5.155320157762057
s1,201,baseline_3sigma,393820,301822,315343,234235,0.7427943540842828,39211,29076,0.7415266124301854,39266,29180,0.74313655579891,0.5785789718762822,5.108192015480963
s1,202,baseline_3sigma,394625,301881,315430,233822,0.7412801572456647,39708,29341,0.7389191094993453,39487,29253,0.7408260946640667,0.5860508672571793,5.153916162968221
s1,203,baseline_3sigma,393336,301381,314423,233336,0.7421085607605041,39364,29280,0.743826846865156,39549,29415,0.7437609041947963,0.579114484336017,5.055429319588913
s1,204,baseline_3sigma,393197,300901,314303,232936,0.7411192384418857,39620,29391,0.7418223119636547,39274,29151,0.7422467790395681,0.5948678688838152,5.075260406067958
s1,205,baseline_3sigma,393573,301355,314458,233217,0.7416475332158826,39758,29586,0.7441521203279843,39357,29211,0.7422059608201844,0.580720255076832,5.129225037747007
s1,206,baseline_3sigma,393976,301235,315058,233168,0.7400796043903027,39663,29358,0.740186067619696,39255,29161,0.7428607820659788,0.5870407022894385,5.127308091895452
s1,207,baseline_3sigma,394040,301822,315630,233989,0.7413395431359503,39397,29392,0.7460466532984745,39013,29105,0.7460333734908876,0.5805441815817232,5.076536036815658
s1,208,baseline_3sigma,394348,301376,315633,233814,0.7407780555265134,39393,29228,0.7419592313355164,39322,29112,0.7403489140938915,0.5835177781148239,5.126195446220376
s1,209,baseline_3sigma,394200,301576,315756,233885,0.7407143490543331,39103,29056,0.7430631920824489,39341,29211,0.7425078162730994,0.5818784667155015,5.119023377359419
s1,210,baseline_3sigma,394947,302034,315726,234092,0.7414403628462655,39775,29525,0.7423004399748586,39446,29223,0.7408355726816407,0.5786822277022683,5.02894019013363
s1,211,baseline_3sigma,393338,301259,314330,233001,0.741262367575478,39501,29511,0.747095010252905,39507,29415,0.7445515984509075,0.5778316830175406,5.079077874263934
s1,212,baseline_3sigma,394624,301688,315617,233774,0.7406888729060855,39617,29274,0.7389252088749779,39390,29195,0.7411779639502412,0.5904305152217293,5.104526952306652
s1,213,baseline_3sigma,393797,301891,315164,234094,0.7427688441573276,39181,29279,0.7472754651489242,39452,29134,0.7384669978708304,0.5895647689946186,5.084912366777034
s1,214,baseline_3sigma,392930,301163,314484,233401,0.7421713028325765,38901,28806,0.7404951029536516,39545,29437,0.7443924642811987,0.5909280236970477,5.158172260455563
s1,215,baseline_3sigma,393753,301416,314970,233491,0.7413118709718386,39291,29149,0.7418747295818381,39492,29344,0.7430365643674668,0.5829128745516569,5.101059927200575
s1,216,baseline_3sigma,393267,301703,314671,233797,0.7429887088419334,39473,29402,0.7448635776353457,39123,29096,0.7437057485366664,0.5912162285216145,5.138480605598304
s1,217,baseline_3sigma,393948,301262,315185,233614,0.7411964401859226,39129,28887,0.7382504025147589,39634,29422,0.742342433264369,0.5827185874114451,5.117089330065507
s1,218,baseline_3sigma,394577,301985,315497,233944,0.7415094279818826,39518,29361,0.7429778834961284,39562,29285,0.7402305242404328,0.5808478434365646,5.109266833840142
s1,219,baseline_3sigma,393241,300798,314755,233244,0.74103350224778,39104,28857,0.7379551963993454,39382,29152,0.7402366563404601,0.5854729117242592,5.098666169240164
s1,220,baseline_3sigma,393916,301873,314908,234079,0.7433250346132839,39583,29271,0.7394841219715534,39425,29256,0.7420672162333545,0.5771752730987383,5.085054584088932
s1,221,baseline_3sigma,394354,301990,315770,234125,0.7414415555625931,39148,29100,0.7433329927454787,39436,29246,0.7416066538188457,0.589498968220914,5.148040209961482
s1,222,baseline_3sigma,394322,301978,315288,233985,0.7421310040344067,39264,29012,0.7388956805215974,39770,29513,0.7420920291677143,0.5794928505620872,5.140968592375895
s1,223,baseline_3sigma,393515,301459,314578,233364,0.7418319145013319,39351,29169,0.7412518106274301,39586,29477,0.7446319405850553,0.5845975855947889,5.128416017408789
s1,224,baseline_3sigma,394222,301215,315313,233280,0.7398362896550412,39426,29212,0.740932379647948,39483,29434,0.7454853987792215,0.5844008121790457,5.077804850128684
s1,225,baseline_3sigma,393151,300616,314709,233155,0.7408590157891893,39187,29015,0.7404241202439584,39255,29097,0.7412304165074513,0.5816236610687574,5.108556019642908
s1,226,baseline_3sigma,394865,301963,316059,234222,0.7410704963313811,39544,29394,0.7433238923730529,39262,29074,0.740512454790892,0.5810876630842537,5.141968398095954
s1,227,baseline_3sigma,394235,301754,315088,233968,0.7425481135428833,39572,29190,0.7376427777216213,39575,29329,0.7410991787744788,0.5860633711850496,5.109663232019432
s1,228,baseline_3sigma,394542,302464,315676,234458,0.7427172163864215,39569,29480,0.7450276731784983,39297,29215,0.7434409751380513,0.5772146330831709,5.121806705471409
s1,229,baseline_3sigma,393912,301496,314853,233486,0.7415714635083674,39539,29281,0.7405599534636688,39520,29413,0.7442560728744939,0.581847769361595,5.056533634289752
s1,230,baseline_3sigma,393045,300946,314367,233357,0.7423075577271151,39287,29081,0.7402194110010946,39391,29173,0.7406006448173441,0.586516298888939,5.161199631629522
s1,231,baseline_3sigma,393842,301631,315601,234180,0.7420128580074208,39229,29109,0.7420275816360345,39012,28972,0.7426432892443351,0.5865833784195768,5.154578042832409
s1,232,baseline_3sigma,393442,300702,314646,232972,0.7404257483012655,39141,28958,0.7398380215119695,39655,29403,0.7414701803051318,0.581921453478019,5.115956835759882
s1,233,baseline_3sigma,394085,301596,315707,234098,0.7415039894585803,39108,29027,0.7422266543929631,39270,29194,0.7434173669467787,0.5769545667470475,5.155949955953486
s1,234,baseline_3sigma,393158,300967,314486,233066,0.7411013526834263,39206,29223,0.7453706065398154,39466,29243,0.740966908224801,0.5854942735665236,5.14779950060155
s1,235,baseline_3sigma,393016,301629,314667,233991,0.7436146783742814,38998,29117,0.7466280322067799,39351,29317,0.7450128332189779,0.5782893389440937,5.0827448590831095
s1,236,baseline_3sigma,393767,301565,314879,233642,0.7420056593167534,39647,29380,0.7410396751330491,39241,29249,0.7453683647205729,0.5887137305778545,5.110449628657886
s1,237,baseline_3sigma,393048,300870,314113,232944,0.7415929936042125,39564,29321,0.7411030229501567,39371,29335,0.7450915648573824,0.574673931851296,5.097180721287153
s1,238,baseline_3sigma,393059,300522,314464,233018,0.7410005596825073,39252,29006,0.7389687149699379,39343,29106,0.7398012352896323,0.5830116140115665,5.097763446788459
s1,239,baseline_3sigma,394307,301699,315561,233901,0.7412227746774791,39379,29133,0.739810558927347,39367,29230,0.7425000635049661,0.5868263096669022,5.108683455705449
s1,240,baseline_3sigma,394716,302052,315590,234145,0.7419278177382046,39743,29292,0.7370354527841381,39383,29201,0.7414620521544829,0.5879977092327935,5.133819529511659
s1,241,baseline_3sigma,394842,302212,315611,234251,0.7422143081198057,39584,29421,0.7432548504446241,39647,29291,0.7387948646808081,0.5853558549371366,5.10874911415019
s1,242,baseline_3sigma,394293,301706,315537,233896,0.7412633066803576,39240,29092,0.7413863404689093,39516,29396,0.7439012045753619,0.5842813154350355,5.101286408968647
s1,243,baseline_3sigma,395075,302331,315682,234231,0.7419840218954518,39807,29427,0.7392418418871053,39586,29263,0.7392259889860051,0.5832653242577102,5.079458423444279
s1,244,baseline_3sigma,393722,301493,315129,233936,0.7423499582710572,39425,29197,0.740570703868104,39168,29041,0.7414470996732027,0.5866780750743352,5.124752663431617
s1,245,baseline_3sigma,392583,300463,314450,233097,0.7412847829543647,39070,29182,0.7469157921679037,39063,28938,0.7408033177175332,0.5852638841900493,5.1048667000830745
s1,246,baseline_3sigma,394160,301673,315198,233725,0.7415180299367382,39525,29330,0.7420619860847565,39437,29235,0.7413089230925273,0.5776076743446239,5.128391239957979
s1,247,baseline_3sigma,393515,301160,314992,233520,0.741352161324732,38973,28922,0.7421035075565134,39550,29400,0.7433628318584071,0.586832082046308,5.156702889601329
s1,248,baseline_3sigma,395240,302472,316466,234498,0.7409895533801419,39544,29393,0.7432986040865871,39230,29167,0.7434871271985726,0.5859797187831506,5.142057236834454
s1,249,baseline_3sigma,394849,302172,316050,234556,0.7421483942414175,39385,29209,0.741627523168719,39414,29246,0.7420206018166133,0.5814406356822757,5.076518452409579
s1,250,baseline_3sigma,394884,302412,315765,234439,0.7424477063639099,39378,29082,0.7385342069175682,39741,29493,0.7421302936513927,0.5863141780671187,5.09493010643189
s1,251,baseline_3sigma,393042,300874,314463,233321,0.7419664634631101,39245,29165,0.7431519938845713,39334,29172,0.7416484466364976,0.5889874482451478,5.1225669681176145
s1,252,baseline_3sigma,394183,302033,315226,233826,0.7417725695215496,39523,29549,0.7476406143258356,39434,29260,0.7419992899528326,0.5774122348392113,5.176752119968753
s1,253,baseline_3sigma,394345,301800,315841,234254,0.7416833153390472,38976,28798,0.7388649425287356,39528,29244,0.7398299939283546,0.5859844839466013,5.1248770755540445
s1,254,baseline_3sigma,394568,302283,315437,234337,0.7428963628236384,39390,29206,0.7414572226453414,39741,29437,0.7407211695729851,0.588155398976331,5.120820885533979
s1,255,baseline_3sigma,394137,301804,315501,234111,0.7420293438055664,39129,29083,0.7432594750696414,39507,29252,0.7404257473359152,0.5865167661938667,5.113620871538725
s1,256,baseline_3sigma,393918,301394,315327,233398,0.7401776568451164,39316,29240,0.7437175704547767,39275,29264,0.7451050286441757,0.5941141786466528,5.148813593135252
s1,257,baseline_3sigma,392839,300521,314240,233243,0.7422447810590631,39297,28914,0.7357813573555233,39302,29173,0.7422777466795583,0.5827906805074206,5.100555950858537
s1,258,baseline_3sigma,394281,301540,315581,234066,0.7416986447219572,39622,29263,0.7385543384988138,39078,28860,0.7385229540918163,0.5775081931619115,5.091966507992708
s1,259,baseline_3sigma,393476,301024,314414,233330,0.7421107202605481,39334,29139,0.7408094778054609,39728,29344,0.738622633910592,0.5823424713661514,5.049957410211973
s1,260,baseline_3sigma,392966,301118,314897,233735,0.742258579789582,39022,29074,0.7450668853467275,39047,28973,0.7420032268804262,0.5765802657117518,5.099700515745449
s1,261,baseline_3sigma,394647,302239,316028,234590,0.7423076436265141,39390,29178,0.7407463823305408,39229,29129,0.7425374085497973,0.5813281035342812,5.160654380174644
s1,262,baseline_3sigma,393802,301199,315167,233553,0.7410452236433382,39122,28967,0.7404273810132407,39513,29321,0.7420595753296384,0.5816043948162547,5.141830196633707
s1,263,baseline_3sigma,393490,301371,314627,233422,0.741900726892479,39252,29110,0.7416182614898604,39611,29365,0.7413344777965717,0.5858921344142314,5.160820295783731
s1,264,baseline_3sigma,394502,301979,315680,234180,0.7418271667511404,39646,29521,0.7446148413459113,39176,29044,0.7413722687359607,0.5848496785499459,5.10068336198243
s1,265,baseline_3sigma,393617,301331,314721,233592,0.7422192989981603,39383,29207,0.7416144021532133,39513,29306,0.7416799534330474,0.5821952937967835,5.069507845817186
s1,266,baseline_3sigma,393415,300647,314873,233111,0.7403334042614006,39301,29214,0.7433398641255947,39241,29038,0.7399913355928748,0.5841554052386413,5.096153320438878
s1,267,baseline_3sigma,393975,301685,314915,233829,0.7425146468094566,39624,29339,0.7404350898445387,39436,29259,0.741936301856172,0.5821845699068815,5.122922079419047
s1,268,baseline_3sigma,392683,300362,314104,232934,0.7415824058273692,39274,29068,0.7401334216020777,39305,29010,0.7380740363821396,0.5788496879251936,5.105821724082644
s1,269,baseline_3sigma,393032,300445,314282,232792,0.7407105720340331,39276,29106,0.7410632447296058,39474,29337,0.7431980544155646,0.5799056962138828,5.148861243397573
s1,270,baseline_3sigma,393442,300992,314921,233554,0.7416272652506501,39239,29042,0.7401309921251816,39282,29153,0.7421465302174024,0.5796631132539019,5.112713560555477
s1,271,baseline_3sigma,393720,301200,315122,233538,0.7411034456496214,39167,29023,0.7410064595194934,39431,29265,0.7421825467271943,0.588021665561026,5.146287483276487
s1,272,baseline_3sigma,393155,301065,314442,233053,0.7411637122267382,39383,29331,0.7447629687936419,39330,29318,0.7454360539028732,0.5753569879504687,5.154471943953692
s1,273,baseline_3sigma,394664,302081,315457,234177,0.7423420624681019,39706,29300,0.7379237394852164,39501,29256,0.7406394774815828,0.5845026594392536,5.050918764040299
s1,274,baseline_3sigma,393915,301516,315114,233914,0.7423154794772685,39236,28921,0.737103680293608,39565,29329,0.7412864905851131,0.5808661028583747,5.140748831977903
s1,275,baseline_3sigma,394285,301925,315388,234021,0.7420098418455997,39493,29247,0.7405616185146735,39404,29303,0.7436554664501066,0.5839154288937655,5.0885450772463185
s1,276,baseline_3sigma,393213,301275,315119,233912,0.7422973543328076,39100,28954,0.7405115089514066,38994,28975,0.74306303533877,0.5830230096894973,5.1082370537491
s1,277,baseline_3sigma,394996,303053,316018,234896,0.7432994323108177,39694,29769,0.7499622109134881,39284,29215,0.7436869972507891,0.5803051519253284,5.081184713557952
s1,278,baseline_3sigma,393424,300930,314824,233302,0.7410553197977282,39187,29081,0.742108352259678,39413,29226,0.7415319818334052,0.5847787492435133,5.152214474427605
s1,279,baseline_3sigma,394282,301146,315982,233848,0.7400674721977835,39365,29040,0.7377111647402514,38935,28659,0.7360729420829588,0.578789890240683,5.153579945112775
s1,280,baseline_3sigma,394452,302124,315502,234145,0.7421347566734917,39426,29271,0.7424288540556992,39524,29317,0.7417518469790507,0.5936485398039371,5.0976941433112835
s1,281,baseline_3sigma,394938,301975,315914,234067,0.7409199972144318,39197,29011,0.7401331734571523,39827,29470,0.7399502849825496,0.5854927216208035,5.131700700033571
s1,282,baseline_3sigma,393857,301542,314690,233625,0.7423972798627221,39784,29442,0.7400462497486426,39383,29079,0.7383642688469644,0.5899594128915188,5.080879566850266
s1,283,baseline_3sigma,393660,301511,315154,233848,0.7420118418297087,39334,29356,0.7463263334519754,39172,28951,0.7390738282446646,0.5748946525130386,5.1323084533860435
s1,284,baseline_3sigma,392754,300781,314038,233042,0.7420821684000025,39306,29136,0.7412608762021066,39410,29276,0.7428571428571429,0.5822067095159984,5.147708731561288
s1,285,baseline_3sigma,394391,301409,315472,233720,0.7408581427194807,39595,29272,0.7392852632908196,39324,29149,0.7412521615298545,0.585315154711997,5.106498603203294
s1,286,baseline_3sigma,394129,301319,315052,233476,0.7410713152114572,39632,29270,0.7385446104158256,39445,29401,0.7453669666624414,0.591081068664991,5.07354090057722
s1,287,baseline_3sigma,392327,300182,314289,232869,0.7409390720006109,39042,28920,0.7407407407407407,38996,28991,0.7434352241255513,0.5863209210450244,5.133516419353557
s1,288,baseline_3sigma,394214,302164,315277,234044,0.7423440339764715,39295,29167,0.742257284641812,39642,29405,0.7417637858836588,0.5795466462902759,5.107036506911749
s1,289,baseline_3sigma,393862,301215,314547,233083,0.741011677110257,39612,29308,0.7398768050085832,39703,29402,0.7405485731556809,0.5931978595153353,5.071968961920803
s1,290,baseline_3sigma,394925,302244,315908,234141,0.7411683148258353,39667,29553,0.7450273527113217,39350,29144,0.7406353240152478,0.5816701420328563,5.109307702271961
s1,291,baseline_3sigma,392826,301035,314295,233352,0.7424616999952274,39281,29137,0.7417581018813166,39250,29132,0.7422165605095541,0.5820521250866156,5.130431143499829
s1,292,baseline_3sigma,392482,300167,314061,232700,0.7409388621955607,39386,29110,0.7390951099375412,39035,28997,0.7428461636992443,0.5826674645076263,5.121564846652863
s1,293,baseline_3sigma,393784,301965,315002,233978,0.7427825855073936,39588,29473,0.7444932807921593,39194,29252,0.7463387253150993,0.5791720255429492,5.044633780791727
s1,294,baseline_3sigma,393868,301470,314987,233519,0.7413607545708235,39468,29250,0.741106719367589,39413,29176,0.7402633648796082,0.5839707460271382,5.153088797164267
s1,295,baseline_3sigma,394046,301473,315161,233851,0.7420048800454371,39130,28822,0.7365704063378482,39755,29309,0.7372405986668343,0.5928453367633927,5.15632798531524
s1,296,baseline_3sigma,393383,301263,314441,233463,0.7424699705191117,39319,29219,0.743126732622905,39623,29399,0.7419680488605103,0.587163037733157,5.0965051541393835
s1,297,baseline_3sigma,394401,302246,315353,234291,0.7429483784837944,39375,29187,0.7412571428571428,39673,29416,0.7414614473319386,0.5803906596877526,5.160962074879094
s1,298,baseline_3sigma,394176,301769,315406,233918,0.7416409326392015,39387,29231,0.7421484246071038,39383,29285,0.7435949521367088,0.5839754045226501,5.067393186852983
s1,299,baseline_3sigma,393205,300973,314464,233385,0.7421676249109596,39393,29210,0.7415022973624755,39348,29084,0.7391481142624784,0.5827403611207606,5.0891929232783415
s1,300,baseline_3sigma,394595,301997,315514,234205,0.7422966968185247,39782,29564,0.7431501684178774,39299,29037,0.7388737626911627,0.5857115398518982,5.049339412691882
s1,301,baseline_3sigma,393788,301426,315091,233842,0.7421411592206696,39046,28810,0.7378476668544793,39651,29423,0.742049380847898,0.578669569398836,5.139571231471551
s1,302,baseline_3sigma,393960,301173,315764,233953,0.7409109334819676,39210,28974,0.7389441469013007,38986,28849,0.739983583850613,0.5818210582743766,5.129906467827108
s1,303,baseline_3sigma,394787,302047,316251,234331,0.7409652459596966,39317,29152,0.741460436961111,39219,29114,0.7423442719090236,0.5864343268562693,5.151170483138233
s1,304,baseline_3sigma,394607,302183,315579,234072,0.7417223579515747,39319,29079,0.7395661130751037,39709,29517,0.7433327457251505,0.5741172800180204,5.126218939946239
s1,305,baseline_3sigma,393714,301287,315165,233708,0.7415417321085781,39408,29167,0.7401289078359724,39141,29093,0.7432870902634067,0.5850952056710284,5.180511847609421
s1,306,baseline_3sigma,393901,301711,315127,233921,0.7423070698480295,39211,29131,0.7429292800489659,39563,29321,0.74112175517529,0.5816726366972642,5.11278377274059
s1,307,baseline_3sigma,394835,302228,315567,233997,0.7415128958351158,39808,29660,0.7450763665594855,39460,29196,0.7398884946781551,0.5848718953673209,5.084156112039892
s1,308,baseline_3sigma,393502,300835,314647,232951,0.7403566536467852,39271,29096,0.740902956380026,39584,29351,0.7414864591754244,0.5907272312306402,5.154433168592232
s1,309,baseline_3sigma,393543,301256,314977,233632,0.7417430479050852,39449,29337,0.7436690410403306,39117,28966,0.7404964593399289,0.583244845702517,5.134491564255406
s1,310,baseline_3sigma,393275,300763,314883,233559,0.7417326435533198,39147,28995,0.7406697831251436,39245,29079,0.7409606319276341,0.5897122986261996,5.1304252135572375
s1,311,baseline_3sigma,394157,301580,315799,234119,0.7413544691401809,39049,28890,0.7398396885963789,39309,29196,0.7427306723651073,0.5867892199237497,5.142333922914172
s1,312,baseline_3sigma,393465,301476,314706,233668,0.7424961710294687,39343,29213,0.7425209058790636,39416,29172,0.7401055408970977,0.585697061538468,5.085942542737243
s1,313,baseline_3sigma,393920,302075,315403,234312,0.7428971823349809,38881,29025,0.7465085774542836,39636,29484,0.7438692098092643,0.589168908776918,5.09967783367172
s1,314,baseline_3sigma,393527,301071,314946,233421,0.7411461012364025,39257,29166,0.7429503018569936,39324,29220,0.7430576747024717,0.578656285531216,5.094724117122854
s1,315,baseline_3sigma,393918,301212,315549,233950,0.7414062475241563,39287,29045,0.739303077353832,39082,28902,0.7395220306023234,0.591146069225581,5.042396633046157
s1,316,baseline_3sigma,394339,302081,315610,234025,0.7415005861664713,39384,29246,0.7425858216534633,39345,29393,0.7470580759944084,0.5919854888966712,5.096890686133334
s1,317,baseline_3sigma,394859,302638,315683,234583,0.7430967141087736,39402,29176,0.7404700269021877,39774,29526,0.7423442449841605,0.5855388370096886,5.110954382344276
s1,318,baseline_3sigma,394457,301754,315614,234049,0.7415672308579467,39346,29066,0.7387282061708941,39497,29285,0.7414487176241233,0.5858605733345764,5.131526106977867
s1,319,baseline_3sigma,393095,300412,314746,233121,0.7406639004149378,39192,29029,0.7406868748724229,39157,28862,0.7370840462752509,0.5837754802507586,5.158122312184731
s1,320,baseline_3sigma,394060,301619,315309,233656,0.7410381562213575,39200,28992,0.7395918367346939,39551,29499,0.7458471340800485,0.5844749485254976,5.113546946911112
s1,321,baseline_3sigma,394117,302168,315270,234247,0.7430044089193389,39347,29231,0.7429028896739268,39500,29432,0.7451139240506329,0.578517780262344,5.115907543299787
s1,322,baseline_3sigma,395714,302619,316614,234708,0.7413064488620212,39667,29302,0.7386996747926488,39433,29217,0.7409276494306799,0.5888846776905716,5.1335763576290185
s1,323,baseline_3sigma,393015,300937,314484,233328,0.741939176555882,39150,29112,0.7436015325670499,39381,29115,0.7393159137655214,0.5841293040539828,5.124461201578338
s1,324,baseline_3sigma,394816,302365,315719,234348,0.7422676493970904,39454,29257,0.741547118162924,39643,29392,0.7414171480463133,0.5816294827500018,5.139579213639973
s1,325,baseline_3sigma,392920,300639,314254,232791,0.7407733871327016,39194,29310,0.7478185436546411,39472,29357,0.7437423996757195,0.5822714002853283,5.062072460848227
s1,326,baseline_3sigma,394924,302613,315912,234666,0.7428207855352124,39502,29179,0.7386714596729279,39510,29426,0.7447734750696027,0.5907905475271141,5.129494501508298
s1,327,baseline_3sigma,393921,301128,315066,233284,0.740428989481569,39461,29255,0.7413648919186032,39394,29308,0.7439711631212875,0.5816303193132824,5.098796017371324
s1,328,baseline_3sigma,394963,302521,316458,234624,0.7414064425610981,39184,29271,0.7470140873826051,39321,29111,0.7403423107245493,0.5860041644479863,5.1687319330707355
s1,329,baseline_3sigma,394249,301583,315667,234198,0.7419147392663789,39327,29061,0.738957967808376,39255,29113,0.7416380078970832,0.5878599601953309,5.070513577807545
s1,330,baseline_3sigma,393366,301085,314934,233333,0.7408949176652886,39597,29655,0.7489203727555118,38835,28826,0.7422685721642848,0.5823191591707305,5.106941999008497
s1,331,baseline_3sigma,392911,300975,314529,233395,0.7420460434490938,38891,28948,0.7443367360057597,39491,29370,0.7437137575650148,0.5812808812141974,5.104316548582983
s1,332,baseline_3sigma,393556,301139,314774,233380,0.7414208289121719,39445,29246,0.7414374445430346,39337,29136,0.7406767165772682,0.5829380981277954,5.185388328174826
s1,333,baseline_3sigma,393953,301269,315031,233381,0.7408191574797401,39579,29488,0.7450415624447307,39343,29223,0.7427750807005058,0.5782366762156351,5.117990887253705
s1,334,baseline_3sigma,394041,301299,315054,233620,0.7415236753064554,39495,29268,0.74105582985188,39492,29112,0.7371619568520207,0.5825934778124827,5.143031604519194
s1,335,baseline_3sigma,394202,301788,315615,234196,0.7420306385944901,39415,29261,0.7423823417480655,39172,29005,0.7404523639334218,0.5768260193306152,5.1368277335432495
s1,336,baseline_3sigma,395051,302111,316006,234206,0.7411441554907185,39608,29272,0.7390426176529994,39437,29186,0.7400664350736618,0.582065586835808,5.100798789783226
s1,337,baseline_3sigma,392846,300635,313900,232736,0.7414335775724753,39333,29192,0.7421757811506877,39613,29298,0.7396056850023982,0.582609335474946,5.132077805965458
s1,338,baseline_3sigma,392489,300166,314055,233045,0.7420515514798364,39334,28974,0.7366146336502771,39100,29019,0.7421739130434782,0.5796461326312172,5.123277384389454
s1,339,baseline_3sigma,393572,301561,314477,233493,0.7424803721734817,39719,29430,0.7409552103527279,39376,29351,0.7454032913449817,0.5758543374508928,5.047570262018049
s1,340,baseline_3sigma,394135,301447,315531,234005,0.7416228516373985,39379,29157,0.7404200208232814,39225,29022,0.7398852772466539,0.584100841702307,5.124234961752912
s1,341,baseline_3sigma,393837,301484,315641,234076,0.7415893372533986,39117,29036,0.7422859626249457,39079,28917,0.7399626397809566,0.5823605768855349,5.125146868630324
s1,342,baseline_3sigma,393568,301202,315040,233741,0.7419407059421026,39082,28905,0.7395987922828924,39446,29424,0.7459311463773259,0.5746128360365339,5.087912062023321
s1,343,baseline_3sigma,393559,301393,314578,233571,0.7424899389022754,39269,29078,0.7404823142937177,39712,29503,0.742924053182917,0.5785685274109392,5.104065024771072
s1,344,baseline_3sigma,395042,302828,315968,234724,0.7428726959692121,39294,29187,0.7427851580393954,39780,29470,0.740824534942182,0.5799642803039595,5.14303291944319
s1,345,baseline_3sigma,393250,301122,314678,233625,0.7424255906037283,39628,29320,0.7398808922983748,38944,28902,0.7421425636811833,0.5838285798369123,5.130045085128107
s1,346,baseline_3sigma,394923,302299,315818,234289,0.7418481530501745,39390,29249,0.7425488702716425,39715,29482,0.7423391665617525,0.5761522802317761,5.11699518120117
s1,347,baseline_3sigma,395577,302811,316241,234571,0.741747591235798,39778,29426,0.7397556438232189,39558,29445,0.744350068254209,0.5792665867301479,5.106622699231477
s1,348,baseline_3sigma,394155,301779,315260,233931,0.7420256296390281,39389,29248,0.7425423341542055,39506,29308,0.7418619956462309,0.5834042376990387,5.093497672539806
s1,349,baseline_3sigma,392105,300468,314144,233566,0.7434997962717734,38787,28695,0.7398097300641968,39174,28945,0.7388829325573084,0.5893456832984592,5.130229413639822
s1,350,baseline_3sigma,394143,301452,315528,233587,0.7403051393220254,39181,29035,0.7410479569178938,39434,29277,0.7424303900187655,0.5910830006923726,5.1494496388242315
s1,351,baseline_3sigma,394330,301452,315531,233994,0.7415879897696265,39438,29180,0.7398955322278006,39361,29065,0.7384212799471558,0.5761242268511277,5.077648914250399
s1,352,baseline_3sigma,393876,301819,315295,234116,0.7425300115764601,39275,29204,0.7435773392743475,39306,29189,0.7426092708492342,0.5845199087135153,5.153699424507437
s1,353,baseline_3sigma,395191,302421,316332,234363,0.740876673874284,39266,29337,0.747134925890083,39593,29423,0.7431364130022984,0.5855901631294784,5.057829029113099
s1,354,baseline_3sigma,394336,301471,315615,233661,0.7403355353832993,39170,29065,0.7420219555782487,39551,29449,0.7445829435412505,0.580217011520951,5.17904619851058
s1,355,baseline_3sigma,393430,301120,314863,233682,0.742170404271064,39356,29187,0.7416150015245452,39211,28993,0.7394098594782077,0.5804353819594094,5.172727510852577
s1,356,baseline_3sigma,393609,301023,314911,233473,0.7413936000965352,39328,29203,0.7425498372660699,39370,29152,0.7404622809245619,0.5840800344413863,5.088853673091069
s1,357,baseline_3sigma,394312,301740,315110,233730,0.7417409793405477,39544,29335,0.7418318834715759,39658,29250,0.7375561046951434,0.5857924162145126,5.056763299934609
s1,358,baseline_3sigma,394129,301445,315436,233807,0.7412185039120456,39494,29218,0.739808578518256,39199,29052,0.7411413556468277,0.5841399534691516,5.11197180018668
s1,359,baseline_3sigma,394332,301485,315452,233670,0.7407466112118484,39202,29061,0.7413142186623132,39678,29343,0.7395282020263119,0.576216318153392,5.194220529901832
s1,360,baseline_3sigma,392976,301184,314593,233618,0.7426039358790565,39335,29247,0.7435362908351341,39048,29068,0.7444171276377791,0.5750870000019457,5.116761348277093
s1,361,baseline_3sigma,393508,301346,314863,233536,0.7417067105375988,39609,29424,0.7428614708778308,39036,28944,0.7414694128496773,0.5833655131660083,5.18729892169728
s1,362,baseline_3sigma,393385,300730,315142,233661,0.7414467129103706,38888,28804,0.7406912157992183,39355,29027,0.7375682886545547,0.5800757177735776,5.09120733762415
s1,363,baseline_3sigma,393074,300767,313808,232886,0.742128945087442,39523,29176,0.738203071629178,39743,29379,0.7392245175250988,0.5858763284204003,5.067337142906299
s1,364,baseline_3sigma,393511,300967,315089,233493,0.7410382463367493,39037,28940,0.7413479519430284,39385,29193,0.7412212771359654,0.5889267887841702,5.100112309425123
s1,365,baseline_3sigma,394112,301445,315451,233631,0.7406253269128962,39178,29039,0.741206799734545,39483,29281,0.7416103132993946,0.5847027736651738,5.178783085376021
s1,366,baseline_3sigma,394578,302076,315531,234070,0.7418288535833246,39373,29164,0.7407106392705661,39674,29565,0.7451983666885114,0.5827922504459658,5.135959527747077
s1,367,baseline_3sigma,393581,301779,315145,234209,0.7431785368639833,39161,29038,0.7415030259697147,39275,29165,0.7425843411839592,0.582299188423083,5.082582252388919
s1,368,baseline_3sigma,395102,302386,315894,234355,0.7418786048484618,39758,29511,0.7422657075305599,39450,29134,0.7385044359949303,0.5897425179483735,5.135905390305065
s1,369,baseline_3sigma,394234,301787,315070,233939,0.7424984923985146,39646,29384,0.741159259446098,39518,29282,0.7409787944734045,0.5753312073005333,5.148562501497063
s1,370,baseline_3sigma,393529,301451,315253,234188,0.7428573241174549,39050,28864,0.7391549295774648,39226,29196,0.7443022485086422,0.5847111034310754,5.1076197705342565
s1,371,baseline_3sigma,393541,301259,315010,233619,0.7416240754261769,39360,29329,0.7451473577235772,39171,29133,0.7437389905797657,0.5872604064883792,5.111558814110572
s1,372,baseline_3sigma,393886,301615,314997,233828,0.7423181808080712,39518,29220,0.7394098891644314,39371,29255,0.7430596124050697,0.5908898632009923,5.114146938407491
s1,373,baseline_3sigma,394152,301519,315186,233815,0.741831807250322,39324,29178,0.7419896246566982,39642,29221,0.7371222440845567,0.5818997501393691,5.124789334654769
s1,374,baseline_3sigma,393450,300992,315184,233456,0.7406974973348901,38965,28958,0.7431797767226999,39301,29134,0.7413042925116409,0.5860978618132096,5.065713594982413
s1,375,baseline_3sigma,393624,301057,314796,233151,0.7406415583425456,39255,29129,0.7420455992867151,39573,29355,0.7417936471836859,0.5907003401209894,5.139226968240204
s1,376,baseline_3sigma,393599,300814,314748,233145,0.7407354454992565,39512,29065,0.7355993116015388,39339,29269,0.7440199293322148,0.579086442591155,5.1111462341185305
s1,377,baseline_3sigma,394401,302027,315627,234361,0.7425251958799469,39594,29442,0.7435975147749659,39180,28991,0.7399438489025013,0.5756105424022359,5.09004637943328
s1,378,baseline_3sigma,394085,301643,315277,233754,0.7414242079187509,39266,29007,0.7387307085009932,39542,29356,0.7424004855596581,0.5896086711336681,5.141161831274017
s1,379,baseline_3sigma,393183,300886,314893,233577,0.741766250758194,39168,28950,0.7391237745098039,39122,29113,0.7441592965594807,0.5857117940036671,5.104056895414966
s1,380,baseline_3sigma,394005,301675,315033,233890,0.7424301581104201,39370,29214,0.7420370840741681,39602,29283,0.7394323519014191,0.5831239583347646,5.089788878469792
s1,381,baseline_3sigma,395218,302850,316769,235378,0.7430588220438238,39446,29215,0.7406327637783299,39003,28816,0.7388149629515678,0.5821418392828301,5.1226077281679805
s1,382,baseline_3sigma,394186,301771,315499,234105,0.7420150301585742,39222,29134,0.7427974096170517,39465,29334,0.7432915241353097,0.5774953909743975,5.143801447434808
s1,383,baseline_3sigma,394328,302138,315489,234177,0.7422667668286375,39122,29005,0.7413987014978785,39717,29498,0.7427046352947101,0.5870191900129833,5.174248372509981
s1,384,baseline_3sigma,395270,302660,316641,235107,0.7425033397443793,39079,28975,0.7414468128662453,39550,29259,0.7397977243994943,0.5776099665173374,5.105031708243116
s1,385,baseline_3sigma,393782,301399,314951,233789,0.7423027709072205,39472,29288,0.7419943250912039,39359,29030,0.7375695520719531,0.5778313013659151,5.119686891764256
s1,386,baseline_3sigma,393984,301361,315581,233973,0.7414039501744402,39189,29080,0.7420449615963663,39214,28950,0.7382567450400367,0.5767216354037399,5.1498447991621
s1,387,baseline_3sigma,393456,301544,314749,233480,0.7417974322396577,39350,29276,0.7439898348157561,39357,29348,0.7456869171938918,0.579481524370603,5.073129474307473
s1,388,baseline_3sigma,393956,301527,315346,233673,0.7410051181876415,39323,29226,0.7432291534216616,39287,29174,0.7425866062565225,0.5851169375866564,5.133074097587063
s1,389,baseline_3sigma,393711,300910,315053,233538,0.7412657552856186,39296,28983,0.7375559853420195,39362,28974,0.7360906458005183,0.5917985180489116,5.125844454509077
s1,390,baseline_3sigma,393376,301099,314667,233273,0.7413329011304013,39118,29052,0.7426760059307735,39591,29364,0.7416837159960598,0.5806739992304554,5.175331654814108
s1,391,baseline_3sigma,394376,302007,315003,233564,0.7414659542924988,39739,29522,0.7428974055713531,39634,29523,0.7448907503658475,0.5798888938058802,5.119204990224943
s1,392,baseline_3sigma,392949,300837,314657,233523,0.7421509770956947,39215,29083,0.741629478515874,39077,29003,0.7422012948793408,0.5769678152147325,5.107161214915961
s1,393,baseline_3sigma,394966,302394,316004,234586,0.7423513626409792,39309,29091,0.7400595283522857,39653,29471,0.7432224547953497,0.5824613185932871,5.124661037303476
s1,394,baseline_3sigma,392981,300720,314519,233187,0.7414083091959468,39117,28979,0.7408287956642892,39345,29234,0.7430169017664252,0.5787717105091625,5.071155349060376
s1,395,baseline_3sigma,394105,301667,315167,233983,0.7424095796831521,39290,29104,0.7407482820055994,39648,29321,0.7395328894269573,0.5868754163705303,5.169940637549082
s1,396,baseline_3sigma,393778,301178,314765,233314,0.7412323479421156,39493,29303,0.7419795913199807,39520,29357,0.7428390688259109,0.5820202516280977,5.122248117115627
s1,397,baseline_3sigma,394319,301938,315284,234029,0.7422799761484884,39388,29258,0.7428150705798721,39647,29376,0.7409387847756451,0.5805829336487442,5.088779754646412
s1,398,baseline_3sigma,394802,302238,315313,233704,0.7411809852432345,39808,29487,0.7407305064308681,39681,29472,0.7427232176608453,0.5785827184378379,5.156737096978673
s1,399,baseline_3sigma,393843,301931,315121,233885,0.7422069617702406,39137,29083,0.7431075452896236,39585,29584,0.7473537956296576,0.5802104181095028,5.072542931313935
s1,400,baseline_3sigma,393441,300933,315193,233756,0.7416281452951049,38928,28839,0.7408292231812577,39320,28965,0.736648016276704,0.5774246071849637,5.127169303948555
s1,401,baseline_3sigma,393773,301704,315325,234114,0.7424530246570998,39187,29080,0.7420828335927732,39261,29078,0.740633198339319,0.5811414910779908,5.124035022876856
s1,402,baseline_3sigma,394274,302101,315162,234085,0.7427450009836212,39463,29325,0.743101132706586,39649,29486,0.7436757547479129,0.5806726121510639,5.065311593636434
s1,403,baseline_3sigma,394797,302333,315779,234210,0.7416895993717125,39448,29245,0.7413557087811803,39570,29374,0.7423300480161739,0.5856905661259637,5.133474346905129
s1,404,baseline_3sigma,393420,301235,314128,233132,0.7421560637701828,39506,29225,0.7397610489545892,39786,29467,0.7406374101442719,0.5846196179101539,5.135451413679649
s1,405,baseline_3sigma,393673,301342,315155,233723,0.7416128571655217,38987,28901,0.741298381511786,39531,29403,0.7437960081960993,0.5861921399070009,5.011289919456741
s1,406,baseline_3sigma,393420,300684,314845,233220,0.7407454461719258,39357,29196,0.7418248342099245,39218,29127,0.7426946810138202,0.5845842900104563,5.135484525229179
s1,407,baseline_3sigma,393723,301599,315469,234308,0.7427290795609077,39205,29092,0.7420482081367172,39049,29065,0.7443212374196523,0.5883886599773688,5.1184890109956305
s1,408,baseline_3sigma,393676,301036,315038,233416,0.7409137945263746,39307,29148,0.7415473070954283,39331,29030,0.7380946327324502,0.5909125593693278,5.191373854509243
s1,409,baseline_3sigma,394497,301749,315295,233630,0.7409885979796699,39722,29336,0.738532802980716,39480,29282,0.741691995947315,0.5845628226187402,5.1029156780323515
s1,410,baseline_3sigma,394028,301855,315402,234044,0.7420498284728696,39255,29194,0.7437014393070946,39371,29249,0.7429072159711463,0.5841035946710122,5.174289424983055
s1,411,baseline_3sigma,394019,301723,315086,233768,0.7419180795084517,39615,29379,0.7416130253691784,39318,29090,0.7398646930159215,0.5836939809072135,5.108963322474111
s1,412,baseline_3sigma,393752,301158,315059,233627,0.7415341253542987,39174,28948,0.738959513963343,39519,29189,0.7386067461221185,0.5888158954169297,5.1345829025233645
s1,413,baseline_3sigma,394219,301926,315479,234174,0.7422807857258328,39301,29183,0.7425510801251877,39439,29245,0.7415248865336342,0.5767898301048919,5.125838121318143
s1,414,baseline_3sigma,394600,302277,315781,234413,0.7423277524613577,39549,29280,0.7403474171281196,39270,29236,0.7444868856633563,0.5840099429397348,5.1184310683768866
s1,415,baseline_3sigma,394058,302298,315234,234450,0.743733226745846,39483,29299,0.742066205708786,39341,29229,0.7429653542106199,0.5764265153697166,5.120765373188384
s1,416,baseline_3sigma,392421,300540,314421,233345,0.7421419052798636,38998,28912,0.741371352377045,39002,28877,0.7403979283113686,0.5963026229249637,5.1117510845239815
s1,417,baseline_3sigma,393016,300725,314476,233240,0.741678220277541,39389,29071,0.7380486937977608,39151,29084,0.7428673597098414,0.5785681505967901,5.10619128771899
s1,418,baseline_3sigma,393654,300978,314744,233185,0.7408719467249574,39260,29105,0.7413397860417728,39650,29522,0.7445649432534679,0.5907574927265132,5.059912307984019
s1,419,baseline_3sigma,393520,301326,314890,233822,0.7425513671440821,39361,29108,0.7395137318665684,39269,29182,0.7431307137945963,0.5835655421263661,5.108232316440899
s1,420,baseline_3sigma,394562,301970,315871,234208,0.7414672445397014,39185,29050,0.7413551103738676,39506,29309,0.7418873082569736,0.581472252326009,5.090977254971192
s1,421,baseline_3sigma,393792,301387,315361,233754,0.7412267211227768,39279,29264,0.7450291504366201,39152,28938,0.7391193297915816,0.5818551400006551,5.129848160107576
s1,422,baseline_3sigma,393755,301133,314839,233444,0.7414710375779366,39458,29269,0.7417760656901009,39458,29134,0.7383547062699579,0.5846328776543693,5.149258175872934
s1,423,baseline_3sigma,394239,301501,315479,233808,0.7411206451142548,39439,29117,0.7382793681381373,39321,29227,0.7432923882912439,0.5837200816960083,5.1195844640004236
s1,424,baseline_3sigma,393976,301682,315086,233638,0.7415054937382175,39350,29139,0.7405082592121982,39540,29372,0.7428426909458776,0.5821378691322938,5.101875753309969
s1,425,baseline_3sigma,393433,301360,314813,233556,0.7418880414722391,39354,29213,0.7423133607765411,39266,29073,0.7404115519788111,0.5861472589911725,5.169680350643701
s1,426,baseline_3sigma,393910,301455,314884,233424,0.7413015586692242,39444,29289,0.7425463948889565,39582,29355,0.7416249810519934,0.5855590083147919,5.142042955562311
s1,427,baseline_3sigma,394029,301648,315263,233864,0.7418060476491056,39433,29195,0.7403697410798062,39333,29262,0.7439554572496377,0.5820899521644401,5.104750601548694
s1,428,baseline_3sigma,393719,301474,315093,233924,0.7423966892314332,39347,29094,0.7394210486187003,39279,29102,0.7409048091855699,0.5883594647430277,5.091879848541483
s1,429,baseline_3sigma,393993,301522,315176,233715,0.741538061273701,39423,29321,0.7437536463485782,39394,29209,0.7414580900644768,0.5824489605567068,5.095539606701935
s1,430,baseline_3sigma,392902,301022,314188,233352,0.7427145530701363,39271,29081,0.7405209951363602,39443,29337,0.7437821666708921,0.5861677566044946,5.0344257687518015
s1,431,baseline_3sigma,393270,300790,314435,233163,0.7415300459554439,39473,29174,0.7390874775162769,39362,29142,0.7403587216096743,0.5833671299950837,5.101933471616407
s1,432,baseline_3sigma,393900,301702,314674,233780,0.7429276012635299,39651,29448,0.7426798819701899,39575,29334,0.74122552116235,0.5809683350779237,5.112436087685518
s1,433,baseline_3sigma,394856,302064,316134,234384,0.7414071248268139,39631,29262,0.7383613837652343,39091,29008,0.7420633905502545,0.5877377967867679,5.123841416222999
s1,434,baseline_3sigma,393614,301011,314655,233036,0.7406079674564205,39484,29299,0.742047411609766,39475,29281,0.741760607979734,0.5876976387298621,5.134095924515009
s1,435,baseline_3sigma,393765,301279,315258,233703,0.7413071198827627,39207,29118,0.742673502180733,39300,29177,0.7424173027989822,0.5830012213222572,5.13506578165067
s1,436,baseline_3sigma,392374,300655,313937,233221,0.7428910896135212,39666,29394,0.741037664498563,38771,28817,0.7432617162312037,0.5904034637296791,5.120586940976232
s1,437,baseline_3sigma,393486,301282,314458,233232,0.7416952343397211,39597,29513,0.7453342424931182,39431,29201,0.7405594582942355,0.5836672155360219,5.113751220940339
s1,438,baseline_3sigma,394475,302127,315256,234183,0.7428343949044586,39477,29302,0.7422549839146845,39742,29487,0.7419606461677822,0.5864541737944119,5.07900104899003
s1,439,baseline_3sigma,392770,300664,314490,233329,0.741928201214665,39098,29078,0.7437209064402271,39182,29095,0.7425603593486805,0.5726510582663624,5.09497333514405
s1,440,baseline_3sigma,394010,301385,315004,233558,0.7414445530850402,39565,29255,0.7394161506381903,39441,29282,0.7424253948936386,0.5753295666624391,5.132371418072781
s1,441,baseline_3sigma,393142,301086,314436,233445,0.7424245315421898,39419,29315,0.7436769070752682,39287,29031,0.7389467253798967,0.5792546256448521,5.107231532502735
s1,442,baseline_3sigma,393934,301660,315161,233879,0.7420937235254362,39489,29310,0.7422320139785763,39284,29102,0.7408105080948987,0.5875400347659336,5.141394038425819
s1,443,baseline_3sigma,394216,301577,315474,234201,0.7423781357576219,39287,28925,0.7362486318629572,39455,29212,0.7403877835508808,0.5771880864252282,5.06812999958226
s1,444,baseline_3sigma,394028,301785,315393,234053,0.7420995393049307,39391,29278,0.7432662283262674,39244,29184,0.7436550810314952,0.5742727078661577,5.11222056396286
s1,445,baseline_3sigma,394803,302296,315800,234359,0.7421120962634579,39816,29555,0.7422895318464938,39187,28985,0.7396585602368132,0.5859870624975791,5.130982877368493
s1,446,baseline_3sigma,394391,301501,315438,233694,0.7408555722519163,39512,29295,0.7414203280016197,39441,29226,0.7410055525975507,0.5827129275572072,5.138209223733381
s1,447,baseline_3sigma,393479,300765,315065,233374,0.7407169949058131,39410,29231,0.7417153006851053,39004,28764,0.7374628243257102,0.5833484618072821,5.111182188015838
s1,448,baseline_3sigma,392831,300231,314598,232883,0.7402558185366722,39207,29130,0.7429795699747495,39026,28878,0.7399682263106647,0.5879401838228835,5.126308326243123
s1,449,baseline_3sigma,394313,301989,315521,234210,0.7422960753800857,39373,29132,0.7398978995758515,39419,29274,0.7426367995129253,0.587876752960002,5.085104763076339
s1,450,baseline_3sigma,393017,301395,314546,233681,0.7429151856962097,39155,29053,0.7419997446047759,39316,29412,0.748092379692746,0.5810622813547482,5.1410031333191295
s1,451,baseline_3sigma,393373,301168,314844,233666,0.742164373467495,39342,29233,0.7430481419348279,39187,29029,0.7407813815806262,0.5729383861001278,5.031736185168669
s1,452,baseline_3sigma,393099,301150,314182,233245,0.7423881699142535,39442,29197,0.7402515085441914,39475,29318,0.7426979100696643,0.589276295483756,5.203856532176479
s1,453,baseline_3sigma,394531,302118,315496,234273,0.7425545807236859,39517,29417,0.744413796593871,39518,29212,0.7392074497697252,0.581702563068603,5.102888532853283
s1,454,baseline_3sigma,393938,301679,315213,233994,0.7423361346137374,39369,29151,0.7404556884858645,39356,29222,0.7425043195446692,0.5753570325359906,5.135554270230447
s1,455,baseline_3sigma,393873,301155,315326,233653,0.7409886910689255,39160,29027,0.7412410623084781,39387,29248,0.7425800390991951,0.5759119416768876,5.130885720349079
s1,456,baseline_3sigma,393214,301289,314842,233653,0.7421277974349039,39232,29148,0.7429649265905384,39140,29056,0.742360756259581,0.5900961540326826,5.148456997135831
s1,457,baseline_3sigma,393270,301331,314333,233575,0.7430813818466403,39266,29029,0.7392909896602659,39671,29558,0.7450782687605556,0.5808925202153767,5.072746134945719
s1,458,baseline_3sigma,394258,301960,315093,233827,0.7420888436112513,39325,29112,0.7402924348378894,39840,29674,0.7448293172690763,0.5837849728043896,5.112784855368619
s1,459,baseline_3sigma,393871,301868,315463,234336,0.7428319644459097,39128,28985,0.7407738703741567,39280,29229,0.7441191446028513,0.584747003411302,5.164467271755502
s1,460,baseline_3sigma,394381,302140,315291,234123,0.7425616335385405,39351,29333,0.745419430255902,39739,29557,0.7437781524447017,0.5808558342231381,5.061366989170493
s1,461,baseline_3sigma,394168,302170,315318,234496,0.7436809823733501,39459,29201,0.7400339592995261,39391,29198,0.741235307557564,0.5891169049408005,5.135536830719167
s1,462,baseline_3sigma,393827,301576,315082,233840,0.7421560101814766,39144,29076,0.7427958307786634,39601,29253,0.7386934673366834,0.5795113631996544,5.118895669819821
s1,463,baseline_3sigma,394318,302054,315468,234239,0.7425127112734097,39554,29307,0.7409364413207261,39296,29079,0.7399989820846905,0.5863582424992478,5.073792952069296
s1,464,baseline_3sigma,393715,301176,315276,233673,0.741169641837628,39270,29262,0.7451489686783804,39169,29018,0.7408409711761853,0.5752503913702034,5.144317450719155
s1,465,baseline_3sigma,394011,301596,315012,233674,0.7417939634045687,39534,29429,0.7443972277027369,39465,29388,0.7446598251615355,0.5754078720067612,5.119008431752036
s1,466,baseline_3sigma,394159,301555,315643,233980,0.7412804972706507,39006,28888,0.7406040096395426,39510,29441,0.745153125790939,0.5728329961057974,5.127956659570212
s1,467,baseline_3sigma,392479,300734,314018,233118,0.7423714564133266,39222,29087,0.7415991025444904,39239,29242,0.7452279619766049,0.5818390240466571,5.0816448868759725
s1,468,baseline_3sigma,393876,301908,315285,234081,0.7424425519767829,39375,29168,0.7407746031746032,39216,29174,0.7439310485516116,0.5763967716467391,5.083200373910543
s1,469,baseline_3sigma,393434,300890,314125,232796,0.7410935137286112,39515,29336,0.7424016196381121,39794,29552,0.7426245162587325,0.5782585155226683,5.072576169295628
s1,470,baseline_3sigma,394003,301556,315401,233977,0.7418397532030653,39334,29303,0.7449788986627345,39268,29040,0.7395334623612101,0.5797314163205869,5.0935260073001976
s1,471,baseline_3sigma,393359,301021,314710,233390,0.7416033808903435,39223,29124,0.7425235193636387,39426,29246,0.7417947547303809,0.5793499335244006,5.118015990845217
s1,472,baseline_3sigma,393980,301723,315187,233908,0.7421245165568376,39479,29337,0.743103928670939,39314,29194,0.7425853385562395,0.5708191883268683,5.104450857281816
s1,473,baseline_3sigma,393161,301262,314363,233402,0.7424601495723098,39483,29286,0.7417369500797811,39315,29263,0.7443215057865954,0.5831932082789546,5.124832329996713
s1,474,baseline_3sigma,394631,301208,315897,233741,0.7399278878875076,39429,29217,0.7410028151867915,39305,29018,0.7382775728278845,0.5840888338650787,5.072109875744114
s1,475,baseline_3sigma,393267,300802,314538,233066,0.7409788324463181,39434,29317,0.7434447431150784,39295,29079,0.7400178139712431,0.5795656941903716,5.121606873642917
s1,476,baseline_3sigma,394710,302285,316048,234694,0.7425897332050828,39308,28968,0.7369492215325124,39354,29182,0.7415256390709966,0.5761442736048858,5.140466870953082
s1,477,baseline_3sigma,392334,300585,313818,232902,0.7421562816664437,39171,29192,0.7452452069132777,39345,29297,0.7446181217435507,0.5795919099972991,5.113975078051758
s1,478,baseline_3sigma,392872,300760,314719,233636,0.7423638229658839,39321,29066,0.739197884082297,38832,28845,0.7428152039555006,0.585482728117828,5.097014288143592
s1,479,baseline_3sigma,393582,300812,315069,233301,0.7404758957561677,39273,29049,0.7396684745244825,39240,29115,0.7419724770642202,0.5857324935044234,5.083835391893413
s1,480,baseline_3sigma,394498,302023,315438,233931,0.7416069084891485,39656,29411,0.741653217671979,39404,29232,0.7418536189219369,0.5804679064193407,5.116372777692913
s1,481,baseline_3sigma,394141,302197,315241,234206,0.7429427009811541,39515,29281,0.7410097431355182,39385,29463,0.7480766789386822,0.5865561098589294,5.096236542923435
s1,482,baseline_3sigma,394310,301476,315287,233621,0.7409788541868203,39572,29272,0.7397149499646215,39451,29212,0.7404628526526578,0.5848690041787432,5.075342164854668
s1,483,baseline_3sigma,394740,302108,315359,233849,0.7415326659457951,39831,29518,0.7410810675102307,39550,29318,0.7412895069532238,0.5795010079138951,5.121781354626524
s1,484,baseline_3sigma,392910,300264,314311,232596,0.7400186439545545,39595,29394,0.7423664604116681,39004,28927,0.7416418828838068,0.5870939378667437,5.099520013657938
s1,485,baseline_3sigma,393398,300591,314722,232946,0.7401643355087982,39423,29191,0.7404560789386906,39253,29164,0.7429750592311416,0.5832985242469878,5.017980232986302
s1,486,baseline_3sigma,394481,301956,315814,234243,0.7417118937095886,39393,29177,0.7406645850785673,39274,29115,0.7413301420787289,0.5823737003910634,5.072399513831654
s1,487,baseline_3sigma,392614,300553,313660,232517,0.7413026844353758,39519,29257,0.7403274374351577,39435,29351,0.7442880689742615,0.5908890945426775,5.093051967719963
s1,488,baseline_3sigma,393391,300870,314978,233285,0.740639028757564,39393,29197,0.7411722894930571,39020,28907,0.7408252178370066,0.589314786492724,5.1079923152498985
s1,489,baseline_3sigma,394913,302517,315705,234485,0.7427345148160466,39803,29485,0.7407733085445821,39405,29268,0.7427483821850019,0.5856461732302674,5.130258220199431
s1,490,baseline_3sigma,394651,301773,315680,233588,0.7399518499746579,39727,29557,0.744002819241322,39244,29283,0.7461777596575273,0.5844716396338692,5.099674863329257
s1,491,baseline_3sigma,394303,301448,315659,233793,0.7406505121032506,39192,29100,0.7424984690753215,39452,29218,0.740596167494677,0.582120085849453,5.141898369762354
s1,492,baseline_3sigma,393796,301351,315069,233720,0.7418057631820332,39375,29162,0.7406222222222222,39352,29070,0.7387172189469404,0.5891622454652997,5.157400821284746
s1,493,baseline_3sigma,393231,301047,314203,233154,0.7420489301502532,39411,29110,0.738626271853036,39617,29319,0.7400610848878006,0.5957340903302158,5.114821178541725
s1,494,baseline_3sigma,393706,301618,314748,233519,0.7419236976883093,39481,29317,0.74255971226666,39477,29351,0.743496212984776,0.5834226866553176,5.163611655411442
s1,495,baseline_3sigma,393205,301118,314922,233612,0.7418090828840157,39181,29118,0.7431663306194329,39102,29021,0.7421871004040714,0.5859173597999252,5.12934359268354
s1,496,baseline_3sigma,394515,301694,315858,234040,0.7409658770713422,39207,29041,0.740709567169128,39450,29198,0.7401267427122941,0.5908356943427284,5.1415716547888755
s1,497,baseline_3sigma,393155,301386,314666,233899,0.7433246680607374,38998,28901,0.7410892866300836,39491,29325,0.7425742574257426,0.5800824719580675,5.146821577122534
s1,498,baseline_3sigma,394130,301646,315734,234137,0.7415641014271507,39244,29033,0.7398073590867393,39152,29041,0.7417501021659174,0.577096033713223,5.1217937649917635
s1,499,baseline_3sigma,393961,301507,315314,233794,0.7414640643929543,39423,29368,0.7449458437967684,39224,29045,0.7404905160106058,0.5810448121767694,5.068744047374439
s1,500,baseline_3sigma,393322,300543,314686,233050,0.7405794982935371,39306,29024,0.738411438457233,39330,28978,0.736791253496059,0.587853541041527,5.137640719405437
s1,501,baseline_3sigma,393787,301617,315278,233809,0.7415963054827803,39346,29318,0.7451329232958878,39163,28960,0.7394734826239052,0.5881206969788103,5.112581175165613
s1,502,baseline_3sigma,393316,300905,314669,233190,0.7410644200731562,39312,29179,0.7422415547415547,39335,29157,0.7412482521927037,0.5793258434607789,5.136879566003242
s1,503,baseline_3sigma,393800,301356,314929,233340,0.7409289077855644,39220,29147,0.7431667516573177,39651,29513,0.7443191848881491,0.5802232279405781,5.066085941777568
s1,504,baseline_3sigma,393669,301061,315171,233549,0.7410231271278132,39250,29061,0.740407643312102,39248,28947,0.7375407664084794,0.5907132608978679,5.112731313925468
s1,505,baseline_3sigma,392082,300341,313851,232854,0.7419253085062657,39183,29169,0.7444299823903223,39048,28915,0.740498873181725,0.5861176171923312,5.125801088000019
s1,506,baseline_3sigma,393901,301507,314750,233462,0.7417378872120731,39463,29239,0.7409218761878215,39688,29346,0.7394174561580327,0.5854942844727352,5.1137840121917835
s1,507,baseline_3sigma,393971,301200,315274,233522,0.7406953951166287,39417,29321,0.7438668594768755,39280,28968,0.7374745417515275,0.5816305740398338,5.081857628197853
s1,508,baseline_3sigma,393197,300706,314359,232929,0.7409649477190091,39539,29167,0.7376767242469461,39299,29246,0.7441919641721163,0.5878696274799022,5.052211136064735
s1,509,baseline_3sigma,394145,301718,315409,233996,0.7418811765041581,39458,29283,0.7421308733336712,39278,29113,0.7412037272773563,0.5836467757719803,5.055550062693793
s1,510,baseline_3sigma,392859,300428,314488,232799,0.7402476406094987,39117,28994,0.7412122606539356,39254,29104,0.7414276252101697,0.5897443826499575,5.120985966744202
s1,511,baseline_3sigma,394151,301733,314834,233667,0.7421911229409784,39574,29254,0.7392227219891848,39743,29475,0.7416400372392623,0.5828023454204843,5.087563219141908
s1,512,baseline_3sigma,393078,300750,314371,233004,0.7411752356292406,39172,29082,0.742418053711835,39535,29244,0.7396990008852915,0.5885566564447053,5.155856636364652
s1,513,baseline_3sigma,394284,302343,315441,234420,0.7431500660979391,39562,29331,0.7413932561548962,39281,29208,0.7435655915073445,0.5795347238169918,5.086092981819627
s1,514,baseline_3sigma,394265,301776,315201,233780,0.7416854641958623,39718,29451,0.7415025932826427,39346,29148,0.7408122807909318,0.5832261517172909,5.122546572218062
s1,515,baseline_3sigma,394428,301738,315319,233995,0.7420897567225572,39458,29040,0.735972426377414,39651,29260,0.7379385135305541,0.586327646096021,5.114869733904769
s1,516,baseline_3sigma,393422,301262,314427,233323,0.7420577749366307,39315,29310,0.7455169782525753,39680,29423,0.7415070564516129,0.5857669817631196,5.125484154394418
s1,517,baseline_3sigma,392448,300356,313561,232621,0.7418684083798687,39376,29274,0.7434477854530679,39511,29280,0.7410594517982334,0.5837694206130277,5.117137599806063
s1,518,baseline_3sigma,394026,301599,314734,233329,0.7413530155623479,39631,29290,0.7390679013903257,39661,29538,0.7447618567358362,0.586318990206483,5.112583495365613
s1,519,baseline_3sigma,393687,301340,315240,234212,0.7429640908514148,38963,28830,0.7399327567179118,39484,29272,0.7413635903150644,0.5766701983393523,5.098230748151235
s1,520,baseline_3sigma,393654,301189,315068,233537,0.7412272906166288,39364,29246,0.7429631135047251,39222,29061,0.7409362092703075,0.5819232140261973,5.109904079067861
s1,521,baseline_3sigma,393256,301087,314817,233506,0.7417197927684972,39273,29126,0.741629109057113,39166,29001,0.7404636674666802,0.5793834132380529,5.097097129883178
s1,522,baseline_3sigma,393911,301137,314985,233171,0.7402606473324127,39694,29583,0.745276364186023,39232,29154,0.7431178629690048,0.5813884583309974,5.124740312273662
s1,523,baseline_3sigma,394946,302428,315743,234510,0.7427243042601103,39484,29224,0.7401479080133725,39719,29432,0.7410055640877162,0.5827731385778856,5.125628410363238
s1,524,baseline_3sigma,393563,301371,314190,233232,0.7423278907667336,40005,29685,0.7420322459692539,39368,29262,0.7432940459256249,0.5780084004592286,5.090411155799978
s1,525,baseline_3sigma,394130,302197,315027,234015,0.7428410898113496,39538,29474,0.7454600637361526,39565,29345,0.7416908884114748,0.5764736676699169,5.075540546725759
s1,526,baseline_3sigma,393673,301722,315118,233918,0.7423187504363444,39309,29222,0.7433920985016154,39246,29223,0.7446109157621159,0.5850397483962253,5.069427594243459
s1,527,baseline_3sigma,393798,301679,315098,234013,0.742667360630661,39174,29055,0.7416909174452443,39526,29269,0.7404999241005921,0.5835166357667413,5.053858542642987
s1,528,baseline_3sigma,392833,300429,314251,233001,0.741448714562563,39096,28881,0.7387200736648251,39486,29193,0.739325330496885,0.5885805083252202,5.118325790026486
s1,529,baseline_3sigma,394483,302181,315331,234048,0.7422295936650694,39816,29596,0.7433192686357243,39336,29248,0.7435428106569046,0.5839828904680079,5.129145072769007
s1,530,baseline_3sigma,394675,302452,315753,234472,0.7425804347068753,39753,29582,0.7441450959675999,39169,29051,0.7416834741760066,0.5777380335170891,5.069887571177918
s1,531,baseline_3sigma,394222,302050,315673,234618,0.7432311284145302,39050,28917,0.7405121638924456,39499,29275,0.7411580040001012,0.5877170309024136,5.112378189225729
s1,532,baseline_3sigma,393742,301072,314955,233245,0.7405661126192631,39602,29431,0.7431695368920762,39185,29132,0.7434477478627025,0.5876406455517306,5.125754373730715
s1,533,baseline_3sigma,393254,300897,314605,233335,0.7416760699925303,39240,29122,0.742150866462793,39409,29228,0.7416579969042605,0.5845853924813612,5.120260692211876
s1,534,baseline_3sigma,394494,301747,315389,233932,0.7417252979653698,39502,29298,0.7416839653688421,39603,29198,0.7372673787339343,0.5830256151272681,5.158035207656168
s1,535,baseline_3sigma,393003,300902,314284,233354,0.7424940499675453,39221,29013,0.739731266413401,39498,29340,0.7428224213884247,0.5845914459532952,5.050412741750621
s1,536,baseline_3sigma,393464,300990,314749,233225,0.7409872628666017,39528,29404,0.7438777575389597,39187,29077,0.7420062775920586,0.5726381527016868,5.0793023705068245
s1,537,baseline_3sigma,393094,301104,314976,233623,0.7417168292187342,39383,29247,0.7426300688114161,38735,28819,0.7440041306312121,0.5806079740167088,5.129756583152119
s1,538,baseline_3sigma,393361,300891,314680,233273,0.7413022753273166,39281,29124,0.741427153076551,39400,29264,0.7427411167512691,0.5726215015108799,5.122731734864787
s1,539,baseline_3sigma,393439,301162,314671,233475,0.7419654178491186,39467,29214,0.7402133427927129,39301,29164,0.7420676318668736,0.5819522077947827,5.169577817760862
s1,540,baseline_3sigma,394888,302137,315794,234454,0.7424270252126386,39627,29256,0.7382845029903854,39467,29248,0.7410748220031925,0.5802879961038658,5.083431823456047
s1,541,baseline_3sigma,393826,301458,314711,233415,0.7416804623924808,39655,29383,0.7409658302862187,39460,29242,0.7410542321338064,0.5821556916236613,5.099159484568476
s1,542,baseline_3sigma,394297,302150,314949,233801,0.7423455861107672,39825,29600,0.7432517263025737,39523,29288,0.74103686461048,0.5827095519331902,5.169426996553348
s1,543,baseline_3sigma,394053,301408,315126,233452,0.7408211318647144,39548,29101,0.7358399919085669,39379,29266,0.7431879936006501,0.5834747882281082,5.166103310058356
s1,544,baseline_3sigma,394231,301469,315714,233879,0.7407938830713874,39220,28998,0.7393676695563488,39297,29068,0.7397002315698399,0.587572405110564,5.219883561797696
s1,545,baseline_3sigma,394536,301655,315506,233776,0.7409557979879939,39514,29241,0.7400161967910108,39516,29164,0.7380301649964571,0.5921588019506785,5.107438532539171
s1,546,baseline_3sigma,393742,301387,315093,233710,0.7417175246673204,39095,28981,0.7412968410282644,39554,29401,0.7433129392728928,0.5763909234416666,5.119444169191014
s1,547,baseline_3sigma,393643,301053,314501,233210,0.7415238743279036,39673,29344,0.7396466110452953,39469,29267,0.7415186602143454,0.5796512214153663,5.059922138613664
s1,548,baseline_3sigma,393421,301070,314573,233063,0.7408868529721241,39309,29215,0.7432140222340939,39539,29405,0.7436960975239637,0.5865394026912554,5.108839201163669
s1,549,baseline_3sigma,393773,301660,315124,234047,0.7427139792589583,39183,29046,0.7412908659367583,39466,29327,0.7430953225561242,0.5848301206067986,5.106688952699159
s1,550,baseline_3sigma,393910,301444,315530,234052,0.741774157766298,39140,28949,0.739626980071538,39240,28975,0.7384046890927625,0.5831947890406447,5.124137184978313
s1,551,baseline_3sigma,393922,301617,315417,234051,0.7420367323257783,39519,29138,0.737316227637339,38986,29145,0.7475760529420817,0.5846052828564109,5.052761888157387
s1,552,baseline_3sigma,394068,301769,314839,233477,0.7415758530550536,39648,29345,0.7401382163034705,39581,29402,0.7428311563629014,0.5823503259103585,5.1210786271438185
s1,553,baseline_3sigma,394113,301360,315671,233976,0.7412020743115458,39243,29014,0.7393420482633846,39199,28879,0.7367279777545346,0.5810153354338083,5.136480470952545
s1,554,baseline_3sigma,394167,301905,314997,233845,0.7423721495760277,39684,29438,0.7418103013809092,39486,29435,0.7454540849921492,0.5780059517574121,5.12146367633388
s1,555,baseline_3sigma,394217,301354,315244,233460,0.7405692098818693,39578,29471,0.7446308555257971,39395,29177,0.7406269831196852,0.5823840275610555,5.056710517033201
s1,556,baseline_3sigma,394148,301713,315185,233808,0.7418119517109,39339,29138,0.7406899006075396,39624,29411,0.7422521704017767,0.5836157254051225,5.086924719633306
s1,557,baseline_3sigma,393828,301198,314633,233361,0.741692702291241,39580,29218,0.7382011116725619,39615,29206,0.7372459926795406,0.5825597090030368,5.093484145641426
s1,558,baseline_3sigma,394655,302153,315831,234255,0.7417099651395841,39219,29124,0.7425992503633443,39605,29449,0.7435677313470521,0.5804897336318865,5.048118555481191
s1,559,baseline_3sigma,394146,301742,315288,233849,0.7416996523813149,39403,29249,0.7423038854909525,39455,29231,0.7408693448232163,0.5836313030145708,5.094889838831758
s1,560,baseline_3sigma,394374,301945,315826,234208,0.7415728914022278,39078,29033,0.7429499974410154,39470,29348,0.7435520648593869,0.5750005105975203,5.12785512995569
s1,561,baseline_3sigma,393381,300839,314602,233032,0.7407200208517428,39035,28947,0.7415652619444089,39744,29445,0.7408665458937198,0.5895456327912667,5.127939888309448
s1,562,baseline_3sigma,393293,300733,314744,233442,0.7416884833388404,39194,29005,0.7400367403173955,39355,29113,0.7397535256003049,0.5798577480750882,5.097020626963252
s1,563,baseline_3sigma,392358,300456,313663,232979,0.742768512703124,39367,29179,0.7412045621967638,39328,29096,0.7398291293734743,0.5826934957904859,5.0848878428346795
s1,564,baseline_3sigma,392977,301541,314240,233720,0.7437627291242362,39331,29266,0.7440949886857695,39406,29242,0.742069735573263,0.5786221480745942,5.136877052505645
s1,565,baseline_3sigma,392996,300502,314328,232904,0.7409584892214502,39407,29289,0.7432435861648946,39261,29140,0.7422123736023025,0.5808798524882994,5.121853437134044
s1,566,baseline_3sigma,393437,301300,314458,233328,0.7420005215322873,39646,29429,0.7422943045956717,39333,29197,0.7423029008720413,0.5799944884741828,5.10787597796782
s1,567,baseline_3sigma,395017,302645,315881,234406,0.7420705898740348,39661,29490,0.743551599808376,39475,29323,0.7428245725142495,0.5849170376960201,5.200530529551488
s1,568,baseline_3sigma,394276,301505,315064,233427,0.740887565700937,40046,29709,0.7418718473755181,39166,29138,0.7439615993463718,0.5805834829141142,5.084472436668879
s1,569,baseline_3sigma,393298,301208,314709,233558,0.7421395638510497,39094,29063,0.7434133115056019,39495,29301,0.741891378655526,0.5825162864179174,5.094726862594772
s1,570,baseline_3sigma,393831,301331,315009,233437,0.7410486684507427,39298,29155,0.7418952618453866,39524,29261,0.7403349863374152,0.5852700199236935,5.129489955389804
s1,571,baseline_3sigma,393897,301503,315356,233881,0.7416411928106648,38963,28935,0.7426276210764058,39578,29456,0.744251857092324,0.5762027690155949,5.11417952629568
s1,572,baseline_3sigma,393820,301641,314583,233342,0.7417501899339761,39551,29301,0.7408409395464084,39686,29434,0.7416721261905962,0.5865998769530444,5.105844287202511
s1,573,baseline_3sigma,392800,300406,314223,232913,0.7412347282025823,39660,29260,0.7377710539586485,38917,28676,0.7368502196983323,0.5902050444676874,5.125739490008031
s1,574,baseline_3sigma,393040,301713,314502,233985,0.7439857298204781,39266,29190,0.7433912290531248,39272,29305,0.7462059482583011,0.577098882556153,5.138189439918022
s1,575,baseline_3sigma,394726,301743,315525,233764,0.7408731479280564,39544,29308,0.7411490997370018,39657,29317,0.7392641904329627,0.5810980483304438,5.100818270872232
s1,576,baseline_3sigma,393009,300818,314540,233230,0.7414955172633051,39155,29109,0.743429957859788,39314,29031,0.738439232843262,0.5840178081597507,5.1293076896707674
s1,577,baseline_3sigma,394159,301502,315162,233578,0.7411363045037156,39421,29289,0.7429796301463687,39576,29263,0.7394127754194462,0.5823789115635618,5.12848107505549
s1,578,baseline_3sigma,393787,301506,315195,233956,0.7422579672900903,39387,29212,0.7416660319394724,39205,29079,0.7417166177783446,0.5840497363805726,5.07538008791358
s1,579,baseline_3sigma,393823,301231,314491,233094,0.7411786028852972,39665,29417,0.7416362032018152,39667,29316,0.7390526130032521,0.5809868711183627,5.190749024083118
s1,580,baseline_3sigma,393122,300818,314739,233595,0.7421863830030597,38978,28857,0.7403407050130844,39405,29136,0.7393985534830605,0.5806847607943026,5.101075149809582
s1,581,baseline_3sigma,394098,301523,315323,233823,0.7415348705930109,39365,29177,0.7411914136923663,39410,29218,0.7413854351687389,0.5860538129917533,5.09438612632551
s1,582,baseline_3sigma,394336,301552,315880,234137,0.7412213498797011,39132,28950,0.739803741183686,39324,29155,0.7414047401078222,0.5853699431614479,5.143766887036915
s1,583,baseline_3sigma,393844,301705,315185,234131,0.7428367466725891,39359,29232,0.7427017962854747,39300,29124,0.7410687022900764,0.581697325958099,5.055053242613461
s1,584,baseline_3sigma,393989,301870,315064,233919,0.7424491531879237,39411,29225,0.7415442389180685,39514,29300,0.7415093384623171,0.5802557400329511,5.145963978644828
s1,585,baseline_3sigma,393144,301176,314114,233008,0.7417943803841918,39524,29428,0.7445602671794352,39506,29250,0.740393864223156,0.5916847554833569,5.086877883676187
s1,586,baseline_3sigma,393722,301560,314938,233843,0.7425048739751952,39614,29450,0.7434240420053516,39170,29121,0.7434516211386265,0.5805326746501677,5.171236965045924
s1,587,baseline_3sigma,393264,301025,314974,233542,0.7414643748372881,39162,29069,0.7422756753996221,39128,29122,0.744275199345737,0.5801498156504581,5.116143054514419
s1,588,baseline_3sigma,393444,300665,315022,233407,0.740922856181473,39063,28932,0.7406497196835881,39359,29048,0.738026880764247,0.5847965901179846,5.091862661028567
s1,589,baseline_3sigma,393904,301641,315059,234022,0.7427878587820059,39385,29314,0.7442935127586645,39460,29149,0.7386974151039026,0.5852082844538214,5.089327065435207
s1,590,baseline_3sigma,392131,300411,314081,233159,0.7423530872609295,38642,28604,0.7402308369132032,39408,29201,0.7409916768168899,0.5869958337425218,5.104468579341079
s1,591,baseline_3sigma,392510,300500,313726,232936,0.7424822934662731,39469,29147,0.7384782994248651,39315,29115,0.7405570392979779,0.5836313474770475,5.105082210993656
s1,592,baseline_3sigma,393568,301536,314515,233556,0.7425909734034942,39542,29337,0.741919983814678,39511,29266,0.7407051200931386,0.5816923618054402,5.133361738045815
s1,593,baseline_3sigma,393701,301722,315036,233977,0.7426992470701761,39391,29267,0.7429869767205707,39274,29138,0.741915771248154,0.5844875590281408,5.0985823840125875
s1,594,baseline_3sigma,393224,300845,315292,233685,0.7411700899483653,38921,28850,0.7412450862002518,39011,28807,0.7384327497372536,0.5863121991252495,5.10336731870856
s1,595,baseline_3sigma,392939,301015,314545,233395,0.7420082976998522,38996,28987,0.7433326495025131,39398,29255,0.7425503832681862,0.5842577513874962,5.183303138653127
s1,596,baseline_3sigma,393471,301182,314679,233399,0.7417050391033402,39434,29332,0.7438251255261956,39358,29087,0.7390365364093704,0.5914479699749549,5.090637901925308
s1,597,baseline_3sigma,393531,301372,314863,233590,0.7418782136992914,39325,29125,0.7406230133502861,39343,29171,0.7414533716290065,0.5858994458700322,5.157874361826458
s1,598,baseline_3sigma,393333,301484,314561,233873,0.7434901338691065,39290,29088,0.7403410537032323,39482,29325,0.7427435286966212,0.5721761538720689,5.079402309851336
s1,599,baseline_3sigma,393614,301516,315072,234110,0.7430365122892545,39022,28999,0.7431448926246733,39520,29300,0.7413967611336032,0.5807206492239348,5.093170166280262
s1,600,baseline_3sigma,393047,301075,314624,233608,0.7424989829129374,39224,29000,0.7393432592290434,39199,29139,0.7433608000204087,0.5776902343769792,5.124845747348955
s1,601,baseline_3sigma,394125,301712,315196,233878,0.7420081473115141,39725,29351,0.7388546255506608,39204,28957,0.738623609835731,0.5803787054741001,5.167872226186517
s1,602,baseline_3sigma,394012,301673,315122,233937,0.7423696219242071,39278,29169,0.7426294617852233,39612,29408,0.7424012925376149,0.5773425515627947,5.101153257358688
s1,603,baseline_3sigma,394062,301879,315346,233981,0.7419818231402967,39239,29084,0.7412013557939805,39477,29329,0.7429389264635105,0.5816850023685797,5.176365457842937
s1,604,baseline_3sigma,393916,301416,315020,233664,0.7417433813726113,39723,29350,0.7388666515620673,39173,29077,0.742271462486917,0.579955749170728,5.093376747439801
s1,605,baseline_3sigma,394578,302101,316307,234832,0.7424179673545005,38858,28892,0.7435277163003757,39413,29136,0.7392484713165707,0.5745267663558198,5.205019647412935
s1,606,baseline_3sigma,393718,301000,315186,233335,0.740308896968774,39369,29213,0.7420305316365668,39163,29090,0.7427929423180042,0.5842023152277354,5.154096183768126
s1,607,baseline_3sigma,394970,302967,316206,235037,0.7433034161274612,39482,29226,0.7402360569373385,39282,29291,0.745659589633929,0.5812306341504546,5.105345417278247
s1,608,baseline_3sigma,393884,302062,315122,234503,0.7441657516771282,39333,29042,0.7383621895100806,39429,29244,0.7416875903522788,0.5693994603152956,5.117676993297208
s1,609,baseline_3sigma,394509,302464,315739,234632,0.7431201086973734,39433,29377,0.7449851647097608,39337,29299,0.7448203980984823,0.5783010430042739,5.10314647951123
s1,610,baseline_3sigma,393655,301047,314865,233479,0.741520969304305,39224,29105,0.7420201917193555,39566,29121,0.7360107162715462,0.5875997922985319,5.114586756426171
s1,611,baseline_3sigma,393625,301372,314945,233738,0.7421549794408547,39552,29416,0.7437297734627831,39128,28961,0.7401604988754856,0.5831931980417856,5.116540468761891
s1,612,baseline_3sigma,393777,301535,315151,233797,0.7418570780356083,39305,29175,0.7422719755756265,39321,29217,0.7430380712596323,0.5748469582604645,5.173409119990572
s1,613,baseline_3sigma,394911,302982,316373,235268,0.7436412083205584,39233,29330,0.7475849412484388,39305,29154,0.7417376924055463,0.5771593739840681,5.1510057432446965
s1,614,baseline_3sigma,393344,300544,314620,232988,0.7405377916216388,39400,29159,0.7400761421319797,39324,29130,0.740768996032957,0.5883818975945083,5.131920832889795
s1,615,baseline_3sigma,393117,301096,314049,233007,0.7419447283704136,39607,29391,0.7420657964501225,39461,29360,0.7440257469400168,0.5796360548293547,5.133495455181839
s1,616,baseline_3sigma,393686,301537,314569,233381,0.7419071809364559,39630,29325,0.7399697199091597,39487,29352,0.7433332489173652,0.5876203641553428,5.146857392205446
s1,617,baseline_3sigma,394221,302089,315046,233949,0.7425867968487142,39928,29635,0.7422109797635744,39247,29206,0.7441587892068183,0.5748123312898411,5.078886365559391
s1,618,baseline_3sigma,394229,301339,315683,234006,0.7412689311746277,39085,28926,0.7400793143149546,39461,29229,0.7407060135323484,0.5831060848371472,5.085073048107586
s1,619,baseline_3sigma,394186,301304,315372,233965,0.741869918699187,39267,28955,0.7373876282883847,39547,29223,0.7389435355399904,0.5837110388281479,5.093486834352784
s1,620,baseline_3sigma,393900,301061,315783,233813,0.7404230120050794,39005,28951,0.7422381745930009,39112,29013,0.7417928001636327,0.5845967276668762,5.133223072231764
s1,621,baseline_3sigma,393349,300802,314618,233285,0.741486501090211,39409,29217,0.7413788728463041,39322,29150,0.7413152942373226,0.5823398913860376,5.1208113282668855
s1,622,baseline_3sigma,393521,300899,314698,233128,0.7407991153423282,39514,29309,0.7417371058359062,39309,29199,0.7428069907654735,0.5810075083035318,5.136951605653805
s1,623,baseline_3sigma,393497,300934,314784,233264,0.741028768933618,39460,29167,0.7391535732387228,39253,29162,0.7429241077115125,0.5810555727095442,5.123451394342932
s1,624,baseline_3sigma,393783,301292,315226,233641,0.741185688997735,39273,29078,0.7404068953224862,39284,29259,0.7448070461256491,0.5802055230884063,5.125149942745388
s1,625,baseline_3sigma,394376,302106,315116,233949,0.7424218383071631,39706,29460,0.741953357175238,39554,29410,0.7435404763108662,0.5848820146551366,5.121180284777398
s1,626,baseline_3sigma,394311,301540,315162,233632,0.7413076449571966,39593,29254,0.7388679817139393,39556,29212,0.7384973202548286,0.5763992782182781,5.1051292707472555
s1,627,baseline_3sigma,394464,302178,315497,234221,0.7423874078041947,39872,29675,0.744256621187801,39095,28997,0.7417061005243637,0.5833596311927909,5.1144691308269605
s1,628,baseline_3sigma,393576,301407,314933,233647,0.741894307678141,39222,29129,0.7426699301412473,39421,29213,0.7410517237005657,0.5795016071221794,5.15462856164129
s1,629,baseline_3sigma,394367,301859,315725,234203,0.7417942829994457,39625,29409,0.7421829652996845,39017,28842,0.7392162390752749,0.580078655092698,5.16367457931818
s1,630,baseline_3sigma,393477,301162,314781,233539,0.7419094545096432,39412,29348,0.7446463006191008,39284,29164,0.7423887587822015,0.5807729517511866,5.098837046439324
s1,631,baseline_3sigma,394295,301702,315359,233849,0.7415326659457951,39524,29386,0.7434976216982087,39412,29255,0.7422866132142495,0.5799053870874586,5.0743327335568305
s1,632,baseline_3sigma,393842,301687,315092,234020,0.7427037182791058,39425,29248,0.741864299302473,39325,29069,0.7391989828353465,0.5843947912918864,5.134081280203872
s1,633,baseline_3sigma,394191,301423,315069,233629,0.7415169375597092,39728,29507,0.742725533628675,39394,29194,0.7410773214195056,0.5721274180507482,5.077273996971628
s1,634,baseline_3sigma,393221,300868,314408,233156,0.7415714612859724,39324,29139,0.7409978638999084,39489,29259,0.7409405150801489,0.5817504284688504,5.190002962816874
s1,635,baseline_3sigma,393783,301443,315296,233795,0.7415095656145336,39314,29272,0.7445693646029404,39173,29031,0.7410971842850943,0.5753373037639702,5.101949232022935
s1,636,baseline_3sigma,393111,301034,314244,233339,0.7425408281462812,39127,29022,0.7417384414854192,39740,29356,0.7387015601409159,0.5799406828816629,5.118146269936457
s1,637,baseline_3sigma,394131,301814,315595,234252,0.7422551054357642,38959,28959,0.7433199004081213,39577,29369,0.7420724157970539,0.5805606056619442,5.107279252293224
s1,638,baseline_3sigma,392609,300617,314244,233212,0.7421366835961865,39349,29290,0.7443645327708455,39016,28881,0.7402347754767274,0.5779371581410646,5.128646025454147
s1,639,baseline_3sigma,393351,300895,315018,233400,0.7409100432356246,39238,29111,0.7419083541464907,39095,29045,0.7429338790126615,0.5802812195411132,5.178030034789705
s1,640,baseline_3sigma,394175,301707,315194,233712,0.7414861958032196,39726,29469,0.741806373659568,39255,29099,0.7412813654311553,0.5858194085058852,5.163993219720858
s1,641,baseline_3sigma,394142,301796,315288,234016,0.7422293268376849,39602,29505,0.7450381293874047,39252,29122,0.7419239783960053,0.5753344888263967,5.085028612488508
s1,642,baseline_3sigma,393824,301567,314981,233721,0.7420161851032284,39418,29183,0.7403470495712619,39425,29239,0.7416360177552315,0.58696480717245,5.12384156398714
s1,643,baseline_3sigma,394902,302056,316112,234224,0.7409525737713215,39288,29214,0.7435858277336591,39502,29399,0.7442407979342818,0.5883958334303614,5.125252348125578
s1,644,baseline_3sigma,393091,301353,314042,233354,0.7430662140732768,39700,29647,0.7467758186397985,39349,29061,0.7385448168949655,0.587503670210836,5.094516112609134
s1,645,baseline_3sigma,393571,300916,314801,233246,0.7409315726443054,39390,29270,0.7430820005077431,39380,29062,0.7379888268156425,0.5890015830482977,5.083864609354192
s1,646,baseline_3sigma,394821,301990,316149,234103,0.7404831266270018,39533,29246,0.7397870133812258,39139,29054,0.7423286236234957,0.5913773810071792,5.120019608413738
s1,647,baseline_3sigma,394295,301991,315350,234183,0.7426129697161884,39601,29399,0.7423802429231585,39344,29175,0.7415361935746239,0.5883483266559192,5.130670411244888
s1,648,baseline_3sigma,394036,301505,315163,233577,0.7411307799456155,39588,29361,0.7416641406486815,39285,29199,0.7432607865597556,0.5803884800575835,5.106162557307029
s1,649,baseline_3sigma,394185,301259,315206,233554,0.7409567076768844,39292,29069,0.739819810648478,39687,29289,0.737999848816993,0.5857975952508159,5.057223330527866
s1,650,baseline_3sigma,393122,300776,314377,232881,0.7407698400328269,39348,29124,0.7401646843549863,39397,29153,0.7399802015381882,0.5864831324774705,5.1270658194585526
s1,651,baseline_3sigma,393088,301053,314404,233279,0.7419721123140927,39155,28967,0.7398033456774359,39529,29387,0.7434288750031622,0.5860690604530716,5.114263618310743
s1,652,baseline_3sigma,392824,300692,314732,233317,0.7413195988968392,38873,28806,0.741028477349317,39219,29203,0.7446135801524771,0.5854652882094356,5.056671180627179
s1,653,baseline_3sigma,394179,301392,315348,233595,0.7407530727957685,39428,29382,0.7452064522674242,39403,29247,0.7422531279344212,0.5777515984533501,5.094472206227693
s1,654,baseline_3sigma,394389,301582,315533,234044,0.7417417512589808,39155,28909,0.7383220533776018,39701,29388,0.7402332434951261,0.5813580624480058,5.11493699584573
s1,655,baseline_3sigma,394636,302190,315974,234483,0.7420958686474204,39364,29159,0.7407529722589168,39298,29142,0.7415644562064228,0.5830140562602686,5.110491050236589
s1,656,baseline_3sigma,394646,302250,315781,234614,0.7429642695412327,39305,29040,0.7388372980536827,39560,29274,0.7399898887765419,0.5767028264020202,5.0908047582664455
s1,657,baseline_3sigma,393757,301461,314780,233432,0.7415718914797637,39521,29221,0.7393790642949318,39456,29402,0.7451845093268451,0.5833610424969355,5.1528827979027465
s1,658,baseline_3sigma,393821,301731,315233,234202,0.7429488663940641,39256,29105,0.7414153250458528,39332,29128,0.7405674768636225,0.5780835886515383,5.087922739580229
s1,659,baseline_3sigma,394141,301544,315462,233909,0.7414807488699114,39170,29101,0.7429410262956344,39509,29192,0.7388696246424865,0.5787294481129891,5.095617836374341
s1,660,baseline_3sigma,393623,301370,314812,233756,0.7425256978768281,39304,29181,0.7424435171992673,39507,29193,0.7389323411041081,0.5731384843497098,5.156977134454065
s1,661,baseline_3sigma,395002,302315,316220,234741,0.7423344506988805,39296,29057,0.7394391286644951,39486,29254,0.7408701818366004,0.5833043919024615,5.077611005750079
s1,662,baseline_3sigma,393019,300713,314428,233260,0.7418550510768761,39397,29210,0.7414270122090515,39194,28934,0.738225238556922,0.5777248557077591,5.090006920116308
s1,663,baseline_3sigma,393619,302008,314612,233912,0.7434935730359935,39296,29081,0.7400498778501629,39711,29558,0.7443277681247009,0.5864205489542478,5.054888947690308
s1,664,baseline_3sigma,394487,302462,315404,234346,0.7430026252044997,39673,29317,0.738966047437804,39410,29281,0.7429840142095915,0.5817408394750301,5.143909558684784
s1,665,baseline_3sigma,393896,301442,315341,233884,0.7416859843788153,39512,29202,0.7390666126746305,39043,28994,0.7426171144635402,0.5808510107118996,5.1143547643503
s1,666,baseline_3sigma,393832,301429,314838,233334,0.7411240066319822,39499,29232,0.7400693688447809,39495,29400,0.7443980250664641,0.5865825220157561,5.090494148604476
s1,667,baseline_3sigma,394578,301993,315332,233881,0.7416976393134854,39631,29406,0.7419949029799904,39615,29342,0.7406790357187933,0.5849347920335143,5.140106731651042
s1,668,baseline_3sigma,393150,300919,314856,233573,0.741840714485352,39141,28989,0.7406300298919292,39153,28971,0.7399432993640334,0.5866834927595596,5.131325779761523
s1,669,baseline_3sigma,393446,300906,315041,233311,0.740573449170108,39308,29209,0.7430802889996947,39097,29098,0.7442514770954293,0.5828186012170193,5.110905376341062
s1,670,baseline_3sigma,394112,301927,315345,234117,0.7424154497455168,39496,29228,0.7400243062588616,39271,29138,0.7419724478622902,0.5803735769457447,5.126514515384579
s1,671,baseline_3sigma,393205,300723,314300,233087,0.7416067451479478,39274,29040,0.7394204817436472,39631,29259,0.7382856854482602,0.5776818345222429,5.047331504247665
s1,672,baseline_3sigma,393528,300593,315221,233297,0.7401061477503085,39161,28967,0.7396899977017951,39146,29017,0.7412507024983396,0.5788256005039997,5.091636471428285
s1,673,baseline_3sigma,395328,302255,316083,234170,0.7408497135246122,39504,29239,0.740152895909275,39741,29383,0.7393623713545205,0.583562568630407,5.114410641787759
s1,674,baseline_3sigma,393012,300904,314331,233178,0.7418231100336906,39229,29085,0.7414157893395192,39452,29188,0.7398357497718747,0.5930323362211445,5.116229270174971
s1,675,baseline_3sigma,393120,301060,314642,233520,0.7421768231831732,39293,29147,0.741786068765429,39185,29062,0.74166135000638,0.5816280308524215,5.07551266580518
s1,676,baseline_3sigma,392933,300842,314148,232919,0.7414307905827826,39619,29424,0.7426739695600596,39166,29115,0.7433743553081754,0.5844372265102629,5.094917575657664
s1,677,baseline_3sigma,394094,301047,315297,233291,0.7399087209837074,39443,29274,0.7421849250817636,39354,29142,0.7405092239670682,0.5839974070902685,5.097224694731531
s1,678,baseline_3sigma,393716,301327,314976,233598,0.7416374580920451,39466,29349,0.7436527644048041,39274,29163,0.7425523246931812,0.5769969408072236,5.1272783928026735
s1,679,baseline_3sigma,393150,300707,314621,233009,0.7406021848509794,39299,29057,0.7393826814931678,39230,29021,0.7397654855977568,0.5807013823611125,5.1840068593979725
s1,680,baseline_3sigma,393057,301109,314403,233553,0.7428459652102556,39330,29118,0.7403508771929824,39324,29113,0.7403366900620486,0.5769185149107595,5.122948412863086
s1,681,baseline_3sigma,394291,301996,315517,234229,0.7423657045420691,39442,29266,0.74200091273262,39332,29129,0.7405929014542866,0.5758912471417142,5.202973838376918
s1,682,baseline_3sigma,393638,301713,314924,233935,0.7428300161308761,39136,29112,0.7438675388389206,39578,29561,0.746904846126636,0.5829683904457803,5.084530459254223
s1,683,baseline_3sigma,393357,301385,314711,233596,0.7422555932268017,39231,29095,0.7416328923555352,39415,29329,0.7441075732589116,0.5879628620404108,5.110331900004039
s1,684,baseline_3sigma,393306,301299,314597,233542,0.7423529149991894,39488,29367,0.7436942868719612,39221,29119,0.742433900206522,0.5770126327971914,5.087833940274037
s1,685,baseline_3sigma,392755,300988,314409,233417,0.7423992315741598,38914,28794,0.7399393534460605,39432,29312,0.7433556502333131,0.5821977676295069,5.168046060802537
s1,686,baseline_3sigma,393814,301793,314570,233634,0.7427090949550179,39651,29432,0.742276361251923,39593,29348,0.7412421387619024,0.5853443736318773,5.1970057278171105
s1,687,baseline_3sigma,393781,301290,315236,233986,0.7422565950589399,39195,28964,0.738971807628524,39350,29088,0.7392121982210927,0.5845604745836287,5.091629863369835
s1,688,baseline_3sigma,394173,301535,315321,233663,0.7410321545345854,39290,29184,0.7427844235174345,39562,29286,0.7402558010211819,0.5878017147301561,5.141627052254838
s1,689,baseline_3sigma,394263,302135,315405,234149,0.7423756757185206,39341,29340,0.745786838158664,39517,29249,0.7401624617253334,0.5861526058580474,5.111902667363647
s1,690,baseline_3sigma,392491,300738,314366,233357,0.7423099190115979,39092,28943,0.7403816637675228,39033,29098,0.7454717802884738,0.5889796507521896,5.133272568399169
s1,691,baseline_3sigma,393343,300741,314262,232903,0.7411109201876142,39563,29188,0.7377600283092789,39518,29266,0.7405739156839921,0.5882762328739538,5.148296382970166
s1,692,baseline_3sigma,393140,300787,314287,233028,0.7414496940694334,39334,29249,0.7436060405755834,39519,29257,0.7403274374351577,0.586781201314283,5.102676052960426
s1,693,baseline_3sigma,394953,302049,316529,234374,0.7404503220873917,39104,29072,0.7434533551554828,39320,29214,0.7429806714140387,0.5825494618187624,5.1077454421023605
s1,694,baseline_3sigma,394148,301657,315111,233643,0.7414625322505403,39461,29267,0.7416689896353361,39576,29364,0.7419648271679806,0.5798773085267472,5.087820272521314
s1,695,baseline_3sigma,393263,300746,314696,233334,0.7414584233673133,39254,29044,0.7398991185611657,39313,29145,0.7413578205682598,0.5765356560605368,5.202785024685178
s1,696,baseline_3sigma,393973,301705,314584,233469,0.7421515398113063,39740,29500,0.7423251132360342,39649,29362,0.7405483114328231,0.5856171641124344,5.107577262631111
s1,697,baseline_3sigma,395140,302289,316219,234579,0.7418244950493171,39394,29224,0.7418388587094481,39527,29135,0.7370911022845144,0.5817015265960747,5.044055441626002
s1,698,baseline_3sigma,394000,301748,314839,233612,0.7420046436432589,39519,29390,0.7436929072091906,39642,29414,0.7419908178194844,0.5806320027826268,5.12107020541342
s1,699,baseline_3sigma,393177,301205,314705,233551,0.742126753626412,39438,29412,0.745778183477864,39034,28962,0.7419685402469642,0.58273921010216,5.164542901415245
s1,700,baseline_3sigma,393306,301141,314446,233424,0.7423341368629272,39527,29223,0.7393174285931136,39333,29229,0.7431164670887042,0.5779916837909339,5.089965353114516
s1,701,baseline_3sigma,393262,301075,314514,233403,0.7421068696465022,39225,28955,0.7381771829190568,39523,29276,0.7407332439339119,0.5811285191992708,5.113981087711047
s1,702,baseline_3sigma,394192,301804,315362,234002,0.7420107685770638,39396,29169,0.740405117270789,39434,29285,0.7426332606380281,0.576071187669748,5.120772110445507
s1,703,baseline_3sigma,393962,301847,315719,234320,0.7421789629385624,39224,29043,0.7404395268203141,39019,29059,0.7447397421768882,0.5882188180545158,5.13141540589089
s1,704,baseline_3sigma,393287,301627,314325,233556,0.7430398472918158,39629,29524,0.7450099674480809,39333,29183,0.7419469656522513,0.5811186082509444,5.101028676304402
s1,705,baseline_3sigma,393128,300837,314122,232927,0.74151762690929,39555,29279,0.7402098344077866,39451,29356,0.7441129502420725,0.584853359972174,5.121163664906896
s1,706,baseline_3sigma,392037,300454,314038,233066,0.7421585922722728,39170,28973,0.739673219300485,38829,29002,0.7469159648716166,0.5803522607333371,5.1665240687815555
s1,707,baseline_3sigma,392356,300066,313807,232631,0.7413187086330133,39262,29093,0.7409963832713565,39287,29119,0.7411866520732049,0.585406241210521,5.0931228322671425
s1,708,baseline_3sigma,393822,301093,315082,233541,0.7412070508629499,39216,29060,0.7410240718074256,39524,29193,0.7386145127011436,0.574819531234154,5.112615309434
s1,709,baseline_3sigma,394060,301329,314874,233178,0.740543836582252,39476,29140,0.738170027358395,39710,29557,0.7443213296398892,0.5864372251509807,5.077730944152438
s1,710,baseline_3sigma,394976,302340,315689,234037,0.7413530404923834,39301,29221,0.7435179766418157,39986,29770,0.7445105787025459,0.5924006300208446,5.132341222475217
s1,711,baseline_3sigma,393908,301497,315109,233879,0.7422161855104107,39769,29403,0.7393447157333601,39030,29025,0.7436587240584166,0.5821594391422354,5.069368888393997
s1,712,baseline_3sigma,394963,302734,315831,234292,0.74182711640086,39387,29348,0.7451189478762028,39745,29593,0.7445716442319789,0.5853251336660501,5.13745445459818
s1,713,baseline_3sigma,394223,301502,315059,233175,0.7400994734319604,39539,29429,0.7443030931485369,39625,29443,0.7430410094637224,0.5810672867186243,5.125929435206921
s1,714,baseline_3sigma,394439,301754,315325,233715,0.7411876635217632,39442,29070,0.7370315906901272,39672,29583,0.7456896551724138,0.5885281710798375,5.113374589381652
s1,715,baseline_3sigma,392967,301068,314575,233613,0.7426305332591592,38907,28904,0.7428997352661475,39485,29332,0.742864378878055,0.587218370336712,5.111879132120026
s1,716,baseline_3sigma,393789,301365,314893,233374,0.7411215873328401,39469,29357,0.7437989308064556,39427,29331,0.743931823369772,0.5808294909003353,5.130945735413479
s1,717,baseline_3sigma,395133,302652,316414,234792,0.7420404912551277,39319,29165,0.7417533507973244,39400,29378,0.7456345177664975,0.5749362587489301,5.118925150920003
s1,718,baseline_3sigma,393494,300666,314752,233101,0.7405862393249288,39227,29049,0.7405358554057154,39515,29250,0.7402252309249652,0.5792008195500443,5.109812616150767
s1,719,baseline_3sigma,393539,301072,314643,233233,0.7412623195176756,39442,29241,0.7413670706353633,39454,29302,0.7426876869265474,0.5860637395193091,5.105107448725984
s1,0,median_mad,394205,301608,315457,225061,0.713444304612039,39407,28123,0.7136549344025174,39341,27893,0.7090058717368648,1.1004630879659576,10.654172974425313
s1,1,median_mad,393565,301236,314611,224553,0.7137480889097966,39375,28091,0.7134222222222222,39579,28196,0.7123979888324616,1.100457038672459,10.720966855178709
s1,2,median_mad,393194,300864,314429,224456,0.7138527298690642,39321,28023,0.7126726176852064,39444,28130,0.7131629652165095,1.1020249224201106,10.734726941667361
s1,3,median_mad,394066,301999,314860,225042,0.7147367083783269,39441,28192,0.7147891787733577,39765,28215,0.7095435684647303,1.1034892804690737,10.63372065616785
s1,4,median_mad,394414,302012,315619,225638,0.7149062635646143,39252,27994,0.7131865892183837,39543,28207,0.7133247350985004,1.1066203872607967,10.555642429728573
s1,5,median_mad,393645,301566,314941,224820,0.7138479905760127,39303,28014,0.7127700175559117,39401,28068,0.7123677064033908,1.1035476658302739,10.691453511658915
s1,6,median_mad,394604,301737,316038,225278,0.7128193445092046,39230,28043,0.7148355850114708,39336,28093,0.7141803945495221,1.104745019946992,10.852173546701856
s1,7,median_mad,393868,301278,314931,224484,0.712803757013441,39561,28275,0.7147190414802457,39376,28068,0.7128199918732223,1.1025809277920953,10.617815816541281
s1,8,median_mad,393563,301571,314781,225011,0.7148176033496304,39484,28284,0.7163407962719076,39298,27874,0.7092981831136445,1.1099721428667304,10.560142014674563
s1,9,median_mad,394033,301264,315027,224606,0.712973808594184,39667,28259,0.712405778102705,39339,27996,0.7116601845496835,1.1104724579369123,10.609941198845199
s1,10,median_mad,392698,300334,314157,223778,0.7123126334921711,39262,28079,0.715169884366563,39279,28028,0.7135619542249039,1.1080501025953535,10.641418981130702
s1,11,median_mad,393584,301383,315046,224824,0.713622772547501,39418,28171,0.7146734994165103,39120,27945,0.714340490797546,1.1080414613569627,10.645911626124208
s1,12,median_mad,394245,301854,315389,224929,0.7131795972592576,39420,28085,0.7124556062912227,39436,28271,0.7168830510193731,1.1077481056724103,10.631251905494254
s1,13,median_mad,394344,302080,315514,225216,0.7138066773582155,39569,28289,0.7149283530036139,39261,28029,0.7139145717123864,1.1049805249787072,10.772415605796443
s1,14,median_mad,393526,301328,314477,224619,0.7142620922992778,39584,28337,0.7158700485044462,39465,28086,0.7116685670847587,1.1066074076364387,10.480103709774417
s1,15,median_mad,393604,301483,314930,224898,0.7141205982281776,39237,27914,0.7114203430435558,39437,28128,0.7132388366255039,1.1057712018194803,10.652143748132573
s1,16,median_mad,392927,300517,314575,224560,0.7138520225701344,39156,27691,0.7071968536111962,39196,27855,0.7106592509439739,1.1023942545482794,10.595656784154004
s1,17,median_mad,393857,301073,314970,224424,0.7125250023811791,39544,28223,0.7137113089217074,39343,28070,0.7134687237882216,1.1012776593437963,10.620896493655446
s1,18,median_mad,393003,301029,314191,224441,0.7143457323729833,39193,27999,0.7143877733268696,39619,28196,0.7116787399984855,1.1015710581948597,10.70432275672773
s1,19,median_mad,392268,300445,313114,223333,0.7132641785420006,39630,28302,0.7141559424678274,39524,28153,0.7123013864993422,1.1042874210515141,10.794377491640192
s1,20,median_mad,393322,301310,314639,224316,0.7129313276485114,39300,28126,0.7156743002544529,39383,28160,0.7150293273747556,1.098645175675351,10.792417480023344
s1,21,median_mad,392783,300549,314205,224060,0.7131013192024316,38922,27769,0.7134525461178768,39656,28342,0.7146963889449264,1.101576807241004,10.559870633912764
s1,22,median_mad,393645,301477,315027,224812,0.7136277207985348,39182,27992,0.7144096779133275,39436,28229,0.7158180342833959,1.1008038120424657,10.516991896694316
s1,23,median_mad,394315,301676,315864,224945,0.7121577641010055,39121,27964,0.7148079036834437,39330,28215,0.717391304347826,1.0978024069450814,10.676526425662196
s1,24,median_mad,393362,301130,314639,224323,0.7129535753673257,39294,28188,0.717361429225836,39429,28132,0.7134849983514672,1.0983740423585848,10.674995864355324
s1,25,median_mad,393368,301064,314538,224385,0.7133796234477233,39421,28149,0.7140610334593237,39409,28083,0.7126037199624451,1.0956019910070534,10.581043384705417
s1,26,median_mad,393256,300994,314385,224318,0.7135136854493694,39416,28101,0.7129338339760504,39455,28146,0.7133696616398428,1.100417145410789,10.636885116294172
s1,27,median_mad,394710,302243,315370,225129,0.7138567397025716,39990,28547,0.7138534633658414,39350,28197,0.716569250317662,1.0981986389330998,10.573972043278872
s1,28,median_mad,394720,302236,315287,224802,0.7130075137890239,39694,28437,0.7164055020909961,39739,28330,0.7129016834847379,1.095527616642693,10.571142716631991
s1,29,median_mad,395022,302172,316030,225367,0.7131190076891434,39497,28247,0.7151682406258704,39495,28057,0.7103937207241423,1.0958289020486895,10.613253707775673
s1,30,median_mad,392390,300210,313612,223702,0.7133081642284096,39478,28064,0.7108769441207762,39300,27910,0.7101781170483461,1.0948172163128151,10.668421009083396
s1,31,median_mad,394207,301582,315043,224726,0.7133184993794498,39563,28008,0.7079341809266234,39601,28278,0.7140728769475518,1.0946115199900985,10.752921583137788
s1,32,median_mad,394943,302527,316153,225854,0.7143819606329846,39351,28123,0.7146705293385175,39439,28018,0.7104135500393012,1.0949023472680732,10.637358008504545
s1,33,median_mad,394513,302008,315871,225279,0.7131993756945082,39428,28021,0.710687836055595,39214,28116,0.7169888305197123,1.091406670423916,10.609704571651577
s1,34,median_mad,393308,301567,314452,224677,0.7145033264218387,39472,28243,0.7155198621807863,39384,28208,0.7162299410928296,1.0935696978010025,10.701380753981159
s1,35,median_mad,394434,301588,315067,224828,0.7135879035252819,39628,28245,0.7127536085596043,39739,28226,0.7102846070610735,1.0951480009216643,10.545485451978916
s1,36,median_mad,394506,301741,315718,224830,0.7121228438036475,39376,28102,0.7136834620073141,39412,28172,0.7148076727900132,1.0946145589726606,10.612464026641211
s1,37,median_mad,393274,300934,314192,224059,0.7131276416967969,39441,28089,0.7121776831216247,39641,28252,0.7126964506445347,1.097680471959162,10.582070228340804
s1,38,median_mad,395027,302389,315919,225477,0.7137177567667662,39705,28295,0.7126306510515048,39403,28251,0.7169758647818694,1.097480794179413,10.500416151015829
s1,39,median_mad,394535,302272,315645,224922,0.7125790048947394,39369,28229,0.7170362467931621,39521,28338,0.7170365122340022,1.0993073739618722,10.720865372167978
s1,40,median_mad,393876,301519,315185,224748,0.7130669289464917,39258,28103,0.7158540934331856,39433,28180,0.7146298785281363,1.1000079433289942,10.608576570052072
s1,41,median_mad,394964,302246,316077,225451,0.713278726386292,39524,28256,0.7149073980366359,39363,28217,0.7168406879556944,1.0978607424393019,10.726325167018388
s1,42,median_mad,394342,302539,315290,225532,0.7153160582321038,39259,28082,0.7153009501006139,39793,28351,0.7124619908024025,1.102871542795767,10.498531235473964
s1,43,median_mad,394480,302005,315550,225204,0.7136872128030423,39534,28279,0.7153083421864724,39396,28007,0.7109097370291401,1.1022858365787804,10.690357794560184
s1,44,median_mad,393736,301774,315078,225070,0.7143310545325284,39358,28158,0.7154326947507496,39300,28075,0.7143765903307888,1.1045265910133337,10.573869063578949
s1,45,median_mad,392925,301224,314589,224859,0.714770700819164,39383,28198,0.7159942107000482,38953,27753,0.7124740071368059,1.1020478668147105,10.695724379281508
s1,46,median_mad,393878,301126,315010,224718,0.7133678295927114,39545,28103,0.7106587432039448,39323,27851,0.7082623401062991,1.1017827683815025,10.57602984530046
s1,47,median_mad,393299,300655,315062,224301,0.7119265414426367,39016,27905,0.7152193971703916,39221,27985,0.7135208179291705,1.1023724532524009,10.742385213277604
s1,48,median_mad,393527,301290,314904,224691,0.7135222162944898,38983,27829,0.7138752789677552,39640,28420,0.7169525731584259,1.1001932103747643,10.762088499484255
s1,49,median_mad,393587,301117,315024,224888,0.7138757681954391,39225,27863,0.7103377947737413,39338,27955,0.7106360262341757,1.1025312251627284,10.615546756527198
s1,50,median_mad,394368,301338,315739,224706,0.7116827506263085,39394,28147,0.7144996700005077,39235,27954,0.7124761055180324,1.100825047391813,10.71630961342549
s1,51,median_mad,393196,300606,314756,224404,0.7129459009518484,39215,27951,0.7127629733520336,39225,27823,0.7093180369662205,1.0989195553394149,10.566229627160801
s1,52,median_mad,394479,301717,316116,225604,0.7136747269989497,39030,27774,0.7116064565718678,39333,27979,0.7113365367503114,1.09809464802531,10.572920072070888
s1,53,median_mad,394022,301560,315450,225034,0.7133745443017911,39190,28068,0.7162031130390406,39382,28146,0.7146919912650449,1.098465061294983,10.726763605328713
s1,54,median_mad,393829,301151,314942,224520,0.7128931676308654,39517,28090,0.7108333122453627,39370,28103,0.7138176276352552,1.1015695810776056,10.532786423883888
s1,55,median_mad,393842,301282,315210,224830,0.7132705180673202,39211,27824,0.7095967968172197,39421,28001,0.7103066893280231,1.1028258502779833,10.62369444910788
s1,56,median_mad,393687,301161,315248,225171,0.7142662284931228,39232,27970,0.7129384176182708,39207,27898,0.7115566097890683,1.1009013153128795,10.67002571091597
s1,57,median_mad,393994,301288,315461,224413,0.7113811215966475,39227,27967,0.7129528131134167,39306,28020,0.7128682643871165,1.095597873495897,10.664725020232915
s1,58,median_mad,394235,302005,315789,225413,0.7138089040466894,39099,27893,0.713394204455357,39347,28176,0.7160901720588609,1.1027970035980272,10.619536620387395
s1,59,median_mad,395434,302761,316573,226035,0.714005932281022,39231,27931,0.7119624786520864,39630,28250,0.7128438051980822,1.1030141011823087,10.637029804852874
s1,60,median_mad,394284,301347,315212,224586,0.7124919102064642,39630,28217,0.7120111026999748,39442,28059,0.711399016277065,1.096888743616402,10.56813787887372
s1,61,median_mad,393258,301285,314499,224790,0.7147558497801265,39437,28196,0.7149631057129092,39322,28086,0.7142566502212502,1.0957191804776143,10.650783923384289
s1,62,median_mad,393116,301604,314235,224408,0.7141406908842108,39381,28135,0.7144308168913943,39500,28258,0.7153924050632912,1.0987735999312136,10.834843746079414
s1,63,median_mad,394226,301121,315320,224244,0.7111632627172396,39379,28152,0.7148988039310292,39527,28246,0.714600146735143,1.0962775613334885,10.58227322660711
s1,64,median_mad,393834,301538,314521,224262,0.7130271110673055,39448,28223,0.7154481849523423,39865,28539,0.715891132572432,1.0993240617666604,10.683200269048735
s1,65,median_mad,394053,301499,315239,224914,0.713471366169795,39524,28395,0.7184242485578383,39290,27964,0.7117332654619496,1.096643009948644,10.76259965517547
s1,66,median_mad,394892,302397,315811,225415,0.7137655116509558,39516,28155,0.7124962040692377,39565,28186,0.7123973208644003,1.100668861727331,10.703665666533649
s1,67,median_mad,393027,300505,314174,223828,0.7124332376326494,39396,28009,0.7109605036044269,39457,28087,0.7118382036140609,1.098471048376669,10.599131466872173
s1,68,median_mad,393084,299978,314485,223609,0.7110323226862967,39394,27997,0.7106919835507945,39205,27862,0.7106746588445352,1.0999130261984473,10.758066028165818
s1,69,median_mad,393568,301129,314774,224510,0.7132418814768691,39302,28134,0.7158414330059539,39492,28091,0.7113086194672339,1.099206173791178,10.796212515903143
s1,70,median_mad,394063,301366,315009,224538,0.7127986819424207,39512,28116,0.7115812917594655,39542,28108,0.7108391077841283,1.0967668038364315,10.766005065131866
s1,71,median_mad,393824,301731,314639,224762,0.7143488251615343,39600,28151,0.7108838383838384,39585,28420,0.717948717948718,1.0993480307223809,10.762573564048795
s1,72,median_mad,393557,301209,314570,224396,0.7133420224433353,39324,27996,0.7119316447970705,39663,28218,0.711443914983738,1.0980878117557344,10.689767048642056
s1,73,median_mad,393913,301577,314901,224613,0.7132813169853383,39598,28276,0.7140764685085105,39414,28089,0.7126655503120719,1.0992366414978716,10.672307730261698
s1,74,median_mad,394431,301867,315186,224967,0.7137594943937865,39375,27806,0.706184126984127,39870,28483,0.7143967895660898,1.098693802469038,10.594950989641518
s1,75,median_mad,393490,300551,314943,224309,0.7122209415672042,39280,27839,0.7087321792260692,39267,28022,0.7136272187842209,1.0983889723283506,10.636170369440219
s1,76,median_mad,394956,302061,316227,225300,0.7124628826760523,39459,28101,0.7121569223751235,39270,28086,0.7152024446142093,1.099281826354912,10.77015464941688
s1,77,median_mad,394437,301515,315528,224820,0.7125199665322888,39273,27944,0.711532095841927,39636,28144,0.7100615601978,1.103779873787715,10.682392371085431
s1,78,median_mad,394493,301750,315067,224848,0.7136513820869846,39784,28424,0.7144580735974261,39642,28175,0.710736087987488,1.100676904730348,10.486495622415601
s1,79,median_mad,392978,300862,314014,223960,0.7132166081767055,39311,28019,0.7127521558851212,39653,28305,0.7138173656469876,1.1027924357355516,10.733618020108526
s1,80,median_mad,392733,300526,314305,224196,0.713307137971079,39297,27992,0.7123190065399394,39131,28038,0.7165163169865324,1.102988205547285,10.52163637281101
s1,81,median_mad,393444,301311,314750,224782,0.7141604447974583,39514,28110,0.7113934301766462,39180,28004,0.7147524247064829,1.1023245856972181,10.760276659638189
s1,82,median_mad,393487,301332,314447,224259,0.7131853698715522,39528,28213,0.7137472171625177,39512,28237,0.7146436525612472,1.106004406068739,10.712275530702888
s1,83,median_mad,393978,302273,314804,225181,0.7153053963736166,39882,28532,0.7154104608595356,39292,28094,0.7150055991041433,1.1023453327615702,10.713714922182016
s1,84,median_mad,394787,302195,315513,225033,0.7132289319299047,39545,28343,0.7167277784802124,39729,28350,0.7135845352261572,1.1036982738401124,10.493710350554522
s1,85,median_mad,392409,300600,314054,224279,0.7141415170639445,39191,28082,0.7165420632288025,39164,27953,0.7137422122357266,1.1005540366219915,10.646291307006774
s1,86,median_mad,393591,301269,314736,224483,0.713242209343704,39521,28176,0.7129374256724273,39334,28125,0.7150302537245131,1.1004919399003457,10.74572156876125
s1,87,median_mad,393228,301061,314585,224253,0.7128534418360697,39418,28141,0.7139124257953219,39225,28026,0.7144933078393881,1.0997392018469345,10.691269003187543
s1,88,median_mad,393595,301155,314761,224304,0.7126168743904105,39588,28244,0.7134485197534607,39246,28034,0.7143148346328289,1.101451777752615,10.58678154976592
s1,89,median_mad,394519,302107,315100,224940,0.7138686131386861,39788,28353,0.7126017894842667,39631,28302,0.7141379223335268,1.0985168403911825,10.658158662641396
s1,90,median_mad,394044,301683,314636,224787,0.7144350932506134,39772,28354,0.7129136075631097,39636,28295,0.7138712281764052,1.0979208066322252,10.514894080966444
s1,91,median_mad,393255,301337,314410,224620,0.7144174803600395,39522,28143,0.7120844086837711,39323,28154,0.7159677542405208,1.0998419855817532,10.567125522061275
s1,92,median_mad,393888,301377,314753,224743,0.714029731249583,39577,28161,0.7115496374156707,39558,28132,0.7111582992062289,1.0976885708202566,10.573455425750433
s1,93,median_mad,393536,301012,314895,224677,0.7134981501770431,39549,28059,0.7094743229917317,39092,27799,0.7111173641665814,1.1034418788065425,10.591609179253439
s1,94,median_mad,395019,302434,316327,225689,0.7134673929193525,39417,28148,0.7141081259355101,39275,28033,0.7137619350732017,1.0991517624594787,10.719551863485693
s1,95,median_mad,393811,301822,315085,225125,0.7144897408635765,39496,28314,0.7168827223009925,39230,28002,0.7137904664797349,1.1030994404118273,10.46304527820306
s1,96,median_mad,394303,301457,315410,224706,0.7124250974921531,39714,28157,0.7089943093115778,39179,28075,0.7165828632685878,1.1065100729309039,10.693960213716956
s1,97,median_mad,393943,301256,315210,224949,0.7136480441610356,39356,27952,0.7102347799573128,39377,27965,0.7101861492749575,1.1041632309208977,10.557561660001607
s1,98,median_mad,392797,300796,313803,224068,0.7140403374091389,39379,28098,0.7135275146651768,39615,28334,0.7152341284866843,1.1037660818148942,10.701371742789487
s1,99,median_mad,394302,301590,315088,224786,0.7134070481897121,39781,28327,0.7120736029762952,39433,28132,0.7134126239444121,1.1070494846262482,10.573155413502905
s1,100,median_mad,393334,300622,314991,224223,0.7118393858872158,39046,27901,0.7145674332838191,39297,28027,0.7132096597704659,1.103566396154389,10.631583244514982
s1,101,median_mad,394453,301713,315801,225175,0.7130281411395151,39346,28008,0.7118385604635795,39306,28217,0.7178802218490815,1.1051234158166887,10.483848458752027
s1,102,median_mad,394104,301410,315497,225139,0.7136010802004457,39229,27771,0.7079201611053048,39378,28035,0.7119457565137894,1.1015966634789478,10.75852553973969
s1,103,median_mad,393306,300616,314877,224478,0.7129069446164693,39334,27897,0.7092337418009864,39095,27776,0.71047448522829,1.1034154932690334,10.67722098727274
s1,104,median_mad,393471,301218,314732,224594,0.713603955111015,39335,28162,0.7159527138680565,39404,27912,0.7083544817784997,1.1025975688976293,10.622140041704755
s1,105,median_mad,393655,301738,314424,224643,0.7144588199374093,39561,28305,0.7154773640706756,39670,28359,0.7148726997731283,1.1026492289250363,10.716053373995594
s1,106,median_mad,394879,302392,315811,225395,0.7137021826345504,39868,28623,0.7179442159125113,39200,27891,0.7115051020408163,1.1027726223575134,10.647239925506534
s1,107,median_mad,392554,300194,314136,223993,0.7130446685512007,39146,27993,0.7150922188729372,39272,28070,0.7147586066408638,1.0986037137728788,10.596803055174005
s1,108,median_mad,394263,301701,315470,225232,0.7139569531175706,39257,27989,0.7129683878034491,39536,28194,0.7131222177256171,1.0987255356041652,10.614329781669998
s1,109,median_mad,394375,301969,315684,225357,0.7138689322233626,39283,28035,0.7136674897538375,39408,28143,0.7141443361753959,1.098210763982951,10.6471273458127
s1,110,median_mad,394579,301962,316121,225552,0.7134989450242154,39047,27943,0.7156247599047302,39411,27976,0.7098525792291492,1.0977790299430872,10.594565887369328
s1,111,median_mad,394304,301812,315412,224977,0.71327977375623,39650,28304,0.7138461538461538,39242,28068,0.7152540645227052,1.0966550298577253,10.618418933655645
s1,112,median_mad,393757,301542,315248,225124,0.7141171395219003,39385,28217,0.7164402691379967,39124,27915,0.7135006645537266,1.098118576442006,10.680903011071358
s1,113,median_mad,393641,300830,314879,224360,0.712527669358706,39444,28139,0.7133911368015414,39318,27926,0.7102599318378351,1.0983937976445726,10.643194949134736
s1,114,median_mad,393050,300293,314735,224216,0.7123961427867889,38979,27575,0.7074322070858667,39336,28143,0.7154514948139109,1.0986557085870994,10.829205173171228
s1,115,median_mad,393554,301305,314769,224437,0.7130212949813991,39477,28099,0.7117815436836639,39308,28062,0.7139004782741427,1.0983451361117214,10.823119450201942
s1,116,median_mad,394160,301508,315426,224863,0.712886699257512,39521,28022,0.7090407631385846,39213,28122,0.7171601254685946,1.1002123297178326,10.711032433381876
s1,117,median_mad,394692,302103,315996,225605,0.7139489107457057,39608,28219,0.7124570793779035,39088,27888,0.7134670487106017,1.0982049744945759,10.681548769977127
s1,118,median_mad,394225,301506,315294,224976,0.7135435498296828,39501,28090,0.7111212374370269,39430,28114,0.7130103981739792,1.0958810001225026,10.679959561342002
s1,119,median_mad,394227,301508,315499,225008,0.713181341303776,39238,28015,0.7139762475151639,39490,28081,0.7110914155482401,1.0970682964702716,10.672564310314812
s1,120,median_mad,394301,302338,315748,225950,0.7156023157708046,39179,27905,0.7122438040787157,39374,28032,0.7119418905876974,1.0943839208584127,10.72365125308536
s1,121,median_mad,393458,300982,314625,224144,0.7124163686928884,39687,28332,0.7138861591957064,39146,27928,0.7134317682521841,1.0959619895676322,10.552126840877781
s1,122,median_mad,394805,302500,315423,225552,0.7150778478424211,39806,28363,0.7125307742551374,39576,28116,0.7104305639781686,1.0927192682094238,10.724857595076298
s1,123,median_mad,394198,301615,315570,225210,0.7136609943911019,39102,27953,0.714873919492609,39526,28218,0.7139098315033143,1.0941071755966087,10.672729234163869
s1,124,median_mad,393461,301015,314570,224351,0.7131989700225705,39618,28338,0.7152809329092836,39273,27833,0.7087057265806025,1.0956121256358953,10.62088200861312
s1,125,median_mad,393363,300748,314916,224399,0.7125677958566728,39216,27984,0.7135862913096696,39231,27881,0.7106879763452372,1.0919555142208337,10.5347454177973
s1,126,median_mad,393370,301403,314368,224401,0.7138162917345277,39563,28306,0.7154664711978364,39439,28082,0.7120363092370496,1.0983984223415744,10.700278025849707
s1,127,median_mad,393841,301730,315214,225035,0.7139118186374971,38925,27805,0.7143224149004496,39702,28408,0.7155307037428845,1.092891864934309,10.66223643321147
s1,128,median_mad,393203,300788,314396,224149,0.7129511825850202,39447,28052,0.7111313914873121,39360,28128,0.7146341463414634,1.0959481354944662,10.68443549944675
s1,129,median_mad,394103,301591,315329,224891,0.713194790203248,39365,28256,0.7177949955544265,39409,27913,0.7082899845213022,1.0985631443168837,10.764680786689285
s1,130,median_mad,392990,300524,314493,224412,0.7135675515830241,39246,27949,0.712149008816185,39251,27821,0.7087972280960995,1.0978895181622466,10.70850935814669
s1,131,median_mad,394193,302269,315430,225408,0.7146054592144058,39616,28293,0.7141811389337641,39147,27911,0.7129792832145503,1.0984480024110557,10.773150480475786
s1,132,median_mad,393818,301056,315260,224452,0.7119583835564296,39430,28087,0.7123256403753487,39128,28078,0.7175935391535473,1.0982791770947125,10.652954636953062
s1,133,median_mad,394789,301908,315297,224738,0.7127819167324776,39745,28128,0.7077116618442572,39747,28451,0.7158024504994087,1.099590316196795,10.676828145366477
s1,134,median_mad,393679,301047,315028,224419,0.7123779473570603,39245,27872,0.7102051216715505,39406,28052,0.7118712886362483,1.1027783589075582,10.769767235762334
s1,135,median_mad,393524,301185,314514,224421,0.713548522482306,39603,28193,0.7118905133449486,39407,28029,0.7112695713959449,1.1007647951863784,10.684293249132486
s1,136,median_mad,394614,302310,315836,225467,0.7138736559480237,39346,28103,0.7142530371575255,39432,28039,0.7110722256035708,1.1043669662599143,10.664196385347399
s1,137,median_mad,393679,301570,315047,224797,0.7135348059178471,39413,28247,0.7166924618780606,39219,28057,0.7153930492873353,1.1015166311629367,10.703911573056851
s1,138,median_mad,394970,302399,315769,225149,0.7130180606709335,39557,28303,0.715499153120813,39644,28358,0.7153163152053275,1.102854335836893,10.725186228961492
s1,139,median_mad,392780,300908,314268,224298,0.7137156821566306,39240,28008,0.7137614678899082,39272,28112,0.7158280708902016,1.1037673998947368,10.707419775823901
s1,140,median_mad,392378,300824,314186,224652,0.7150286772803371,39140,27856,0.7117015840572305,39052,27771,0.7111287514083786,1.104483961806888,10.465224353433983
s1,141,median_mad,394470,301912,315623,224842,0.7123752071300253,39406,27988,0.7102471704816525,39441,28208,0.7151948480008113,1.1025945540415583,10.701325379415161
s1,142,median_mad,393559,301635,315020,224991,0.7142117960764396,39488,28072,0.7108995137763371,39051,28008,0.7172159483752016,1.1068600048531987,10.716686050572159
s1,143,median_mad,393970,301657,315286,225043,0.7137741606033887,39248,28018,0.7138707704851203,39436,27997,0.7099350846941881,1.1038874358974744,10.693951082852253
s1,144,median_mad,394464,301620,315297,224814,0.7130229593050362,39526,28111,0.7112027526185296,39641,28226,0.7120405640624606,1.104929394962765,10.482113691556535
s1,145,median_mad,395145,302318,315617,224871,0.7124806331724843,39667,28367,0.7151284442987874,39861,28423,0.7130528586839266,1.1015533957630912,10.662437021161201
s1,146,median_mad,394204,301065,315548,224595,0.7117617604928569,39130,27863,0.7120623562484028,39526,28030,0.7091534686029449,1.1040726426991039,10.758241217220347
s1,147,median_mad,394546,302225,315974,225596,0.7139701367834063,39486,28162,0.7132148103125159,39086,27835,0.7121475720206724,1.1033604237001353,10.725427815882675
s1,148,median_mad,394400,301762,315458,224832,0.7127161143480273,39449,28154,0.7136809551572917,39493,28064,0.7106069430025574,1.101648947660165,10.820388703718079
s1,149,median_mad,393718,300938,315072,224504,0.7125482429412959,39254,28086,0.7154939623987364,39392,28068,0.7125304630381804,1.1029496481811885,10.619777325855948
s1,150,median_mad,392871,300741,314278,224277,0.7136261526419285,39002,27757,0.7116814522332188,39591,28255,0.7136722992599328,1.1036545053677729,10.83474513582227
s1,151,median_mad,393769,301741,314561,224755,0.7145037051637043,39640,28294,0.713773965691221,39568,28206,0.7128487666801455,1.1028228424251847,10.590703028066478
s1,152,median_mad,393626,301448,315154,224760,0.7131751461190402,39161,27939,0.7134393912310717,39311,28016,0.7126758413675561,1.1024006484229516,10.680305522267625
s1,153,median_mad,393706,301370,314923,224576,0.7131139992950658,39213,27950,0.712773825007013,39570,28266,0.7143290371493556,1.0967569673063573,10.725736312769893
s1,154,median_mad,392873,300593,314250,224009,0.7128369132856006,39455,28049,0.7109111646179191,39168,27906,0.7124693627450981,1.0956140001837475,10.644123152007381
s1,155,median_mad,394210,302008,314753,224839,0.7143347323139096,39533,28238,0.7142893279032707,39924,28495,0.7137310890692316,1.09894233521687,10.706649240091888
s1,156,median_mad,394181,301783,315114,225011,0.714062212405669,39615,28139,0.7103117505995203,39452,28086,0.7119030720876002,1.1001266970017578,10.671795379811144
s1,157,median_mad,394775,302389,315489,225525,0.7148426728031723,39492,28143,0.7126253418413856,39794,28411,0.7139518520379957,1.098285805695429,10.673715428859223
s1,158,median_mad,393716,301550,314332,224540,0.7143402517083848,39688,28329,0.7137925821406974,39696,28122,0.7084340991535671,1.0973779363942937,10.702666344093922
s1,159,median_mad,393196,300780,314737,224349,0.7128141908958908,39065,27844,0.7127607833098681,39394,28054,0.7121389044016856,1.0964698066364593,10.683647994260832
s1,160,median_mad,393602,301202,315386,224965,0.7133005269732963,39055,27820,0.7123287671232876,39161,27895,0.7123158244171497,1.0959611509375442,10.589314178937926
s1,161,median_mad,393894,301279,315407,224782,0.7126728322453211,39449,27971,0.7090420542979543,39038,28045,0.7184025820994928,1.0968793263611198,10.718534951868321
s1,162,median_mad,394009,301597,315060,225015,0.7141972957531899,39390,27991,0.7106118304138106,39559,28128,0.711039207260042,1.0909560836422518,10.674478352140625
s1,163,median_mad,393861,301661,315277,224887,0.7132997332504433,39208,27965,0.7132472964701081,39376,28277,0.7181277935798456,1.0913435436406915,10.382378604667803
s1,164,median_mad,393905,301369,315198,224996,0.7138243262964866,39453,28127,0.7129242389678858,39254,28015,0.7136852295307484,1.0924066509356514,10.644734694424272
s1,165,median_mad,394618,301999,315494,225204,0.7138138918648215,39537,28284,0.7153805296304727,39587,28316,0.715285320938692,1.0909178204170715,10.506035051916594
s1,166,median_mad,394980,302456,315945,225527,0.7138172783237589,39484,28199,0.7141880255293284,39551,28282,0.715076736365705,1.0916229143970817,10.735567258089862
s1,167,median_mad,393784,301479,314930,224980,0.7143809735496777,39356,28036,0.7123691432056103,39498,28070,0.7106688946275761,1.0888927802152137,10.730034716614691
s1,168,median_mad,394000,301859,315563,225173,0.7135595744748275,39217,28047,0.7151745416528547,39220,28075,0.7158337582865885,1.0916956278084968,10.663931227512364
s1,169,median_mad,394237,301748,315570,225107,0.7133346008809456,39399,28035,0.7115662834082084,39268,28103,0.7156717938270347,1.0878466864238392,10.761272046130657
s1,170,median_mad,393681,301685,314934,225069,0.7146544990378937,39453,28333,0.7181456416495577,39294,27970,0.711813508423678,1.09159555656688,10.778349530894069
s1,171,median_mad,392939,300863,314540,224563,0.7139409931964138,39437,28252,0.7163830920201841,38962,27669,0.7101534828807556,1.0840886677883779,10.55191093954918
s1,172,median_mad,393858,301218,315400,224627,0.7121972098922004,39134,27917,0.7133694485613533,39324,28068,0.7137625877326823,1.0858809583217472,10.515336073937267
s1,173,median_mad,393173,300773,314145,223900,0.7127281987617183,39350,28005,0.7116899618805591,39678,28370,0.7150057966631382,1.0864147346869344,10.632509246452779
s1,174,median_mad,393881,301332,314760,224368,0.7128224679120599,39548,28270,0.7148275513300293,39573,28274,0.714477042427918,1.0900443680580083,10.668420635856009
s1,175,median_mad,393289,301068,314124,224196,0.7137181495205714,39668,28321,0.7139507915700313,39497,28256,0.7153961060333697,1.091492545922043,10.576439904421282
s1,176,median_mad,394677,301423,315513,224933,0.7129119877786335,39453,28030,0.7104656173168074,39711,28319,0.7131273450681171,1.0921403789346686,10.461837130182984
s1,177,median_mad,392772,300253,314345,224044,0.7127328253988452,39129,27832,0.7112883027933247,39298,27977,0.7119191816377424,1.099743454098003,10.504902065486242
s1,178,median_mad,392890,300863,313990,224089,0.7136819643937705,39617,28155,0.7106797586894515,39283,28039,0.7137693149708525,1.1023391194735634,10.671339422873997
s1,179,median_mad,393053,301085,314463,224826,0.7149521565335191,39295,28056,0.7139839674258811,39295,27995,0.7124316070746914,1.098479145330537,10.62168884075462
s1,180,median_mad,393272,301365,314544,224635,0.7141608169286332,39245,28019,0.7139508217607339,39483,28233,0.7150672441303852,1.099407991999176,10.602065333175839
s1,181,median_mad,394206,301493,315550,224909,0.712752337189035,39167,27858,0.7112620318124953,39489,28199,0.7140975967991086,1.099413337234968,10.69088295318006
s1,182,median_mad,393622,301021,314967,224561,0.7129667552473751,39277,27983,0.7124525803905594,39378,27923,0.709101528772411,1.1017948418077803,10.673897667683395
s1,183,median_mad,393927,301550,315227,224918,0.7135112157270792,39129,27966,0.7147128728053362,39571,28149,0.7113542745950318,1.100258180442504,10.540072485008368
s1,184,median_mad,394728,302224,315842,225472,0.7138759253044243,39526,28272,0.7152760208470373,39360,27961,0.7103912601626017,1.099929379815084,10.660076626652621
s1,185,median_mad,392819,300749,314410,224590,0.7143220635475971,39117,27831,0.7114809417900145,39292,28076,0.7145474905833249,1.09698698003833,10.648724111333323
s1,186,median_mad,393908,301558,315382,225095,0.7137217723268925,39262,27992,0.7129540013244359,39264,28034,0.7139873675631622,1.098074468068364,10.593591488241108
s1,187,median_mad,394160,301621,315281,225070,0.7138711181454005,39197,27958,0.7132688726178024,39682,28241,0.7116828788871529,1.093814296872699,10.715871570194494
s1,188,median_mad,393790,301590,314554,224831,0.7147612174698144,39712,28383,0.7147209911361805,39524,28051,0.7097206760449347,1.0921495789873252,10.652890274122614
s1,189,median_mad,393385,301169,314567,224696,0.7143025174287195,39156,27827,0.7106701399530084,39662,28434,0.7169078715142958,1.0912568114921581,10.573531407132617
s1,190,median_mad,393843,301591,315000,224865,0.7138571428571429,39693,28325,0.7136018945405991,39150,27990,0.7149425287356321,1.0967153459965675,10.692551523140493
s1,191,median_mad,393366,301173,314134,224313,0.7140678818593339,39718,28145,0.7086207764741427,39514,28126,0.7117983499519158,1.098134026870937,10.69109126509287
s1,192,median_mad,392873,300507,314212,224001,0.7128976614515041,39343,28081,0.713748316091808,39318,28152,0.7160079352968106,1.0940515108840017,10.592338843005264
s1,193,median_mad,394311,301672,315988,225461,0.7135112725799714,39296,28105,0.7152127442996743,39027,27892,0.7146847054603224,1.0934931746801946,10.609632733223895
s1,194,median_mad,393925,301214,315146,224660,0.7128759368673567,39395,28009,0.7109785505774845,39384,28015,0.7113294738980297,1.09351356145463,10.670820522036827
s1,195,median_mad,394158,301307,315372,224487,0.7118165214413454,39397,28077,0.7126684772952255,39389,28148,0.7146157556678261,1.0939252392316692,10.59838684938081
s1,196,median_mad,394183,301696,315729,225007,0.7126586407963792,39396,28152,0.7145903137374353,39058,27848,0.7129909365558912,1.0970004646281535,10.615701514868704
s1,197,median_mad,393216,300906,314930,224565,0.7130632203981837,39299,28081,0.7145474439553169,38987,27783,0.7126221561033165,1.0972683527344866,10.713417343421597
s1,198,median_mad,393725,301617,314778,224822,0.7142239927822148,39478,28222,0.7148791732103956,39469,28253,0.7158276115432365,1.0975814908215253,10.660496944291207
s1,199,median_mad,393608,301329,315161,224847,0.7134353552628656,39147,27995,0.7151250415102052,39300,28132,0.7158269720101781,1.0976511905606061,10.707299989613665
s1,200,median_mad,393418,301185,314688,224381,0.7130268710595892,39325,27953,0.7108200890019072,39405,28105,0.713234361121685,1.0964462655876783,10.772272377409097
s1,201,median_mad,393820,301822,315343,225223,0.7142159489825365,39211,27978,0.7135242661498049,39266,28014,0.7134416543574594,1.0957897510730863,10.61590091981961
s1,202,median_mad,394625,301881,315430,224970,0.7132168785467458,39708,28231,0.7109650448272389,39487,28125,0.7122597310507256,1.0981517356268204,10.638875763396069
s1,203,median_mad,393336,301381,314423,224403,0.7136977892838628,39364,28209,0.7166192460115842,39549,28269,0.7147841917621178,1.0971824267259096,10.571214300477509
s1,204,median_mad,393197,300901,314303,224168,0.7132225909393165,39620,28338,0.7152448258455325,39274,28017,0.7133727147731324,1.096376256279995,10.465033089000952
s1,205,median_mad,393573,301355,314458,224310,0.7133226058805946,39758,28444,0.7154283414658685,39357,28019,0.7119190995248622,1.0983004055953083,10.868953801084892
s1,206,median_mad,393976,301235,315058,224222,0.7116848326339912,39663,28213,0.7113178529107733,39255,28051,0.7145841294102662,1.0982769069659792,10.670669842109923
s1,207,median_mad,394040,301822,315630,225020,0.7129233596299465,39397,28244,0.7169073787344215,39013,27983,0.7172737292697307,1.0937655804169453,10.702712165292839
s1,208,median_mad,394348,301376,315633,224873,0.7124508527308615,39393,28102,0.713375472799736,39322,28007,0.7122475967651696,1.0995027987617125,10.6895429390618
s1,209,median_mad,394200,301576,315756,224809,0.7119706355540354,39103,27993,0.7158785770912718,39341,28054,0.713098294400244,1.0955156897696359,10.730266265875883
s1,210,median_mad,394947,302034,315726,224911,0.7123613512982776,39775,28347,0.712683846637335,39446,28097,0.7122902195406379,1.0978496061897234,10.601808320061153
s1,211,median_mad,393338,301259,314330,223959,0.7124964209588649,39501,28364,0.7180577706893496,39507,28246,0.7149619054851039,1.0961165922896194,10.777688112290976
s1,212,median_mad,394624,301688,315617,225027,0.7129749031262574,39617,28215,0.7121942600398818,39390,28124,0.713988321909114,1.0936526615099003,10.489702723371588
s1,213,median_mad,393797,301891,315164,225187,0.7145073675927454,39181,28203,0.719813174753069,39452,28038,0.7106864037311162,1.0945943065833192,10.595539777080903
s1,214,median_mad,392930,301163,314484,224706,0.7145228374098523,38901,27740,0.7130922084265185,39545,28329,0.7163737514224301,1.0966056321886235,10.660892131671934
s1,215,median_mad,393753,301416,314970,224572,0.71299488840207,39291,28055,0.7140312030744954,39492,28280,0.716094398865593,1.0956085336603292,10.641939826696309
s1,216,median_mad,393267,301703,314671,224964,0.7149181208309632,39473,28303,0.7170217617105363,39123,28000,0.7156915369475756,1.0983582567112151,10.602119698281081
s1,217,median_mad,393948,301262,315185,224650,0.7127560004441835,39129,27785,0.7100871476398579,39634,28298,0.7139829439370238,1.0982993702245225,10.701304961501933
s1,218,median_mad,394577,301985,315497,225110,0.7135091617352939,39518,28284,0.7157244799838048,39562,28151,0.7115666548708357,1.0985125744184019,10.6674765682103
s1,219,median_mad,393241,300798,314755,224355,0.7127924893965147,39104,27819,0.711410597381342,39382,27999,0.7109593215174446,1.0985712609992837,10.605132079294483
s1,220,median_mad,393916,301873,314908,225013,0.7145356739111105,39583,28141,0.7109365131495844,39425,28123,0.7133291058972733,1.0977931286728253,10.655489197409578
s1,221,median_mad,394354,301990,315770,225455,0.713984862399848,39148,28066,0.7169204046183713,39436,28139,0.7135358555634446,1.1019210964019068,10.508202492945449
s1,222,median_mad,394322,301978,315288,225033,0.7137379158103068,39264,27902,0.7106255093724532,39770,28366,0.7132511943676138,1.097810092518284,10.677853421719856
s1,223,median_mad,393515,301459,314578,224446,0.7134828246094769,39351,28093,0.7139081598942848,39586,28377,0.7168443389076946,1.0979069175168346,10.61075675470862
s1,224,median_mad,394222,301215,315313,224430,0.7117689407033646,39426,28089,0.7124486379546492,39483,28299,0.7167388496314869,1.1003412040967235,10.501987782664775
s1,225,median_mad,393151,300616,314709,224399,0.7130364876759164,39187,27918,0.712430142649348,39255,28019,0.7137689466310024,1.1006876586177659,10.700375659565553
s1,226,median_mad,394865,301963,316059,225235,0.712635931898791,39544,28202,0.7131802549059276,39262,27935,0.7115022158830421,1.1021526836426938,10.835084817884962
s1,227,median_mad,394235,301754,315088,224912,0.7138069364748896,39572,28115,0.7104771050237542,39575,28228,0.7132785849652559,1.1016113057291368,10.675341485710087
s1,228,median_mad,394542,302464,315676,225367,0.7139187014533889,39569,28328,0.7159139730597185,39297,28074,0.7144056798228873,1.099567358216401,10.709561249067367
s1,229,median_mad,393912,301496,314853,224693,0.7136441450454657,39539,28160,0.7122081994992286,39520,28287,0.7157641700404859,1.0999982347580635,10.591347028622272
s1,230,median_mad,393045,300946,314367,224563,0.7143338836455481,39287,27972,0.7119912439229261,39391,28001,0.7108476555558376,1.097927506151561,10.823973019629413
s1,231,median_mad,393842,301631,315601,225349,0.7140313243620902,39229,28019,0.7142420148359632,39012,27867,0.714318671178099,1.099248251388797,10.692009828861334
s1,232,median_mad,393442,300702,314646,224340,0.7129917431017715,39141,27885,0.712424312102399,39655,28341,0.7146891943008448,1.097727297412676,10.643918960884372
s1,233,median_mad,394085,301596,315707,225365,0.7138422651382452,39108,27922,0.7139715659200163,39270,28036,0.7139292080468551,1.1012043071996267,10.855393243166665
s1,234,median_mad,393158,300967,314486,224392,0.7135198387209606,39206,28147,0.7179258276794368,39466,28121,0.7125373739421274,1.0983556801440304,10.590728347977844
s1,235,median_mad,393016,301629,314667,224852,0.7145712769372067,38998,27987,0.717652187291656,39351,28180,0.7161190312825595,1.098627952613538,10.655614082795864
s1,236,median_mad,393767,301565,314879,224659,0.7134772404637972,39647,28227,0.7119580296113199,39241,28065,0.7151958410845799,1.0984847412044394,10.685372715255344
s1,237,median_mad,393048,300870,314113,223960,0.7129918214145865,39564,28232,0.7135780002022041,39371,28222,0.716822026364583,1.0965288063484637,10.669003047590735
s1,238,median_mad,393059,300522,314464,224246,0.7131054747125267,39252,27942,0.7118618159584225,39343,27973,0.7110032280202323,1.1007964563819417,10.617927834167848
s1,239,median_mad,394307,301699,315561,225187,0.7136084623892053,39379,28005,0.7111658498184311,39367,28095,0.713668808900856,1.1012479029454285,10.655650414744228
s1,240,median_mad,394716,302052,315590,225253,0.713752020025983,39743,28154,0.7084014795058249,39383,28116,0.7139120940507325,1.105048896229786,10.649403033379063
s1,241,median_mad,394842,302212,315611,225391,0.7141417757936194,39584,28284,0.7145311236863379,39647,28201,0.7113022422881933,1.1025071657224812,10.595058623829729
s1,242,median_mad,394293,301706,315537,225059,0.7132570823706887,39240,27928,0.7117227319062182,39516,28257,0.7150774369875493,1.1036605836921054,10.707327195020847
s1,243,median_mad,395075,302331,315682,225150,0.713217731768045,39807,28302,0.7109804808199562,39586,28164,0.7114636487647148,1.1011196476135243,10.622041420674439
s1,244,median_mad,393722,301493,315129,224801,0.7133618295999417,39425,28101,0.7127710843373494,39168,27947,0.713516135620915,1.1001752890552927,10.702672367473602
s1,245,median_mad,392583,300463,314450,224135,0.7127842264270949,39070,28103,0.7192986946506271,39063,27833,0.7125156797992985,1.102545677702468,10.640797033413904
s1,246,median_mad,394160,301673,315198,224839,0.7133262266892556,39525,28222,0.7140290955091714,39437,28080,0.7120217055049827,1.102759070989304,10.774558925009956
s1,247,median_mad,393515,301160,314992,224465,0.7126053995022096,38973,27836,0.7142380622482232,39550,28277,0.714968394437421,1.1013188014376545,10.688181684775724
s1,248,median_mad,395240,302472,316466,225668,0.7130876618657297,39544,28355,0.717049362735181,39230,28045,0.7148865664032628,1.100802469406466,10.610970164449983
s1,249,median_mad,394849,302172,316050,225577,0.7137383325423192,39385,28052,0.7122508569252254,39414,28165,0.7145937991576597,1.1021791393437828,10.581453522351541
s1,250,median_mad,394884,302412,315765,225441,0.7139518312669232,39378,27991,0.7108283813296765,39741,28405,0.714753025842329,1.0986106614427946,10.602108795983415
s1,251,median_mad,393042,300874,314463,224671,0.7144592527578761,39245,28083,0.7155816027519429,39334,28095,0.714267554787207,1.099571155789708,10.628111437816395
s1,252,median_mad,394183,302033,315226,224787,0.7130979043606809,39523,28404,0.7186701414366319,39434,28151,0.7138763503575595,1.0999587080705242,10.890035464996378
s1,253,median_mad,394345,301800,315841,225481,0.7139066808932343,38976,27703,0.7107707307060755,39528,28126,0.7115462456992512,1.102815941179952,10.650813042936782
s1,254,median_mad,394568,302283,315437,225400,0.7145642394519349,39390,28124,0.713988321909114,39741,28373,0.713947812083239,1.0998224066806803,10.60479534826388
s1,255,median_mad,394137,301804,315501,225201,0.7137885458366218,39129,27957,0.7144828643716936,39507,28125,0.711899157111398,1.0979195762164728,10.652780803213476
s1,256,median_mad,393918,301394,315327,224743,0.7127299596926365,39316,28158,0.7161969681554583,39275,28174,0.7173520050922979,1.0968258141395055,10.638504592107234
s1,257,median_mad,392839,300521,314240,224385,0.7140561354378818,39297,27741,0.7059317505153065,39302,28068,0.7141621291537327,1.097137384993151,10.673016215528671
s1,258,median_mad,394281,301540,315581,225164,0.7134903558832756,39622,28143,0.7102872141739438,39078,27821,0.711935104150673,1.0935299268069512,10.70690308360493
s1,259,median_mad,393476,301024,314414,224273,0.7133047510607035,39334,27985,0.7114709920170844,39728,28255,0.7112112364075714,1.0923517433123213,10.671750170333851
s1,260,median_mad,392966,301118,314897,224939,0.7143256366367415,39022,27989,0.7172620573010097,39047,27890,0.7142674213127769,1.0905508294908808,10.610642525125051
s1,261,median_mad,394647,302239,316028,225611,0.7138956041869707,39390,28107,0.7135567402894135,39229,27996,0.713655713885136,1.0897321662503188,10.721625177998725
s1,262,median_mad,393802,301199,315167,224711,0.7129902559595389,39122,27887,0.7128214303972189,39513,28234,0.7145496418900109,1.0937060079779313,10.602306198180155
s1,263,median_mad,393490,301371,314627,224628,0.7139501695658669,39252,28017,0.7137725466218282,39611,28260,0.7134381863623741,1.0906122902818915,10.587284441792592
s1,264,median_mad,394502,301979,315680,225335,0.7138082868727825,39646,28406,0.7164909448620289,39176,27918,0.7126301817439249,1.0950309872292132,10.584051781994562
s1,265,median_mad,393617,301331,314721,224744,0.7141055093241315,39383,28085,0.7131249523906253,39513,28167,0.7128539974185711,1.0940982400787655,10.471600878794844
s1,266,median_mad,393415,300647,314873,224277,0.7122776484487396,39301,28075,0.714358413271927,39241,27947,0.7121887821411279,1.0959529992712962,10.547384597248232
s1,267,median_mad,393975,301685,314915,224898,0.7141546131495801,39624,28186,0.7113365636987684,39436,28124,0.7131554924434527,1.096904784484198,10.766333109444846
s1,268,median_mad,392683,300362,314104,223940,0.7129485775411966,39274,27962,0.7119722971940724,39305,27939,0.7108255947080524,1.0963801127929365,10.747589156899377
s1,269,median_mad,393032,300445,314282,223802,0.7121056885217735,39276,28037,0.7138456054588044,39474,28183,0.7139636216243603,1.0934093170810117,10.785808112646208
s1,270,median_mad,393442,300992,314921,224747,0.7136615214609379,39239,27918,0.7114860215601825,39282,28038,0.7137620284099587,1.0910366508929892,10.693740418007343
s1,271,median_mad,393720,301200,315122,224777,0.7133015149688058,39167,27958,0.7138152015727526,39431,28161,0.7141842712586544,1.0928816981549123,10.622263388848946
s1,272,median_mad,393155,301065,314442,224170,0.7129136692935422,39383,28173,0.7153594190386715,39330,28242,0.7180778032036613,1.094071120230569,10.689267991302572
s1,273,median_mad,394664,302081,315457,225322,0.7142716756958951,39706,28280,0.7122349267113283,39501,28201,0.7139312928786613,1.097315584270799,10.534405017383815
s1,274,median_mad,393915,301516,315114,225146,0.7144906287883115,39236,27779,0.7079977571617901,39565,28201,0.7127764438266144,1.0965594255964908,10.69282583697453
s1,275,median_mad,394285,301925,315388,225099,0.7137208771418063,39493,28162,0.7130883954118451,39404,28159,0.7146228809257943,1.0989431511105707,10.691478410146791
s1,276,median_mad,393213,301275,315119,225022,0.7140857898127374,39100,27908,0.7137595907928389,38994,27920,0.7160075909114223,1.0966830347591532,10.613078247586776
s1,277,median_mad,394996,303053,316018,225842,0.7146491655538608,39694,28592,0.7203103743638837,39284,28067,0.714463903879442,1.0987255970416538,10.615860315263971
s1,278,median_mad,393424,300930,314824,224510,0.713128605188931,39187,28000,0.714522673335545,39413,28191,0.715271610889808,1.0953846833608911,10.74872381614076
s1,279,median_mad,394282,301146,315982,224834,0.7115405307897286,39365,27971,0.7105550616029468,38935,27589,0.7085912418132786,1.101426180531642,10.687858805150958
s1,280,median_mad,394452,302124,315502,225228,0.7138718613511167,39426,28218,0.7157205904732917,39524,28238,0.7144519785446817,1.1030794345961918,10.427778866104886
s1,281,median_mad,394938,301975,315914,225191,0.7128237431706097,39197,27975,0.7137025792790265,39827,28362,0.7121299620860221,1.1082796918020947,10.652588187012473
s1,282,median_mad,393857,301542,314690,224689,0.7140010804283581,39784,28344,0.7124472149607882,39383,27908,0.7086306274280781,1.1046454578294465,10.505497219854101
s1,283,median_mad,393660,301511,315154,224854,0.7134734129980899,39334,28216,0.7173437738343418,39172,27833,0.7105330337996528,1.1037665198530358,10.845140577803408
s1,284,median_mad,392754,300781,314038,224108,0.7136333819474077,39306,28090,0.7146491629776625,39410,28150,0.7142857142857143,1.1020484914571536,10.704862418684733
s1,285,median_mad,394391,301409,315472,224737,0.712383349393924,39595,28164,0.7113019320621291,39324,27971,0.7112959007222053,1.1057904573243744,10.64923943290641
s1,286,median_mad,394129,301319,315052,224524,0.7126569582164214,39632,28144,0.7101332256762213,39445,28335,0.7183419951831664,1.1073920733837028,10.578758097265304
s1,287,median_mad,392327,300182,314289,224121,0.7131048175405439,39042,27864,0.7136929460580913,38996,27926,0.7161247307416145,1.107142126374534,10.683421151683714
s1,288,median_mad,394214,302164,315277,225249,0.714447929915598,39295,28079,0.7145692836238707,39642,28275,0.7132586650522174,1.1073112190457184,10.698108366088535
s1,289,median_mad,393862,301215,314547,224212,0.7128092145212003,39612,28225,0.7125366050691709,39703,28301,0.7128176712087247,1.1073727783358314,10.494792758385683
s1,290,median_mad,394925,302244,315908,225091,0.7125207338845486,39667,28380,0.7154561726372047,39350,28008,0.7117662007623888,1.104471158052902,10.752077247492204
s1,291,median_mad,392826,301035,314295,224372,0.7138898168917737,39281,27966,0.7119472518520404,39250,28051,0.7146751592356688,1.1019073506314045,10.68390729409259
s1,292,median_mad,392482,300167,314061,223923,0.7129920620516397,39386,28040,0.7119280962778652,39035,27938,0.7157166645318304,1.1010289307577157,10.720733489724477
s1,293,median_mad,393784,301965,315002,225184,0.7148653024425242,39588,28421,0.7179195715873496,39194,28149,0.7181966627545032,1.101152065472844,10.613053218678264
s1,294,median_mad,393868,301470,314987,224585,0.7129976792693031,39468,28137,0.7129066585588325,39413,28133,0.7138000152234034,1.1020309219917621,10.659482369511997
s1,295,median_mad,394046,301473,315161,225081,0.714177832917144,39130,27709,0.7081267569639663,39755,28193,0.7091686580304364,1.1024692539711833,10.606237457916132
s1,296,median_mad,393383,301263,314441,224570,0.7141880352752981,39319,28100,0.7146672092372645,39623,28267,0.7133987835348157,1.0981672969989744,10.50142828473496
s1,297,median_mad,394401,302246,315353,225348,0.7145896820388581,39375,28067,0.7128126984126985,39673,28271,0.7126005091624027,1.0997243772294834,10.771753216341127
s1,298,median_mad,394176,301769,315406,225179,0.7139337869285937,39387,28208,0.7161753878183157,39383,28150,0.7147754107102049,1.0983269237163351,10.51471685268744
s1,299,median_mad,393205,300973,314464,224459,0.7137828177470235,39393,28075,0.7126900718401746,39348,27946,0.7102266951306293,1.1006212591175113,10.656233733028278
s1,300,median_mad,394595,301997,315514,225184,0.7137052555512592,39782,28519,0.7168820069378111,39299,27907,0.7101198503778722,1.100670263931373,10.582489752087573
s1,301,median_mad,393788,301426,315091,224823,0.7135176821933981,39046,27705,0.7095477129539518,39651,28289,0.7134498499407329,1.101387946422847,10.7745309860974
s1,302,median_mad,393960,301173,315764,224826,0.7120064351857717,39210,27883,0.7111196123437898,38986,27773,0.7123839326937875,1.1029394503051653,10.703415970552616
s1,303,median_mad,394787,302047,316251,225399,0.7127218570059858,39317,28049,0.7134064145280667,39219,27998,0.7138886764068436,1.1015163127800136,10.7013828114134
s1,304,median_mad,394607,302183,315579,225089,0.7132572192699768,39319,27989,0.7118441465957934,39709,28422,0.7157571331436199,1.10048031075309,10.761543394719215
s1,305,median_mad,393714,301287,315165,224738,0.7130804499230562,39408,27977,0.709931993503857,39141,28004,0.7154646023351473,1.1035301131888164,10.817134478054754
s1,306,median_mad,393901,301711,315127,224898,0.713674169461836,39211,28001,0.7141108362449313,39563,28173,0.7121047443318252,1.1010177993281192,10.779377259781885
s1,307,median_mad,394835,302228,315567,224771,0.7122766322207328,39808,28512,0.7162379421221865,39460,28082,0.7116573745565129,1.1015834147318606,10.615710446277511
s1,308,median_mad,393502,300835,314647,224305,0.7128782413307612,39271,28005,0.7131216419240661,39584,28246,0.7135711398544866,1.0987340423956506,10.63140881469761
s1,309,median_mad,393543,301256,314977,224558,0.7129345952244132,39449,28217,0.7152779538137849,39117,27853,0.7120433571081627,1.0997821174033313,10.759096725084081
s1,310,median_mad,393275,300763,314883,224622,0.713350673107154,39147,27899,0.712672746315171,39245,27886,0.7105618550133775,1.1021993652249478,10.574299956920088
s1,311,median_mad,394157,301580,315799,225294,0.7134094788140558,39049,27789,0.711644344285385,39309,28101,0.7148744562313973,1.0995245822071151,10.770669154918034
s1,312,median_mad,393465,301476,314706,224826,0.7144001067663153,39343,28113,0.7145616755204229,39416,28058,0.7118429064339354,1.1026407534744056,10.626806463370503
s1,313,median_mad,393920,302075,315403,225526,0.7150407573802405,38881,27967,0.7192973431753299,39636,28315,0.714375819961651,1.1018620958747,10.639366737477676
s1,314,median_mad,393527,301071,314946,224415,0.7125507229810825,39257,28074,0.7151336067452938,39324,28118,0.7150340758824127,1.1043917992417007,10.66156855912931
s1,315,median_mad,393918,301212,315549,224951,0.7128876973148386,39287,27971,0.7119657902105022,39082,27752,0.710096719717517,1.1032810537942903,10.430802184999695
s1,316,median_mad,394339,302081,315610,225225,0.7136180729381199,39384,28170,0.7152650822669104,39345,28286,0.7189223535392045,1.0975675531451907,10.521745599166577
s1,317,median_mad,394859,302638,315683,225817,0.7153283515425284,39402,28117,0.7135932186183442,39774,28426,0.7146879871272691,1.0976418238904726,10.5606212106905
s1,318,median_mad,394457,301754,315614,225077,0.7131401015164093,39346,27971,0.7108981853301479,39497,28119,0.711927488163658,1.0993698805787522,10.654520580343302
s1,319,median_mad,393095,300412,314746,224280,0.7125745839502329,39192,27880,0.7113696672790365,39157,27749,0.7086600097045228,1.098649125563145,10.720028924283756
s1,320,median_mad,394060,301619,315309,224865,0.7131575692416011,39200,27890,0.7114795918367347,39551,28375,0.7174281307678694,1.0995060097674703,10.587569872760582
s1,321,median_mad,394117,302168,315270,225266,0.7145177149744664,39347,28122,0.7147177675553409,39500,28357,0.7178987341772152,1.0982970640734264,10.762223979633271
s1,322,median_mad,395714,302619,316614,225759,0.7130417479959825,39667,28180,0.7104141982000152,39433,28108,0.7128039966525499,1.0980981503241183,10.576375711478438
s1,323,median_mad,393015,300937,314484,224420,0.7136134111751313,39150,27995,0.7150702426564496,39381,27985,0.7106218734922932,1.0966732408130861,10.629199453498162
s1,324,median_mad,394816,302365,315719,225390,0.7138943174151698,39454,28115,0.712602017539413,39643,28295,0.7137451756930606,1.0977171836514283,10.763064547965278
s1,325,median_mad,392920,300639,314254,223800,0.7121627727888905,39194,28195,0.7193703117824157,39472,28269,0.7161785569517632,1.096315235419315,10.635972837310955
s1,326,median_mad,394924,302613,315912,225955,0.7152466509660919,39502,27991,0.7085970330616171,39510,28349,0.7175145532776512,1.0972940225096888,10.526724995635815
s1,327,median_mad,393921,301128,315066,224417,0.7122856798258143,39461,28193,0.7144522439877348,39394,28199,0.7158196679697416,1.098418116321103,10.627846825620752
s1,328,median_mad,394963,302521,316458,225728,0.7132952872103091,39184,28125,0.7177674561045324,39321,28030,0.7128506396073345,1.096593738351883,10.639610194469572
s1,329,median_mad,394249,301583,315667,225279,0.7136602812457431,39327,27999,0.7119536196506218,39255,27998,0.7132339829321106,1.09761254624593,10.474998148229918
s1,330,median_mad,393366,301085,314934,224431,0.7126286777547042,39597,28544,0.7208626916180518,38835,27747,0.7144843568945539,1.0966141973413324,10.60772733502031
s1,331,median_mad,392911,300975,314529,224305,0.7131456876790375,38891,27839,0.7158211411380525,39491,28212,0.7143906206477425,1.0983693499773455,10.712210453159196
s1,332,median_mad,393556,301139,314774,224541,0.7133403648331819,39445,28129,0.7131195335276967,39337,28022,0.7123573226224674,1.0955125810744626,10.738948352277783
s1,333,median_mad,393953,301269,315031,224315,0.7120410372312566,39579,28287,0.7146971879026757,39343,28031,0.7124774419845971,1.0980464830108194,10.65630192892203
s1,334,median_mad,394041,301299,315054,224758,0.7133951640036311,39495,28148,0.712697809849348,39492,27979,0.708472602045984,1.0963226236341344,10.766898669414175
s1,335,median_mad,394202,301788,315615,225178,0.7134578521299685,39415,28179,0.714930863884308,39172,27832,0.7105075053609721,1.098213211124044,10.779438523599893
s1,336,median_mad,395051,302111,316006,225486,0.7135497427264039,39608,28203,0.7120531205817007,39437,28045,0.7111342140629359,1.093068095448857,10.527988828171445
s1,337,median_mad,392846,300635,313900,223943,0.7134214718063078,39333,28042,0.7129382452393664,39613,28177,0.7113068942013985,1.094678562130134,10.665726397410722
s1,338,median_mad,392489,300166,314055,224044,0.713390966550445,39334,27787,0.7064371790308639,39100,27929,0.7142966751918158,1.0951310578690108,10.746009417833415
s1,339,median_mad,393572,301561,314477,224508,0.7139091253096411,39719,28297,0.71242981948186,39376,28237,0.7171119463632669,1.0956264860053824,10.58571056022739
s1,340,median_mad,394135,301447,315531,225066,0.7132928301815036,39379,28026,0.7116991289773738,39225,27891,0.7110516252390058,1.0985340970272193,10.709028270427986
s1,341,median_mad,393837,301484,315641,225356,0.7139630149441929,39117,27947,0.7144464043766138,39079,27811,0.7116609943959672,1.0933911083943206,10.62050813213672
s1,342,median_mad,393568,301202,315040,224864,0.7137633316404266,39082,27744,0.7098920219026662,39446,28283,0.7170055265426152,1.0949968269881123,10.654099723730281
s1,343,median_mad,393559,301393,314578,224597,0.7139628327473632,39269,27924,0.7110952659858922,39712,28382,0.7146958098307816,1.097103081484106,10.669375026092851
s1,344,median_mad,395042,302828,315968,225822,0.7146989568563905,39294,28050,0.713849442663002,39780,28338,0.71236802413273,1.0969912567633522,10.794600717455316
s1,345,median_mad,393250,301122,314678,224818,0.7144382511646826,39628,28222,0.7121732108610074,38944,27856,0.7152834839769926,1.0968192832866168,10.748749036951857
s1,346,median_mad,394923,302299,315818,225358,0.7135692075815818,39390,28152,0.7146991622239147,39715,28380,0.7145914641822989,1.0958440154105973,10.656128756391693
s1,347,median_mad,395577,302811,316241,225556,0.7132408511230359,39778,28331,0.7122278646488008,39558,28316,0.7158096971535467,1.0983743435014774,10.775898300485931
s1,348,median_mad,394155,301779,315260,224992,0.7136712554716742,39389,28177,0.7153520018279215,39506,28229,0.7145496886548879,1.1003873771651258,10.683242349272343
s1,349,median_mad,392105,300468,314144,224712,0.7153152694305797,38787,27604,0.7116817490396267,39174,27775,0.7090161842038086,1.098817948521046,10.566714912424843
s1,350,median_mad,394143,301452,315528,224894,0.7127544940544104,39181,27925,0.7127178989816493,39434,28209,0.7153471623472131,1.103975688784689,10.602804309884654
s1,351,median_mad,394330,301452,315531,224856,0.712627285433127,39438,28074,0.7118515137684467,39361,27926,0.709484007012017,1.1033361130860384,10.698159926506447
s1,352,median_mad,393876,301819,315295,225299,0.7145657241630854,39275,28026,0.7135837046467218,39306,28029,0.7130972370630438,1.1015207044719186,10.760394674281473
s1,353,median_mad,395191,302421,316332,225421,0.7126089045686178,39266,28254,0.7195538124586156,39593,28335,0.71565680802162,1.1006401556414895,10.568794221687027
s1,354,median_mad,394336,301471,315615,224650,0.7117849278392979,39170,27896,0.7121776870053612,39551,28269,0.7147480468256175,1.099618092784319,10.817982316313115
s1,355,median_mad,393430,301120,314863,224799,0.7139581341726402,39356,28135,0.7148846427482468,39211,27883,0.7111014766264568,1.1032410147630964,10.783693150105071
s1,356,median_mad,393609,301023,314911,224568,0.7131157692173344,39328,28088,0.7141985353946297,39370,27999,0.7111760223520447,1.1006637043952734,10.647469581961598
s1,357,median_mad,394312,301740,315110,224885,0.7136714163308051,39544,28190,0.712876795468339,39658,28138,0.7095163649200665,1.1021872974204632,10.56652708898837
s1,358,median_mad,394129,301445,315436,224950,0.7131399079369508,39494,28154,0.7128677773839064,39199,27984,0.7138957626470063,1.0987008639230864,10.653085817926613
s1,359,median_mad,394332,301485,315452,224902,0.7129515742490141,39202,27932,0.7125146676189991,39678,28251,0.7120066535611674,1.1002572527012306,10.839451915510356
s1,360,median_mad,392976,301184,314593,224654,0.7141099770179248,39335,28045,0.712978263632897,39048,27946,0.7156832616267158,1.0977180961747728,10.78817979612676
s1,361,median_mad,393508,301346,314863,224523,0.7130815624573227,39609,28222,0.712514832487566,39036,27788,0.7118557229224306,1.1032083445434036,10.854384150499579
s1,362,median_mad,393385,300730,315142,224673,0.7129262364267537,38888,27720,0.7128162929438387,39355,27950,0.7102020073688222,1.0983170430549714,10.619665688883462
s1,363,median_mad,393074,300767,313808,224036,0.7139269872023658,39523,28082,0.7105229866153885,39743,28297,0.7119995974133809,1.1004174334894312,10.56497662754074
s1,364,median_mad,393511,300967,315089,224521,0.7125637518288483,39037,27876,0.7140917591003407,39385,28095,0.7133426431382506,1.101575544383596,10.61826777213431
s1,365,median_mad,394112,301445,315451,224936,0.7130616165426643,39178,27883,0.7117004441268059,39483,28208,0.7144340602284528,1.1029548103537024,10.698086626035398
s1,366,median_mad,394578,302076,315531,225265,0.713923513062108,39373,27987,0.7108170573743429,39674,28462,0.7173967837878712,1.1033647960067223,10.710215689637112
s1,367,median_mad,393581,301779,315145,225406,0.7152453632454902,39161,27918,0.712903143433518,39275,28008,0.7131253978357734,1.1037278755611115,10.675915746719351
s1,368,median_mad,395102,302386,315894,225418,0.7135874692143567,39758,28392,0.7141204285929875,39450,28003,0.7098352344740178,1.107855483604184,10.70661164947879
s1,369,median_mad,394234,301787,315070,224658,0.7130415463230393,39646,28197,0.7112192907228977,39518,28185,0.7132192924743155,1.1066080783942915,10.921730822441763
s1,370,median_mad,393529,301451,315253,225035,0.7138235004900826,39050,27801,0.7119334186939821,39226,28085,0.7159791974710651,1.108940737325034,10.675963450531572
s1,371,median_mad,393541,301259,315010,224693,0.7132884670327926,39360,28139,0.7149136178861789,39171,28015,0.7151974675142325,1.1090146625049295,10.659169796980134
s1,372,median_mad,393886,301615,314997,225004,0.714305215605228,39518,28119,0.7115491674679892,39371,28159,0.7152218638083869,1.1049028631709659,10.464361086064613
s1,373,median_mad,394152,301519,315186,224740,0.7130392847398044,39324,28075,0.7139405960736446,39642,28064,0.7079360274456384,1.1037054323572821,10.817699694128958
s1,374,median_mad,393450,300992,315184,224488,0.7122442763592061,38965,27900,0.7160272039009368,39301,28022,0.7130098470776826,1.1089389891839443,10.47854333910097
s1,375,median_mad,393624,301057,314796,224349,0.7126805931460375,39255,28030,0.7140491657113743,39573,28279,0.7146033912010714,1.1074582721840107,10.632937941548255
s1,376,median_mad,393599,300814,314748,224112,0.7120362957032292,39512,27957,0.7075571978133225,39339,28092,0.7141005109433387,1.1110403458677856,10.813084833924263
s1,377,median_mad,394401,302027,315627,225349,0.7139725055207571,39594,28277,0.7141738647269789,39180,27901,0.7121235324144972,1.1105885185370963,10.656161856588708
s1,378,median_mad,394085,301643,315277,225000,0.7136581482315552,39266,27905,0.7106657158865176,39542,28270,0.7149360173992211,1.1069296062432392,10.629186220688096
s1,379,median_mad,393183,300886,314893,224596,0.7132454516296012,39168,27833,0.7106055964052288,39122,28017,0.7161443688972956,1.1072339454673645,10.71016105196031
s1,380,median_mad,394005,301675,315033,225021,0.7142775518755178,39370,28070,0.7129794259588519,39602,28220,0.7125902732185243,1.10157215624782,10.599664440245938
s1,381,median_mad,395218,302850,316769,226479,0.7149657952640568,39446,28087,0.7120367084114992,39003,27715,0.7105863651513986,1.100590707787695,10.717898915468966
s1,382,median_mad,394186,301771,315499,225022,0.7132257154539318,39222,28029,0.7146244454642803,39465,28166,0.7136956797162042,1.0997044919216281,10.80586288647537
s1,383,median_mad,394328,302138,315489,225321,0.7141960575487576,39122,27907,0.7133326517049231,39717,28365,0.7141778079915402,1.1034178460103115,10.710132637430096
s1,384,median_mad,395270,302660,316641,226062,0.7139378665428672,39079,27817,0.7118145295427212,39550,28069,0.7097092288242731,1.1047730451393258,10.818164293456617
s1,385,median_mad,393782,301399,314951,224655,0.7133014341913504,39472,28199,0.7144051479529794,39359,27956,0.7102822734317437,1.0987501008128504,10.724831081214617
s1,386,median_mad,393984,301361,315581,224914,0.7126981662394124,39189,27953,0.7132868917298222,39214,27843,0.71002703116234,1.0987231847320496,10.996530223881129
s1,387,median_mad,393456,301544,314749,224514,0.7133112416560498,39350,28191,0.7164167725540025,39357,28256,0.7179408999669691,1.1017117109333845,10.776108354387551
s1,388,median_mad,393956,301527,315346,224828,0.7129565619985666,39323,28096,0.7144927904788546,39287,28049,0.7139511797795709,1.101492056872434,10.645359392931189
s1,389,median_mad,393711,300910,315053,224572,0.7128070515119679,39296,27878,0.7094360749185668,39362,27878,0.708246532188405,1.1034911237011955,10.666629949416569
s1,390,median_mad,393376,301099,314667,224306,0.7128361092837825,39118,27959,0.7147349046474769,39591,28235,0.7131671339445834,1.0995853438995087,10.853856162028187
s1,391,median_mad,394376,302007,315003,224654,0.7131805093919741,39739,28419,0.7151412969626815,39634,28413,0.7168844931119746,1.1013644510450253,10.673528197658477
s1,392,median_mad,392949,300837,314657,224654,0.7139647298486924,39215,27926,0.7121254621955885,39077,27923,0.7145635540087519,1.1003454607690235,10.740942783928915
s1,393,median_mad,394966,302394,316004,225548,0.7137504588549513,39309,28012,0.7126103436871963,39653,28283,0.7132625526441884,1.1004240807582462,10.730235999054713
s1,394,median_mad,392981,300720,314519,224266,0.713044362979661,39117,27878,0.7126824654242401,39345,28082,0.7137374507561317,1.0944959099457157,10.591050811685184
s1,395,median_mad,394105,301667,315167,225244,0.7146814228647035,39290,27985,0.7122677526088063,39648,28264,0.7128732849071832,1.0946537454594798,10.612294209996321
s1,396,median_mad,393778,301178,314765,224514,0.7132749829237686,39493,28225,0.7146836148178158,39520,28286,0.7157388663967611,1.0918451238142795,10.522166560244981
s1,397,median_mad,394319,301938,315284,225172,0.7141878433412415,39388,28185,0.7155732710470194,39647,28279,0.7132696042575731,1.0944980506761368,10.724827083277495
s1,398,median_mad,394802,302238,315313,224804,0.7129550636986106,39808,28402,0.7134746784565916,39681,28354,0.71454852448275,1.0964251307118271,10.80023262372987
s1,399,median_mad,393843,301931,315121,225122,0.7143985960948334,39137,27910,0.7131359071977924,39585,28475,0.7193381331312366,1.0925549051800476,10.569023452474742
s1,400,median_mad,393441,300933,315193,224944,0.7136706716202453,38928,27764,0.7132141389231401,39320,27852,0.7083418107833164,1.091698907147323,10.748091788455882
s1,401,median_mad,393773,301704,315325,225282,0.7144438277967177,39187,27951,0.7132722586572078,39261,27964,0.7122589847431293,1.0960129803936227,10.712525527849063
s1,402,median_mad,394274,302101,315162,225060,0.7141089344527576,39463,28237,0.7155310037250082,39649,28372,0.7155792075462181,1.0963926466552893,10.558545666270476
s1,403,median_mad,394797,302333,315779,225499,0.7141038511110619,39448,28133,0.7131667004664368,39570,28208,0.7128632802628254,1.0991538844477202,10.68273248128647
s1,404,median_mad,393420,301235,314128,224199,0.713718611521418,39506,28076,0.710676859211259,39786,28316,0.7117076358518072,1.1006408456627124,10.715354871524015
s1,405,median_mad,393673,301342,315155,224832,0.7134013421966968,38987,27845,0.7142124297842871,39531,28311,0.7161721180845413,1.0972374351223029,10.478974983390206
s1,406,median_mad,393420,300684,314845,224445,0.7128745890835173,39357,28082,0.7135198312879538,39218,28033,0.7147993268397165,1.0975123720163618,10.67755611066956
s1,407,median_mad,393723,301599,315469,225220,0.713921177675144,39205,27998,0.714143604132126,39049,27979,0.716510025864939,1.096922558314549,10.55301565956494
s1,408,median_mad,393676,301036,315038,224559,0.7127997257473702,39307,28047,0.7135370290279085,39331,27925,0.7099997457476291,1.0971059598886348,10.666513414796944
s1,409,median_mad,394497,301749,315295,224764,0.71286890055345,39722,28250,0.7111927898897337,39480,28199,0.7142603850050658,1.0964932608784095,10.651975312046988
s1,410,median_mad,394028,301855,315402,224981,0.7133150709253587,39255,28068,0.7150171952617501,39371,28154,0.7150948667801174,1.0955542304170427,10.724194076274161
s1,411,median_mad,394019,301723,315086,224902,0.713779729978482,39615,28265,0.713492364003534,39318,27994,0.7119894196042525,1.093449817941276,10.63314966566658
s1,412,median_mad,393752,301158,315059,224752,0.7133647983393586,39174,27745,0.7082503701434625,39519,28100,0.7110503808294745,1.09510969001508,10.68084723417222
s1,413,median_mad,394219,301926,315479,225060,0.7133913826276868,39301,28052,0.7137731864329152,39439,28131,0.7132787342478257,1.0971548823263257,10.791192659243642
s1,414,median_mad,394600,302277,315781,225434,0.713893489475301,39549,28205,0.7131659460416192,39270,28171,0.7173669467787115,1.09706396305492,10.68397888289631
s1,415,median_mad,394058,302298,315234,225351,0.7148689544909496,39483,28160,0.7132183471367424,39341,28068,0.7134541572405378,1.0965132787240806,10.853065511806227
s1,416,median_mad,392421,300540,314421,224666,0.7145387871675238,38998,27856,0.7142930406687522,39002,27793,0.7126044818214451,1.101493514181574,10.572259709257434
s1,417,median_mad,393016,300725,314476,224048,0.7124486447296455,39389,27938,0.7092843179567899,39151,27991,0.7149498097111185,1.1016692677903863,10.759602203242641
s1,418,median_mad,393654,300978,314744,224225,0.7124043667234323,39260,27946,0.7118186449312277,39650,28395,0.716141235813367,1.1024492175487386,10.489739182968824
s1,419,median_mad,393520,301326,314890,224785,0.7138524564133507,39361,28032,0.712177028022662,39269,28044,0.7141511115638289,1.104917659343743,10.78831150563194
s1,420,median_mad,394562,301970,315871,225155,0.7128068103751215,39185,27945,0.7131555442133469,39506,28175,0.7131828076747836,1.103885139440712,10.735976208195682
s1,421,median_mad,393792,301387,315361,224915,0.7131985248651546,39279,28137,0.7163369739555487,39152,27791,0.7098232529628116,1.107175028284492,10.700435619016863
s1,422,median_mad,393755,301133,314839,224427,0.7128310025123952,39458,28150,0.7134167976075827,39458,27975,0.708981702062953,1.1061034165708468,10.773331259431911
s1,423,median_mad,394239,301501,315479,224916,0.7129349338624758,39439,28033,0.7107938842262734,39321,28110,0.7148851758602274,1.1055137953021539,10.708591992686092
s1,424,median_mad,393976,301682,315086,224898,0.7137670350317056,39350,28015,0.7119440914866582,39540,28236,0.7141122913505311,1.108364080057528,10.552392045753818
s1,425,median_mad,393433,301360,314813,224623,0.7135124661306871,39354,28107,0.7142094831529197,39266,28008,0.7132888504049305,1.1046922774395642,10.72785448931132
s1,426,median_mad,393910,301455,314884,224555,0.7131356308989977,39444,28190,0.7146841091167224,39582,28220,0.7129503309585165,1.1046055044615022,10.732270023493454
s1,427,median_mad,394029,301648,315263,224906,0.7133916761560982,39433,28072,0.7118910557147566,39333,28131,0.71520097627946,1.1036839334394268,10.722600458938354
s1,428,median_mad,393719,301474,315093,225002,0.7140812395070661,39347,28014,0.711972958548301,39279,28003,0.7129254818096183,1.102497646936696,10.600454272244727
s1,429,median_mad,393993,301522,315176,224831,0.7133506358352159,39423,28192,0.7151155416888618,39394,28106,0.7134589023709195,1.1019344338392612,10.655816094625287
s1,430,median_mad,392902,301022,314188,224440,0.7143493704406279,39271,27970,0.7122303990221792,39443,28202,0.7150064650254798,1.1010159979980774,10.501005965464323
s1,431,median_mad,393270,300790,314435,224144,0.7128468522906165,39473,28074,0.7112203278190156,39362,28059,0.7128448757685077,1.0980406089646086,10.555358568263955
s1,432,median_mad,393900,301702,314674,224806,0.7144091980907225,39651,28406,0.7164005951930594,39575,28212,0.7128742893240683,1.1000401507878115,10.688823063366021
s1,433,median_mad,394856,302064,316134,225612,0.7136593975972214,39631,28149,0.7102773081678484,39091,27871,0.7129774116804379,1.1014272946622914,10.618048411520697
s1,434,median_mad,393614,301011,314655,224236,0.7126408288442898,39484,28147,0.7128710363691622,39475,28193,0.7141988600379987,1.1008973400720514,10.652283352883817
s1,435,median_mad,393765,301279,315258,224873,0.7132983143964626,39207,28038,0.7151274007192593,39300,28014,0.712824427480916,1.1001498263062959,10.624636089336654
s1,436,median_mad,392374,300655,313937,224510,0.7151434842022444,39666,28301,0.713482579539152,38771,27765,0.7161280338397256,1.0992992042363627,10.575082468419359
s1,437,median_mad,393486,301282,314458,224307,0.7133130656558269,39597,28413,0.7175543601788015,39431,28097,0.7125611828256955,1.0984024777249282,10.735838703901823
s1,438,median_mad,394475,302127,315256,225252,0.7145050371761362,39477,28136,0.7127187982876105,39742,28325,0.7127220572693875,1.100018613245881,10.587872241357887
s1,439,median_mad,392770,300664,314490,224320,0.7132818213615695,39098,27908,0.7137961021024093,39182,27995,0.714486243683324,1.0979327788067454,10.709467203151195
s1,440,median_mad,394010,301385,315004,224651,0.7131687216670265,39565,28137,0.7111588525211677,39441,28148,0.7136735883978601,1.099899264513718,10.722880080013761
s1,441,median_mad,393142,301086,314436,224499,0.7139735908102126,39419,28173,0.7147061061924452,39287,27869,0.7093695115432586,1.0999237337855823,10.729033085828283
s1,442,median_mad,393934,301660,315161,224872,0.7135146797985792,39489,28165,0.7132365975334903,39284,28005,0.7128856531921393,1.0994787638268944,10.705724379783186
s1,443,median_mad,394216,301577,315474,225172,0.7137577106195756,39287,27835,0.7085040853208441,39455,28082,0.7117475605119756,1.0973485137329648,10.716748686575453
s1,444,median_mad,394028,301785,315393,224970,0.7133005488390675,39391,28174,0.715239521718159,39244,27985,0.7131026398939966,1.0944781776710952,10.705528444339643
s1,445,median_mad,394803,302296,315800,225537,0.7141766941101964,39816,28402,0.7133313240908178,39187,27898,0.7119197693112512,1.0971824762615423,10.619004607170192
s1,446,median_mad,394391,301501,315438,224714,0.7123872203095378,39512,28222,0.7142640210568941,39441,28096,0.7123551634086357,1.0940203970916877,10.617891158498212
s1,447,median_mad,393479,300765,315065,224485,0.7125037690635265,39410,28175,0.7149200710479574,39004,27668,0.7093631422418214,1.0961300253396609,10.686139675350184
s1,448,median_mad,392831,300231,314598,224129,0.7124298310860209,39207,27986,0.7138011069451884,39026,27818,0.7128068467175729,1.095182260683505,10.592460858184767
s1,449,median_mad,394313,301989,315521,225198,0.7137337926794096,39373,27992,0.710944047951642,39419,28178,0.7148329485780969,1.0951960527526658,10.537304018107818
s1,450,median_mad,393017,301395,314546,224544,0.7138669701728841,39155,27930,0.7133188609373005,39316,28276,0.7191982907722047,1.0950098172774012,10.704828832994524
s1,451,median_mad,393373,301168,314844,224507,0.713073776219334,39342,28106,0.7144019114432413,39187,27926,0.7126342919845867,1.092885410838678,10.575516532414394
s1,452,median_mad,393099,301150,314182,224373,0.7141497603299998,39442,28064,0.7115257846965164,39475,28206,0.7145281823939202,1.0964618253215823,10.723507448009883
s1,453,median_mad,394531,302118,315496,225487,0.7147063671171743,39517,28297,0.7160715641369537,39518,28082,0.710612885267473,1.09900634085448,10.644395472580566
s1,454,median_mad,393938,301679,315213,224852,0.7133335236808127,39369,28054,0.7125911249968249,39356,28027,0.712140461429007,1.0993158717088523,10.78425177782907
s1,455,median_mad,393873,301155,315326,224584,0.71222797993188,39160,27916,0.7128702757916241,39387,28106,0.7135857008657679,1.1064235456411766,10.955152782972299
s1,456,median_mad,393214,301289,314842,224787,0.7139676409119495,39232,28023,0.7142893556280587,39140,27973,0.7146908533469596,1.1043431408606945,10.710208652561791
s1,457,median_mad,393270,301331,314333,224527,0.714296621735548,39266,27928,0.7112514643712118,39671,28464,0.7175014494214917,1.105513267940511,10.650360144996812
s1,458,median_mad,394258,301960,315093,225054,0.7142462701488133,39325,28013,0.7123458359821996,39840,28494,0.7152108433734939,1.1052791142200764,10.651299057776567
s1,459,median_mad,393871,301868,315463,225522,0.7148920792612763,39128,27956,0.7144755673686363,39280,28070,0.7146130346232179,1.1033926123654123,10.767816990397469
s1,460,median_mad,394381,302140,315291,225101,0.713946798354536,39351,28175,0.7159919697085207,39739,28403,0.7147386698205793,1.1036580793293431,10.730949030607622
s1,461,median_mad,394168,302170,315318,225340,0.714643629605668,39459,28105,0.712258293418485,39391,28119,0.7138432636896753,1.10671887321225,10.684828126081866
s1,462,median_mad,393827,301576,315082,224955,0.7139570016694067,39144,27975,0.7146689147762109,39601,28154,0.7109416428878058,1.1034479614027242,10.649001545693665
s1,463,median_mad,394318,302054,315468,225337,0.7142943182826784,39554,28177,0.7123679021085099,39296,27962,0.7115736970684039,1.1009003863769615,10.519578021796088
s1,464,median_mad,393715,301176,315276,224604,0.7124043695048148,39270,28170,0.7173414820473644,39169,27859,0.7112512446067043,1.1007110808971228,10.86160135756782
s1,465,median_mad,394011,301596,315012,224719,0.7133664749279393,39534,28268,0.7150301006728386,39465,28228,0.7152666920055746,1.1004050042487248,10.706163063233546
s1,466,median_mad,394159,301555,315643,224947,0.7126627233932006,39006,27724,0.7107624468030559,39510,28324,0.716881802075424,1.0952622799091456,10.73983642752488
s1,467,median_mad,392479,300734,314018,224150,0.7138125839920004,39222,27958,0.7128142369078578,39239,28132,0.7169397793012054,1.096407776897347,10.647135715800832
s1,468,median_mad,393876,301908,315285,225201,0.7142775583995433,39375,28011,0.7113904761904762,39216,28020,0.7145042839657283,1.092199139201411,10.642516411011107
s1,469,median_mad,393434,300890,314125,224029,0.7131842419419021,39515,28178,0.713096292547134,39794,28381,0.7131979695431472,1.094598310779035,10.565351191018154
s1,470,median_mad,394003,301556,315401,225153,0.713862670061287,39334,28162,0.7159709157471907,39268,27953,0.7118518895793012,1.0913342193169575,10.668426312466192
s1,471,median_mad,393359,301021,314710,224497,0.7133456197769374,39223,28052,0.7151926165770084,39426,28135,0.7136153807132349,1.0928906747769587,10.519639243604166
s1,472,median_mad,393980,301723,315187,224895,0.7135287940175198,39479,28238,0.7152663441323235,39314,28110,0.7150124637533704,1.0934343704863385,10.868710594497427
s1,473,median_mad,393161,301262,314363,224501,0.7141457487045231,39483,28212,0.714535369652762,39315,28143,0.7158336512781381,1.097221929039979,10.707647229549611
s1,474,median_mad,394631,301208,315897,224896,0.7119282550958066,39429,28125,0.7133074640493038,39305,27922,0.7103930797608446,1.0945156522568105,10.515788447244983
s1,475,median_mad,393267,300802,314538,224111,0.7125085045368127,39434,28206,0.7152710858649896,39295,28014,0.7129151291512915,1.0982974460463857,10.749116070182112
s1,476,median_mad,394710,302285,316048,225771,0.714356679997975,39308,27827,0.7079220514907907,39354,28076,0.7134217614473751,1.0954184978210573,10.72998905621399
s1,477,median_mad,392334,300585,313818,223947,0.7136206336156626,39171,28115,0.7177503765540834,39345,28223,0.717321133562079,1.0955639879817538,10.737587168210979
s1,478,median_mad,392872,300760,314719,224650,0.7138113682364268,39321,27883,0.7091121792426439,38832,27702,0.713380716934487,1.0956622378924097,10.704005642483981
s1,479,median_mad,393582,300812,315069,224690,0.713145374505267,39273,27952,0.7117357981310315,39240,28016,0.7139653414882773,1.0976238338412116,10.562535915611145
s1,480,median_mad,394498,302023,315438,224941,0.7131068545958318,39656,28277,0.7130572927173694,39404,28173,0.7149781748045884,1.0976337749545049,10.698143827841427
s1,481,median_mad,394141,302197,315241,225369,0.7149101798306692,39515,28148,0.7123370871820828,39385,28364,0.7201726545639203,1.0973711679815976,10.583623525753103
s1,482,median_mad,394310,301476,315287,224857,0.713181958025545,39572,28136,0.7110077832811078,39451,28138,0.7132392081316064,1.097883459850756,10.554275833870994
s1,483,median_mad,394740,302108,315359,224870,0.7130603534384622,39831,28384,0.7126107805478146,39550,28211,0.713299620733249,1.0964054300567634,10.804196761914618
s1,484,median_mad,392910,300264,314311,223805,0.7120495305604958,39595,28242,0.7132718777623437,39004,27786,0.7123884729771306,1.0997066525413586,10.625735953780138
s1,485,median_mad,393398,300591,314722,224204,0.7123874403441768,39423,28063,0.7118433401821271,39253,28031,0.7141110233612717,1.0958427309778287,10.447580790205109
s1,486,median_mad,394481,301956,315814,225256,0.713255270507324,39393,28067,0.7124869900743787,39274,27986,0.7125833885012985,1.1026800630592137,10.634263520046083
s1,487,median_mad,392614,300553,313660,223737,0.7133105910858892,39519,28137,0.71198663933804,39435,28248,0.7163179916317992,1.100080362528899,10.508004673604825
s1,488,median_mad,393391,300870,314978,224540,0.712875184933551,39393,28083,0.7128931536059706,39020,27854,0.7138390568939006,1.0994024553576673,10.558605750031743
s1,489,median_mad,394913,302517,315705,225517,0.7143282494734008,39803,28382,0.7130618295103384,39405,28118,0.7135642684938459,1.1015745457425041,10.658703684441518
s1,490,median_mad,394651,301773,315680,224555,0.7113374303091738,39727,28424,0.7154831726533591,39244,28175,0.7179441443277953,1.1039424200706884,10.582859867751642
s1,491,median_mad,394303,301448,315659,224790,0.7121292280593932,39192,27983,0.7139977546438049,39452,28092,0.7120551556321606,1.1027988324372644,10.76239364393911
s1,492,median_mad,393796,301351,315069,224838,0.7136151128800358,39375,28084,0.7132444444444445,39352,27981,0.7110439113640984,1.1010453354760503,10.784172582613394
s1,493,median_mad,393231,301047,314203,224278,0.713799677278702,39411,28064,0.7120854583745655,39617,28198,0.7117651513239266,1.102340209971204,10.555483497400523
s1,494,median_mad,393706,301618,314748,224587,0.7135454395262242,39481,28207,0.714444922874294,39477,28211,0.7146186387010158,1.097616142458314,10.756478908233602
s1,495,median_mad,393205,301118,314922,224682,0.7134528549926649,39181,27990,0.7143768663382762,39102,27931,0.7143112884251445,1.100112088551426,10.693474044483638
s1,496,median_mad,394515,301694,315858,225192,0.7129532891362574,39207,27890,0.7113525645930574,39450,28076,0.7116856780735108,1.0964173660228802,10.606663746617848
s1,497,median_mad,393155,301386,314666,224874,0.7146434632276764,38998,27749,0.711549310221037,39491,28201,0.7141120761692538,1.0985594163193735,10.83997044792326
s1,498,median_mad,394130,301646,315734,225298,0.7135690169573121,39244,27919,0.7114208541433086,39152,27887,0.7122752349816102,1.091471354125262,10.650350610276506
s1,499,median_mad,393961,301507,315314,224812,0.7129781741375264,39423,28213,0.7156482256550745,39224,27962,0.7128798694676729,1.097706424792208,10.60211685137597
s1,500,median_mad,393322,300543,314686,224353,0.7129424251476074,39306,27945,0.7109601587543887,39330,27872,0.7086702262903636,1.0998956929985517,10.596198708506655
s1,501,median_mad,393787,301617,315278,224887,0.7132974708035448,39346,28182,0.7162608651451228,39163,27838,0.7108239920332967,1.0981855633726825,10.657629480320763
s1,502,median_mad,393316,300905,314669,224311,0.7128474682920783,39312,28078,0.7142348392348392,39335,28092,0.7141731282572772,1.0969690197846484,10.667143393485569
s1,503,median_mad,393800,301356,314929,224281,0.7121636940389738,39220,27912,0.7116777154513003,39651,28356,0.7151395929484754,1.1020335588479933,10.800548062507788
s1,504,median_mad,393669,301061,315171,224722,0.7130161087155862,39250,27927,0.711515923566879,39248,27831,0.7091061964940889,1.099402706642453,10.573047461711374
s1,505,median_mad,392082,300341,313851,224050,0.7138737808705404,39183,28046,0.7157695939565628,39048,27829,0.7126869493956156,1.1004165040439648,10.569752650835998
s1,506,median_mad,393901,301507,314750,224423,0.7130198570293884,39463,28092,0.7118566758736031,39688,28202,0.7105926224551502,1.1018431824447301,10.599428178986178
s1,507,median_mad,393971,301200,315274,224427,0.711847472357378,39417,28199,0.7154019839155694,39280,27831,0.7085285132382892,1.100735598515565,10.695206388116477
s1,508,median_mad,393197,300706,314359,224038,0.712681997334258,39539,28031,0.7089455980171476,39299,28133,0.7158706328405303,1.1024366321069308,10.591782824868783
s1,509,median_mad,394145,301718,315409,224939,0.713166079598236,39458,28207,0.7148613715849764,39278,27982,0.7124089821273996,1.104464904233916,10.628412220075719
s1,510,median_mad,392859,300428,314488,224135,0.7126980997685126,39117,27954,0.7146253547051155,39254,28038,0.7142711570795333,1.1023604348695684,10.569978827800751
s1,511,median_mad,394151,301733,314834,224808,0.7140524848015144,39574,28042,0.7085965532925659,39743,28317,0.712502830687165,1.0993687453204235,10.604503764026228
s1,512,median_mad,393078,300750,314371,224184,0.7131192126500218,39172,28003,0.7148728683753701,39535,28097,0.7106867332743139,1.103212104203164,10.657648033494747
s1,513,median_mad,394284,302343,315441,225356,0.7144156910484053,39562,28194,0.7126535564430514,39281,28098,0.7153076551004303,1.0996162095089392,10.63225769545971
s1,514,median_mad,394265,301776,315201,224740,0.7130053521403803,39718,28325,0.7131527267234,39346,28049,0.7128805977735984,1.100591018527981,10.717982605778769
s1,515,median_mad,394428,301738,315319,225232,0.7142988529076904,39458,27904,0.7071823204419889,39651,28133,0.7095155229376309,1.1034752387229485,10.621943472027269
s1,516,median_mad,393422,301262,314427,224443,0.7138159254771378,39315,28161,0.716291491797024,39680,28353,0.7145413306451613,1.099777551718451,10.633281181399905
s1,517,median_mad,392448,300356,313561,223675,0.7133380745692226,39376,28078,0.7130739536773669,39511,28223,0.7143074080635773,1.1016914868828898,10.590252041484309
s1,518,median_mad,394026,301599,314734,224537,0.7134183151486653,39631,28228,0.7122706971814994,39661,28396,0.7159678273366783,1.0972063995259767,10.501294087844567
s1,519,median_mad,393687,301340,315240,225198,0.7143700038066235,38963,27777,0.7129071170084439,39484,28177,0.7136308378077196,1.1004237976514268,10.625940756487799
s1,520,median_mad,393654,301189,315068,224825,0.7135761169017482,39364,28168,0.7155776851945941,39222,27954,0.7127122533272143,1.0960453220930242,10.56004869116608
s1,521,median_mad,393256,301087,314817,224622,0.7135002239396221,39273,28004,0.7130598630102106,39166,27906,0.7125057447786345,1.1000991717711615,10.699948729960573
s1,522,median_mad,393911,301137,314985,224307,0.7121196247440355,39694,28501,0.7180178364488335,39232,28008,0.7139070146818923,1.0945842750729131,10.705239371414745
s1,523,median_mad,394946,302428,315743,225545,0.714330959039472,39484,28105,0.7118073143551819,39719,28290,0.7122535814094011,1.096977553710175,10.710924198872334
s1,524,median_mad,393563,301371,314190,224378,0.7141474903720678,40005,28569,0.7141357330333709,39368,28141,0.7148191424507214,1.0927730159207163,10.739479605440154
s1,525,median_mad,394130,302197,315027,225009,0.7142530640230838,39538,28316,0.7161717841064292,39565,28195,0.7126247946417288,1.0930885093352765,10.65686224086535
s1,526,median_mad,393673,301722,315118,225090,0.7143038480823056,39309,28121,0.7153832455671729,39246,28150,0.7172705498649544,1.0934122730787375,10.485210221304682
s1,527,median_mad,393798,301679,315098,225179,0.714631638410907,39174,27902,0.7122581303926073,39526,28159,0.7124171431462835,1.0942616848995148,10.548314937988627
s1,528,median_mad,392833,300429,314251,224170,0.7133469742339722,39096,27814,0.7114282791078371,39486,28015,0.7094919718381199,1.094816818902037,10.590099257818428
s1,529,median_mad,394483,302181,315331,224932,0.7133202888393466,39816,28459,0.7147629093831626,39336,28075,0.7137227984543421,1.0945543855679718,10.690261274956324
s1,530,median_mad,394675,302452,315753,225623,0.7145553644779306,39753,28484,0.716524539028501,39169,27978,0.7142893614848477,1.095032405550137,10.54469561695544
s1,531,median_mad,394222,302050,315673,225523,0.7144196684543815,39050,27816,0.7123175416133163,39499,28138,0.7123724651256994,1.1019028493421434,10.56749553167967
s1,532,median_mad,393742,301072,314955,224380,0.7124192344938166,39602,28340,0.715620423210949,39185,28067,0.7162689804772234,1.096869978953066,10.699737480015655
s1,533,median_mad,393254,300897,314605,224342,0.7130910188967118,39240,27992,0.7133537206931703,39409,28148,0.7142530893958233,1.0984244109529266,10.652586440318327
s1,534,median_mad,394494,301747,315389,224892,0.7130622818170577,39502,28155,0.7127487215837173,39603,28013,0.7073454031260258,1.1003492904683099,10.702511939104935
s1,535,median_mad,393003,300902,314284,224428,0.7140929859617416,39221,27903,0.7114301012212845,39498,28234,0.7148210035951187,1.0996591488356828,10.551377016925748
s1,536,median_mad,393464,300990,314749,224073,0.7119101252108824,39528,28271,0.715214531471362,39187,27948,0.7131957026564932,1.0960444231867594,10.710189973031666
s1,537,median_mad,393094,301104,314976,224875,0.713943284567713,39383,28139,0.7144961023791991,38735,27718,0.7155802246030721,1.0977750867632534,10.692459179549356
s1,538,median_mad,393361,300891,314680,224285,0.7127399262743104,39281,28028,0.713525623074769,39400,28146,0.7143654822335025,1.093062169160427,10.772110256887427
s1,539,median_mad,393439,301162,314671,224646,0.7139075415275001,39467,28089,0.7117085159753719,39301,28052,0.7137731864329152,1.0974645832774361,10.700471017381856
s1,540,median_mad,394888,302137,315794,225419,0.7138166019620386,39627,28182,0.7111817700052994,39467,28151,0.7132794486533053,1.094898828536607,10.595262854723055
s1,541,median_mad,393826,301458,314711,224502,0.713359240700198,39655,28238,0.7120917917034422,39460,28142,0.7131779016725798,1.0956968080215157,10.59997524316059
s1,542,median_mad,394297,302150,314949,224896,0.7140711670778443,39825,28532,0.7164344005021971,39523,28169,0.7127242365205071,1.0966041667462938,10.781866926169428
s1,543,median_mad,394053,301408,315126,224778,0.7132956341273015,39548,27986,0.7076464043693739,39379,28136,0.7144924960004063,1.0947354320199074,10.724217776950036
s1,544,median_mad,394231,301469,315714,225184,0.7132531341657323,39220,27884,0.710963793982662,39297,27977,0.7119372980125709,1.0949870566565174,10.769742591805674
s1,545,median_mad,394536,301655,315506,224893,0.7128010243862241,39514,28116,0.7115452750923723,39516,28071,0.7103704828423929,1.0973858809026966,10.574380951173135
s1,546,median_mad,393742,301387,315093,224837,0.713557584586138,39095,27905,0.7137741399155902,39554,28264,0.7145674268089195,1.0969053322216198,10.70661364036799
s1,547,median_mad,393643,301053,314501,224401,0.7135144244374422,39673,28240,0.7118191213167645,39469,28126,0.7126098963743698,1.09710064437104,10.616544927931908
s1,548,median_mad,393421,301070,314573,224202,0.7127185104888214,39309,28182,0.7169350530412882,39539,28308,0.7159513391840967,1.096890213549552,10.593404133028402
s1,549,median_mad,393773,301660,315124,225216,0.7146900902501873,39183,27909,0.712273179695276,39466,28207,0.7147164648051487,1.095433937495097,10.707534604793642
s1,550,median_mad,393910,301444,315530,225173,0.7136342027699426,39140,27857,0.7117271333673991,39240,27880,0.7104994903160041,1.0959677703713002,10.765956287074612
s1,551,median_mad,393922,301617,315417,225150,0.7138169470890916,39519,28070,0.7102912523090159,38986,28036,0.7191299440824912,1.0940791761037931,10.490253604660383
s1,552,median_mad,394068,301769,314839,224502,0.7130692195058427,39648,28231,0.7120409604519774,39581,28246,0.7136252242237437,1.0977573891894439,10.669198466561078
s1,553,median_mad,394113,301360,315671,225168,0.7132996062356061,39243,27953,0.7123053793033153,39199,27857,0.7106558840786755,1.0945305120040125,10.640076070353933
s1,554,median_mad,394167,301905,314997,224838,0.7137782264592996,39684,28297,0.7130581594597318,39486,28275,0.716076584105759,1.096476362282794,10.767180698269797
s1,555,median_mad,394217,301354,315244,224606,0.7124830290187918,39578,28401,0.7175956339380464,39395,28032,0.7115623810128189,1.0944450547403672,10.642252136638932
s1,556,median_mad,394148,301713,315185,224895,0.713533321699954,39339,27996,0.7116601845496835,39624,28247,0.7128760347264285,1.0968089619315005,10.623728919158706
s1,557,median_mad,393828,301198,314633,224420,0.7132754669726316,39580,28108,0.7101566447700859,39615,28114,0.7096806765114224,1.10121775784572,10.659325271841
s1,558,median_mad,394655,302153,315831,225269,0.7132580399010864,39219,27992,0.7137356893342512,39605,28292,0.7143542482009847,1.09610632178576,10.518296384915304
s1,559,median_mad,394146,301742,315288,224969,0.7135349267970871,39403,28140,0.7141588203943862,39455,28122,0.7127613737168926,1.1007396817864648,10.712435322533924
s1,560,median_mad,394374,301945,315826,225152,0.7128988746968268,39078,27905,0.7140846512103998,39470,28230,0.7152267544970864,1.0966456120049832,10.72774035502105
s1,561,median_mad,393381,300839,314602,224235,0.7127577065625775,39035,27831,0.7129755347764827,39744,28374,0.7139190821256038,1.0997453122268297,10.605505331867702
s1,562,median_mad,393293,300733,314744,224325,0.7127220852502351,39194,27884,0.7114354237893555,39355,28025,0.7121077372633718,1.094960114614751,10.716893169742544
s1,563,median_mad,392358,300456,313663,224186,0.7147352413258816,39367,28074,0.7131353671857139,39328,27995,0.7118338079739626,1.0951161453424905,10.504785730079206
s1,564,median_mad,392977,301541,314240,224818,0.7154340631364562,39331,28173,0.7163052045460324,39406,28126,0.7137491752524996,1.0950732817219766,10.736402233062131
s1,565,median_mad,392996,300502,314328,223994,0.7126123030719503,39407,28177,0.7150252493211866,39261,28027,0.7138636305748708,1.0927294708521513,10.732696601493084
s1,566,median_mad,393437,301300,314458,224246,0.7131190810855503,39646,28241,0.7123291126469253,39333,28069,0.7136246917346757,1.0892481282500202,10.607503035650227
s1,567,median_mad,395017,302645,315881,225502,0.713882759646829,39661,28360,0.7150601346410832,39475,28197,0.7143001899936668,1.0946696944130165,10.78099614106055
s1,568,median_mad,394276,301505,315064,224452,0.712401289896656,40046,28555,0.71305498676522,39166,27969,0.714114282796303,1.0957916945560089,10.611410559920149
s1,569,median_mad,393298,301208,314709,224823,0.7143837640486926,39094,27936,0.7145853583670129,39495,28182,0.7135586783137106,1.095311399747434,10.596535973445498
s1,570,median_mad,393831,301331,315009,224816,0.7136811964102613,39298,28078,0.7144892869866151,39524,28144,0.7120736767533651,1.095717288145368,10.578491323553948
s1,571,median_mad,393897,301503,315356,224847,0.7129942033765014,38963,27840,0.7145240356235403,39578,28349,0.7162817727020062,1.0950698348419912,10.703399052538828
s1,572,median_mad,393820,301641,314583,224545,0.7137861867933105,39551,28197,0.7129276124497484,39686,28310,0.7133497958977977,1.0959155176366442,10.613505468620716
s1,573,median_mad,392800,300406,314223,224266,0.7137160551582793,39660,28211,0.7113212304589006,38917,27675,0.7111288126011769,1.0978199521558094,10.567753116400477
s1,574,median_mad,393040,301713,314502,224983,0.7153627003961819,39266,28027,0.7137727295879387,39272,28214,0.7184253412100224,1.1034618797433802,10.797123450057049
s1,575,median_mad,394726,301743,315525,224695,0.7121305760240868,39544,28218,0.7135848674893789,39657,28211,0.7113750409763724,1.104235015682075,10.67755379552975
s1,576,median_mad,393009,300818,314540,224607,0.7140808800152604,39155,28021,0.7156429574766952,39314,28006,0.7123670956911025,1.1030715346001942,10.615191041570515
s1,577,median_mad,394159,301502,315162,224676,0.7128905134502256,39421,28179,0.7148220491616144,39576,28168,0.7117444916110774,1.1031835922261957,10.776974295014107
s1,578,median_mad,393787,301506,315195,225138,0.714281635178223,39387,28082,0.7129763627592861,39205,27950,0.7129192705012116,1.1061828296727807,10.573488265330283
s1,579,median_mad,393823,301231,314491,224063,0.7124623598131584,39665,28271,0.7127442329509643,39667,28207,0.7110948647490357,1.1027637916467032,10.856611674438378
s1,580,median_mad,393122,300818,314739,224464,0.7131750434486988,38978,27728,0.7113756478013238,39405,28049,0.7118132216723766,1.105338069305621,10.713914673849922
s1,581,median_mad,394098,301523,315323,224916,0.7132876447325441,39365,28075,0.7131970024133113,39410,28022,0.7110378076630297,1.1059377110518478,10.615933148772069
s1,582,median_mad,394336,301552,315880,225107,0.7126345447638344,39132,27846,0.7115915363385464,39324,28094,0.7144237615705422,1.1019081822402084,10.687151052481449
s1,583,median_mad,393844,301705,315185,224907,0.7135713945777876,39359,28066,0.7130770598846515,39300,27990,0.7122137404580152,1.1074387479230918,10.667758713311299
s1,584,median_mad,393989,301870,315064,225039,0.7142644034227966,39411,28131,0.7137854913602801,39514,28182,0.7132155691653591,1.101316606991838,10.694060089132831
s1,585,median_mad,393144,301176,314114,224365,0.7142788923766531,39524,28308,0.7162230543467261,39506,28149,0.7125246797954741,1.1007801864504279,10.409319309758574
s1,586,median_mad,393722,301560,314938,224993,0.7144041049349396,39614,28323,0.7149745039632454,39170,27979,0.7142966556037784,1.1000408203422722,10.843997698180774
s1,587,median_mad,393264,301025,314974,224606,0.7130937791690742,39162,27938,0.7133956386292835,39128,27976,0.7149867102841955,1.100517657613688,10.680783516830589
s1,588,median_mad,393444,300665,315022,224407,0.712353422935541,39063,27856,0.7131044722627551,39359,27980,0.7108920450214691,1.1067298369062983,10.64651510880313
s1,589,median_mad,393904,301641,315059,225001,0.7141551265001158,39385,28173,0.7153230925479244,39460,28013,0.709908768373036,1.1031484812525685,10.64574092101578
s1,590,median_mad,392131,300411,314081,224372,0.7143762277883731,38642,27477,0.7110656798302365,39408,28052,0.7118351603735282,1.1034845784362772,10.5886587252422
s1,591,median_mad,392510,300500,313726,224025,0.7140785271223934,39469,28086,0.7115964427778763,39315,27944,0.7107719699860104,1.1001075686594828,10.632422041907144
s1,592,median_mad,393568,301536,314515,224473,0.7137115876826224,39542,28156,0.7120530069293409,39511,28096,0.7110931133102174,1.1021537419708514,10.801267014901754
s1,593,median_mad,393701,301722,315036,225024,0.7142802727307356,39391,28211,0.7161788225736844,39274,28079,0.7149513673167999,1.1009386567654535,10.61554183608768
s1,594,median_mad,393224,300845,315292,224858,0.713173819824163,38921,27726,0.7123660748696077,39011,27752,0.7113890953833534,1.1018917556535677,10.554646969591142
s1,595,median_mad,392939,301015,314545,224609,0.7140758873929008,38996,27848,0.7141245255923685,39398,28127,0.7139194882988984,1.0988928001919431,10.711793023554614
s1,596,median_mad,393471,301182,314679,224558,0.7136097419910449,39434,28162,0.7141552974590455,39358,27966,0.7105543980893338,1.1000987721792814,10.49594040877457
s1,597,median_mad,393531,301372,314863,224864,0.7141645731635664,39325,28057,0.7134647171010807,39343,28131,0.7150191901990189,1.102859823528958,10.663728424324868
s1,598,median_mad,393333,301484,314561,224763,0.7145291374328032,39290,27939,0.7110969712395011,39482,28170,0.7134896915049896,1.0944414478401578,10.74523906349518
s1,599,median_mad,393614,301516,315072,225117,0.7144938299817185,39022,27893,0.7148019066167802,39520,28139,0.7120192307692308,1.0984825018254538,10.609382769696138
s1,600,median_mad,393047,301075,314624,224723,0.7142589249389748,39224,27926,0.711962064042423,39199,27952,0.7130794152912064,1.0985566446902142,10.61272065691975
s1,601,median_mad,394125,301712,315196,225082,0.7141017017982462,39725,28204,0.7099811202013845,39204,27917,0.712095704519947,1.0946922624786064,10.827417229540744
s1,602,median_mad,394012,301673,315122,224972,0.7139203229225506,39278,28008,0.7130709302917664,39612,28303,0.7145057053418156,1.0942873587282453,10.747415788708887
s1,603,median_mad,394062,301879,315346,225199,0.7141330475097195,39239,27970,0.7128112337215525,39477,28238,0.7153025812498417,1.0942444079439575,10.720506308837567
s1,604,median_mad,393916,301416,315020,224860,0.7137959494635261,39723,28247,0.711099363089394,39173,27961,0.7137824521992189,1.0924425672047686,10.673277282331409
s1,605,median_mad,394578,302101,316307,225820,0.7139266598589346,38858,27733,0.7137011683565804,39413,28048,0.7116433664019486,1.0953314416386262,10.89982861593987
s1,606,median_mad,393718,301000,315186,224551,0.7124396388164449,39369,28080,0.7132515430922808,39163,27922,0.7129688736817915,1.0939274105678078,10.651244069812705
s1,607,median_mad,394970,302967,316206,226073,0.7149548079416583,39482,28140,0.7127298515779342,39282,28134,0.7162058958301513,1.097419656005189,10.69823193306821
s1,608,median_mad,393884,302062,315122,225521,0.7156625053154017,39333,27950,0.7105992423664608,39429,28150,0.7139415151284587,1.0939593431916785,10.737075003503891
s1,609,median_mad,394509,302464,315739,225614,0.7145585436072199,39433,28248,0.7163543225217458,39337,28205,0.7170094313241986,1.0925329454860293,10.700713787129434
s1,610,median_mad,393655,301047,314865,224722,0.7137090499102791,39224,28006,0.7140016316540894,39566,28006,0.7078299550118788,1.094488641247255,10.702334419422517
s1,611,median_mad,393625,301372,314945,224877,0.7140199082379463,39552,28264,0.7146035598705501,39128,27883,0.7126098957268452,1.0966926862930277,10.759625547774041
s1,612,median_mad,393777,301535,315151,224793,0.7132866467185571,39305,28028,0.7130899376669635,39321,28096,0.7145291320159711,1.0927669938991196,10.861015422690913
s1,613,median_mad,394911,302982,316373,226145,0.7148049928407292,39233,28263,0.7203884484999873,39305,28051,0.7136751049484799,1.0939871670187535,10.811943815663277
s1,614,median_mad,393344,300544,314620,224193,0.7125834339838535,39400,28041,0.7117005076142132,39324,27977,0.711448479300173,1.0916052523609459,10.541448539942127
s1,615,median_mad,393117,301096,314049,224095,0.7135669911383256,39607,28281,0.7140404473956624,39461,28299,0.7171384404855426,1.0909988209296984,10.708593603935613
s1,616,median_mad,393686,301537,314569,224636,0.7141072387933967,39630,28247,0.7127681049709815,39487,28177,0.7135766201534682,1.089581552318454,10.568305141959627
s1,617,median_mad,394221,302089,315046,224975,0.7141020676345676,39928,28465,0.7129082348226808,39247,28095,0.7158508930618901,1.091693861464273,10.770245826759949
s1,618,median_mad,394229,301339,315683,225056,0.7129177054196774,39085,27803,0.7113470640910835,39461,28207,0.7148070246572565,1.0934242811993087,10.595811757776445
s1,619,median_mad,394186,301304,315372,225099,0.7137570868688407,39267,27846,0.7091450836580334,39547,28129,0.7112802488178623,1.0933820948608908,10.56420357437238
s1,620,median_mad,393900,301061,315783,224732,0.7116659224847443,39005,27822,0.7132931675426227,39112,27885,0.7129525465330333,1.0899854230483166,10.678870382092272
s1,621,median_mad,393349,300802,314618,224473,0.7134779319682917,39409,28173,0.7148874622548149,39322,28103,0.7146889781801536,1.0917529238449668,10.561384597404672
s1,622,median_mad,393521,300899,314698,224133,0.7122161564420492,39514,28145,0.7122791921850483,39309,28071,0.7141112722277341,1.0927134346693796,10.753865797121973
s1,623,median_mad,393497,300934,314784,224516,0.7132382840296838,39460,28023,0.7101621895590471,39253,28016,0.7137288869640537,1.0893326991804986,10.612230634784437
s1,624,median_mad,393783,301292,315226,224646,0.7126506062317195,39273,27989,0.7126779212181397,39284,28148,0.7165258120354343,1.0935059241337668,10.735363315798729
s1,625,median_mad,394376,302106,315116,225119,0.714400411277117,39706,28327,0.7134186269077721,39554,28331,0.7162613136471659,1.0910830683972352,10.588691622118802
s1,626,median_mad,394311,301540,315162,224760,0.7131570430445294,39593,28125,0.7103528401485111,39556,28146,0.7115481848518556,1.0962675475811852,10.697947444644178
s1,627,median_mad,394464,302178,315497,225253,0.7139624148565596,39872,28568,0.7164927768860353,39095,27946,0.7148228673743445,1.0932331771926935,10.627652756335808
s1,628,median_mad,393576,301407,314933,224819,0.7138629486271684,39222,28023,0.714471470093315,39421,28100,0.7128180411455823,1.0939094712782607,10.66028335608582
s1,629,median_mad,394367,301859,315725,225395,0.7138965872198907,39625,28242,0.7127318611987382,39017,27751,0.7112540687392676,1.0994028889173675,10.749541241318118
s1,630,median_mad,393477,301162,314781,224586,0.713467458328171,39412,28192,0.7153151324469704,39284,28098,0.7152530292230934,1.0964599199057035,10.614587393324214
s1,631,median_mad,394295,301702,315359,224991,0.7134440431381378,39524,28277,0.7154387207772492,39412,28180,0.7150106566527961,1.0975931516818564,10.542494719565612
s1,632,median_mad,393842,301687,315092,225022,0.7141469792949361,39425,28109,0.7129740012682309,39325,27929,0.7102097902097902,1.097620485483701,10.716498823406441
s1,633,median_mad,394191,301423,315069,224726,0.7132596351910216,39728,28481,0.7168999194522755,39394,28107,0.7134842869472509,1.0964319998103753,10.635849030400557
s1,634,median_mad,393221,300868,314408,224213,0.7131275285616142,39324,27984,0.7116264876411352,39489,28172,0.7134138620881765,1.0958303470862032,10.67541414996024
s1,635,median_mad,393783,301443,315296,224849,0.7131362275449101,39314,28130,0.7155211883807295,39173,27978,0.7142164245781534,1.0929168704748407,10.683791270600556
s1,636,median_mad,393111,301034,314244,224220,0.7135219765532516,39127,27924,0.7136759782247553,39740,28221,0.710140915953699,1.0975036714739728,10.739059371877767
s1,637,median_mad,394131,301814,315595,225177,0.7134998970199148,38959,27831,0.7143663851741574,39577,28254,0.7138994870758268,1.0963933956976668,10.561457781087942
s1,638,median_mad,392609,300617,314244,224199,0.7134551495016611,39349,28099,0.7140969274949808,39016,27713,0.7102983391429157,1.0969650009282241,10.679067727183483
s1,639,median_mad,393351,300895,315018,224504,0.7126703870889918,39238,27978,0.7130332840613691,39095,27891,0.7134160378565034,1.0952294849035977,10.76415964023742
s1,640,median_mad,394175,301707,315194,224828,0.7133003800833773,39726,28304,0.7124804913658561,39255,27958,0.7122150044580309,1.0952516234648477,10.70233135814225
s1,641,median_mad,394142,301796,315288,224893,0.7132938773438887,39602,28410,0.71738801070653,39252,28041,0.714383980434118,1.094687195867453,10.666809592832976
s1,642,median_mad,393824,301567,314981,224701,0.7133795371784329,39418,28109,0.7131006139327211,39425,28097,0.7126696258719087,1.0949531770697292,10.616372862482674
s1,643,median_mad,394902,302056,316112,225353,0.7128897352836969,39288,28087,0.7149002239869681,39502,28302,0.7164700521492583,1.0957582949500713,10.646341801835225
s1,644,median_mad,393091,301353,314042,224338,0.7143566784060731,39700,28520,0.7183879093198993,39349,27995,0.7114539124247122,1.0941874767405908,10.566500057223891
s1,645,median_mad,393571,300916,314801,224516,0.7131997674721491,39390,28181,0.7154353896928154,39380,27973,0.7103351955307262,1.097748600893174,10.626793351983544
s1,646,median_mad,394821,301990,316149,225220,0.7123856156432569,39533,28186,0.7129739711127413,39139,27900,0.7128439663762488,1.1018798452504486,10.677260389091005
s1,647,median_mad,394295,301991,315350,225090,0.7137783415252894,39601,28277,0.7140476250599732,39344,28049,0.7129168361122408,1.1006970397465985,10.652255441256465
s1,648,median_mad,394036,301505,315163,224544,0.7124694205855383,39588,28270,0.7141052844296252,39285,28088,0.7149802723685885,1.104566875005983,10.672108332637121
s1,649,median_mad,394185,301259,315206,224595,0.7125340253675374,39292,27944,0.7111880280973226,39687,28154,0.7094010633204828,1.1013238438078687,10.527926888094605
s1,650,median_mad,393122,300776,314377,223888,0.7121640578032108,39348,28074,0.7134797194266544,39397,28046,0.7118816153514227,1.1030293754727083,10.73205308944857
s1,651,median_mad,393088,301053,314404,224472,0.7139603821834328,39155,27877,0.7119652662495212,39529,28182,0.7129449265096511,1.100758560101336,10.731755659585865
s1,652,median_mad,392824,300692,314732,224329,0.7127619689132341,38873,27679,0.7120366321096905,39219,28089,0.7162089803411612,1.1031957807662878,10.580936982212371
s1,653,median_mad,394179,301392,315348,224625,0.7123083070132045,39428,28165,0.7143400628994623,39403,28163,0.7147425322944954,1.1039469725517317,10.679331735458279
s1,654,median_mad,394389,301582,315533,225015,0.7131266777167523,39155,27749,0.708696207380922,39701,28258,0.7117704843706708,1.102543155907207,10.70086163295929
s1,655,median_mad,394636,302190,315974,225641,0.7141125535645337,39364,28068,0.7130372929580328,39298,27984,0.7120973077510306,1.1022514696073271,10.70152440207499
s1,656,median_mad,394646,302250,315781,225578,0.7143495017116293,39305,27971,0.7116397404910316,39560,28137,0.7112487360970677,1.0959509825874525,10.698822996667802
s1,657,median_mad,393757,301461,314780,224563,0.7133966579833535,39521,28148,0.712228941575365,39456,28307,0.7174320762368208,1.0957754425104709,10.67547984724565
s1,658,median_mad,393821,301731,315233,225249,0.7145476520541948,39256,28023,0.7138526594660689,39332,27958,0.7108207057866368,1.0961059118377974,10.651202454139126
s1,659,median_mad,394141,301544,315462,224970,0.713144530878521,39170,27987,0.7145008935409752,39509,28080,0.7107241388038169,1.0965222563033161,10.719686383375949
s1,660,median_mad,393623,301370,314812,224766,0.7139689719578669,39304,28027,0.7130826378994505,39507,28030,0.7094945199584883,1.0960297759403121,10.838194230951958
s1,661,median_mad,395002,302315,316220,225810,0.7140914553159193,39296,27935,0.7108866042345277,39486,28159,0.71313883401712,1.1015303729687231,10.664873814793207
s1,662,median_mad,393019,300713,314428,224166,0.7129326904728587,39397,28099,0.7132268954488921,39194,27912,0.712149818849824,1.1002955705732977,10.691633098119057
s1,663,median_mad,393619,302008,314612,225060,0.7153573290275005,39296,28018,0.7129987785016286,39711,28487,0.717357910906298,1.1017385248877023,10.565465515219264
s1,664,median_mad,394487,302462,315404,225284,0.7142712204030387,39673,28183,0.7103823759231719,39410,28209,0.7157827962446079,1.0996298431007063,10.656072487511612
s1,665,median_mad,393896,301442,315341,224836,0.7129932358938419,39512,28022,0.7092022676655193,39043,27891,0.7143662116128371,1.102350732102781,10.83223456002988
s1,666,median_mad,393832,301429,314838,224564,0.7132684110558446,39499,28181,0.7134611002810197,39495,28273,0.7158627674389163,1.102650558424433,10.568836197660865
s1,667,median_mad,394578,301993,315332,224854,0.7130706683749192,39631,28270,0.7133304736191365,39615,28224,0.7124574024990534,1.1027887410609756,10.759089162476029
s1,668,median_mad,393150,300919,314856,224827,0.7140629367075743,39141,27906,0.7129608339081781,39153,27901,0.7126146144612162,1.1035800915224248,10.628671135568997
s1,669,median_mad,393446,300906,315041,224384,0.7122374548074695,39308,28108,0.7150707235168413,39097,27988,0.7158605519605085,1.1012456488105444,10.703722162839677
s1,670,median_mad,394112,301927,315345,225062,0.7137008673040638,39496,28133,0.7122999797447843,39271,28000,0.7129943215095108,1.0979042388498346,10.737806362834435
s1,671,median_mad,393205,300723,314300,224206,0.7133503022589882,39274,27958,0.7118704486428681,39631,28141,0.7100754459892509,1.0997699781383496,10.543700061790956
s1,672,median_mad,393528,300593,315221,224393,0.7118592987142354,39161,27888,0.7121370751512985,39146,27887,0.7123844070914014,1.0974160462693405,10.639500942624922
s1,673,median_mad,395328,302255,316083,225230,0.712566003233328,39504,28133,0.7121557310652086,39741,28272,0.7114063561561108,1.0987473386328466,10.621407847382091
s1,674,median_mad,393012,300904,314331,224494,0.7141961817319958,39229,27959,0.7127125340946748,39452,28154,0.7136266855926189,1.101873099485983,10.597374875054566
s1,675,median_mad,393120,301060,314642,224667,0.7140400836506251,39293,28017,0.7130277657598045,39185,27978,0.7139977032027561,1.0976107441828562,10.586809084616187
s1,676,median_mad,392933,300842,314148,224021,0.7131065612386518,39619,28348,0.7155152830712537,39166,27971,0.7141653474952765,1.0969561546120652,10.636186624610845
s1,677,median_mad,394094,301047,315297,224654,0.7125155012575445,39443,28126,0.7130796339020865,39354,28090,0.7137775067337501,1.0979237875368852,10.582744737966541
s1,678,median_mad,393716,301327,314976,224513,0.7127939906532561,39466,28223,0.7151218770587341,39274,28071,0.7147476702143912,1.092965896097463,10.808850947112896
s1,679,median_mad,393150,300707,314621,224285,0.7128735844079066,39299,27952,0.7112649176823838,39230,27917,0.7116237573285751,1.0950827529112472,10.846798327601554
s1,680,median_mad,393057,301109,314403,224735,0.7147991590411032,39330,28014,0.712280701754386,39324,28044,0.7131522734208117,1.0935385517039133,10.69092083032216
s1,681,median_mad,394291,301996,315517,225051,0.7132769391189698,39442,28135,0.7133258962527255,39332,28028,0.7126004271331231,1.0941842461064246,10.913273786935662
s1,682,median_mad,393638,301713,314924,225001,0.7144612668453341,39136,27988,0.715147179067866,39578,28419,0.7180504320582142,1.0954032115561676,10.541061274617837
s1,683,median_mad,393357,301385,314711,224786,0.7142616559319502,39231,28016,0.71412913257373,39415,28204,0.7155651401750602,1.0951563657223289,10.575613081800114
s1,684,median_mad,393306,301299,314597,224633,0.7140341452715696,39488,28259,0.7156351296596435,39221,28008,0.7141072384691874,1.093661792616234,10.73213649881132
s1,685,median_mad,392755,300988,314409,224439,0.7138440693491599,38914,27674,0.7111579380171661,39432,28134,0.713481436396835,1.0997582381581508,10.789467940309306
s1,686,median_mad,393814,301793,314570,224684,0.7142575579362304,39651,28307,0.7139038107487832,39593,28208,0.7124491703078827,1.1017211287563677,10.777237607773019
s1,687,median_mad,393781,301290,315236,225062,0.7139476455734751,39195,27888,0.7115193264446996,39350,27926,0.7096823379923761,1.1053113002556287,10.662162714807879
s1,688,median_mad,394173,301535,315321,224894,0.7132223987618966,39290,28114,0.7155510307966404,39562,28208,0.7130074313735403,1.0980077704204967,10.691238528283147
s1,689,median_mad,394263,302135,315405,225295,0.7143038315816173,39341,28249,0.718054955390051,39517,28153,0.7124275628210643,1.0996454569657663,10.668061125393635
s1,690,median_mad,392491,300738,314366,224589,0.7144188620906841,39092,27932,0.7145195948020056,39033,27918,0.7152409499654139,1.0997598932620964,10.602158149780966
s1,691,median_mad,393343,300741,314262,224018,0.7128383323468953,39563,28136,0.711169527083386,39518,28157,0.7125107545928437,1.1000110633552396,10.58609033043467
s1,692,median_mad,393140,300787,314287,224010,0.7127561750883746,39334,28136,0.7153099100015254,39519,28160,0.7125686378703915,1.102131034973074,10.622901082014097
s1,693,median_mad,394953,302049,316529,225486,0.7123707464402945,39104,27992,0.7158346972176759,39320,28131,0.7154374364191252,1.0973325069027535,10.681736467890305
s1,694,median_mad,394148,301657,315111,224800,0.71339940528893,39461,28198,0.7145789513697068,39576,28216,0.7129573478876087,1.0968668998503537,10.590025381267573
s1,695,median_mad,393263,300746,314696,224448,0.7132216488293465,39254,27910,0.7110103428949915,39313,27994,0.7120799735456464,1.0955947578731757,10.80645222033466
s1,696,median_mad,393973,301705,314584,224680,0.7142130559723318,39740,28395,0.7145193759436336,39649,28243,0.7123256576458422,1.0985589461897776,10.54092762718523
s1,697,median_mad,395140,302289,316219,225888,0.7143403780291507,39394,28142,0.7143727471188506,39527,28050,0.7096415108659904,1.0947239855335595,10.56853999045106
s1,698,median_mad,394000,301748,314839,224657,0.7135615346256341,39519,28228,0.7142893291834308,39642,28327,0.7145704051258766,1.1015827985667053,10.613307147466
s1,699,median_mad,393177,301205,314705,224453,0.7132171398611398,39438,28237,0.715984583396724,39034,27827,0.7128913255110929,1.1016532478606713,10.874186847877533
s1,700,median_mad,393306,301141,314446,224454,0.713807776215948,39527,28186,0.71308219697928,39333,28111,0.7146924973940457,1.1027158586284511,10.662324371934023
s1,701,median_mad,393262,301075,314514,224671,0.7143433996578848,39225,27895,0.7111536010197578,39523,28205,0.7136350985502112,1.0982415626778192,10.687817039133677
s1,702,median_mad,394192,301804,315362,225018,0.7135228721279038,39396,28094,0.7131180830541172,39434,28150,0.7138509915301516,1.0969219439042535,10.65351432669334
s1,703,median_mad,393962,301847,315719,225418,0.7139830038736978,39224,27952,0.7126249235162145,39019,27947,0.7162408057612958,1.102346890795316,10.679307138246099
s1,704,median_mad,393287,301627,314325,224784,0.7151324266284896,39629,28405,0.7167730702263494,39333,28033,0.71270942974093,1.1015046872884944,10.663914158794949
s1,705,median_mad,393128,300837,314122,224129,0.7135094008060563,39555,28147,0.7115914549361648,39451,28258,0.7162809561227852,1.1004327607974234,10.677876799593959
s1,706,median_mad,392037,300454,314038,224306,0.7142638788936371,39170,27863,0.7113352055144243,38829,27907,0.7187153931339978,1.0961041765886177,10.725038189793516
s1,707,median_mad,392356,300066,313807,223760,0.7130497407642277,39262,28058,0.7146350160460496,39287,27929,0.710896734288696,1.0969716610289526,10.5474826963155
s1,708,median_mad,393822,301093,315082,224544,0.7126525793285557,39216,27957,0.7128977968176254,39524,28059,0.7099230847080255,1.0969227276546771,10.764470742509394
s1,709,median_mad,394060,301329,314874,224388,0.7126279083061796,39476,28006,0.7094437126355254,39710,28357,0.7141022412490556,1.0975141657649161,10.574656849173138
s1,710,median_mad,394976,302340,315689,225234,0.7134680017358856,39301,28115,0.7153761990789038,39986,28630,0.7160006002100735,1.0977974992187716,10.600405615594243
s1,711,median_mad,393908,301497,315109,224905,0.7137371512714648,39769,28219,0.7095727828207901,39030,27914,0.7151934409428644,1.1008250100017365,10.705359971104482
s1,712,median_mad,394963,302734,315831,225413,0.7137139799449705,39387,28239,0.7169624495391881,39745,28465,0.7161907158133098,1.095114422157585,10.61990487902321
s1,713,median_mad,394223,301502,315059,224398,0.7122411992674388,39539,28329,0.7164824603555983,39625,28292,0.713993690851735,1.0961903753874962,10.564839911406187
s1,714,median_mad,394439,301754,315325,224927,0.7133180052326964,39442,27955,0.7087622331524771,39672,28487,0.718063117564025,1.1024658331353647,10.606685277653272
s1,715,median_mad,392967,301068,314575,224791,0.7145863466581897,38907,27820,0.7150384249620891,39485,28250,0.7154615676839307,1.101163348819277,10.615744337998168
s1,716,median_mad,393789,301365,314893,224527,0.7130263295786188,39469,28237,0.7154222301046391,39427,28222,0.7158038907347757,1.10003715807259,10.730159015021167
s1,717,median_mad,395133,302652,316414,225742,0.7134387226861011,39319,28042,0.7131920954246039,39400,28284,0.7178680203045685,1.0998297059994533,10.719984805717113
s1,718,median_mad,393494,300666,314752,224197,0.7122973007320049,39227,27895,0.7111173426466464,39515,28086,0.7107680627609768,1.0994020828027253,10.704656173150743
s1,719,median_mad,393539,301072,314643,224453,0.713357678384709,39442,28136,0.7133512499366158,39454,28156,0.7136412024129366,1.1007303951962062,10.52927801097133
s1,0,robust_mahalanobis,394205,301608,315457,227808,0.7221523060195209,39407,28473,0.72253660517167,39341,28240,0.7178261864212908,1.2978683029861884,9.81865783722264
s1,1,robust_mahalanobis,393565,301236,314611,227309,0.7225081131937535,39375,28392,0.7210666666666666,39579,28508,0.7202809570731954,1.300534901201814,9.90023392346163
s1,2,robust_mahalanobis,393194,300864,314429,226901,0.7216287301743796,39321,28355,0.7211159431347117,39444,28485,0.7221630666261029,1.29590406123322,9.797996020443978
s1,3,robust_mahalanobis,394066,301999,314860,227730,0.723273835990599,39441,28498,0.722547602748409,39765,28510,0.7169621526468,1.2990712268946283,9.832870782047046
s1,4,robust_mahalanobis,394414,302012,315619,228115,0.7227543335477269,39252,28296,0.7208804646896974,39543,28527,0.7214171914118808,1.3014082001508136,9.694387014051712
s1,5,robust_mahalanobis,393645,301566,314941,227620,0.7227385446797971,39303,28327,0.7207337862249701,39401,28406,0.7209461688789625,1.294481912496597,9.825404435365193
s1,6,robust_mahalanobis,394604,301737,316038,227992,0.7214069194210823,39230,28320,0.7218965077746623,39336,28483,0.7240949766117551,1.2958391992378286,9.884038190755804
s1,7,robust_mahalanobis,393868,301278,314931,227186,0.7213834141446857,39561,28607,0.7231111448143374,39376,28361,0.7202610727346607,1.299422445239731,9.76990985606617
s1,8,robust_mahalanobis,393563,301571,314781,227706,0.7233791111915904,39484,28578,0.7237868503697701,39298,28166,0.716728586696524,1.299425348089516,9.615693673435775
s1,9,robust_mahalanobis,394033,301264,315027,227277,0.72145244693312,39667,28562,0.7200443693750472,39339,28371,0.721192709524899,1.2941661876318484,9.684947442220956
s1,10,robust_mahalanobis,392698,300334,314157,226534,0.7210853172140045,39262,28396,0.723243849014314,39279,28389,0.7227526159016269,1.2954329427651397,9.810032472264037
s1,11,robust_mahalanobis,393584,301383,315046,227588,0.7223960945385753,39418,28507,0.7231975239738191,39120,28236,0.7217791411042945,1.293459481313981,9.696097724628798
s1,12,robust_mahalanobis,394245,301854,315389,227683,0.7219116709840864,39420,28411,0.7207255200405885,39436,28583,0.7247946039152043,1.295472577329071,9.767583278153744
s1,13,robust_mahalanobis,394344,302080,315514,227927,0.7223990060662918,39569,28646,0.72395056736334,39261,28378,0.7228038002088587,1.2948109472096958,9.807524903658726
s1,14,robust_mahalanobis,393526,301328,314477,227231,0.7225679461455051,39584,28705,0.7251667340339532,39465,28360,0.7186114278474598,1.3014069268406185,9.7026951652458
s1,15,robust_mahalanobis,393604,301483,314930,227588,0.7226621788968978,39237,28295,0.7211305655376303,39437,28459,0.7216319699774324,1.293714156088724,9.860826519000636
s1,16,robust_mahalanobis,392927,300517,314575,227194,0.7222252245092585,39156,28008,0.715292675452038,39196,28189,0.71918052862537,1.3014886965243921,9.760241706801388
s1,17,robust_mahalanobis,393857,301073,314970,227129,0.721113121884624,39544,28534,0.721575966012543,39343,28422,0.7224156775029865,1.302488286706932,9.75906939502339
s1,18,robust_mahalanobis,393003,301029,314191,227090,0.7227769095868437,39193,28326,0.722731099941316,39619,28521,0.7198818748580227,1.2975477460076166,9.799510490356646
s1,19,robust_mahalanobis,392268,300445,313114,226072,0.7220117912325862,39630,28619,0.7221549331314661,39524,28491,0.7208531525149277,1.2886725022058243,9.890174949901834
s1,20,robust_mahalanobis,393322,301310,314639,227221,0.7221641309564294,39300,28431,0.7234351145038168,39383,28511,0.723941802300485,1.2876073529187908,9.94313300888631
s1,21,robust_mahalanobis,392783,300549,314205,226731,0.7216021387310833,38922,28125,0.7225990442423308,39656,28627,0.7218831954811378,1.2963757404998988,9.797470313023796
s1,22,robust_mahalanobis,393645,301477,315027,227574,0.7223952232665771,39182,28344,0.7233933949262417,39436,28533,0.7235267268485648,1.2960037638416986,9.659187620179752
s1,23,robust_mahalanobis,394315,301676,315864,227739,0.7210033432110022,39121,28291,0.7231665857212239,39330,28537,0.72557843885075,1.2903067071665815,9.781070975424797
s1,24,robust_mahalanobis,393362,301130,314639,227109,0.7218081674554012,39294,28490,0.7250470809792844,39429,28459,0.7217783864668138,1.297159447641349,9.812418895212652
s1,25,robust_mahalanobis,393368,301064,314538,227168,0.7222275209990526,39421,28485,0.722584409324979,39409,28392,0.7204445684995813,1.2978550820878336,9.7168678935711
s1,26,robust_mahalanobis,393256,300994,314385,226989,0.722009637864402,39416,28416,0.7209255124822407,39455,28459,0.7213027499683183,1.2972807886865416,9.820137169117771
s1,27,robust_mahalanobis,394710,302243,315370,227802,0.7223324983352887,39990,28913,0.7230057514378595,39350,28487,0.7239390088945362,1.3013467529833609,9.678657700450666
s1,28,robust_mahalanobis,394720,302236,315287,227622,0.7219517455524649,39694,28806,0.7257016173729027,39739,28623,0.7202747930244847,1.297907715500732,9.76147556453744
s1,29,robust_mahalanobis,395022,302172,316030,228091,0.7217384425529222,39497,28552,0.7228903461022356,39495,28402,0.7191290036713508,1.299934736154606,9.806281029899747
s1,30,robust_mahalanobis,392390,300210,313612,226412,0.7219494152009489,39478,28421,0.7199199554182076,39300,28278,0.7195419847328244,1.293778389422882,9.698249969802651
s1,31,robust_mahalanobis,394207,301582,315043,227411,0.7218411454944246,39563,28332,0.7161236508859288,39601,28596,0.7221029771975456,1.2944333964909371,9.950625963917908
s1,32,robust_mahalanobis,394943,302527,316153,228467,0.7226469462570337,39351,28480,0.7237427257248863,39439,28324,0.7181723674535359,1.2964836830757258,9.769609578739257
s1,33,robust_mahalanobis,394513,302008,315871,228121,0.7221967195469037,39428,28372,0.7195901389875216,39214,28440,0.7252511858009895,1.2949952000351308,9.76058549395117
s1,34,robust_mahalanobis,393308,301567,314452,227402,0.7231691959345147,39472,28552,0.7233481961897041,39384,28516,0.7240503757871217,1.2952622691758393,9.828119295511272
s1,35,robust_mahalanobis,394434,301588,315067,227431,0.7218496383308947,39628,28572,0.7210053497527001,39739,28535,0.7180603437429226,1.297688697102882,9.813044668113868
s1,36,robust_mahalanobis,394506,301741,315718,227594,0.7208774919390089,39376,28448,0.7224705404307192,39412,28489,0.722850908352786,1.2903568148252513,9.744647934957305
s1,37,robust_mahalanobis,393274,300934,314192,226886,0.722125324642257,39441,28373,0.7193783119089272,39641,28552,0.7202643727453899,1.2944181674327098,9.620411829929118
s1,38,robust_mahalanobis,395027,302389,315919,228059,0.7218907378157059,39705,28592,0.720110817277421,39403,28547,0.7244879831484913,1.2965188354993358,9.701553269659495
s1,39,robust_mahalanobis,394535,302272,315645,227800,0.7216968429723265,39369,28563,0.7255200792501715,39521,28663,0.7252599883606184,1.2929667331255001,9.711955802793423
s1,40,robust_mahalanobis,393876,301519,315185,227504,0.7218109998889541,39258,28465,0.7250751439197106,39433,28489,0.7224659549108614,1.2947501521594753,9.704332631145636
s1,41,robust_mahalanobis,394964,302246,316077,228049,0.721498242516855,39524,28527,0.7217639914988362,39363,28541,0.7250717679038691,1.2986883425559674,9.940179063229342
s1,42,robust_mahalanobis,394342,302539,315290,228242,0.7239113197373847,39259,28404,0.7235028910568277,39793,28629,0.7194481441459554,1.2999334306760555,9.605222911269433
s1,43,robust_mahalanobis,394480,302005,315550,227941,0.7223609570591032,39534,28609,0.7236555875954874,39396,28345,0.7194892882526145,1.2953678009203724,9.653318906441967
s1,44,robust_mahalanobis,393736,301774,315078,227766,0.7228876659112982,39358,28454,0.7229534021037655,39300,28407,0.722824427480916,1.2966115506794025,9.681989286979364
s1,45,robust_mahalanobis,392925,301224,314589,227584,0.7234327964423423,39383,28544,0.7247797272935023,38953,28047,0.7200215644494647,1.2947162105209817,9.738997780289864
s1,46,robust_mahalanobis,393878,301126,315010,227425,0.7219612075807117,39545,28408,0.7183714755342016,39323,28198,0.7170866922666124,1.298474200757254,9.680061035036857
s1,47,robust_mahalanobis,393299,300655,315062,227063,0.7206930699354412,39016,28270,0.7245745335247078,39221,28315,0.7219346778511512,1.2936093000663236,9.756974626581224
s1,48,robust_mahalanobis,393527,301290,314904,227384,0.7220740289103981,38983,28152,0.7221609419490547,39640,28769,0.7257568113017154,1.2949286550035466,9.835287054765727
s1,49,robust_mahalanobis,393587,301117,315024,227477,0.7220941896490426,39225,28208,0.7191332058636074,39338,28296,0.7193044892978799,1.296689327258845,9.772717589770927
s1,50,robust_mahalanobis,394368,301338,315739,227478,0.7204621538675932,39394,28504,0.723561963750825,39235,28285,0.7209124506180706,1.2940719199152708,9.867605959492106
s1,51,robust_mahalanobis,393196,300606,314756,227054,0.7213651209190611,39215,28191,0.7188830804539079,39225,28167,0.7180879541108987,1.2986298922453794,9.688294814354242
s1,52,robust_mahalanobis,394479,301717,316116,228220,0.7219501701906895,39030,28058,0.7188829105816039,39333,28288,0.7191925355299621,1.2993257782753311,9.73339984827207
s1,53,robust_mahalanobis,394022,301560,315450,227684,0.7217752417181804,39190,28346,0.7232967593773922,39382,28460,0.7226651769844091,1.2963402218771267,9.878175904754382
s1,54,robust_mahalanobis,393829,301151,314942,227213,0.7214439484095484,39517,28400,0.7186780373004024,39370,28400,0.7213614427228855,1.2970551784752375,9.603518845552559
s1,55,robust_mahalanobis,393842,301282,315210,227565,0.7219472732464072,39211,28200,0.719185942720155,39421,28358,0.719362776185282,1.2936625531931294,9.717010093783076
s1,56,robust_mahalanobis,393687,301161,315248,227630,0.7220664365832614,39232,28270,0.7205852365415987,39207,28180,0.7187492029484531,1.2998939140734511,9.750661761603798
s1,57,robust_mahalanobis,393994,301288,315461,227327,0.720618396568831,39227,28300,0.7214418640222295,39306,28384,0.7221289370579556,1.2907126058094367,9.781509175196435
s1,58,robust_mahalanobis,394235,302005,315789,228049,0.7221562499010415,39099,28245,0.7223969922504412,39347,28524,0.7249345566371007,1.2960520104094186,9.782226003062977
s1,59,robust_mahalanobis,395434,302761,316573,228708,0.7224494824258544,39231,28240,0.7198389029084142,39630,28642,0.7227353015392379,1.3023268973658755,9.801062442898836
s1,60,robust_mahalanobis,394284,301347,315212,227075,0.7203881831909953,39630,28575,0.7210446631339894,39442,28400,0.7200446224836469,1.2958423003082722,9.75952805517105
s1,61,robust_mahalanobis,393258,301285,314499,227302,0.7227431565760145,39437,28474,0.7220123234525953,39322,28376,0.7216316565790143,1.2993652391371435,9.884341789397244
s1,62,robust_mahalanobis,393116,301604,314235,227317,0.723398093783315,39381,28447,0.7223534191615246,39500,28621,0.7245822784810126,1.292739696433527,9.951348945458784
s1,63,robust_mahalanobis,394226,301121,315320,227003,0.7199131041481669,39379,28450,0.7224662891388811,39527,28565,0.7226705796038151,1.295009475038441,9.736997766193188
s1,64,robust_mahalanobis,393834,301538,314521,227164,0.7222538399661708,39448,28564,0.724092476171162,39865,28855,0.7238178853631004,1.2981169569964472,9.794308885198697
s1,65,robust_mahalanobis,394053,301499,315239,227522,0.7217444542077598,39524,28693,0.7259639712579699,39290,28291,0.7200559938915755,1.2970719923769622,9.838976852335025
s1,66,robust_mahalanobis,394892,302397,315811,228249,0.7227392332755984,39516,28519,0.7217076627188986,39565,28542,0.7213951725009478,1.296534024891601,9.804925589600959
s1,67,robust_mahalanobis,393027,300505,314174,226632,0.7213582282429482,39396,28350,0.7196162046908315,39457,28397,0.719694857693185,1.2916518544820272,9.715668684329922
s1,68,robust_mahalanobis,393084,299978,314485,226384,0.719856272954195,39394,28357,0.7198304310301061,39205,28192,0.7190919525570718,1.2984319880864388,9.788675177325542
s1,69,robust_mahalanobis,393568,301129,314774,227246,0.7219338318920877,39302,28436,0.7235255203297543,39492,28424,0.7197407069786286,1.2940999528116977,9.870681788494597
s1,70,robust_mahalanobis,394063,301366,315009,227258,0.7214333558723719,39512,28479,0.7207683741648107,39542,28442,0.7192858226695665,1.2963664742544325,10.028629313967405
s1,71,robust_mahalanobis,393824,301731,314639,227508,0.723076287427814,39600,28509,0.7199242424242425,39585,28717,0.7254515599343185,1.2990449893542837,9.851485703075348
s1,72,robust_mahalanobis,393557,301209,314570,227122,0.7220078201990018,39324,28358,0.7211372190011189,39663,28571,0.7203438973350478,1.2980161798898364,9.773157328510818
s1,73,robust_mahalanobis,393913,301577,314901,227392,0.7221063127776667,39598,28613,0.7225869993434012,39414,28443,0.7216471304612574,1.2974130811554065,9.9025541629498
s1,74,robust_mahalanobis,394431,301867,315186,227750,0.7225892012970119,39375,28144,0.7147682539682539,39870,28799,0.7223225482819162,1.2972346836962014,9.806619326883002
s1,75,robust_mahalanobis,393490,300551,314943,227089,0.7210479356581985,39280,28168,0.7171079429735234,39267,28344,0.7218274887309954,1.2952150848298123,9.832061718854646
s1,76,robust_mahalanobis,394956,302061,316227,227981,0.7209409696199249,39459,28474,0.72160977216858,39270,28389,0.7229182582123759,1.2908423308852657,9.73298695439639
s1,77,robust_mahalanobis,394437,301515,315528,227588,0.7212925635759743,39273,28297,0.7205204593486619,39636,28514,0.7193965082248461,1.2962472230181439,9.912979638482483
s1,78,robust_mahalanobis,394493,301750,315067,227521,0.7221352918585571,39784,28687,0.7210687713653731,39642,28481,0.7184551738055598,1.3020842227567002,9.694029218390044
s1,79,robust_mahalanobis,392978,300862,314014,226684,0.7218913806390798,39311,28348,0.7211213146447559,39653,28653,0.7225934986003582,1.2978129950024424,9.796808665172138
s1,80,robust_mahalanobis,392733,300526,314305,226906,0.7219293361543724,39297,28368,0.7218871669593099,39131,28378,0.7252050803710614,1.3037934390600696,9.605449040010726
s1,81,robust_mahalanobis,393444,301311,314750,227518,0.7228530579825259,39514,28445,0.7198714379713519,39180,28302,0.7223583460949464,1.3018962637665255,9.910828760563087
s1,82,robust_mahalanobis,393487,301332,314447,227043,0.7220390081635379,39528,28545,0.7221463266545234,39512,28569,0.7230461631909293,1.2958803393828793,9.788373319715795
s1,83,robust_mahalanobis,393978,302273,314804,227843,0.7237614515698657,39882,28834,0.7229827992578105,39292,28471,0.7246004275679527,1.2982970786211059,9.810361581488948
s1,84,robust_mahalanobis,394787,302195,315513,227770,0.7219036933501948,39545,28636,0.7241370590466557,39729,28714,0.7227466082710363,1.302172048215934,9.629005073108086
s1,85,robust_mahalanobis,392409,300600,314054,226967,0.7227005546816789,39191,28418,0.7251154601821846,39164,28254,0.7214278418956184,1.301149817105661,9.853767298975884
s1,86,robust_mahalanobis,393591,301269,314736,227266,0.7220845406944233,39521,28515,0.7215151438475748,39334,28422,0.722580973203844,1.2964635557375104,9.934523033720213
s1,87,robust_mahalanobis,393228,301061,314585,227175,0.7221418694470493,39418,28485,0.722639403318281,39225,28361,0.7230337794773741,1.2932076717345375,9.754574059094205
s1,88,robust_mahalanobis,393595,301155,314761,227152,0.7216650093245351,39588,28552,0.7212286551480247,39246,28375,0.723003618203129,1.301736301210146,9.74190256308094
s1,89,robust_mahalanobis,394519,302107,315100,227661,0.7225039669946048,39788,28677,0.7207449482255956,39631,28647,0.7228432287855466,1.295258763231873,9.685956332724901
s1,90,robust_mahalanobis,394044,301683,314636,227424,0.7228162066642088,39772,28649,0.7203308860504878,39636,28615,0.7219446967403371,1.3023971864262496,9.659011451797165
s1,91,robust_mahalanobis,393255,301337,314410,227348,0.723094049171464,39522,28503,0.7211932594504327,39323,28433,0.7230628385423289,1.302857530130795,9.755650673568113
s1,92,robust_mahalanobis,393888,301377,314753,227445,0.7226142403726097,39577,28464,0.7192055992116634,39558,28436,0.7188432175539714,1.298636551551043,9.756738703957186
s1,93,robust_mahalanobis,393536,301012,314895,227444,0.7222852061798377,39549,28396,0.7179953981137324,39092,28137,0.7197636345032231,1.304316727261377,9.71445562900682
s1,94,robust_mahalanobis,395019,302434,316327,228600,0.7226698953930585,39417,28466,0.7221757109876449,39275,28332,0.7213749204328453,1.2948636404803286,9.875756822930347
s1,95,robust_mahalanobis,393811,301822,315085,227845,0.7231223320691242,39496,28639,0.7251114036864492,39230,28329,0.7221259240377262,1.3015121422458535,9.589247907920532
s1,96,robust_mahalanobis,394303,301457,315410,227516,0.7213341365207191,39714,28490,0.7173792617213074,39179,28387,0.7245463130758825,1.300940995358358,9.83613349145738
s1,97,robust_mahalanobis,393943,301256,315210,227707,0.7223977665683196,39356,28265,0.7181878239658502,39377,28266,0.717830205449882,1.3001395973408938,9.77873372524089
s1,98,robust_mahalanobis,392797,300796,313803,226706,0.7224468854663595,39379,28423,0.7217806445059549,39615,28643,0.723034204215575,1.2999594930836817,9.9610888913826
s1,99,robust_mahalanobis,394302,301590,315088,227524,0.7220966841009496,39781,28659,0.7204192956436489,39433,28403,0.7202850404483554,1.3011851848045284,9.74822033215898
s1,100,robust_mahalanobis,393334,300622,314991,226901,0.7203412160982378,39046,28229,0.722967781590944,39297,28362,0.7217344835483624,1.2949372964519394,9.835297639871134
s1,101,robust_mahalanobis,394453,301713,315801,227867,0.721552496667205,39346,28320,0.7197682102373811,39306,28539,0.726072355365593,1.2998040796519554,9.675106048161409
s1,102,robust_mahalanobis,394104,301410,315497,227863,0.7222350767202224,39229,28092,0.7161028830711973,39378,28382,0.7207577835339529,1.2925481305276256,9.849789205937801
s1,103,robust_mahalanobis,393306,300616,314877,227103,0.72124353318915,39334,28205,0.7170641175573296,39095,28134,0.7196316664535107,1.2989825217569415,9.84048762428159
s1,104,robust_mahalanobis,393471,301218,314732,227317,0.7222557604565154,39335,28503,0.7246218380577094,39404,28267,0.7173637194193483,1.2979022918709187,9.74658798957982
s1,105,robust_mahalanobis,393655,301738,314424,227389,0.7231922499554742,39561,28618,0.7233891964308283,39670,28681,0.722989664734056,1.2960186394591182,9.733639483078187
s1,106,robust_mahalanobis,394879,302392,315811,228124,0.7223434269230647,39868,28992,0.7271997592053777,39200,28209,0.7196173469387755,1.2970789051173806,9.760676458232979
s1,107,robust_mahalanobis,392554,300194,314136,226604,0.7213563552092087,39146,28300,0.7229346548817248,39272,28369,0.7223721735587696,1.2973489146339825,9.745914020683825
s1,108,robust_mahalanobis,394263,301701,315470,227757,0.721960883760738,39257,28343,0.721985887867132,39536,28503,0.7209378794010523,1.300613000178628,9.921187140205065
s1,109,robust_mahalanobis,394375,301969,315684,228113,0.722599181459941,39283,28339,0.721406206246977,39408,28486,0.7228481526593585,1.2979755205141854,9.748789360200908
s1,110,robust_mahalanobis,394579,301962,316121,228324,0.7222677392517423,39047,28275,0.7241273337260224,39411,28291,0.7178452716246733,1.2964829870963,9.772131553074102
s1,111,robust_mahalanobis,394304,301812,315412,227637,0.7217131878305201,39650,28640,0.7223203026481715,39242,28401,0.7237398705468631,1.2966851821118954,9.666297676078916
s1,112,robust_mahalanobis,393757,301542,315248,227740,0.7224153682180379,39385,28537,0.7245651897930684,39124,28215,0.7211685921684899,1.2963571280695245,9.882535933238431
s1,113,robust_mahalanobis,393641,300830,314879,226998,0.7209054906805471,39444,28483,0.7221123618294291,39318,28303,0.7198484154840022,1.303106591274096,9.779323925345857
s1,114,robust_mahalanobis,393050,300293,314735,226896,0.7209112427915548,38979,27880,0.715256933220452,39336,28448,0.723205206426683,1.2978213505543104,9.988700093391282
s1,115,robust_mahalanobis,393554,301305,314769,227255,0.7219738919652189,39477,28477,0.7213567393672264,39308,28357,0.7214053118957973,1.2956288604519524,9.933540360076343
s1,116,robust_mahalanobis,394160,301508,315426,227680,0.7218174785845174,39521,28374,0.7179474203587966,39213,28461,0.7258052176574096,1.2971545204006443,9.928888872159826
s1,117,robust_mahalanobis,394692,302103,315996,228361,0.7226705401334194,39608,28536,0.7204605130276712,39088,28247,0.7226514531313958,1.2950614435502528,9.842447864626784
s1,118,robust_mahalanobis,394225,301506,315294,227587,0.7218247096360857,39501,28403,0.71904508746614,39430,28414,0.7206188181587624,1.295204143662653,9.826079412218213
s1,119,robust_mahalanobis,394227,301508,315499,227560,0.7212701149607448,39238,28354,0.7226158315918243,39490,28446,0.7203342618384401,1.2917581444700614,9.848501557002631
s1,120,robust_mahalanobis,394301,302338,315748,228603,0.7240045859356196,39179,28198,0.7197223002118481,39374,28371,0.7205516330573475,1.2941638417730557,9.93545924445914
s1,121,robust_mahalanobis,393458,300982,314625,226917,0.7212300357568534,39687,28685,0.7227807594426386,39146,28248,0.7216062943851224,1.2927110649340627,9.71290227760345
s1,122,robust_mahalanobis,394805,302500,315423,228156,0.723333428443709,39806,28647,0.7196653770788324,39576,28432,0.7184152011319992,1.2945736121116718,9.951177911872222
s1,123,robust_mahalanobis,394198,301615,315570,227780,0.7218049877998542,39102,28250,0.7224694389033809,39526,28503,0.721120275261853,1.2994537857596462,9.929034573932507
s1,124,robust_mahalanobis,393461,301015,314570,226984,0.7215691261086563,39618,28657,0.7233328285122924,39273,28212,0.7183561225269269,1.2941505539748768,9.815512361071375
s1,125,robust_mahalanobis,393363,300748,314916,227091,0.7211161071523835,39216,28326,0.7223072215422277,39231,28210,0.7190742015243048,1.297201192724668,9.651328872637158
s1,126,robust_mahalanobis,393370,301403,314368,227077,0.722328608509772,39563,28660,0.724414225412633,39439,28362,0.7191358807271989,1.2901958651316539,9.82194247835284
s1,127,robust_mahalanobis,393841,301730,315214,227682,0.7223092882930326,38925,28124,0.7225176621708413,39702,28740,0.7238930028713919,1.295936268345888,9.776082387725777
s1,128,robust_mahalanobis,393203,300788,314396,226799,0.7213800430030917,39447,28422,0.7205110654802647,39360,28414,0.7219004065040651,1.293759824105234,9.856401764837235
s1,129,robust_mahalanobis,394103,301591,315329,227668,0.7220014651364131,39365,28600,0.7265337228502476,39409,28225,0.7162069578015174,1.294615855745077,9.778527202331684
s1,130,robust_mahalanobis,392990,300524,314493,227106,0.7221337199874083,39246,28257,0.7199969423635529,39251,28162,0.7174849048431887,1.2948130315295778,9.92471923343745
s1,131,robust_mahalanobis,394193,302269,315430,228212,0.7234949117078274,39616,28686,0.7241013731825525,39147,28186,0.7200040871586584,1.292051309563035,9.831280894476716
s1,132,robust_mahalanobis,393818,301056,315260,227159,0.72054494702785,39430,28357,0.7191732183616536,39128,28396,0.7257207115109384,1.2944478614808579,9.797235492436917
s1,133,robust_mahalanobis,394789,301908,315297,227342,0.7210407964554055,39745,28516,0.7174738960875582,39747,28799,0.7245578282637684,1.297938800678478,9.861855704835914
s1,134,robust_mahalanobis,393679,301047,315028,227270,0.7214279365643689,39245,28206,0.7187157599694228,39406,28409,0.7209308227173526,1.2954594304513734,9.87678952423022
s1,135,robust_mahalanobis,393524,301185,314514,227092,0.7220409902261903,39603,28542,0.7207029770471934,39407,28320,0.7186540462354404,1.2960029900283703,9.789791393219856
s1,136,robust_mahalanobis,394614,302310,315836,228178,0.7224572246355704,39346,28483,0.7239109439333096,39432,28390,0.7199736254818422,1.2935663520592862,9.693042970055743
s1,137,robust_mahalanobis,393679,301570,315047,227481,0.7220541696953153,39413,28563,0.7247101210260574,39219,28378,0.7235778576710268,1.2926026765933296,9.781567133884126
s1,138,robust_mahalanobis,394970,302399,315769,227969,0.7219486396701386,39557,28643,0.7240943448694289,39644,28683,0.7235142770658863,1.2957755203017542,9.803200577809562
s1,139,robust_mahalanobis,392780,300908,314268,226958,0.7221797955884787,39240,28319,0.7216870540265036,39272,28440,0.7241800774088409,1.2928151519070026,9.759379757679001
s1,140,robust_mahalanobis,392378,300824,314186,227424,0.7238514765139121,39140,28211,0.7207715891670925,39052,28061,0.7185547475161324,1.2965375729616309,9.531044684341085
s1,141,robust_mahalanobis,394470,301912,315623,227676,0.7213542739280724,39406,28299,0.7181393696391413,39441,28516,0.7230039806292944,1.2901562625967904,9.77596082919744
s1,142,robust_mahalanobis,393559,301635,315020,227683,0.72275728525173,39488,28376,0.7185980551053485,39051,28367,0.7264090548257407,1.3007495901377872,9.744217931678183
s1,143,robust_mahalanobis,393970,301657,315286,227726,0.7222838946226601,39248,28354,0.7224317162657969,39436,28369,0.7193680900699868,1.2964111838228383,9.853971483571092
s1,144,robust_mahalanobis,394464,301620,315297,227388,0.7211866906440594,39526,28417,0.7189444922329605,39641,28577,0.7208950329204611,1.294836055305756,9.553236513541282
s1,145,robust_mahalanobis,395145,302318,315617,227602,0.7211335257606529,39667,28722,0.7240779489247989,39861,28747,0.7211811043375731,1.2935482472318207,9.749910119656496
s1,146,robust_mahalanobis,394204,301065,315548,227274,0.7202517525067501,39130,28169,0.7198824431382571,39526,28364,0.717603602691899,1.2886825613765536,9.839912331043337
s1,147,robust_mahalanobis,394546,302225,315974,228155,0.7220689044035269,39486,28471,0.721040368738287,39086,28159,0.720436985109758,1.2872347066449479,9.785023713745963
s1,148,robust_mahalanobis,394400,301762,315458,227620,0.7215540579094523,39449,28499,0.7224264239904687,39493,28368,0.7183045096599397,1.2887305532209943,9.982174969911089
s1,149,robust_mahalanobis,393718,300938,315072,227075,0.7207082825512898,39254,28442,0.724563101849493,39392,28446,0.7221263200649878,1.2957201265880738,9.748245429388716
s1,150,robust_mahalanobis,392871,300741,314278,227076,0.7225322803377902,39002,28057,0.7193733654684376,39591,28611,0.722664241873153,1.295933321974235,9.925630888171858
s1,151,robust_mahalanobis,393769,301741,314561,227453,0.7230807379172879,39640,28611,0.7217709384460141,39568,28558,0.7217448443186413,1.2971674219347449,9.66782952680506
s1,152,robust_mahalanobis,393626,301448,315154,227547,0.7220184417776706,39161,28257,0.721559715022599,39311,28329,0.7206379893668439,1.2916705088300402,9.780077631101742
s1,153,robust_mahalanobis,393706,301370,314923,227258,0.721630366788072,39213,28337,0.7226430010455717,39570,28597,0.7226939600707607,1.291559602130007,10.006369010315595
s1,154,robust_mahalanobis,392873,300593,314250,226891,0.7220079554494829,39455,28384,0.719401850209099,39168,28253,0.721328635620915,1.2907255177072987,9.785506206101136
s1,155,robust_mahalanobis,394210,302008,314753,227536,0.7229033559648359,39533,28529,0.7216502668656566,39924,28800,0.721370604147881,1.3030635476738832,9.811279930826677
s1,156,robust_mahalanobis,394181,301783,315114,227658,0.7224623469601478,39615,28414,0.7172535655685978,39452,28375,0.7192284294839298,1.300432573044564,9.842896413462691
s1,157,robust_mahalanobis,394775,302389,315489,228078,0.7229348725312135,39492,28404,0.7192342752962625,39794,28717,0.7216414534854501,1.3007429913825748,9.705738121415548
s1,158,robust_mahalanobis,393716,301550,314332,227304,0.723133502156955,39688,28645,0.72175468655513,39696,28494,0.7178053204353083,1.302888634632139,9.866859894557663
s1,159,robust_mahalanobis,393196,300780,314737,227031,0.7213355913032151,39065,28188,0.7215666197363368,39394,28380,0.7204142762857287,1.2966402024897716,9.862767016894686
s1,160,robust_mahalanobis,393602,301202,315386,227688,0.7219343915075495,39055,28128,0.7202150812956087,39161,28221,0.7206404330839355,1.299508787107301,9.703214188210938
s1,161,robust_mahalanobis,393894,301279,315407,227588,0.7215692739856756,39449,28323,0.7179649674262972,39038,28406,0.7276499820687535,1.2944349645845077,9.90466851429372
s1,162,robust_mahalanobis,394009,301597,315060,227585,0.7223544721640323,39390,28291,0.7182279766438182,39559,28434,0.7187744887383402,1.2961150216502966,9.864671303765258
s1,163,robust_mahalanobis,393861,301661,315277,227600,0.7219048646111198,39208,28288,0.7214854111405835,39376,28618,0.7267878911011784,1.295658382095793,9.593977398829837
s1,164,robust_mahalanobis,393905,301369,315198,227699,0.7223998883241645,39453,28427,0.7205282234557575,39254,28331,0.7217353645488358,1.3004159168452056,9.863620114756003
s1,165,robust_mahalanobis,394618,301999,315494,227688,0.7216872587117346,39537,28563,0.7224372107140147,39587,28629,0.7231919569555663,1.3011795098179348,9.80612383755525
s1,166,robust_mahalanobis,394980,302456,315945,228247,0.7224263716786149,39484,28500,0.7218113666295208,39551,28619,0.7235973805972036,1.2953860276858533,10.021970902335756
s1,167,robust_mahalanobis,393784,301479,314930,227587,0.722659003588099,39356,28355,0.7204746417318834,39498,28393,0.7188465238746266,1.2917079841774994,9.992532773297174
s1,168,robust_mahalanobis,394000,301859,315563,227875,0.7221220485291369,39217,28371,0.7234362648851264,39220,28431,0.7249107598164202,1.2959877394594643,9.949253457914015
s1,169,robust_mahalanobis,394237,301748,315570,227715,0.7215990113128624,39399,28376,0.7202213254143506,39268,28397,0.7231588061525924,1.2911852984946985,9.87205663070517
s1,170,robust_mahalanobis,393681,301685,314934,227610,0.7227228562174932,39453,28603,0.7249892276886422,39294,28285,0.7198299994910164,1.2943398808706146,9.944591953168503
s1,171,robust_mahalanobis,392939,300863,314540,227268,0.7225408533095949,39437,28551,0.7239648046250983,38962,27986,0.7182896155228171,1.29325060506168,9.748823969076014
s1,172,robust_mahalanobis,393858,301218,315400,227503,0.7213157894736842,39134,28258,0.7220830990954158,39324,28401,0.7222306988098871,1.2946591486042376,9.708777966334369
s1,173,robust_mahalanobis,393173,300773,314145,226628,0.7214120867752153,39350,28349,0.7204320203303685,39678,28679,0.7227934875749786,1.2911190798139827,9.86168865236865
s1,174,robust_mahalanobis,393881,301332,314760,227206,0.7218388613546829,39548,28615,0.7235511277435016,39573,28616,0.7231192985116115,1.2954460893442252,9.82549376228779
s1,175,robust_mahalanobis,393289,301068,314124,226799,0.7220046860475481,39668,28666,0.7226479782192196,39497,28523,0.7221561131225156,1.2981720296933021,9.72325140144797
s1,176,robust_mahalanobis,394677,301423,315513,227528,0.7211366885041187,39453,28322,0.7178668288850024,39711,28599,0.7201782881317519,1.299615546588245,9.685056748606845
s1,177,robust_mahalanobis,392772,300253,314345,226716,0.7212330401310661,39129,28183,0.7202586317053847,39298,28298,0.7200875362613873,1.3021673210174796,9.647648911236944
s1,178,robust_mahalanobis,392890,300863,313990,226911,0.7226695117678907,39617,28583,0.7214832016558548,39283,28400,0.7229590408064557,1.298514917715131,9.792135806237566
s1,179,robust_mahalanobis,393053,301085,314463,227357,0.7230007981861141,39295,28397,0.7226619162743352,39295,28274,0.7195317470416084,1.306422445210069,9.797145530860746
s1,180,robust_mahalanobis,393272,301365,314544,227398,0.7229449615951982,39245,28306,0.721263855268187,39483,28560,0.723349289567662,1.2985107852119135,9.70784044334323
s1,181,robust_mahalanobis,394206,301493,315550,227588,0.7212422753921724,39167,28197,0.7199172772997676,39489,28562,0.7232900301349743,1.2991977234711443,9.749448665309057
s1,182,robust_mahalanobis,393622,301021,314967,227369,0.7218819749370569,39277,28328,0.7212363469715101,39378,28282,0.7182182944791508,1.2966448449596046,9.810244955464995
s1,183,robust_mahalanobis,393927,301550,315227,227635,0.7221304012663889,39129,28329,0.7239898796289197,39571,28441,0.7187334158853707,1.2997762669630917,9.661908483578147
s1,184,robust_mahalanobis,394728,302224,315842,228262,0.7227094559938197,39526,28607,0.723751454738653,39360,28303,0.7190802845528456,1.297287098212218,9.810119689645088
s1,185,robust_mahalanobis,392819,300749,314410,227234,0.7227314652841831,39117,28111,0.7186389549300816,39292,28370,0.7220299297566934,1.2988834023070668,9.956553911598245
s1,186,robust_mahalanobis,393908,301558,315382,227788,0.7222606236246837,39262,28326,0.7214609546126025,39264,28345,0.7219081092094539,1.298842405200074,9.776273630377114
s1,187,robust_mahalanobis,394160,301621,315281,227673,0.722127245219344,39197,28277,0.7214072505548894,39682,28560,0.7197217882163197,1.2987859840101066,9.899496614447074
s1,188,robust_mahalanobis,393790,301590,314554,227488,0.7232080978146836,39712,28694,0.7225523771152297,39524,28361,0.7175640117397024,1.2963581812656442,9.798839882957191
s1,189,robust_mahalanobis,393385,301169,314567,227225,0.7223421401482037,39156,28148,0.7188681172744917,39662,28697,0.723538903736574,1.3003492896478128,9.887135473013977
s1,190,robust_mahalanobis,393843,301591,315000,227562,0.7224190476190476,39693,28638,0.7214874159171643,39150,28323,0.723448275862069,1.2980815620539632,9.897328187564769
s1,191,robust_mahalanobis,393366,301173,314134,227020,0.7226852235033457,39718,28494,0.7174077244574248,39514,28414,0.7190869059067673,1.3000302384574878,9.881779297009583
s1,192,robust_mahalanobis,392873,300507,314212,226626,0.7212518936259595,39343,28365,0.7209668810207661,39318,28460,0.7238414975329366,1.299991490173163,9.73377936037791
s1,193,robust_mahalanobis,394311,301672,315988,228098,0.7218565261971973,39296,28419,0.7232033794788274,39027,28207,0.7227560406897788,1.2993117588444383,9.799193710066916
s1,194,robust_mahalanobis,393925,301214,315146,227406,0.721589358583006,39395,28394,0.7207513643863435,39384,28334,0.7194292098314036,1.2992692495318536,9.713088330255099
s1,195,robust_mahalanobis,394158,301307,315372,227271,0.7206441916213234,39397,28464,0.7224915602710866,39389,28468,0.7227398512275001,1.295859101322269,9.643462273588355
s1,196,robust_mahalanobis,394183,301696,315729,227811,0.7215396748477333,39396,28480,0.7229160320844756,39058,28211,0.7222848072097906,1.2969173690753084,9.80709549836449
s1,197,robust_mahalanobis,393216,300906,314930,227285,0.7217000603308672,39299,28436,0.7235807526909082,38987,28074,0.7200861825736784,1.2986079130874413,9.88643409310246
s1,198,robust_mahalanobis,393725,301617,314778,227473,0.7226458011678072,39478,28512,0.7222250367293176,39469,28584,0.7242139400542198,1.3018130535612527,9.829496515142345
s1,199,robust_mahalanobis,393608,301329,315161,227554,0.7220246159899226,39147,28345,0.7240657010754337,39300,28445,0.7237913486005089,1.2983903872674591,9.975304512992997
s1,200,robust_mahalanobis,393418,301185,314688,227239,0.7221088824486476,39325,28309,0.719872854418309,39405,28435,0.7216089328765385,1.2899398408237628,9.91500199800831
s1,201,robust_mahalanobis,393820,301822,315343,227960,0.7228953869278849,39211,28315,0.7221187931957869,39266,28407,0.7234503132481027,1.2957861453268074,9.79310999586169
s1,202,robust_mahalanobis,394625,301881,315430,227724,0.7219478172653203,39708,28527,0.7184194620731339,39487,28504,0.7218578266264847,1.2985720151158315,9.786685087891735
s1,203,robust_mahalanobis,393336,301381,314423,227140,0.7224026232177672,39364,28538,0.7249771364698709,39549,28579,0.7226225694707831,1.294428722682895,9.701832074506457
s1,204,robust_mahalanobis,393197,300901,314303,226874,0.7218321174153604,39620,28648,0.7230691569914185,39274,28365,0.7222335387279116,1.296661987011477,9.566735883891008
s1,205,robust_mahalanobis,393573,301355,314458,227046,0.7220232908687328,39758,28780,0.7238794707983299,39357,28379,0.7210661381711004,1.294912017953728,9.957241986631704
s1,206,robust_mahalanobis,393976,301235,315058,227094,0.7208006144900304,39663,28534,0.7194110379951087,39255,28394,0.7233218698255,1.2951647639273087,9.70897494406767
s1,207,robust_mahalanobis,394040,301822,315630,227833,0.7218356936919811,39397,28569,0.7251567378226769,39013,28343,0.7265014226027222,1.2927078678146566,9.830239666618507
s1,208,robust_mahalanobis,394348,301376,315633,227595,0.7210747925597133,39393,28372,0.7202294823953495,39322,28341,0.7207415696048014,1.3028681569645015,9.838261840202922
s1,209,robust_mahalanobis,394200,301576,315756,227704,0.7211391074120523,39103,28293,0.7235506227143698,39341,28408,0.7220965405048169,1.290955108144122,9.755560416509963
s1,210,robust_mahalanobis,394947,302034,315726,227766,0.7214040022044431,39775,28699,0.7215336266499057,39446,28443,0.7210617046088323,1.2940816495225516,9.727538727654261
s1,211,robust_mahalanobis,393338,301259,314330,226674,0.7211338402316038,39501,28707,0.7267410951621478,39507,28587,0.7235932872655478,1.289582863298827,9.851935251266898
s1,212,robust_mahalanobis,394624,301688,315617,227563,0.7210099582722097,39617,28441,0.7178988817931696,39390,28437,0.721934501142422,1.298208808666565,9.655825669049216
s1,213,robust_mahalanobis,393797,301891,315164,227934,0.7232234646089021,39181,28495,0.7272657665705317,39452,28359,0.7188228733651019,1.2986284192782562,9.731087052994747
s1,214,robust_mahalanobis,392930,301163,314484,227377,0.7230161152872642,38901,28065,0.7214467494408884,39545,28656,0.7246428119863447,1.2961902973338852,9.73034166538113
s1,215,robust_mahalanobis,393753,301416,314970,227341,0.7217862018604947,39291,28343,0.7213611259575984,39492,28583,0.7237668388534386,1.2943610254034459,9.76822805571103
s1,216,robust_mahalanobis,393267,301703,314671,227560,0.7231680072202396,39473,28613,0.7248752311706737,39123,28312,0.7236663855021342,1.2955719028371808,9.761358381323385
s1,217,robust_mahalanobis,393948,301262,315185,227425,0.7215603534432159,39129,28096,0.7180352168468399,39634,28653,0.7229399000857849,1.2936518148542928,9.875588854291308
s1,218,robust_mahalanobis,394577,301985,315497,227709,0.7217469579742438,39518,28604,0.7238220557720533,39562,28453,0.7192002426570951,1.2938105949040395,9.815988566741146
s1,219,robust_mahalanobis,393241,300798,314755,227059,0.7213832981207606,39104,28120,0.7191080196399345,39382,28315,0.718983291859225,1.2925640044952886,9.619433002510934
s1,220,robust_mahalanobis,393916,301873,314908,227735,0.7231794682891511,39583,28468,0.7191976353485082,39425,28422,0.7209131261889664,1.2929279185335585,9.854427095572914
s1,221,robust_mahalanobis,394354,301990,315770,228112,0.7223992146182348,39148,28354,0.7242771022785327,39436,28498,0.722639212901917,1.2979407756807217,9.662996201305317
s1,222,robust_mahalanobis,394322,301978,315288,227750,0.7223554337621476,39264,28232,0.7190301548492257,39770,28718,0.7221020870002515,1.29069686974981,9.799072501969007
s1,223,robust_mahalanobis,393515,301459,314578,227141,0.7220498572691034,39351,28376,0.7210998449848797,39586,28659,0.7239680695195271,1.2962339730461399,9.733266749443066
s1,224,robust_mahalanobis,394222,301215,315313,227102,0.7202430600704697,39426,28394,0.7201846497235327,39483,28617,0.7247929488640681,1.2974992084023331,9.738253114511572
s1,225,robust_mahalanobis,393151,300616,314709,226869,0.7208850080550604,39187,28188,0.719320182713655,39255,28343,0.7220226722710483,1.298007225051475,9.877476164399154
s1,226,robust_mahalanobis,394865,301963,316059,227880,0.7210046225546496,39544,28559,0.7222081731741857,39262,28307,0.720977026132138,1.2927638252524238,9.929424274064585
s1,227,robust_mahalanobis,394235,301754,315088,227623,0.7224108820393033,39572,28416,0.718083493379157,39575,28552,0.7214655716993051,1.298274550868662,9.816594886507763
s1,228,robust_mahalanobis,394542,302464,315676,228181,0.7228329046237282,39569,28670,0.7245571027824812,39297,28371,0.7219635086647835,1.2911325989946518,9.877770657211046
s1,229,robust_mahalanobis,393912,301496,314853,227264,0.7218098604745706,39539,28496,0.7207061382432535,39520,28616,0.724089068825911,1.2972343054256852,9.68347417469076
s1,230,robust_mahalanobis,393045,300946,314367,227237,0.7228398655075119,39287,28286,0.7199837096240487,39391,28333,0.7192759767459572,1.2949536146431933,9.91866609116197
s1,231,robust_mahalanobis,393842,301631,315601,227925,0.7221935291713271,39229,28320,0.721914909888093,39012,28188,0.7225469086434944,1.2975052766805883,9.836336242881298
s1,232,robust_mahalanobis,393442,300702,314646,226916,0.7211787214838262,39141,28213,0.7208042717355203,39655,28647,0.7224057495902156,1.295696460447632,9.79717206003125
s1,233,robust_mahalanobis,394085,301596,315707,227820,0.7216184626885055,39108,28223,0.7216682008796155,39270,28414,0.723554876496053,1.298000754078148,10.058770606018967
s1,234,robust_mahalanobis,393158,300967,314486,227050,0.721971725291428,39206,28502,0.7269805641993572,39466,28433,0.720442912887042,1.3012561359649957,9.764628475033701
s1,235,robust_mahalanobis,393016,301629,314667,227607,0.7233265642727074,38998,28301,0.7257038822503719,39351,28551,0.725547000076237,1.2934365285458458,9.818367544080107
s1,236,robust_mahalanobis,393767,301565,314879,227377,0.7221091276331543,39647,28565,0.7204832648119656,39241,28429,0.7244718534186183,1.2955048908307125,9.844003205972465
s1,237,robust_mahalanobis,393048,300870,314113,226666,0.7216065556026016,39564,28528,0.7210595490850268,39371,28524,0.7244926468720632,1.2965515544749686,9.754509581313988
s1,238,robust_mahalanobis,393059,300522,314464,226930,0.7216406329500357,39252,28252,0.7197595027004994,39343,28308,0.7195180845385456,1.2991573746207847,9.7036738999685
s1,239,robust_mahalanobis,394307,301699,315561,227897,0.7221963423870503,39379,28327,0.7193427969222175,39367,28429,0.7221530723702594,1.2984119220617218,9.772040600501947
s1,240,robust_mahalanobis,394716,302052,315590,227975,0.7223771348902056,39743,28525,0.7177364567345192,39383,28428,0.7218342939847142,1.2972734788956446,9.752053739657429
s1,241,robust_mahalanobis,394842,302212,315611,228009,0.722436797196549,39584,28635,0.7233983427647535,39647,28548,0.7200544807929982,1.302649648153482,9.646689494005043
s1,242,robust_mahalanobis,394293,301706,315537,227761,0.7218202619661086,39240,28291,0.720973496432212,39516,28591,0.7235297094847657,1.3007712041059791,9.920576201924066
s1,243,robust_mahalanobis,395075,302331,315682,228076,0.7224865529235116,39807,28643,0.7195468133745321,39586,28492,0.7197494063557823,1.2955279209785895,9.714689787387817
s1,244,robust_mahalanobis,393722,301493,315129,227636,0.7223581453944258,39425,28440,0.7213696892834496,39168,28263,0.7215839460784313,1.2946877408135802,9.780085699397778
s1,245,robust_mahalanobis,392583,300463,314450,226921,0.7216441405628876,39070,28410,0.727156385973893,39063,28179,0.7213731664234698,1.299059403441319,9.832317098653865
s1,246,robust_mahalanobis,394160,301673,315198,227577,0.7220128300306474,39525,28536,0.7219734345351043,39437,28404,0.7202373405685016,1.2983532759526972,9.895574486833054
s1,247,robust_mahalanobis,393515,301160,314992,227360,0.7217961091075329,38973,28145,0.7221666281784825,39550,28586,0.7227812895069532,1.2971976077401026,9.826925130354338
s1,248,robust_mahalanobis,395240,302472,316466,228431,0.7218184575910208,39544,28671,0.7250404612583451,39230,28346,0.7225592658679582,1.2992628677000941,9.843791603292136
s1,249,robust_mahalanobis,394849,302172,316050,228233,0.7221420661287771,39385,28443,0.7221784943506411,39414,28445,0.7216978738519307,1.301282198086003,9.689301935623323
s1,250,robust_mahalanobis,394884,302412,315765,228138,0.7224929932069736,39378,28293,0.718497638275179,39741,28722,0.7227296746433155,1.2943296434975942,9.696545758382928
s1,251,robust_mahalanobis,393042,300874,314463,227097,0.7221739918527776,39245,28378,0.7230984838832972,39334,28373,0.7213352316062439,1.303649080148806,9.874208391056275
s1,252,robust_mahalanobis,394183,302033,315226,227583,0.7219677310881717,39523,28755,0.727551046226248,39434,28518,0.7231830400162297,1.2912055066079753,9.936936298893455
s1,253,robust_mahalanobis,394345,301800,315841,228111,0.7222336555418708,38976,28025,0.7190322249589491,39528,28451,0.7197682655332929,1.2995844044822593,9.739027446400518
s1,254,robust_mahalanobis,394568,302283,315437,228203,0.7234503244704965,39390,28415,0.7213759837522213,39741,28657,0.7210940841951636,1.3023540732908627,9.682462302059564
s1,255,robust_mahalanobis,394137,301804,315501,227828,0.7221149853724711,39129,28293,0.7230698458943494,39507,28487,0.7210620902624851,1.2957688940317524,9.850247924230278
s1,256,robust_mahalanobis,393918,301394,315327,227355,0.7210134241596818,39316,28473,0.7242089734459253,39275,28483,0.7252196053469128,1.2985636729844623,9.676604146191675
s1,257,robust_mahalanobis,392839,300521,314240,227079,0.722629200610998,39297,28111,0.7153472275237296,39302,28408,0.7228130883924482,1.3035661284050788,9.796823905331262
s1,258,robust_mahalanobis,394281,301540,315581,227792,0.7218178534195658,39622,28460,0.7182878198980365,39078,28095,0.718946721940734,1.2960018119868475,9.85375410204064
s1,259,robust_mahalanobis,393476,301024,314414,227090,0.7222642757638019,39334,28327,0.7201657599023745,39728,28574,0.7192408376963351,1.297893377910868,9.672927270439835
s1,260,robust_mahalanobis,392966,301118,314897,227511,0.7224933867264534,39022,28304,0.7253344267336375,39047,28190,0.7219504699464747,1.2976709707913852,9.831494992767128
s1,261,robust_mahalanobis,394647,302239,316028,228360,0.7225942005138786,39390,28436,0.7219091139883219,39229,28327,0.7220933493079099,1.294284010978582,9.902324073841555
s1,262,robust_mahalanobis,393802,301199,315167,227436,0.7216364657467311,39122,28212,0.7211287766474107,39513,28561,0.7228253992356946,1.296610666214026,9.77619043382141
s1,263,robust_mahalanobis,393490,301371,314627,227378,0.7226906781681165,39252,28340,0.7220014266788953,39611,28577,0.7214410138597864,1.294764530647802,9.869195632981674
s1,264,robust_mahalanobis,394502,301979,315680,228037,0.7223675874303092,39646,28741,0.7249407254199667,39176,28204,0.7199305697365734,1.2990750053303635,9.68964461210261
s1,265,robust_mahalanobis,393617,301331,314721,227346,0.7223731495515076,39383,28427,0.7218089023182591,39513,28459,0.7202439703388758,1.3023488767273836,9.764718515112955
s1,266,robust_mahalanobis,393415,300647,314873,226979,0.7208588859635472,39301,28411,0.7229078140505331,39241,28290,0.7209296399174333,1.2985832298508901,9.733608037505999
s1,267,robust_mahalanobis,393975,301685,314915,227672,0.7229633393137831,39624,28520,0.719765798505956,39436,28455,0.721548838624607,1.2987035702240664,9.87839345700745
s1,268,robust_mahalanobis,392683,300362,314104,226851,0.7222162086442707,39274,28281,0.72009471915262,39305,28239,0.718458211423483,1.2939525496385484,9.875701560914887
s1,269,robust_mahalanobis,393032,300445,314282,226563,0.7208907923457277,39276,28357,0.7219930746511865,39474,28533,0.7228302173582611,1.297832284612461,9.954916753098644
s1,270,robust_mahalanobis,393442,300992,314921,227384,0.7220350500601738,39239,28223,0.7192589005836031,39282,28376,0.7223664782852197,1.2991188161084342,9.965809987499721
s1,271,robust_mahalanobis,393720,301200,315122,227456,0.7218029842410241,39167,28253,0.7213470523655118,39431,28461,0.721792498288149,1.2998482989163729,9.821929878376269
s1,272,robust_mahalanobis,393155,301065,314442,226891,0.7215670934544367,39383,28526,0.724322677297311,39330,28548,0.7258581235697941,1.2931291784101264,9.80168295245476
s1,273,robust_mahalanobis,394664,302081,315457,227973,0.7226753567047173,39706,28564,0.7193874981111167,39501,28489,0.721222247538037,1.3023278776027507,9.724481751027277
s1,274,robust_mahalanobis,393915,301516,315114,227780,0.7228495084318691,39236,28101,0.7162045060658578,39565,28523,0.7209149500821433,1.2997062471286354,9.842776251762412
s1,275,robust_mahalanobis,394285,301925,315388,227810,0.7223166385531472,39493,28493,0.7214696275289292,39404,28508,0.7234798497614455,1.2967750459498077,9.700976423923553
s1,276,robust_mahalanobis,393213,301275,315119,227783,0.7228475591760573,39100,28217,0.7216624040920716,38994,28243,0.7242909165512643,1.2950709450737385,9.747437628629852
s1,277,robust_mahalanobis,394996,303053,316018,228624,0.7234524615686448,39694,28910,0.7283216607043885,39284,28405,0.7230679156908665,1.2955472847652805,9.773438698206409
s1,278,robust_mahalanobis,393424,300930,314824,227180,0.7216095342159429,39187,28319,0.7226631280781892,39413,28452,0.7218937913886281,1.2997011112155565,9.863617901908494
s1,279,robust_mahalanobis,394282,301146,315982,227649,0.720449266097436,39365,28288,0.7186079004191541,38935,27903,0.7166559650699884,1.2926781908013674,9.786413315607547
s1,280,robust_mahalanobis,394452,302124,315502,227929,0.7224328213450311,39426,28501,0.7228985948358951,39524,28533,0.7219157979961542,1.3027150346601646,9.632879633630903
s1,281,robust_mahalanobis,394938,301975,315914,227916,0.7214495084105168,39197,28266,0.7211266168329209,39827,28698,0.7205664498957993,1.2974200091178192,9.762267940392777
s1,282,robust_mahalanobis,393857,301542,314690,227479,0.7228669484254345,39784,28679,0.7208676855017092,39383,28231,0.7168321356930656,1.2997686832610635,9.727178277892405
s1,283,robust_mahalanobis,393660,301511,315154,227574,0.7221041141790997,39334,28534,0.7254283825697869,39172,28176,0.7192892882671296,1.2951615145213862,9.94552412251423
s1,284,robust_mahalanobis,392754,300781,314038,226838,0.7223265974181469,39306,28376,0.7219254057904646,39410,28488,0.7228622177112408,1.2929340381922745,9.832819127483601
s1,285,robust_mahalanobis,394391,301409,315472,227539,0.7212652786935132,39595,28484,0.7193837605758303,39324,28311,0.7199420201403723,1.2977692594121555,9.82378966040855
s1,286,robust_mahalanobis,394129,301319,315052,227202,0.721157142313015,39632,28441,0.7176271699636657,39445,28641,0.7260996323995437,1.3059879682499402,9.611920019709602
s1,287,robust_mahalanobis,392327,300182,314289,226760,0.7215015479383624,39042,28148,0.7209671635674402,38996,28252,0.7244845625192328,1.2983994567217496,9.89574178966218
s1,288,robust_mahalanobis,394214,302164,315277,227923,0.7229293605305811,39295,28402,0.722789158926072,39642,28624,0.7220624590081227,1.2966140871025775,9.950763644953357
s1,289,robust_mahalanobis,393862,301215,314547,226921,0.7214215999516765,39612,28541,0.7205139856609108,39703,28611,0.7206256454172228,1.3005386213220547,9.616559824964877
s1,290,robust_mahalanobis,394925,302244,315908,227958,0.721596160907606,39667,28768,0.7252376030453526,39350,28296,0.7190851334180433,1.2950268501460611,9.75029373912027
s1,291,robust_mahalanobis,392826,301035,314295,227178,0.7228177349305589,39281,28351,0.7217484279931774,39250,28341,0.7220636942675159,1.2942829627064112,9.798008950536023
s1,292,robust_mahalanobis,392482,300167,314061,226597,0.7215063315725289,39386,28366,0.7202051490377291,39035,28233,0.7232739848853593,1.2963744790266938,9.784710546576758
s1,293,robust_mahalanobis,393784,301965,315002,227715,0.7229001720623996,39588,28682,0.7245124785288471,39194,28465,0.7262591212940757,1.3026383643889803,9.798329088222768
s1,294,robust_mahalanobis,393868,301470,314987,227454,0.722105991675847,39468,28415,0.7199503395155569,39413,28459,0.7220713977621597,1.294814816913744,9.912888144530392
s1,295,robust_mahalanobis,394046,301473,315161,227753,0.722656039294202,39130,28059,0.717071300792231,39755,28483,0.7164633379449126,1.3019063743578216,9.760480168203582
s1,296,robust_mahalanobis,393383,301263,314441,227089,0.7221990770923639,39319,28409,0.7225260052391973,39623,28591,0.7215758524089544,1.2980468927507947,9.678954832698565
s1,297,robust_mahalanobis,394401,302246,315353,228072,0.7232276211103112,39375,28374,0.7206095238095238,39673,28649,0.72212839966728,1.2962991358296536,9.93613314580486
s1,298,robust_mahalanobis,394176,301769,315406,227715,0.721974217357945,39387,28493,0.7234112778327875,39383,28465,0.7227737856435518,1.2973333913602099,9.62102091836608
s1,299,robust_mahalanobis,393205,300973,314464,227175,0.7224197364404192,39393,28430,0.7217018251973701,39348,28301,0.7192487547016366,1.2948526616498057,9.700387045002882
s1,300,robust_mahalanobis,394595,301997,315514,227843,0.7221327738230316,39782,28776,0.7233422150721431,39299,28237,0.7185170106109571,1.2990368859970403,9.643232002611715
s1,301,robust_mahalanobis,393788,301426,315091,227638,0.7224516092176546,39046,28035,0.7179992828970957,39651,28602,0.7213437239918287,1.2938911406736822,9.986231363043064
s1,302,robust_mahalanobis,393960,301173,315764,227703,0.7211176701587262,39210,28171,0.7184646773782198,38986,28083,0.720335505053096,1.2946009524039264,9.781173512535595
s1,303,robust_mahalanobis,394787,302047,316251,228151,0.7214238057745272,39317,28402,0.7223847190782613,39219,28341,0.7226344373900405,1.293502153021812,9.847655713280314
s1,304,robust_mahalanobis,394607,302183,315579,227839,0.7219713605784922,39319,28315,0.7201353035428164,39709,28718,0.723211362663376,1.2913154860921912,9.822306323785131
s1,305,robust_mahalanobis,393714,301287,315165,227446,0.7216727745783954,39408,28315,0.7185089321965084,39141,28313,0.7233591374773256,1.2975520175051967,9.939419104371073
s1,306,robust_mahalanobis,393901,301711,315127,227767,0.7227784353609814,39211,28366,0.7234194486241106,39563,28493,0.7201931097237317,1.293767599889508,9.908464955992098
s1,307,robust_mahalanobis,394835,302228,315567,227612,0.7212794747232759,39808,28846,0.7246282154340836,39460,28396,0.7196147997972631,1.2909638160030457,9.759027834907233
s1,308,robust_mahalanobis,393502,300835,314647,226966,0.7213353376958941,39271,28296,0.7205316900511828,39584,28602,0.7225646725949879,1.297429385880112,9.762486091709166
s1,309,robust_mahalanobis,393543,301256,314977,227297,0.7216304682564124,39449,28571,0.7242515653121752,39117,28185,0.7205307155456707,1.293519999857832,9.90258987929648
s1,310,robust_mahalanobis,393275,300763,314883,227350,0.7220142084520282,39147,28232,0.7211791452729456,39245,28216,0.7189705694992993,1.302069233964526,9.737184925711219
s1,311,robust_mahalanobis,394157,301580,315799,227977,0.7219053891874262,39049,28083,0.7191733463084842,39309,28409,0.7227098120023404,1.29810260962347,9.874620219048175
s1,312,robust_mahalanobis,393465,301476,314706,227478,0.7228270195039179,39343,28394,0.7217039880029484,39416,28370,0.7197584737162573,1.2979991641733075,9.789252328564581
s1,313,robust_mahalanobis,393920,302075,315403,228098,0.7231954039752317,38881,28246,0.7264730845400067,39636,28652,0.7228781915430417,1.301019802819791,9.689574653169506
s1,314,robust_mahalanobis,393527,301071,314946,227159,0.7212633276815708,39257,28351,0.7221896731793056,39324,28463,0.7238073441155528,1.2972707959919278,9.787875902379145
s1,315,robust_mahalanobis,393918,301212,315549,227638,0.7214030150626368,39287,28294,0.7201873393234404,39082,28161,0.7205618955017655,1.2969320748588717,9.4813382944013
s1,316,robust_mahalanobis,394339,302081,315610,227832,0.721878267482019,39384,28487,0.723314036156815,39345,28621,0.7274367772270937,1.2932034679097086,9.581430418557787
s1,317,robust_mahalanobis,394859,302638,315683,228464,0.7237133453496071,39402,28409,0.7210040099487336,39774,28736,0.722482023432393,1.3001384563800986,9.779005024926889
s1,318,robust_mahalanobis,394457,301754,315614,227768,0.7216663392625169,39346,28310,0.7195140547959131,39497,28448,0.7202572347266881,1.296590536504814,9.811370277095328
s1,319,robust_mahalanobis,393095,300412,314746,226799,0.7205778627845946,39192,28220,0.7200449071239028,39157,28073,0.7169343923181041,1.290810441418922,9.787848687383145
s1,320,robust_mahalanobis,394060,301619,315309,227482,0.7214573640460628,39200,28228,0.7201020408163266,39551,28711,0.7259234911885919,1.299644817884281,9.784612007219296
s1,321,robust_mahalanobis,394117,302168,315270,228038,0.7233101785770927,39347,28433,0.7226218008996874,39500,28664,0.7256708860759493,1.2938919968591358,9.825760010831004
s1,322,robust_mahalanobis,395714,302619,316614,228564,0.7219011161856393,39667,28431,0.7167418761186881,39433,28440,0.7212233408566429,1.298813477951439,9.767091069479758
s1,323,robust_mahalanobis,393015,300937,314484,227195,0.7224373895015327,39150,28323,0.723448275862069,39381,28310,0.7188745841903456,1.2943331856093487,9.81345448844899
s1,324,robust_mahalanobis,394816,302365,315719,228055,0.7223353678429236,39454,28440,0.7208394586100269,39643,28612,0.721741543273718,1.2931531181103413,9.877165302881322
s1,325,robust_mahalanobis,392920,300639,314254,226488,0.7207163631966499,39194,28484,0.726743889370822,39472,28590,0.7243109039319011,1.2930693320141537,9.818985010440882
s1,326,robust_mahalanobis,394924,302613,315912,228439,0.7231096001418117,39502,28330,0.7171788770188852,39510,28628,0.7245760566945078,1.303402851223477,9.751044418501055
s1,327,robust_mahalanobis,393921,301128,315066,227017,0.7205379190391854,39461,28548,0.723448468107752,39394,28495,0.7233335025638422,1.295227239704035,9.758858968261107
s1,328,robust_mahalanobis,394963,302521,316458,228496,0.7220421035334863,39184,28496,0.7272356063699469,39321,28357,0.721166806541034,1.2913037297023449,9.81308438599137
s1,329,robust_mahalanobis,394249,301583,315667,227928,0.722052035847903,39327,28297,0.7195311109415923,39255,28302,0.7209782193351165,1.3003312319702713,9.692504506796627
s1,330,robust_mahalanobis,393366,301085,314934,227110,0.7211352219830187,39597,28816,0.7277318988812284,38835,28075,0.7229303463370671,1.2951683366891935,9.723769675930695
s1,331,robust_mahalanobis,392911,300975,314529,227024,0.7217903595534911,38891,28178,0.7245378108045564,39491,28549,0.7229242105796257,1.2927169130943277,9.771319447621833
s1,332,robust_mahalanobis,393556,301139,314774,227209,0.7218162872410047,39445,28476,0.7219165927240462,39337,28363,0.7210260060502834,1.2929706627528321,9.939955197544055
s1,333,robust_mahalanobis,393953,301269,315031,227071,0.7207893826321854,39579,28647,0.7237929204881377,39343,28395,0.7217294054850927,1.2976442659946108,9.768790338702006
s1,334,robust_mahalanobis,394041,301299,315054,227420,0.7218445091952491,39495,28453,0.7204203063678947,39492,28323,0.71718322698268,1.2983143079165773,9.949084373921966
s1,335,robust_mahalanobis,394202,301788,315615,227938,0.722202683649383,39415,28499,0.7230496004059368,39172,28220,0.7204125395690799,1.2954547608627118,9.839878292979064
s1,336,robust_mahalanobis,395051,302111,316006,228169,0.7220400878464333,39608,28505,0.7196778428600282,39437,28392,0.7199330577883714,1.3019205270310543,9.761928041079058
s1,337,robust_mahalanobis,392846,300635,313900,226683,0.722150366358713,39333,28433,0.7228790074492156,39613,28512,0.719763713932295,1.2983366045531397,9.805170864823545
s1,338,robust_mahalanobis,392489,300166,314055,226742,0.7219818184712868,39334,28133,0.7152336401077948,39100,28218,0.7216879795396419,1.3018082028429105,9.898412873276488
s1,339,robust_mahalanobis,393572,301561,314477,227237,0.7225870254422422,39719,28655,0.7214431380447645,39376,28568,0.7255180820804551,1.294558304624689,9.8156402037612
s1,340,robust_mahalanobis,394135,301447,315531,227799,0.7219544196925183,39379,28386,0.7208410574163895,39225,28229,0.7196685787125557,1.299866907475174,9.893497302951456
s1,341,robust_mahalanobis,393837,301484,315641,228015,0.7223871423547638,39117,28274,0.7228059411509062,39079,28143,0.7201566058496891,1.2972355925098582,9.80709987552346
s1,342,robust_mahalanobis,393568,301202,315040,227437,0.7219305485017775,39082,28088,0.7186940279412517,39446,28603,0.7251178826750494,1.2979933680699305,9.810602237686235
s1,343,robust_mahalanobis,393559,301393,314578,227278,0.7224853613412254,39269,28249,0.7193715144261377,39712,28708,0.7229049153908138,1.2955736195457204,9.817943366117987
s1,344,robust_mahalanobis,395042,302828,315968,228522,0.7232441259874418,39294,28386,0.7224003664681631,39780,28675,0.7208396178984414,1.2961303942476858,9.953625145694387
s1,345,robust_mahalanobis,393250,301122,314678,227528,0.7230502291231036,39628,28537,0.7201221358635308,38944,28160,0.7230895645028759,1.2987280111381745,9.8156043407496
s1,346,robust_mahalanobis,394923,302299,315818,228115,0.7222989189976505,39390,28438,0.7219598882965219,39715,28699,0.7226236938184565,1.2970703589780557,9.805929772571014
s1,347,robust_mahalanobis,395577,302811,316241,228336,0.7220316151289681,39778,28701,0.7215294886620746,39558,28618,0.7234440568279489,1.292358586273825,9.82160026802707
s1,348,robust_mahalanobis,394155,301779,315260,227732,0.7223624944490262,39389,28459,0.7225113610398842,39506,28548,0.7226244114818002,1.296910795549961,9.764725345788557
s1,349,robust_mahalanobis,392105,300468,314144,227363,0.7237540745645309,38787,27943,0.720421790806198,39174,28114,0.7176698830857201,1.3000661593628586,9.748019728078695
s1,350,robust_mahalanobis,394143,301452,315528,227654,0.7215017367713801,39181,28276,0.7216763227074348,39434,28552,0.7240452401480956,1.3022837663340385,9.652544456494109
s1,351,robust_mahalanobis,394330,301452,315531,227742,0.7217737718322447,39438,28388,0.7198133779603428,39361,28250,0.7177155051954981,1.2977010676155794,9.832238723646721
s1,352,robust_mahalanobis,393876,301819,315295,228008,0.7231576777303795,39275,28355,0.7219605346912794,39306,28357,0.7214420190301735,1.300942861644295,9.999226194960684
s1,353,robust_mahalanobis,395191,302421,316332,228102,0.7210841773832556,39266,28573,0.7276778892680691,39593,28693,0.724698810395777,1.3002469828499572,9.683397171604115
s1,354,robust_mahalanobis,394336,301471,315615,227457,0.7206786749679198,39170,28214,0.7202961450089355,39551,28630,0.7238755025157392,1.2960213458436747,9.92990678994783
s1,355,robust_mahalanobis,393430,301120,314863,227441,0.7223490851576717,39356,28434,0.7224819595487346,39211,28256,0.7206141133865497,1.2972459934756722,9.952047977019042
s1,356,robust_mahalanobis,393609,301023,314911,227323,0.7218642727627806,39328,28410,0.7223860862489829,39370,28327,0.719507239014478,1.2990835967346235,9.784603640768141
s1,357,robust_mahalanobis,394312,301740,315110,227679,0.7225381612770144,39544,28523,0.7212977948614202,39658,28469,0.7178627263099501,1.3024555823032098,9.746535960432588
s1,358,robust_mahalanobis,394129,301445,315436,227668,0.7217565528348064,39494,28462,0.7206664303438497,39199,28287,0.7216255516722365,1.2992361367553937,9.830186159763773
s1,359,robust_mahalanobis,394332,301485,315452,227616,0.7215551018855484,39202,28252,0.7206775164532422,39678,28570,0.7200463733051061,1.296483238783079,10.018480259018917
s1,360,robust_mahalanobis,392976,301184,314593,227381,0.7227783199244738,39335,28437,0.7229439430532605,39048,28312,0.7250563409137472,1.2905500267503143,9.913205702216686
s1,361,robust_mahalanobis,393508,301346,314863,227381,0.7221585260891245,39609,28603,0.7221338584665101,39036,28196,0.7223076134849882,1.2963768194981213,10.043659403240955
s1,362,robust_mahalanobis,393385,300730,315142,227515,0.721944393321106,38888,28039,0.721019337584859,39355,28257,0.718002795070512,1.2999378873426708,9.841240789634144
s1,363,robust_mahalanobis,393074,300767,313808,226672,0.7223270279916382,39523,28393,0.7183918224831111,39743,28603,0.7196990665022771,1.3020786618853806,9.693240518638202
s1,364,robust_mahalanobis,393511,300967,315089,227310,0.7214152191920378,39037,28197,0.7223147270538207,39385,28403,0.7211628792687571,1.2978553685304128,9.668622005368897
s1,365,robust_mahalanobis,394112,301445,315451,227587,0.7214654573927488,39178,28235,0.7206850783603043,39483,28513,0.722158903832029,1.2994361732041737,9.80451000255626
s1,366,robust_mahalanobis,394578,302076,315531,227809,0.7219861122995839,39373,28335,0.7196556015543647,39674,28788,0.7256137520794474,1.2996439167739204,9.83611585600232
s1,367,robust_mahalanobis,393581,301779,315145,228091,0.7237652509162449,39161,28242,0.7211766808814892,39275,28322,0.721120305537874,1.300542590713979,9.831339054377626
s1,368,robust_mahalanobis,395102,302386,315894,228217,0.7224480363666294,39758,28715,0.7222445797072288,39450,28322,0.7179214195183777,1.300618341036217,9.792447151948107
s1,369,robust_mahalanobis,394234,301787,315070,227467,0.7219570254229218,39646,28583,0.7209554557836856,39518,28495,0.7210638190191812,1.2909301018777466,9.968311995957288
s1,370,robust_mahalanobis,393529,301451,315253,227897,0.7229019232172256,39050,28083,0.7191549295774647,39226,28430,0.7247743843369194,1.2999777298650839,9.75768587979633
s1,371,robust_mahalanobis,393541,301259,315010,227472,0.7221104091933589,39360,28501,0.7241107723577236,39171,28364,0.7241071200633121,1.3026948917780883,9.70910552211934
s1,372,robust_mahalanobis,393886,301615,314997,227684,0.7228132331419029,39518,28462,0.720228756516018,39371,28478,0.7233242742119834,1.3039361078439689,9.667297634392881
s1,373,robust_mahalanobis,394152,301519,315186,227440,0.7216056550735122,39324,28415,0.7225867154918116,39642,28420,0.7169164017960749,1.2960679054717836,9.917370568584564
s1,374,robust_mahalanobis,393450,300992,315184,227286,0.7211216305396213,38965,28200,0.7237264211471833,39301,28386,0.7222716979211725,1.2956744032320893,9.599918702627413
s1,375,robust_mahalanobis,393624,301057,314796,227113,0.7214608826033367,39255,28333,0.7217679276525283,39573,28594,0.7225633639097364,1.2998029636694466,9.685691082897149
s1,376,robust_mahalanobis,393599,300814,314748,226925,0.7209736042802496,39512,28273,0.7155547681716947,39339,28430,0.7226924934543328,1.2925993376085256,9.888186300287808
s1,377,robust_mahalanobis,394401,302027,315627,227981,0.7223114625808311,39594,28616,0.7227357680456635,39180,28214,0.7201123021949974,1.3007502892573142,9.778770174614376
s1,378,robust_mahalanobis,394085,301643,315277,227677,0.7221490942885146,39266,28239,0.7191718025772933,39542,28593,0.7231045470638815,1.297139377993136,9.778924924620243
s1,379,robust_mahalanobis,393183,300886,314893,227303,0.7218420225282874,39168,28174,0.7193116830065359,39122,28333,0.7242216655590205,1.3003722236342612,9.812348251485039
s1,380,robust_mahalanobis,394005,301675,315033,227540,0.722273539597439,39370,28401,0.7213868427736856,39602,28518,0.7201151456997121,1.299498422366243,9.677385095064741
s1,381,robust_mahalanobis,395218,302850,316769,229081,0.7231799828897398,39446,28426,0.7206307356892968,39003,28016,0.7183037202266492,1.2967668806586625,9.841830258168619
s1,382,robust_mahalanobis,394186,301771,315499,227862,0.7222273287712481,39222,28366,0.7232165621334965,39465,28515,0.7225389585708856,1.2961193380941405,9.976924222703266
s1,383,robust_mahalanobis,394328,302138,315489,228051,0.7228492911004821,39122,28266,0.7225090741782118,39717,28711,0.7228894428078656,1.2946429333447371,9.929974393255364
s1,384,robust_mahalanobis,395270,302660,316641,228880,0.7228375352528573,39079,28163,0.7206683896722025,39550,28395,0.7179519595448799,1.2937681492105741,9.909004081846456
s1,385,robust_mahalanobis,393782,301399,314951,227410,0.7220488266428746,39472,28500,0.7220308066477503,39359,28247,0.7176757539571635,1.292759516625764,9.901449833895773
s1,386,robust_mahalanobis,393984,301361,315581,227764,0.7217291281794531,39189,28303,0.7222179693281278,39214,28175,0.7184933952159943,1.2928965425124277,10.180653920107183
s1,387,robust_mahalanobis,393456,301544,314749,227288,0.7221246135809803,39350,28482,0.7238119440914866,39357,28560,0.7256650659349035,1.2890722284030587,9.86760769726174
s1,388,robust_mahalanobis,393956,301527,315346,227543,0.7215661527338225,39323,28470,0.7240037637006332,39287,28383,0.7224527197291725,1.2953766027886602,9.751660657048193
s1,389,robust_mahalanobis,393711,300910,315053,227371,0.7216912709924996,39296,28213,0.7179611156351792,39362,28176,0.7158172857070271,1.2947405401675107,9.678353319409377
s1,390,robust_mahalanobis,393376,301099,314667,227010,0.7214293205197876,39118,28283,0.7230175366838796,39591,28530,0.7206183223459878,1.2917675217332614,9.955918336407873
s1,391,robust_mahalanobis,394376,302007,315003,227395,0.7218820138220906,39739,28773,0.724049422481693,39634,28731,0.7249079073522733,1.2983424903358165,9.817362268427571
s1,392,robust_mahalanobis,392949,300837,314657,227325,0.7224533380792418,39215,28324,0.7222746398061967,39077,28260,0.7231875527804079,1.2958723982077216,9.901518924606679
s1,393,robust_mahalanobis,394966,302394,316004,228315,0.7225066771306692,39309,28319,0.7204202599913506,39653,28642,0.7223160920989584,1.295440628371355,9.828164524899156
s1,394,robust_mahalanobis,392981,300720,314519,227024,0.7218133085759525,39117,28192,0.7207096658741724,39345,28433,0.7226585334858304,1.2945759625322122,9.744829086296326
s1,395,robust_mahalanobis,394105,301667,315167,227779,0.7227247776575594,39290,28291,0.7200559938915755,39648,28540,0.7198345439870864,1.3010238899224744,9.804002495336356
s1,396,robust_mahalanobis,393778,301178,314765,227043,0.7213095483932458,39493,28503,0.7217228369584483,39520,28585,0.7233046558704453,1.3047625565364105,9.789839645573725
s1,397,robust_mahalanobis,394319,301938,315284,227880,0.7227769249311732,39388,28526,0.7242307301716259,39647,28612,0.7216687265114636,1.2985232965875466,9.769220067832649
s1,398,robust_mahalanobis,394802,302238,315313,227694,0.722120559570966,39808,28761,0.7224929662379421,39681,28709,0.7234948716010181,1.2922394082221542,9.804945564593112
s1,399,robust_mahalanobis,393843,301931,315121,227778,0.7228271045090616,39137,28251,0.7218488897973785,39585,28811,0.727826196791714,1.295915609763016,9.711600222497996
s1,400,robust_mahalanobis,393441,300933,315193,227668,0.7223129955297231,38928,28068,0.721023427866831,39320,28150,0.7159206510681587,1.2981221256430415,9.968295040602833
s1,401,robust_mahalanobis,393773,301704,315325,227961,0.7229398239911202,39187,28284,0.7217699747365197,39261,28294,0.7206642724332034,1.2960199762143283,9.774251801029829
s1,402,robust_mahalanobis,394274,302101,315162,227922,0.7231899784872542,39463,28527,0.7228796594278185,39649,28686,0.7234987011021715,1.2974745690138239,9.740115771797633
s1,403,robust_mahalanobis,394797,302333,315779,228168,0.7225559647728317,39448,28454,0.721303995132833,39570,28568,0.7219610816274956,1.3002146424850523,9.817188318271478
s1,404,robust_mahalanobis,393420,301235,314128,226958,0.7225016553761524,39506,28451,0.720169088239761,39786,28706,0.721510078922234,1.2957194778224592,9.889052108008089
s1,405,robust_mahalanobis,393673,301342,315155,227661,0.7223778775523155,38987,28164,0.7223946443686357,39531,28650,0.724747666388404,1.2990486528591947,9.51363586102316
s1,406,robust_mahalanobis,393420,300684,314845,227024,0.7210659213263669,39357,28372,0.7208882790863125,39218,28356,0.723035340914886,1.3013703060787414,9.821945849251094
s1,407,robust_mahalanobis,393723,301599,315469,227980,0.7226700563288311,39205,28306,0.7219997449304936,39049,28268,0.7239109836359445,1.3004036150196268,9.735086513881832
s1,408,robust_mahalanobis,393676,301036,315038,227306,0.7215193087817977,39307,28382,0.722059684025746,39331,28269,0.7187460273067047,1.298509836762864,9.737633492857032
s1,409,robust_mahalanobis,394497,301749,315295,227611,0.7218985394630425,39722,28567,0.719173254116107,39480,28502,0.72193515704154,1.2961357783005187,9.828094609484406
s1,410,robust_mahalanobis,394028,301855,315402,227845,0.7223955460016106,39255,28391,0.7232454464399439,39371,28462,0.7229178837215209,1.2952900679670583,9.91360711353972
s1,411,robust_mahalanobis,394019,301723,315086,227596,0.7223297766324115,39615,28580,0.7214438975135681,39318,28273,0.7190854061752887,1.2905080755687623,9.748871286613975
s1,412,robust_mahalanobis,393752,301158,315059,227409,0.7217981393961131,39174,28126,0.7179762087098586,39519,28417,0.7190718388623194,1.2933237812841498,9.778875687209316
s1,413,robust_mahalanobis,394219,301926,315479,227855,0.7222509263691086,39301,28411,0.7229078140505331,39439,28428,0.720809351149877,1.2883429080097268,9.86727640097066
s1,414,robust_mahalanobis,394600,302277,315781,228104,0.7223487163572222,39549,28514,0.7209790386609016,39270,28463,0.7248026483320601,1.2949922955616702,9.9446240101132
s1,415,robust_mahalanobis,394058,302298,315234,228055,0.7234467094285515,39483,28469,0.7210445001646278,39341,28397,0.7218169339874432,1.2903251597705339,9.922200108952843
s1,416,robust_mahalanobis,392421,300540,314421,227257,0.7227793308971093,38998,28150,0.721831888814811,39002,28090,0.7202194759243116,1.302787836982544,9.71755277236975
s1,417,robust_mahalanobis,393016,300725,314476,226876,0.7214413818542591,39389,28270,0.7177130670999518,39151,28276,0.7222293172588184,1.2913188463447514,9.773876363611668
s1,418,robust_mahalanobis,393654,300978,314744,226875,0.7208239076837049,39260,28281,0.7203515028018339,39650,28687,0.7235056746532157,1.299746601631469,9.659207888622703
s1,419,robust_mahalanobis,393520,301326,314890,227518,0.7225316777287306,39361,28339,0.7199766266100963,39269,28379,0.7226820138022358,1.2989951351758104,9.928347024567135
s1,420,robust_mahalanobis,394562,301970,315871,227895,0.7214812375938279,39185,28305,0.7223427331887202,39506,28512,0.721713157495064,1.2912659026740296,9.76693861319682
s1,421,robust_mahalanobis,393792,301387,315361,227527,0.7214810962674523,39279,28455,0.7244329030779806,39152,28119,0.7182008581937066,1.2968622743881237,9.827915200620533
s1,422,robust_mahalanobis,393755,301133,314839,227193,0.721616445230737,39458,28454,0.7211211921536824,39458,28313,0.7175477723148664,1.2980680887399825,9.931743354764052
s1,423,robust_mahalanobis,394239,301501,315479,227610,0.7214743295116315,39439,28340,0.718578057252973,39321,28429,0.7229978891686376,1.2966394622296644,9.841483139572842
s1,424,robust_mahalanobis,393976,301682,315086,227724,0.7227360149292574,39350,28336,0.7201016518424397,39540,28554,0.7221547799696509,1.2967654784497915,9.653588296214696
s1,425,robust_mahalanobis,393433,301360,314813,227427,0.7224193410056129,39354,28457,0.7231031153122935,39266,28292,0.720521570824632,1.295384588614148,9.750943205335634
s1,426,robust_mahalanobis,393910,301455,314884,227218,0.7215927135071963,39444,28531,0.7233292769495995,39582,28578,0.7219948461421858,1.2935912143964519,9.78198403523681
s1,427,robust_mahalanobis,394029,301648,315263,227655,0.7221113800223941,39433,28427,0.7208936677402176,39333,28458,0.7235146060559835,1.2945630946192943,9.844405148499348
s1,428,robust_mahalanobis,393719,301474,315093,227749,0.7227993005239722,39347,28317,0.7196736727069408,39279,28312,0.7207922808625474,1.297697721083686,9.711796157749449
s1,429,robust_mahalanobis,393993,301522,315176,227479,0.7217522907835622,39423,28495,0.7228014103442153,39394,28436,0.7218358125602884,1.2980134203492202,9.779916908148577
s1,430,robust_mahalanobis,392902,301022,314188,227115,0.7228633811603243,39271,28273,0.7199460161442286,39443,28496,0.72246025910808,1.2981053916018346,9.647446053210412
s1,431,robust_mahalanobis,393270,300790,314435,227001,0.721932990920222,39473,28398,0.7194284700934817,39362,28376,0.7208983283369748,1.2941055605370777,9.627011682193604
s1,432,robust_mahalanobis,393900,301702,314674,227569,0.7231897137990428,39651,28672,0.7231091271342464,39575,28536,0.7210612760581175,1.2998451411702172,9.75115277979055
s1,433,robust_mahalanobis,394856,302064,316134,228243,0.7219818178367401,39631,28503,0.7192097095707906,39091,28227,0.7220843672456576,1.3014681016558123,9.684798754466426
s1,434,robust_mahalanobis,393614,301011,314655,226959,0.7212947513943844,39484,28499,0.7217860399149022,39475,28518,0.7224319189360354,1.2963298664292011,9.66226430860773
s1,435,robust_mahalanobis,393765,301279,315258,227607,0.7219705764802162,39207,28340,0.7228301068686714,39300,28351,0.7213994910941476,1.3006040691798904,9.705255356956037
s1,436,robust_mahalanobis,392374,300655,313937,227120,0.7234572541624593,39666,28637,0.7219533101396662,38771,28103,0.724845889969307,1.3029497568002344,9.75520938145829
s1,437,robust_mahalanobis,393486,301282,314458,227013,0.7219183483962882,39597,28741,0.7258378159961614,39431,28432,0.7210570363419645,1.2957616726279642,9.862671206538552
s1,438,robust_mahalanobis,394475,302127,315256,227969,0.723123429847489,39477,28450,0.7206727968184006,39742,28684,0.7217553218257763,1.3040527597729095,9.74050935106852
s1,439,robust_mahalanobis,392770,300664,314490,227099,0.722118350345003,39098,28258,0.7227479666479104,39182,28350,0.7235465264662345,1.2975801420653386,9.932943671442588
s1,440,robust_mahalanobis,394010,301385,315004,227361,0.7217717870249266,39565,28464,0.7194237330974346,39441,28471,0.721863035927081,1.2975327509783863,9.92349983044149
s1,441,robust_mahalanobis,393142,301086,314436,227203,0.7225731150377184,39419,28529,0.7237372840508385,39287,28193,0.7176165143686206,1.300352018634117,9.694287123873393
s1,442,robust_mahalanobis,393934,301660,315161,227773,0.7227194989227728,39489,28529,0.7224543543771683,39284,28326,0.7210569188473679,1.298861711921209,9.738552531581005
s1,443,robust_mahalanobis,394216,301577,315474,227997,0.7227124897772875,39287,28169,0.7170056252704456,39455,28401,0.7198327208211887,1.294318541845807,9.797540966199742
s1,444,robust_mahalanobis,394028,301785,315393,227814,0.7223178700858929,39391,28481,0.7230331801680587,39244,28357,0.7225817959433289,1.2958294887904283,9.865731986649003
s1,445,robust_mahalanobis,394803,302296,315800,228201,0.7226124129195693,39816,28740,0.7218203737191079,39187,28214,0.7199836680531809,1.299395804774458,9.759169356349492
s1,446,robust_mahalanobis,394391,301501,315438,227357,0.7207660459424673,39512,28503,0.7213757845717756,39441,28420,0.7205699652645724,1.295769955318437,9.787955871100998
s1,447,robust_mahalanobis,393479,300765,315065,227185,0.7210734292923683,39410,28495,0.7230398376046688,39004,27977,0.7172854066249615,1.2954941115411118,9.849938385872385
s1,448,robust_mahalanobis,392831,300231,314598,226788,0.7208818873610131,39207,28350,0.723085163363685,39026,28142,0.7211090042535745,1.3009244889994809,9.742537060223663
s1,449,robust_mahalanobis,394313,301989,315521,227950,0.722455874569363,39373,28320,0.7192746298224671,39419,28474,0.7223420178086709,1.2988743316808595,9.662907225961616
s1,450,robust_mahalanobis,393017,301395,314546,227267,0.7225238915770666,39155,28258,0.7216958242880858,39316,28619,0.7279224743107132,1.2923094631646244,9.894495945864906
s1,451,robust_mahalanobis,393373,301168,314844,227391,0.722233868201395,39342,28425,0.7225102943419247,39187,28242,0.7206981907265164,1.290525398912633,9.760513832632482
s1,452,robust_mahalanobis,393099,301150,314182,227087,0.7227880655161658,39442,28449,0.72128695299427,39475,28516,0.7223812539582014,1.296071625723874,9.928602047282752
s1,453,robust_mahalanobis,394531,302118,315496,228102,0.7229949032634329,39517,28600,0.7237391502391376,39518,28418,0.7191153398451339,1.2994037964057696,9.93873767605858
s1,454,robust_mahalanobis,393938,301679,315213,227694,0.7223496492847693,39369,28398,0.7213289644136249,39356,28419,0.7221008232543957,1.293629968474218,9.944125628343937
s1,455,robust_mahalanobis,393873,301155,315326,227343,0.7209776548714664,39160,28200,0.7201225740551583,39387,28452,0.7223703252342143,1.2958045878002193,9.9873881951821
s1,456,robust_mahalanobis,393214,301289,314842,227531,0.7226831235985034,39232,28368,0.7230831973898858,39140,28294,0.7228921819110884,1.297270613720353,9.868588393430644
s1,457,robust_mahalanobis,393270,301331,314333,227345,0.7232616365446835,39266,28242,0.7192482045535578,39671,28790,0.7257190390965693,1.2950046582803174,9.800140214031543
s1,458,robust_mahalanobis,394258,301960,315093,227756,0.7228215161872844,39325,28380,0.7216783216783217,39840,28837,0.723820281124498,1.2993175024236887,9.761750057242084
s1,459,robust_mahalanobis,393871,301868,315463,228103,0.7230737043646956,39128,28258,0.72219382539358,39280,28453,0.7243635437881873,1.298797541592228,9.85882731851765
s1,460,robust_mahalanobis,394381,302140,315291,227835,0.7226181527541223,39351,28535,0.7251404030393128,39739,28737,0.7231435114119631,1.2997098110597092,9.714998757958462
s1,461,robust_mahalanobis,394168,302170,315318,228139,0.7235203825978853,39459,28421,0.7202666058440407,39391,28436,0.721890787235663,1.2937995523061536,9.657639312177448
s1,462,robust_mahalanobis,393827,301576,315082,227674,0.7225865012917272,39144,28277,0.7223840179848764,39601,28489,0.7194010252266357,1.299953173165159,9.845962995839757
s1,463,robust_mahalanobis,394318,302054,315468,228058,0.7229195988182636,39554,28512,0.7208373362997421,39296,28272,0.7194625407166124,1.2945371420828495,9.59905561962093
s1,464,robust_mahalanobis,393715,301176,315276,227406,0.7212918205001332,39270,28478,0.7251846193022664,39169,28179,0.7194209706655774,1.2938453940682269,10.094972149269628
s1,465,robust_mahalanobis,394011,301596,315012,227374,0.7217947252803067,39534,28606,0.7235797035463145,39465,28539,0.7231470923603193,1.297252654037961,9.89561555339629
s1,466,robust_mahalanobis,394159,301555,315643,227691,0.7213560889992808,39006,28098,0.7203507152745732,39510,28641,0.7249050873196659,1.2923368412347145,9.809791142348754
s1,467,robust_mahalanobis,392479,300734,314018,226882,0.7225127222006382,39222,28273,0.7208454438835348,39239,28449,0.7250184765157114,1.2935138835271685,9.765414220609706
s1,468,robust_mahalanobis,393876,301908,315285,227983,0.7231013210270073,39375,28376,0.7206603174603174,39216,28366,0.7233272133822929,1.2911514164967157,9.833089424268781
s1,469,robust_mahalanobis,393434,300890,314125,226494,0.7210314365300438,39515,28519,0.7217259268632165,39794,28737,0.7221440418153491,1.3008454014832762,9.781649390718075
s1,470,robust_mahalanobis,394003,301556,315401,227693,0.721915910222225,39334,28497,0.7244877205471094,39268,28232,0.7189569114800856,1.29828635837789,9.875849756210586
s1,471,robust_mahalanobis,393359,301021,314710,227110,0.7216485017953036,39223,28343,0.7226117329118119,39426,28474,0.7222137675645514,1.2955396249829203,9.695770925086311
s1,472,robust_mahalanobis,393980,301723,315187,227558,0.7219777465441151,39479,28595,0.724309126370982,39314,28417,0.7228213867833342,1.2954031979768343,10.02402334071169
s1,473,robust_mahalanobis,393161,301262,314363,227157,0.722594580150972,39483,28513,0.722158903832029,39315,28479,0.7243800076306753,1.2977168670868997,9.81178291046712
s1,474,robust_mahalanobis,394631,301208,315897,227539,0.7202949062510882,39429,28433,0.7211189733444926,39305,28213,0.7177967179748124,1.2976405656231664,9.682206248766795
s1,475,robust_mahalanobis,393267,300802,314538,226912,0.7214136288779098,39434,28531,0.7235127047725313,39295,28303,0.7202697544216822,1.2970752655510998,9.866799363176993
s1,476,robust_mahalanobis,394710,302285,316048,228540,0.7231180073912823,39308,28136,0.7157830467080493,39354,28389,0.7213752096356152,1.2900898554554074,9.892431569446776
s1,477,robust_mahalanobis,392334,300585,313818,226712,0.7224314730193934,39171,28457,0.7264813254703735,39345,28543,0.7254543143982717,1.294840959349074,9.895462986006752
s1,478,robust_mahalanobis,392872,300760,314719,227344,0.7223713852674926,39321,28255,0.7185727728185957,38832,28038,0.7220333745364648,1.297411112193024,9.7867277031427
s1,479,robust_mahalanobis,393582,300812,315069,227219,0.7211721876795242,39273,28288,0.7202912942734194,39240,28317,0.7216360856269113,1.299449234777554,9.664166676640608
s1,480,robust_mahalanobis,394498,302023,315438,227746,0.7219992518339579,39656,28639,0.7221857978616099,39404,28482,0.7228200182722566,1.2954242934961593,9.812229877242565
s1,481,robust_mahalanobis,394141,302197,315241,228053,0.7234243007730593,39515,28463,0.7203087435151209,39385,28673,0.7280182810714739,1.3038106323277547,9.774479935704548
s1,482,robust_mahalanobis,394310,301476,315287,227413,0.7212888574536851,39572,28461,0.7192206610734863,39451,28391,0.7196522268130086,1.2961790996196734,9.62985212231135
s1,483,robust_mahalanobis,394740,302108,315359,227562,0.7215966565089311,39831,28698,0.7204940875197711,39550,28516,0.7210113780025285,1.2915744371238047,9.847582337444381
s1,484,robust_mahalanobis,392910,300264,314311,226492,0.7205983882205841,39595,28580,0.7218083091299407,39004,28086,0.7200799917957132,1.2990060647292787,9.768189431001337
s1,485,robust_mahalanobis,393398,300591,314722,226774,0.7205533772662858,39423,28351,0.719148720290186,39253,28369,0.722721830178585,1.3001860377869228,9.577390243550663
s1,486,robust_mahalanobis,394481,301956,315814,227961,0.721820438612601,39393,28349,0.719645622318686,39274,28328,0.7212914396292712,1.2939282906283192,9.693469832099668
s1,487,robust_mahalanobis,392614,300553,313660,226480,0.7220557291334566,39519,28441,0.7196791416786862,39435,28550,0.7239761633067072,1.2961125081980658,9.562022020855158
s1,488,robust_mahalanobis,393391,300870,314978,227158,0.7211868765437586,39393,28360,0.7199248597466555,39020,28161,0.7217068170169144,1.2987967748075957,9.73191579214635
s1,489,robust_mahalanobis,394913,302517,315705,228272,0.7230547504790865,39803,28654,0.7198954852649297,39405,28486,0.7229031848750158,1.2979185678716914,9.710512568710755
s1,490,robust_mahalanobis,394651,301773,315680,227314,0.7200772934617334,39727,28740,0.7234374606690663,39244,28495,0.7260982570584038,1.297379665882797,9.759594808446101
s1,491,robust_mahalanobis,394303,301448,315659,227568,0.7209298641888874,39192,28296,0.7219840783833436,39452,28415,0.7202423197809997,1.2944861905036178,9.929065479198108
s1,492,robust_mahalanobis,393796,301351,315069,227645,0.722524272460953,39375,28434,0.7221333333333333,39352,28295,0.719023175442163,1.295117487822747,9.866613744135915
s1,493,robust_mahalanobis,393231,301047,314203,227040,0.722590172595424,39411,28344,0.7191900738372535,39617,28515,0.7197667667920338,1.2961720030281503,9.61325073906273
s1,494,robust_mahalanobis,393706,301618,314748,227312,0.7222031593528792,39481,28533,0.7227020592183582,39477,28569,0.7236872102743369,1.2936738081586552,9.854641049474822
s1,495,robust_mahalanobis,393205,301118,314922,227433,0.7221883514012993,39181,28338,0.7232587223399096,39102,28247,0.7223927164850903,1.2952474326120011,9.796714819410058
s1,496,robust_mahalanobis,394515,301694,315858,227836,0.7213241393284324,39207,28218,0.719718417629505,39450,28386,0.7195437262357415,1.2961844397742346,9.74412398057134
s1,497,robust_mahalanobis,393155,301386,314666,227601,0.7233097951478711,38998,28076,0.7199343556079799,39491,28532,0.722493732749234,1.2919908189651768,9.972950751226119
s1,498,robust_mahalanobis,394130,301646,315734,227896,0.7217974624208986,39244,28236,0.7194985220670675,39152,28264,0.7219043727012668,1.2914608009888107,9.757557929466945
s1,499,robust_mahalanobis,393961,301507,315314,227608,0.7218455254127631,39423,28556,0.7243487304365472,39224,28322,0.7220579237201713,1.294219395207015,9.712092249656816
s1,500,robust_mahalanobis,393322,300543,314686,226923,0.721109296250866,39306,28234,0.7183127257924998,39330,28182,0.7165522501906941,1.2949577787139703,9.737515308423378
s1,501,robust_mahalanobis,393787,301617,315278,227641,0.7220326188316343,39346,28543,0.7254358765821176,39163,28187,0.7197354645966857,1.2929944333030001,9.799369461738918
s1,502,robust_mahalanobis,393316,300905,314669,227024,0.7214692263934483,39312,28380,0.7219169719169719,39335,28401,0.7220287275962883,1.297050076770784,9.799384425736369
s1,503,robust_mahalanobis,393800,301356,314929,227066,0.7210069571236691,39220,28304,0.7216726160122386,39651,28688,0.7235126478525131,1.2918754059476476,9.814173937380538
s1,504,robust_mahalanobis,393669,301061,315171,227487,0.7217891239993527,39250,28283,0.7205859872611465,39248,28143,0.7170556461475744,1.294293667977775,9.650144106618807
s1,505,robust_mahalanobis,392082,300341,313851,226665,0.7222057600581168,39183,28342,0.7233238904627006,39048,28147,0.7208307723827084,1.2964864471034896,9.692568788655734
s1,506,robust_mahalanobis,393901,301507,314750,227226,0.7219253375694996,39463,28417,0.7200922382991664,39688,28534,0.7189578713968958,1.299491793907916,9.652701100575609
s1,507,robust_mahalanobis,393971,301200,315274,227227,0.7207286360435684,39417,28532,0.7238501154324276,39280,28181,0.717438900203666,1.2936863516564991,9.76769038341572
s1,508,robust_mahalanobis,393197,300706,314359,226846,0.7216144599009413,39539,28364,0.7173676623081009,39299,28412,0.722970050128502,1.3006623151426204,9.661302641582537
s1,509,robust_mahalanobis,394145,301718,315409,227697,0.7219102815709126,39458,28534,0.723148664402656,39278,28320,0.7210143082641682,1.299004530147975,9.697484137354273
s1,510,robust_mahalanobis,392859,300428,314488,226763,0.7210545394418865,39117,28237,0.7218600608431117,39254,28330,0.7217098894380191,1.2978809950817958,9.714368145413964
s1,511,robust_mahalanobis,394151,301733,314834,227478,0.7225331444507264,39574,28406,0.717794511547986,39743,28661,0.7211584429962509,1.294794883079131,9.737263615877922
s1,512,robust_mahalanobis,393078,300750,314371,226945,0.7219018293672126,39172,28292,0.7222505871540896,39535,28445,0.7194890603262931,1.2985946671713764,9.775328304850039
s1,513,robust_mahalanobis,394284,302343,315441,228078,0.7230448800251077,39562,28537,0.7213234922400283,39281,28453,0.7243451032305694,1.29108304869973,9.696539314173814
s1,514,robust_mahalanobis,394265,301776,315201,227570,0.7219837500515544,39718,28622,0.7206304446346744,39346,28408,0.7220047781222996,1.2983757086594738,9.865238177907852
s1,515,robust_mahalanobis,394428,301738,315319,227930,0.7228552672055918,39458,28268,0.7164073191748188,39651,28465,0.7178885778416686,1.2994832442114208,9.741937936980566
s1,516,robust_mahalanobis,393422,301262,314427,227172,0.7224952055644076,39315,28480,0.7244054432150578,39680,28656,0.7221774193548387,1.2970555643463686,9.705212971037218
s1,517,robust_mahalanobis,392448,300356,313561,226395,0.7220126227432621,39376,28404,0.7213531084924827,39511,28513,0.7216471362405406,1.297797888843995,9.69057091630128
s1,518,robust_mahalanobis,394026,301599,314734,227341,0.7223274256991619,39631,28531,0.719916227195882,39661,28695,0.723506719447316,1.2970076605214702,9.713077706444231
s1,519,robust_mahalanobis,393687,301340,315240,227958,0.7231252379139703,38963,28049,0.7198880989656854,39484,28509,0.722039307061088,1.3008894185107232,9.826517760217548
s1,520,robust_mahalanobis,393654,301189,315068,227374,0.7216664339126792,39364,28456,0.7228940148358907,39222,28293,0.7213553617867523,1.3011065617083781,9.817970043962708
s1,521,robust_mahalanobis,393256,301087,314817,227326,0.7220893407916346,39273,28297,0.7205204593486619,39166,28226,0.7206760966144105,1.2962256882192855,9.928297390860907
s1,522,robust_mahalanobis,393911,301137,314985,226995,0.720653364445926,39694,28808,0.7257520028215851,39232,28355,0.7227518352365416,1.295993749943859,9.792098224710324
s1,523,robust_mahalanobis,394946,302428,315743,228306,0.7230754125982207,39484,28435,0.7201651301793132,39719,28655,0.7214431380447645,1.2986078082876955,9.855507960752913
s1,524,robust_mahalanobis,393563,301371,314190,227003,0.7225023075209268,40005,28918,0.7228596425446819,39368,28440,0.722414143466775,1.2970718984344662,9.930657226434345
s1,525,robust_mahalanobis,394130,302197,315027,227807,0.7231348424103331,39538,28678,0.7253275330062219,39565,28508,0.7205358271199293,1.2940486800434625,9.752644852714143
s1,526,robust_mahalanobis,393673,301722,315118,227783,0.7228498530709131,39309,28460,0.724007224808568,39246,28440,0.7246598379452683,1.2992390975647825,9.586240921976287
s1,527,robust_mahalanobis,393798,301679,315098,227896,0.7232543526141073,39174,28257,0.7213202634400367,39526,28514,0.7213985730911299,1.299638285465355,9.625068045998471
s1,528,robust_mahalanobis,392833,300429,314251,226935,0.7221456733630124,39096,28115,0.7191272764477185,39486,28351,0.7180013169224535,1.29903785695711,9.682403608805465
s1,529,robust_mahalanobis,394483,302181,315331,227752,0.7222632725612135,39816,28786,0.7229756881655616,39336,28452,0.723306894447834,1.2986023684966286,9.81390340602659
s1,530,robust_mahalanobis,394675,302452,315753,228324,0.7231095191494618,39753,28817,0.7249012653133097,39169,28259,0.7214634021802956,1.2976184101936412,9.768829596926032
s1,531,robust_mahalanobis,394222,302050,315673,228369,0.7234353270631317,39050,28152,0.720921895006402,39499,28476,0.7209296437884504,1.302750422586024,9.77053165424965
s1,532,robust_mahalanobis,393742,301072,314955,227057,0.720918861424648,39602,28670,0.7239533356901167,39185,28384,0.7243588107694271,1.301602399490261,9.814921257092717
s1,533,robust_mahalanobis,393254,300897,314605,227196,0.7221627119721555,39240,28332,0.7220183486238532,39409,28476,0.7225760613057931,1.300143624018698,9.769221961666519
s1,534,robust_mahalanobis,394494,301747,315389,227667,0.7218609399820539,39502,28501,0.721507771758392,39603,28398,0.7170668888720552,1.299312679470479,9.846296513991645
s1,535,robust_mahalanobis,393003,300902,314284,227174,0.7228303063471255,39221,28238,0.7199714438693557,39498,28551,0.7228467264165275,1.300056989124756,9.671752465320731
s1,536,robust_mahalanobis,393464,300990,314749,227014,0.7212540786467947,39528,28629,0.724271402550091,39187,28296,0.7220761987393779,1.296317783216106,9.74883000680167
s1,537,robust_mahalanobis,393094,301104,314976,227533,0.7223820227572895,39383,28484,0.7232562273061981,38735,28045,0.7240222021427649,1.2966593017211197,9.852489217771526
s1,538,robust_mahalanobis,393361,300891,314680,226976,0.721291470700394,39281,28360,0.7219775463964767,39400,28459,0.7223096446700508,1.2911824915588261,9.886871443458173
s1,539,robust_mahalanobis,393439,301162,314671,227359,0.7225292448303149,39467,28437,0.7205260090708694,39301,28398,0.7225770336632655,1.303699599418573,9.879505733361606
s1,540,robust_mahalanobis,394888,302137,315794,228188,0.7225849762820066,39627,28501,0.7192318368788957,39467,28431,0.7203739833278435,1.2983081079654157,9.636235919881837
s1,541,robust_mahalanobis,393826,301458,314711,227304,0.7222626473176978,39655,28572,0.7205144370192914,39460,28499,0.722225038013178,1.2948446320514688,9.756870536725584
s1,542,robust_mahalanobis,394297,302150,314949,227637,0.7227741634359849,39825,28826,0.7238166980539862,39523,28523,0.7216810464792652,1.296410266718929,9.92470651792285
s1,543,robust_mahalanobis,394053,301408,315126,227409,0.721644675463148,39548,28337,0.7165216951552543,39379,28498,0.7236852129307499,1.2935261386941264,9.864589271747397
s1,544,robust_mahalanobis,394231,301469,315714,227854,0.7217101553938058,39220,28213,0.7193523712391637,39297,28290,0.7199022826169936,1.2973086862245713,10.075392630475184
s1,545,robust_mahalanobis,394536,301655,315506,227711,0.7217327087282017,39514,28439,0.7197195930556258,39516,28388,0.718392549853224,1.2941116036893698,9.58828114580083
s1,546,robust_mahalanobis,393742,301387,315093,227576,0.7222502562735447,39095,28217,0.7217547000895255,39554,28584,0.7226576326035293,1.2954104542598914,9.915294183145233
s1,547,robust_mahalanobis,393643,301053,314501,227103,0.7221058120641906,39673,28543,0.7194565573563885,39469,28443,0.7206415161265803,1.3011839997624122,9.728145688015774
s1,548,robust_mahalanobis,393421,301070,314573,227036,0.7217275481366805,39309,28504,0.7251265613472742,39539,28631,0.7241204886314778,1.2972189525901106,9.75069330893626
s1,549,robust_mahalanobis,393773,301660,315124,227830,0.7229852375572791,39183,28260,0.7212311461603246,39466,28546,0.7233061369279886,1.3013514525258565,9.864644481083824
s1,550,robust_mahalanobis,393910,301444,315530,227877,0.7222039108801065,39140,28198,0.7204394481349004,39240,28204,0.718756371049949,1.300611550461057,9.88254463700107
s1,551,robust_mahalanobis,393922,301617,315417,227927,0.7226211649974478,39519,28352,0.717427060401326,38986,28316,0.7263120094392859,1.3029461339820205,9.638651985634585
s1,552,robust_mahalanobis,394068,301769,314839,227467,0.722486731313465,39648,28600,0.7213478611783697,39581,28661,0.7241100528031126,1.295831022779414,9.747362938080105
s1,553,robust_mahalanobis,394113,301360,315671,227836,0.7217514437499802,39243,28263,0.7202048773029585,39199,28163,0.7184622056685119,1.2974850292439308,9.821423092851392
s1,554,robust_mahalanobis,394167,301905,314997,227588,0.722508468334619,39684,28617,0.7211218627154521,39486,28594,0.7241553968495162,1.2993267144783764,9.885323847045717
s1,555,robust_mahalanobis,394217,301354,315244,227303,0.7210383068353402,39578,28710,0.7254030016675931,39395,28350,0.7196344713796167,1.2988762689525728,9.723484828380114
s1,556,robust_mahalanobis,394148,301713,315185,227606,0.7221346193505401,39339,28334,0.7202521670606777,39624,28597,0.7217090652130023,1.2974855968159258,9.742108291305476
s1,557,robust_mahalanobis,393828,301198,314633,227169,0.7220126305886541,39580,28436,0.7184436584133401,39615,28459,0.7183894989271741,1.2931923012380917,9.88519802785744
s1,558,robust_mahalanobis,394655,302153,315831,228041,0.7220348857458577,39219,28330,0.7223539610902878,39605,28662,0.7236965029667971,1.295050181030763,9.658336981276157
s1,559,robust_mahalanobis,394146,301742,315288,227669,0.7220985257922915,39403,28492,0.7230921503438824,39455,28458,0.7212774046381955,1.296175969275016,9.787017007115242
s1,560,robust_mahalanobis,394374,301945,315826,227975,0.7218373408142458,39078,28291,0.7239623317467628,39470,28552,0.7233848492525969,1.291589585678741,9.85953596363535
s1,561,robust_mahalanobis,393381,300839,314602,226979,0.7214798380175587,39035,28180,0.7219162290252338,39744,28682,0.7216686795491143,1.3016265068109636,9.664076398963106
s1,562,robust_mahalanobis,393293,300733,314744,227149,0.7216944564471444,39194,28218,0.7199571362963719,39355,28319,0.7195781984500064,1.291989535013163,9.88217455229257
s1,563,robust_mahalanobis,392358,300456,313663,226771,0.7229765703956157,39367,28335,0.7197652856453375,39328,28324,0.7201993490642798,1.299138630588943,9.647350453907611
s1,564,robust_mahalanobis,392977,301541,314240,227347,0.7234820519348268,39331,28473,0.7239327756731332,39406,28422,0.721260721717505,1.2962444630412906,10.009890339797726
s1,565,robust_mahalanobis,392996,300502,314328,226705,0.7212370517421293,39407,28501,0.7232471388332022,39261,28346,0.7219887420086091,1.2937647501403946,9.848152803921156
s1,566,robust_mahalanobis,393437,301300,314458,227207,0.7225352829312659,39646,28601,0.7214094738435151,39333,28439,0.72303155111484,1.294165394546381,9.844793188415911
s1,567,robust_mahalanobis,395017,302645,315881,228224,0.7224999287706446,39661,28706,0.7237840699931923,39475,28530,0.72273590880304,1.297185274291839,9.955471710155093
s1,568,robust_mahalanobis,394276,301505,315064,227249,0.7212788512810095,40046,28917,0.7220945912200969,39166,28299,0.7225399581269468,1.2966219408461257,9.863175321025347
s1,569,robust_mahalanobis,393298,301208,314709,227431,0.7226707847567118,39094,28252,0.722668440169847,39495,28486,0.7212558551715407,1.2945212789795897,9.809567284055692
s1,570,robust_mahalanobis,393831,301331,315009,227404,0.7218968346936119,39298,28370,0.7219196905694947,39524,28448,0.7197652059508147,1.2965139830689199,9.797999107487422
s1,571,robust_mahalanobis,393897,301503,315356,227455,0.7212642220220956,38963,28161,0.722762620948079,39578,28651,0.7239122744959321,1.2946936060865464,9.937148087590401
s1,572,robust_mahalanobis,393820,301641,314583,227230,0.7223212951748823,39551,28527,0.7212712700058153,39686,28641,0.7216902686085773,1.2953957441741386,9.609955011973689
s1,573,robust_mahalanobis,392800,300406,314223,226861,0.7219745212794735,39660,28527,0.7192889561270802,38917,27958,0.7184006989233497,1.2984781011606135,9.620868591379095
s1,574,robust_mahalanobis,393040,301713,314502,227701,0.7240049347857883,39266,28386,0.7229154994142515,39272,28533,0.7265481768180893,1.2948675204215996,9.982691612107878
s1,575,robust_mahalanobis,394726,301743,315525,227586,0.7212930829569765,39544,28515,0.7210954885696945,39657,28524,0.7192677207050457,1.2972258028157135,9.776107395026319
s1,576,robust_mahalanobis,393009,300818,314540,227205,0.7223405608189737,39155,28307,0.7229472608862214,39314,28278,0.7192857506231877,1.302497641066101,9.75095572205858
s1,577,robust_mahalanobis,394159,301502,315162,227357,0.7213972496684244,39421,28534,0.7238274016387205,39576,28473,0.7194511825348696,1.2941855870132404,9.78782867229094
s1,578,robust_mahalanobis,393787,301506,315195,227864,0.72293024952807,39387,28380,0.7205423109147688,39205,28272,0.7211325086085958,1.2986228225868046,9.69382641813575
s1,579,robust_mahalanobis,393823,301231,314491,226878,0.721413331383092,39665,28616,0.72144207739821,39667,28544,0.7195905916757002,1.2928271677519465,9.97447039316757
s1,580,robust_mahalanobis,393122,300818,314739,227331,0.7222841783191788,38978,28076,0.7203037610960029,39405,28369,0.7199340185255678,1.2991801600940085,9.867025870266122
s1,581,robust_mahalanobis,394098,301523,315323,227642,0.7219327483247336,39365,28384,0.7210466150133367,39410,28381,0.7201471707688404,1.29961635142946,9.70151613646338
s1,582,robust_mahalanobis,394336,301552,315880,227825,0.7212390781309358,39132,28173,0.7199478687519166,39324,28360,0.7211880785271081,1.2962557449352163,9.77386846904661
s1,583,robust_mahalanobis,393844,301705,315185,227720,0.7224963116899599,39359,28415,0.721944155085241,39300,28315,0.7204834605597964,1.2949755731585522,9.638009762037392
s1,584,robust_mahalanobis,393989,301870,315064,227727,0.7227960033517,39411,28429,0.7213468321027124,39514,28503,0.7213392721567039,1.2906955259749358,9.976943189731223
s1,585,robust_mahalanobis,393144,301176,314114,226944,0.7224892873288042,39524,28593,0.7234338629693351,39506,28482,0.7209537791727839,1.298943892279854,9.624014238669552
s1,586,robust_mahalanobis,393722,301560,314938,227469,0.7222659698099309,39614,28643,0.7230524562023527,39170,28269,0.7217002808271636,1.2960345039242127,9.95896930789592
s1,587,robust_mahalanobis,393264,301025,314974,227350,0.721805609351883,39162,28287,0.7223073387467442,39128,28348,0.7244939685135964,1.2927798006701179,9.878948527753325
s1,588,robust_mahalanobis,393444,300665,315022,227198,0.7212131216232517,39063,28159,0.7208611729769859,39359,28305,0.7191493686323331,1.2966964388576436,9.706867592052308
s1,589,robust_mahalanobis,393904,301641,315059,227626,0.7224868992791826,39385,28471,0.7228894249079599,39460,28322,0.7177394830207805,1.3016390534231443,9.819837719996768
s1,590,robust_mahalanobis,392131,300411,314081,227010,0.7227753350250413,38642,27822,0.7199937891413488,39408,28408,0.7208688591149005,1.2971712655110967,9.719398518083398
s1,591,robust_mahalanobis,392510,300500,313726,226612,0.7223245762225636,39469,28394,0.7194000354708758,39315,28280,0.7193183263385476,1.2974803196600995,9.810262548550133
s1,592,robust_mahalanobis,393568,301536,314515,227353,0.7228685436306694,39542,28504,0.7208537757321329,39511,28474,0.7206600693477766,1.2940388911925038,9.842822678401712
s1,593,robust_mahalanobis,393701,301722,315036,227767,0.7229872141596516,39391,28496,0.7234139778121906,39274,28397,0.7230483271375465,1.29818321786628,9.824981908381288
s1,594,robust_mahalanobis,393224,300845,315292,227553,0.7217214518604975,38921,28030,0.7201767683255826,39011,28046,0.7189254312886109,1.297113589190832,9.7041435290991
s1,595,robust_mahalanobis,392939,301015,314545,227247,0.7224626047147467,38996,28173,0.7224587137142271,39398,28461,0.7223970759937053,1.295797678307071,9.931366537272503
s1,596,robust_mahalanobis,393471,301182,314679,227300,0.7223233835114513,39434,28481,0.7222447634021403,39358,28318,0.719497941968596,1.2996083783300056,9.52010173455514
s1,597,robust_mahalanobis,393531,301372,314863,227599,0.7228508907048462,39325,28374,0.7215257469802925,39343,28431,0.7226444348422846,1.2992668928950426,9.757837557974213
s1,598,robust_mahalanobis,393333,301484,314561,227502,0.7232365105655183,39290,28282,0.7198269279714941,39482,28525,0.7224811306418114,1.2921471645618345,9.88522985123856
s1,599,robust_mahalanobis,393614,301516,315072,227779,0.7229426924639447,39022,28200,0.7226692634923889,39520,28466,0.7202935222672064,1.2979327041801447,9.857964767876462
s1,600,robust_mahalanobis,393047,301075,314624,227572,0.7233141781936534,39224,28253,0.7202987966551091,39199,28329,0.722697007576724,1.294293643768489,9.75760003763949
s1,601,robust_mahalanobis,394125,301712,315196,227787,0.7226836634982677,39725,28576,0.7193455003146633,39204,28207,0.7194929088868482,1.2908767010112525,9.906785684287309
s1,602,robust_mahalanobis,394012,301673,315122,227648,0.7224122720724037,39278,28355,0.7219053923315851,39612,28605,0.7221296576794911,1.293591171963337,9.934048514243056
s1,603,robust_mahalanobis,394062,301879,315346,227851,0.7225428576864777,39239,28371,0.7230306582736563,39477,28593,0.7242951592066267,1.2934079097450757,9.962238342126652
s1,604,robust_mahalanobis,393916,301416,315020,227502,0.7221827185575519,39723,28564,0.7190796264129093,39173,28286,0.722078982972966,1.296840370335098,9.800610036837867
s1,605,robust_mahalanobis,394578,302101,316307,228522,0.7224689937307742,38858,28085,0.7227597920634103,39413,28357,0.7194834191764139,1.295605747004772,10.196092887487106
s1,606,robust_mahalanobis,393718,301000,315186,227312,0.7211995456650994,39369,28398,0.7213289644136249,39163,28231,0.7208589740316115,1.3006445557745514,9.754739924208124
s1,607,robust_mahalanobis,394970,302967,316206,228816,0.7236295326464394,39482,28475,0.7212147307633858,39282,28493,0.7253449417035792,1.2973234906183417,9.849128786852729
s1,608,robust_mahalanobis,393884,302062,315122,228252,0.7243289900419521,39333,28263,0.7185569369231942,39429,28459,0.7217783864668138,1.2958789492238028,9.921618380322444
s1,609,robust_mahalanobis,394509,302464,315739,228394,0.7233632842315963,39433,28559,0.7242411178454594,39337,28522,0.7250680021353941,1.3024370748965817,9.870307601059187
s1,610,robust_mahalanobis,393655,301047,314865,227435,0.7223254410620424,39224,28322,0.7220579237201713,39566,28295,0.715134206136582,1.3017918873553256,9.925314165968947
s1,611,robust_mahalanobis,393625,301372,314945,227577,0.7225928336693709,39552,28582,0.7226436084142395,39128,28230,0.7214782253117972,1.2985050039612025,9.84687657434727
s1,612,robust_mahalanobis,393777,301535,315151,227567,0.7220887764912692,39305,28399,0.7225289403383793,39321,28417,0.7226927087307037,1.299960911070186,10.059735974517386
s1,613,robust_mahalanobis,394911,302982,316373,228964,0.7237153612982145,39233,28571,0.728238982489231,39305,28372,0.7218420048339906,1.2975400474768697,10.038874406108734
s1,614,robust_mahalanobis,393344,300544,314620,226812,0.7209077617443265,39400,28339,0.719263959390863,39324,28339,0.7206540535042213,1.3031654597559839,9.842695922305207
s1,615,robust_mahalanobis,393117,301096,314049,226897,0.7224891657034411,39607,28646,0.7232559901027596,39461,28634,0.7256278350776716,1.29626220420792,9.885739927127132
s1,616,robust_mahalanobis,393686,301537,314569,227310,0.7226077585521777,39630,28579,0.7211455967701237,39487,28509,0.7219844505786714,1.2965005972207355,9.700514018298277
s1,617,robust_mahalanobis,394221,302089,315046,227701,0.7227547723189629,39928,28813,0.7216239230615107,39247,28420,0.7241317807730527,1.2936642274841312,9.839385758201173
s1,618,robust_mahalanobis,394229,301339,315683,227778,0.7215402793308477,39085,28099,0.7189203019061021,39461,28494,0.7220800283824536,1.300493424518682,9.727617559440803
s1,619,robust_mahalanobis,394186,301304,315372,227787,0.7222803546288193,39267,28171,0.7174217536353681,39547,28465,0.7197764685058285,1.3016721850290662,9.736058559907843
s1,620,robust_mahalanobis,393900,301061,315783,227577,0.7206752738431138,39005,28176,0.7223689270606333,39112,28215,0.7213898547760278,1.2931488621979392,9.84906717875518
s1,621,robust_mahalanobis,393349,300802,314618,227129,0.7219199155801639,39409,28452,0.7219670633611611,39322,28404,0.7223437261583846,1.304349885743463,9.760181846630882
s1,622,robust_mahalanobis,393521,300899,314698,226890,0.7209769366185994,39514,28491,0.7210355823252518,39309,28395,0.7223536594672976,1.2959910517274427,9.969356427413508
s1,623,robust_mahalanobis,393497,300934,314784,227162,0.7216440479821083,39460,28364,0.7188038520020273,39253,28351,0.7222632665019234,1.2988152756614215,9.787618595466432
s1,624,robust_mahalanobis,393783,301292,315226,227406,0.721406229181603,39273,28330,0.7213607312912179,39284,28467,0.7246461663781693,1.2972320260912005,9.885576664900805
s1,625,robust_mahalanobis,394376,302106,315116,227772,0.7228195331243098,39706,28651,0.721578602730066,39554,28647,0.7242503918693431,1.2977749792191253,9.782524889669906
s1,626,robust_mahalanobis,394311,301540,315162,227439,0.7216574333200069,39593,28418,0.7177531381809916,39556,28445,0.7191070886843968,1.2954315818463802,9.748698834522859
s1,627,robust_mahalanobis,394464,302178,315497,227979,0.7226027505808296,39872,28879,0.7242927367576244,39095,28259,0.722829006266786,1.2959970754405523,9.746716918693172
s1,628,robust_mahalanobis,393576,301407,314933,227502,0.7223822209803356,39222,28366,0.7232165621334965,39421,28419,0.7209101747799396,1.2963839728707376,9.803633537457994
s1,629,robust_mahalanobis,394367,301859,315725,228076,0.722388154248159,39625,28584,0.7213627760252366,39017,28067,0.7193531024937848,1.2947530815118582,9.855257051789028
s1,630,robust_mahalanobis,393477,301162,314781,227220,0.7218351806494039,39412,28517,0.7235613518725261,39284,28434,0.7238061297220242,1.2954307524978854,9.779475645514177
s1,631,robust_mahalanobis,394295,301702,315359,227657,0.7218979004880153,39524,28548,0.7222953142394495,39412,28472,0.7224195676443723,1.3042067058412439,9.818877998452622
s1,632,robust_mahalanobis,393842,301687,315092,227717,0.7227000368146446,39425,28421,0.7208877615726063,39325,28276,0.7190336935791481,1.2980942600543355,9.851604337426608
s1,633,robust_mahalanobis,394191,301423,315069,227316,0.7214800567494739,39728,28769,0.7241492146596858,39394,28425,0.7215565822206428,1.2947289151595365,9.764756643792607
s1,634,robust_mahalanobis,393221,300868,314408,227030,0.7220872242436579,39324,28334,0.7205269046892483,39489,28512,0.7220238547443592,1.296620848453868,9.90598083371343
s1,635,robust_mahalanobis,393783,301443,315296,227597,0.7218518471531513,39314,28457,0.7238388360380527,39173,28235,0.7207770658361626,1.294736364322014,9.863303414954814
s1,636,robust_mahalanobis,393111,301034,314244,227066,0.7225786331640381,39127,28268,0.7224678610678048,39740,28553,0.7184952189229995,1.2959708742330869,9.835352593867787
s1,637,robust_mahalanobis,394131,301814,315595,227946,0.722273800282007,38959,28163,0.7228881644806078,39577,28597,0.7225661368976931,1.2946526603891684,9.751805866827256
s1,638,robust_mahalanobis,392609,300617,314244,226935,0.7221617596517356,39349,28458,0.7232204122086965,39016,28066,0.7193459093705147,1.2943263155363005,9.752100795778277
s1,639,robust_mahalanobis,393351,300895,315018,227317,0.7216000355535239,39238,28315,0.721621897140527,39095,28268,0.7230592147333419,1.2924211781016406,9.967965111253644
s1,640,robust_mahalanobis,394175,301707,315194,227553,0.7219458492230182,39726,28604,0.7200322207118763,39255,28324,0.7215386574958604,1.2967815904894062,9.811062571373922
s1,641,robust_mahalanobis,394142,301796,315288,227683,0.7221429296389333,39602,28709,0.7249381344376546,39252,28384,0.7231223886680933,1.2975207964047186,9.831224538661154
s1,642,robust_mahalanobis,393824,301567,314981,227550,0.7224245271937038,39418,28388,0.7201785986097722,39425,28473,0.7222067216233354,1.2933854355294097,9.706396160038162
s1,643,robust_mahalanobis,394902,302056,316112,227909,0.7209754770461102,39288,28436,0.7237833435145592,39502,28590,0.7237608222368488,1.298942035760433,9.738357479053164
s1,644,robust_mahalanobis,393091,301353,314042,227125,0.7232312875347884,39700,28832,0.7262468513853905,39349,28320,0.7197133345193016,1.299648856478647,9.70841105372175
s1,645,robust_mahalanobis,393571,300916,314801,227165,0.7216146073233567,39390,28468,0.7227215029195228,39380,28268,0.7178263077704419,1.2974360564819802,9.74263775806496
s1,646,robust_mahalanobis,394821,301990,316149,227956,0.7210397628966089,39533,28511,0.7211949510535502,39139,28271,0.7223230026316462,1.2984199616263106,9.781203894371234
s1,647,robust_mahalanobis,394295,301991,315350,227855,0.7225463770413826,39601,28602,0.7222544885230171,39344,28356,0.7207198047986987,1.296438334211012,9.744725871631875
s1,648,robust_mahalanobis,394036,301505,315163,227381,0.7214711117739074,39588,28573,0.7217591189249267,39285,28413,0.7232531500572738,1.2920550030349858,9.713986519780844
s1,649,robust_mahalanobis,394185,301259,315206,227269,0.7210173664206899,39292,28245,0.7188486205843428,39687,28485,0.7177413258749716,1.2958547373076308,9.583240538773786
s1,650,robust_mahalanobis,393122,300776,314377,226825,0.7215063442936347,39348,28376,0.721154823625089,39397,28365,0.7199786785795873,1.2917527632856731,9.630125377089978
s1,651,robust_mahalanobis,393088,301053,314404,227175,0.7225576010483327,39155,28219,0.7206997829140596,39529,28535,0.721875079055883,1.2976807683796332,9.746873204965413
s1,652,robust_mahalanobis,392824,300692,314732,227116,0.7216171218687646,38873,28016,0.7207058884058344,39219,28442,0.7252097197786787,1.2969827031046641,9.653926548348572
s1,653,robust_mahalanobis,394179,301392,315348,227410,0.7211398201352157,39428,28513,0.7231662777721416,39403,28500,0.7232951805700074,1.298729193289111,9.788734492289452
s1,654,robust_mahalanobis,394389,301582,315533,227704,0.7216487657392412,39155,28062,0.7166900778955434,39701,28572,0.7196796050477318,1.2943730589168359,9.73782072641252
s1,655,robust_mahalanobis,394636,302190,315974,228260,0.7224012102261579,39364,28352,0.7202520069098669,39298,28297,0.7200620896737747,1.2973886884098786,9.885290168702324
s1,656,robust_mahalanobis,394646,302250,315781,228390,0.7232544073265966,39305,28267,0.7191705889835899,39560,28447,0.7190849342770476,1.2982118702964935,9.88285660457759
s1,657,robust_mahalanobis,393757,301461,314780,227271,0.7219994917084949,39521,28458,0.7200728726499835,39456,28612,0.7251622060016221,1.2957466551151697,9.832306732304522
s1,658,robust_mahalanobis,393821,301731,315233,227892,0.7229319265432236,39256,28338,0.721876910535969,39332,28295,0.7193887928404352,1.2973929211228978,9.658025813477135
s1,659,robust_mahalanobis,394141,301544,315462,227716,0.7218492243122785,39170,28281,0.7220066377329589,39509,28422,0.71938039434053,1.295107377075691,9.899306661190407
s1,660,robust_mahalanobis,393623,301370,314812,227447,0.7224851657497173,39304,28325,0.7206645634032159,39507,28360,0.7178474700685954,1.2951794065548334,10.06322772471151
s1,661,robust_mahalanobis,395002,302315,316220,228496,0.7225855417114667,39296,28242,0.7186991042345277,39486,28490,0.7215215519424606,1.2992414844951872,9.791875503484052
s1,662,robust_mahalanobis,393019,300713,314428,227053,0.7221144427341076,39397,28418,0.7213239586770567,39194,28186,0.7191406847986936,1.292839392135608,9.863842120944582
s1,663,robust_mahalanobis,393619,302008,314612,227715,0.7237962951190673,39296,28340,0.721192996742671,39711,28818,0.7256931328850948,1.2959220513302254,9.58890409118751
s1,664,robust_mahalanobis,394487,302462,315404,228104,0.723212134278576,39673,28509,0.7185995513321403,39410,28503,0.7232428317685866,1.288885339204794,9.667931613095707
s1,665,robust_mahalanobis,393896,301442,315341,227637,0.7218756837835867,39512,28394,0.7186171289734764,39043,28180,0.7217683067387239,1.289511502724408,9.94609641437706
s1,666,robust_mahalanobis,393832,301429,314838,227200,0.7216409709120246,39499,28506,0.7216891566875111,39495,28592,0.7239397392074947,1.2974068135150683,9.742838688971096
s1,667,robust_mahalanobis,394578,301993,315332,227541,0.7215918460543174,39631,28594,0.7215058918523378,39615,28567,0.7211157389877572,1.2930737482389525,9.80511245810703
s1,668,robust_mahalanobis,393150,300919,314856,227420,0.7222984475442742,39141,28227,0.721161952939373,39153,28207,0.7204301075268817,1.2988409309738462,9.709053399279972
s1,669,robust_mahalanobis,393446,300906,315041,227094,0.7208395097780924,39308,28443,0.7235931616973644,39097,28334,0.7247103358313937,1.2945337946555098,9.790450472280073
s1,670,robust_mahalanobis,394112,301927,315345,227922,0.7227702991961186,39496,28479,0.7210603605428397,39271,28342,0.7217030378650913,1.2889365872106084,9.793492639534735
s1,671,robust_mahalanobis,393205,300723,314300,226821,0.7216703786191537,39274,28276,0.7199674084636146,39631,28489,0.7188564507582448,1.2922004946434018,9.712406830456146
s1,672,robust_mahalanobis,393528,300593,315221,227119,0.7205071997106792,39161,28224,0.7207170399121575,39146,28245,0.721529658202626,1.2947135425389773,9.821204185657546
s1,673,robust_mahalanobis,395328,302255,316083,227995,0.7213137055773325,39504,28471,0.7207118266504657,39741,28629,0.7203895221559599,1.300142723789906,9.76387589930333
s1,674,robust_mahalanobis,393012,300904,314331,227152,0.7226522360187191,39229,28338,0.7223737541104794,39452,28437,0.7207999594443881,1.3010754760539123,9.713782709729983
s1,675,robust_mahalanobis,393120,301060,314642,227445,0.7228691655913705,39293,28381,0.7222915023032093,39185,28276,0.7216026540768151,1.2954118804205899,9.7061724919193
s1,676,robust_mahalanobis,392933,300842,314148,226776,0.7218763130753657,39619,28664,0.723491254196219,39166,28301,0.7225910228259205,1.2967030123232814,9.697278601244259
s1,677,robust_mahalanobis,394094,301047,315297,227220,0.720653859694193,39443,28475,0.7219278452450372,39354,28385,0.7212735681252224,1.30167090210728,9.786922918511342
s1,678,robust_mahalanobis,393716,301327,314976,227429,0.7220518388702631,39466,28548,0.7233568134596868,39274,28386,0.7227682436217345,1.2912383318116296,10.01672834860389
s1,679,robust_mahalanobis,393150,300707,314621,226959,0.721372699215882,39299,28303,0.720196442657574,39230,28252,0.7201631404537344,1.2933535241321976,9.93358057630588
s1,680,robust_mahalanobis,393057,301109,314403,227398,0.7232691800014631,39330,28328,0.7202644291889143,39324,28324,0.7202726070593022,1.2941763309399124,9.905108848240001
s1,681,robust_mahalanobis,394291,301996,315517,227948,0.7224586947771435,39442,28453,0.7213883677298312,39332,28327,0.7202023797416861,1.2927717447293734,10.098886351462715
s1,682,robust_mahalanobis,393638,301713,314924,227732,0.7231332003912055,39136,28332,0.7239370400654129,39578,28751,0.7264389307190864,1.302534243087914,9.705503053291734
s1,683,robust_mahalanobis,393357,301385,314711,227430,0.7226630146388273,39231,28346,0.7225408477989346,39415,28508,0.7232779398706076,1.2979065746874803,9.734944461543169
s1,684,robust_mahalanobis,393306,301299,314597,227251,0.722355902948852,39488,28568,0.7234602917341977,39221,28333,0.7223936156650774,1.2956607215930243,9.938088707710591
s1,685,robust_mahalanobis,392755,300988,314409,227249,0.7227814725405444,38914,27982,0.719072827260112,39432,28509,0.7229914790018259,1.2931701488725236,9.838849920242332
s1,686,robust_mahalanobis,393814,301793,314570,227430,0.7229869345455702,39651,28645,0.722428185922171,39593,28573,0.7216679716111434,1.2979088983520661,10.016668676712312
s1,687,robust_mahalanobis,393781,301290,315236,227816,0.7226839574160312,39195,28192,0.7192754177828805,39350,28262,0.7182210927573063,1.3022310892301159,9.836112665988397
s1,688,robust_mahalanobis,394173,301535,315321,227534,0.7215948192476873,39290,28367,0.7219903283278187,39562,28527,0.7210707244325363,1.299453124994343,9.863887870989245
s1,689,robust_mahalanobis,394263,302135,315405,227995,0.7228642538957848,39341,28578,0.7264177321369564,39517,28465,0.7203228990054913,1.295041717203397,9.796686566020915
s1,690,robust_mahalanobis,392491,300738,314366,227303,0.7230521112334031,39092,28193,0.721196152665507,39033,28253,0.7238234314554352,1.299926494118075,9.701459867049026
s1,691,robust_mahalanobis,393343,300741,314262,226771,0.7215985387988366,39563,28454,0.7192073401915932,39518,28497,0.7211144288678577,1.2985697513417602,9.702349594912608
s1,692,robust_mahalanobis,393140,300787,314287,226792,0.7216079570583575,39334,28456,0.723445365332791,39519,28504,0.7212733115716491,1.297196437848204,9.689933583476904
s1,693,robust_mahalanobis,394953,302049,316529,228133,0.7207333293315936,39104,28337,0.7246573240589198,39320,28432,0.7230925737538149,1.295621749325665,9.776083936236683
s1,694,robust_mahalanobis,394148,301657,315111,227525,0.722047151638629,39461,28538,0.7231950533438078,39576,28567,0.7218263594097433,1.296765849897454,9.683938531661376
s1,695,robust_mahalanobis,393263,300746,314696,227136,0.7217632254620332,39254,28274,0.7202832832322821,39313,28316,0.72027064838603,1.2949956044529225,9.980293605599204
s1,696,robust_mahalanobis,393973,301705,314584,227282,0.7224842967220202,39740,28734,0.7230498238550579,39649,28561,0.7203460364700245,1.2980695239160933,9.71242675340656
s1,697,robust_mahalanobis,395140,302289,316219,228460,0.722473981639307,39394,28440,0.7219373508656141,39527,28343,0.7170541655071218,1.3020634986513522,9.725888285300186
s1,698,robust_mahalanobis,394000,301748,314839,227452,0.7224390879147755,39519,28606,0.723854348541208,39642,28626,0.7221129105494173,1.2975688149829332,9.817999060883734
s1,699,robust_mahalanobis,393177,301205,314705,227266,0.7221556695953353,39438,28595,0.7250621228257011,39034,28175,0.7218066301173336,1.2967007352250455,10.010261284609733
s1,700,robust_mahalanobis,393306,301141,314446,227245,0.7226837040382132,39527,28527,0.7217092114251018,39333,28448,0.7232603666132764,1.3025082710274603,9.847661483793127
s1,701,robust_mahalanobis,393262,301075,314514,227322,0.7227722772277227,39225,28203,0.7190057361376673,39523,28534,0.7219593654327859,1.2965253272077428,9.873649149955103
s1,702,robust_mahalanobis,394192,301804,315362,227903,0.7226710890976085,39396,28422,0.7214438014011575,39434,28490,0.7224729928488107,1.2964205633426698,9.908849432708786
s1,703,robust_mahalanobis,393962,301847,315719,228225,0.7228738213411293,39224,28280,0.7209871507240465,39019,28293,0.7251082805812553,1.2984272987441257,9.74645786646612
s1,704,robust_mahalanobis,393287,301627,314325,227502,0.7237795275590552,39629,28704,0.7243180499129426,39333,28386,0.7216840820684921,1.302067440294169,9.845705484603972
s1,705,robust_mahalanobis,393128,300837,314122,226788,0.721974264776106,39555,28486,0.7201618000252813,39451,28577,0.7243669361993359,1.299023959268671,9.862408536026939
s1,706,robust_mahalanobis,392037,300454,314038,227085,0.723113126436928,39170,28154,0.7187643604799592,38829,28182,0.725797728501893,1.296300467849807,9.966762347785618
s1,707,robust_mahalanobis,392356,300066,313807,226476,0.7217047420866965,39262,28336,0.7217156538128471,39287,28287,0.7200091633364726,1.298150310483532,9.681985350774653
s1,708,robust_mahalanobis,393822,301093,315082,227378,0.7216470633041557,39216,28274,0.7209812321501428,39524,28424,0.7191579799615424,1.295823135638393,9.916369524159194
s1,709,robust_mahalanobis,394060,301329,314874,227134,0.7213488570031187,39476,28372,0.7187151687101023,39710,28757,0.7241752707126669,1.298166529650179,9.603965669190387
s1,710,robust_mahalanobis,394976,302340,315689,227871,0.721821159432226,39301,28460,0.7241546016640797,39986,28936,0.7236532786475266,1.3015536850487983,9.682723619123285
s1,711,robust_mahalanobis,393908,301497,315109,227593,0.7222675328219759,39769,28567,0.7183233171565793,39030,28247,0.7237253394824494,1.2986773411679586,9.7892609547257
s1,712,robust_mahalanobis,394963,302734,315831,228164,0.7224243345333422,39387,28594,0.7259755756975652,39745,28808,0.7248207321675683,1.2980628477187157,9.712214123168415
s1,713,robust_mahalanobis,394223,301502,315059,227175,0.721055421365522,39539,28655,0.7247274842560509,39625,28643,0.7228517350157728,1.2925983380179606,9.754455071310367
s1,714,robust_mahalanobis,394439,301754,315325,227609,0.7218235154205977,39442,28297,0.7174331930429492,39672,28799,0.7259276063722525,1.299695525050991,9.726459044927479
s1,715,robust_mahalanobis,392967,301068,314575,227455,0.7230549153619964,38907,28091,0.7220037525381037,39485,28545,0.7229327592756744,1.3028669510602309,9.859046838194232
s1,716,robust_mahalanobis,393789,301365,314893,227203,0.7215244543384578,39469,28573,0.7239352403151841,39427,28535,0.7237426129302255,1.2984217387505046,9.788381997386415
s1,717,robust_mahalanobis,395133,302652,316414,228714,0.7228314802758411,39319,28358,0.7212289224039269,39400,28593,0.7257106598984772,1.2966874661207386,9.805507997587437
s1,718,robust_mahalanobis,393494,300666,314752,226870,0.7207897010980073,39227,28251,0.7201927243990108,39515,28463,0.7203087435151209,1.292704112005719,9.91329047921272
s1,719,robust_mahalanobis,393539,301072,314643,227021,0.7215193091853307,39442,28449,0.72128695299427,39454,28481,0.7218786434835505,1.3005300216832576,9.674375443385747
