dataset,run_id,candidate,total,inside,train_total,train_accepted,train_retention,validation_total,validation_accepted,validation_retention,test_total,test_accepted,test_retention,distance_p50,distance_p99
s2,0,baseline_3sigma,87852,77907,70472,60562,0.8593767737541151,8823,7523,0.8526578261362349,8557,7332,0.8568423512913405,0.5696848630905151,5.330066204071045
s2,1,baseline_3sigma,87597,77803,69934,60085,0.8591672148025281,8842,7589,0.8582899796426148,8821,7591,0.8605600272077996,0.5525659322738647,5.250617504119873
s2,2,baseline_3sigma,87639,77684,70131,60210,0.8585361680284039,8724,7493,0.8588950022925264,8784,7521,0.8562158469945356,0.5549197793006897,5.360520362854004
s2,3,baseline_3sigma,88316,78349,70441,60483,0.8586334663051348,8937,7683,0.8596844578717691,8938,7706,0.8621615573953905,0.5548308491706848,5.29529333114624
s2,4,baseline_3sigma,87705,77778,70166,60255,0.8587492517743637,8807,7604,0.8634041103667537,8732,7446,0.8527256069628951,0.556056022644043,5.313174247741699
s2,5,baseline_3sigma,87936,77922,70372,60336,0.8573864605240721,8789,7556,0.8597110023893503,8775,7527,0.8577777777777778,0.5624263286590576,5.4295573234558105
s2,6,baseline_3sigma,87565,77592,70249,60319,0.8586456746715255,8649,7422,0.8581338883107874,8667,7432,0.8575054805584401,0.567245602607727,5.212284088134766
s2,7,baseline_3sigma,87663,77830,70067,60276,0.8602623203505216,8763,7514,0.8574689033436038,8833,7602,0.8606362504245443,0.5664686560630798,5.242669582366943
s2,8,baseline_3sigma,88075,78099,70311,60397,0.8589978808436802,8913,7649,0.8581846740715808,8851,7542,0.8521071065416337,0.5564406514167786,5.3157057762146
s2,9,baseline_3sigma,87965,77845,70397,60279,0.8562722843302981,8789,7525,0.8561838661963819,8779,7547,0.8596651099214033,0.5575665235519409,5.271910667419434
s2,10,baseline_3sigma,87825,77944,70312,60412,0.8591989987484355,8709,7489,0.8599150304282925,8804,7594,0.8625624716038165,0.5528485774993896,5.377810955047607
s2,11,baseline_3sigma,88069,78260,70363,60521,0.8601253499708653,8901,7707,0.8658577687900236,8805,7565,0.8591709256104486,0.568677544593811,5.184088706970215
s2,12,baseline_3sigma,87478,77507,69778,59850,0.8577201983433174,8839,7569,0.8563185880755741,8861,7626,0.8606252116013994,0.5545738935470581,5.378233909606934
s2,13,baseline_3sigma,88046,78041,70440,60421,0.8577654741624077,8842,7609,0.8605519113322778,8764,7529,0.8590826106800548,0.5742776393890381,5.259313106536865
s2,14,baseline_3sigma,87967,78131,70300,60426,0.8595448079658606,8868,7595,0.8564501578709969,8799,7594,0.8630526196158654,0.5659239292144775,5.3277587890625
s2,15,baseline_3sigma,88337,78322,70567,60582,0.8585032663993084,8898,7655,0.860305686671162,8872,7610,0.8577547339945897,0.5511050224304199,5.413019180297852
s2,16,baseline_3sigma,87700,77778,70273,60302,0.8581105118608854,8699,7445,0.8558454994826992,8728,7490,0.8581576535288726,0.5617620944976807,5.317956447601318
s2,17,baseline_3sigma,88310,78283,70802,60769,0.8582949634191125,8792,7542,0.857825295723385,8716,7478,0.8579623680587426,0.5767978429794312,5.265152454376221
s2,18,baseline_3sigma,87654,77649,70010,60154,0.8592201114126553,8656,7406,0.8555914972273567,8988,7706,0.8573653760569648,0.5631948113441467,5.4210357666015625
s2,19,baseline_3sigma,88455,78434,70648,60645,0.8584107122636168,8965,7764,0.8660345789180145,8842,7517,0.8501470255598281,0.553745448589325,5.282166957855225
s2,20,baseline_3sigma,87884,78101,70389,60481,0.859239369787893,8701,7462,0.8576025744167337,8794,7612,0.8655901751193996,0.5695529580116272,5.422151565551758
s2,21,baseline_3sigma,88091,78209,70500,60540,0.8587234042553191,8676,7536,0.8686030428769018,8915,7655,0.8586651710600112,0.5626616477966309,5.3222246170043945
s2,22,baseline_3sigma,87785,77920,70272,60359,0.8589338570127505,8639,7383,0.8546128024076861,8874,7610,0.857561415370746,0.5743404626846313,5.393636226654053
s2,23,baseline_3sigma,87919,77907,70510,60435,0.8571124663168345,8667,7469,0.8617745471328025,8742,7499,0.8578128574696866,0.546750009059906,5.249514102935791
s2,24,baseline_3sigma,88089,78124,70387,60502,0.8595621350533479,8934,7649,0.8561674501902843,8768,7493,0.8545848540145985,0.5615195631980896,5.337802410125732
s2,25,baseline_3sigma,88418,78459,70742,60763,0.8589381131435356,8840,7627,0.8627828054298643,8836,7530,0.8521955636034405,0.5665438175201416,5.297698497772217
s2,26,baseline_3sigma,87922,77992,70282,60430,0.8598218605048235,8857,7585,0.8563847803996839,8783,7586,0.8637139929409086,0.5419392585754395,5.296273231506348
s2,27,baseline_3sigma,87677,77749,70101,60199,0.8587466655254561,8777,7547,0.8598610003418025,8799,7554,0.8585066484827821,0.5667438507080078,5.33239221572876
s2,28,baseline_3sigma,87989,78026,70212,60261,0.8582720902409845,8872,7641,0.861248872858431,8905,7644,0.8583941605839416,0.5566585659980774,5.3019537925720215
s2,29,baseline_3sigma,87992,77932,70542,60457,0.8570355249354994,8606,7405,0.8604462003253543,8844,7621,0.8617141564902759,0.5624960660934448,5.254332542419434
s2,30,baseline_3sigma,88401,78380,70513,60507,0.8580970884801384,8994,7679,0.8537914164998888,8894,7629,0.8577692826624691,0.5673421621322632,5.318490505218506
s2,31,baseline_3sigma,87687,77859,70139,60297,0.8596786381328505,8831,7568,0.8569810893443551,8717,7529,0.8637145807043708,0.5586509108543396,5.372296333312988
s2,32,baseline_3sigma,87854,77882,70293,60294,0.8577525500405446,8761,7539,0.8605182056842826,8800,7566,0.8597727272727272,0.5469483137130737,5.285029888153076
s2,33,baseline_3sigma,88492,78458,70682,60689,0.8586202993690049,8938,7666,0.8576862832848512,8872,7620,0.8588818755635708,0.563399076461792,5.265895366668701
s2,34,baseline_3sigma,87821,77895,70215,60266,0.8583066296375418,8798,7524,0.8551943623550807,8808,7599,0.8627384196185286,0.5525590181350708,5.335179328918457
s2,35,baseline_3sigma,87768,77860,70253,60434,0.860233726673594,8727,7440,0.8525266414575455,8788,7504,0.8538916704597178,0.5609249472618103,5.3939032554626465
s2,36,baseline_3sigma,87965,77921,70306,60267,0.8572099109606577,8809,7569,0.8592348734249063,8850,7598,0.8585310734463277,0.5638507604598999,5.3250226974487305
s2,37,baseline_3sigma,87844,77670,70309,60204,0.8562772902473368,8733,7483,0.8568647658307569,8802,7507,0.8528743467393775,0.5644375085830688,5.352801322937012
s2,38,baseline_3sigma,88143,78219,70534,60650,0.8598689993478322,8893,7545,0.8484201057011133,8716,7534,0.8643873336392841,0.5607025027275085,5.33438777923584
s2,39,baseline_3sigma,88020,77923,70366,60302,0.8569763806383764,8847,7577,0.8564485136204363,8807,7559,0.8582945384353355,0.5772746801376343,5.224333763122559
s2,40,baseline_3sigma,87970,78147,70595,60730,0.860259225157589,8681,7426,0.8554314019122221,8694,7477,0.8600184034966644,0.555381178855896,5.334216594696045
s2,41,baseline_3sigma,87643,77702,70175,60243,0.8584681154257214,8729,7474,0.8562263718639019,8739,7486,0.8566197505435404,0.566462516784668,5.367190361022949
s2,42,baseline_3sigma,87717,77954,70171,60399,0.8607401918171325,8778,7512,0.8557758031442242,8768,7522,0.8578923357664233,0.5507699251174927,5.390453338623047
s2,43,baseline_3sigma,88060,78218,70226,60372,0.8596815994076268,8831,7614,0.8621900124561205,9003,7735,0.8591580584249695,0.5495621562004089,5.344980716705322
s2,44,baseline_3sigma,87256,77393,69490,59680,0.858828608432868,8928,7649,0.8567428315412187,8838,7633,0.8636569359583616,0.5597749352455139,5.447213649749756
s2,45,baseline_3sigma,88534,78451,70765,60720,0.8580512965449021,8957,7712,0.8610025678240483,8812,7527,0.8541761234679982,0.5783828496932983,5.416753768920898
s2,46,baseline_3sigma,87359,77437,69782,59965,0.859319022097389,8786,7506,0.8543136808559071,8791,7479,0.8507564554658174,0.5575474500656128,5.227908134460449
s2,47,baseline_3sigma,88111,78244,70565,60718,0.8604548997378304,8708,7479,0.858865411116215,8838,7569,0.8564154786150713,0.5489194393157959,5.250305652618408
s2,48,baseline_3sigma,88430,78562,70820,61000,0.8613386049138662,8777,7562,0.8615700125327561,8833,7575,0.8575795313030681,0.5539594292640686,5.311700344085693
s2,49,baseline_3sigma,88320,78361,70542,60590,0.8589209265402171,8905,7661,0.8603032004491858,8873,7632,0.8601374957736955,0.5512375235557556,5.177234649658203
s2,50,baseline_3sigma,88223,78127,70716,60632,0.8574014367328469,8851,7606,0.8593379279177494,8656,7463,0.8621765249537893,0.5546349287033081,5.3886284828186035
s2,51,baseline_3sigma,87788,77906,70339,60535,0.8606178649113578,8749,7487,0.8557549434221053,8700,7448,0.8560919540229885,0.5535280108451843,5.325870513916016
s2,52,baseline_3sigma,87814,77867,70273,60335,0.8585801090034579,8668,7422,0.8562528841716659,8873,7645,0.8616026146737293,0.5743197798728943,5.225929260253906
s2,53,baseline_3sigma,87796,77934,70288,60360,0.8587525608923287,8707,7485,0.8596531526358102,8801,7603,0.8638791046471992,0.5548517107963562,5.315945625305176
s2,54,baseline_3sigma,87658,77969,70254,60433,0.8602072479858798,8869,7676,0.8654865261021536,8535,7335,0.859402460456942,0.5661083459854126,5.260254383087158
s2,55,baseline_3sigma,87555,77747,70131,60167,0.8579230297585946,8721,7521,0.8624011007911937,8703,7536,0.8659083074801792,0.5582848191261292,5.319015026092529
s2,56,baseline_3sigma,87518,77654,69929,60033,0.8584850348210328,8910,7706,0.8648709315375982,8679,7488,0.8627722087798133,0.562414824962616,5.2983245849609375
s2,57,baseline_3sigma,87703,77667,70232,60255,0.8579422485476705,8632,7369,0.8536839666357738,8839,7595,0.8592600972960742,0.557006299495697,5.318367004394531
s2,58,baseline_3sigma,87715,77712,70280,60273,0.8576124075128059,8664,7454,0.8603416435826408,8771,7496,0.8546345912666743,0.5591727495193481,5.270747184753418
s2,59,baseline_3sigma,87542,77725,70157,60370,0.8604985960061006,8738,7518,0.8603799496452278,8647,7402,0.8560194287035966,0.5575361251831055,5.441306114196777
s2,60,baseline_3sigma,87781,77963,70149,60373,0.8606394959300917,8854,7637,0.8625480009035464,8778,7524,0.8571428571428571,0.5544459819793701,5.265933990478516
s2,61,baseline_3sigma,87925,77934,70251,60269,0.8579094959502356,8811,7547,0.8565429576665532,8863,7584,0.8556922035428185,0.5720314979553223,5.187145709991455
s2,62,baseline_3sigma,87944,78024,70369,60503,0.8597962170842274,8793,7563,0.8601160013647219,8782,7532,0.8576634024140287,0.5603798031806946,5.189898490905762
s2,63,baseline_3sigma,88115,78343,70249,60473,0.8608378766957536,8854,7668,0.8660492432798735,9012,7753,0.8602973812694186,0.5407868027687073,5.4047417640686035
s2,64,baseline_3sigma,88107,78318,70472,60541,0.8590787830627767,8760,7555,0.8624429223744292,8875,7662,0.8633239436619718,0.571287989616394,5.293334007263184
s2,65,baseline_3sigma,88227,78165,70560,60598,0.8588151927437642,8832,7544,0.8541666666666666,8835,7553,0.8548953027730617,0.5577569007873535,5.286170959472656
s2,66,baseline_3sigma,87865,78002,70401,60541,0.8599451712333631,8769,7559,0.862013912646824,8695,7425,0.8539390454284072,0.5563796758651733,5.3305983543396
s2,67,baseline_3sigma,88108,78256,70423,60665,0.8614373145137242,8860,7630,0.8611738148984198,8825,7527,0.8529178470254958,0.5561115145683289,5.329236030578613
s2,68,baseline_3sigma,87169,77454,69583,59784,0.8591753732952014,8875,7607,0.8571267605633803,8711,7556,0.8674090230742739,0.5560362339019775,5.328400135040283
s2,69,baseline_3sigma,87607,77760,69962,60097,0.8589948829364512,8819,7598,0.8615489284499377,8826,7588,0.8597326082030364,0.5621578693389893,5.249513626098633
s2,70,baseline_3sigma,87641,77745,70059,60145,0.8584907006951283,8732,7559,0.8656665139715988,8850,7603,0.8590960451977401,0.5652257800102234,5.379288673400879
s2,71,baseline_3sigma,88038,78074,70271,60329,0.8585191615317841,8837,7587,0.8585492814303497,8930,7682,0.8602463605823069,0.5521116256713867,5.319781303405762
s2,72,baseline_3sigma,88426,78643,70687,60732,0.8591678809399182,8882,7621,0.8580274712902499,8857,7683,0.8674494749915321,0.5675864219665527,5.381333351135254
s2,73,baseline_3sigma,88009,78141,70405,60523,0.85964065052198,8706,7436,0.85412359292442,8898,7663,0.8612047651157564,0.5601840019226074,5.395819664001465
s2,74,baseline_3sigma,88000,78096,70223,60326,0.8590632698688464,8973,7708,0.8590215089713585,8804,7543,0.8567696501590186,0.567837119102478,5.359124183654785
s2,75,baseline_3sigma,88636,78415,70821,60808,0.8586153824430607,8919,7609,0.8531225473707815,8896,7611,0.8555530575539568,0.5579735040664673,5.369619369506836
s2,76,baseline_3sigma,87661,77704,69971,60044,0.8581269383030112,8876,7608,0.8571428571428571,8814,7549,0.8564783299296573,0.5670781135559082,5.290546894073486
s2,77,baseline_3sigma,87795,77829,69975,60058,0.8582779564130046,8924,7635,0.8555580457194083,8896,7695,0.8649955035971223,0.5733888149261475,5.370265483856201
s2,78,baseline_3sigma,88425,78486,70625,60627,0.8584353982300885,8973,7726,0.861027527025521,8827,7625,0.8638268947547298,0.5500643253326416,5.223735332489014
s2,79,baseline_3sigma,87392,77508,69855,59997,0.858879106721065,8817,7618,0.8640127027333561,8720,7452,0.8545871559633027,0.554087221622467,5.35348653793335
s2,80,baseline_3sigma,87457,77798,70078,60319,0.8607408887239932,8637,7428,0.8600208405696422,8742,7590,0.8682223747426219,0.5663431882858276,5.335399627685547
s2,81,baseline_3sigma,87746,77865,70181,60367,0.860161582194611,8954,7670,0.8566004020549475,8611,7346,0.8530948786435955,0.5579709410667419,5.383856296539307
s2,82,baseline_3sigma,88205,78230,70681,60703,0.8588305202246714,8828,7607,0.8616900770276393,8696,7501,0.8625804967801288,0.5387729406356812,5.372749328613281
s2,83,baseline_3sigma,88220,78295,70399,60551,0.8601116493132005,9032,7704,0.8529672276350753,8789,7492,0.8524291728296735,0.5667551159858704,5.393985271453857
s2,84,baseline_3sigma,87895,78063,70269,60452,0.8602940130071582,8840,7644,0.8647058823529412,8786,7510,0.8547689506032324,0.5634405016899109,5.270359992980957
s2,85,baseline_3sigma,87810,77900,70326,60444,0.8594829792679806,8756,7485,0.8548423937871175,8728,7476,0.8565536205316223,0.559872567653656,5.322980880737305
s2,86,baseline_3sigma,87944,78087,70027,60162,0.8591257657760578,8980,7764,0.8645879732739421,8937,7697,0.8612509790757525,0.5542098879814148,5.422757625579834
s2,87,baseline_3sigma,87199,77298,69680,59871,0.8592278989667049,8720,7464,0.8559633027522936,8799,7553,0.858392999204455,0.5668298006057739,5.259118556976318
s2,88,baseline_3sigma,87284,77422,69795,60040,0.8602335410846049,8817,7546,0.8558466598616309,8672,7401,0.8534363468634686,0.5487040281295776,5.341409683227539
s2,89,baseline_3sigma,87666,77731,70067,60194,0.859092011931437,8876,7649,0.8617620549797206,8723,7484,0.8579617104207268,0.5520103573799133,5.241791725158691
s2,90,baseline_3sigma,87868,77838,69966,60020,0.8578452391161421,8856,7602,0.8584010840108401,9046,7731,0.8546318814945832,0.5729497671127319,5.376282215118408
s2,91,baseline_3sigma,87773,77855,70160,60224,0.8583808437856328,8918,7688,0.8620766988113927,8695,7462,0.8581943645773433,0.5663102865219116,5.2552642822265625
s2,92,baseline_3sigma,88055,78103,70327,60397,0.8588024514055768,8934,7636,0.8547123349003806,8794,7616,0.8660450307027519,0.5658035278320312,5.224377632141113
s2,93,baseline_3sigma,87718,77964,70232,60420,0.8602916049663971,8959,7712,0.8608103582989173,8527,7287,0.8545795707751848,0.5634347200393677,5.421271800994873
s2,94,baseline_3sigma,87387,77672,69949,60148,0.859883629501494,8809,7537,0.855602224997162,8629,7448,0.8631359369567737,0.5610299110412598,5.450570583343506
s2,95,baseline_3sigma,87970,78082,70277,60389,0.8592996286124905,8923,7673,0.8599125854533228,8770,7561,0.8621436716077537,0.5551009774208069,5.270186424255371
s2,96,baseline_3sigma,87293,77314,69465,59559,0.8573958108399914,9065,7773,0.8574738003309432,8763,7499,0.8557571607896839,0.5613452196121216,5.417314529418945
s2,97,baseline_3sigma,87036,77174,69577,59691,0.8579128160167871,8626,7378,0.8553211221887317,8833,7615,0.8621080040756255,0.551033616065979,5.43422269821167
s2,98,baseline_3sigma,87740,77823,70173,60335,0.8598036281760791,8786,7510,0.8547689506032324,8781,7553,0.8601526022093156,0.5468398332595825,5.337526798248291
s2,99,baseline_3sigma,87889,77934,70254,60341,0.8588977140091667,8815,7571,0.8588769143505388,8820,7551,0.8561224489795919,0.5615544319152832,5.309528827667236
s2,100,baseline_3sigma,87738,77707,70380,60453,0.8589514066496163,8533,7346,0.8608930036329544,8825,7603,0.8615297450424929,0.55448317527771,5.15749979019165
s2,101,baseline_3sigma,87984,78060,70446,60521,0.8591119439002924,8712,7457,0.8559458218549127,8826,7587,0.8596193065941536,0.548864483833313,5.3932366371154785
s2,102,baseline_3sigma,88695,78649,71124,61098,0.8590349249198582,8810,7529,0.8545970488081726,8761,7517,0.8580070768177148,0.5767447352409363,5.349241256713867
s2,103,baseline_3sigma,88091,78276,70333,60598,0.8615870217394396,8907,7645,0.85831368586505,8851,7547,0.8526720144616428,0.5549498796463013,5.390605926513672
s2,104,baseline_3sigma,87570,77748,69744,59908,0.8589699472356045,8833,7605,0.8609758858824861,8993,7775,0.8645613254753697,0.5629998445510864,5.265742301940918
s2,105,baseline_3sigma,88479,78427,70709,60714,0.8586459998020054,8861,7621,0.8600609412030245,8909,7635,0.8569985408014368,0.5567448735237122,5.247499465942383
s2,106,baseline_3sigma,87659,77649,70068,60093,0.8576382942284638,8890,7608,0.855793025871766,8701,7484,0.8601310194230548,0.5596094131469727,5.221704959869385
s2,107,baseline_3sigma,87721,77742,70283,60276,0.8576184852667075,8701,7503,0.8623146764739685,8737,7469,0.8548700927091679,0.5629261136054993,5.30950403213501
s2,108,baseline_3sigma,87825,77918,70275,60375,0.8591248665955176,8776,7566,0.8621239744758432,8774,7535,0.8587873261910189,0.5635849237442017,5.305192947387695
s2,109,baseline_3sigma,88227,78287,70536,60568,0.8586820914143133,8753,7501,0.8569633268593625,8938,7675,0.8586932199597226,0.5649659633636475,5.174396514892578
s2,110,baseline_3sigma,87948,77925,70372,60433,0.8587648496561132,8715,7524,0.8633390705679862,8861,7559,0.8530639882631758,0.5597442984580994,5.328541278839111
s2,111,baseline_3sigma,88318,78111,70838,60677,0.8565600383974703,8888,7539,0.8482223222322233,8592,7355,0.8560288640595903,0.5523565411567688,5.3167219161987305
s2,112,baseline_3sigma,87737,77756,70153,60201,0.8581386398300856,8836,7549,0.8543458578542327,8748,7519,0.8595107453132145,0.5460787415504456,5.2844085693359375
s2,113,baseline_3sigma,88023,78171,70342,60435,0.8591595348440476,8877,7670,0.8640306409823139,8804,7587,0.8617673784643344,0.5416339635848999,5.291088581085205
s2,114,baseline_3sigma,87625,77710,70212,60319,0.8590981598587136,8818,7566,0.8580176910864141,8595,7424,0.8637579988365328,0.5511647462844849,5.294038772583008
s2,115,baseline_3sigma,88573,78521,70765,60710,0.8579099837490285,8926,7636,0.8554783777727986,8882,7660,0.862418374240036,0.5599712133407593,5.284972667694092
s2,116,baseline_3sigma,87953,78189,70399,60665,0.8617309904970241,8743,7512,0.8592016470319113,8811,7557,0.8576779026217228,0.5589752197265625,5.332859039306641
s2,117,baseline_3sigma,87463,77542,69980,60027,0.8577736496141755,8807,7534,0.8554558873623255,8676,7451,0.8588059013370216,0.5630674958229065,5.390988349914551
s2,118,baseline_3sigma,87872,77802,70340,60403,0.8587290304236566,8765,7483,0.8537364517969196,8767,7539,0.8599292802555036,0.5487086176872253,5.369138717651367
s2,119,baseline_3sigma,88275,78251,70520,60517,0.8581537152580828,8919,7630,0.8554770714205628,8836,7540,0.8533272974196469,0.5625019073486328,5.359637260437012
s2,120,baseline_3sigma,87067,77071,69704,59633,0.85551761735338,8709,7439,0.8541738431507636,8654,7455,0.8614513519759649,0.5732936859130859,5.417414665222168
s2,121,baseline_3sigma,88328,78505,70789,60952,0.8610377318509937,8960,7674,0.8564732142857143,8579,7334,0.854878190931344,0.5762832164764404,5.374212265014648
s2,122,baseline_3sigma,87390,77621,69839,59911,0.8578444708543936,8724,7582,0.869096744612563,8827,7624,0.8637136059816473,0.5564445853233337,5.332408905029297
s2,123,baseline_3sigma,87951,77976,70512,60465,0.8575136147038802,8669,7442,0.8584611835275118,8770,7515,0.8568985176738882,0.562535285949707,5.258354663848877
s2,124,baseline_3sigma,87700,77705,70233,60262,0.8580297011376419,8911,7661,0.8597239367074403,8556,7340,0.857877512856475,0.5592151284217834,5.299471378326416
s2,125,baseline_3sigma,88076,78243,70466,60581,0.8597195810745608,8811,7544,0.8562024741800023,8799,7576,0.8610069326059779,0.5594555139541626,5.286986351013184
s2,126,baseline_3sigma,87972,78076,70402,60510,0.8594926280503394,8785,7525,0.8565737051792829,8785,7569,0.8615822424587365,0.5559622645378113,5.385323524475098
s2,127,baseline_3sigma,88297,78402,70601,60635,0.8588405263381539,8789,7541,0.8580043235863011,8907,7676,0.8617940945323903,0.5516371130943298,5.427905082702637
s2,128,baseline_3sigma,87950,78052,70333,60419,0.8590419859809763,8958,7729,0.8628041973654834,8659,7391,0.8535627670631712,0.5639137029647827,5.298572063446045
s2,129,baseline_3sigma,88257,78157,70630,60578,0.8576808721506441,8774,7552,0.8607248689309323,8853,7549,0.8527052976392183,0.548227846622467,5.223278522491455
s2,130,baseline_3sigma,87874,77945,70363,60419,0.8586757244574563,8770,7547,0.8605473204104903,8741,7551,0.8638599702551195,0.5479328036308289,5.3511786460876465
s2,131,baseline_3sigma,87607,77494,70050,59990,0.8563882940756602,8795,7588,0.8627629334849346,8762,7497,0.8556265692764209,0.5708145499229431,5.245867729187012
s2,132,baseline_3sigma,87632,77698,70081,60166,0.8585208544398625,8907,7645,0.85831368586505,8644,7439,0.8605969458583989,0.553992748260498,5.2584733963012695
s2,133,baseline_3sigma,88117,78234,70348,60456,0.8593847728435776,8851,7582,0.856626369901706,8918,7638,0.8564700605516932,0.5625689625740051,5.358738899230957
s2,134,baseline_3sigma,87682,77908,70077,60294,0.8603964210796695,8776,7547,0.8599589790337283,8829,7604,0.8612526899988674,0.547511875629425,5.4438323974609375
s2,135,baseline_3sigma,88023,78067,70457,60524,0.8590203954184822,8721,7512,0.8613691090471276,8845,7562,0.8549462973431318,0.5582539439201355,5.401390552520752
s2,136,baseline_3sigma,87963,78097,70457,60595,0.8600281022467604,8820,7560,0.8571428571428571,8686,7465,0.8594289661524291,0.5543203353881836,5.500916957855225
s2,137,baseline_3sigma,87949,78014,70317,60488,0.8602187237794559,8829,7610,0.8619322686600974,8803,7503,0.852323071680109,0.5603088140487671,5.287586688995361
s2,138,baseline_3sigma,88441,78364,70597,60614,0.8585917248608298,8937,7672,0.8584536197829249,8907,7629,0.856517345907713,0.5565433502197266,5.231228351593018
s2,139,baseline_3sigma,87989,78008,70540,60524,0.8580096399206124,8728,7564,0.8666361136571953,8721,7434,0.8524251805985552,0.5593550205230713,5.225097179412842
s2,140,baseline_3sigma,87680,77726,70004,60121,0.8588223530083995,8867,7644,0.8620728544039697,8809,7512,0.8527642184129867,0.5634454488754272,5.294328689575195
s2,141,baseline_3sigma,87934,77829,70292,60220,0.8567120013657316,8803,7556,0.8583437464500738,8839,7569,0.8563185880755741,0.5621915459632874,5.2841715812683105
s2,142,baseline_3sigma,87898,77958,70488,60526,0.8586709794574963,8793,7555,0.8592061867394518,8617,7356,0.8536613670651039,0.5672528743743896,5.331043720245361
s2,143,baseline_3sigma,88495,78641,70797,60890,0.8600646920067234,8868,7666,0.8644564727108706,8830,7603,0.8610419026047565,0.5582541823387146,5.268579483032227
s2,144,baseline_3sigma,87695,77851,70001,60175,0.859630576706047,8869,7627,0.8599616642237006,8825,7549,0.8554107648725212,0.5630279183387756,5.248486042022705
s2,145,baseline_3sigma,87755,77838,70023,60099,0.8582751381688873,8869,7620,0.8591723982410644,8863,7604,0.8579487758095453,0.5590914487838745,5.266110897064209
s2,146,baseline_3sigma,87967,78178,70274,60415,0.8597062925121667,8806,7579,0.8606631841925959,8887,7652,0.86103296950602,0.5590739250183105,5.312819957733154
s2,147,baseline_3sigma,87488,77612,70187,60331,0.8595751349965093,8696,7474,0.859475620975161,8605,7387,0.8584543869843114,0.5559422969818115,5.328174114227295
s2,148,baseline_3sigma,88067,78236,70467,60581,0.8597073807597883,8773,7543,0.8597971047532201,8827,7624,0.8637136059816473,0.5543518662452698,5.309643268585205
s2,149,baseline_3sigma,87746,78042,70363,60503,0.8598695337037932,8674,7501,0.8647682729997694,8709,7494,0.8604891491560455,0.5670369267463684,5.267367839813232
s2,150,baseline_3sigma,87463,77646,70058,60151,0.8585885980187844,8681,7457,0.8590024190761433,8724,7566,0.8672627235213205,0.5616003274917603,5.3094024658203125
s2,151,baseline_3sigma,87970,78007,70309,60402,0.8590934304285369,8956,7645,0.8536176864671728,8705,7437,0.8543365881677197,0.5513983964920044,5.381138801574707
s2,152,baseline_3sigma,87861,77816,70272,60299,0.8580800318761385,8885,7658,0.8619020821609454,8704,7480,0.859375,0.5623602867126465,5.210784435272217
s2,153,baseline_3sigma,87717,77862,70031,60331,0.8614899116105724,8881,7532,0.8481026911383853,8805,7539,0.8562180579216354,0.5557175874710083,5.220030784606934
s2,154,baseline_3sigma,87514,77614,69887,60009,0.8586575471833102,8827,7562,0.8566897020505267,8800,7579,0.86125,0.5711786150932312,5.370920658111572
s2,155,baseline_3sigma,87587,77689,69997,60161,0.8594796919867994,8687,7440,0.8564521699090595,8903,7623,0.8562282376726946,0.5499561429023743,5.247729301452637
s2,156,baseline_3sigma,88200,78159,70421,60475,0.8587637210491189,8881,7610,0.8568854858687085,8898,7593,0.8533378287255563,0.5594974160194397,5.272673606872559
s2,157,baseline_3sigma,88104,78159,70392,60516,0.8596999659052165,8860,7639,0.8621896162528216,8852,7543,0.8521238138273837,0.5611841082572937,5.293087005615234
s2,158,baseline_3sigma,88419,78360,70512,60562,0.8588892670751078,9010,7714,0.8561598224195338,8897,7563,0.8500618185905361,0.5570201873779297,5.347374439239502
s2,159,baseline_3sigma,87443,77582,69920,60149,0.8602545766590389,8737,7521,0.8608217923772462,8786,7515,0.855338037787389,0.5508171319961548,5.301182746887207
s2,160,baseline_3sigma,87843,78031,70187,60402,0.8605867183381538,8862,7617,0.8595125253893027,8794,7560,0.8596770525358198,0.5580006241798401,5.482496738433838
s2,161,baseline_3sigma,88038,78250,70405,60678,0.8618421987074781,8783,7510,0.8550609131276329,8850,7605,0.8593220338983051,0.5599682331085205,5.2901129722595215
s2,162,baseline_3sigma,88072,78252,70402,60511,0.8595068321922673,8741,7551,0.8638599702551195,8929,7695,0.8617986336655841,0.5571019649505615,5.257179260253906
s2,163,baseline_3sigma,87883,78032,70317,60529,0.8608017975738441,8816,7628,0.8652450090744102,8750,7493,0.8563428571428572,0.5409506559371948,5.319967746734619
s2,164,baseline_3sigma,88208,78343,70718,60781,0.8594841483073616,8840,7666,0.8671945701357466,8650,7443,0.8604624277456647,0.555603563785553,5.307505130767822
s2,165,baseline_3sigma,87300,77430,69822,60040,0.8599008908366991,8683,7421,0.8546585281584705,8795,7540,0.8573052870949404,0.5570700168609619,5.3021240234375
s2,166,baseline_3sigma,87988,78066,70459,60576,0.8597340297194113,8798,7531,0.8559899977267561,8731,7517,0.8609552170427214,0.5633492469787598,5.172524929046631
s2,167,baseline_3sigma,87764,77985,70280,60441,0.8600028457598179,8823,7570,0.8579848124220787,8661,7463,0.8616787899780626,0.571540892124176,5.221062183380127
s2,168,baseline_3sigma,88077,78114,70360,60400,0.8584422967595224,8823,7589,0.8601382749631644,8894,7607,0.8552957049696425,0.5648065209388733,5.362229347229004
s2,169,baseline_3sigma,87858,77993,70231,60340,0.8591647563041962,8790,7600,0.8646188850967008,8837,7634,0.8638678284485685,0.5558422207832336,5.281450271606445
s2,170,baseline_3sigma,87778,77957,70249,60418,0.8600549474013865,8819,7558,0.857013266810296,8710,7501,0.8611940298507462,0.5699280500411987,5.386562347412109
s2,171,baseline_3sigma,87978,78149,70450,60480,0.8584811923349893,8846,7652,0.8650237395432964,8682,7457,0.8589034784611841,0.5530751943588257,5.234523296356201
s2,172,baseline_3sigma,87842,77991,70284,60346,0.8586022423311138,8680,7464,0.8599078341013825,8878,7663,0.8631448524442442,0.5595641136169434,5.2934651374816895
s2,173,baseline_3sigma,87978,77938,70255,60244,0.857504803928546,8763,7597,0.8669405454752939,8960,7671,0.8561383928571429,0.5626795291900635,5.301158905029297
s2,174,baseline_3sigma,88418,78346,70762,60732,0.8582572567197083,8861,7587,0.8562239024940752,8795,7553,0.858783399658897,0.5664572715759277,5.303596496582031
s2,175,baseline_3sigma,88750,78730,70945,60912,0.8585805905983508,8861,7605,0.8582552759282248,8944,7726,0.863819320214669,0.5614579916000366,5.334715366363525
s2,176,baseline_3sigma,88203,78270,70679,60748,0.8594915038413107,8736,7473,0.8554258241758241,8788,7572,0.8616294947655895,0.5651183128356934,5.3001909255981445
s2,177,baseline_3sigma,88174,78353,70626,60823,0.8611984255090194,8744,7478,0.8552150045745655,8804,7583,0.8613130395274875,0.573616623878479,5.231090545654297
s2,178,baseline_3sigma,87604,77707,70098,60170,0.8583697109760621,8742,7530,0.8613589567604667,8764,7561,0.8627339114559562,0.5513702630996704,5.304865837097168
s2,179,baseline_3sigma,87934,78125,70375,60475,0.8593250444049734,8869,7652,0.8627804713045439,8690,7457,0.8581127733026467,0.553084671497345,5.386279582977295
s2,180,baseline_3sigma,88333,78394,70455,60643,0.8607338017174083,8835,7567,0.856479909451047,9043,7755,0.8575693906889307,0.5580137968063354,5.322841644287109
s2,181,baseline_3sigma,87694,77827,70154,60382,0.8607064458191978,8824,7532,0.8535811423390752,8716,7491,0.859453877925654,0.5589391589164734,5.318687915802002
s2,182,baseline_3sigma,88203,78379,70449,60562,0.8596573407713382,8932,7769,0.869793999104344,8822,7586,0.8598957152573112,0.5671467185020447,5.123795986175537
s2,183,baseline_3sigma,87970,78317,70450,60782,0.8627679205110007,8670,7458,0.8602076124567474,8850,7614,0.8603389830508474,0.5545810461044312,5.333313941955566
s2,184,baseline_3sigma,87892,77922,70467,60533,0.859026210850469,8668,7442,0.8585602215043839,8757,7505,0.8570286627840584,0.5540874600410461,5.2415947914123535
s2,185,baseline_3sigma,88329,78449,70740,60792,0.8593723494486853,8752,7556,0.863345521023766,8837,7624,0.8627362227000113,0.5548298954963684,5.164732933044434
s2,186,baseline_3sigma,88029,78058,70665,60677,0.8586570437982027,8705,7499,0.8614589316484779,8659,7411,0.8558725025984525,0.5472331047058105,5.2838544845581055
s2,187,baseline_3sigma,88219,78248,70849,60845,0.8587982893195387,8600,7404,0.8609302325581395,8770,7501,0.8553021664766248,0.5611391067504883,5.283369541168213
s2,188,baseline_3sigma,87861,77996,70174,60329,0.8597058739704164,8817,7614,0.8635590336849268,8870,7595,0.8562570462232244,0.5782594680786133,5.314028739929199
s2,189,baseline_3sigma,87695,77761,69959,60029,0.8580597206935491,8900,7621,0.8562921348314607,8836,7572,0.8569488456315074,0.5571348667144775,5.31209659576416
s2,190,baseline_3sigma,87916,77886,70277,60328,0.8584316348165119,8824,7557,0.8564143245693563,8815,7550,0.8564946114577425,0.5731455683708191,5.408532619476318
s2,191,baseline_3sigma,87935,78049,70164,60323,0.8597428880907588,8916,7632,0.8559892328398385,8855,7568,0.8546583850931677,0.5643686652183533,5.378546714782715
s2,192,baseline_3sigma,87859,77965,70264,60336,0.8587043151542753,8845,7639,0.8636517806670435,8750,7527,0.8602285714285715,0.5544023513793945,5.349903106689453
s2,193,baseline_3sigma,88268,78483,70880,61057,0.8614136568848758,8741,7541,0.8627159363917172,8647,7434,0.8597201341505725,0.5560270547866821,5.33518648147583
s2,194,baseline_3sigma,87937,78129,70348,60521,0.8603087507818274,8772,7582,0.8643410852713178,8817,7561,0.8575479187932403,0.561000645160675,5.228511810302734
s2,195,baseline_3sigma,87611,77658,70168,60188,0.8577699236119029,8684,7449,0.8577844311377245,8759,7539,0.8607146934581573,0.5546461343765259,5.275396823883057
s2,196,baseline_3sigma,87953,77981,70424,60462,0.8585425423151198,8701,7466,0.8580622916906103,8828,7586,0.859311282283643,0.5692417621612549,5.269783020019531
s2,197,baseline_3sigma,88044,78173,70380,60577,0.8607132708155726,8817,7532,0.8542588181921288,8847,7639,0.8634565389397536,0.5517066121101379,5.300515651702881
s2,198,baseline_3sigma,86897,76852,69350,59448,0.8572170151405912,8768,7496,0.8549270072992701,8779,7473,0.8512359038614876,0.5726183652877808,5.406886577606201
s2,199,baseline_3sigma,88029,78150,70507,60589,0.8593331158608365,8661,7439,0.8589077473732826,8861,7612,0.8590452544859497,0.5566751956939697,5.320158004760742
s2,200,baseline_3sigma,88092,78094,70435,60482,0.8586924114431745,8833,7524,0.8518057285180572,8824,7532,0.8535811423390752,0.5761690139770508,5.284063339233398
s2,201,baseline_3sigma,87825,77869,70510,60477,0.8577081265068784,8715,7449,0.8547332185886403,8600,7422,0.8630232558139534,0.556747555732727,5.258556365966797
s2,202,baseline_3sigma,88352,78474,70653,60900,0.8619591524776018,8818,7545,0.8556361986845089,8881,7571,0.8524940885035469,0.5594012141227722,5.386234760284424
s2,203,baseline_3sigma,88104,78359,70282,60505,0.8608889900685809,8783,7578,0.8628031424342479,9039,7795,0.8623741564332338,0.5549576878547668,5.316991329193115
s2,204,baseline_3sigma,87936,77982,70363,60457,0.8592157810212754,8858,7558,0.8532400090313841,8715,7494,0.8598967297762479,0.5644972324371338,5.315752029418945
s2,205,baseline_3sigma,87643,77868,69961,60224,0.8608224582267263,8929,7707,0.8631425691566805,8753,7504,0.8573060664914887,0.5456359386444092,5.296513557434082
s2,206,baseline_3sigma,87595,77722,70046,60218,0.8596922022670817,8805,7563,0.8589437819420783,8744,7478,0.8552150045745655,0.5730094909667969,5.3204522132873535
s2,207,baseline_3sigma,88194,78234,70720,60642,0.8574943438914027,8900,7672,0.8620224719101124,8574,7340,0.8560765103802193,0.5670281648635864,5.3364105224609375
s2,208,baseline_3sigma,88360,78293,70553,60514,0.8577098068119002,8909,7642,0.8577842631047256,8898,7689,0.8641267700606878,0.5422096848487854,5.385319232940674
s2,209,baseline_3sigma,87995,78004,70488,60492,0.8581886278515491,8708,7522,0.8638033991731741,8799,7506,0.8530514831230822,0.5629963278770447,5.301369667053223
s2,210,baseline_3sigma,88434,78445,70781,60846,0.8596374733332391,8911,7670,0.8607339243631467,8742,7535,0.8619309082589797,0.5622916221618652,5.417344093322754
s2,211,baseline_3sigma,87659,77784,70200,60312,0.8591452991452991,8814,7595,0.8616972997503971,8645,7444,0.8610757663389242,0.55739426612854,5.263763904571533
s2,212,baseline_3sigma,87456,77622,69953,60227,0.8609637899732677,8839,7535,0.8524719990949202,8664,7429,0.8574561403508771,0.5651582479476929,5.308008670806885
s2,213,baseline_3sigma,87927,78023,70461,60570,0.8596244731127858,8647,7397,0.8554411934775067,8819,7596,0.8613221453679556,0.5717077255249023,5.279272556304932
s2,214,baseline_3sigma,88137,78309,70507,60746,0.861559845121761,8863,7621,0.8598668622362631,8767,7520,0.8577620622790008,0.546978771686554,5.322772979736328
s2,215,baseline_3sigma,88296,78232,70623,60638,0.8586154652167141,8759,7501,0.856376298664231,8914,7594,0.8519183307157281,0.5579317808151245,5.335581302642822
s2,216,baseline_3sigma,87739,77963,70159,60314,0.8596758790746732,8744,7512,0.859103385178408,8836,7539,0.8532141240380262,0.564516007900238,5.315014362335205
s2,217,baseline_3sigma,88126,78152,70535,60598,0.8591195860211243,8765,7566,0.8632059326868226,8826,7535,0.8537276229322457,0.5548744201660156,5.290645122528076
s2,218,baseline_3sigma,87896,77983,70332,60414,0.8589831086845249,8854,7634,0.8622091709961599,8710,7504,0.8615384615384616,0.5644065737724304,5.259561538696289
s2,219,baseline_3sigma,87925,77964,70283,60398,0.8593543246588791,8881,7589,0.8545208872874677,8761,7527,0.8591484990297911,0.5531774759292603,5.2466936111450195
s2,220,baseline_3sigma,87914,78100,70481,60587,0.8596217420297669,8798,7620,0.8661059331666288,8635,7413,0.8584829183555298,0.5742385387420654,5.270259857177734
s2,221,baseline_3sigma,87606,77793,70139,60293,0.8596216085202242,8635,7432,0.8606832657788072,8832,7596,0.8600543478260869,0.557188093662262,5.302492618560791
s2,222,baseline_3sigma,87361,77653,70067,60279,0.8603051365121954,8496,7309,0.8602871939736346,8798,7582,0.861786769720391,0.5603327751159668,5.275938034057617
s2,223,baseline_3sigma,87566,77675,70000,60089,0.8584142857142857,8810,7536,0.8553916004540295,8756,7577,0.865349474645957,0.5465131402015686,5.3643951416015625
s2,224,baseline_3sigma,87910,77761,70180,60185,0.8575805072670276,8952,7630,0.8523235031277927,8778,7466,0.8505354294827979,0.5588817000389099,5.330958366394043
s2,225,baseline_3sigma,87835,77995,70484,60643,0.8603796606322002,8653,7406,0.8558881312839478,8698,7417,0.8527247643136353,0.5615915060043335,5.38977575302124
s2,226,baseline_3sigma,87874,77944,70289,60358,0.8587118894848411,8818,7525,0.8533681106826945,8767,7515,0.8571917417588685,0.5617678165435791,5.37953519821167
s2,227,baseline_3sigma,88121,78174,70499,60579,0.8592887842380743,8768,7502,0.8556113138686131,8854,7589,0.8571267223853626,0.5512018799781799,5.386555194854736
s2,228,baseline_3sigma,87553,77721,70117,60287,0.8598057532410115,8770,7525,0.8580387685290763,8666,7411,0.855181167782137,0.5621598958969116,5.227065563201904
s2,229,baseline_3sigma,87652,77859,69903,60067,0.8592907314421413,8864,7634,0.8612364620938628,8885,7668,0.8630275745638717,0.5638663172721863,5.357066631317139
s2,230,baseline_3sigma,87465,77625,70046,60174,0.8590640436284728,8638,7446,0.8620050937717064,8781,7531,0.8576471928026421,0.5628442764282227,5.18324089050293
s2,231,baseline_3sigma,88128,78152,70575,60635,0.859156925256819,8898,7607,0.8549112160035963,8655,7391,0.8539572501444251,0.569919228553772,5.462550163269043
s2,232,baseline_3sigma,87981,77994,70417,60510,0.85930954172998,8649,7408,0.8565152040698346,8915,7658,0.8590016825574874,0.5640738010406494,5.337178707122803
s2,233,baseline_3sigma,87681,77678,70251,60198,0.8568988341802963,8718,7512,0.8616655196145905,8712,7459,0.8561753902662994,0.5617537498474121,5.312241554260254
s2,234,baseline_3sigma,87319,77576,69775,59927,0.8588606234324615,8779,7568,0.8620571819113795,8765,7591,0.8660581859669139,0.5583631992340088,5.3226704597473145
s2,235,baseline_3sigma,88115,77963,70431,60307,0.8562564779713479,8835,7536,0.8529711375212224,8849,7594,0.8581760650921008,0.5556516051292419,5.329448223114014
s2,236,baseline_3sigma,87372,77642,70068,60304,0.8606496546212251,8796,7559,0.8593678944974988,8508,7346,0.8634226610249177,0.562929630279541,5.259147644042969
s2,237,baseline_3sigma,88380,78573,70750,60974,0.8618233215547704,8821,7640,0.8661149529531799,8809,7533,0.855148143943694,0.5455566048622131,5.270718574523926
s2,238,baseline_3sigma,87428,77419,69901,59920,0.8572123431710562,8738,7464,0.8542000457770657,8789,7581,0.8625554670610991,0.5643110871315002,5.19696044921875
s2,239,baseline_3sigma,87825,77980,70193,60400,0.8604846637129059,8821,7534,0.8540981748101122,8811,7544,0.8562024741800023,0.5787838101387024,5.219306468963623
s2,240,baseline_3sigma,87869,77894,70191,60246,0.8583151686113605,8992,7720,0.858540925266904,8686,7404,0.8524061708496431,0.5631505846977234,5.412331581115723
s2,241,baseline_3sigma,88072,78132,70361,60351,0.8577336876963091,8848,7576,0.85623869801085,8863,7652,0.8633645492496897,0.5612256526947021,5.309859752655029
s2,242,baseline_3sigma,88375,78633,70650,60872,0.8615994338287332,8897,7703,0.8657974598179161,8828,7610,0.8620299048482103,0.5520741939544678,5.25880765914917
s2,243,baseline_3sigma,88121,78077,70493,60430,0.8572482374136439,8822,7593,0.8606891861255951,8806,7559,0.8583920054508289,0.5599200129508972,5.292453765869141
s2,244,baseline_3sigma,88030,77950,70384,60378,0.8578370084110025,8757,7495,0.8558867191960717,8889,7621,0.8573517831027112,0.5687265396118164,5.304794788360596
s2,245,baseline_3sigma,88082,78160,70473,60583,0.8596625658053438,8795,7501,0.85287094940307,8814,7556,0.8572725209893352,0.5658278465270996,5.343906879425049
s2,246,baseline_3sigma,88164,78285,70396,60467,0.8589550542644468,8862,7620,0.8598510494245092,8906,7677,0.8620031439479003,0.5615149736404419,5.316414833068848
s2,247,baseline_3sigma,87842,77798,70304,60217,0.8565230996813837,8722,7499,0.8597798670029809,8816,7553,0.8567377495462795,0.5563462376594543,5.399882793426514
s2,248,baseline_3sigma,88066,78040,70502,60458,0.857535956426768,8858,7634,0.8618198238880108,8706,7484,0.8596370319320009,0.555132269859314,5.308335304260254
s2,249,baseline_3sigma,87714,77846,70245,60261,0.8578688874653,8732,7494,0.8582226294090701,8737,7542,0.863225363397047,0.5657005906105042,5.291207790374756
s2,250,baseline_3sigma,88101,78084,70489,60542,0.8588857835974407,8870,7614,0.8583990980834273,8742,7469,0.854381148478609,0.5585312843322754,5.294835090637207
s2,251,baseline_3sigma,88076,78277,70642,60812,0.8608476543699216,8732,7519,0.8610856619331195,8702,7461,0.8573891059526546,0.5617203712463379,5.3138251304626465
s2,252,baseline_3sigma,87618,77772,70196,60284,0.858795372955724,8707,7442,0.8547145974503273,8715,7531,0.8641422834193918,0.5581209659576416,5.354283332824707
s2,253,baseline_3sigma,87962,78118,70535,60636,0.8596583256539306,8527,7317,0.8580978069661077,8900,7656,0.8602247191011236,0.5605415105819702,5.433684825897217
s2,254,baseline_3sigma,88250,78352,70612,60601,0.8582252308389509,8786,7527,0.8567038470293649,8852,7649,0.864098508811568,0.5567270517349243,5.311496257781982
s2,255,baseline_3sigma,87758,77809,70361,60448,0.8591122923210301,8626,7431,0.861465337352191,8771,7509,0.8561167483753278,0.5471683740615845,5.318851470947266
s2,256,baseline_3sigma,87973,78068,70446,60558,0.859637168895324,8811,7551,0.856996935648621,8716,7494,0.8597980725103258,0.5612629652023315,5.393388748168945
s2,257,baseline_3sigma,88294,78309,70541,60534,0.8581392381735444,8849,7635,0.8628093569894904,8904,7689,0.863544474393531,0.5580596923828125,5.319141864776611
s2,258,baseline_3sigma,87540,77742,70087,60182,0.8586756459828498,8792,7581,0.8622611464968153,8661,7470,0.8624870107377901,0.553786039352417,5.273014068603516
s2,259,baseline_3sigma,88098,78216,70301,60423,0.8594899076826787,8834,7556,0.8553316730812769,8963,7772,0.867120383800067,0.559288740158081,5.309807300567627
s2,260,baseline_3sigma,87756,77879,70173,60348,0.8599888846137403,8693,7432,0.8549407569308639,8890,7646,0.8600674915635546,0.5612462162971497,5.33009147644043
s2,261,baseline_3sigma,88143,78117,70781,60685,0.857362851612721,8666,7390,0.8527579044541888,8696,7490,0.8613155473781049,0.5699985027313232,5.3399434089660645
s2,262,baseline_3sigma,87930,78068,70453,60602,0.8601762877379245,8767,7520,0.8577620622790008,8710,7479,0.8586681974741677,0.5645539164543152,5.261468887329102
s2,263,baseline_3sigma,87946,78038,70552,60640,0.8595078807120988,8711,7482,0.8589140167604179,8683,7495,0.8631809282506047,0.5635398626327515,5.278257369995117
s2,264,baseline_3sigma,88120,78139,70667,60707,0.8590572685977896,8720,7511,0.8613532110091743,8733,7480,0.8565212412687507,0.5429617762565613,5.25942325592041
s2,265,baseline_3sigma,88200,78185,70558,60620,0.8591513364891296,8898,7664,0.8613171499213307,8744,7495,0.8571591948764867,0.549909770488739,5.298401355743408
s2,266,baseline_3sigma,87901,78055,70448,60567,0.8597405178287532,8764,7529,0.8590826106800548,8689,7435,0.8556795948900909,0.5734705924987793,5.3140668869018555
s2,267,baseline_3sigma,87592,77709,70283,60417,0.8596246603019222,8679,7462,0.8597764719437723,8630,7429,0.8608342989571263,0.5523196458816528,5.249637603759766
s2,268,baseline_3sigma,87721,77734,70096,60118,0.857652362474321,8797,7560,0.859383880868478,8828,7551,0.8553466243769823,0.5535125732421875,5.323983192443848
s2,269,baseline_3sigma,87523,77752,70161,60382,0.8606205726828295,8608,7426,0.862685873605948,8754,7564,0.8640621430203336,0.5454203486442566,5.274231910705566
s2,270,baseline_3sigma,87437,77710,70066,60296,0.860560043387663,8757,7537,0.8606828822656161,8614,7417,0.8610401671697238,0.5674741268157959,5.32511568069458
s2,271,baseline_3sigma,87997,78016,70526,60536,0.8583501120154269,8695,7448,0.8565842438182864,8776,7556,0.8609845031905196,0.5626645684242249,5.2610554695129395
s2,272,baseline_3sigma,87888,77902,70454,60547,0.8593834274845998,8651,7387,0.8538897237313605,8783,7541,0.8585904588409428,0.5471694469451904,5.370126724243164
s2,273,baseline_3sigma,88091,78217,70502,60592,0.8594366117273269,8831,7543,0.8541501528705696,8758,7566,0.8638958666362183,0.5558748245239258,5.417981147766113
s2,274,baseline_3sigma,88262,78428,70613,60766,0.8605497571268746,8752,7533,0.860717550274223,8897,7693,0.8646734854445318,0.5558624863624573,5.360291957855225
s2,275,baseline_3sigma,88557,78700,70875,61000,0.8606701940035273,8903,7651,0.8593732449736045,8779,7494,0.8536279758514638,0.557724118232727,5.392725944519043
s2,276,baseline_3sigma,87709,78000,70302,60534,0.8610565844499445,8680,7489,0.8627880184331798,8727,7534,0.8632978113899392,0.5638741254806519,5.243771076202393
s2,277,baseline_3sigma,87851,78013,70173,60304,0.8593618628247331,8962,7667,0.855501004240125,8716,7496,0.8600275355667738,0.5564429759979248,5.362437725067139
s2,278,baseline_3sigma,87549,77666,69922,60046,0.858756900546323,8723,7483,0.8578470709618251,8904,7650,0.8591644204851752,0.576478123664856,5.330142974853516
s2,279,baseline_3sigma,88242,78403,70839,61010,0.8612487471590508,8793,7513,0.8544296599567838,8610,7382,0.8573751451800232,0.5647228956222534,5.394186973571777
s2,280,baseline_3sigma,87631,77894,70175,60357,0.8600926255789099,8812,7635,0.866432137993645,8644,7454,0.8623322535863026,0.5652649402618408,5.25852108001709
s2,281,baseline_3sigma,88018,78060,70444,60581,0.8599880756345466,8686,7450,0.857702049274695,8888,7584,0.8532853285328533,0.5632055997848511,5.269320964813232
s2,282,baseline_3sigma,88075,78014,70370,60429,0.8587324143811284,8870,7565,0.8528748590755355,8835,7598,0.8599886813808716,0.5527225732803345,5.4273176193237305
s2,283,baseline_3sigma,88243,78353,70692,60816,0.860295365812256,8766,7534,0.8594569929272188,8785,7492,0.8528173022196927,0.5684606432914734,5.258813858032227
s2,284,baseline_3sigma,87440,77556,69959,60029,0.8580597206935491,8695,7486,0.8609545715928695,8786,7580,0.862736171181425,0.5743250250816345,5.329159259796143
s2,285,baseline_3sigma,88126,78067,70577,60543,0.8578290377885147,8838,7624,0.8626386060194614,8711,7482,0.8589140167604179,0.5466664433479309,5.297761917114258
s2,286,baseline_3sigma,87326,77592,69826,60069,0.8602669492739095,8729,7466,0.8553098865849468,8771,7606,0.8671759206475886,0.5604302883148193,5.299208164215088
s2,287,baseline_3sigma,87731,77838,70330,60409,0.8589364424854259,8742,7483,0.8559826126744452,8659,7451,0.8604919736690149,0.5734223127365112,5.313906192779541
s2,288,baseline_3sigma,88215,78231,70523,60576,0.8589538164854019,8770,7504,0.8556442417331813,8922,7628,0.8549652544272585,0.5692434310913086,5.419910907745361
s2,289,baseline_3sigma,88158,78286,70510,60630,0.8598780314848957,8809,7582,0.8607106368486774,8839,7553,0.8545084285552664,0.5584255456924438,5.333098411560059
s2,290,baseline_3sigma,87636,77648,70194,60227,0.8580078069350656,8743,7490,0.8566853482786229,8699,7509,0.8632026669732153,0.5431431531906128,5.325242519378662
s2,291,baseline_3sigma,87804,77817,70136,60229,0.8587458651762291,8732,7485,0.8571919377004122,8936,7634,0.8542972247090421,0.5541032552719116,5.316547393798828
s2,292,baseline_3sigma,88141,78042,70400,60379,0.85765625,8922,7650,0.8574310692669805,8819,7566,0.8579203991382243,0.5612579584121704,5.4009623527526855
s2,293,baseline_3sigma,87882,77939,70319,60588,0.8616163483553521,8798,7512,0.8538304160036372,8765,7432,0.8479178551055334,0.558453381061554,5.3526763916015625
s2,294,baseline_3sigma,87717,77820,70175,60232,0.8583113644460277,8816,7590,0.860934664246824,8726,7510,0.8606463442585377,0.5687206983566284,5.369912147521973
s2,295,baseline_3sigma,88423,78606,70815,60941,0.8605662642095602,8758,7529,0.8596711577985842,8850,7664,0.8659887005649718,0.5570921897888184,5.34006404876709
s2,296,baseline_3sigma,88291,78458,70604,60707,0.8598238060166563,8922,7675,0.8602331315848465,8765,7526,0.8586423274386765,0.5557011365890503,5.477126598358154
s2,297,baseline_3sigma,88116,78062,70534,60595,0.8590892335611194,8637,7441,0.8615259928215816,8945,7620,0.8518725544997205,0.5581539869308472,5.29777717590332
s2,298,baseline_3sigma,87932,78065,70328,60456,0.859629166192697,8738,7532,0.8619821469443809,8866,7598,0.8569817279494699,0.5664768218994141,5.413512229919434
s2,299,baseline_3sigma,87930,78188,70436,60693,0.8616758475779431,8803,7548,0.8574349653527207,8691,7499,0.8628466229432746,0.5542638897895813,5.4039411544799805
s2,300,baseline_3sigma,87758,77991,70323,60514,0.8605150519744607,8682,7460,0.8592490209629118,8753,7532,0.8605049697246658,0.5585967302322388,5.322913646697998
s2,301,baseline_3sigma,88546,78490,70817,60726,0.8575059660815906,8814,7600,0.8622645790787383,8915,7716,0.8655075715086932,0.5410301089286804,5.397734642028809
s2,302,baseline_3sigma,88004,78180,70564,60682,0.8599569185420327,8837,7594,0.8593414054543397,8603,7375,0.8572590956643031,0.5705164074897766,5.330666542053223
s2,303,baseline_3sigma,87773,78047,70404,60665,0.8616697914891199,8765,7562,0.862749572162008,8604,7353,0.854602510460251,0.5701982378959656,5.221015453338623
s2,304,baseline_3sigma,87690,77781,69940,60114,0.8595081498427223,8735,7540,0.8631940469376074,9015,7647,0.8482529118136439,0.5730530619621277,5.339258193969727
s2,305,baseline_3sigma,88105,78109,70542,60600,0.8590626860593689,8900,7656,0.8602247191011236,8663,7465,0.8617107237677479,0.5625589489936829,5.355822563171387
s2,306,baseline_3sigma,88243,78389,70674,60787,0.8601041401364009,8744,7512,0.859103385178408,8825,7605,0.861756373937677,0.5679633617401123,5.3355278968811035
s2,307,baseline_3sigma,87652,77705,70001,60101,0.8585734489507293,8823,7599,0.861271676300578,8828,7549,0.8551200724966017,0.5605241656303406,5.466850280761719
s2,308,baseline_3sigma,88297,78257,70660,60689,0.8588876309085762,8758,7535,0.8603562457182005,8879,7587,0.8544881180313099,0.5573906302452087,5.306571006774902
s2,309,baseline_3sigma,87312,77481,69970,60165,0.8598685150778905,8734,7471,0.8553927181131211,8608,7384,0.8578066914498141,0.5594161152839661,5.274529457092285
s2,310,baseline_3sigma,87512,77560,70054,60159,0.8587518200245525,8681,7365,0.8484045616864416,8777,7452,0.8490372564657628,0.566645622253418,5.375309467315674
s2,311,baseline_3sigma,87976,78042,70431,60517,0.8592381195780268,8709,7463,0.8569296130439775,8836,7577,0.8575147125396106,0.5612517595291138,5.303598403930664
s2,312,baseline_3sigma,87803,77882,70380,60480,0.8593350383631714,8652,7447,0.8607258437355525,8771,7478,0.8525823737316156,0.5817104578018188,5.315484046936035
s2,313,baseline_3sigma,88188,78146,70594,60551,0.857735784910899,8745,7475,0.8547741566609491,8849,7622,0.8613402644366596,0.5554548501968384,5.342117786407471
s2,314,baseline_3sigma,88007,78014,70574,60548,0.8579363504973503,8701,7522,0.8644983335248821,8732,7483,0.8569628950984883,0.5480468273162842,5.287089824676514
s2,315,baseline_3sigma,88414,78524,71085,61181,0.8606738411760568,8696,7416,0.8528058877644894,8633,7466,0.8648210355612186,0.5623389482498169,5.405742645263672
s2,316,baseline_3sigma,87491,77608,69987,60035,0.8578021632588909,8692,7504,0.8633225954901058,8812,7587,0.8609850204266909,0.5671079158782959,5.44832706451416
s2,317,baseline_3sigma,87992,78212,70584,60779,0.8610874985832483,8586,7389,0.860587002096436,8822,7602,0.8617093629562458,0.5574462413787842,5.2163872718811035
s2,318,baseline_3sigma,87737,77798,70196,60272,0.8586244230440481,8741,7435,0.8505891774396522,8800,7587,0.8621590909090909,0.5628954172134399,5.247371673583984
s2,319,baseline_3sigma,87644,77659,70232,60272,0.8581843034514182,8770,7500,0.855188141391106,8642,7433,0.8601018282804906,0.5502212047576904,5.189406871795654
s2,320,baseline_3sigma,87747,77990,70116,60408,0.8615437275372241,8719,7513,0.8616813854799862,8912,7631,0.8562612208258528,0.5700205564498901,5.242727279663086
s2,321,baseline_3sigma,87709,78031,70067,60291,0.8604764011588908,8818,7661,0.8687911090950329,8824,7584,0.8594741613780599,0.5662050843238831,5.270662307739258
s2,322,baseline_3sigma,87634,77855,70053,60185,0.8591352261858878,8750,7530,0.8605714285714285,8831,7630,0.8640018117993432,0.5578780174255371,5.3269147872924805
s2,323,baseline_3sigma,88319,78279,70600,60499,0.8569263456090651,8899,7669,0.8617822227216542,8820,7582,0.8596371882086168,0.5556977987289429,5.385145664215088
s2,324,baseline_3sigma,88385,78441,70568,60662,0.8596247590976079,8893,7628,0.8577532891037895,8924,7643,0.8564545047064097,0.5701603293418884,5.33570671081543
s2,325,baseline_3sigma,87944,78072,70312,60407,0.8591278871316418,8753,7558,0.863475379869759,8879,7644,0.8609077598828697,0.5522670745849609,5.325336933135986
s2,326,baseline_3sigma,87634,77691,70060,60203,0.8593063088781044,8706,7474,0.8584883988054215,8868,7596,0.8565629228687416,0.5596588850021362,5.4045233726501465
s2,327,baseline_3sigma,87896,77864,70217,60194,0.8572567896663201,8740,7514,0.8597254004576659,8939,7661,0.8570309878062423,0.5584008693695068,5.216281414031982
s2,328,baseline_3sigma,88113,77990,70619,60569,0.8576870247383849,8726,7501,0.8596149438459776,8768,7464,0.8512773722627737,0.5690553784370422,5.313958168029785
s2,329,baseline_3sigma,87500,77666,69988,60096,0.8586614848259702,8781,7509,0.8551417833959686,8731,7526,0.8619860268010537,0.5674225687980652,5.3668904304504395
s2,330,baseline_3sigma,87871,77913,70160,60114,0.8568129988597492,8909,7645,0.8581210012347065,8802,7588,0.8620768007271075,0.571950376033783,5.27783203125
s2,331,baseline_3sigma,87955,77990,70623,60637,0.8586013055236963,8530,7299,0.855685814771395,8802,7588,0.8620768007271075,0.5506308674812317,5.2907257080078125
s2,332,baseline_3sigma,88293,78501,70572,60666,0.8596327155245707,8937,7692,0.860691507217187,8784,7645,0.870332422586521,0.5487871170043945,5.318204879760742
s2,333,baseline_3sigma,88469,78612,70694,60886,0.8612612102865873,8873,7594,0.8558548405274428,8902,7579,0.8513817119748371,0.5600346326828003,5.475603103637695
s2,334,baseline_3sigma,87285,77471,69815,59991,0.8592852538852682,8803,7556,0.8583437464500738,8667,7458,0.8605053651782624,0.5475959777832031,5.243616104125977
s2,335,baseline_3sigma,87966,77912,70480,60438,0.8575198637911464,8638,7379,0.854248668673304,8848,7594,0.8582730560578662,0.5555915832519531,5.40869665145874
s2,336,baseline_3sigma,88024,78070,70387,60492,0.8594200633639735,8974,7725,0.8608201470915979,8663,7449,0.8598637885259148,0.561174750328064,5.135735511779785
s2,337,baseline_3sigma,88292,78311,70477,60541,0.8590178356059424,8824,7569,0.8577742520398912,8991,7718,0.8584139695250806,0.5609728693962097,5.319883823394775
s2,338,baseline_3sigma,88232,78273,70423,60350,0.8569643440353294,8905,7728,0.8678270634475014,8904,7606,0.8542228212039533,0.5639098286628723,5.354406356811523
s2,339,baseline_3sigma,88117,78143,70449,60472,0.8583798208633195,8804,7547,0.8572239890958655,8864,7633,0.8611236462093863,0.5519404411315918,5.404292106628418
s2,340,baseline_3sigma,87931,78161,70531,60725,0.8609689356453191,8757,7563,0.8636519355943817,8643,7403,0.8565312970033553,0.5498687028884888,5.224395751953125
s2,341,baseline_3sigma,87690,77924,70054,60218,0.8595940274645274,8818,7611,0.8631208890904967,8818,7630,0.8652755726922204,0.5625152587890625,5.327770233154297
s2,342,baseline_3sigma,88090,78170,70600,60790,0.8610481586402267,8723,7409,0.8493637510030952,8767,7501,0.855594844302498,0.5573598742485046,5.341814994812012
s2,343,baseline_3sigma,87864,78034,70176,60368,0.8602371181030551,8821,7572,0.8584060764085705,8867,7527,0.8488778617345213,0.5552822947502136,5.403275966644287
s2,344,baseline_3sigma,87966,78009,70520,60611,0.8594866704480998,8735,7484,0.8567830566685747,8711,7499,0.8608655722649523,0.5458428859710693,5.2959160804748535
s2,345,baseline_3sigma,87629,77733,70112,60185,0.8584122546782291,8756,7541,0.8612380082229328,8761,7563,0.8632576189932656,0.5502167344093323,5.318868160247803
s2,346,baseline_3sigma,88165,78302,70464,60574,0.8596446412352406,8931,7700,0.8621654909864517,8770,7573,0.8635119726339795,0.5665119886398315,5.2152228355407715
s2,347,baseline_3sigma,87972,78226,70195,60392,0.8603461785027423,8945,7699,0.8607043040804919,8832,7587,0.8590353260869565,0.5501651763916016,5.3380842208862305
s2,348,baseline_3sigma,87823,77986,70270,60477,0.8606375409136189,8670,7426,0.8565167243367935,8883,7646,0.8607452437239671,0.5657587647438049,5.3053107261657715
s2,349,baseline_3sigma,87585,77676,70202,60264,0.8584370815646278,8593,7369,0.8575584778307925,8790,7524,0.8559726962457338,0.5591082572937012,5.348484039306641
s2,350,baseline_3sigma,87620,77716,70209,60344,0.859490948453902,8581,7340,0.8553781610534903,8830,7585,0.8590033975084937,0.5548111796379089,5.208169460296631
s2,351,baseline_3sigma,87848,77984,70529,60624,0.8595613152036751,8591,7370,0.8578745198463509,8728,7528,0.8625114573785518,0.5700799226760864,5.340740203857422
s2,352,baseline_3sigma,88024,78051,70445,60489,0.858669884306906,8790,7566,0.8607508532423208,8789,7502,0.853566958698373,0.5494045615196228,5.295299530029297
s2,353,baseline_3sigma,88642,78680,70700,60808,0.8600848656294201,8978,7720,0.8598797059478726,8964,7718,0.8609995537706381,0.5623611807823181,5.29679536819458
s2,354,baseline_3sigma,88229,78288,70634,60714,0.8595577200781493,8747,7510,0.8585800846004344,8848,7539,0.8520569620253164,0.5570130348205566,5.338087558746338
s2,355,baseline_3sigma,88089,78260,70449,60633,0.8606651620321083,8881,7647,0.86105168336899,8759,7508,0.8571754766525859,0.5646254420280457,5.396825790405273
s2,356,baseline_3sigma,87701,77673,70099,60219,0.859056477267864,8736,7491,0.8574862637362637,8866,7514,0.8475073313782991,0.5483817458152771,5.417599201202393
s2,357,baseline_3sigma,88295,78385,70646,60769,0.8601902443167342,8819,7581,0.8596212722530899,8830,7564,0.8566251415628539,0.5680417418479919,5.27197265625
s2,358,baseline_3sigma,88120,78064,70485,60480,0.8580549052989997,8914,7650,0.8582005833520305,8721,7451,0.8543744983373467,0.5717917084693909,5.280172348022461
s2,359,baseline_3sigma,88212,78102,70549,60519,0.8578293101248777,8775,7509,0.8557264957264957,8888,7562,0.8508100810081008,0.5602813959121704,5.239117622375488
s2,360,baseline_3sigma,88154,77871,70550,60344,0.8553366406803685,8787,7518,0.8555821099351314,8817,7598,0.8617443574912101,0.5601693987846375,5.2909345626831055
s2,361,baseline_3sigma,88067,78092,70581,60542,0.8577662543744067,8751,7522,0.8595589075534225,8735,7490,0.8574699484831139,0.5551581382751465,5.25645112991333
s2,362,baseline_3sigma,88104,78141,70539,60539,0.8582344518635081,8705,7501,0.8616886846639862,8860,7630,0.8611738148984198,0.5621588230133057,5.241815567016602
s2,363,baseline_3sigma,88073,78212,70309,60441,0.8596481247066521,8714,7509,0.8617167775992656,9050,7797,0.8615469613259669,0.5469620227813721,5.341117858886719
s2,364,baseline_3sigma,87450,77677,70060,60231,0.8597059663145875,8720,7525,0.8629587155963303,8670,7490,0.8638985005767013,0.5522297024726868,5.397035121917725
s2,365,baseline_3sigma,87776,77886,70296,60384,0.8589962444520314,8617,7391,0.8577231054891493,8863,7625,0.8603181766896085,0.5701780319213867,5.310892105102539
s2,366,baseline_3sigma,87376,77522,69824,59951,0.8586016269477543,8703,7467,0.8579800068941744,8849,7599,0.8587411006893434,0.5662146806716919,5.342629432678223
s2,367,baseline_3sigma,88295,78330,70803,60770,0.858296964817875,8736,7505,0.8590888278388278,8756,7538,0.8608953860210141,0.5655863285064697,5.39638090133667
s2,368,baseline_3sigma,87409,77536,69895,60068,0.8594033908004864,8859,7603,0.858223275764759,8655,7441,0.8597342576545349,0.5645761489868164,5.406728744506836
s2,369,baseline_3sigma,87625,77804,70108,60243,0.8592885262737491,8839,7641,0.8644643059169589,8678,7434,0.8566489974648537,0.5613284111022949,5.21469259262085
s2,370,baseline_3sigma,88504,78505,70875,60836,0.8583562610229277,8769,7526,0.8582506557190102,8860,7638,0.8620767494356659,0.573040246963501,5.369024276733398
s2,371,baseline_3sigma,87848,77897,70382,60415,0.8583870876076269,8688,7467,0.8594613259668509,8778,7498,0.8541809068124857,0.5614159107208252,5.399408340454102
s2,372,baseline_3sigma,88035,78251,70460,60691,0.8613539596934431,8832,7571,0.857223731884058,8743,7523,0.8604597964085554,0.5533866286277771,5.385851860046387
s2,373,baseline_3sigma,88363,78499,70564,60636,0.8593050280596338,8771,7549,0.8606772317865694,9028,7703,0.8532343819229065,0.5673040151596069,5.355710506439209
s2,374,baseline_3sigma,87765,77790,70306,60338,0.8582197820954115,8743,7458,0.853025277364749,8716,7447,0.8544056906837999,0.5637468099594116,5.353659152984619
s2,375,baseline_3sigma,87947,78061,70408,60522,0.8595898193387115,8760,7482,0.8541095890410959,8779,7584,0.8638797129513612,0.558500349521637,5.306180477142334
s2,376,baseline_3sigma,87884,77991,70178,60366,0.8601841032802303,8892,7674,0.8630229419703104,8814,7501,0.8510324483775811,0.5654790997505188,5.284116744995117
s2,377,baseline_3sigma,87809,77835,70267,60251,0.8574579816983791,8966,7751,0.864488066027214,8576,7376,0.8600746268656716,0.5724313259124756,5.218488693237305
s2,378,baseline_3sigma,87918,78126,70247,60496,0.8611898016997167,8768,7496,0.8549270072992701,8903,7661,0.8604964618667865,0.555808424949646,5.256597518920898
s2,379,baseline_3sigma,88177,78182,70653,60577,0.8573875136229177,8788,7571,0.8615157032316796,8736,7552,0.8644688644688645,0.5551484227180481,5.467945575714111
s2,380,baseline_3sigma,87742,77885,70114,60344,0.8606555038936589,8822,7601,0.8615960099750624,8806,7549,0.8572564160799455,0.5625879764556885,5.347836017608643
s2,381,baseline_3sigma,87692,77773,70201,60229,0.8579507414424296,8743,7483,0.855884707766213,8748,7547,0.8627114769090077,0.5669982433319092,5.293951511383057
s2,382,baseline_3sigma,88176,78348,70682,60806,0.8602756005772333,8656,7492,0.8655268022181146,8838,7622,0.8624123104774836,0.5638068318367004,5.299075603485107
s2,383,baseline_3sigma,87693,77565,70230,60072,0.8553609568560444,8759,7495,0.855691288959927,8704,7508,0.8625919117647058,0.5657510757446289,5.2772722244262695
s2,384,baseline_3sigma,88098,78132,70521,60694,0.8606514371605621,8803,7492,0.8510734976712484,8774,7530,0.8582174606792797,0.5575603246688843,5.3773345947265625
s2,385,baseline_3sigma,87725,77893,70235,60398,0.8599416245461664,8699,7499,0.8620531095528222,8791,7532,0.8567853486520305,0.5530497431755066,5.2159624099731445
s2,386,baseline_3sigma,88104,78240,70474,60602,0.8599199704855691,8731,7480,0.8567174435917994,8899,7631,0.8575120800089898,0.561251163482666,5.324052333831787
s2,387,baseline_3sigma,88020,78071,70656,60678,0.858780570652174,8794,7628,0.8674095974528088,8570,7381,0.8612602100350059,0.5522865653038025,5.279791355133057
s2,388,baseline_3sigma,87828,77905,70347,60437,0.859126899512417,8755,7496,0.8561964591661907,8726,7516,0.8613339445335778,0.5544578433036804,5.303177356719971
s2,389,baseline_3sigma,88003,78025,70602,60567,0.8578652162828249,8580,7397,0.8621212121212121,8821,7602,0.8618070513547217,0.5573810935020447,5.374422073364258
s2,390,baseline_3sigma,87675,77848,70239,60401,0.8599353635444696,8785,7549,0.8593056346044394,8651,7443,0.8603629638192116,0.5491673946380615,5.231217384338379
s2,391,baseline_3sigma,88437,78411,70653,60724,0.8594681046806222,8942,7635,0.8538358309103109,8842,7598,0.8593078489029631,0.5535023808479309,5.338788986206055
s2,392,baseline_3sigma,88177,78423,70795,60958,0.8610495091461261,8697,7526,0.8653558698401748,8685,7461,0.8590673575129534,0.5549728274345398,5.3024420738220215
s2,393,baseline_3sigma,87872,78001,70237,60258,0.857923886270769,8811,7559,0.8579048916127567,8824,7613,0.8627606527651859,0.564153790473938,5.507340431213379
s2,394,baseline_3sigma,88066,78105,70660,60620,0.8579111236909143,8703,7473,0.8586694243364357,8703,7417,0.852234861541997,0.5716025829315186,5.357878684997559
s2,395,baseline_3sigma,87933,78016,70258,60351,0.8589911469156537,8812,7585,0.8607580571947344,8863,7577,0.8549024032494641,0.568671703338623,5.211604118347168
s2,396,baseline_3sigma,87488,77520,69891,59961,0.8579216208095463,8787,7585,0.8632070103562081,8810,7567,0.8589103291713961,0.5474963188171387,5.401185512542725
s2,397,baseline_3sigma,87903,77987,70501,60569,0.8591225656373669,8643,7426,0.8591924100428092,8759,7507,0.8570613083685352,0.5572090744972229,5.148479461669922
s2,398,baseline_3sigma,87948,78143,70203,60365,0.8598635385952167,8970,7781,0.8674470457079153,8775,7555,0.860968660968661,0.5681772232055664,5.3383917808532715
s2,399,baseline_3sigma,87597,77600,70091,60151,0.858184360331569,8696,7453,0.8570607175712971,8810,7544,0.856299659477866,0.5561604499816895,5.271544456481934
s2,400,baseline_3sigma,88105,78173,70516,60550,0.8586703726813772,8785,7538,0.8580535002845759,8804,7596,0.8627896410722399,0.550926923751831,5.334614276885986
s2,401,baseline_3sigma,87990,78088,70390,60467,0.8590282710612303,8772,7571,0.8630870953032376,8828,7601,0.8610104213864975,0.5497937798500061,5.315298557281494
s2,402,baseline_3sigma,88195,78110,70588,60520,0.8573695245650819,8639,7436,0.8607477717328395,8968,7695,0.8580508474576272,0.5625516772270203,5.273725986480713
s2,403,baseline_3sigma,87800,77890,70193,60364,0.8599717920590372,8776,7512,0.8559708295350957,8831,7584,0.8587928886875779,0.5591745376586914,5.279359340667725
s2,404,baseline_3sigma,88254,78315,70533,60528,0.858151503551529,8846,7603,0.8594845127741352,8875,7633,0.860056338028169,0.5636759996414185,5.341335773468018
s2,405,baseline_3sigma,88129,78221,70539,60732,0.8609705269425424,8763,7510,0.8570124386625585,8827,7553,0.8556701030927835,0.57401442527771,5.385296821594238
s2,406,baseline_3sigma,87966,78200,70333,60459,0.8596107090554932,8944,7703,0.8612477638640429,8689,7486,0.8615490850500633,0.5577975511550903,5.359271049499512
s2,407,baseline_3sigma,87649,77717,70195,60357,0.859847567490562,8822,7589,0.8602357742008615,8632,7401,0.8573911028730306,0.5441375374794006,5.2962775230407715
s2,408,baseline_3sigma,87960,78016,70286,60279,0.8576245625017784,8770,7546,0.8604332953249715,8904,7701,0.8648921832884097,0.5745275020599365,5.343297481536865
s2,409,baseline_3sigma,88246,78256,70533,60522,0.8580664369869423,8856,7630,0.8615627822944896,8857,7600,0.8580783561025178,0.5640687346458435,5.4344096183776855
s2,410,baseline_3sigma,87958,77941,70611,60545,0.8574443075441504,8674,7426,0.8561217431404197,8673,7437,0.8574887582151505,0.5521751046180725,5.313553810119629
s2,411,baseline_3sigma,88056,78368,70409,60669,0.8616654120922042,8875,7638,0.8606197183098592,8772,7538,0.8593251253989969,0.5634887218475342,5.3124895095825195
s2,412,baseline_3sigma,88300,78406,70442,60596,0.860225433690128,8958,7655,0.8545434248716232,8900,7656,0.8602247191011236,0.5482488870620728,5.391420841217041
s2,413,baseline_3sigma,87701,77724,70003,60009,0.8572346899418596,8884,7635,0.8594101755965781,8814,7586,0.8606761969593828,0.5539458990097046,5.292611122131348
s2,414,baseline_3sigma,87927,78024,70457,60533,0.8591481329037569,8724,7530,0.8631361760660248,8746,7490,0.8563914932540589,0.5516417026519775,5.376996040344238
s2,415,baseline_3sigma,87720,77681,70178,60223,0.8581464276553906,8735,7509,0.8596451058958214,8807,7514,0.8531849665039173,0.5648893713951111,5.386204719543457
s2,416,baseline_3sigma,87916,77834,70374,60292,0.8567368630460113,8768,7541,0.860059306569343,8774,7552,0.8607248689309323,0.5589675903320312,5.360009670257568
s2,417,baseline_3sigma,88171,78264,70703,60808,0.8600483713562367,8790,7540,0.8577929465301479,8678,7451,0.8586079741876008,0.548268735408783,5.366518974304199
s2,418,baseline_3sigma,88266,78451,70448,60659,0.8610464456052691,8899,7680,0.8630183166647938,8919,7626,0.8550285906491759,0.5698697566986084,5.241302013397217
s2,419,baseline_3sigma,88062,78238,70462,60642,0.8606341006499958,8812,7549,0.8566727190195188,8788,7624,0.867546654528903,0.5558391809463501,5.228399753570557
s2,420,baseline_3sigma,87821,77888,70246,60320,0.8586965805882185,8740,7481,0.8559496567505721,8835,7642,0.8649688737973967,0.5606279373168945,5.374764919281006
s2,421,baseline_3sigma,87135,77259,69798,59938,0.8587352073125304,8691,7464,0.8588194684156023,8646,7414,0.8575063613231552,0.5635246634483337,5.280979633331299
s2,422,baseline_3sigma,87960,78025,70299,60381,0.8589169120471131,8798,7514,0.8540577403955445,8863,7601,0.8576102899695363,0.5537750124931335,5.457655429840088
s2,423,baseline_3sigma,88023,78049,70393,60367,0.8575710653047889,8817,7522,0.8531246455710559,8813,7566,0.8585044820152048,0.5598650574684143,5.3578948974609375
s2,424,baseline_3sigma,87971,77942,70445,60465,0.858329192987437,8746,7482,0.8554767893894352,8780,7581,0.8634396355353076,0.5507655143737793,5.374221324920654
s2,425,baseline_3sigma,87855,77991,70065,60241,0.8597873403268393,8893,7603,0.8549420892837063,8897,7628,0.857367652017534,0.5537048578262329,5.330414295196533
s2,426,baseline_3sigma,87510,77578,69898,59990,0.8582505937222811,8726,7486,0.8578959431583772,8886,7620,0.8575286968264686,0.5691314935684204,5.399744033813477
s2,427,baseline_3sigma,87960,78074,70359,60450,0.8591651387882148,8734,7536,0.8628348980993817,8867,7621,0.8594789669561295,0.5662818551063538,5.201712608337402
s2,428,baseline_3sigma,87767,77992,70066,60238,0.8597322524476921,8799,7569,0.8602113876576883,8902,7708,0.8658728375645922,0.5526845455169678,5.488226413726807
s2,429,baseline_3sigma,87708,77831,70098,60275,0.8598676139119519,8903,7664,0.8608334269347411,8707,7443,0.8548294475709199,0.5478643774986267,5.3642449378967285
s2,430,baseline_3sigma,87816,77950,70250,60361,0.8592313167259786,8785,7574,0.8621513944223107,8781,7577,0.8628857761075048,0.5655037760734558,5.288487434387207
s2,431,baseline_3sigma,87713,77773,70084,60231,0.8594115632669368,8908,7666,0.8605747642568478,8721,7478,0.8574704735695448,0.5594203472137451,5.254505157470703
s2,432,baseline_3sigma,88176,78176,70412,60479,0.8589302959722774,8957,7719,0.861784079490901,8807,7563,0.8587487226070172,0.5652596950531006,5.248356819152832
s2,433,baseline_3sigma,88016,78122,70368,60452,0.8590836743974534,8882,7608,0.8565638369736546,8766,7492,0.8546657540497377,0.5607427954673767,5.3686442375183105
s2,434,baseline_3sigma,87902,78082,70317,60449,0.8596640926091841,8824,7562,0.8569809610154125,8761,7621,0.8698778678233079,0.5532209277153015,5.207457542419434
s2,435,baseline_3sigma,87657,77900,69901,60153,0.8605456288178996,8911,7707,0.8648860958366065,8845,7591,0.8582249858677219,0.55771404504776,5.247922420501709
s2,436,baseline_3sigma,87933,78060,70188,60381,0.8602752607283296,8988,7726,0.8595905651980418,8757,7558,0.8630809638003882,0.555705726146698,5.277639865875244
s2,437,baseline_3sigma,88471,78799,70783,60981,0.8615204215701511,8867,7630,0.8604939663922408,8821,7665,0.8689490987416393,0.5591633915901184,5.374531269073486
s2,438,baseline_3sigma,87536,77703,69845,60078,0.8601617868136588,8774,7572,0.8630043309778892,8917,7623,0.8548839295727263,0.553623378276825,5.189583778381348
s2,439,baseline_3sigma,88388,78425,70615,60693,0.8594916094314239,8899,7644,0.8589729183054275,8874,7630,0.8598151904439937,0.56341153383255,5.416237831115723
s2,440,baseline_3sigma,87508,77615,69950,60110,0.8593280914939242,8798,7496,0.8520118208683791,8760,7552,0.8621004566210045,0.5550933480262756,5.262608051300049
s2,441,baseline_3sigma,87618,77739,70010,60119,0.8587201828310241,8859,7609,0.8589005531098318,8749,7552,0.863184363927306,0.5595107078552246,5.267763137817383
s2,442,baseline_3sigma,87530,77600,69957,60048,0.8583558471632574,8801,7531,0.8556982161118055,8772,7538,0.8593251253989969,0.5692702531814575,5.287901401519775
s2,443,baseline_3sigma,87952,78059,70271,60370,0.8591026170112849,8824,7574,0.8583408884859474,8857,7628,0.8612396974144745,0.5561886429786682,5.375896453857422
s2,444,baseline_3sigma,87898,78027,70406,60584,0.8604948441894157,8788,7549,0.8590122894856622,8704,7435,0.8542049632352942,0.5593791604042053,5.387068271636963
s2,445,baseline_3sigma,87875,77897,70290,60381,0.8590268886043534,8839,7555,0.8547346984953049,8746,7509,0.8585639149325406,0.5626620650291443,5.323423862457275
s2,446,baseline_3sigma,87873,78080,70154,60396,0.8609060067850728,8799,7565,0.85975679054438,8920,7629,0.8552690582959641,0.5632374882698059,5.32498025894165
s2,447,baseline_3sigma,87778,78004,70370,60522,0.860054000284212,8777,7510,0.8556454369374501,8631,7448,0.8629359286293593,0.5475701689720154,5.268718242645264
s2,448,baseline_3sigma,87776,77752,70179,60200,0.8578064663218342,8767,7512,0.8568495494467891,8830,7572,0.8575311438278596,0.5728884935379028,5.393550395965576
s2,449,baseline_3sigma,87361,77435,69852,59984,0.8587298860447804,8854,7577,0.8557714027558165,8655,7460,0.8619295205083767,0.561007022857666,5.378612995147705
s2,450,baseline_3sigma,87922,78041,70118,60261,0.859422687469694,8944,7671,0.8576699463327371,8860,7633,0.8615124153498871,0.5567616820335388,5.254120826721191
s2,451,baseline_3sigma,88002,78015,70459,60490,0.8585134617295165,8866,7600,0.857207308820212,8677,7466,0.8604356344358649,0.5501848459243774,5.335024356842041
s2,452,baseline_3sigma,88140,78227,70597,60606,0.8584784055979716,8794,7535,0.8568342051398681,8749,7550,0.8629557663732998,0.5756722092628479,5.315826416015625
s2,453,baseline_3sigma,87721,77954,70156,60374,0.8605678773020127,8786,7599,0.8648987024812201,8779,7509,0.8553365987014466,0.5562900304794312,5.322978496551514
s2,454,baseline_3sigma,88168,78180,70667,60635,0.8580384054792194,8716,7467,0.856700321248279,8785,7584,0.8632896983494593,0.5648249983787537,5.410144805908203
s2,455,baseline_3sigma,87979,78003,70395,60455,0.858796789544712,8727,7485,0.8576830525953936,8857,7602,0.858304166196229,0.5612303018569946,5.352838516235352
s2,456,baseline_3sigma,88067,78049,70479,60535,0.8589083273031684,8799,7538,0.8566882600295488,8789,7504,0.8537945158721129,0.5564559102058411,5.348437309265137
s2,457,baseline_3sigma,88679,78734,70963,61005,0.8596733509011738,8792,7566,0.8605550500454959,8924,7700,0.8628417749887942,0.5685689449310303,5.258090972900391
s2,458,baseline_3sigma,88179,78235,70393,60479,0.8591621325984118,8859,7635,0.8618354216051473,8927,7620,0.8535902318808111,0.557589054107666,5.3376946449279785
s2,459,baseline_3sigma,87762,77935,69964,60278,0.8615573723629295,8840,7552,0.8542986425339366,8958,7692,0.8586738111185532,0.5471808910369873,5.402921199798584
s2,460,baseline_3sigma,87561,77706,69943,60161,0.8601432595113163,8742,7499,0.8578128574696866,8876,7619,0.8583821541234791,0.5637511014938354,5.319278240203857
s2,461,baseline_3sigma,87698,77746,70235,60278,0.8582330746778671,8758,7493,0.855560630280886,8705,7426,0.8530729465824239,0.5557398796081543,5.353945255279541
s2,462,baseline_3sigma,87619,77960,70211,60473,0.8613037843073023,8612,7455,0.8656525777984209,8796,7571,0.8607321509777172,0.5556119084358215,5.2460246086120605
s2,463,baseline_3sigma,88318,78228,70533,60493,0.8576552819247728,8940,7708,0.8621923937360179,8845,7610,0.8603730921424534,0.5610080361366272,5.278712272644043
s2,464,baseline_3sigma,87870,77855,70138,60245,0.8589494995580143,8918,7621,0.8545638035433953,8814,7553,0.8569321533923304,0.5703383088111877,5.2197113037109375
s2,465,baseline_3sigma,87865,78057,70268,60500,0.8609893550407013,8900,7632,0.8575280898876404,8697,7473,0.8592618144187651,0.5642284750938416,5.447667121887207
s2,466,baseline_3sigma,88115,78093,70669,60619,0.8577877145565949,8740,7547,0.8635011441647598,8706,7455,0.8563059958649207,0.5572478175163269,5.232186794281006
s2,467,baseline_3sigma,87888,78085,70209,60428,0.8606873762623025,8891,7641,0.8594083905072545,8788,7564,0.8607191624943105,0.5488705039024353,5.312671184539795
s2,468,baseline_3sigma,87665,77844,69968,60069,0.8585210381888864,8995,7747,0.8612562534741524,8702,7493,0.8610664215122961,0.5604785680770874,5.276994705200195
s2,469,baseline_3sigma,87827,77807,70275,60244,0.8572607612949128,8742,7510,0.859071150766415,8810,7550,0.8569807037457434,0.5634245276451111,5.338679313659668
s2,470,baseline_3sigma,87717,77659,70259,60247,0.8574986834426906,8718,7472,0.8570773113099335,8740,7490,0.8569794050343249,0.5576263666152954,5.298487663269043
s2,471,baseline_3sigma,88995,78890,71193,61108,0.8583428146025592,8884,7627,0.8585096803241783,8918,7683,0.8615160349854227,0.5654823184013367,5.346217155456543
s2,472,baseline_3sigma,88029,78017,70406,60411,0.858037667244269,8861,7604,0.8581424218485498,8762,7533,0.8597352202693449,0.5620586276054382,5.224668502807617
s2,473,baseline_3sigma,87701,77864,70230,60396,0.8599743699273814,8747,7495,0.8568652109294616,8724,7504,0.8601558917927556,0.5722378492355347,5.300771713256836
s2,474,baseline_3sigma,88418,78568,70689,60752,0.8594265020017259,8991,7745,0.8614169725280837,8738,7523,0.8609521629663539,0.5591371655464172,5.262051105499268
s2,475,baseline_3sigma,88016,78120,70242,60408,0.8599982916203981,8997,7779,0.8646215405135045,8777,7571,0.8625954198473282,0.5513298511505127,5.249250888824463
s2,476,baseline_3sigma,87803,77867,70295,60334,0.8582971761860729,8735,7467,0.854836863194047,8773,7579,0.8639006041262965,0.5444144606590271,5.579984664916992
s2,477,baseline_3sigma,87933,77998,70428,60436,0.8581246095303005,8732,7471,0.8555886394869445,8773,7531,0.8584292716288613,0.5691540241241455,5.307650089263916
s2,478,baseline_3sigma,87507,77544,70061,60181,0.858980031686673,8745,7485,0.855917667238422,8701,7467,0.8581772210090794,0.5466735363006592,5.368877410888672
s2,479,baseline_3sigma,87755,78032,70229,60464,0.8609548761907474,8825,7636,0.8652691218130312,8701,7480,0.8596713021491783,0.5501211285591125,5.190878391265869
s2,480,baseline_3sigma,87620,77728,70144,60218,0.8584911040145985,8851,7631,0.8621624675177946,8625,7398,0.8577391304347826,0.566309928894043,5.186212539672852
s2,481,baseline_3sigma,88445,78623,70750,60895,0.8607067137809187,8883,7685,0.8651356523696949,8812,7636,0.8665456196096233,0.5442582368850708,5.3316264152526855
s2,482,baseline_3sigma,88390,78500,70718,60772,0.8593568822647699,8855,7609,0.8592885375494071,8817,7587,0.86049676760803,0.5515141487121582,5.261695384979248
s2,483,baseline_3sigma,87632,77750,69980,60140,0.8593883966847671,8862,7606,0.8582712705935455,8790,7540,0.8577929465301479,0.5595805644989014,5.338681697845459
s2,484,baseline_3sigma,88140,78122,70658,60654,0.858416598262051,8867,7645,0.8621856321190933,8615,7398,0.8587347649448636,0.5495713949203491,5.280811786651611
s2,485,baseline_3sigma,87902,77826,70320,60337,0.8580346985210466,8819,7574,0.8588275314661526,8763,7522,0.8583818327056943,0.5446026921272278,5.390435695648193
s2,486,baseline_3sigma,88388,78376,70829,60873,0.8594361066794675,8773,7521,0.8572894106918956,8786,7551,0.8594354655133166,0.559004545211792,5.357243537902832
s2,487,baseline_3sigma,87791,77863,70076,60192,0.8589531365945545,8844,7563,0.8551560379918589,8871,7635,0.8606695975650998,0.5559049844741821,5.344842433929443
s2,488,baseline_3sigma,88265,78296,70493,60528,0.8586384463705616,8985,7733,0.8606566499721758,8787,7526,0.8564925458063047,0.5599918961524963,5.271483421325684
s2,489,baseline_3sigma,87976,78063,70411,60522,0.8595531948133104,8794,7523,0.8554696383898113,8771,7549,0.8606772317865694,0.5575765371322632,5.315586090087891
s2,490,baseline_3sigma,88287,78309,70693,60730,0.8590666685527563,8874,7628,0.8595898129366689,8720,7477,0.857454128440367,0.5605207681655884,5.282235145568848
s2,491,baseline_3sigma,87756,78106,70228,60415,0.8602694082132483,8666,7513,0.8669513039464575,8862,7640,0.8621078763258858,0.5757545232772827,5.440215110778809
s2,492,baseline_3sigma,88277,78449,70548,60737,0.8609315643249986,8866,7692,0.8675840288743515,8863,7590,0.8563691752228365,0.556414783000946,5.245471000671387
s2,493,baseline_3sigma,87439,77593,69843,60028,0.85947052675286,8745,7487,0.8561463693539165,8851,7644,0.8636312281098181,0.562603235244751,5.292673587799072
s2,494,baseline_3sigma,88146,78231,70712,60697,0.8583691594071727,8669,7453,0.8597300726727419,8765,7531,0.8592127780946948,0.5692680478096008,5.252936363220215
s2,495,baseline_3sigma,88249,78176,70660,60617,0.8578686668553637,8857,7606,0.8587557863836514,8732,7487,0.8574209803023363,0.5619882345199585,5.278210163116455
s2,496,baseline_3sigma,87721,77756,70424,60327,0.8566255821878905,8554,7349,0.859130231470657,8743,7529,0.8611460597049068,0.5652415752410889,5.374804973602295
s2,497,baseline_3sigma,87554,77564,70247,60348,0.8590829501615728,8544,7301,0.8545177902621723,8763,7535,0.8598653429190917,0.5544518232345581,5.327975749969482
s2,498,baseline_3sigma,87782,77890,70513,60505,0.858068724915973,8613,7348,0.8531289910600255,8656,7427,0.8580175600739371,0.5713669061660767,5.467887878417969
s2,499,baseline_3sigma,87774,77969,70229,60389,0.8598869412920588,8807,7572,0.8597706369933008,8738,7546,0.863584344243534,0.559855580329895,5.334334850311279
s2,500,baseline_3sigma,87818,77963,70259,60326,0.8586230945501644,8813,7584,0.8605469193237263,8746,7542,0.8623370683741138,0.5598587393760681,5.389638900756836
s2,501,baseline_3sigma,88107,78154,70490,60573,0.8593133777840829,8815,7597,0.8618264322178105,8802,7540,0.8566234946603045,0.5474433302879333,5.355520248413086
s2,502,baseline_3sigma,87136,77345,69577,59880,0.8606292309240122,8712,7478,0.858356290174472,8847,7569,0.8555442522889115,0.5610771775245667,5.36362361907959
s2,503,baseline_3sigma,88036,78138,70335,60445,0.8593872183123623,8802,7564,0.859350147693706,8899,7613,0.8554893808293067,0.5585978031158447,5.273397922515869
s2,504,baseline_3sigma,87857,77884,70391,60465,0.858987654671762,8799,7542,0.8571428571428571,8667,7444,0.8588900426906657,0.5543041229248047,5.226179122924805
s2,505,baseline_3sigma,87803,77929,70118,60400,0.8614050600416441,8868,7586,0.8554352728912945,8817,7541,0.8552795735510945,0.5663841366767883,5.268275737762451
s2,506,baseline_3sigma,87788,78014,70059,60306,0.8607887637562626,8888,7624,0.8577857785778578,8841,7605,0.8601968103155752,0.5680717825889587,5.374648094177246
s2,507,baseline_3sigma,88137,78439,70466,60816,0.8630545227485595,8787,7547,0.8588824399681347,8884,7660,0.8622242233228276,0.5649521946907043,5.255570411682129
s2,508,baseline_3sigma,87892,77875,70053,60129,0.8583358314419083,8927,7629,0.8545984093200403,8912,7629,0.8560368043087971,0.5627804398536682,5.363844394683838
s2,509,baseline_3sigma,87556,77759,70001,60201,0.860001999971429,8786,7572,0.8618256316867744,8769,7511,0.8565400843881856,0.5642130374908447,5.407003879547119
s2,510,baseline_3sigma,88244,78172,70433,60434,0.858035295955021,9006,7679,0.8526537863646458,8805,7523,0.8544009085746734,0.5581976771354675,5.362889766693115
s2,511,baseline_3sigma,87426,77493,69961,60074,0.858678406540787,8628,7420,0.8599907278627724,8837,7568,0.856399230508091,0.5479096174240112,5.393845081329346
s2,512,baseline_3sigma,88065,78183,70331,60506,0.8603034223884205,8705,7504,0.8620333141872487,9029,7742,0.8574592978181416,0.5630752444267273,5.296902656555176
s2,513,baseline_3sigma,87688,77814,70102,60225,0.8591053037003223,8873,7599,0.8564183477966866,8713,7472,0.8575691495466544,0.5591908097267151,5.509897232055664
s2,514,baseline_3sigma,87795,77909,70096,60275,0.8598921479114358,8897,7659,0.8608519725750253,8802,7561,0.8590093160645308,0.5539783835411072,5.308195114135742
s2,515,baseline_3sigma,88092,78148,70498,60573,0.8592158642798378,8654,7426,0.8581003004391033,8940,7645,0.8551454138702461,0.5570404529571533,5.261559009552002
s2,516,baseline_3sigma,87680,77981,70201,60418,0.8606430107833222,8711,7531,0.864539088508782,8768,7616,0.8686131386861314,0.5601955056190491,5.224690914154053
s2,517,baseline_3sigma,88005,78021,70412,60407,0.8579077429983526,8789,7602,0.8649448173853681,8804,7511,0.8531349386642435,0.5662893652915955,5.310865879058838
s2,518,baseline_3sigma,87637,77731,70236,60360,0.8593883478558004,8767,7473,0.852401049389757,8634,7430,0.8605513087792448,0.5518288016319275,5.2757673263549805
s2,519,baseline_3sigma,87796,77965,70502,60622,0.8598621315707355,8623,7458,0.8648962078163053,8671,7475,0.8620689655172413,0.5528894066810608,5.256278038024902
s2,520,baseline_3sigma,87804,77798,70247,60317,0.8586416501772318,8824,7535,0.853921124206709,8733,7518,0.8608725523874957,0.5646519660949707,5.4601521492004395
s2,521,baseline_3sigma,87980,78025,70286,60273,0.8575391969951341,8855,7620,0.8605307735742518,8839,7597,0.8594863672361127,0.5596704483032227,5.412112712860107
s2,522,baseline_3sigma,87729,77907,70119,60231,0.85898258674539,8862,7647,0.8628977657413677,8748,7561,0.8643118427069044,0.5598267316818237,5.2011237144470215
s2,523,baseline_3sigma,87520,77677,69798,60022,0.8599386801914095,8731,7485,0.8572901156797618,8991,7710,0.8575241908575242,0.5544648170471191,5.440390110015869
s2,524,baseline_3sigma,87982,77959,70215,60269,0.8583493555508083,8839,7596,0.8593732322660934,8928,7672,0.8593189964157706,0.5569863319396973,5.289566993713379
s2,525,baseline_3sigma,87312,77679,69852,60154,0.861163603046441,8703,7527,0.8648741813167873,8757,7585,0.8661642114879525,0.5553789138793945,5.361954689025879
s2,526,baseline_3sigma,87668,77852,70220,60365,0.8596553688407861,8711,7517,0.8629319251521065,8737,7469,0.8548700927091679,0.5572598576545715,5.258883476257324
s2,527,baseline_3sigma,88089,78066,70415,60379,0.8574735496698147,8864,7632,0.8610108303249098,8810,7531,0.8548240635641317,0.5622590780258179,5.390358924865723
s2,528,baseline_3sigma,87425,77559,69773,59987,0.8597451736345004,8765,7517,0.8576155162578437,8887,7658,0.861708112974007,0.55241459608078,5.436659336090088
s2,529,baseline_3sigma,87921,77866,70278,60273,0.8576368137966363,8886,7610,0.8564033310826018,8757,7529,0.8597693273952267,0.5474640130996704,5.350769519805908
s2,530,baseline_3sigma,87667,78046,70169,60499,0.8621898559192805,8878,7650,0.8616805586843884,8620,7450,0.8642691415313225,0.5556079745292664,5.309889793395996
s2,531,baseline_3sigma,87637,77801,69995,60182,0.8598042717336952,8856,7560,0.8536585365853658,8786,7567,0.8612565445026178,0.5538440346717834,5.345856666564941
s2,532,baseline_3sigma,87946,78063,70335,60461,0.8596147010734343,8857,7599,0.8579654510556622,8754,7528,0.8599497372629655,0.5533813834190369,5.37694787979126
s2,533,baseline_3sigma,87851,78074,70360,60654,0.8620523024445708,8737,7526,0.8613940711914845,8754,7505,0.8573223669179804,0.5462237000465393,5.3256611824035645
s2,534,baseline_3sigma,87799,77797,70326,60355,0.8582174444728834,8716,7495,0.8599128040385497,8757,7505,0.8570286627840584,0.5547938346862793,5.307129859924316
s2,535,baseline_3sigma,87593,77709,70093,60104,0.8574893355969926,8660,7512,0.8674364896073903,8840,7628,0.86289592760181,0.5566852688789368,5.345535755157471
s2,536,baseline_3sigma,88066,78168,70434,60530,0.8593860919442314,8810,7580,0.8603859250851306,8822,7576,0.8587621854454772,0.5561431646347046,5.300726890563965
s2,537,baseline_3sigma,87889,78185,70476,60836,0.8632158465293149,8765,7523,0.8583000570450656,8648,7397,0.8553422756706753,0.5551480054855347,5.340696334838867
s2,538,baseline_3sigma,88363,78393,70681,60719,0.8590568894045075,8830,7524,0.8520951302378256,8852,7645,0.863646633529146,0.5635969042778015,5.339991092681885
s2,539,baseline_3sigma,87993,78193,70279,60344,0.8586348695912008,8828,7655,0.8671273221567739,8886,7660,0.8620301598019356,0.563772976398468,5.260229587554932
s2,540,baseline_3sigma,87908,78002,70405,60482,0.859058305518074,8794,7644,0.8692290197862179,8709,7435,0.8537145481685613,0.5423792600631714,5.316352367401123
s2,541,baseline_3sigma,87834,78152,70271,60695,0.8637275689829375,8816,7537,0.8549228675136116,8747,7500,0.8574368354864526,0.5591262578964233,5.2718048095703125
s2,542,baseline_3sigma,88394,78543,70638,60791,0.8605991109601064,8874,7609,0.8574487266170836,8882,7637,0.8598288673722134,0.5631715059280396,5.209914684295654
s2,543,baseline_3sigma,87384,77632,69895,60154,0.860633807854639,8782,7519,0.8561831017991346,8707,7478,0.8588492017916619,0.5651907920837402,5.358445644378662
s2,544,baseline_3sigma,87761,77927,70481,60681,0.8609554347980307,8589,7358,0.8566771451857026,8691,7493,0.8621562535956737,0.5471527576446533,5.385704040527344
s2,545,baseline_3sigma,87776,77788,70181,60234,0.8582664823812712,8849,7546,0.8527517233585716,8746,7557,0.8640521381202836,0.5555356740951538,5.292057037353516
s2,546,baseline_3sigma,87916,78096,70482,60615,0.8600068102494254,8699,7484,0.8603287734222325,8735,7497,0.858271322266743,0.5684336423873901,5.328756809234619
s2,547,baseline_3sigma,87827,77950,70345,60442,0.8592224038666572,8676,7414,0.8545412632549562,8806,7627,0.8661140131728366,0.5586271286010742,5.342344284057617
s2,548,baseline_3sigma,87807,77865,70374,60464,0.8591809475090232,8740,7501,0.8582379862700229,8693,7461,0.858276774416197,0.5594525933265686,5.3515520095825195
s2,549,baseline_3sigma,88209,78215,70710,60680,0.8581530193749116,8727,7487,0.8579122264237424,8772,7573,0.8633150934792522,0.5596121549606323,5.35407829284668
s2,550,baseline_3sigma,88048,78121,70595,60582,0.858162759402224,8807,7572,0.8597706369933008,8646,7455,0.8622484385843164,0.5596768856048584,5.2855706214904785
s2,551,baseline_3sigma,86965,77211,69662,59916,0.8600958915908242,8718,7490,0.8591420050470291,8585,7369,0.8583576004659289,0.5655366778373718,5.329277038574219
s2,552,baseline_3sigma,88034,78130,70346,60451,0.8593381286782475,8797,7572,0.8607479822666818,8891,7636,0.8588460240692836,0.5740398168563843,5.212142467498779
s2,553,baseline_3sigma,88266,78210,70813,60713,0.8573708217417706,8753,7474,0.8538786701702273,8700,7446,0.8558620689655172,0.5631129145622253,5.3460774421691895
s2,554,baseline_3sigma,87587,77840,69850,60162,0.8613027916964925,8889,7603,0.8553268084148948,8848,7636,0.8630198915009042,0.5558861494064331,5.368701457977295
s2,555,baseline_3sigma,87762,78178,70013,60461,0.8635681944781683,8900,7679,0.862808988764045,8849,7594,0.8581760650921008,0.5602239370346069,5.369900703430176
s2,556,baseline_3sigma,87940,78200,70381,60650,0.8617382532217502,8696,7464,0.858325666973321,8863,7640,0.8620106058896536,0.5580481290817261,5.334834098815918
s2,557,baseline_3sigma,88433,78567,70667,60810,0.8605148088924108,8878,7647,0.8613426447398063,8888,7695,0.8657740774077408,0.5500447154045105,5.262789726257324
s2,558,baseline_3sigma,87826,77790,70317,60242,0.8567202810131263,8538,7359,0.8619114546732256,8971,7681,0.8562033218147364,0.5636693239212036,5.286775588989258
s2,559,baseline_3sigma,87669,77835,70278,60443,0.8600557784797519,8706,7495,0.8609005283712382,8685,7439,0.8565342544617156,0.5583990216255188,5.42093563079834
s2,560,baseline_3sigma,87715,77760,70312,60303,0.8576487655023325,8772,7508,0.8559051527587779,8631,7436,0.8615455914725988,0.5597110986709595,5.3572540283203125
s2,561,baseline_3sigma,87992,77961,70242,60323,0.8587881894023519,8879,7604,0.8564027480572136,8871,7608,0.8576259722691918,0.5572357177734375,5.308134078979492
s2,562,baseline_3sigma,87929,77937,70236,60265,0.8580357651346887,8798,7548,0.8579222550579677,8895,7647,0.8596964586846543,0.5610965490341187,5.243628025054932
s2,563,baseline_3sigma,88314,78298,70515,60527,0.8583563780755867,8878,7596,0.8555981076819104,8921,7659,0.8585360385606995,0.5596125721931458,5.335634231567383
s2,564,baseline_3sigma,88216,78311,70305,60434,0.8595974681743831,9060,7789,0.8597130242825607,8851,7583,0.8567393514857078,0.5553749203681946,5.338207244873047
s2,565,baseline_3sigma,88092,78341,70430,60623,0.8607553599318473,8891,7608,0.8556967720166461,8771,7590,0.865351727283092,0.5673998594284058,5.245810031890869
s2,566,baseline_3sigma,88189,78381,70622,60840,0.8614879216108294,8804,7588,0.8618809631985461,8763,7516,0.8576971356841264,0.5590406060218811,5.288267135620117
s2,567,baseline_3sigma,87872,77923,70118,60148,0.8578111184004107,8864,7655,0.86360559566787,8890,7666,0.8623172103487065,0.561405599117279,5.2270708084106445
s2,568,baseline_3sigma,87752,77787,70209,60208,0.8575538748593485,8807,7527,0.8546610650618826,8736,7551,0.8643543956043956,0.5615225434303284,5.375191688537598
s2,569,baseline_3sigma,87465,77655,69952,60092,0.8590462031107045,8739,7536,0.8623412289735668,8774,7474,0.8518349669478004,0.567402720451355,5.356902599334717
s2,570,baseline_3sigma,88042,78206,70501,60690,0.8608388533495979,8705,7458,0.8567489948305571,8836,7538,0.8531009506564056,0.565116286277771,5.3179473876953125
s2,571,baseline_3sigma,88247,78268,70592,60637,0.8589783544877606,8723,7488,0.8584202682563339,8932,7659,0.8574787281683833,0.5484129190444946,5.342818260192871
s2,572,baseline_3sigma,87925,78026,70064,60257,0.8600279744233843,8879,7576,0.8532492397792544,8982,7702,0.8574927633043865,0.5636626482009888,5.338257789611816
s2,573,baseline_3sigma,87808,77919,70281,60426,0.8597771801767192,8807,7583,0.8610196434654253,8720,7451,0.8544724770642201,0.5444338321685791,5.2899274826049805
s2,574,baseline_3sigma,88084,78209,70508,60494,0.857973563283599,8802,7592,0.862531242899341,8774,7572,0.8630043309778892,0.5537824630737305,5.372513294219971
s2,575,baseline_3sigma,87491,77681,69931,60118,0.859675966309648,8776,7537,0.8588195077484048,8784,7528,0.8570127504553734,0.5595227479934692,5.368098258972168
s2,576,baseline_3sigma,87810,78008,70374,60513,0.8598772273851139,8641,7494,0.867260733711376,8795,7523,0.8553723706651507,0.5641593337059021,5.346907615661621
s2,577,baseline_3sigma,87959,77917,70246,60252,0.8577285539390144,8809,7506,0.8520830968327846,8904,7622,0.8560197663971248,0.5775336027145386,5.4426445960998535
s2,578,baseline_3sigma,87690,77765,70147,60292,0.85950931615037,8808,7555,0.8577429609445958,8735,7474,0.855638236977676,0.5540164113044739,5.3773064613342285
s2,579,baseline_3sigma,87872,77991,69950,60102,0.8592137240886347,8991,7736,0.8604159715270826,8931,7668,0.8585824655693651,0.5713574290275574,5.385776042938232
s2,580,baseline_3sigma,87851,77994,70239,60373,0.859536724611683,8843,7629,0.8627162727581138,8769,7504,0.8557418177671342,0.5685805082321167,5.2711334228515625
s2,581,baseline_3sigma,88093,78122,70686,60816,0.8603683897801545,8739,7448,0.8522714269367204,8668,7441,0.858444854637748,0.5636412501335144,5.236757278442383
s2,582,baseline_3sigma,87750,77902,70208,60454,0.8610699635369189,8813,7578,0.8598661068875525,8729,7467,0.8554244472448161,0.5631994605064392,5.322865962982178
s2,583,baseline_3sigma,88679,78663,71083,61079,0.8592631149501287,8821,7604,0.8620337830177984,8775,7505,0.8552706552706553,0.5545330047607422,5.284549236297607
s2,584,baseline_3sigma,87656,77753,69981,60103,0.858847401437533,8914,7651,0.8583127664348217,8761,7569,0.8639424723205114,0.5536215901374817,5.397449493408203
s2,585,baseline_3sigma,87488,77742,69919,60171,0.8605815300562079,8811,7567,0.8588128475768925,8758,7487,0.8548755423612697,0.552681028842926,5.3752641677856445
s2,586,baseline_3sigma,87655,77823,70352,60461,0.8594069820332044,8739,7528,0.8614257924247626,8564,7306,0.853106025221859,0.5580125451087952,5.370655059814453
s2,587,baseline_3sigma,87766,77662,70455,60383,0.8570435029451423,8729,7522,0.8617252835376332,8582,7290,0.849452342111396,0.5636091232299805,5.258362293243408
s2,588,baseline_3sigma,87677,77970,70174,60421,0.8610169008464673,8757,7535,0.8604544935480187,8746,7543,0.8624514063571919,0.5702086687088013,5.347466468811035
s2,589,baseline_3sigma,87541,77618,69892,59878,0.8567217993475648,8806,7606,0.8637292754939814,8843,7593,0.8586452561347959,0.5551220774650574,5.368354797363281
s2,590,baseline_3sigma,87965,77991,70564,60643,0.8594042287852163,8466,7319,0.8645168910937869,8935,7636,0.8546166759932848,0.5534954071044922,5.3797101974487305
s2,591,baseline_3sigma,88039,78282,70334,60629,0.8620155259191856,8987,7740,0.861244019138756,8718,7515,0.8620096352374398,0.5524916648864746,5.336702823638916
s2,592,baseline_3sigma,88177,78133,70523,60403,0.8565007160784425,8885,7660,0.8621271806415307,8769,7543,0.8601893032272779,0.5599377751350403,5.277157306671143
s2,593,baseline_3sigma,87950,78059,70286,60515,0.8609822724297869,8838,7527,0.851663272233537,8826,7669,0.868910038522547,0.5626295208930969,5.27193021774292
s2,594,baseline_3sigma,88002,78107,70494,60575,0.8592929894742815,8741,7534,0.8619151126873356,8767,7591,0.8658606136648797,0.5460799336433411,5.350772857666016
s2,595,baseline_3sigma,87748,77885,70325,60405,0.8589406327763953,8610,7412,0.8608594657375145,8813,7620,0.8646317939407693,0.553020179271698,5.2912139892578125
s2,596,baseline_3sigma,88127,78062,70486,60429,0.8573191839514229,8884,7661,0.8623367852318775,8757,7510,0.8575996345780519,0.5597234964370728,5.2621002197265625
s2,597,baseline_3sigma,88051,78235,70599,60765,0.8607062422980496,8764,7531,0.8593108169785486,8688,7423,0.8543968692449355,0.566662073135376,5.370551109313965
s2,598,baseline_3sigma,87506,77682,69927,60157,0.8602828664178357,8805,7519,0.853946621237933,8774,7515,0.856507864144062,0.5677580833435059,5.299304008483887
s2,599,baseline_3sigma,87749,77923,70075,60175,0.8587227970032109,8745,7532,0.8612921669525443,8929,7676,0.8596707358046813,0.5565357208251953,5.308058738708496
s2,600,baseline_3sigma,88014,78070,70413,60472,0.8588186840498203,8860,7599,0.8576749435665915,8741,7492,0.8571101704610457,0.5593862533569336,5.346640586853027
s2,601,baseline_3sigma,87934,77954,70411,60439,0.8583744017270029,8840,7612,0.8610859728506788,8683,7446,0.8575377173787861,0.5627100467681885,5.2324724197387695
s2,602,baseline_3sigma,87695,77947,70091,60280,0.8600248248705255,8732,7542,0.8637196518552451,8872,7580,0.8543733092876465,0.5582652688026428,5.356627941131592
s2,603,baseline_3sigma,87719,77817,70255,60333,0.858771617678457,8644,7439,0.8605969458583989,8820,7540,0.854875283446712,0.5568556785583496,5.281493186950684
s2,604,baseline_3sigma,87697,77721,70182,60233,0.8582400045595737,8720,7470,0.856651376146789,8795,7543,0.857646389994315,0.5637187957763672,5.303962707519531
s2,605,baseline_3sigma,88122,78077,70853,60803,0.8581570293424414,8527,7316,0.8579805324264103,8742,7468,0.8542667581789064,0.5618268847465515,5.350907802581787
s2,606,baseline_3sigma,87475,77528,70210,60252,0.8581683520865974,8612,7369,0.8556665118439387,8653,7421,0.8576216341153358,0.5661566257476807,5.367218971252441
s2,607,baseline_3sigma,87855,77992,70339,60544,0.860745816687755,8729,7501,0.8593195096803757,8787,7515,0.8552406964834415,0.5731770992279053,5.249833106994629
s2,608,baseline_3sigma,87336,77480,69798,59996,0.8595661766812802,8774,7513,0.8562799179393663,8764,7473,0.8526928343222273,0.563935399055481,5.47194242477417
s2,609,baseline_3sigma,87749,77882,70255,60434,0.8602092377766707,8738,7459,0.8536278324559395,8756,7505,0.8571265417999087,0.5583730936050415,5.417335033416748
s2,610,baseline_3sigma,87974,77988,70375,60372,0.8578614564831261,8643,7469,0.8641675344209186,8956,7648,0.8539526574363555,0.5605644583702087,5.365107536315918
s2,611,baseline_3sigma,87482,77665,70065,60257,0.8600156997074145,8783,7527,0.8569964704542867,8634,7376,0.8542969654852907,0.5726628303527832,5.375565052032471
s2,612,baseline_3sigma,87616,77620,70155,60177,0.8577720761171691,8679,7439,0.8571263970503514,8782,7497,0.8536779776816215,0.5672940015792847,5.2560343742370605
s2,613,baseline_3sigma,87912,77994,70403,60491,0.8592105450051845,8626,7395,0.8572919081845584,8883,7666,0.8629967353371608,0.5577251315116882,5.316418170928955
s2,614,baseline_3sigma,88029,78187,70352,60568,0.8609279053900387,8892,7601,0.8548133153396311,8785,7506,0.8544109277177007,0.5625037550926208,5.334360122680664
s2,615,baseline_3sigma,87597,77741,69870,59980,0.8584514097609847,8783,7583,0.8633724240009109,8944,7681,0.8587880143112702,0.5683700442314148,5.402200222015381
s2,616,baseline_3sigma,88101,78131,70382,60451,0.8588985820238129,8814,7571,0.8589743589743589,8905,7628,0.8565974171813587,0.5620132684707642,5.370638847351074
s2,617,baseline_3sigma,87893,78041,70131,60316,0.8600476251586318,8881,7600,0.8557594865443081,8881,7625,0.8585744848553091,0.5687682628631592,5.2617387771606445
s2,618,baseline_3sigma,87951,77985,70285,60324,0.8582770150103152,8771,7524,0.8578269296545434,8895,7599,0.8543001686340641,0.5688067674636841,5.3248066902160645
s2,619,baseline_3sigma,88034,78308,70604,60712,0.8598946235340774,8632,7428,0.8605189990732159,8798,7595,0.8632643782677881,0.5787051320075989,5.3661346435546875
s2,620,baseline_3sigma,87418,77516,69981,60077,0.858475872022406,8720,7460,0.8555045871559633,8717,7434,0.8528163358953769,0.571674108505249,5.388211250305176
s2,621,baseline_3sigma,87702,77771,70402,60438,0.8584699298315389,8716,7493,0.8596833409821019,8584,7376,0.8592730661696178,0.5627940893173218,5.403268814086914
s2,622,baseline_3sigma,88138,78182,70575,60639,0.8592136025504782,8761,7532,0.8597192101358292,8802,7552,0.8579868211770052,0.5582484006881714,5.408222675323486
s2,623,baseline_3sigma,87894,77878,70281,60245,0.8572018041860532,8867,7671,0.865117852712304,8746,7565,0.8649668419849074,0.5650952458381653,5.315495491027832
s2,624,baseline_3sigma,87784,77828,70176,60218,0.8580996352029184,8869,7643,0.8617657007554403,8739,7437,0.8510127016821146,0.5629560947418213,5.176909446716309
s2,625,baseline_3sigma,87544,77731,69920,60087,0.8593678489702518,8736,7571,0.8666437728937729,8888,7637,0.8592484248424842,0.5588761568069458,5.3929290771484375
s2,626,baseline_3sigma,88036,78182,70412,60555,0.8600096574447538,8860,7583,0.8558690744920994,8764,7546,0.8610223642172524,0.5535469055175781,5.3735809326171875
s2,627,baseline_3sigma,88244,78234,70570,60621,0.8590194133484483,8958,7677,0.8569993302076356,8716,7448,0.8545204222120238,0.5645028352737427,5.230010509490967
s2,628,baseline_3sigma,88303,78314,70708,60590,0.8569044521129151,8733,7506,0.859498454139471,8862,7632,0.8612051455653351,0.5638816356658936,5.420316696166992
s2,629,baseline_3sigma,87744,77891,70342,60426,0.8590315885246368,8880,7618,0.8578828828828828,8522,7363,0.8639990612532269,0.5525917410850525,5.396225929260254
s2,630,baseline_3sigma,87826,77918,70248,60347,0.8590564855938959,8852,7598,0.8583370989606869,8726,7504,0.8599587439834976,0.5567126274108887,5.280882835388184
s2,631,baseline_3sigma,87861,77985,70369,60561,0.8606204436612713,8773,7520,0.8571754245981991,8719,7432,0.8523913292808808,0.5500881671905518,5.318446159362793
s2,632,baseline_3sigma,88123,78249,70604,60745,0.8603620191490567,8804,7517,0.8538164470695139,8715,7537,0.8648307515777395,0.5609762668609619,5.285227298736572
s2,633,baseline_3sigma,88114,78237,70338,60496,0.8600756347920043,8857,7637,0.8622558428361747,8919,7653,0.8580558358560376,0.560665488243103,5.285991191864014
s2,634,baseline_3sigma,87976,78125,70541,60761,0.861357224876313,8738,7509,0.8593499656672007,8697,7444,0.8559273312636542,0.5619484186172485,5.417089462280273
s2,635,baseline_3sigma,87893,78095,70361,60542,0.8604482596893165,8837,7596,0.8595677266040511,8695,7532,0.866244968372628,0.5497085452079773,5.298275470733643
s2,636,baseline_3sigma,87548,77526,69948,59974,0.8574083604963687,8690,7413,0.8530494821634063,8910,7675,0.8613916947250281,0.566371500492096,5.289891242980957
s2,637,baseline_3sigma,88079,77990,70401,60318,0.8567776025908723,8794,7502,0.8530816465772117,8884,7646,0.8606483565961278,0.5640959739685059,5.26964807510376
s2,638,baseline_3sigma,87658,77626,70159,60303,0.8595190923473823,8739,7500,0.8582217645039478,8760,7445,0.8498858447488584,0.5401710271835327,5.209194660186768
s2,639,baseline_3sigma,88217,78409,70359,60590,0.861154933981438,8800,7577,0.8610227272727272,9058,7787,0.8596820490174432,0.5575324892997742,5.506706237792969
s2,640,baseline_3sigma,87724,77903,69859,59995,0.8588012997609471,8902,7685,0.8632891485059537,8963,7740,0.8635501506192124,0.5600025653839111,5.304175853729248
s2,641,baseline_3sigma,87650,77879,70315,60514,0.8606129559837873,8833,7612,0.8617683686176837,8502,7342,0.8635615149376618,0.5539294481277466,5.352641582489014
s2,642,baseline_3sigma,87912,77878,70267,60194,0.8566467901006162,8873,7610,0.8576580637890229,8772,7517,0.8569311445508436,0.5635892152786255,5.288702011108398
s2,643,baseline_3sigma,87557,77711,69975,60086,0.8586780993211861,8756,7575,0.8651210598446779,8826,7584,0.8592794017675051,0.5621906518936157,5.325166702270508
s2,644,baseline_3sigma,87871,77760,70321,60244,0.8566999900456478,8902,7661,0.8605931251404179,8648,7389,0.8544172062904718,0.5459058880805969,5.390596866607666
s2,645,baseline_3sigma,87872,77999,70204,60354,0.8596946042960515,8837,7567,0.8562860699332353,8831,7583,0.8586796512286264,0.5599992275238037,5.293118000030518
s2,646,baseline_3sigma,87872,77870,70493,60562,0.859120763763778,8701,7444,0.8555338466842891,8678,7465,0.8602212491357456,0.566123366355896,5.406022071838379
s2,647,baseline_3sigma,88088,78142,70650,60672,0.8587685774946922,8792,7543,0.8579390354868062,8646,7451,0.8617857969003008,0.5596627593040466,5.332605838775635
s2,648,baseline_3sigma,87744,77804,70066,60153,0.8585191105529073,9029,7709,0.8538044080186067,8649,7456,0.862064978610244,0.5463484525680542,5.268563747406006
s2,649,baseline_3sigma,88094,78195,70426,60610,0.8606196575128504,8775,7513,0.8561823361823362,8893,7631,0.8580906330821995,0.5522907376289368,5.445960998535156
s2,650,baseline_3sigma,87707,77846,70079,60233,0.8595014198261961,8747,7507,0.8582371098662398,8881,7615,0.8574484855309087,0.5656843781471252,5.416930198669434
s2,651,baseline_3sigma,88081,78299,70470,60608,0.8600539236554562,8844,7632,0.8629579375848032,8767,7543,0.8603855366716094,0.5609899759292603,5.443619728088379
s2,652,baseline_3sigma,87968,77976,70534,60496,0.8576856551450365,8746,7488,0.856162817287903,8688,7484,0.8614180478821363,0.5544630289077759,5.297966957092285
s2,653,baseline_3sigma,87602,77727,69991,60220,0.8603963366718578,8865,7573,0.8542583192329385,8746,7489,0.856277155270981,0.5565599799156189,5.414797306060791
s2,654,baseline_3sigma,87793,77864,70036,60195,0.8594865497744018,8941,7681,0.8590761659769601,8816,7568,0.8584392014519057,0.5507529973983765,5.304851531982422
s2,655,baseline_3sigma,87714,77933,70196,60459,0.8612883925009972,8857,7643,0.8629332731173084,8661,7432,0.858099526613555,0.551652193069458,5.259498596191406
s2,656,baseline_3sigma,88054,78261,70519,60654,0.8601086232079298,8756,7568,0.864321608040201,8779,7568,0.8620571819113795,0.548478901386261,5.395047187805176
s2,657,baseline_3sigma,87780,77932,70182,60398,0.8605910347382519,8861,7608,0.8585938381672498,8737,7506,0.8591049559345313,0.5498968958854675,5.433441638946533
s2,658,baseline_3sigma,87777,77926,70333,60474,0.859823980208437,8729,7456,0.8541642799862528,8715,7480,0.8582903040734366,0.5542283058166504,5.417938232421875
s2,659,baseline_3sigma,87702,77778,70184,60288,0.8589992020973441,8782,7517,0.855955363242997,8736,7500,0.8585164835164835,0.5579804182052612,5.329275131225586
s2,660,baseline_3sigma,87691,77742,70134,60312,0.8599538027205065,8653,7405,0.8557725644285219,8904,7593,0.8527628032345014,0.5479450225830078,5.204606533050537
s2,661,baseline_3sigma,88719,78866,71055,61158,0.8607135317711632,8670,7434,0.857439446366782,8994,7775,0.8644651990215699,0.5635503530502319,5.524076461791992
s2,662,baseline_3sigma,87925,77782,70286,60206,0.8565859488376063,8736,7470,0.8550824175824175,8903,7576,0.8509491182747388,0.5681402683258057,5.404052257537842
s2,663,baseline_3sigma,87835,77906,70184,60282,0.8589137125270717,8814,7596,0.8618107556160653,8837,7631,0.8635283467240014,0.5546005964279175,5.153952121734619
s2,664,baseline_3sigma,87736,77871,70230,60327,0.8589918838103374,8684,7431,0.8557116536158452,8822,7657,0.8679437769213331,0.56378173828125,5.238892078399658
s2,665,baseline_3sigma,87664,77620,70214,60327,0.8591876263992936,8795,7512,0.8541216600341103,8655,7376,0.8522241478913922,0.5587061643600464,5.3232011795043945
s2,666,baseline_3sigma,87800,77763,70248,60299,0.8583731921193486,8772,7533,0.8587551299589603,8780,7500,0.8542141230068337,0.5501341223716736,5.487070560455322
s2,667,baseline_3sigma,88454,78416,70509,60486,0.8578479343062588,8934,7636,0.8547123349003806,9011,7774,0.8627233381422705,0.5553513765335083,5.3152899742126465
s2,668,baseline_3sigma,88007,78167,70380,60541,0.860201761864166,8788,7540,0.8579881656804734,8839,7598,0.8595995022061319,0.5623785257339478,5.204252243041992
s2,669,baseline_3sigma,88023,78190,70608,60703,0.8597184455019261,8741,7521,0.8604278686649125,8674,7482,0.8625778187687342,0.5579794645309448,5.3910698890686035
s2,670,baseline_3sigma,87224,77391,69786,60010,0.8599145960507838,8742,7485,0.8562113932738504,8696,7450,0.8567157313707452,0.5617278814315796,5.312509536743164
s2,671,baseline_3sigma,87847,78007,70266,60490,0.860871545270828,8720,7488,0.8587155963302753,8861,7589,0.8564496106534252,0.5592771172523499,5.262067794799805
s2,672,baseline_3sigma,87705,77883,70119,60323,0.860294641965801,8825,7556,0.8562039660056657,8761,7560,0.8629151923296428,0.5624082684516907,5.389125823974609
s2,673,baseline_3sigma,87987,78024,70349,60422,0.8588892521571024,8692,7439,0.8558444546709618,8946,7617,0.8514419852448022,0.5587657690048218,5.308833122253418
s2,674,baseline_3sigma,87660,77851,70153,60323,0.8598776958932619,8727,7478,0.8568809441961728,8780,7595,0.8650341685649203,0.5580133199691772,5.298116207122803
s2,675,baseline_3sigma,88366,78239,70839,60732,0.8573243552280524,8694,7447,0.8565677478720957,8833,7575,0.8575795313030681,0.5611889362335205,5.229080677032471
s2,676,baseline_3sigma,87777,78045,70200,60459,0.8612393162393163,8908,7690,0.8632689717108217,8669,7414,0.8552312838851078,0.5707942843437195,5.383768081665039
s2,677,baseline_3sigma,88040,78147,70647,60776,0.8602771526037907,8710,7479,0.8586681974741677,8683,7476,0.8609927444431648,0.553091287612915,5.223620891571045
s2,678,baseline_3sigma,87800,77844,70282,60324,0.8583136507213796,8701,7451,0.8563383519135731,8817,7568,0.8583418396279914,0.5653659105300903,5.308917999267578
s2,679,baseline_3sigma,87911,77909,70361,60421,0.858728557013118,8742,7500,0.8579272477693891,8808,7534,0.8553587647593097,0.5622195601463318,5.351182460784912
s2,680,baseline_3sigma,87852,78139,70314,60523,0.8607531928207753,8735,7501,0.8587292501431024,8803,7602,0.8635692377598546,0.5571226477622986,5.20909309387207
s2,681,baseline_3sigma,87813,77856,70211,60303,0.8588825112874051,8866,7582,0.8551770809835326,8736,7503,0.8588598901098901,0.5667490363121033,5.304608345031738
s2,682,baseline_3sigma,88018,77981,70383,60397,0.8581191480897375,8737,7519,0.8605928808515508,8898,7645,0.8591818386154192,0.5663619637489319,5.428228855133057
s2,683,baseline_3sigma,87545,77840,69958,60294,0.8618599731267332,8789,7538,0.8576629878256912,8798,7595,0.8632643782677881,0.5693062543869019,5.236933708190918
s2,684,baseline_3sigma,88378,78449,70508,60710,0.861037045441652,8965,7653,0.8536530953708867,8905,7642,0.8581695676586187,0.5626224279403687,5.391357898712158
s2,685,baseline_3sigma,88167,78332,70525,60768,0.8616518964906061,8782,7529,0.8573217945798224,8860,7586,0.8562076749435666,0.563133955001831,5.305692195892334
s2,686,baseline_3sigma,88035,78048,70222,60129,0.8562701147788442,8920,7746,0.8683856502242152,8893,7652,0.8604520409310694,0.5516689419746399,5.327873706817627
s2,687,baseline_3sigma,87554,77606,70022,60074,0.8579303647425095,8665,7464,0.861396422388921,8867,7598,0.8568850795082892,0.5561227798461914,5.277664661407471
s2,688,baseline_3sigma,87784,77990,70137,60281,0.8594750274462837,8805,7514,0.8533787620670074,8842,7626,0.8624745532684913,0.5561374425888062,5.172584533691406
s2,689,baseline_3sigma,87979,78335,70397,60663,0.8617270622327656,8789,7574,0.8617590169530095,8793,7554,0.8590924599112931,0.5660114884376526,5.333580017089844
s2,690,baseline_3sigma,87750,77777,70290,60385,0.859083795703514,8872,7600,0.8566275924256087,8588,7330,0.8535165346995808,0.5594038367271423,5.36186408996582
s2,691,baseline_3sigma,87696,77737,70197,60320,0.8592959813097426,8728,7510,0.8604491292392301,8771,7507,0.8558887242047657,0.5470770597457886,5.260136127471924
s2,692,baseline_3sigma,88625,78655,70751,60742,0.8585320348828992,8849,7656,0.8651825064979094,9025,7738,0.8573961218836565,0.5642436742782593,5.2715935707092285
s2,693,baseline_3sigma,88375,78402,70744,60711,0.8581787854800407,8852,7610,0.859692724807953,8779,7531,0.8578425788814216,0.5552607774734497,5.294404983520508
s2,694,baseline_3sigma,87783,77709,70161,60170,0.8575989509841649,8811,7514,0.8527976393144933,8811,7527,0.8542730677562138,0.5657058954238892,5.413236141204834
s2,695,baseline_3sigma,88333,78375,70669,60770,0.8599244364572868,8876,7644,0.861198738170347,8788,7518,0.8554847519344561,0.5665538907051086,5.341363906860352
s2,696,baseline_3sigma,87640,77671,69866,59862,0.856811610797813,8953,7682,0.85803641237574,8821,7544,0.855231833125496,0.5699571371078491,5.324705123901367
s2,697,baseline_3sigma,88263,78163,70614,60519,0.8570396805166114,8822,7618,0.8635230106551802,8827,7560,0.8564631245043616,0.5539959669113159,5.277687072753906
s2,698,baseline_3sigma,87870,77946,70310,60393,0.8589532072251458,8815,7591,0.8611457742484402,8745,7474,0.8546598056032019,0.5572410821914673,5.3843607902526855
s2,699,baseline_3sigma,87761,77854,70220,60371,0.85974081458274,8762,7559,0.86270257931979,8779,7560,0.8611459163913885,0.5461434721946716,5.225649833679199
s2,700,baseline_3sigma,87685,77960,70229,60325,0.858975636845178,8700,7459,0.8573563218390805,8756,7611,0.8692325262677022,0.5551486015319824,5.58190393447876
s2,701,baseline_3sigma,88626,78734,70742,60909,0.8610019507506149,8897,7660,0.8609643700123637,8987,7748,0.8621341938355402,0.5625932216644287,5.229802131652832
s2,702,baseline_3sigma,87911,78109,70416,60631,0.8610401045216997,8700,7445,0.8557471264367816,8795,7562,0.859806708357021,0.5618676543235779,5.240285396575928
s2,703,baseline_3sigma,87872,78147,70384,60603,0.8610337576721983,8759,7539,0.8607146934581573,8729,7503,0.8595486310001146,0.5537305474281311,5.3551344871521
s2,704,baseline_3sigma,87923,77981,70142,60255,0.8590430840295401,8937,7730,0.8649434933422849,8844,7571,0.8560606060606061,0.5534633994102478,5.332876682281494
s2,705,baseline_3sigma,87833,78012,70339,60519,0.8603903950866518,8770,7518,0.8572405929304447,8724,7503,0.860041265474553,0.5625006556510925,5.209678649902344
s2,706,baseline_3sigma,87700,77767,70174,60298,0.8592641149143557,8827,7575,0.8581624561006004,8699,7448,0.8561903667088171,0.5546378493309021,5.357521057128906
s2,707,baseline_3sigma,88302,78360,70619,60669,0.8591030742434755,8823,7586,0.8597982545619404,8860,7661,0.8646726862302483,0.550038754940033,5.305199146270752
s2,708,baseline_3sigma,88454,78361,70849,60681,0.8564835071772361,8752,7489,0.8556901279707495,8853,7607,0.8592567491245905,0.564848005771637,5.340952396392822
s2,709,baseline_3sigma,87634,77840,70160,60363,0.8603620296465222,8695,7493,0.8617596319723979,8779,7541,0.8589816607814101,0.5612753033638,5.3005266189575195
s2,710,baseline_3sigma,88393,78383,70735,60707,0.8582314271577013,8772,7511,0.8562471500227998,8886,7651,0.8610173306324556,0.5603038668632507,5.331748962402344
s2,711,baseline_3sigma,88061,78230,70509,60641,0.8600462352323817,8753,7519,0.8590197646521193,8799,7519,0.8545289237413343,0.5549261569976807,5.408122539520264
s2,712,baseline_3sigma,87509,77762,69946,60180,0.8603780058902581,8832,7626,0.8634510869565217,8731,7516,0.8608406826251288,0.5511873960494995,5.326195240020752
s2,713,baseline_3sigma,88227,78344,70296,60487,0.860461477182201,8975,7680,0.8557103064066852,8956,7738,0.8640017865118357,0.5753790140151978,5.219214916229248
s2,714,baseline_3sigma,87725,78024,70135,60389,0.8610394239680615,8780,7527,0.8572892938496584,8810,7560,0.8581157775255391,0.5642431974411011,5.365346431732178
s2,715,baseline_3sigma,88559,78615,70856,60901,0.8595037823190697,8688,7438,0.8561233885819521,9015,7730,0.8574597892401553,0.5676478147506714,5.386624813079834
s2,716,baseline_3sigma,87640,77874,70228,60375,0.859699834823717,8824,7644,0.8662737987307344,8588,7353,0.8561946902654868,0.5549120306968689,5.295349597930908
s2,717,baseline_3sigma,88019,77901,70414,60305,0.8564347998977476,8812,7631,0.8659782115297322,8793,7490,0.8518139429091323,0.5568427443504333,5.300348281860352
s2,718,baseline_3sigma,88157,78137,70342,60364,0.858150180546473,8877,7575,0.8533288273065225,8938,7665,0.8575744014320877,0.5526168346405029,5.376044750213623
s2,719,baseline_3sigma,87665,77603,70005,59989,0.856924505392472,8869,7620,0.8591723982410644,8791,7526,0.8561028324422705,0.557329535484314,5.459499835968018
s2,0,median_mad,87852,77907,70472,58303,0.8273214893858554,8823,7244,0.821035928822396,8557,7077,0.8270421876825991,1.0670567750930786,11.156115531921387
s2,1,median_mad,87597,77803,69934,57895,0.8278519747190208,8842,7295,0.8250395838045691,8821,7327,0.8306314476816687,1.0701366662979126,11.105226516723633
s2,2,median_mad,87639,77684,70131,57947,0.8262679842009952,8724,7196,0.8248509857863365,8784,7246,0.8249089253187614,1.0735375881195068,11.11435604095459
s2,3,median_mad,88316,78349,70441,58251,0.8269473743984327,8937,7396,0.8275707731901085,8938,7431,0.831394047885433,1.0697331428527832,11.016090393066406
s2,4,median_mad,87705,77778,70166,58089,0.827879599806174,8807,7332,0.8325195866924038,8732,7177,0.8219193770041228,1.069340705871582,10.820009231567383
s2,5,median_mad,87936,77922,70372,58184,0.826806116068891,8789,7283,0.8286494481738537,8775,7261,0.8274643874643874,1.0694663524627686,11.122626304626465
s2,6,median_mad,87565,77592,70249,58151,0.8277840253953793,8649,7168,0.8287663313677882,8667,7162,0.8263528325833622,1.0700533390045166,10.902901649475098
s2,7,median_mad,87663,77830,70067,58122,0.8295203162687143,8763,7251,0.8274563505648751,8833,7278,0.823955620966829,1.066964864730835,10.826964378356934
s2,8,median_mad,88075,78099,70311,58237,0.828277225469699,8913,7382,0.8282284303825872,8851,7263,0.8205852446051294,1.0688687562942505,11.0051908493042
s2,9,median_mad,87965,77845,70397,58106,0.825404491668679,8789,7261,0.8261463192627148,8779,7278,0.8290238068117097,1.06843101978302,11.047433853149414
s2,10,median_mad,87825,77944,70312,58190,0.8275969962453066,8709,7241,0.8314387415317488,8804,7315,0.830872330758746,1.0713019371032715,11.231075286865234
s2,11,median_mad,88069,78260,70363,58303,0.8286031010616375,8901,7445,0.8364228738344006,8805,7269,0.8255536626916524,1.0718930959701538,10.821300506591797
s2,12,median_mad,87478,77507,69778,57778,0.8280260253948236,8839,7295,0.8253196062903043,8861,7338,0.8281232366550051,1.0673718452453613,10.895878791809082
s2,13,median_mad,88046,78041,70440,58289,0.8274985803520727,8842,7321,0.827980095001131,8764,7256,0.8279324509356458,1.0704221725463867,10.679288864135742
s2,14,median_mad,87967,78131,70300,58199,0.8278662873399716,8868,7320,0.8254397834912043,8799,7331,0.8331628594158427,1.0689219236373901,10.969674110412598
s2,15,median_mad,88337,78322,70567,58307,0.8262644012073632,8898,7377,0.8290627107215105,8872,7335,0.8267583408476105,1.072282314300537,11.217938423156738
s2,16,median_mad,87700,77778,70273,58177,0.8278713019225022,8699,7140,0.8207839981607081,8728,7208,0.8258478460128322,1.0742580890655518,11.07944107055664
s2,17,median_mad,88310,78283,70802,58637,0.8281828196943589,8792,7293,0.8295040946314831,8716,7203,0.8264111977971547,1.0675262212753296,10.7081937789917
s2,18,median_mad,87654,77649,70010,57934,0.8275103556634766,8656,7149,0.8259011090573013,8988,7466,0.830663106364041,1.0649383068084717,11.268266677856445
s2,19,median_mad,88455,78434,70648,58354,0.8259823349564036,8965,7478,0.8341327384272169,8842,7231,0.8178014023976475,1.070178508758545,11.022014617919922
s2,20,median_mad,87884,78101,70389,58298,0.8282260012217818,8701,7164,0.8233536375129296,8794,7332,0.8337502842847396,1.0678130388259888,11.110479354858398
s2,21,median_mad,88091,78209,70500,58327,0.8273333333333334,8676,7279,0.8389810972798525,8915,7360,0.8255748738081884,1.0698374509811401,11.110404968261719
s2,22,median_mad,87785,77920,70272,58222,0.828523451730419,8639,7148,0.8274105799282324,8874,7352,0.8284877169258508,1.0740351676940918,11.023202896118164
s2,23,median_mad,87919,77907,70510,58267,0.8263650546021841,8667,7190,0.8295834775585554,8742,7250,0.8293296728437428,1.0747703313827515,10.979641914367676
s2,24,median_mad,88089,78124,70387,58267,0.8278091124781565,8934,7389,0.8270651443922096,8768,7197,0.8208257299270073,1.0672039985656738,10.919593811035156
s2,25,median_mad,88418,78459,70742,58656,0.8291538265810975,8840,7379,0.8347285067873303,8836,7259,0.8215255771842462,1.0698574781417847,10.867734909057617
s2,26,median_mad,87922,77992,70282,58266,0.8290316154918755,8857,7305,0.8247713672801175,8783,7312,0.8325173630877832,1.069106101989746,11.242317199707031
s2,27,median_mad,87677,77749,70101,57960,0.8268070355629734,8777,7277,0.8290987809046371,8799,7265,0.8256620070462553,1.071998953819275,11.086981773376465
s2,28,median_mad,87989,78026,70212,58097,0.8274511479519171,8872,7366,0.8302524797114518,8905,7387,0.8295339696799551,1.0669951438903809,11.044517517089844
s2,29,median_mad,87992,77932,70542,58214,0.8252388647897706,8606,7129,0.8283755519405066,8844,7331,0.8289235639981909,1.0722019672393799,10.942477226257324
s2,30,median_mad,88401,78380,70513,58326,0.8271666217576901,8994,7416,0.8245496997998666,8894,7337,0.8249381605576793,1.0701546669006348,10.849247932434082
s2,31,median_mad,87687,77859,70139,58095,0.8282838363820414,8831,7277,0.8240289887894916,8717,7247,0.8313640013766204,1.0680890083312988,11.024728775024414
s2,32,median_mad,87854,77882,70293,58052,0.8258574822528559,8761,7254,0.8279876726401095,8800,7271,0.82625,1.0732648372650146,11.12928295135498
s2,33,median_mad,88492,78458,70682,58531,0.8280891881950143,8938,7364,0.8238979637502797,8872,7316,0.8246167718665465,1.078298568725586,10.837456703186035
s2,34,median_mad,87821,77895,70215,58059,0.8268745994445631,8798,7218,0.8204137303932711,8808,7313,0.8302679382379655,1.074138879776001,11.26934814453125
s2,35,median_mad,87768,77860,70253,58173,0.8280500476847964,8727,7152,0.819525610175318,8788,7183,0.8173645880746473,1.0756410360336304,11.154680252075195
s2,36,median_mad,87965,77921,70306,57933,0.8240121753477655,8809,7268,0.825065274151436,8850,7312,0.8262146892655368,1.0710300207138062,11.131874084472656
s2,37,median_mad,87844,77670,70309,58062,0.8258117737416263,8733,7219,0.8266346043742128,8802,7219,0.8201545103385595,1.065956473350525,10.9329195022583
s2,38,median_mad,88143,78219,70534,58379,0.8276717611364732,8893,7254,0.8156977397953447,8716,7268,0.8338687471317118,1.070820927619934,11.335217475891113
s2,39,median_mad,88020,77923,70366,58297,0.8284825057556207,8847,7335,0.8290946083418108,8807,7308,0.8297944816623141,1.0738677978515625,10.567646980285645
s2,40,median_mad,87970,78147,70595,58515,0.8288830653729018,8681,7149,0.8235226356410552,8694,7197,0.8278122843340234,1.0711950063705444,11.221159934997559
s2,41,median_mad,87643,77702,70175,57993,0.826405415033844,8729,7184,0.8230037805017757,8739,7204,0.8243506121981921,1.0718207359313965,11.050204277038574
s2,42,median_mad,87717,77954,70171,58280,0.8305425318151373,8778,7241,0.8249031670084301,8768,7237,0.8253877737226277,1.0691792964935303,11.231215476989746
s2,43,median_mad,88060,78218,70226,58112,0.827499786403896,8831,7333,0.8303702864907712,9003,7462,0.8288348328334999,1.0737626552581787,11.27932071685791
s2,44,median_mad,87256,77393,69490,57440,0.82659375449705,8928,7344,0.8225806451612904,8838,7341,0.8306177868295994,1.068719744682312,11.344766616821289
s2,45,median_mad,88534,78451,70765,58464,0.826171129795803,8957,7419,0.8282907223400692,8812,7290,0.827280980481162,1.0715585947036743,10.882461547851562
s2,46,median_mad,87359,77437,69782,57777,0.8279642314637012,8786,7232,0.8231277031641248,8791,7220,0.8212945057445115,1.071303367614746,10.95097541809082
s2,47,median_mad,88111,78244,70565,58425,0.8279600368454616,8708,7199,0.8267110702802021,8838,7312,0.827336501470921,1.0659644603729248,11.121779441833496
s2,48,median_mad,88430,78562,70820,58784,0.8300480090369952,8777,7307,0.8325168052865444,8833,7285,0.8247481037020264,1.075263261795044,11.131562232971191
s2,49,median_mad,88320,78361,70542,58311,0.8266139321255422,8905,7380,0.8287478944413251,8873,7353,0.828693790149893,1.0758486986160278,11.082803726196289
s2,50,median_mad,88223,78127,70716,58431,0.826276938740879,8851,7334,0.8286069370692577,8656,7206,0.8324861367837338,1.064379334449768,11.037588119506836
s2,51,median_mad,87788,77906,70339,58328,0.8292412459659648,8749,7231,0.8264944565093153,8700,7160,0.8229885057471265,1.0705748796463013,11.008197784423828
s2,52,median_mad,87814,77867,70273,58176,0.8278570717060606,8668,7145,0.824296262113521,8873,7352,0.8285810886960442,1.0739632844924927,10.704598426818848
s2,53,median_mad,87796,77934,70288,58185,0.8278084452538129,8707,7211,0.8281842195934306,8801,7345,0.8345642540620384,1.0661723613739014,10.977770805358887
s2,54,median_mad,87658,77969,70254,58277,0.8295186039229083,8869,7384,0.8325628593979028,8535,7087,0.8303456356180433,1.0704025030136108,10.913557052612305
s2,55,median_mad,87555,77747,70131,57995,0.8269524176184568,8721,7271,0.8337346634560256,8703,7251,0.833160978972768,1.0668762922286987,10.910654067993164
s2,56,median_mad,87518,77654,69929,57854,0.8273248580703285,8910,7410,0.8316498316498316,8679,7245,0.8347735914275838,1.0661803483963013,10.953472137451172
s2,57,median_mad,87703,77667,70232,57933,0.8248803964005011,8632,7099,0.8224050046339203,8839,7297,0.8255458762303428,1.0720285177230835,11.126124382019043
s2,58,median_mad,87715,77712,70280,58027,0.8256545247581104,8664,7204,0.8314866112650047,8771,7231,0.8244213886671987,1.073079228401184,10.889683723449707
s2,59,median_mad,87542,77725,70157,58127,0.8285274455863278,8738,7236,0.8281071183337148,8647,7137,0.8253729617208281,1.0734554529190063,11.282303810119629
s2,60,median_mad,87781,77963,70149,58138,0.8287787423911959,8854,7384,0.833973345380619,8778,7239,0.8246753246753247,1.0696837902069092,11.018336296081543
s2,61,median_mad,87925,77934,70251,58060,0.8264651036995915,8811,7261,0.8240835319487005,8863,7323,0.8262439354620331,1.0752348899841309,10.72010326385498
s2,62,median_mad,87944,78024,70369,58306,0.8285750827779278,8793,7287,0.8287273967929034,8782,7267,0.8274880437258028,1.075657606124878,10.952994346618652
s2,63,median_mad,88115,78343,70249,58183,0.8282395478939202,8854,7391,0.8347639484978541,9012,7455,0.8272303595206392,1.069649577140808,11.463950157165527
s2,64,median_mad,88107,78318,70472,58461,0.8295635145873539,8760,7304,0.8337899543378996,8875,7418,0.835830985915493,1.0687861442565918,10.908055305480957
s2,65,median_mad,88227,78165,70560,58390,0.8275226757369615,8832,7243,0.8200860507246377,8835,7266,0.8224108658743633,1.0733357667922974,11.228438377380371
s2,66,median_mad,87865,78002,70401,58262,0.8275734719677277,8769,7277,0.8298551716273235,8695,7170,0.8246118458884416,1.0670766830444336,11.259974479675293
s2,67,median_mad,88108,78256,70423,58438,0.8298141232267867,8860,7375,0.832392776523702,8825,7268,0.8235694050991501,1.0694897174835205,10.983213424682617
s2,68,median_mad,87169,77454,69583,57585,0.8275728266961758,8875,7333,0.8262535211267605,8711,7277,0.8353805533233842,1.069155216217041,11.111222267150879
s2,69,median_mad,87607,77760,69962,57841,0.8267488064949544,8819,7282,0.8257172014967683,8826,7329,0.8303874915023793,1.0690178871154785,10.913490295410156
s2,70,median_mad,87641,77745,70059,57959,0.8272884283246977,8732,7279,0.8336005497022446,8850,7309,0.8258757062146893,1.0681982040405273,11.046786308288574
s2,71,median_mad,88038,78074,70271,58099,0.8267848756955216,8837,7277,0.8234695032250764,8930,7367,0.8249720044792833,1.074682593345642,11.046815872192383
s2,72,median_mad,88426,78643,70687,58544,0.8282145231796512,8882,7370,0.8297680702544472,8857,7414,0.8370780173873772,1.0672240257263184,10.961984634399414
s2,73,median_mad,88009,78141,70405,58383,0.8292450820254244,8706,7189,0.8257523546979095,8898,7402,0.8318723308608676,1.0741075277328491,11.09282112121582
s2,74,median_mad,88000,78096,70223,58110,0.8275066573629722,8973,7427,0.827705338236933,8804,7272,0.825988187187642,1.072938323020935,11.100564002990723
s2,75,median_mad,88636,78415,70821,58550,0.826732183956736,8919,7356,0.8247561385805584,8896,7302,0.820818345323741,1.0740480422973633,11.030069351196289
s2,76,median_mad,87661,77704,69971,57806,0.8261422589358448,8876,7378,0.831230283911672,8814,7250,0.8225550260948491,1.0787931680679321,10.997474670410156
s2,77,median_mad,87795,77829,69975,57922,0.8277527688460165,8924,7381,0.8270954728821156,8896,7426,0.8347571942446043,1.0708339214324951,10.967168807983398
s2,78,median_mad,88425,78486,70625,58385,0.8266902654867256,8973,7435,0.8285969018165608,8827,7357,0.8334655035685964,1.0700037479400635,11.024436950683594
s2,79,median_mad,87392,77508,69855,57802,0.8274568749552644,8817,7334,0.8318022002948848,8720,7174,0.8227064220183486,1.0692389011383057,11.377388000488281
s2,80,median_mad,87457,77798,70078,58310,0.8320728331287993,8637,7172,0.8303809193006831,8742,7324,0.8377945550217342,1.066999912261963,10.88046932220459
s2,81,median_mad,87746,77865,70181,58145,0.8285005913281372,8954,7392,0.8255528255528255,8611,7102,0.8247590291487632,1.0688273906707764,11.034740447998047
s2,82,median_mad,88205,78230,70681,58356,0.8256249911574539,8828,7303,0.827254191209787,8696,7241,0.8326816927322908,1.0737152099609375,11.53903579711914
s2,83,median_mad,88220,78295,70399,58400,0.8295572380289493,9032,7417,0.8211913197519929,8789,7225,0.8220502901353965,1.0722891092300415,11.030869483947754
s2,84,median_mad,87895,78063,70269,58273,0.8292846062986523,8840,7391,0.8360859728506788,8786,7255,0.8257455042112452,1.0673742294311523,10.8485689163208
s2,85,median_mad,87810,77900,70326,58275,0.8286409009470181,8756,7236,0.8264047510278666,8728,7202,0.8251604032997251,1.0668047666549683,10.939045906066895
s2,86,median_mad,87944,78087,70027,58000,0.8282519599583018,8980,7488,0.8338530066815145,8937,7401,0.828130245048674,1.069008469581604,11.4427490234375
s2,87,median_mad,87199,77298,69680,57703,0.8281142365097589,8720,7198,0.8254587155963303,8799,7316,0.8314581202409365,1.073043704032898,10.775726318359375
s2,88,median_mad,87284,77422,69795,57882,0.8293144208037825,8817,7295,0.8273789270727004,8672,7139,0.8232241697416974,1.074077844619751,11.188812255859375
s2,89,median_mad,87666,77731,70067,57933,0.8268228980832631,8876,7355,0.8286390265885534,8723,7196,0.8249455462570217,1.0697537660598755,11.199394226074219
s2,90,median_mad,87868,77838,69966,57867,0.8270731498156247,8856,7346,0.8294941282746161,9046,7476,0.8264426265752819,1.0708954334259033,10.90162467956543
s2,91,median_mad,87773,77855,70160,58090,0.8279646522234891,8918,7414,0.8313523211482395,8695,7204,0.828522139160437,1.0730993747711182,10.810086250305176
s2,92,median_mad,88055,78103,70327,58177,0.8272356278527451,8934,7388,0.8269532124468323,8794,7344,0.8351148510347964,1.0709176063537598,10.664825439453125
s2,93,median_mad,87718,77964,70232,58258,0.8295079166192049,8959,7422,0.8284406741823864,8527,7005,0.821508150580509,1.0727936029434204,11.195707321166992
s2,94,median_mad,87387,77672,69949,57962,0.8286322892393029,8809,7278,0.8262004767851061,8629,7194,0.833700312898366,1.069779872894287,10.959012985229492
s2,95,median_mad,87970,78082,70277,58088,0.8265577642756521,8923,7403,0.8296537039112406,8770,7241,0.8256556442417332,1.073754906654358,10.90079116821289
s2,96,median_mad,87293,77314,69465,57326,0.8252501259627151,9065,7520,0.8295642581356867,8763,7259,0.8283692799269656,1.0769122838974,11.035428047180176
s2,97,median_mad,87036,77174,69577,57510,0.8265662503413485,8626,7106,0.8237885462555066,8833,7314,0.8280312464621307,1.0697722434997559,11.467432975769043
s2,98,median_mad,87740,77823,70173,58093,0.827854017927123,8786,7234,0.8233553380377874,8781,7265,0.8273545154310443,1.0674164295196533,11.214361190795898
s2,99,median_mad,87889,77934,70254,58145,0.8276397073476244,8815,7294,0.8274532047646058,8820,7248,0.8217687074829932,1.068820834159851,10.879569053649902
s2,100,median_mad,87738,77707,70380,58206,0.8270247229326513,8533,7060,0.82737606937771,8825,7305,0.8277620396600567,1.0713646411895752,10.925189971923828
s2,101,median_mad,87984,78060,70446,58304,0.8276410300088011,8712,7176,0.8236914600550964,8826,7320,0.8293677770224337,1.0699512958526611,11.497626304626465
s2,102,median_mad,88695,78649,71124,58959,0.828960688375232,8810,7254,0.8233825198637912,8761,7232,0.8254765437735418,1.0660459995269775,10.656954765319824
s2,103,median_mad,88091,78276,70333,58415,0.8305489599476775,8907,7371,0.8275513640956551,8851,7272,0.8216020788611457,1.066187858581543,10.98579216003418
s2,104,median_mad,87570,77748,69744,57644,0.826508373480156,8833,7348,0.8318804483188045,8993,7506,0.8346491715778939,1.0712244510650635,10.886590003967285
s2,105,median_mad,88479,78427,70709,58467,0.8268678668910605,8861,7357,0.8302674641688297,8909,7362,0.8263553709731732,1.0700678825378418,10.995025634765625
s2,106,median_mad,87659,77649,70068,57889,0.8261831363818005,8890,7356,0.8274465691788526,8701,7220,0.8297896793472015,1.0666087865829468,10.990015983581543
s2,107,median_mad,87721,77742,70283,58093,0.8265583427002262,8701,7230,0.8309389725318929,8737,7186,0.8224791118232803,1.0623085498809814,11.166095733642578
s2,108,median_mad,87825,77918,70275,58259,0.8290145855567413,8776,7281,0.8296490428441203,8774,7286,0.8304080237064053,1.0698738098144531,10.971723556518555
s2,109,median_mad,88227,78287,70536,58404,0.8280027220142906,8753,7219,0.8247458014395065,8938,7384,0.8261356008055494,1.0690597295761108,10.913456916809082
s2,110,median_mad,87948,77925,70372,58232,0.8274882055362929,8715,7237,0.8304073436603557,8861,7274,0.8209005755558063,1.071913719177246,11.161429405212402
s2,111,median_mad,88318,78111,70838,58420,0.8246986080917021,8888,7257,0.8164941494149415,8592,7064,0.8221601489757915,1.0686662197113037,11.077672958374023
s2,112,median_mad,87737,77756,70153,57966,0.8262797029350135,8836,7221,0.8172249886826618,8748,7226,0.8260173754000915,1.0733164548873901,11.105454444885254
s2,113,median_mad,88023,78171,70342,58171,0.8269739273833556,8877,7352,0.8282077278359806,8804,7274,0.8262153566560654,1.0707758665084839,11.258394241333008
s2,114,median_mad,87625,77710,70212,58064,0.8269811428245883,8818,7282,0.8258108414606486,8595,7158,0.8328097731239092,1.0693846940994263,11.231302261352539
s2,115,median_mad,88573,78521,70765,58450,0.8259732918815799,8926,7339,0.8222047949809546,8882,7379,0.8307813555505517,1.0716701745986938,10.903141975402832
s2,116,median_mad,87953,78189,70399,58438,0.8300970184235571,8743,7240,0.8280910442639826,8811,7281,0.8263534218590398,1.0714170932769775,11.078104972839355
s2,117,median_mad,87463,77542,69980,57922,0.8276936267505002,8807,7264,0.8247984557738163,8676,7183,0.8279160903642231,1.0676206350326538,11.08564281463623
s2,118,median_mad,87872,77802,70340,58015,0.8247796417401194,8765,7217,0.8233884768967484,8767,7288,0.8312991901448614,1.0689349174499512,11.37103271484375
s2,119,median_mad,88275,78251,70520,58275,0.8263613159387407,8919,7366,0.8258773405090257,8836,7250,0.8205070167496605,1.0752911567687988,10.930763244628906
s2,120,median_mad,87067,77071,69704,57432,0.8239412372317227,8709,7159,0.8220231943966012,8654,7177,0.8293274786226023,1.0760668516159058,11.048564910888672
s2,121,median_mad,88328,78505,70789,58838,0.8311743349955502,8960,7396,0.8254464285714286,8579,7066,0.8236391187784124,1.0741183757781982,10.868247032165527
s2,122,median_mad,87390,77621,69839,57730,0.8266155013674308,8724,7290,0.8356258596973866,8827,7334,0.8308598617876969,1.069133996963501,11.203007698059082
s2,123,median_mad,87951,77976,70512,58342,0.827405264352167,8669,7184,0.8286999653939324,8770,7236,0.8250855188141392,1.0690863132476807,10.992977142333984
s2,124,median_mad,87700,77705,70233,58067,0.8267765865049194,8911,7401,0.8305465155425878,8556,7070,0.8263207106124357,1.0721817016601562,10.868280410766602
s2,125,median_mad,88076,78243,70466,58319,0.8276189935571765,8811,7260,0.8239700374531835,8799,7282,0.8275940447778156,1.0714225769042969,11.174839973449707
s2,126,median_mad,87972,78076,70402,58392,0.8294082554472885,8785,7255,0.8258394991462721,8785,7292,0.8300512236767217,1.0709309577941895,10.98289966583252
s2,127,median_mad,88297,78402,70601,58575,0.8296624693701222,8789,7274,0.8276254408920242,8907,7381,0.8286740765689907,1.0682940483093262,11.115135192871094
s2,128,median_mad,87950,78052,70333,58191,0.8273641107303826,8958,7482,0.8352310783657066,8659,7153,0.8260769141933249,1.079826831817627,10.976901054382324
s2,129,median_mad,88257,78157,70630,58329,0.8258388786634575,8774,7298,0.8317757009345794,8853,7253,0.8192703038518017,1.0730977058410645,10.994285583496094
s2,130,median_mad,87874,77945,70363,58190,0.8269971433850177,8770,7259,0.8277080957810719,8741,7298,0.8349159135110399,1.0772804021835327,11.231376647949219
s2,131,median_mad,87607,77494,70050,57877,0.8262241256245539,8795,7322,0.8325184764070495,8762,7254,0.827893175074184,1.0683040618896484,10.597063064575195
s2,132,median_mad,87632,77698,70081,57905,0.8262581869550948,8907,7342,0.824295497922982,8644,7184,0.8310967144840352,1.0682899951934814,11.018681526184082
s2,133,median_mad,88117,78234,70348,58247,0.8279837379882868,8851,7333,0.828493955485256,8918,7365,0.8258578156537341,1.068854570388794,11.09768295288086
s2,134,median_mad,87682,77908,70077,57996,0.8276039214007449,8776,7252,0.8263445761166819,8829,7298,0.8265941782761355,1.073034644126892,11.502616882324219
s2,135,median_mad,88023,78067,70457,58267,0.8269866727223697,8721,7202,0.8258227267515194,8845,7284,0.8235161107970604,1.0731300115585327,11.099827766418457
s2,136,median_mad,87963,78097,70457,58399,0.828860155839732,8820,7281,0.8255102040816327,8686,7198,0.8286898457287589,1.0741119384765625,11.31037425994873
s2,137,median_mad,87949,78014,70317,58298,0.8290740503718873,8829,7322,0.8293124929210556,8803,7209,0.8189253663523799,1.0741171836853027,11.157341003417969
s2,138,median_mad,88441,78364,70597,58387,0.8270464750626797,8937,7355,0.8229831039498713,8907,7370,0.8274390928483215,1.0691559314727783,11.10279369354248
s2,139,median_mad,87989,78008,70540,58258,0.825886022115112,8728,7299,0.8362740604949588,8721,7143,0.8190574475404196,1.0797698497772217,11.335335731506348
s2,140,median_mad,87680,77726,70004,57922,0.8274098622935833,8867,7365,0.8306078718845156,8809,7240,0.8218867067771597,1.0673792362213135,10.746513366699219
s2,141,median_mad,87934,77829,70292,58056,0.8259261366869629,8803,7282,0.8272179938657276,8839,7281,0.8237357167100351,1.0683192014694214,11.050580024719238
s2,142,median_mad,87898,77958,70488,58393,0.8284105095902848,8793,7271,0.8269077675423633,8617,7098,0.8237205523964257,1.0651745796203613,10.885546684265137
s2,143,median_mad,88495,78641,70797,58668,0.8286791813212424,8868,7359,0.8298376184032477,8830,7316,0.8285390713476783,1.0684772729873657,10.985803604125977
s2,144,median_mad,87695,77851,70001,57876,0.8267881887401608,8869,7364,0.8303078137332282,8825,7290,0.8260623229461757,1.0724457502365112,11.015312194824219
s2,145,median_mad,87755,77838,70023,57893,0.8267712037473401,8869,7350,0.8287292817679558,8863,7341,0.8282748505020874,1.0714499950408936,11.073797225952148
s2,146,median_mad,87967,78178,70274,58270,0.8291829125992544,8806,7272,0.8258005905064728,8887,7389,0.8314391808259255,1.0675630569458008,11.018973350524902
s2,147,median_mad,87488,77612,70187,58049,0.8270619915368943,8696,7191,0.8269319227230911,8605,7092,0.8241719930273097,1.0751402378082275,11.203206062316895
s2,148,median_mad,88067,78236,70467,58357,0.8281465082946627,8773,7270,0.8286789011740567,8827,7355,0.8332389260224312,1.0704052448272705,11.125700950622559
s2,149,median_mad,87746,78042,70363,58366,0.8294984579963901,8674,7247,0.8354853585427715,8709,7228,0.8299460328395912,1.0724453926086426,10.923922538757324
s2,150,median_mad,87463,77646,70058,57967,0.8274144280453338,8681,7158,0.8245593825596129,8724,7303,0.8371160018340211,1.0672653913497925,11.209915161132812
s2,151,median_mad,87970,78007,70309,58128,0.8267504871353596,8956,7389,0.8250334970969183,8705,7168,0.8234348075818495,1.0666004419326782,11.252243995666504
s2,152,median_mad,87861,77816,70272,58062,0.8262465846994536,8885,7385,0.831176139561058,8704,7228,0.8304227941176471,1.0761160850524902,11.0117769241333
s2,153,median_mad,87717,77862,70031,58104,0.8296897088432266,8881,7242,0.8154487107307735,8805,7255,0.8239636570130607,1.0703662633895874,11.01459789276123
s2,154,median_mad,87514,77614,69887,57921,0.8287807460614993,8827,7310,0.8281409312337148,8800,7294,0.8288636363636364,1.0636786222457886,10.799147605895996
s2,155,median_mad,87587,77689,69997,57900,0.827178307641756,8687,7161,0.8243352135374697,8903,7337,0.8241042345276873,1.0675183534622192,11.143675804138184
s2,156,median_mad,88200,78159,70421,58274,0.8275088396927053,8881,7327,0.825019704988177,8898,7332,0.8240053944706676,1.0694169998168945,10.756903648376465
s2,157,median_mad,88104,78159,70392,58316,0.8284464143652688,8860,7364,0.8311512415349888,8852,7236,0.8174423859014912,1.07404363155365,11.006836891174316
s2,158,median_mad,88419,78360,70512,58380,0.8279441797140912,9010,7421,0.8236403995560488,8897,7288,0.8191525233224682,1.0615622997283936,11.078532218933105
s2,159,median_mad,87443,77582,69920,57833,0.8271310068649885,8737,7243,0.8290030903055969,8786,7245,0.824607329842932,1.0647995471954346,11.144213676452637
s2,160,median_mad,87843,78031,70187,58232,0.8296693119808511,8862,7315,0.825434439178515,8794,7293,0.8293154423470548,1.0700500011444092,11.192840576171875
s2,161,median_mad,88038,78250,70405,58398,0.8294581350756338,8783,7194,0.8190823181145395,8850,7325,0.827683615819209,1.0711969137191772,10.996808052062988
s2,162,median_mad,88072,78252,70402,58306,0.8281866992414988,8741,7277,0.8325134423978949,8929,7413,0.830216149624818,1.0722723007202148,11.025508880615234
s2,163,median_mad,87883,78032,70317,58265,0.828604747073965,8816,7352,0.8339382940108893,8750,7263,0.8300571428571428,1.0674512386322021,10.88546371459961
s2,164,median_mad,88208,78343,70718,58529,0.8276393563166379,8840,7380,0.834841628959276,8650,7184,0.8305202312138729,1.064731240272522,11.038032531738281
s2,165,median_mad,87300,77430,69822,57819,0.8280914324997851,8683,7169,0.8256363008176897,8795,7251,0.8244457077885162,1.0670075416564941,11.028556823730469
s2,166,median_mad,87988,78066,70459,58375,0.8284960047687308,8798,7258,0.8249602182314162,8731,7234,0.8285419768640476,1.0678341388702393,10.728683471679688
s2,167,median_mad,87764,77985,70280,58331,0.8299800796812749,8823,7318,0.8294230987192565,8661,7207,0.8321210021937421,1.074837327003479,10.712981224060059
s2,168,median_mad,88077,78114,70360,58246,0.8278283115406481,8823,7318,0.8294230987192565,8894,7347,0.8260625140544187,1.0657525062561035,10.880786895751953
s2,169,median_mad,87858,77993,70231,58094,0.8271845766114678,8790,7328,0.833674630261661,8837,7366,0.8335407943872355,1.067264199256897,10.917776107788086
s2,170,median_mad,87778,77957,70249,58282,0.8296488206237811,8819,7297,0.827418074611634,8710,7250,0.8323765786452354,1.071915626525879,10.770490646362305
s2,171,median_mad,87978,78149,70450,58283,0.8272959545777147,8846,7357,0.8316753334840606,8682,7213,0.8307993549873302,1.0708277225494385,10.96074104309082
s2,172,median_mad,87842,77991,70284,58258,0.828894200671561,8680,7168,0.8258064516129032,8878,7386,0.8319441315611624,1.0739244222640991,10.819804191589355
s2,173,median_mad,87978,77938,70255,57967,0.8250942993381254,8763,7320,0.8353303663129066,8960,7400,0.8258928571428571,1.0691769123077393,10.898714065551758
s2,174,median_mad,88418,78346,70762,58479,0.8264181340267375,8861,7317,0.8257533009818305,8795,7286,0.8284252416145538,1.075167179107666,10.914264678955078
s2,175,median_mad,88750,78730,70945,58766,0.8283318063288463,8861,7335,0.8277846744159801,8944,7439,0.8317307692307693,1.0681536197662354,10.9507474899292
s2,176,median_mad,88203,78270,70679,58476,0.8273461707154883,8736,7200,0.8241758241758241,8788,7297,0.8303368229403733,1.067000389099121,10.836091041564941
s2,177,median_mad,88174,78353,70626,58633,0.8301900150086371,8744,7200,0.8234217749313815,8804,7321,0.8315538391640164,1.0734928846359253,10.683690071105957
s2,178,median_mad,87604,77707,70098,57962,0.8268709520956375,8742,7236,0.8277282086479066,8764,7251,0.8273619351894113,1.0710368156433105,11.066193580627441
s2,179,median_mad,87934,78125,70375,58302,0.8284476021314388,8869,7366,0.8305333182996956,8690,7199,0.8284234752589184,1.0732041597366333,11.326638221740723
s2,180,median_mad,88333,78394,70455,58399,0.8288836846213895,8835,7289,0.8250141482739106,9043,7466,0.8256109698109034,1.0693705081939697,11.011861801147461
s2,181,median_mad,87694,77827,70154,58199,0.8295891894973915,8824,7274,0.8243427017225748,8716,7204,0.8265259293253786,1.0708616971969604,11.234233856201172
s2,182,median_mad,88203,78379,70449,58342,0.8281451830402135,8932,7475,0.8368786386027766,8822,7356,0.8338245295851281,1.0713986158370972,10.685572624206543
s2,183,median_mad,87970,78317,70450,58540,0.830943931866572,8670,7194,0.829757785467128,8850,7329,0.828135593220339,1.072888970375061,10.89809513092041
s2,184,median_mad,87892,77922,70467,58313,0.8275221025444535,8668,7164,0.8264882325796031,8757,7245,0.8273381294964028,1.0722754001617432,10.928942680358887
s2,185,median_mad,88329,78449,70740,58616,0.828611817924795,8752,7286,0.8324954296160878,8837,7339,0.830485458866131,1.0683727264404297,10.764395713806152
s2,186,median_mad,88029,78058,70665,58394,0.8263496780584447,8705,7235,0.8311315336013785,8659,7152,0.8259614274165608,1.0723735094070435,11.399595260620117
s2,187,median_mad,88219,78248,70849,58721,0.8288190376716679,8600,7132,0.8293023255813954,8770,7245,0.8261117445838084,1.0750043392181396,10.925802230834961
s2,188,median_mad,87861,77996,70174,58168,0.8289109926753498,8817,7335,0.8319156175569922,8870,7315,0.8246899661781285,1.0772697925567627,10.941452980041504
s2,189,median_mad,87695,77761,69959,57770,0.8257693792078217,8900,7327,0.8232584269662921,8836,7319,0.8283159800814849,1.0737906694412231,11.15103816986084
s2,190,median_mad,87916,77886,70277,58174,0.8277814932339173,8824,7307,0.8280825022665458,8815,7282,0.826091888825865,1.0760295391082764,11.117345809936523
s2,191,median_mad,87935,78049,70164,58123,0.8283877772076849,8916,7365,0.826043068640646,8855,7299,0.8242800677583286,1.0749146938323975,11.062117576599121
s2,192,median_mad,87859,77965,70264,58233,0.8287743367869749,8845,7357,0.8317693612210288,8750,7256,0.8292571428571428,1.072577714920044,11.098359107971191
s2,193,median_mad,88268,78483,70880,58887,0.8307985327313769,8741,7285,0.8334286694886168,8647,7157,0.8276859026251879,1.0727239847183228,10.984612464904785
s2,194,median_mad,87937,78129,70348,58367,0.829689543412748,8772,7290,0.8310533515731874,8817,7294,0.8272655098105932,1.0681957006454468,10.85506534576416
s2,195,median_mad,87611,77658,70168,57976,0.8262455820316954,8684,7205,0.8296867802855826,8759,7233,0.825779198538646,1.072702407836914,11.065592765808105
s2,196,median_mad,87953,77981,70424,58334,0.8283255708281267,8701,7199,0.8273761636593495,8828,7313,0.8283869506116901,1.068758487701416,10.754459381103516
s2,197,median_mad,88044,78173,70380,58328,0.8287581699346406,8817,7271,0.8246569127821254,8847,7393,0.8356505029953657,1.0679341554641724,11.04080581665039
s2,198,median_mad,86897,76852,69350,57243,0.8254217736121124,8768,7237,0.8253877737226277,8779,7222,0.8226449481717736,1.0754499435424805,11.04764461517334
s2,199,median_mad,88029,78150,70507,58422,0.8285985788645099,8661,7153,0.8258861563329869,8861,7360,0.8306060264078546,1.066849946975708,10.94828987121582
s2,200,median_mad,88092,78094,70435,58297,0.8276709022503017,8833,7237,0.8193139363749575,8824,7226,0.8189029918404351,1.0697777271270752,10.844870567321777
s2,201,median_mad,87825,77869,70510,58342,0.8274287335129769,8715,7176,0.823407917383821,8600,7157,0.8322093023255814,1.0709744691848755,10.888410568237305
s2,202,median_mad,88352,78474,70653,58640,0.8299718341754774,8818,7269,0.8243365842594693,8881,7272,0.8188267087039748,1.07163667678833,11.234269142150879
s2,203,median_mad,88104,78359,70282,58322,0.8298284055661478,8783,7298,0.8309233747011272,9039,7518,0.8317291735811484,1.068752408027649,11.243217468261719
s2,204,median_mad,87936,77982,70363,58289,0.8284041328539147,8858,7289,0.8228719801309551,8715,7194,0.825473321858864,1.0706605911254883,10.893369674682617
s2,205,median_mad,87643,77868,69961,57972,0.8286330955818242,8929,7398,0.8285362302609475,8753,7236,0.8266879926882211,1.0729327201843262,11.222299575805664
s2,206,median_mad,87595,77722,70046,58074,0.8290837449675927,8805,7297,0.8287336740488359,8744,7195,0.8228499542543458,1.0705631971359253,10.891632080078125
s2,207,median_mad,88194,78234,70720,58551,0.827927036199095,8900,7368,0.8278651685393258,8574,7067,0.8242360625145789,1.0719560384750366,10.801542282104492
s2,208,median_mad,88360,78293,70553,58292,0.8262157526965543,8909,7356,0.8256818947132114,8898,7418,0.8336704877500561,1.0658880472183228,11.329757690429688
s2,209,median_mad,87995,78004,70488,58283,0.8268499602769266,8708,7258,0.8334864492420763,8799,7242,0.8230480736447323,1.0670647621154785,10.91523551940918
s2,210,median_mad,88434,78445,70781,58641,0.828485045421794,8911,7417,0.8323420491527326,8742,7204,0.8240677190574239,1.0701255798339844,11.144362449645996
s2,211,median_mad,87659,77784,70200,58144,0.8282621082621082,8814,7286,0.8266394372589063,8645,7159,0.8281087333718913,1.069495677947998,11.058418273925781
s2,212,median_mad,87456,77622,69953,58155,0.8313439023344246,8839,7287,0.8244145265301505,8664,7180,0.8287165281625115,1.0674710273742676,10.790909767150879
s2,213,median_mad,87927,78023,70461,58435,0.8293240232185181,8647,7151,0.82699202035388,8819,7350,0.8334278262841592,1.0667976140975952,10.78998851776123
s2,214,median_mad,88137,78309,70507,58467,0.8292368133660487,8863,7325,0.8264695926887059,8767,7265,0.8286757157522527,1.0691395998001099,11.015979766845703
s2,215,median_mad,88296,78232,70623,58410,0.8270676691729323,8759,7222,0.8245233474140884,8914,7327,0.8219654476105004,1.066598892211914,11.162557601928711
s2,216,median_mad,87739,77963,70159,58154,0.8288886671702846,8744,7232,0.8270814272644099,8836,7280,0.8239022181982798,1.072170615196228,10.967103958129883
s2,217,median_mad,88126,78152,70535,58389,0.8278018005245623,8765,7296,0.8324015972618368,8826,7262,0.8227962837072287,1.0714845657348633,11.085184097290039
s2,218,median_mad,87896,77983,70332,58230,0.8279303873059205,8854,7361,0.8313756494239891,8710,7245,0.8318025258323766,1.0743930339813232,10.703197479248047
s2,219,median_mad,87925,77964,70283,58157,0.8274689469715294,8881,7314,0.8235559058664564,8761,7261,0.828786668188563,1.072839379310608,10.948104858398438
s2,220,median_mad,87914,78100,70481,58405,0.8286630439409203,8798,7352,0.835644464651057,8635,7147,0.8276780544296468,1.0744261741638184,10.720160484313965
s2,221,median_mad,87606,77793,70139,58049,0.8276279958368383,8635,7167,0.829994209612044,8832,7296,0.8260869565217391,1.0753986835479736,10.973946571350098
s2,222,median_mad,87361,77653,70067,58035,0.8282786475801732,8496,7043,0.8289783427495292,8798,7314,0.8313253012048193,1.0744825601577759,10.896963119506836
s2,223,median_mad,87566,77675,70000,57945,0.8277857142857142,8810,7262,0.8242905788876277,8756,7276,0.8309730470534491,1.0694533586502075,11.245108604431152
s2,224,median_mad,87910,77761,70180,58002,0.826474779139356,8952,7334,0.8192582663092046,8778,7182,0.8181818181818182,1.0734106302261353,11.077133178710938
s2,225,median_mad,87835,77995,70484,58478,0.8296634697236253,8653,7139,0.8250317808852421,8698,7141,0.8209933318004139,1.0697344541549683,11.10510540008545
s2,226,median_mad,87874,77944,70289,58215,0.8282234773577658,8818,7255,0.8227489226581991,8767,7233,0.825025664423406,1.0668818950653076,11.139678955078125
s2,227,median_mad,88121,78174,70499,58347,0.827628760691641,8768,7208,0.8220802919708029,8854,7312,0.8258414276033431,1.0688786506652832,11.240736961364746
s2,228,median_mad,87553,77721,70117,58077,0.8282870060042501,8770,7261,0.8279361459521095,8666,7123,0.8219478421417032,1.072014331817627,10.765630722045898
s2,229,median_mad,87652,77859,69903,57849,0.8275610488820222,8864,7321,0.8259250902527075,8885,7400,0.8328643781654473,1.0676636695861816,11.024949073791504
s2,230,median_mad,87465,77625,70046,58066,0.8289695343060275,8638,7177,0.8308636258393146,8781,7241,0.824621341532855,1.0743452310562134,10.60960578918457
s2,231,median_mad,88128,78152,70575,58430,0.8279135671271697,8898,7322,0.8228815464149247,8655,7105,0.8209127671865973,1.0729509592056274,10.927674293518066
s2,232,median_mad,87981,77994,70417,58301,0.8279392760270957,8649,7116,0.8227540756156781,8915,7387,0.8286034772854739,1.073811411857605,11.184704780578613
s2,233,median_mad,87681,77678,70251,57938,0.824728473616034,8718,7227,0.8289745354439092,8712,7199,0.8263314967860422,1.0768667459487915,11.00050163269043
s2,234,median_mad,87319,77576,69775,57712,0.8271157291293443,8779,7305,0.832099327941679,8765,7300,0.8328579577866515,1.073399543762207,11.174468994140625
s2,235,median_mad,88115,77963,70431,58078,0.8246084820604563,8835,7252,0.8208262591963781,8849,7346,0.8301502994688665,1.0731157064437866,11.359736442565918
s2,236,median_mad,87372,77642,70068,58170,0.8301935262887481,8796,7297,0.829581628012733,8508,7077,0.831805359661495,1.0664000511169434,10.689775466918945
s2,237,median_mad,88380,78573,70750,58679,0.8293851590106007,8821,7369,0.8353928126062805,8809,7260,0.8241571120444999,1.0707436800003052,11.081849098205566
s2,238,median_mad,87428,77419,69901,57772,0.8264831690533755,8738,7178,0.8214694438086518,8789,7300,0.8305836841506429,1.0662842988967896,10.81726360321045
s2,239,median_mad,87825,77980,70193,58298,0.8305386577009104,8821,7258,0.8228092053055209,8811,7287,0.8270343888321416,1.0728737115859985,10.52523422241211
s2,240,median_mad,87869,77894,70191,58104,0.8277984356968842,8992,7422,0.8254003558718861,8686,7122,0.8199401335482386,1.0661344528198242,11.113354682922363
s2,241,median_mad,88072,78132,70361,58194,0.8270775003197794,8848,7283,0.823123869801085,8863,7383,0.8330136522622137,1.066314697265625,10.94123363494873
s2,242,median_mad,88375,78633,70650,58682,0.8306015569709837,8897,7414,0.8333146004271103,8828,7315,0.8286135024920707,1.0729949474334717,11.096349716186523
s2,243,median_mad,88121,78077,70493,58301,0.8270466571148909,8822,7327,0.8305372931308094,8806,7314,0.8305700658641835,1.069383144378662,10.85233211517334
s2,244,median_mad,88030,77950,70384,58208,0.8270061377585814,8757,7235,0.8261961859084161,8889,7332,0.8248396895038812,1.071030855178833,10.841096878051758
s2,245,median_mad,88082,78160,70473,58379,0.8283881770323386,8795,7221,0.8210346787947698,8814,7285,0.8265259813932381,1.0697591304779053,11.027566909790039
s2,246,median_mad,88164,78285,70396,58266,0.8276890732427978,8862,7341,0.8283683141503047,8906,7391,0.8298899618234897,1.0745450258255005,11.012102127075195
s2,247,median_mad,87842,77798,70304,58079,0.8261123122439691,8722,7210,0.826645264847512,8816,7284,0.8262250453720508,1.070447325706482,10.898303031921387
s2,248,median_mad,88066,78040,70502,58274,0.8265581118266149,8858,7366,0.8315646872883269,8706,7198,0.8267861245118309,1.0712453126907349,11.045234680175781
s2,249,median_mad,87714,77846,70245,58045,0.8263221581607232,8732,7211,0.82581310123683,8737,7264,0.8314066613253978,1.0721063613891602,11.075819969177246
s2,250,median_mad,88101,78084,70489,58303,0.8271219622919889,8870,7322,0.825479143179256,8742,7222,0.8261267444520705,1.0695934295654297,10.920915603637695
s2,251,median_mad,88076,78277,70642,58686,0.8307522437077093,8732,7230,0.8279890059551076,8702,7165,0.8233739370259711,1.0693674087524414,10.912982940673828
s2,252,median_mad,87618,77772,70196,58069,0.8272408684255513,8707,7159,0.822212013322614,8715,7260,0.8330464716006885,1.065737247467041,11.124679565429688
s2,253,median_mad,87962,78118,70535,58444,0.8285815552562558,8527,7064,0.8284273484226574,8900,7374,0.8285393258426966,1.0684363842010498,11.167381286621094
s2,254,median_mad,88250,78352,70612,58438,0.827593043675296,8786,7232,0.8231277031641248,8852,7358,0.8312245820153638,1.073249340057373,10.921205520629883
s2,255,median_mad,87758,77809,70361,58158,0.8265658532425634,8626,7134,0.8270345467192209,8771,7229,0.8241933644966366,1.0705792903900146,11.354211807250977
s2,256,median_mad,87973,78068,70446,58388,0.8288334327002242,8811,7272,0.8253319713993871,8716,7206,0.8267553923818265,1.073024868965149,11.08027172088623
s2,257,median_mad,88294,78309,70541,58319,0.8267390595540183,8849,7343,0.8298112781105209,8904,7429,0.8343441150044923,1.0713624954223633,11.042922019958496
s2,258,median_mad,87540,77742,70087,57990,0.8274002311412958,8792,7324,0.8330300272975433,8661,7180,0.8290035792633645,1.0739202499389648,11.061023712158203
s2,259,median_mad,88098,78216,70301,58169,0.8274277748538428,8834,7255,0.8212587729227983,8963,7499,0.8366618319759009,1.0723484754562378,10.853700637817383
s2,260,median_mad,87756,77879,70173,58083,0.8277115129750758,8693,7177,0.8256068100770735,8890,7364,0.8283464566929134,1.0691355466842651,11.116997718811035
s2,261,median_mad,88143,78117,70781,58421,0.8253768666732598,8666,7099,0.8191783983383337,8696,7213,0.8294618215271389,1.0711233615875244,10.984538078308105
s2,262,median_mad,87930,78068,70453,58449,0.8296169077257178,8767,7263,0.8284475875441999,8710,7215,0.8283582089552238,1.0751805305480957,10.763449668884277
s2,263,median_mad,87946,78038,70552,58456,0.8285519900215443,8711,7218,0.8286075077488233,8683,7212,0.8305885062766325,1.0670181512832642,10.823555946350098
s2,264,median_mad,88120,78139,70667,58444,0.8270338347460625,8720,7226,0.8286697247706422,8733,7194,0.8237718996908279,1.0742329359054565,11.292701721191406
s2,265,median_mad,88200,78185,70558,58356,0.8270642591910201,8898,7371,0.8283884018880647,8744,7217,0.8253659652333029,1.0725769996643066,11.103463172912598
s2,266,median_mad,87901,78055,70448,58455,0.829760958437429,8764,7245,0.8266773162939297,8689,7165,0.824605823454943,1.0716631412506104,10.74301528930664
s2,267,median_mad,87592,77709,70283,58221,0.8283795512428326,8679,7196,0.8291277796981219,8630,7149,0.8283893395133256,1.0675854682922363,11.048234939575195
s2,268,median_mad,87721,77734,70096,57903,0.8260528418169367,8797,7256,0.8248266454473115,8828,7288,0.8255550521069325,1.0736539363861084,11.054582595825195
s2,269,median_mad,87523,77752,70161,58126,0.8284659568706262,8608,7155,0.831203531598513,8754,7253,0.828535526616404,1.0715796947479248,11.361080169677734
s2,270,median_mad,87437,77710,70066,58172,0.8302457682756258,8757,7301,0.8337330135891287,8614,7149,0.8299280241467378,1.0701851844787598,10.777493476867676
s2,271,median_mad,87997,78016,70526,58359,0.8274820633525225,8695,7175,0.8251868890166763,8776,7300,0.8318140382862352,1.0718133449554443,10.745942115783691
s2,272,median_mad,87888,77902,70454,58236,0.8265818832145797,8651,7119,0.8229106461680731,8783,7239,0.8242058522145053,1.0676331520080566,11.270655632019043
s2,273,median_mad,88091,78217,70502,58438,0.8288842869705824,8831,7267,0.8228966141999774,8758,7272,0.8303265585750171,1.0671675205230713,11.223220825195312
s2,274,median_mad,88262,78428,70613,58493,0.8283602169572175,8752,7235,0.8266681901279708,8897,7426,0.8346633696751714,1.0680434703826904,11.230671882629395
s2,275,median_mad,88557,78700,70875,58839,0.8301798941798941,8903,7383,0.8292710322363248,8779,7228,0.8233283973117668,1.0695209503173828,11.037504196166992
s2,276,median_mad,87709,78000,70302,58331,0.8297203493499473,8680,7206,0.830184331797235,8727,7238,0.8293800847943165,1.0726711750030518,11.114907264709473
s2,277,median_mad,87851,78013,70173,58154,0.8287232981346102,8962,7375,0.8229189912965856,8716,7229,0.8293942175309775,1.0707993507385254,11.146883964538574
s2,278,median_mad,87549,77666,69922,57837,0.8271645547896227,8723,7236,0.8295311246130919,8904,7372,0.8279424977538186,1.0718567371368408,10.89877700805664
s2,279,median_mad,88242,78403,70839,58822,0.8303618063496097,8793,7250,0.8245195041510293,8610,7107,0.8254355400696864,1.0693577527999878,10.839534759521484
s2,280,median_mad,87631,77894,70175,58174,0.8289846811542572,8812,7379,0.8373808443032229,8644,7186,0.8313280888477557,1.0691754817962646,10.825647354125977
s2,281,median_mad,88018,78060,70444,58358,0.8284310942024871,8686,7187,0.8274234400184205,8888,7323,0.8239198919891989,1.0716314315795898,10.90776252746582
s2,282,median_mad,88075,78014,70370,58190,0.8269148784993605,8870,7289,0.8217587373167982,8835,7326,0.8292020373514432,1.0714025497436523,11.47972583770752
s2,283,median_mad,88243,78353,70692,58646,0.8295988230634301,8766,7253,0.8274013232945471,8785,7199,0.8194649971542401,1.077674150466919,10.97645092010498
s2,284,median_mad,87440,77556,69959,57946,0.8282851384382282,8695,7225,0.8309373202990225,8786,7338,0.8351923514682449,1.0731227397918701,10.679849624633789
s2,285,median_mad,88126,78067,70577,58285,0.8258356121682701,8838,7324,0.828694274722788,8711,7197,0.8261967627138102,1.0742450952529907,11.233797073364258
s2,286,median_mad,87326,77592,69826,57866,0.8287170967834331,8729,7196,0.8243785084202085,8771,7322,0.8347964884277733,1.07292902469635,11.030436515808105
s2,287,median_mad,87731,77838,70330,58208,0.827641120432248,8742,7209,0.8246396705559369,8659,7187,0.8300034646033029,1.0717921257019043,10.80697250366211
s2,288,median_mad,88215,78231,70523,58436,0.8286091062490252,8770,7230,0.8244013683010262,8922,7353,0.824142568930733,1.071674108505249,11.10171127319336
s2,289,median_mad,88158,78286,70510,58377,0.8279251170046802,8809,7288,0.8273356794187763,8839,7282,0.8238488516800543,1.0700161457061768,11.067985534667969
s2,290,median_mad,87636,77648,70194,58070,0.8272786847878736,8743,7237,0.8277479126158069,8699,7221,0.8300954132658926,1.064077377319336,11.277924537658691
s2,291,median_mad,87804,77817,70136,58051,0.8276919128550245,8732,7201,0.8246678882272103,8936,7366,0.8243061772605192,1.0688426494598389,11.254546165466309
s2,292,median_mad,88141,78042,70400,58188,0.8265340909090909,8922,7370,0.8260479713068819,8819,7289,0.8265109422837056,1.0706257820129395,11.196110725402832
s2,293,median_mad,87882,77939,70319,58362,0.829960608086008,8798,7233,0.8221186633325755,8765,7127,0.8131203650884199,1.0746612548828125,10.791913032531738
s2,294,median_mad,87717,77820,70175,58039,0.8270609191307445,8816,7308,0.8289473684210527,8726,7224,0.8278707311482925,1.075889229774475,10.940703392028809
s2,295,median_mad,88423,78606,70815,58671,0.8285109087057827,8758,7248,0.8275862068965517,8850,7417,0.8380790960451977,1.070115089416504,11.212320327758789
s2,296,median_mad,88291,78458,70604,58485,0.8283525012747153,8922,7391,0.8284017036538892,8765,7253,0.8274957216200799,1.0781288146972656,11.599786758422852
s2,297,median_mad,88116,78062,70534,58376,0.827629228457198,8637,7158,0.8287599861062869,8945,7332,0.8196757965343767,1.0704407691955566,11.059752464294434
s2,298,median_mad,87932,78065,70328,58256,0.8283471732453646,8738,7242,0.8287937743190662,8866,7312,0.8247236634333408,1.0780178308486938,11.08742618560791
s2,299,median_mad,87930,78188,70436,58428,0.829518995967971,8803,7306,0.8299443371577871,8691,7229,0.8317800023012312,1.071852207183838,11.326622009277344
s2,300,median_mad,87758,77991,70323,58283,0.8287900118026819,8682,7165,0.8252706749596868,8753,7260,0.8294299097452302,1.0771660804748535,11.124429702758789
s2,301,median_mad,88546,78490,70817,58385,0.824448931753675,8814,7320,0.8304969366916269,8915,7420,0.8323051037577117,1.0686430931091309,11.351457595825195
s2,302,median_mad,88004,78180,70564,58463,0.8285102885323962,8837,7328,0.8292406925427181,8603,7093,0.8244798326165291,1.0688945055007935,10.950801849365234
s2,303,median_mad,87773,78047,70404,58550,0.831628884722459,8765,7296,0.8324015972618368,8604,7047,0.8190376569037657,1.0767803192138672,10.799894332885742
s2,304,median_mad,87690,77781,69940,57938,0.8283957678009722,8735,7296,0.8352604464796795,9015,7388,0.8195230171935662,1.0751205682754517,10.86143684387207
s2,305,median_mad,88105,78109,70542,58332,0.8269116271157608,8900,7376,0.8287640449438203,8663,7157,0.8261572203624611,1.0751492977142334,11.053495407104492
s2,306,median_mad,88243,78389,70674,58563,0.8286357076152475,8744,7251,0.8292543458371455,8825,7341,0.8318413597733711,1.0749030113220215,11.029205322265625
s2,307,median_mad,87652,77705,70001,57890,0.8269881858830588,8823,7341,0.8320299217953078,8828,7292,0.8260081558676937,1.0721299648284912,11.191963195800781
s2,308,median_mad,88297,78257,70660,58461,0.8273563543730541,8758,7258,0.8287280200959123,8879,7303,0.822502534069152,1.0684772729873657,11.062203407287598
s2,309,median_mad,87312,77481,69970,57984,0.828698013434329,8734,7208,0.8252805129379437,8608,7137,0.8291124535315985,1.0716699361801147,11.07934856414795
s2,310,median_mad,87512,77560,70054,57998,0.8279041881976761,8681,7098,0.8176477364358945,8777,7160,0.8157684858151988,1.0788427591323853,10.95290470123291
s2,311,median_mad,87976,78042,70431,58365,0.8286833922562508,8709,7170,0.8232862555976576,8836,7309,0.8271842462652784,1.0714318752288818,11.09261417388916
s2,312,median_mad,87803,77882,70380,58292,0.8282466609832339,8652,7180,0.8298659269533056,8771,7203,0.8212290502793296,1.0625311136245728,10.657744407653809
s2,313,median_mad,88188,78146,70594,58374,0.8268974700399467,8745,7220,0.8256146369353916,8849,7355,0.8311673635439033,1.0644643306732178,10.922809600830078
s2,314,median_mad,88007,78014,70574,58228,0.8250630543826338,8701,7252,0.833467417538214,8732,7175,0.8216903344021989,1.0708580017089844,11.331376075744629
s2,315,median_mad,88414,78524,71085,58880,0.8283041429274812,8696,7094,0.8157773689052438,8633,7163,0.8297231553341828,1.0753519535064697,11.30370044708252
s2,316,median_mad,87491,77608,69987,57756,0.8252389729521197,8692,7248,0.8338702254947078,8812,7293,0.8276214253290967,1.066174030303955,11.242859840393066
s2,317,median_mad,87992,78212,70584,58537,0.8293239261022328,8586,7089,0.8256464011180993,8822,7332,0.8311040580367264,1.063794493675232,10.670830726623535
s2,318,median_mad,87737,77798,70196,58074,0.8273120975554162,8741,7161,0.8192426495824277,8800,7316,0.8313636363636364,1.0698981285095215,10.79468822479248
s2,319,median_mad,87644,77659,70232,58074,0.8268880282492311,8770,7210,0.82212086659065,8642,7145,0.8267762092108308,1.0700503587722778,10.994721412658691
s2,320,median_mad,87747,77990,70116,58245,0.8306948485367106,8719,7249,0.831402683794013,8912,7364,0.8263016157989228,1.0731151103973389,10.812448501586914
s2,321,median_mad,87709,78031,70067,58102,0.8292348751908887,8818,7387,0.8377183034701746,8824,7308,0.828195829555757,1.0676724910736084,10.775627136230469
s2,322,median_mad,87634,77855,70053,57938,0.8270595120837081,8750,7258,0.8294857142857143,8831,7360,0.8334276978824595,1.0740060806274414,10.964839935302734
s2,323,median_mad,88319,78279,70600,58346,0.8264305949008499,8899,7375,0.8287448027868299,8820,7283,0.8257369614512472,1.0724791288375854,11.24893856048584
s2,324,median_mad,88385,78441,70568,58457,0.8283783017798435,8893,7343,0.8257056111548409,8924,7368,0.8256387270282385,1.0734280347824097,10.915962219238281
s2,325,median_mad,87944,78072,70312,58175,0.8273836613949255,8753,7298,0.8337712784188278,8879,7356,0.8284716747381462,1.0707578659057617,11.182278633117676
s2,326,median_mad,87634,77691,70060,57972,0.8274621752783329,8706,7196,0.826556397886515,8868,7311,0.824424898511502,1.073156476020813,11.246668815612793
s2,327,median_mad,87896,77864,70217,57983,0.8257686884942392,8740,7241,0.8284897025171625,8939,7368,0.824253272178096,1.0747063159942627,10.962146759033203
s2,328,median_mad,88113,77990,70619,58351,0.8262790467154731,8726,7206,0.8258079303231721,8768,7186,0.8195711678832117,1.0729248523712158,10.891331672668457
s2,329,median_mad,87500,77666,69988,57972,0.8283134251585986,8781,7244,0.8249629882701287,8731,7258,0.8312908028862673,1.0686421394348145,10.982383728027344
s2,330,median_mad,87871,77913,70160,58033,0.8271522234891676,8909,7359,0.8260186328431923,8802,7325,0.8321972279027494,1.0705235004425049,10.689443588256836
s2,331,median_mad,87955,77990,70623,58393,0.8268269543916288,8530,7017,0.8226260257913247,8802,7298,0.8291297432401726,1.0673327445983887,11.056029319763184
s2,332,median_mad,88293,78501,70572,58334,0.8265884486765289,8937,7390,0.8268994069598299,8784,7354,0.8372040072859745,1.0718116760253906,11.201294898986816
s2,333,median_mad,88469,78612,70694,58655,0.8297026621778368,8873,7305,0.8232841203651527,8902,7304,0.8204897775780723,1.0688886642456055,11.48975658416748
s2,334,median_mad,87285,77471,69815,57864,0.8288190217002077,8803,7289,0.8280131773259116,8667,7175,0.8278527748932734,1.0649653673171997,11.151155471801758
s2,335,median_mad,87966,77912,70480,58260,0.8266174801362088,8638,7118,0.8240333410511692,8848,7315,0.8267405063291139,1.0716190338134766,11.56463623046875
s2,336,median_mad,88024,78070,70387,58245,0.8274965547615327,8974,7440,0.8290617338979274,8663,7176,0.8283504559621379,1.0703461170196533,10.574459075927734
s2,337,median_mad,88292,78311,70477,58352,0.8279580572385318,8824,7293,0.8264959202175884,8991,7459,0.8296073851629407,1.0695849657058716,11.0035982131958
s2,338,median_mad,88232,78273,70423,58202,0.8264629453445608,8905,7481,0.8400898371701292,8904,7331,0.8233378256963163,1.0723011493682861,10.838973045349121
s2,339,median_mad,88117,78143,70449,58214,0.8263282658376981,8804,7268,0.8255338482507951,8864,7347,0.8288583032490975,1.0753740072250366,11.321337699890137
s2,340,median_mad,87931,78161,70531,58482,0.829167316499128,8757,7283,0.8316775151307525,8643,7119,0.8236723359944463,1.071755290031433,11.134195327758789
s2,341,median_mad,87690,77924,70054,58031,0.8283752533759671,8818,7337,0.8320480834656385,8818,7321,0.8302336130641869,1.0666911602020264,11.014083862304688
s2,342,median_mad,88090,78170,70600,58585,0.8298158640226629,8723,7155,0.8202453284420498,8767,7202,0.8214896771985856,1.0688515901565552,11.128437995910645
s2,343,median_mad,87864,78034,70176,58149,0.8286166210670315,8821,7298,0.8273438385670558,8867,7255,0.8182023232209316,1.070322036743164,11.3856840133667
s2,344,median_mad,87966,78009,70520,58352,0.8274532047646058,8735,7233,0.8280480824270178,8711,7230,0.8299850763402594,1.0652000904083252,11.19419002532959
s2,345,median_mad,87629,77733,70112,57945,0.8264633728890918,8756,7284,0.8318867062585655,8761,7286,0.8316402237187536,1.067212462425232,11.251616477966309
s2,346,median_mad,88165,78302,70464,58384,0.8285649409627611,8931,7420,0.8308140185869444,8770,7275,0.8295324971493728,1.0683753490447998,10.634698867797852
s2,347,median_mad,87972,78226,70195,58158,0.8285205498967163,8945,7416,0.829066517607602,8832,7291,0.8255208333333334,1.0736353397369385,11.174617767333984
s2,348,median_mad,87823,77986,70270,58185,0.8280204923865092,8670,7173,0.8273356401384083,8883,7376,0.8303501069458517,1.0685940980911255,10.844521522521973
s2,349,median_mad,87585,77676,70202,58125,0.8279678641634142,8593,7128,0.8295123938089143,8790,7243,0.824004550625711,1.0674000978469849,10.936599731445312
s2,350,median_mad,87620,77716,70209,58135,0.8280277457306043,8581,7047,0.8212329565318728,8830,7337,0.8309173272933182,1.0682154893875122,11.077874183654785
s2,351,median_mad,87848,77984,70529,58483,0.8292050078691034,8591,7093,0.8256314747992085,8728,7270,0.8329514207149404,1.0720841884613037,10.884364128112793
s2,352,median_mad,88024,78051,70445,58187,0.8259919085811626,8790,7253,0.8251422070534699,8789,7230,0.8226191830697462,1.0793195962905884,11.186003684997559
s2,353,median_mad,88642,78680,70700,58609,0.828981612446959,8978,7427,0.8272443751392292,8964,7426,0.8284248103525212,1.0680482387542725,10.883395195007324
s2,354,median_mad,88229,78288,70634,58515,0.8284254041962794,8747,7273,0.8314850805990626,8848,7266,0.8212025316455697,1.069019079208374,11.04609203338623
s2,355,median_mad,88089,78260,70449,58395,0.82889750031938,8881,7380,0.8309875014074991,8759,7255,0.8282909007877611,1.0739481449127197,11.173407554626465
s2,356,median_mad,87701,77673,70099,58070,0.8283998345197506,8736,7217,0.8261217948717948,8866,7239,0.816489961651252,1.071698546409607,11.110650062561035
s2,357,median_mad,88295,78385,70646,58593,0.8293887835121592,8819,7292,0.8268511169066788,8830,7273,0.823669309173273,1.0699390172958374,10.844768524169922
s2,358,median_mad,88120,78064,70485,58412,0.8287153295027311,8914,7363,0.8260040385909805,8721,7170,0.8221534227726178,1.070164680480957,10.758893013000488
s2,359,median_mad,88212,78102,70549,58321,0.8266736594423734,8775,7204,0.820968660968661,8888,7290,0.8202070207020702,1.0707929134368896,10.956323623657227
s2,360,median_mad,88154,77871,70550,58123,0.823855421686747,8787,7232,0.8230340275406851,8817,7315,0.8296472723148464,1.0726746320724487,10.857068061828613
s2,361,median_mad,88067,78092,70581,58415,0.8276306654765446,8751,7255,0.8290481087875672,8735,7223,0.826903262736119,1.0713248252868652,10.950321197509766
s2,362,median_mad,88104,78141,70539,58392,0.8277973886786033,8705,7212,0.8284893739230328,8860,7333,0.8276523702031603,1.069416880607605,10.842185974121094
s2,363,median_mad,88073,78212,70309,58158,0.827177175041602,8714,7227,0.8293550608216663,9050,7496,0.8282872928176795,1.073729157447815,11.300542831420898
s2,364,median_mad,87450,77677,70060,57975,0.827504995717956,8720,7255,0.8319954128440367,8670,7202,0.8306805074971165,1.0708346366882324,11.169707298278809
s2,365,median_mad,87776,77886,70296,58082,0.8262490042107659,8617,7109,0.8249970987582685,8863,7348,0.8290646507954417,1.0718941688537598,10.956315994262695
s2,366,median_mad,87376,77522,69824,57857,0.828611938588451,8703,7218,0.8293691830403309,8849,7337,0.8291332353938298,1.0687774419784546,10.97753620147705
s2,367,median_mad,88295,78330,70803,58636,0.8281569989972176,8736,7248,0.8296703296703297,8756,7267,0.829945180447693,1.0773310661315918,10.834833145141602
s2,368,median_mad,87409,77536,69895,57813,0.8271407110665999,8859,7330,0.8274071565639463,8655,7148,0.8258809936452918,1.0760917663574219,11.023584365844727
s2,369,median_mad,87625,77804,70108,58067,0.8282506989216637,8839,7365,0.8332390541916507,8678,7163,0.8254206038257663,1.0628550052642822,10.703592300415039
s2,370,median_mad,88504,78505,70875,58612,0.8269770723104056,8769,7257,0.8275744098528909,8860,7354,0.8300225733634311,1.0712132453918457,10.83829402923584
s2,371,median_mad,87848,77897,70382,58268,0.8278821289534256,8688,7175,0.8258517495395948,8778,7240,0.8247892458418774,1.0678077936172485,11.13796329498291
s2,372,median_mad,88035,78251,70460,58493,0.8301589554357082,8832,7309,0.8275588768115942,8743,7268,0.8312936063136224,1.067172884941101,11.135002136230469
s2,373,median_mad,88363,78499,70564,58523,0.82936058046596,8771,7296,0.8318321742104663,9028,7421,0.8219982277359327,1.0774307250976562,10.867134094238281
s2,374,median_mad,87765,77790,70306,58193,0.8277102949961597,8743,7211,0.8247741049982843,8716,7182,0.8240018357044516,1.069012999534607,10.962410926818848
s2,375,median_mad,87947,78061,70408,58264,0.8275196000454493,8760,7228,0.8251141552511415,8779,7314,0.8331245016516687,1.0680028200149536,11.061792373657227
s2,376,median_mad,87884,77991,70178,58149,0.828593006355268,8892,7390,0.8310841205578048,8814,7221,0.8192648059904697,1.0693341493606567,10.967820167541504
s2,377,median_mad,87809,77835,70267,58030,0.8258499722487085,8966,7483,0.8345973678340397,8576,7112,0.8292910447761194,1.0666383504867554,10.773993492126465
s2,378,median_mad,87918,78126,70247,58309,0.8300567995786297,8768,7234,0.8250456204379562,8903,7359,0.8265753116926878,1.0743937492370605,11.085240364074707
s2,379,median_mad,88177,78182,70653,58402,0.826603258177289,8788,7298,0.8304506144742831,8736,7268,0.831959706959707,1.0674173831939697,11.211546897888184
s2,380,median_mad,87742,77885,70114,58146,0.8293065578914339,8822,7326,0.830423940149626,8806,7284,0.8271632977515331,1.0692553520202637,10.892082214355469
s2,381,median_mad,87692,77773,70201,58099,0.8276092933149101,8743,7222,0.8260322543749286,8748,7253,0.8291037951531779,1.0646934509277344,10.810103416442871
s2,382,median_mad,88176,78348,70682,58555,0.8284287371608048,8656,7215,0.8335258780036968,8838,7367,0.8335596288753112,1.0674446821212769,11.052133560180664
s2,383,median_mad,87693,77565,70230,57911,0.824590630784565,8759,7233,0.825779198538646,8704,7223,0.8298483455882353,1.067765235900879,11.142964363098145
s2,384,median_mad,88098,78132,70521,58385,0.8279094170530764,8803,7207,0.8186981710780415,8774,7245,0.8257351265101436,1.0714178085327148,11.1943359375
s2,385,median_mad,87725,77893,70235,58270,0.8296433402149925,8699,7225,0.8305552362340499,8791,7286,0.8288021840518712,1.0669093132019043,10.733437538146973
s2,386,median_mad,88104,78240,70474,58475,0.8297386270113801,8731,7209,0.8256786164242355,8899,7385,0.8298685245533206,1.0698180198669434,10.890971183776855
s2,387,median_mad,88020,78071,70656,58392,0.8264266304347826,8794,7363,0.8372754150557198,8570,7121,0.8309218203033839,1.069225788116455,10.902213096618652
s2,388,median_mad,87828,77905,70347,58095,0.8258347903961789,8755,7226,0.8253569388920616,8726,7232,0.8287875315150126,1.06885826587677,11.145028114318848
s2,389,median_mad,88003,78025,70602,58324,0.8260955780289511,8580,7121,0.8299533799533799,8821,7324,0.8302913501870536,1.0730210542678833,11.305388450622559
s2,390,median_mad,87675,77848,70239,58189,0.828442887854326,8785,7277,0.8283437677859988,8651,7147,0.8261472662119986,1.075735092163086,10.993553161621094
s2,391,median_mad,88437,78411,70653,58487,0.8278063210337848,8942,7356,0.8226347573249833,8842,7315,0.827301515494232,1.0669587850570679,10.963037490844727
s2,392,median_mad,88177,78423,70795,58760,0.8300021187937001,8697,7271,0.8360354145107508,8685,7169,0.8254461715601612,1.0714147090911865,11.203460693359375
s2,393,median_mad,87872,78001,70237,58102,0.8272278143998177,8811,7274,0.8255589603904211,8824,7318,0.8293291024478694,1.0755300521850586,11.212664604187012
s2,394,median_mad,88066,78105,70660,58447,0.8271582224738183,8703,7208,0.8282201539698955,8703,7153,0.8219004940825003,1.0712109804153442,10.910798072814941
s2,395,median_mad,87933,78016,70258,58290,0.8296564092345355,8812,7309,0.829437131184748,8863,7335,0.8275978788220693,1.071986198425293,10.602561950683594
s2,396,median_mad,87488,77520,69891,57749,0.8262723383554392,8787,7312,0.8321383862524183,8810,7301,0.8287173666288309,1.0643479824066162,11.3850679397583
s2,397,median_mad,87903,77987,70501,58383,0.8281159132494574,8643,7169,0.8294573643410853,8759,7242,0.8268067130951022,1.0666178464889526,10.835871696472168
s2,398,median_mad,87948,78143,70203,58168,0.8285685796903266,8970,7496,0.8356744704570791,8775,7291,0.8308831908831908,1.0730547904968262,11.044534683227539
s2,399,median_mad,87597,77600,70091,58064,0.8284087828679859,8696,7186,0.8263569457221711,8810,7255,0.8234960272417707,1.067997932434082,10.950695037841797
s2,400,median_mad,88105,78173,70516,58364,0.8276703159566623,8785,7247,0.8249288560045532,8804,7303,0.8295093139482054,1.0719083547592163,11.186439514160156
s2,401,median_mad,87990,78088,70390,58226,0.8271913624094331,8772,7277,0.8295713634290925,8828,7316,0.828726778432261,1.0643696784973145,10.968555450439453
s2,402,median_mad,88195,78110,70588,58304,0.8259760865869553,8639,7143,0.8268318092371802,8968,7395,0.8245985727029438,1.0647846460342407,10.876304626464844
s2,403,median_mad,87800,77890,70193,58107,0.8278175886484407,8776,7223,0.8230401093892434,8831,7318,0.8286717246064998,1.0709234476089478,10.89999771118164
s2,404,median_mad,88254,78315,70533,58406,0.8280662952093346,8846,7319,0.827379606601854,8875,7350,0.828169014084507,1.0772424936294556,11.245378494262695
s2,405,median_mad,88129,78221,70539,58616,0.8309729369568607,8763,7235,0.8256304918406938,8827,7270,0.8236093803104112,1.0735085010528564,10.90341567993164
s2,406,median_mad,87966,78200,70333,58174,0.8271224034237129,8944,7391,0.8263640429338104,8689,7227,0.8317412820807918,1.0730048418045044,11.107832908630371
s2,407,median_mad,87649,77717,70195,58018,0.8265261058479949,8822,7300,0.8274767626388574,8632,7149,0.8281974050046339,1.0727554559707642,11.317919731140137
s2,408,median_mad,87960,78016,70286,58097,0.8265799732521413,8770,7261,0.8279361459521095,8904,7413,0.8325471698113207,1.0711736679077148,10.7137451171875
s2,409,median_mad,88246,78256,70533,58274,0.8261948307884253,8856,7350,0.8299457994579946,8857,7332,0.8278198035452184,1.071719765663147,11.019058227539062
s2,410,median_mad,87958,77941,70611,58333,0.8261177436943252,8674,7169,0.8264929674890478,8673,7153,0.8247434567047158,1.065828800201416,11.081591606140137
s2,411,median_mad,88056,78368,70409,58388,0.829268985499013,8875,7362,0.8295211267605633,8772,7279,0.8297993616051071,1.0684895515441895,10.974621772766113
s2,412,median_mad,88300,78406,70442,58533,0.830938928480168,8958,7382,0.8240678722929226,8900,7374,0.8285393258426966,1.0654938220977783,11.110123634338379
s2,413,median_mad,87701,77724,70003,57903,0.8271502649886433,8884,7355,0.8278928410625844,8814,7317,0.8301565690946222,1.0650553703308105,10.870587348937988
s2,414,median_mad,87927,78024,70457,58214,0.8262344408646408,8724,7271,0.833447959651536,8746,7211,0.824491195975303,1.0739643573760986,11.11856460571289
s2,415,median_mad,87720,77681,70178,58029,0.82688306876799,8735,7260,0.8311390955924441,8807,7214,0.819121153627796,1.074139952659607,11.199878692626953
s2,416,median_mad,87916,77834,70374,57971,0.8237559325887401,8768,7249,0.8267563868613139,8774,7292,0.8310918623204924,1.068114161491394,11.03392505645752
s2,417,median_mad,88171,78264,70703,58527,0.8277866568603878,8790,7274,0.8275312855517634,8678,7177,0.827033878773911,1.0679539442062378,11.149441719055176
s2,418,median_mad,88266,78451,70448,58498,0.8303713377242788,8899,7409,0.8325654567928981,8919,7363,0.8255409799304855,1.072561502456665,10.778043746948242
s2,419,median_mad,88062,78238,70462,58405,0.8288864920098776,8812,7282,0.8263731275533364,8788,7382,0.8400091033227128,1.0710856914520264,10.941535949707031
s2,420,median_mad,87821,77888,70246,58165,0.8280186772200553,8740,7217,0.8257437070938215,8835,7408,0.8384833050367855,1.066335916519165,10.880553245544434
s2,421,median_mad,87135,77259,69798,57823,0.8284334794693258,8691,7172,0.825221493499022,8646,7148,0.8267406893361092,1.0737022161483765,11.002324104309082
s2,422,median_mad,87960,78025,70299,58225,0.8282479124880866,8798,7217,0.8203000681973176,8863,7317,0.8255669637820151,1.074100375175476,11.340736389160156
s2,423,median_mad,88023,78049,70393,58245,0.8274260224738256,8817,7277,0.8253374163547692,8813,7290,0.8271871099512085,1.0726821422576904,11.352093696594238
s2,424,median_mad,87971,77942,70445,58218,0.8264319682021435,8746,7225,0.8260919277383947,8780,7292,0.8305239179954442,1.069368600845337,11.12560749053955
s2,425,median_mad,87855,77991,70065,58147,0.8299008063940626,8893,7318,0.8228944113347577,8897,7343,0.8253343823760818,1.0720443725585938,11.164474487304688
s2,426,median_mad,87510,77578,69898,57835,0.8274199547912673,8726,7214,0.8267247306898923,8886,7356,0.8278190411883862,1.0709563493728638,11.039233207702637
s2,427,median_mad,87960,78074,70359,58251,0.8279111414317998,8734,7252,0.8303182963132585,8867,7326,0.8262095409946995,1.0737693309783936,10.670355796813965
s2,428,median_mad,87767,77992,70066,58058,0.8286187309108555,8799,7288,0.8282759404477782,8902,7423,0.8338575600988541,1.0663343667984009,11.313117027282715
s2,429,median_mad,87708,77831,70098,58087,0.8286541698764587,8903,7372,0.8280354936538246,8707,7156,0.8218674629608361,1.0717777013778687,11.236130714416504
s2,430,median_mad,87816,77950,70250,58172,0.8280711743772242,8785,7316,0.8327831531018782,8781,7303,0.831682040769844,1.0671560764312744,10.92122745513916
s2,431,median_mad,87713,77773,70084,57966,0.827093202442783,8908,7349,0.8249887741356084,8721,7193,0.8247907350074533,1.0721415281295776,10.96716594696045
s2,432,median_mad,88176,78176,70412,58331,0.8284241322501846,8957,7423,0.8287373004354136,8807,7274,0.8259339162030204,1.0624136924743652,10.896345138549805
s2,433,median_mad,88016,78122,70368,58278,0.8281889495225102,8882,7338,0.8261652780905202,8766,7211,0.822610084417066,1.0751370191574097,10.95681095123291
s2,434,median_mad,87902,78082,70317,58293,0.829002943811596,8824,7272,0.8241160471441523,8761,7345,0.8383746147700034,1.0630879402160645,10.820415496826172
s2,435,median_mad,87657,77900,69901,58002,0.8297735368592724,8911,7433,0.8341375827628773,8845,7349,0.8308648954211418,1.0649162530899048,10.76165771484375
s2,436,median_mad,87933,78060,70188,58064,0.8272639197583632,8988,7427,0.8263239875389408,8757,7265,0.8296220166723763,1.0789990425109863,11.239564895629883
s2,437,median_mad,88471,78799,70783,58756,0.8300863201616208,8867,7326,0.8262095409946995,8821,7391,0.8378868609001247,1.0700935125350952,11.037714958190918
s2,438,median_mad,87536,77703,69845,57861,0.8284200730188274,8774,7294,0.831319808525188,8917,7348,0.8240439609734216,1.0648339986801147,10.749401092529297
s2,439,median_mad,88388,78425,70615,58435,0.8275154004106776,8899,7375,0.8287448027868299,8874,7340,0.8271354518819022,1.0714383125305176,11.113926887512207
s2,440,median_mad,87508,77615,69950,57934,0.8282201572551823,8798,7245,0.8234826096840191,8760,7276,0.8305936073059361,1.0654882192611694,10.85548210144043
s2,441,median_mad,87618,77739,70010,57988,0.8282816740465648,8859,7359,0.8306806637317982,8749,7261,0.829923419819408,1.0682177543640137,10.801652908325195
s2,442,median_mad,87530,77600,69957,57815,0.8264362394042054,8801,7263,0.82524713100784,8772,7257,0.8272913816689467,1.0752924680709839,10.884764671325684
s2,443,median_mad,87952,78059,70271,58135,0.8272971780677663,8824,7296,0.8268359020852222,8857,7352,0.8300779044823303,1.0762953758239746,10.991530418395996
s2,444,median_mad,87898,78027,70406,58346,0.8287077805868818,8788,7273,0.8276058261265362,8704,7159,0.8224954044117647,1.0745182037353516,11.021636962890625
s2,445,median_mad,87875,77897,70290,58233,0.8284677763551003,8839,7284,0.8240751216200928,8746,7231,0.8267779556368625,1.0739208459854126,10.943495750427246
s2,446,median_mad,87873,78080,70154,58166,0.8291187957921144,8799,7293,0.8288441868394135,8920,7350,0.8239910313901345,1.0740561485290527,11.069901466369629
s2,447,median_mad,87778,78004,70370,58386,0.8297001563166122,8777,7236,0.8244274809160306,8631,7185,0.832464372610358,1.0657763481140137,10.922196388244629
s2,448,median_mad,87776,77752,70179,57975,0.8261018253323644,8767,7247,0.8266225618797765,8830,7285,0.8250283125707815,1.0737318992614746,10.943228721618652
s2,449,median_mad,87361,77435,69852,57809,0.8275926244058868,8854,7285,0.8227919584368647,8655,7165,0.8278451761987291,1.0700230598449707,11.279619216918945
s2,450,median_mad,87922,78041,70118,58052,0.8279186514161841,8944,7373,0.8243515205724508,8860,7330,0.827313769751693,1.0719586610794067,11.179498672485352
s2,451,median_mad,88002,78015,70459,58226,0.8263812997629827,8866,7316,0.8251748251748252,8677,7185,0.8280511697591333,1.073405385017395,11.175992012023926
s2,452,median_mad,88140,78227,70597,58422,0.8275422468376843,8794,7266,0.8262451671594269,8749,7266,0.8304949137044234,1.073559284210205,10.881733894348145
s2,453,median_mad,87721,77954,70156,58217,0.8298221107246707,8786,7301,0.830981106305486,8779,7254,0.8262900102517371,1.0666732788085938,10.960474014282227
s2,454,median_mad,88168,78180,70667,58438,0.8269489294861817,8716,7180,0.8237723726480036,8785,7323,0.8335799658508822,1.0660934448242188,11.068286895751953
s2,455,median_mad,87979,78003,70395,58338,0.8287236309396975,8727,7184,0.8231923914288988,8857,7306,0.824884272326973,1.0726046562194824,10.95760440826416
s2,456,median_mad,88067,78049,70479,58233,0.8262461158643,8799,7241,0.8229344243664053,8789,7238,0.8235294117647058,1.0725947618484497,11.042837142944336
s2,457,median_mad,88679,78734,70963,58777,0.8282767075800065,8792,7287,0.8288216560509554,8924,7415,0.8309054235768714,1.0649809837341309,10.782695770263672
s2,458,median_mad,88179,78235,70393,58254,0.8275538760956345,8859,7366,0.8314708206343832,8927,7304,0.8181920017923154,1.0757191181182861,11.020480155944824
s2,459,median_mad,87762,77935,69964,58018,0.8292550454519467,8840,7219,0.8166289592760181,8958,7410,0.8271935699933021,1.06918203830719,11.394762992858887
s2,460,median_mad,87561,77706,69943,57923,0.8281457758460461,8742,7243,0.8285289407458247,8876,7329,0.8257097791798107,1.0700592994689941,10.967601776123047
s2,461,median_mad,87698,77746,70235,58072,0.8268242329322987,8758,7212,0.8234756793788536,8705,7178,0.8245835726593912,1.0713868141174316,11.043704986572266
s2,462,median_mad,87619,77960,70211,58314,0.8305536169546083,8612,7181,0.8338365071992568,8796,7314,0.8315143246930423,1.071563959121704,10.910573959350586
s2,463,median_mad,88318,78228,70533,58278,0.8262515418314831,8940,7405,0.8282997762863534,8845,7322,0.8278123233465234,1.0704307556152344,10.921823501586914
s2,464,median_mad,87870,77855,70138,58074,0.8279962359919016,8918,7364,0.82574568288854,8814,7265,0.824256864079873,1.071559190750122,10.56633472442627
s2,465,median_mad,87865,78057,70268,58388,0.8309329993738259,8900,7346,0.8253932584269663,8697,7229,0.831206163044728,1.0662603378295898,11.10734748840332
s2,466,median_mad,88115,78093,70669,58443,0.826996278424769,8740,7283,0.8332951945080092,8706,7191,0.8259820813232254,1.064717173576355,10.908089637756348
s2,467,median_mad,87888,78085,70209,58146,0.828184420800752,8891,7378,0.8298279158699808,8788,7275,0.8278334091943559,1.0674915313720703,11.235257148742676
s2,468,median_mad,87665,77844,69968,57867,0.8270495083466728,8995,7489,0.832573652028905,8702,7204,0.8278556653642841,1.0759259462356567,11.084635734558105
s2,469,median_mad,87827,77807,70275,58070,0.8263251511917467,8742,7234,0.8274994280485015,8810,7271,0.8253121452894439,1.0743200778961182,11.078010559082031
s2,470,median_mad,87717,77659,70259,58033,0.8259867063294383,8718,7211,0.8271392521220463,8740,7230,0.8272311212814645,1.063320517539978,11.050960540771484
s2,471,median_mad,88995,78890,71193,58893,0.827230205216805,8884,7343,0.8265420981539847,8918,7414,0.8313523211482395,1.0674697160720825,11.105958938598633
s2,472,median_mad,88029,78017,70406,58225,0.8269891770587734,8861,7334,0.8276718203363052,8762,7260,0.8285779502396713,1.0663830041885376,10.856818199157715
s2,473,median_mad,87701,77864,70230,58243,0.8293179552897623,8747,7205,0.8237109866239853,8724,7239,0.8297799174690509,1.0687716007232666,10.840963363647461
s2,474,median_mad,88418,78568,70689,58525,0.8279223075726068,8991,7420,0.8252697141586031,8738,7254,0.8301670862897689,1.0725349187850952,10.805313110351562
s2,475,median_mad,88016,78120,70242,58081,0.8268699638392984,8997,7484,0.831832833166611,8777,7262,0.8273897687136835,1.0656768083572388,10.992177963256836
s2,476,median_mad,87803,77867,70295,58075,0.8261611778931646,8735,7172,0.8210646823125358,8773,7294,0.8314145674227744,1.068307876586914,11.66749095916748
s2,477,median_mad,87933,77998,70428,58372,0.8288180837167036,8732,7197,0.8242098030233623,8773,7275,0.8292488316425396,1.0714507102966309,10.846273422241211
s2,478,median_mad,87507,77544,70061,57864,0.8259088508585376,8745,7178,0.8208118925100057,8701,7175,0.82461786001609,1.0764943361282349,11.437104225158691
s2,479,median_mad,87755,78032,70229,58238,0.8292585683976704,8825,7375,0.8356940509915014,8701,7203,0.827835880933226,1.0662305355072021,10.948372840881348
s2,480,median_mad,87620,77728,70144,58078,0.8279824361313869,8851,7368,0.8324483109253191,8625,7141,0.8279420289855073,1.0686273574829102,10.721925735473633
s2,481,median_mad,88445,78623,70750,58633,0.8287349823321555,8883,7386,0.8314758527524485,8812,7344,0.8334089877439855,1.0689936876296997,11.256969451904297
s2,482,median_mad,88390,78500,70718,58577,0.8283181085437936,8855,7321,0.8267645398080181,8817,7331,0.831461948508563,1.0705411434173584,11.262763977050781
s2,483,median_mad,87632,77750,69980,57954,0.8281509002572164,8862,7344,0.8287068381855112,8790,7253,0.8251422070534699,1.0731244087219238,10.90737247467041
s2,484,median_mad,88140,78122,70658,58298,0.8250728862973761,8867,7350,0.8289162061576633,8615,7125,0.8270458502611724,1.0700058937072754,11.108383178710938
s2,485,median_mad,87902,77826,70320,58094,0.8261376564277588,8819,7307,0.8285519900215443,8763,7230,0.8250599109893872,1.0692169666290283,11.189492225646973
s2,486,median_mad,88388,78376,70829,58558,0.8267517542249644,8773,7246,0.825943234925339,8786,7269,0.8273389483268837,1.0712966918945312,11.12463665008545
s2,487,median_mad,87791,77863,70076,57954,0.8270163822135966,8844,7288,0.8240615106286748,8871,7348,0.8283169879382257,1.0675188302993774,11.100048065185547
s2,488,median_mad,88265,78296,70493,58296,0.8269757280864767,8985,7456,0.829827490261547,8787,7241,0.8240582678957551,1.0740431547164917,10.934289932250977
s2,489,median_mad,87976,78063,70411,58361,0.8288619675902913,8794,7236,0.8228337502842847,8771,7284,0.8304640291870938,1.0730293989181519,11.053546905517578
s2,490,median_mad,88287,78309,70693,58492,0.8274086543222101,8874,7344,0.8275862068965517,8720,7186,0.8240825688073394,1.07369065284729,11.12608814239502
s2,491,median_mad,87756,78106,70228,58208,0.828843196445862,8666,7211,0.8321024694207246,8862,7371,0.8317535545023697,1.0654163360595703,11.205328941345215
s2,492,median_mad,88277,78449,70548,58579,0.8303424618699325,8866,7410,0.8357771260997068,8863,7283,0.8217307909285795,1.0672088861465454,11.073050498962402
s2,493,median_mad,87439,77593,69843,57798,0.8275417722606417,8745,7215,0.8250428816466552,8851,7364,0.8319963845893119,1.0728009939193726,11.043572425842285
s2,494,median_mad,88146,78231,70712,58454,0.8266489421880303,8669,7187,0.8290460260699043,8765,7255,0.8277239018824871,1.0695823431015015,10.66612434387207
s2,495,median_mad,88249,78176,70660,58327,0.8254599490517973,8857,7327,0.8272552783109405,8732,7209,0.8255840586349061,1.0694925785064697,10.78539752960205
s2,496,median_mad,87721,77756,70424,58178,0.8261104169033284,8554,7081,0.8277998597147533,8743,7238,0.8278622898318655,1.0684850215911865,11.056647300720215
s2,497,median_mad,87554,77564,70247,58032,0.8261135706862927,8544,7008,0.8202247191011236,8763,7247,0.8269998858838298,1.0690081119537354,11.19261646270752
s2,498,median_mad,87782,77890,70513,58247,0.8260462609731539,8613,7113,0.8258446534308603,8656,7176,0.8290203327171903,1.0779184103012085,11.174724578857422
s2,499,median_mad,87774,77969,70229,58229,0.8291304162098279,8807,7229,0.8208243442716021,8738,7282,0.8333714808880751,1.0681673288345337,11.18699836730957
s2,500,median_mad,87818,77963,70259,58104,0.8269972530209653,8813,7307,0.8291160785203676,8746,7255,0.8295220672307341,1.0696734189987183,11.162113189697266
s2,501,median_mad,88107,78154,70490,58297,0.827025109944673,8815,7315,0.8298355076574021,8802,7245,0.8231083844580777,1.0692994594573975,11.360057830810547
s2,502,median_mad,87136,77345,69577,57744,0.8299294307026748,8712,7186,0.8248393021120294,8847,7308,0.8260427263479145,1.074214220046997,10.891233444213867
s2,503,median_mad,88036,78138,70335,58242,0.8280656856472596,8802,7258,0.8245853215178368,8899,7351,0.8260478705472525,1.073671579360962,11.084932327270508
s2,504,median_mad,87857,77884,70391,58189,0.8266539756502962,8799,7265,0.8256620070462553,8667,7168,0.827045113649475,1.0731325149536133,10.798868179321289
s2,505,median_mad,87803,77929,70118,58114,0.828802875153313,8868,7332,0.8267929634641408,8817,7247,0.8219348984915504,1.068244457244873,10.738691329956055
s2,506,median_mad,87788,78014,70059,58077,0.8289727229906222,8888,7350,0.826957695769577,8841,7340,0.8302228254722317,1.0786020755767822,10.90760326385498
s2,507,median_mad,88137,78439,70466,58617,0.8318479834246303,8787,7295,0.830203710026175,8884,7340,0.8262044124268347,1.0735951662063599,10.814401626586914
s2,508,median_mad,87892,77875,70053,57930,0.8269453128345681,8927,7352,0.8235689481348717,8912,7327,0.8221499102333932,1.073651671409607,11.060153007507324
s2,509,median_mad,87556,77759,70001,58020,0.8288453022099684,8786,7296,0.8304120191213293,8769,7250,0.8267761432318395,1.071830153465271,11.006767272949219
s2,510,median_mad,88244,78172,70433,58208,0.8264307923842517,9006,7395,0.8211192538307794,8805,7271,0.8257808063600227,1.0767961740493774,11.295125007629395
s2,511,median_mad,87426,77493,69961,57752,0.8254884864424465,8628,7134,0.8268428372739917,8837,7275,0.823243182075365,1.0669001340866089,11.166751861572266
s2,512,median_mad,88065,78183,70331,58309,0.8290654192319177,8705,7251,0.8329695577254451,9029,7465,0.8267803743493188,1.069273829460144,11.011984825134277
s2,513,median_mad,87688,77814,70102,58013,0.8275512824170494,8873,7344,0.8276794770652541,8713,7200,0.8263514288993458,1.070495843887329,11.457136154174805
s2,514,median_mad,87795,77909,70096,58046,0.8280929011641178,8897,7389,0.8305046644936496,8802,7273,0.8262894796637128,1.066906213760376,11.112431526184082
s2,515,median_mad,88092,78148,70498,58298,0.8269454452608584,8654,7130,0.8238964640628611,8940,7351,0.8222595078299776,1.0761696100234985,10.840958595275879
s2,516,median_mad,87680,77981,70201,58348,0.831156251335451,8711,7256,0.832969808288371,8768,7352,0.8385036496350365,1.0700030326843262,10.693675994873047
s2,517,median_mad,88005,78021,70412,58194,0.8264784411747997,8789,7337,0.8347934918648311,8804,7239,0.8222398909586551,1.0737396478652954,11.012123107910156
s2,518,median_mad,87637,77731,70236,58182,0.8283786092602085,8767,7175,0.8184099463898711,8634,7177,0.8312485522353487,1.065459132194519,11.175947189331055
s2,519,median_mad,87796,77965,70502,58490,0.8296218546991575,8623,7198,0.8347442885306737,8671,7197,0.8300080728866336,1.0682740211486816,10.928997993469238
s2,520,median_mad,87804,77798,70247,58035,0.8261562771363902,8824,7252,0.8218495013599275,8733,7207,0.8252605061261881,1.0764555931091309,11.131766319274902
s2,521,median_mad,87980,78025,70286,58123,0.8269498904475998,8855,7362,0.8313946922642574,8839,7294,0.8252064713202851,1.0745805501937866,11.161462783813477
s2,522,median_mad,87729,77907,70119,58055,0.827949628488712,8862,7356,0.8300609343263372,8748,7270,0.8310470964791953,1.0696654319763184,10.877281188964844
s2,523,median_mad,87520,77677,69798,57786,0.8279033783202957,8731,7216,0.8264803573473829,8991,7421,0.8253809364920476,1.0658751726150513,11.174662590026855
s2,524,median_mad,87982,77959,70215,58086,0.8272591326639607,8839,7336,0.8299581400610929,8928,7420,0.8310931899641577,1.0706830024719238,10.996500968933105
s2,525,median_mad,87312,77679,69852,57964,0.8298116016721068,8703,7271,0.835459037113639,8757,7324,0.8363594838414983,1.066163182258606,11.021479606628418
s2,526,median_mad,87668,77852,70220,58133,0.8278695528339505,8711,7242,0.8313626449316955,8737,7193,0.8232803021632139,1.0677709579467773,11.155186653137207
s2,527,median_mad,88089,78066,70415,58162,0.8259887807995455,8864,7348,0.828971119133574,8810,7277,0.8259931895573213,1.0767004489898682,11.113032341003418
s2,528,median_mad,87425,77559,69773,57802,0.8284293351296347,8765,7253,0.8274957216200799,8887,7391,0.8316642286485878,1.0703686475753784,11.341513633728027
s2,529,median_mad,87921,77866,70278,58113,0.8269017331170494,8886,7310,0.8226423587665992,8757,7298,0.8333904305127326,1.0678927898406982,11.117082595825195
s2,530,median_mad,87667,78046,70169,58317,0.8310935028288845,8878,7381,0.8313809416535256,8620,7185,0.8335266821345708,1.0673613548278809,10.87155532836914
s2,531,median_mad,87637,77801,69995,57865,0.8267019072790913,8856,7288,0.8229448961156278,8786,7289,0.8296152970635101,1.0672281980514526,11.206286430358887
s2,532,median_mad,87946,78063,70335,58297,0.8288476576384446,8857,7321,0.8265778480298069,8754,7235,0.8264793237377199,1.073229432106018,11.246692657470703
s2,533,median_mad,87851,78074,70360,58401,0.830031267765776,8737,7256,0.8304910152226165,8754,7178,0.8199680146218872,1.0737202167510986,11.035215377807617
s2,534,median_mad,87799,77797,70326,58069,0.8257116855785911,8716,7207,0.8268701239100504,8757,7263,0.829393627954779,1.0658998489379883,10.894479751586914
s2,535,median_mad,87593,77709,70093,57956,0.8268443353829912,8660,7256,0.8378752886836027,8840,7347,0.8311085972850679,1.0683250427246094,11.066553115844727
s2,536,median_mad,88066,78168,70434,58330,0.8281511769883863,8810,7312,0.8299659477866062,8822,7301,0.8275901156200408,1.0661509037017822,11.084704399108887
s2,537,median_mad,87889,78185,70476,58578,0.8311765707474885,8765,7274,0.8298916143753565,8648,7145,0.8262025901942646,1.067494511604309,11.018876075744629
s2,538,median_mad,88363,78393,70681,58517,0.8279028310295553,8830,7251,0.8211778029445074,8852,7366,0.8321283325802079,1.080074429512024,11.072589874267578
s2,539,median_mad,87993,78193,70279,58185,0.8279144552426756,8828,7401,0.8383552333484368,8886,7392,0.8318703578663066,1.0674166679382324,10.989057540893555
s2,540,median_mad,87908,78002,70405,58205,0.8267168524962716,8794,7358,0.8367068455765294,8709,7157,0.8217935469055001,1.0657775402069092,11.105358123779297
s2,541,median_mad,87834,78152,70271,58432,0.8315236726387841,8816,7245,0.8218012704174229,8747,7229,0.8264547844975421,1.0709197521209717,11.031107902526855
s2,542,median_mad,88394,78543,70638,58626,0.8299498853308418,8874,7335,0.8265720081135902,8882,7389,0.8319072281017789,1.0631078481674194,10.744335174560547
s2,543,median_mad,87384,77632,69895,57999,0.8298018456255812,8782,7237,0.8240719653837395,8707,7204,0.8273802687492822,1.0708270072937012,10.923421859741211
s2,544,median_mad,87761,77927,70481,58414,0.8287907379293711,8589,7084,0.8247758761206194,8691,7173,0.8253365550569555,1.0732213258743286,11.345745086669922
s2,545,median_mad,87776,77788,70181,57977,0.8261067810376028,8849,7256,0.8199796587184993,8746,7264,0.8305511090784359,1.0700186491012573,11.28438663482666
s2,546,median_mad,87916,78096,70482,58449,0.8292755597173747,8699,7238,0.832049660880561,8735,7249,0.8298797939324556,1.0691378116607666,10.773120880126953
s2,547,median_mad,87827,77950,70345,58221,0.8276494420356812,8676,7130,0.8218072844628861,8806,7311,0.8302293890529184,1.071347713470459,11.200252532958984
s2,548,median_mad,87807,77865,70374,58218,0.8272657515559724,8740,7243,0.8287185354691076,8693,7191,0.8272173012768894,1.0732139348983765,11.121053695678711
s2,549,median_mad,88209,78215,70710,58513,0.8275067175788432,8727,7212,0.826400825025782,8772,7307,0.8329913360693114,1.0721306800842285,11.291248321533203
s2,550,median_mad,88048,78121,70595,58423,0.8275798569303775,8807,7292,0.8279777449755876,8646,7193,0.8319454082812862,1.0674495697021484,10.873035430908203
s2,551,median_mad,86965,77211,69662,57826,0.830093881886825,8718,7255,0.8321862812571691,8585,7095,0.8264414676761794,1.070427656173706,10.914624214172363
s2,552,median_mad,88034,78130,70346,58386,0.8299832257697666,8797,7300,0.8298283505740593,8891,7359,0.8276909234056912,1.0664678812026978,10.477215766906738
s2,553,median_mad,88266,78210,70813,58576,0.82719274709446,8753,7191,0.8215468982063293,8700,7165,0.8235632183908046,1.0724760293960571,11.04082202911377
s2,554,median_mad,87587,77840,69850,57991,0.8302219040801718,8889,7334,0.8250646866914163,8848,7344,0.8300180831826401,1.0740011930465698,11.088196754455566
s2,555,median_mad,87762,78178,70013,58253,0.8320311942067902,8900,7388,0.8301123595505618,8849,7311,0.8261950502881682,1.0696125030517578,11.284324645996094
s2,556,median_mad,87940,78200,70381,58358,0.8291726460266265,8696,7171,0.8246320147194113,8863,7376,0.8322238519688593,1.0688087940216064,11.047457695007324
s2,557,median_mad,88433,78567,70667,58440,0.8269772312394753,8878,7373,0.8304798378013066,8888,7407,0.8333708370837084,1.0680136680603027,11.25784683227539
s2,558,median_mad,87826,77790,70317,58009,0.8249640911870529,8538,7078,0.8289997657531037,8971,7412,0.826217812952848,1.0716323852539062,11.01423454284668
s2,559,median_mad,87669,77835,70278,58248,0.8288226756595236,8706,7216,0.8288536641396738,8685,7170,0.8255613126079447,1.07283616065979,11.161378860473633
s2,560,median_mad,87715,77760,70312,58042,0.8254920923882125,8772,7220,0.8230734154126766,8631,7154,0.8288726682887266,1.0669314861297607,10.8645601272583
s2,561,median_mad,87992,77961,70242,58054,0.8264855784288603,8879,7341,0.8267822953035252,8871,7303,0.8232442791117123,1.075814962387085,10.935892105102539
s2,562,median_mad,87929,77937,70236,58114,0.8274104447861496,8798,7279,0.8273471243464424,8895,7385,0.8302417088251827,1.0709375143051147,10.95132064819336
s2,563,median_mad,88314,78298,70515,58309,0.8269020775721477,8878,7311,0.8234962829466096,8921,7346,0.8234502858423943,1.0703907012939453,11.016884803771973
s2,564,median_mad,88216,78311,70305,58219,0.8280918853566602,9060,7530,0.8311258278145696,8851,7282,0.8227318947011637,1.0670044422149658,11.241377830505371
s2,565,median_mad,88092,78341,70430,58468,0.8301576032940509,8891,7322,0.8235294117647058,8771,7343,0.8371907422186752,1.068712592124939,10.943968772888184
s2,566,median_mad,88189,78381,70622,58540,0.8289201665203477,8804,7332,0.8328032712403453,8763,7240,0.8262010726920005,1.0699758529663086,10.888277053833008
s2,567,median_mad,87872,77923,70118,57931,0.826192988961465,8864,7374,0.831904332129964,8890,7382,0.8303712035995501,1.070870280265808,11.032722473144531
s2,568,median_mad,87752,77787,70209,57979,0.825805808372146,8807,7248,0.8229817190870898,8736,7271,0.8323031135531136,1.0710748434066772,11.13105583190918
s2,569,median_mad,87465,77655,69952,57980,0.8288540713632205,8739,7264,0.8312163863142236,8774,7200,0.8206063369044906,1.0673526525497437,10.995270729064941
s2,570,median_mad,88042,78206,70501,58496,0.8297187273939377,8705,7166,0.8232050545663412,8836,7247,0.8201674966047986,1.070072889328003,10.88999080657959
s2,571,median_mad,88247,78268,70592,58355,0.8266517452402539,8723,7199,0.8252894646337269,8932,7378,0.8260188087774295,1.0709452629089355,11.211474418640137
s2,572,median_mad,87925,78026,70064,58110,0.8293845626855446,8879,7293,0.821376281112738,8982,7405,0.8244266310398575,1.0724520683288574,11.11213493347168
s2,573,median_mad,87808,77919,70281,58243,0.828716153725758,8807,7286,0.8272964687180652,8720,7160,0.8211009174311926,1.065077781677246,11.031661987304688
s2,574,median_mad,88084,78209,70508,58342,0.8274522040052192,8802,7316,0.8311747330152238,8774,7321,0.8343970822885799,1.0662740468978882,11.309915542602539
s2,575,median_mad,87491,77681,69931,57971,0.8289742746421472,8776,7270,0.8283956244302644,8784,7231,0.8232012750455373,1.066787600517273,11.189132690429688
s2,576,median_mad,87810,78008,70374,58359,0.8292693324239065,8641,7235,0.8372873510010416,8795,7220,0.8209209778283115,1.0725679397583008,11.05034065246582
s2,577,median_mad,87959,77917,70246,58053,0.8264242803860719,8809,7265,0.824724713361335,8904,7379,0.8287286612758311,1.0726027488708496,11.146787643432617
s2,578,median_mad,87690,77765,70147,58128,0.8286598143897814,8808,7284,0.8269754768392371,8735,7202,0.8244991413852318,1.0692411661148071,11.18065357208252
s2,579,median_mad,87872,77991,69950,57913,0.8279199428162973,8991,7445,0.828050272494717,8931,7397,0.8282387190684134,1.0764729976654053,10.937857627868652
s2,580,median_mad,87851,77994,70239,58181,0.8283289910163869,8843,7363,0.8326359832635983,8769,7252,0.8270042194092827,1.0718111991882324,10.651911735534668
s2,581,median_mad,88093,78122,70686,58559,0.8284384460855049,8739,7163,0.8196589998855704,8668,7165,0.8266035994462391,1.0736918449401855,10.840235710144043
s2,582,median_mad,87750,77902,70208,58251,0.82969177301732,8813,7322,0.8308181096108023,8729,7174,0.8218581739030817,1.070243000984192,11.00046157836914
s2,583,median_mad,88679,78663,71083,58794,0.8271175949242435,8821,7360,0.8343725201224351,8775,7240,0.8250712250712251,1.0701227188110352,10.922815322875977
s2,584,median_mad,87656,77753,69981,57827,0.8263242880210343,8914,7367,0.826452770922145,8761,7249,0.8274169615340714,1.0698494911193848,11.239282608032227
s2,585,median_mad,87488,77742,69919,57891,0.8279723680258585,8811,7297,0.8281693337873113,8758,7227,0.8251883991778945,1.0714325904846191,11.396714210510254
s2,586,median_mad,87655,77823,70352,58281,0.82841994541733,8739,7268,0.8316741045886257,8564,7032,0.8211116300794021,1.0732465982437134,11.157256126403809
s2,587,median_mad,87766,77662,70455,58266,0.8269959548648074,8729,7254,0.8310230266926337,8582,7002,0.8158937310650198,1.0698916912078857,10.869342803955078
s2,588,median_mad,87677,77970,70174,58266,0.8303075213041867,8757,7262,0.8292794335959803,8746,7273,0.8315801509261377,1.068284273147583,10.889373779296875
s2,589,median_mad,87541,77618,69892,57786,0.8267899044239684,8806,7361,0.8359073359073359,8843,7304,0.8259640393531607,1.073180913925171,11.14012336730957
s2,590,median_mad,87965,77991,70564,58401,0.8276316535343802,8466,7064,0.834396409166076,8935,7351,0.8227196418578624,1.0778928995132446,11.414079666137695
s2,591,median_mad,88039,78282,70334,58371,0.8299115648192908,8987,7448,0.828752642706131,8718,7252,0.8318421656343198,1.0711212158203125,11.113410949707031
s2,592,median_mad,88177,78133,70523,58250,0.8259716688172652,8885,7388,0.8315137872819358,8769,7285,0.8307674763370966,1.0770885944366455,10.918787956237793
s2,593,median_mad,87950,78059,70286,58246,0.8286998833338076,8838,7253,0.8206607829825753,8826,7426,0.8413777475640154,1.0665476322174072,10.926168441772461
s2,594,median_mad,88002,78107,70494,58272,0.8266235424291429,8741,7254,0.8298821645120695,8767,7295,0.8320976388730467,1.0676860809326172,11.162835121154785
s2,595,median_mad,87748,77885,70325,58199,0.8275719872022752,8610,7131,0.8282229965156794,8813,7302,0.8285487348235561,1.076053500175476,11.179725646972656
s2,596,median_mad,88127,78062,70486,58290,0.826972732173765,8884,7400,0.8329581269698334,8757,7254,0.828365878725591,1.066835880279541,10.918855667114258
s2,597,median_mad,88051,78235,70599,58563,0.8295159988101815,8764,7239,0.8259926973984482,8688,7149,0.8228591160220995,1.073412299156189,11.208112716674805
s2,598,median_mad,87506,77682,69927,57980,0.8291503997025469,8805,7250,0.8233957978421351,8774,7242,0.8253932072031,1.0737574100494385,11.038643836975098
s2,599,median_mad,87749,77923,70075,58021,0.8279843025330004,8745,7261,0.8303030303030303,8929,7405,0.8293201926307537,1.0728251934051514,11.044998168945312
s2,600,median_mad,88014,78070,70413,58205,0.8266229247440103,8860,7328,0.8270880361173815,8741,7198,0.8234755748770164,1.0721542835235596,11.044189453125
s2,601,median_mad,87934,77954,70411,58237,0.8271008791240005,8840,7330,0.829185520361991,8683,7174,0.8262121386617528,1.0759060382843018,11.052249908447266
s2,602,median_mad,87695,77947,70091,58170,0.8299211025666633,8732,7243,0.8294777828676134,8872,7324,0.8255184851217313,1.0699177980422974,11.226407051086426
s2,603,median_mad,87719,77817,70255,58043,0.8261760728773753,8644,7180,0.8306339657565942,8820,7239,0.8207482993197279,1.071942687034607,11.399161338806152
s2,604,median_mad,87697,77721,70182,58055,0.8272064062010202,8720,7186,0.8240825688073394,8795,7260,0.8254690164866402,1.0778175592422485,10.839263916015625
s2,605,median_mad,88122,78077,70853,58444,0.8248627439910802,8527,7049,0.8266682303271959,8742,7218,0.8256691832532601,1.0696312189102173,11.0123872756958
s2,606,median_mad,87475,77528,70210,58166,0.8284574846887908,8612,7133,0.8282628889921041,8653,7187,0.8305789899456836,1.0665473937988281,11.01711654663086
s2,607,median_mad,87855,77992,70339,58344,0.8294687157906709,8729,7256,0.8312521480123726,8787,7251,0.8251963127347217,1.0691823959350586,10.818940162658691
s2,608,median_mad,87336,77480,69798,57768,0.8276454912748217,8774,7233,0.8243674492819695,8764,7210,0.8226837060702875,1.0705375671386719,11.120576858520508
s2,609,median_mad,87749,77882,70255,58225,0.8287666358266316,8738,7171,0.8206683451590753,8756,7211,0.8235495660118776,1.0683963298797607,11.196535110473633
s2,610,median_mad,87974,77988,70375,58163,0.8264724689165186,8643,7217,0.8350109915538586,8956,7337,0.8192273336310854,1.0715093612670898,11.410883903503418
s2,611,median_mad,87482,77665,70065,58130,0.8296581745522015,8783,7248,0.8252305590344985,8634,7115,0.8240676395645123,1.0724211931228638,10.818331718444824
s2,612,median_mad,87616,77620,70155,58016,0.8269688546789252,8679,7170,0.8261320428620809,8782,7219,0.8220223183785015,1.0685231685638428,10.59620475769043
s2,613,median_mad,87912,77994,70403,58240,0.8272374756757525,8626,7108,0.8240204034314862,8883,7419,0.8351908139142181,1.0689797401428223,10.878423690795898
s2,614,median_mad,88029,78187,70352,58405,0.8301825108028201,8892,7301,0.8210751237067027,8785,7234,0.8234490608992601,1.0696191787719727,11.015543937683105
s2,615,median_mad,87597,77741,69870,57858,0.8280807213396307,8783,7296,0.830695662074462,8944,7391,0.8263640429338104,1.0672129392623901,10.948302268981934
s2,616,median_mad,88101,78131,70382,58264,0.827825296240516,8814,7297,0.8278874517812571,8905,7376,0.8282987085906794,1.0722324848175049,10.999532699584961
s2,617,median_mad,87893,78041,70131,58153,0.8292053442842681,8881,7319,0.8241189055286566,8881,7358,0.8285103028938182,1.0684072971343994,10.816451072692871
s2,618,median_mad,87951,77985,70285,58174,0.8276872732446467,8771,7250,0.8265876182875385,8895,7354,0.8267566048341765,1.0682671070098877,10.84509563446045
s2,619,median_mad,88034,78308,70604,58618,0.8302362472381168,8632,7178,0.8315569972196478,8798,7347,0.835076153671289,1.0710878372192383,10.941983222961426
s2,620,median_mad,87418,77516,69981,57939,0.8279247224246581,8720,7194,0.825,8717,7179,0.823563152460709,1.0698795318603516,10.953423500061035
s2,621,median_mad,87702,77771,70402,58226,0.8270503678872759,8716,7250,0.8318035796236806,8584,7109,0.8281686859273066,1.0710097551345825,11.125402450561523
s2,622,median_mad,88138,78182,70575,58379,0.8271909316330145,8761,7246,0.8270745348704486,8802,7285,0.8276528061804136,1.0681742429733276,11.10282039642334
s2,623,median_mad,87894,77878,70281,58059,0.8260980919451915,8867,7377,0.8319612044659975,8746,7275,0.8318088268922936,1.0752968788146973,10.973419189453125
s2,624,median_mad,87784,77828,70176,58087,0.8277331281349749,8869,7354,0.8291802909008907,8739,7152,0.8184002746309647,1.0729899406433105,10.809564590454102
s2,625,median_mad,87544,77731,69920,57907,0.8281893592677345,8736,7301,0.8357371794871795,8888,7370,0.8292079207920792,1.0700241327285767,11.211209297180176
s2,626,median_mad,88036,78182,70412,58374,0.829034823609612,8860,7315,0.8256207674943566,8764,7246,0.8267914194431766,1.0685359239578247,11.33192253112793
s2,627,median_mad,88244,78234,70570,58423,0.8278730338670823,8958,7392,0.825184192900201,8716,7188,0.8246902248737953,1.071293830871582,10.811537742614746
s2,628,median_mad,88303,78314,70708,58402,0.8259602873790801,8733,7232,0.8281232108095729,8862,7351,0.829496727600993,1.0778173208236694,11.355412483215332
s2,629,median_mad,87744,77891,70342,58215,0.8275994427226977,8880,7351,0.8278153153153153,8522,7080,0.8307908941563014,1.0660837888717651,11.207527160644531
s2,630,median_mad,87826,77918,70248,58169,0.8280520441863114,8852,7319,0.8268187980117487,8726,7203,0.8254641301856521,1.0694608688354492,10.816343307495117
s2,631,median_mad,87861,77985,70369,58369,0.829470363370234,8773,7228,0.8238914852388008,8719,7189,0.8245211606835646,1.0637277364730835,10.972224235534668
s2,632,median_mad,88123,78249,70604,58563,0.8294572545464847,8804,7222,0.8203089504770559,8715,7250,0.831899024670109,1.0673459768295288,10.870434761047363
s2,633,median_mad,88114,78237,70338,58337,0.8293809889391225,8857,7383,0.8335779609348538,8919,7397,0.8293530664872744,1.0696552991867065,11.065349578857422
s2,634,median_mad,87976,78125,70541,58519,0.8295742901291447,8738,7230,0.8274204623483634,8697,7156,0.8228124640680694,1.0739779472351074,10.997398376464844
s2,635,median_mad,87893,78095,70361,58250,0.8278733957732266,8837,7315,0.8277696050695937,8695,7275,0.8366877515813687,1.0621105432510376,10.99997615814209
s2,636,median_mad,87548,77526,69948,57752,0.8256419054154515,8690,7164,0.8243958573072497,8910,7399,0.8304152637485971,1.0701353549957275,11.046655654907227
s2,637,median_mad,88079,77990,70401,58145,0.8259115637561967,8794,7244,0.8237434614509893,8884,7397,0.8326204412426835,1.069281816482544,10.942041397094727
s2,638,median_mad,87658,77626,70159,57972,0.826294559500563,8739,7218,0.8259526261585994,8760,7175,0.8190639269406392,1.065210223197937,11.151426315307617
s2,639,median_mad,88217,78409,70359,58347,0.8292755724214386,8800,7285,0.8278409090909091,9058,7498,0.8277765511150365,1.0713717937469482,11.310757637023926
s2,640,median_mad,87724,77903,69859,57745,0.826593567042185,8902,7396,0.8308245338126263,8963,7457,0.8319759009260292,1.071936845779419,11.096060752868652
s2,641,median_mad,87650,77879,70315,58193,0.8276043518452677,8833,7330,0.8298426355711537,8502,7071,0.8316866619618913,1.070602297782898,11.195703506469727
s2,642,median_mad,87912,77878,70267,58038,0.8259638237010261,8873,7320,0.8249746421728841,8772,7229,0.8240994072047424,1.0686997175216675,10.813189506530762
s2,643,median_mad,87557,77711,69975,57830,0.8264380135762772,8756,7310,0.8348560986751942,8826,7300,0.8271017448447768,1.0713754892349243,10.950303077697754
s2,644,median_mad,87871,77760,70321,58126,0.8265809644345217,8902,7401,0.831386205347113,8648,7132,0.8246993524514339,1.0605190992355347,11.119877815246582
s2,645,median_mad,87872,77999,70204,58158,0.8284143353655062,8837,7294,0.8253932329976237,8831,7326,0.8295776242781112,1.0695691108703613,10.879202842712402
s2,646,median_mad,87872,77870,70493,58335,0.8275289745081071,8701,7188,0.8261119411561889,8678,7174,0.8266881769993086,1.06661856174469,11.060709953308105
s2,647,median_mad,88088,78142,70650,58504,0.8280820948336872,8792,7254,0.8250682438580528,8646,7139,0.8256997455470738,1.0757427215576172,11.324640274047852
s2,648,median_mad,87744,77804,70066,57930,0.8267918819398853,9029,7417,0.8214641710045409,8649,7187,0.8309631171233669,1.0669910907745361,11.058405876159668
s2,649,median_mad,88094,78195,70426,58355,0.8286002328685429,8775,7237,0.8247293447293448,8893,7337,0.825030923198021,1.0630671977996826,11.377824783325195
s2,650,median_mad,87707,77846,70079,58101,0.8290786112815537,8747,7236,0.8272550588773294,8881,7337,0.8261457043125774,1.0711545944213867,11.08078670501709
s2,651,median_mad,88081,78299,70470,58353,0.8280544912728821,8844,7340,0.8299412030755314,8767,7251,0.8270788182958823,1.0727156400680542,11.45748233795166
s2,652,median_mad,87968,77976,70534,58284,0.8263248929594238,8746,7199,0.8231191401783673,8688,7232,0.8324125230202578,1.0709583759307861,11.165700912475586
s2,653,median_mad,87602,77727,69991,58018,0.8289351488048463,8865,7279,0.8210941906373378,8746,7222,0.8257489137891607,1.074399471282959,11.282808303833008
s2,654,median_mad,87793,77864,70036,57903,0.826760523159518,8941,7394,0.8269768482272677,8816,7254,0.8228221415607986,1.084949254989624,11.511566162109375
s2,655,median_mad,87714,77933,70196,58242,0.8297053963188785,8857,7348,0.829626284294908,8661,7156,0.8262325366585844,1.0705208778381348,11.026749610900879
s2,656,median_mad,88054,78261,70519,58409,0.8282732313277272,8756,7274,0.83074463225217,8779,7259,0.8268595512017314,1.0668810606002808,11.437761306762695
s2,657,median_mad,87780,77932,70182,58147,0.8285172836339803,8861,7344,0.828800361133055,8737,7252,0.8300331921712258,1.0675132274627686,11.151805877685547
s2,658,median_mad,87777,77926,70333,58273,0.8285299930331423,8729,7152,0.8193378393859548,8715,7239,0.8306368330464716,1.0701738595962524,11.369827270507812
s2,659,median_mad,87702,77778,70184,58023,0.826726889319503,8782,7232,0.8235026189933956,8736,7239,0.8286401098901099,1.0703624486923218,11.105066299438477
s2,660,median_mad,87691,77742,70134,58113,0.8285995380272051,8653,7138,0.8249162140298163,8904,7330,0.823225516621743,1.0689488649368286,10.974038124084473
s2,661,median_mad,88719,78866,71055,58949,0.8296249384279784,8670,7147,0.8243367935409458,8994,7493,0.8331109628641317,1.0769574642181396,11.275137901306152
s2,662,median_mad,87925,77782,70286,58000,0.825199897561392,8736,7218,0.8262362637362637,8903,7296,0.8194990452656408,1.070450782775879,11.057205200195312
s2,663,median_mad,87835,77906,70184,58017,0.8266413997492306,8814,7300,0.8282278193782618,8837,7363,0.8332013126626683,1.0717365741729736,10.859779357910156
s2,664,median_mad,87736,77871,70230,58066,0.8267976648156059,8684,7153,0.8236987563334869,8822,7381,0.8366583541147132,1.0719388723373413,10.909911155700684
s2,665,median_mad,87664,77620,70214,58027,0.8264306263708092,8795,7207,0.8194428652643547,8655,7122,0.8228769497400347,1.0750116109848022,11.113025665283203
s2,666,median_mad,87800,77763,70248,57968,0.8251907527616444,8772,7255,0.8270633834929321,8780,7234,0.8239179954441913,1.0714656114578247,11.588613510131836
s2,667,median_mad,88454,78416,70509,58246,0.8260789402771277,8934,7350,0.8226997985224983,9011,7493,0.8315392298302076,1.0732132196426392,10.91125202178955
s2,668,median_mad,88007,78167,70380,58404,0.8298380221653879,8788,7274,0.8277196176604461,8839,7318,0.8279217106007467,1.068928837776184,10.67619800567627
s2,669,median_mad,88023,78190,70608,58532,0.8289712213913437,8741,7247,0.8290813408076879,8674,7213,0.8315655983398663,1.0674538612365723,11.04349136352539
s2,670,median_mad,87224,77391,69786,57799,0.8282320236150518,8742,7230,0.8270418668496912,8696,7151,0.8223321067157314,1.0681805610656738,10.979691505432129
s2,671,median_mad,87847,78007,70266,58185,0.8280676287251302,8720,7240,0.8302752293577982,8861,7295,0.8232705112289809,1.069283366203308,10.953384399414062
s2,672,median_mad,87705,77883,70119,58073,0.8282063349448794,8825,7299,0.8270821529745043,8761,7298,0.8330099303732451,1.0697598457336426,11.071173667907715
s2,673,median_mad,87987,78024,70349,58268,0.8282704800352528,8692,7177,0.8257017947537966,8946,7348,0.8213726805276101,1.0669759511947632,10.992136001586914
s2,674,median_mad,87660,77851,70153,58189,0.8294584693455732,8727,7201,0.8251403689698636,8780,7311,0.8326879271070615,1.0609147548675537,11.001999855041504
s2,675,median_mad,88366,78239,70839,58476,0.8254774912124677,8694,7167,0.8243616287094548,8833,7268,0.8228235027736895,1.0744651556015015,10.962431907653809
s2,676,median_mad,87777,78045,70200,58300,0.8304843304843305,8908,7396,0.8302649303996408,8669,7166,0.8266236013381013,1.0684396028518677,11.224213600158691
s2,677,median_mad,88040,78147,70647,58532,0.8285135957648591,8710,7189,0.8253731343283582,8683,7209,0.8302430035701946,1.0730769634246826,10.947132110595703
s2,678,median_mad,87800,77844,70282,58176,0.8277510600153667,8701,7183,0.8255372945638433,8817,7301,0.8280594306453443,1.0747361183166504,10.812554359436035
s2,679,median_mad,87911,77909,70361,58240,0.8277312715851111,8742,7201,0.8237245481583162,8808,7252,0.8233424159854678,1.0747591257095337,11.075459480285645
s2,680,median_mad,87852,78139,70314,58353,0.8298916289785818,8735,7230,0.8277046365197481,8803,7312,0.830625922980802,1.0733182430267334,11.137821197509766
s2,681,median_mad,87813,77856,70211,58121,0.8278047599379015,8866,7325,0.8261899390931648,8736,7241,0.8288690476190477,1.0697298049926758,10.843199729919434
s2,682,median_mad,88018,77981,70383,58275,0.8279698222582158,8737,7239,0.8285452672542063,8898,7381,0.8295122499438076,1.0648777484893799,10.890822410583496
s2,683,median_mad,87545,77840,69958,58122,0.8308127733783127,8789,7248,0.8246671976334053,8798,7338,0.8340531939077063,1.0673705339431763,10.855960845947266
s2,684,median_mad,88378,78449,70508,58389,0.8281187950303511,8965,7379,0.8230897936419409,8905,7373,0.8279618192026951,1.0696120262145996,10.968199729919434
s2,685,median_mad,88167,78332,70525,58564,0.8304005671747607,8782,7250,0.8255522659986335,8860,7306,0.8246049661399548,1.0714120864868164,10.881495475769043
s2,686,median_mad,88035,78048,70222,57838,0.8236450115348466,8920,7451,0.8353139013452915,8893,7357,0.8272798830540875,1.0655866861343384,11.011321067810059
s2,687,median_mad,87554,77606,70022,57927,0.8272685727342836,8665,7188,0.8295441431044431,8867,7337,0.8274500958610579,1.0690785646438599,10.853597640991211
s2,688,median_mad,87784,77990,70137,58138,0.8289205412264568,8805,7264,0.8249858035207268,8842,7341,0.8302420266907939,1.0702619552612305,11.046866416931152
s2,689,median_mad,87979,78335,70397,58502,0.8310297313805987,8789,7315,0.8322903629536921,8793,7271,0.8269077675423633,1.0744208097457886,10.864009857177734
s2,690,median_mad,87750,77777,70290,58134,0.8270593256508749,8872,7331,0.826307484220018,8588,7074,0.8237074988355846,1.0708987712860107,11.349244117736816
s2,691,median_mad,87696,77737,70197,57997,0.8262033990056555,8728,7216,0.8267644362969753,8771,7215,0.822597195302702,1.0676815509796143,11.299185752868652
s2,692,median_mad,88625,78655,70751,58597,0.8282144421986969,8849,7384,0.8344445700079105,9025,7478,0.8285872576177286,1.067807674407959,10.719820022583008
s2,693,median_mad,88375,78402,70744,58585,0.8281267669342983,8852,7326,0.8276095797559874,8779,7260,0.8269734593917303,1.0733343362808228,11.075770378112793
s2,694,median_mad,87783,77709,70161,58058,0.8274967574578469,8811,7234,0.8210191805697423,8811,7275,0.825672454885938,1.0730855464935303,11.025237083435059
s2,695,median_mad,88333,78375,70669,58581,0.8289490441353351,8876,7350,0.8280757097791798,8788,7231,0.8228265817023214,1.0704184770584106,10.956000328063965
s2,696,median_mad,87640,77671,69866,57789,0.8271405261500587,8953,7417,0.8284373952864962,8821,7249,0.8217889128216755,1.0736360549926758,11.027168273925781
s2,697,median_mad,88263,78163,70614,58254,0.824963888180814,8822,7344,0.8324642938109272,8827,7282,0.8249688455874022,1.0721336603164673,11.177169799804688
s2,698,median_mad,87870,77946,70310,58221,0.828061442184611,8815,7310,0.8292682926829268,8745,7214,0.8249285305889079,1.0704212188720703,11.073324203491211
s2,699,median_mad,87761,77854,70220,58046,0.8266305895756195,8762,7278,0.8306322757361333,8779,7280,0.8292516231917075,1.0720573663711548,11.093836784362793
s2,700,median_mad,87685,77960,70229,58152,0.8280340030471742,8700,7189,0.8263218390804598,8756,7314,0.8353129282777524,1.0653741359710693,11.465624809265137
s2,701,median_mad,88626,78734,70742,58635,0.8288569732266546,8897,7375,0.8289311003709116,8987,7468,0.8309780794480917,1.0728317499160767,10.829273223876953
s2,702,median_mad,87911,78109,70416,58394,0.8292717564189956,8700,7175,0.8247126436781609,8795,7299,0.8299033541785105,1.062923789024353,10.880046844482422
s2,703,median_mad,87872,78147,70384,58325,0.8286684473744033,8759,7258,0.8286334056399133,8729,7179,0.8224309772024286,1.0733559131622314,11.237455368041992
s2,704,median_mad,87923,77981,70142,58114,0.8285192894414188,8937,7455,0.8341725411211816,8844,7284,0.8236092265943012,1.0693080425262451,11.110664367675781
s2,705,median_mad,87833,78012,70339,58338,0.8293834146064061,8770,7244,0.8259977194982896,8724,7211,0.8265703805593765,1.0693140029907227,10.65025806427002
s2,706,median_mad,87700,77767,70174,58089,0.8277852195970017,8827,7317,0.8289339526452929,8699,7166,0.8237728474537304,1.0738366842269897,11.071828842163086
s2,707,median_mad,88302,78360,70619,58360,0.8264064911709313,8823,7313,0.8288563980505497,8860,7410,0.8363431151241535,1.0674340724945068,10.97024917602539
s2,708,median_mad,88454,78361,70849,58600,0.8271111801154568,8752,7199,0.8225548446069469,8853,7320,0.8268383598780075,1.0711243152618408,11.029186248779297
s2,709,median_mad,87634,77840,70160,58182,0.8292759407069555,8695,7236,0.8322024151811386,8779,7283,0.829593347761704,1.068374752998352,10.715011596679688
s2,710,median_mad,88393,78383,70735,58484,0.8268042694564218,8772,7244,0.8258093935248518,8886,7363,0.8286067972090929,1.0623348951339722,11.154386520385742
s2,711,median_mad,88061,78230,70509,58470,0.8292558396800408,8753,7259,0.8293156632011882,8799,7230,0.8216842823048074,1.076580286026001,11.143563270568848
s2,712,median_mad,87509,77762,69946,57952,0.8285248620364281,8832,7334,0.8303894927536232,8731,7258,0.8312908028862673,1.0725908279418945,11.10550594329834
s2,713,median_mad,88227,78344,70296,58254,0.8286958006145442,8975,7448,0.8298607242339833,8956,7463,0.8332961143367574,1.0773465633392334,10.560530662536621
s2,714,median_mad,87725,78024,70135,58229,0.8302416767662365,8780,7262,0.8271070615034168,8810,7295,0.8280363223609535,1.0723912715911865,10.809679985046387
s2,715,median_mad,88559,78615,70856,58617,0.8272693914417975,8688,7193,0.8279235727440147,9015,7438,0.8250693288962839,1.0668776035308838,11.068984031677246
s2,716,median_mad,87640,77874,70228,58126,0.827675570997323,8824,7374,0.835675430643699,8588,7089,0.8254541220307405,1.0721611976623535,11.128142356872559
s2,717,median_mad,88019,77901,70414,58096,0.8250631976595564,8812,7325,0.8312528370403994,8793,7202,0.8190606163994086,1.0735936164855957,11.007925987243652
s2,718,median_mad,88157,78137,70342,58197,0.827343550083876,8877,7278,0.8198715782358905,8938,7379,0.8255761915417319,1.067484736442566,11.416868209838867
s2,719,median_mad,87665,77603,70005,57732,0.8246839511463467,8869,7358,0.8296313000338257,8791,7267,0.8266408827209646,1.067833423614502,11.070496559143066
s2,0,robust_mahalanobis,87852,77907,70472,59292,0.8413554319446022,8823,7349,0.8329366428652386,8557,7176,0.8386116629659928,1.213106632232666,10.083261489868164
s2,1,robust_mahalanobis,87597,77803,69934,58855,0.8415792032487774,8842,7417,0.8388373671115132,8821,7425,0.8417412991724295,1.2112218141555786,10.12399673461914
s2,2,robust_mahalanobis,87639,77684,70131,58962,0.8407408991744022,8724,7319,0.8389500229252637,8784,7363,0.838228597449909,1.213808298110962,10.49437427520752
s2,3,robust_mahalanobis,88316,78349,70441,59210,0.8405616047472353,8937,7502,0.8394315765916974,8938,7531,0.8425822331617812,1.2091058492660522,10.215472221374512
s2,4,robust_mahalanobis,87705,77778,70166,59032,0.8413191574266738,8807,7449,0.8458044737140911,8732,7281,0.8338295923041685,1.210429072380066,10.113371849060059
s2,5,robust_mahalanobis,87936,77922,70372,59104,0.8398794975274256,8789,7394,0.8412788713164182,8775,7372,0.8401139601139601,1.2145050764083862,10.360980987548828
s2,6,robust_mahalanobis,87565,77592,70249,59076,0.8409514726188273,8649,7264,0.8398658804486068,8667,7268,0.8385831314180224,1.2273733615875244,9.866108894348145
s2,7,robust_mahalanobis,87663,77830,70067,59034,0.8425364294175575,8763,7350,0.8387538514207463,8833,7402,0.837993886561757,1.2185633182525635,9.697554588317871
s2,8,robust_mahalanobis,88075,78099,70311,59201,0.8419877401829017,8913,7477,0.8388870189610681,8851,7372,0.8329002372613264,1.212080478668213,10.124238967895508
s2,9,robust_mahalanobis,87965,77845,70397,59068,0.839069846726423,8789,7371,0.8386619638184094,8779,7388,0.8415537077115844,1.2124935388565063,10.092083930969238
s2,10,robust_mahalanobis,87825,77944,70312,59191,0.8418335419274092,8709,7323,0.8408542886668963,8804,7433,0.8442753293957292,1.205212116241455,10.268083572387695
s2,11,robust_mahalanobis,88069,78260,70363,59284,0.8425450876170715,8901,7557,0.8490057296932929,8805,7380,0.838160136286201,1.218278408050537,9.988018035888672
s2,12,robust_mahalanobis,87478,77507,69778,58666,0.8407520995156066,8839,7392,0.8362936983821699,8861,7448,0.8405371854192529,1.214330792427063,10.05712604522705
s2,13,robust_mahalanobis,88046,78041,70440,59221,0.8407296990346395,8842,7438,0.8412123953856594,8764,7347,0.8383158375171155,1.2238550186157227,9.695446014404297
s2,14,robust_mahalanobis,87967,78131,70300,59155,0.8414651493598863,8868,7443,0.8393098782138024,8799,7429,0.8443004886918968,1.2142125368118286,9.950658798217773
s2,15,robust_mahalanobis,88337,78322,70567,59308,0.8404495018918191,8898,7493,0.8420993481681277,8872,7456,0.8403967538322813,1.2108054161071777,10.27678394317627
s2,16,robust_mahalanobis,87700,77778,70273,59142,0.8416034607886386,8699,7244,0.8327393953327968,8728,7320,0.8386801099908341,1.2165465354919434,10.156706809997559
s2,17,robust_mahalanobis,88310,78283,70802,59532,0.8408237055450412,8792,7388,0.8403093721565059,8716,7309,0.838572739788894,1.224674940109253,9.779474258422852
s2,18,robust_mahalanobis,87654,77649,70010,58902,0.8413369518640195,8656,7235,0.8358364140480592,8988,7554,0.8404539385847797,1.2213503122329712,10.491737365722656
s2,19,robust_mahalanobis,88455,78434,70648,59387,0.8406041218435059,8965,7588,0.8464026770775237,8842,7329,0.8288848676769962,1.2175785303115845,10.113707542419434
s2,20,robust_mahalanobis,87884,78101,70389,59290,0.8423191123613064,8701,7286,0.8373750143661648,8794,7451,0.8472822378894701,1.2145380973815918,10.265504837036133
s2,21,robust_mahalanobis,88091,78209,70500,59282,0.8408794326241135,8676,7383,0.8509681881051175,8915,7483,0.8393718452047112,1.2094063758850098,10.252340316772461
s2,22,robust_mahalanobis,87785,77920,70272,59143,0.8416296675774135,8639,7242,0.8382914689200139,8874,7453,0.8398692810457516,1.2179152965545654,10.23456859588623
s2,23,robust_mahalanobis,87919,77907,70510,59221,0.8398950503474685,8667,7309,0.8433137187031268,8742,7337,0.8392816289178677,1.2137250900268555,10.03368854522705
s2,24,robust_mahalanobis,88089,78124,70387,59215,0.8412775086308552,8934,7503,0.8398253861652115,8768,7324,0.8353102189781022,1.214766263961792,9.95720386505127
s2,25,robust_mahalanobis,88418,78459,70742,59529,0.8414944446015097,8840,7478,0.8459276018099547,8836,7373,0.8344273426889995,1.2195082902908325,10.064658164978027
s2,26,robust_mahalanobis,87922,77992,70282,59169,0.841879855439515,8857,7425,0.8383199729027887,8783,7414,0.8441307070477058,1.2234357595443726,10.225229263305664
s2,27,robust_mahalanobis,87677,77749,70101,58937,0.8407440692714797,8777,7372,0.8399225247806767,8799,7386,0.8394135697238323,1.2158809900283813,10.340264320373535
s2,28,robust_mahalanobis,87989,78026,70212,59060,0.8411667521221443,8872,7483,0.8434400360685302,8905,7478,0.8397529477821448,1.2216665744781494,10.269051551818848
s2,29,robust_mahalanobis,87992,77932,70542,59185,0.8390037140994018,8606,7247,0.842086916105043,8844,7458,0.8432835820895522,1.2165753841400146,10.04849624633789
s2,30,robust_mahalanobis,88401,78380,70513,59288,0.8408094961212826,8994,7509,0.8348899266177452,8894,7431,0.8355070834270295,1.215477705001831,9.818636894226074
s2,31,robust_mahalanobis,87687,77859,70139,59050,0.8418996563965839,8831,7374,0.8350130223077794,8717,7347,0.8428358380176666,1.2166616916656494,10.194622039794922
s2,32,robust_mahalanobis,87854,77882,70293,59066,0.8402828162121406,8761,7377,0.8420271658486475,8800,7399,0.8407954545454546,1.210745930671692,10.375980377197266
s2,33,robust_mahalanobis,88492,78458,70682,59451,0.8411052318836479,8938,7485,0.837435667934661,8872,7418,0.8361136158701533,1.2229894399642944,10.03886890411377
s2,34,robust_mahalanobis,87821,77895,70215,59044,0.8409029409670299,8798,7352,0.835644464651057,8808,7429,0.8434377838328792,1.2150545120239258,10.457205772399902
s2,35,robust_mahalanobis,87768,77860,70253,59169,0.8422273781902552,8727,7258,0.8316718230778045,8788,7319,0.8328402366863905,1.216275691986084,10.426861763000488
s2,36,robust_mahalanobis,87965,77921,70306,59020,0.8394731601854749,8809,7387,0.8385741854921104,8850,7396,0.8357062146892655,1.2144429683685303,10.148380279541016
s2,37,robust_mahalanobis,87844,77670,70309,58953,0.8384844045570269,8733,7316,0.837741898545746,8802,7342,0.8341286071347421,1.2189652919769287,10.022716522216797
s2,38,robust_mahalanobis,88143,78219,70534,59379,0.8418493208948876,8893,7371,0.828854154953334,8716,7362,0.8446535107847637,1.213839054107666,10.693361282348633
s2,39,robust_mahalanobis,88020,77923,70366,59104,0.8399511127533184,8847,7419,0.8385893523228213,8807,7397,0.83990007948223,1.2347290515899658,9.77091121673584
s2,40,robust_mahalanobis,87970,78147,70595,59523,0.8431616970040371,8681,7253,0.8355028222555005,8694,7310,0.8408097538532321,1.2110925912857056,10.344542503356934
s2,41,robust_mahalanobis,87643,77702,70175,58955,0.8401140007125044,8729,7301,0.8364073777064955,8739,7309,0.8363657169012473,1.2148293256759644,10.103340148925781
s2,42,robust_mahalanobis,87717,77954,70171,59195,0.8435821065682404,8778,7326,0.8345864661654135,8768,7340,0.8371350364963503,1.22035551071167,10.379473686218262
s2,43,robust_mahalanobis,88060,78218,70226,59104,0.8416256087488965,8831,7441,0.8425999320575246,9003,7577,0.8416083527712984,1.2216675281524658,10.279988288879395
s2,44,robust_mahalanobis,87256,77393,69490,58414,0.8406101597352137,8928,7471,0.8368055555555556,8838,7447,0.8426114505544241,1.2192662954330444,10.127047538757324
s2,45,robust_mahalanobis,88534,78451,70765,59503,0.8408535292870769,8957,7542,0.8420229987719102,8812,7395,0.8391965501588743,1.2258061170578003,10.062469482421875
s2,46,robust_mahalanobis,87359,77437,69782,58729,0.8416067180648305,8786,7328,0.8340541770999317,8791,7322,0.8328972813104312,1.2106389999389648,9.797593116760254
s2,47,robust_mahalanobis,88111,78244,70565,59460,0.8426273648409268,8708,7316,0.8401469912723932,8838,7408,0.8381986874858566,1.2049098014831543,10.171313285827637
s2,48,robust_mahalanobis,88430,78562,70820,59691,0.8428551256707145,8777,7399,0.8429987467243933,8833,7379,0.8353900147175365,1.225182056427002,10.293156623840332
s2,49,robust_mahalanobis,88320,78361,70542,59297,0.8405914207139009,8905,7491,0.8412128017967434,8873,7463,0.841090950073256,1.21022629737854,10.021175384521484
s2,50,robust_mahalanobis,88223,78127,70716,59398,0.8399513547146332,8851,7443,0.8409219297254548,8656,7299,0.8432301293900185,1.2154085636138916,10.453033447265625
s2,51,robust_mahalanobis,87788,77906,70339,59262,0.8425197969831815,8749,7328,0.8375814378786147,8700,7287,0.8375862068965517,1.2190971374511719,10.083645820617676
s2,52,robust_mahalanobis,87814,77867,70273,59123,0.8413330866762484,8668,7246,0.8359483156437472,8873,7464,0.8412036515271047,1.222443699836731,9.857972145080566
s2,53,robust_mahalanobis,87796,77934,70288,59110,0.8409685863874345,8707,7313,0.8398989318938785,8801,7442,0.8455857288944438,1.2129490375518799,10.397196769714355
s2,54,robust_mahalanobis,87658,77969,70254,59245,0.8432971788083241,8869,7510,0.8467696470853535,8535,7157,0.8385471587580551,1.2120327949523926,9.870709419250488
s2,55,robust_mahalanobis,87555,77747,70131,58889,0.8396999900186793,8721,7359,0.8438252493980049,8703,7355,0.845110881305297,1.204559087753296,10.151477813720703
s2,56,robust_mahalanobis,87518,77654,69929,58841,0.8414391740193625,8910,7519,0.8438832772166105,8679,7348,0.8466413181242078,1.2187308073043823,10.214945793151855
s2,57,robust_mahalanobis,87703,77667,70232,59058,0.840898735619091,8632,7208,0.835032437442076,8839,7419,0.8393483425726892,1.2093935012817383,10.097063064575195
s2,58,robust_mahalanobis,87715,77712,70280,59008,0.8396129766647695,8664,7289,0.8412973222530009,8771,7346,0.8375327784745183,1.216742753982544,10.175682067871094
s2,59,robust_mahalanobis,87542,77725,70157,59133,0.8428667132289009,8738,7359,0.8421835660334173,8647,7253,0.8387880189661154,1.2149592638015747,10.34528636932373
s2,60,robust_mahalanobis,87781,77963,70149,59111,0.8426492180929165,8854,7478,0.8445900158120624,8778,7360,0.8384597858282069,1.2170504331588745,9.990790367126465
s2,61,robust_mahalanobis,87925,77934,70251,59028,0.8402442669855233,8811,7388,0.8384973328793554,8863,7429,0.8382037684756855,1.221690058708191,9.587079048156738
s2,62,robust_mahalanobis,87944,78024,70369,59246,0.8419332376472595,8793,7398,0.8413510747185261,8782,7371,0.8393304486449555,1.2207306623458862,9.923261642456055
s2,63,robust_mahalanobis,88115,78343,70249,59135,0.8417913422255121,8854,7500,0.84707476846623,9012,7561,0.8389924545051043,1.1986154317855835,10.7452392578125
s2,64,robust_mahalanobis,88107,78318,70472,59367,0.8424196844136679,8760,7402,0.8449771689497717,8875,7516,0.8468732394366197,1.2164101600646973,9.788715362548828
s2,65,robust_mahalanobis,88227,78165,70560,59332,0.8408730158730159,8832,7345,0.831634963768116,8835,7368,0.833955857385399,1.221100926399231,10.33432388305664
s2,66,robust_mahalanobis,87865,78002,70401,59234,0.8413800940327553,8769,7378,0.8413730185882085,8695,7260,0.8349626221966647,1.2054800987243652,10.226393699645996
s2,67,robust_mahalanobis,88108,78256,70423,59332,0.8425088394416597,8860,7467,0.8427765237020316,8825,7364,0.8344475920679887,1.2161682844161987,10.220636367797852
s2,68,robust_mahalanobis,87169,77454,69583,58583,0.8419154103732234,8875,7440,0.8383098591549296,8711,7378,0.8469750889679716,1.2086106538772583,10.178997993469238
s2,69,robust_mahalanobis,87607,77760,69962,58868,0.8414282038821075,8819,7401,0.8392107948747023,8826,7436,0.8425107636528438,1.206310510635376,10.076550483703613
s2,70,robust_mahalanobis,87641,77745,70059,58910,0.84086270143736,8732,7379,0.8450526797984426,8850,7425,0.8389830508474576,1.2208738327026367,10.235490798950195
s2,71,robust_mahalanobis,88038,78074,70271,59080,0.8407451153391868,8837,7398,0.8371619327826185,8930,7511,0.8410974244120941,1.2161526679992676,10.271966934204102
s2,72,robust_mahalanobis,88426,78643,70687,59560,0.8425877459787514,8882,7469,0.8409142085115965,8857,7525,0.8496104775883482,1.2085777521133423,10.08213996887207
s2,73,robust_mahalanobis,88009,78141,70405,59295,0.8421987074781621,8706,7283,0.8365495060877556,8898,7515,0.844571813890762,1.2147520780563354,10.161969184875488
s2,74,robust_mahalanobis,88000,78096,70223,59095,0.84153340073765,8973,7535,0.839741446561908,8804,7381,0.8383689232167196,1.219481110572815,10.131038665771484
s2,75,robust_mahalanobis,88636,78415,70821,59490,0.8400050832380226,8919,7451,0.8354075569009979,8896,7431,0.8353192446043165,1.2147762775421143,10.240471839904785
s2,76,robust_mahalanobis,87661,77704,69971,58813,0.8405339354875592,8876,7461,0.8405813429472736,8814,7377,0.8369639210347175,1.2092534303665161,9.931563377380371
s2,77,robust_mahalanobis,87795,77829,69975,58875,0.8413719185423365,8924,7476,0.8377409233527566,8896,7552,0.8489208633093526,1.2201706171035767,9.996607780456543
s2,78,robust_mahalanobis,88425,78486,70625,59365,0.8405663716814159,8973,7562,0.8427504736431517,8827,7460,0.8451342471961029,1.202437400817871,9.85981273651123
s2,79,robust_mahalanobis,87392,77508,69855,58760,0.8411709970653497,8817,7436,0.8433707610298288,8720,7283,0.8352064220183486,1.215648889541626,10.434298515319824
s2,80,robust_mahalanobis,87457,77798,70078,59140,0.8439167784468735,8637,7282,0.8431168229709389,8742,7430,0.8499199267902082,1.2266476154327393,10.093748092651367
s2,81,robust_mahalanobis,87746,77865,70181,59131,0.8425499779142503,8954,7500,0.8376144739781104,8611,7206,0.8368366043432819,1.211451530456543,10.037208557128906
s2,82,robust_mahalanobis,88205,78230,70681,59399,0.840381432068024,8828,7420,0.8405074762120526,8696,7337,0.843721251149954,1.2075905799865723,10.88343620300293
s2,83,robust_mahalanobis,88220,78295,70399,59340,0.842909700421881,9032,7536,0.8343666961913198,8789,7333,0.8343383775173512,1.2226911783218384,10.507887840270996
s2,84,robust_mahalanobis,87895,78063,70269,59203,0.8425194609287168,8840,7496,0.8479638009049774,8786,7354,0.8370134304575461,1.2240924835205078,10.047821044921875
s2,85,robust_mahalanobis,87810,77900,70326,59169,0.8413531268663084,8756,7336,0.8378254910918228,8728,7309,0.8374197983501375,1.2159836292266846,10.336499214172363
s2,86,robust_mahalanobis,87944,78087,70027,58939,0.8416610735859026,8980,7585,0.8446547884187082,8937,7525,0.8420051471410988,1.210793137550354,10.458551406860352
s2,87,robust_mahalanobis,87199,77298,69680,58692,0.8423076923076923,8720,7315,0.8388761467889908,8799,7409,0.8420275031253551,1.2201693058013916,10.002889633178711
s2,88,robust_mahalanobis,87284,77422,69795,58749,0.8417365140769396,8817,7379,0.836905977089713,8672,7237,0.8345249077490775,1.224325180053711,10.383771896362305
s2,89,robust_mahalanobis,87666,77731,70067,58934,0.8411092240284299,8876,7484,0.8431726002703921,8723,7301,0.8369826894417058,1.211094617843628,9.944186210632324
s2,90,robust_mahalanobis,87868,77838,69966,58800,0.8404081982677301,8856,7439,0.8399954832881662,9046,7579,0.8378288746407252,1.2178795337677002,9.912714958190918
s2,91,robust_mahalanobis,87773,77855,70160,59043,0.8415478905359179,8918,7511,0.8422291993720565,8695,7325,0.8424381828637147,1.2173360586166382,9.927589416503906
s2,92,robust_mahalanobis,88055,78103,70327,59175,0.8414264791616307,8934,7476,0.8368032236400269,8794,7465,0.8488742324312031,1.2152888774871826,9.718670845031738
s2,93,robust_mahalanobis,87718,77964,70232,59155,0.8422798724228272,8959,7548,0.8425047438330171,8527,7119,0.8348774481060162,1.2217833995819092,10.17375659942627
s2,94,robust_mahalanobis,87387,77672,69949,58957,0.8428569386267137,8809,7368,0.8364173004881371,8629,7294,0.8452891412678178,1.2065765857696533,9.963350296020508
s2,95,robust_mahalanobis,87970,78082,70277,59109,0.8410859883034278,8923,7501,0.8406365572117,8770,7371,0.840478905359179,1.2158297300338745,9.979818344116211
s2,96,robust_mahalanobis,87293,77314,69465,58338,0.8398186136903476,9065,7626,0.841257584114727,8763,7354,0.8392103161017916,1.215319037437439,10.05207347869873
s2,97,robust_mahalanobis,87036,77174,69577,58485,0.8405795018468747,8626,7210,0.8358451194064457,8833,7448,0.8432016302501981,1.2043436765670776,10.377226829528809
s2,98,robust_mahalanobis,87740,77823,70173,59012,0.8409502230202499,8786,7337,0.8350785340314136,8781,7387,0.8412481494135065,1.2125439643859863,10.421480178833008
s2,99,robust_mahalanobis,87889,77934,70254,59123,0.8415606228826829,8815,7402,0.8397050482132729,8820,7360,0.8344671201814059,1.2207846641540527,10.327975273132324
s2,100,robust_mahalanobis,87738,77707,70380,59129,0.8401392441034384,8533,7161,0.8392124692370796,8825,7419,0.8406798866855524,1.2276623249053955,9.935250282287598
s2,101,robust_mahalanobis,87984,78060,70446,59240,0.8409278028560884,8712,7290,0.8367768595041323,8826,7430,0.8418309539995468,1.2107359170913696,10.383111953735352
s2,102,robust_mahalanobis,88695,78649,71124,59826,0.8411506664417074,8810,7364,0.8358683314415437,8761,7357,0.839744321424495,1.222458004951477,9.914085388183594
s2,103,robust_mahalanobis,88091,78276,70333,59348,0.8438144256607851,8907,7478,0.8395643875603458,8851,7389,0.8348209241893572,1.2165725231170654,10.173360824584961
s2,104,robust_mahalanobis,87570,77748,69744,58643,0.8408321862812572,8833,7449,0.843314842069512,8993,7614,0.846658512176137,1.2077984809875488,9.9330472946167
s2,105,robust_mahalanobis,88479,78427,70709,59483,0.8412366176865745,8861,7468,0.8427942670127525,8909,7482,0.83982489617241,1.2217373847961426,10.104642868041992
s2,106,robust_mahalanobis,87659,77649,70068,58827,0.8395701318718959,8890,7442,0.8371203599550057,8701,7319,0.8411676818756465,1.214719533920288,9.916647911071777
s2,107,robust_mahalanobis,87721,77742,70283,59008,0.8395771381415136,8701,7331,0.8425468336972761,8737,7299,0.8354126130250659,1.208204746246338,10.184311866760254
s2,108,robust_mahalanobis,87825,77918,70275,59150,0.8416933475631447,8776,7388,0.841841385597083,8774,7368,0.8397538180989287,1.2274596691131592,9.94876766204834
s2,109,robust_mahalanobis,88227,78287,70536,59407,0.8422224112509924,8753,7332,0.8376556609162573,8938,7502,0.8393376594316402,1.212331771850586,9.969447135925293
s2,110,robust_mahalanobis,87948,77925,70372,59205,0.841314727448417,8715,7351,0.8434882386689616,8861,7377,0.8325245457623293,1.2152507305145264,10.350201606750488
s2,111,robust_mahalanobis,88318,78111,70838,59425,0.8388859086930743,8888,7375,0.8297704770477048,8592,7187,0.836475791433892,1.2115106582641602,10.169883728027344
s2,112,robust_mahalanobis,87737,77756,70153,58982,0.8407623337562186,8836,7350,0.8318243549117248,8748,7339,0.8389346136259717,1.2090896368026733,10.045943260192871
s2,113,robust_mahalanobis,88023,78171,70342,59179,0.841303915157374,8877,7467,0.8411625549172017,8804,7385,0.8388232621535665,1.1999132633209229,10.322754859924316
s2,114,robust_mahalanobis,87625,77710,70212,59062,0.8411952372813764,8818,7387,0.8377183034701746,8595,7266,0.8453752181500873,1.2134337425231934,10.292786598205566
s2,115,robust_mahalanobis,88573,78521,70765,59441,0.8399773899526602,8926,7457,0.8354246022854582,8882,7494,0.8437288898896644,1.20994234085083,9.695569038391113
s2,116,robust_mahalanobis,87953,78189,70399,59365,0.843264819102544,8743,7333,0.8387281253574288,8811,7393,0.8390648053569402,1.2193913459777832,10.123274803161621
s2,117,robust_mahalanobis,87463,77542,69980,58861,0.8411117462132037,8807,7359,0.8355853298512547,8676,7284,0.8395573997233748,1.2126295566558838,9.992475509643555
s2,118,robust_mahalanobis,87872,77802,70340,59048,0.8394654535115155,8765,7314,0.8344552196235026,8767,7396,0.8436181133797194,1.2106293439865112,10.312356948852539
s2,119,robust_mahalanobis,88275,78251,70520,59283,0.840655133295519,8919,7462,0.8366408790223119,8836,7357,0.8326165685830693,1.214219570159912,10.175199508666992
s2,120,robust_mahalanobis,87067,77071,69704,58472,0.8388614713646275,8709,7281,0.836031691353772,8654,7296,0.8430783452738618,1.2119742631912231,10.080432891845703
s2,121,robust_mahalanobis,88328,78505,70789,59761,0.8442130839537216,8960,7484,0.8352678571428571,8579,7176,0.8364611260053619,1.2296333312988281,10.16279411315918
s2,122,robust_mahalanobis,87390,77621,69839,58682,0.8402468534772835,8724,7408,0.8491517652453003,8827,7448,0.8437747819191118,1.2103503942489624,10.352696418762207
s2,123,robust_mahalanobis,87951,77976,70512,59235,0.840069775357386,8669,7296,0.8416195639635483,8770,7341,0.8370581527936146,1.2110345363616943,10.082582473754883
s2,124,robust_mahalanobis,87700,77705,70233,59037,0.8405877578915895,8911,7506,0.8423297048591628,8556,7171,0.8381252921926133,1.2223749160766602,10.210073471069336
s2,125,robust_mahalanobis,88076,78243,70466,59360,0.8423920756109329,8811,7380,0.8375893769152196,8799,7408,0.8419138538470281,1.2032575607299805,9.977214813232422
s2,126,robust_mahalanobis,87972,78076,70402,59280,0.8420215334791625,8785,7366,0.838474672737621,8785,7394,0.8416619237336369,1.2216663360595703,10.115228652954102
s2,127,robust_mahalanobis,88297,78402,70601,59474,0.8423960000566564,8789,7378,0.839458413926499,8907,7501,0.8421466262490176,1.2098578214645386,10.498225212097168
s2,128,robust_mahalanobis,87950,78052,70333,59183,0.8414684429784027,8958,7571,0.8451663317704845,8659,7247,0.8369326712091466,1.214021921157837,9.954524040222168
s2,129,robust_mahalanobis,88257,78157,70630,59296,0.8395299447826703,8774,7374,0.8404376567130157,8853,7358,0.8311306901615272,1.2101770639419556,10.27125358581543
s2,130,robust_mahalanobis,87874,77945,70363,59174,0.8409817659849637,8770,7384,0.8419612314709236,8741,7394,0.8458986385997026,1.209784746170044,10.366156578063965
s2,131,robust_mahalanobis,87607,77494,70050,58839,0.8399571734475375,8795,7419,0.8435474701534963,8762,7352,0.839077836110477,1.2210484743118286,9.792511940002441
s2,132,robust_mahalanobis,87632,77698,70081,58889,0.8402990824902613,8907,7448,0.836196250140339,8644,7260,0.8398889403054142,1.2165632247924805,10.192432403564453
s2,133,robust_mahalanobis,88117,78234,70348,59253,0.8422840734633537,8851,7426,0.839001242797424,8918,7470,0.8376317559991029,1.212419033050537,10.244455337524414
s2,134,robust_mahalanobis,87682,77908,70077,58997,0.8418882086847325,8776,7362,0.8388787602552416,8829,7422,0.8406388039415562,1.2093658447265625,10.823575973510742
s2,135,robust_mahalanobis,88023,78067,70457,59237,0.8407539350241992,8721,7315,0.8387799564270153,8845,7380,0.8343697003957038,1.2078769207000732,10.18117618560791
s2,136,robust_mahalanobis,87963,78097,70457,59353,0.8424003292788509,8820,7385,0.8373015873015873,8686,7291,0.8393967303707115,1.2134891748428345,10.491143226623535
s2,137,robust_mahalanobis,87949,78014,70317,59194,0.8418163459760798,8829,7432,0.8417714350436063,8803,7317,0.8311939111666478,1.2145859003067017,10.302712440490723
s2,138,robust_mahalanobis,88441,78364,70597,59349,0.8406731164213777,8937,7461,0.8348439073514602,8907,7468,0.8384416750870102,1.2165316343307495,10.271556854248047
s2,139,robust_mahalanobis,87989,78008,70540,59304,0.8407144882336263,8728,7407,0.8486480293308891,8721,7269,0.8335053319573443,1.2041170597076416,10.051363945007324
s2,140,robust_mahalanobis,87680,77726,70004,58915,0.8415947660133707,8867,7455,0.8407578662456299,8809,7341,0.8333522533772278,1.2199680805206299,10.028397560119629
s2,141,robust_mahalanobis,87934,77829,70292,59006,0.8394411881864223,8803,7394,0.839940929228672,8839,7398,0.8369725082022853,1.2104334831237793,9.988168716430664
s2,142,robust_mahalanobis,87898,77958,70488,59343,0.8418879809329247,8793,7382,0.8395314454679859,8617,7200,0.8355576186607868,1.219034194946289,9.866960525512695
s2,143,robust_mahalanobis,88495,78641,70797,59614,0.8420413294348631,8868,7489,0.8444970681100586,8830,7444,0.843035107587769,1.2150835990905762,9.832878112792969
s2,144,robust_mahalanobis,87695,77851,70001,58913,0.8416022628248168,8869,7467,0.8419212989063029,8825,7410,0.8396600566572238,1.211923599243164,9.98731517791748
s2,145,robust_mahalanobis,87755,77838,70023,58888,0.8409808205875212,8869,7458,0.8409065283571993,8863,7445,0.8400090262890669,1.203160285949707,10.072745323181152
s2,146,robust_mahalanobis,87967,78178,70274,59199,0.8424025955545437,8806,7399,0.8402225755166932,8887,7489,0.8426915719590413,1.2088576555252075,10.131311416625977
s2,147,robust_mahalanobis,87488,77612,70187,59035,0.841110177098323,8696,7302,0.8396964121435143,8605,7207,0.8375363160952934,1.2150459289550781,10.307378768920898
s2,148,robust_mahalanobis,88067,78236,70467,59378,0.8426355599074744,8773,7375,0.8406474410121965,8827,7452,0.8442279370114422,1.216031789779663,10.17300796508789
s2,149,robust_mahalanobis,87746,78042,70363,59282,0.8425166635873967,8674,7348,0.8471293520866958,8709,7345,0.8433804110690091,1.210669994354248,9.855169296264648
s2,150,robust_mahalanobis,87463,77646,70058,58933,0.8412030032258986,8681,7290,0.8397650040317935,8724,7386,0.8466299862448419,1.2138280868530273,10.24386215209961
s2,151,robust_mahalanobis,87970,78007,70309,59130,0.8410018632038573,8956,7487,0.8359758820902189,8705,7275,0.8357265939115451,1.205075979232788,10.450823783874512
s2,152,robust_mahalanobis,87861,77816,70272,59010,0.8397370218579235,8885,7494,0.8434440067529544,8704,7318,0.8407628676470589,1.2189340591430664,10.159945487976074
s2,153,robust_mahalanobis,87717,77862,70031,59028,0.8428838657166112,8881,7355,0.8281725030964981,8805,7363,0.836229415105054,1.2041926383972168,10.01176643371582
s2,154,robust_mahalanobis,87514,77614,69887,58792,0.8412437220083849,8827,7397,0.8379970544918999,8800,7406,0.8415909090909091,1.2196779251098633,9.947813987731934
s2,155,robust_mahalanobis,87587,77689,69997,58885,0.8412503393002557,8687,7266,0.8364222401289283,8903,7453,0.8371335504885994,1.2044063806533813,10.309494972229004
s2,156,robust_mahalanobis,88200,78159,70421,59217,0.8408997316141492,8881,7444,0.8381938970836618,8898,7433,0.8353562598336705,1.210470199584961,9.863080978393555
s2,157,robust_mahalanobis,88104,78159,70392,59254,0.8417717922491192,8860,7474,0.8435665914221219,8852,7352,0.8305467690917306,1.2187891006469727,10.211418151855469
s2,158,robust_mahalanobis,88419,78360,70512,59326,0.8413603358293624,9010,7533,0.8360710321864595,8897,7391,0.8307294593683264,1.2099194526672363,10.340126037597656
s2,159,robust_mahalanobis,87443,77582,69920,58834,0.8414473684210526,8737,7364,0.8428522376101637,8786,7350,0.8365581607102208,1.2064380645751953,10.156136512756348
s2,160,robust_mahalanobis,87843,78031,70187,59167,0.8429908672546198,8862,7423,0.837621304445949,8794,7391,0.8404594041391859,1.2187633514404297,10.376092910766602
s2,161,robust_mahalanobis,88038,78250,70405,59391,0.8435622469995029,8783,7326,0.8341113514744393,8850,7451,0.8419209039548022,1.214576244354248,9.99670696258545
s2,162,robust_mahalanobis,88072,78252,70402,59243,0.8414959802278345,8741,7389,0.8453266216680013,8929,7505,0.8405196550565572,1.2106802463531494,10.015910148620605
s2,163,robust_mahalanobis,87883,78032,70317,59174,0.8415319197349147,8816,7458,0.8459618874773139,8750,7347,0.8396571428571429,1.2187411785125732,10.174105644226074
s2,164,robust_mahalanobis,88208,78343,70718,59509,0.8414972142877344,8840,7495,0.8478506787330317,8650,7300,0.8439306358381503,1.2128239870071411,10.390249252319336
s2,165,robust_mahalanobis,87300,77430,69822,58784,0.8419122912549053,8683,7258,0.8358862144420132,8795,7373,0.8383172256964184,1.2254518270492554,10.070225715637207
s2,166,robust_mahalanobis,87988,78066,70459,59310,0.8417661334960758,8798,7380,0.8388270061377586,8731,7348,0.8415989004695911,1.2158575057983398,9.62442684173584
s2,167,robust_mahalanobis,87764,77985,70280,59313,0.8439527603870234,8823,7430,0.8421171936982885,8661,7312,0.8442443135896548,1.219559907913208,9.810408592224121
s2,168,robust_mahalanobis,88077,78114,70360,59171,0.8409749857873792,8823,7416,0.8405304318259096,8894,7447,0.8373060490218125,1.2115933895111084,9.948981285095215
s2,169,robust_mahalanobis,87858,77993,70231,59083,0.8412666771083994,8790,7435,0.8458475540386803,8837,7471,0.8454226547470861,1.2180500030517578,9.838874816894531
s2,170,robust_mahalanobis,87778,77957,70249,59139,0.8418482825378297,8819,7380,0.8368295725138905,8710,7347,0.8435132032146958,1.225608229637146,10.141840934753418
s2,171,robust_mahalanobis,87978,78149,70450,59248,0.8409936124911285,8846,7473,0.8447886050192177,8682,7305,0.84139599170698,1.2056175470352173,9.97007942199707
s2,172,robust_mahalanobis,87842,77991,70284,59154,0.8416424790848557,8680,7281,0.8388248847926267,8878,7499,0.8446722234737554,1.2158620357513428,10.006560325622559
s2,173,robust_mahalanobis,87978,77938,70255,58962,0.8392569923848836,8763,7418,0.8465137509985164,8960,7511,0.83828125,1.2091017961502075,9.65837574005127
s2,174,robust_mahalanobis,88418,78346,70762,59440,0.8399988694497046,8861,7423,0.8377158334273784,8795,7386,0.8397953382603752,1.220253348350525,9.936105728149414
s2,175,robust_mahalanobis,88750,78730,70945,59676,0.8411586440200155,8861,7436,0.8391829364631531,8944,7558,0.8450357781753131,1.2223358154296875,10.315561294555664
s2,176,robust_mahalanobis,88203,78270,70679,59469,0.8413956054839485,8736,7310,0.8367673992673993,8788,7411,0.8433090578060992,1.2167565822601318,10.002976417541504
s2,177,robust_mahalanobis,88174,78353,70626,59575,0.8435278792512673,8744,7299,0.834743824336688,8804,7431,0.8440481599273058,1.225972056388855,9.940509796142578
s2,178,robust_mahalanobis,87604,77707,70098,58933,0.8407229878170561,8742,7349,0.8406543125142988,8764,7391,0.8433363760839799,1.2179583311080933,10.31997299194336
s2,179,robust_mahalanobis,87934,78125,70375,59246,0.8418614564831262,8869,7476,0.8429360694554064,8690,7305,0.8406214039125431,1.2103192806243896,10.635027885437012
s2,180,robust_mahalanobis,88333,78394,70455,59349,0.8423674685969768,8835,7397,0.8372382569326542,9043,7582,0.8384385712705961,1.2279300689697266,10.224519729614258
s2,181,robust_mahalanobis,87694,77827,70154,59113,0.8426176696980928,8824,7378,0.8361287398005439,8716,7325,0.8404084442404773,1.2115960121154785,10.3825044631958
s2,182,robust_mahalanobis,88203,78379,70449,59349,0.8424392113443768,8932,7594,0.8502015226153157,8822,7429,0.8420992972115167,1.2187931537628174,9.833221435546875
s2,183,robust_mahalanobis,87970,78317,70450,59470,0.8441447835344216,8670,7295,0.8414071510957324,8850,7445,0.8412429378531073,1.2151424884796143,10.133991241455078
s2,184,robust_mahalanobis,87892,77922,70467,59233,0.8405778591397391,8668,7254,0.8368712505768343,8757,7343,0.8385291766586731,1.2149357795715332,10.130484580993652
s2,185,robust_mahalanobis,88329,78449,70740,59580,0.8422391857506362,8752,7405,0.8460923217550275,8837,7447,0.8427068009505488,1.2147135734558105,9.968573570251465
s2,186,robust_mahalanobis,88029,78058,70665,59372,0.840189627113847,8705,7339,0.8430786904078116,8659,7247,0.8369326712091466,1.2014317512512207,10.189635276794434
s2,187,robust_mahalanobis,88219,78248,70849,59613,0.841409194201753,8600,7244,0.8423255813953489,8770,7338,0.8367160775370581,1.221354365348816,10.197463989257812
s2,188,robust_mahalanobis,87861,77996,70174,59143,0.8428050275030639,8817,7444,0.844278099126687,8870,7412,0.8356257046223224,1.2193199396133423,10.149011611938477
s2,189,robust_mahalanobis,87695,77761,69959,58791,0.840363641561486,8900,7444,0.8364044943820225,8836,7399,0.8373698506111362,1.2075830698013306,10.046612739562988
s2,190,robust_mahalanobis,87916,77886,70277,59098,0.8409294648320219,8824,7396,0.8381686310063463,8815,7389,0.8382302892796369,1.2282891273498535,10.333867073059082
s2,191,robust_mahalanobis,87935,78049,70164,59097,0.8422695399350094,8916,7470,0.8378196500672948,8855,7396,0.8352343308865048,1.2182916402816772,10.02505874633789
s2,192,robust_mahalanobis,87859,77965,70264,59076,0.8407719458043948,8845,7458,0.8431882419446015,8750,7356,0.8406857142857143,1.219010591506958,10.358194351196289
s2,193,robust_mahalanobis,88268,78483,70880,59814,0.8438769751693003,8741,7375,0.8437249742592381,8647,7258,0.8393662541922053,1.2285170555114746,10.442483901977539
s2,194,robust_mahalanobis,87937,78129,70348,59255,0.8423125035537613,8772,7396,0.8431372549019608,8817,7394,0.8386072360213225,1.2226868867874146,10.020820617675781
s2,195,robust_mahalanobis,87611,77658,70168,58996,0.840782122905028,8684,7305,0.84120221096269,8759,7356,0.839821897476881,1.2103970050811768,10.100489616394043
s2,196,robust_mahalanobis,87953,77981,70424,59286,0.8418436896512552,8701,7293,0.8381795195954488,8828,7428,0.841413683733575,1.2151750326156616,10.010124206542969
s2,197,robust_mahalanobis,88044,78173,70380,59293,0.8424694515487354,8817,7381,0.8371328116139276,8847,7483,0.8458234429750198,1.218541145324707,10.254090309143066
s2,198,robust_mahalanobis,86897,76852,69350,58227,0.8396106705118962,8768,7349,0.838161496350365,8779,7324,0.8342635835516574,1.2190314531326294,10.136015892028809
s2,199,robust_mahalanobis,88029,78150,70507,59384,0.8422426142085183,8661,7255,0.8376630874033022,8861,7463,0.8422299966143776,1.2088524103164673,10.033114433288574
s2,200,robust_mahalanobis,88092,78094,70435,59220,0.8407751827926457,8833,7352,0.8323332955960602,8824,7342,0.8320489573889392,1.2123826742172241,9.960938453674316
s2,201,robust_mahalanobis,87825,77869,70510,59290,0.8408736349453978,8715,7291,0.8366035570854848,8600,7254,0.8434883720930233,1.219364047050476,10.164820671081543
s2,202,robust_mahalanobis,88352,78474,70653,59645,0.8441962832434574,8818,7382,0.8371512814697211,8881,7395,0.8326765003940998,1.2152955532073975,10.39516830444336
s2,203,robust_mahalanobis,88104,78359,70282,59282,0.843487663982243,8783,7401,0.8426505749743823,9039,7611,0.8420179223365416,1.2162342071533203,10.407746315002441
s2,204,robust_mahalanobis,87936,77982,70363,59248,0.8420334550829272,8858,7384,0.8335967487017385,8715,7305,0.8382099827882961,1.2259347438812256,10.020682334899902
s2,205,robust_mahalanobis,87643,77868,69961,58965,0.8428267177427424,8929,7518,0.8419755851719117,8753,7328,0.8371986747400891,1.2057290077209473,10.117137908935547
s2,206,robust_mahalanobis,87595,77722,70046,58993,0.8422036947149016,8805,7407,0.8412265758091994,8744,7289,0.8336001829826166,1.2209923267364502,9.990992546081543
s2,207,robust_mahalanobis,88194,78234,70720,59499,0.8413320135746606,8900,7478,0.8402247191011236,8574,7192,0.8388150221600187,1.20877206325531,9.974565505981445
s2,208,robust_mahalanobis,88360,78293,70553,59275,0.8401485408132893,8909,7461,0.8374677292625435,8898,7514,0.8444594290851877,1.2057918310165405,10.452627182006836
s2,209,robust_mahalanobis,87995,78004,70488,59289,0.8411218930881852,8708,7376,0.8470372071658245,8799,7347,0.834981247869076,1.2199586629867554,10.007463455200195
s2,210,robust_mahalanobis,88434,78445,70781,59575,0.8416806770178438,8911,7492,0.8407586129502862,8742,7324,0.8377945550217342,1.2214241027832031,10.347661018371582
s2,211,robust_mahalanobis,87659,77784,70200,59091,0.8417521367521368,8814,7408,0.8404810528704334,8645,7264,0.8402544823597455,1.2158536911010742,10.2271728515625
s2,212,robust_mahalanobis,87456,77622,69953,59012,0.8435949852043515,8839,7384,0.8353886186220161,8664,7271,0.8392197599261311,1.228630781173706,10.001770973205566
s2,213,robust_mahalanobis,87927,78023,70461,59334,0.8420828543449568,8647,7266,0.8402914305539494,8819,7446,0.8443134142192993,1.2269556522369385,9.999368667602539
s2,214,robust_mahalanobis,88137,78309,70507,59443,0.8430794105549804,8863,7437,0.8391063973823761,8767,7384,0.8422493441314018,1.2147290706634521,10.119878768920898
s2,215,robust_mahalanobis,88296,78232,70623,59375,0.8407317729351628,8759,7318,0.8354835026829547,8914,7444,0.8350908682970608,1.2077162265777588,10.249783515930176
s2,216,robust_mahalanobis,87739,77963,70159,59116,0.8426003791388132,8744,7347,0.8402333028362305,8836,7378,0.8349932095971028,1.2138932943344116,10.228968620300293
s2,217,robust_mahalanobis,88126,78152,70535,59308,0.8408307932232225,8765,7404,0.8447233314318311,8826,7376,0.8357126671198731,1.2159664630889893,10.27889347076416
s2,218,robust_mahalanobis,87896,77983,70332,59175,0.8413666609793551,8854,7475,0.8442511859046758,8710,7336,0.8422502870264065,1.2208530902862549,9.673805236816406
s2,219,robust_mahalanobis,87925,77964,70283,59124,0.8412276083832506,8881,7414,0.8348158991104605,8761,7375,0.8417988814062322,1.2136026620864868,10.075216293334961
s2,220,robust_mahalanobis,87914,78100,70481,59379,0.8424823711354833,8798,7439,0.8455330756990225,8635,7245,0.8390272148233932,1.2201095819473267,9.758989334106445
s2,221,robust_mahalanobis,87606,77793,70139,59005,0.8412580732545374,8635,7279,0.8429646786334685,8832,7404,0.8383152173913043,1.2149831056594849,10.072617530822754
s2,222,robust_mahalanobis,87361,77653,70067,59043,0.8426648779025789,8496,7143,0.8407485875706214,8798,7445,0.8462150488747443,1.2109425067901611,9.821207046508789
s2,223,robust_mahalanobis,87566,77675,70000,58891,0.8413,8810,7363,0.8357548240635642,8756,7405,0.8457058017359524,1.2097549438476562,10.519245147705078
s2,224,robust_mahalanobis,87910,77761,70180,58950,0.8399829011114277,8952,7460,0.8333333333333334,8778,7299,0.8315105946684894,1.2161699533462524,10.095377922058105
s2,225,robust_mahalanobis,87835,77995,70484,59424,0.8430849554508825,8653,7251,0.8379752686929388,8698,7252,0.8337548861807312,1.2208832502365112,10.278695106506348
s2,226,robust_mahalanobis,87874,77944,70289,59128,0.8412127075360298,8818,7359,0.8345429802676344,8767,7353,0.8387133569065816,1.2152762413024902,10.095220565795898
s2,227,robust_mahalanobis,88121,78174,70499,59351,0.8418700974481907,8768,7324,0.8353102189781022,8854,7413,0.8372487011520217,1.2122187614440918,10.415548324584961
s2,228,robust_mahalanobis,87553,77721,70117,59037,0.8419784075188613,8770,7360,0.8392246294184721,8666,7237,0.8351027002077083,1.215327501296997,9.782610893249512
s2,229,robust_mahalanobis,87652,77859,69903,58834,0.8416520034905511,8864,7448,0.8402527075812274,8885,7505,0.8446820483961733,1.2112212181091309,10.10263729095459
s2,230,robust_mahalanobis,87465,77625,70046,59011,0.8424606687034235,8638,7302,0.8453345681870803,8781,7360,0.8381733287780435,1.2199829816818237,9.695737838745117
s2,231,robust_mahalanobis,88128,78152,70575,59425,0.8420120439249026,8898,7442,0.8363677230838391,8655,7221,0.834315424610052,1.2159239053726196,10.392964363098145
s2,232,robust_mahalanobis,87981,77994,70417,59237,0.8412315207975347,8649,7229,0.835819169846225,8915,7472,0.8381379697139653,1.2253878116607666,10.392416954040527
s2,233,robust_mahalanobis,87681,77678,70251,58945,0.8390627891417916,8718,7340,0.8419362239045652,8712,7305,0.8384986225895317,1.2148914337158203,10.089823722839355
s2,234,robust_mahalanobis,87319,77576,69775,58676,0.8409315657470441,8779,7407,0.8437179633215628,8765,7410,0.845407872219053,1.2122392654418945,10.21883773803711
s2,235,robust_mahalanobis,88115,77963,70431,59036,0.8382104471042581,8835,7369,0.8340690435766837,8849,7453,0.8422420612498588,1.2155091762542725,10.682259559631348
s2,236,robust_mahalanobis,87372,77642,70068,59071,0.843052463321345,8796,7409,0.8423146884947703,8508,7170,0.8427362482369535,1.2221685647964478,9.869102478027344
s2,237,robust_mahalanobis,88380,78573,70750,59650,0.8431095406360424,8821,7465,0.8462759324339644,8809,7354,0.8348280168009989,1.2072135210037231,10.27197551727295
s2,238,robust_mahalanobis,87428,77419,69901,58701,0.8397733937998025,8738,7296,0.8349736781872282,8789,7414,0.8435544430538173,1.2145345211029053,9.708240509033203
s2,239,robust_mahalanobis,87825,77980,70193,59219,0.8436596241790492,8821,7362,0.8345992517855119,8811,7373,0.8367949154466008,1.2302112579345703,9.640226364135742
s2,240,robust_mahalanobis,87869,77894,70191,59063,0.8414611559886596,8992,7533,0.8377446619217082,8686,7237,0.8331798296108681,1.2174030542373657,10.163248062133789
s2,241,robust_mahalanobis,88072,78132,70361,59156,0.8407498472164978,8848,7408,0.8372513562386981,8863,7497,0.8458761141825567,1.2110087871551514,10.084733963012695
s2,242,robust_mahalanobis,88375,78633,70650,59646,0.8442462845010615,8897,7535,0.8469146903450602,8828,7428,0.841413683733575,1.2145483493804932,9.939269065856934
s2,243,robust_mahalanobis,88121,78077,70493,59201,0.8398138822294412,8822,7429,0.8420992972115167,8806,7405,0.8409039291392233,1.2159773111343384,9.996434211730957
s2,244,robust_mahalanobis,88030,77950,70384,59190,0.8409581723118891,8757,7336,0.8377298161470823,8889,7455,0.8386770165372933,1.2266309261322021,10.135129928588867
s2,245,robust_mahalanobis,88082,78160,70473,59347,0.8421239339889035,8795,7321,0.8324047754405912,8814,7388,0.8382119355570683,1.2195472717285156,10.03256893157959
s2,246,robust_mahalanobis,88164,78285,70396,59241,0.8415392920052276,8862,7452,0.8408937034529451,8906,7506,0.842802604985403,1.211949110031128,10.032539367675781
s2,247,robust_mahalanobis,87842,77798,70304,58990,0.8390703231679563,8722,7326,0.8399449667507453,8816,7387,0.8379083484573503,1.209268569946289,10.320039749145508
s2,248,robust_mahalanobis,88066,78040,70502,59226,0.8400612748574509,8858,7469,0.8431925942650711,8706,7324,0.841258901906731,1.2193546295166016,10.375256538391113
s2,249,robust_mahalanobis,87714,77846,70245,59041,0.8405011032813723,8732,7315,0.8377233165368758,8737,7372,0.843767883712945,1.2070212364196777,9.842692375183105
s2,250,robust_mahalanobis,88101,78084,70489,59274,0.8408971612592036,8870,7453,0.8402480270574971,8742,7301,0.8351635781285747,1.2211086750030518,10.334218978881836
s2,251,robust_mahalanobis,88076,78277,70642,59609,0.8438181251946434,8732,7328,0.8392120934493816,8702,7275,0.8360147092622385,1.221553087234497,10.14408016204834
s2,252,robust_mahalanobis,87618,77772,70196,59062,0.8413869736167303,8707,7277,0.8357643275525439,8715,7360,0.8445209409064831,1.2087862491607666,10.20140266418457
s2,253,robust_mahalanobis,87962,78118,70535,59389,0.8419791592826257,8527,7168,0.8406239005511903,8900,7490,0.8415730337078652,1.2142009735107422,10.649809837341309
s2,254,robust_mahalanobis,88250,78352,70612,59381,0.8409477142695293,8786,7360,0.837696335078534,8852,7489,0.846023497514686,1.2085515260696411,10.050597190856934
s2,255,robust_mahalanobis,87758,77809,70361,59119,0.8402239877204701,8626,7236,0.8388592626941804,8771,7343,0.8371907422186752,1.2155402898788452,10.437294006347656
s2,256,robust_mahalanobis,87973,78068,70446,59317,0.8420208386565596,8811,7368,0.836227442969016,8716,7314,0.8391463974300137,1.2204687595367432,10.35358715057373
s2,257,robust_mahalanobis,88294,78309,70541,59229,0.8396393586708439,8849,7435,0.8402079330997853,8904,7522,0.8447888589398024,1.2170530557632446,10.104658126831055
s2,258,robust_mahalanobis,87540,77742,70087,58978,0.8414969965899525,8792,7415,0.8433803457688808,8661,7288,0.8414732709848747,1.2114485502243042,10.18677806854248
s2,259,robust_mahalanobis,88098,78216,70301,59160,0.8415243026414987,8834,7364,0.8335974643423137,8963,7602,0.8481535200267768,1.206779956817627,9.789032936096191
s2,260,robust_mahalanobis,87756,77879,70173,59065,0.8417054992660995,8693,7265,0.8357298976187737,8890,7486,0.8420697412823397,1.2222684621810913,10.297569274902344
s2,261,robust_mahalanobis,88143,78117,70781,59462,0.8400842033879148,8666,7233,0.83464112624048,8696,7320,0.8417663293468262,1.2130459547042847,9.888291358947754
s2,262,robust_mahalanobis,87930,78068,70453,59322,0.8420081472754887,8767,7357,0.8391696133226874,8710,7324,0.8408725602755454,1.2262299060821533,10.187384605407715
s2,263,robust_mahalanobis,87946,78038,70552,59413,0.8421164531125978,8711,7314,0.8396280564803122,8683,7329,0.8440631118277093,1.2194286584854126,9.96122932434082
s2,264,robust_mahalanobis,88120,78139,70667,59429,0.8409724482431686,8720,7311,0.8384174311926605,8733,7299,0.8357952593610443,1.209986686706543,10.282164573669434
s2,265,robust_mahalanobis,88200,78185,70558,59313,0.8406275688086396,8898,7474,0.8399640368622162,8744,7320,0.8371454711802379,1.2176002264022827,10.164048194885254
s2,266,robust_mahalanobis,87901,78055,70448,59319,0.8420253236429707,8764,7366,0.840483797352807,8689,7270,0.836690067901945,1.2199219465255737,9.931517601013184
s2,267,robust_mahalanobis,87592,77709,70283,59148,0.8415690849849893,8679,7291,0.8400737412144256,8630,7269,0.8422943221320973,1.2158188819885254,10.12452507019043
s2,268,robust_mahalanobis,87721,77734,70096,58853,0.8396056836338736,8797,7387,0.8397180857110379,8828,7394,0.8375623017671047,1.212524652481079,9.99882984161377
s2,269,robust_mahalanobis,87523,77752,70161,59085,0.8421345191773207,8608,7265,0.8439823420074349,8754,7364,0.8412154443682888,1.2147611379623413,10.310478210449219
s2,270,robust_mahalanobis,87437,77710,70066,59059,0.8429052607541461,8757,7373,0.8419550074226333,8614,7259,0.8426979335964708,1.2196860313415527,9.85267448425293
s2,271,robust_mahalanobis,87997,78016,70526,59305,0.8408955562487593,8695,7271,0.836227717078781,8776,7396,0.8427529626253418,1.2229586839675903,10.05105209350586
s2,272,robust_mahalanobis,87888,77902,70454,59199,0.8402503761319442,8651,7226,0.8352791584787885,8783,7365,0.8385517476944097,1.2056889533996582,10.340333938598633
s2,273,robust_mahalanobis,88091,78217,70502,59369,0.8420895861110324,8831,7361,0.8335409353414109,8758,7376,0.8422014158483672,1.2120131254196167,10.483755111694336
s2,274,robust_mahalanobis,88262,78428,70613,59469,0.8421820344695736,8752,7352,0.840036563071298,8897,7520,0.8452287287849837,1.2159571647644043,10.246673583984375
s2,275,robust_mahalanobis,88557,78700,70875,59751,0.843047619047619,8903,7487,0.8409524879254184,8779,7326,0.8344913999316551,1.2084192037582397,10.66195011138916
s2,276,robust_mahalanobis,87709,78000,70302,59295,0.8434326192711445,8680,7329,0.8443548387096774,8727,7348,0.8419846453535006,1.2264286279678345,10.262099266052246
s2,277,robust_mahalanobis,87851,78013,70173,59120,0.8424892765023585,8962,7475,0.8340772149073867,8716,7331,0.841096833409821,1.2174416780471802,10.32789134979248
s2,278,robust_mahalanobis,87549,77666,69922,58793,0.84083693258202,8723,7321,0.8392754786197409,8904,7475,0.8395103324348607,1.2185876369476318,9.848332405090332
s2,279,robust_mahalanobis,88242,78403,70839,59801,0.8441818772145288,8793,7333,0.8339588308882065,8610,7204,0.8367015098722416,1.2180488109588623,10.341692924499512
s2,280,robust_mahalanobis,87631,77894,70175,59125,0.8425365158532241,8812,7494,0.8504312301407172,8644,7286,0.8428968070337807,1.211743950843811,9.785900115966797
s2,281,robust_mahalanobis,88018,78060,70444,59324,0.8421441144739084,8686,7308,0.8413539028321437,8888,7427,0.8356210621062106,1.2177445888519287,10.091910362243652
s2,282,robust_mahalanobis,88075,78014,70370,59147,0.8405144237601251,8870,7384,0.8324689966178128,8835,7429,0.8408602150537634,1.2165213823318481,10.669490814208984
s2,283,robust_mahalanobis,88243,78353,70692,59611,0.8432495897697052,8766,7358,0.8393794204882501,8785,7316,0.8327831531018782,1.2220631837844849,9.960887908935547
s2,284,robust_mahalanobis,87440,77556,69959,58857,0.8413070512728884,8695,7321,0.841978148361127,8786,7448,0.8477122695196904,1.2292683124542236,9.897236824035645
s2,285,robust_mahalanobis,88126,78067,70577,59331,0.8406563044617935,8838,7449,0.8428377460964019,8711,7305,0.8385948800367352,1.2221720218658447,10.543536186218262
s2,286,robust_mahalanobis,87326,77592,69826,58834,0.8425801277461118,8729,7306,0.8369801810058426,8771,7429,0.8469957815528446,1.2147161960601807,9.986559867858887
s2,287,robust_mahalanobis,87731,77838,70330,59154,0.841091994881274,8742,7320,0.8373369938229238,8659,7280,0.8407437348423605,1.224090814590454,10.020543098449707
s2,288,robust_mahalanobis,88215,78231,70523,59419,0.8425478212781645,8770,7322,0.8348916761687571,8922,7460,0.8361353956511993,1.2253988981246948,10.141820907592773
s2,289,robust_mahalanobis,88158,78286,70510,59312,0.8411856474258971,8809,7391,0.8390282665455784,8839,7400,0.8371987781423238,1.2119572162628174,10.257079124450684
s2,290,robust_mahalanobis,87636,77648,70194,58950,0.8398153688349431,8743,7332,0.8386137481413702,8699,7319,0.8413610759857455,1.2104544639587402,10.27698802947998
s2,291,robust_mahalanobis,87804,77817,70136,59001,0.841237025208167,8732,7313,0.8374942739349519,8936,7465,0.8353849597135183,1.2189035415649414,10.39470386505127
s2,292,robust_mahalanobis,88141,78042,70400,59092,0.839375,8922,7482,0.8386012104909213,8819,7391,0.8380768794647919,1.2213687896728516,10.586377143859863
s2,293,robust_mahalanobis,87882,77939,70319,59273,0.8429158548898591,8798,7346,0.8349624914753353,8765,7249,0.8270393610952652,1.223263144493103,10.175541877746582
s2,294,robust_mahalanobis,87717,77820,70175,59031,0.8411970074812968,8816,7429,0.8426724137931034,8726,7331,0.8401329360531744,1.2155649662017822,10.034433364868164
s2,295,robust_mahalanobis,88423,78606,70815,59636,0.8421379651203841,8758,7366,0.8410596026490066,8850,7506,0.8481355932203389,1.2094688415527344,10.26879596710205
s2,296,robust_mahalanobis,88291,78458,70604,59466,0.8422468981927369,8922,7502,0.840842860345214,8765,7360,0.8397033656588705,1.2042510509490967,10.6128511428833
s2,297,robust_mahalanobis,88116,78062,70534,59312,0.8408994243910738,8637,7265,0.8411485469491722,8945,7470,0.835103409726104,1.2163660526275635,10.238862037658691
s2,298,robust_mahalanobis,87932,78065,70328,59205,0.8418410874758275,8738,7350,0.8411535820553903,8866,7426,0.8375817730656441,1.2233927249908447,10.060832977294922
s2,299,robust_mahalanobis,87930,78188,70436,59430,0.8437446760179453,8803,7404,0.8410769056003635,8691,7326,0.8429409734207801,1.2056655883789062,10.45743465423584
s2,300,robust_mahalanobis,87758,77991,70323,59227,0.8422137849636676,8682,7272,0.8375950241879752,8753,7367,0.8416542899577287,1.211060643196106,10.200100898742676
s2,301,robust_mahalanobis,88546,78490,70817,59380,0.8384992304107771,8814,7426,0.842523258452462,8915,7543,0.8461020751542344,1.2035319805145264,10.400604248046875
s2,302,robust_mahalanobis,88004,78180,70564,59425,0.8421433025338699,8837,7430,0.8407830711780016,8603,7219,0.839125886318726,1.2148542404174805,10.273280143737793
s2,303,robust_mahalanobis,87773,78047,70404,59451,0.8444264530424408,8765,7399,0.8441528807758129,8604,7162,0.8324035332403533,1.214938998222351,9.794516563415527
s2,304,robust_mahalanobis,87690,77781,69940,58886,0.8419502430654847,8735,7402,0.8473955352032055,9015,7485,0.8302828618968386,1.2219412326812744,9.814644813537598
s2,305,robust_mahalanobis,88105,78109,70542,59282,0.8403787814351734,8900,7481,0.840561797752809,8663,7284,0.8408172688445111,1.2182918787002563,10.118508338928223
s2,306,robust_mahalanobis,88243,78389,70674,59505,0.8419645131165634,8744,7364,0.8421774931381518,8825,7450,0.8441926345609065,1.2240492105484009,10.111414909362793
s2,307,robust_mahalanobis,87652,77705,70001,58818,0.8402451393551521,8823,7455,0.8449506970418225,8828,7391,0.8372224739465337,1.2143951654434204,10.357851028442383
s2,308,robust_mahalanobis,88297,78257,70660,59482,0.8418058307387489,8758,7362,0.8406028773692624,8879,7416,0.8352291924766303,1.2143927812576294,10.002063751220703
s2,309,robust_mahalanobis,87312,77481,69970,58934,0.8422752608260683,8734,7304,0.836272040302267,8608,7236,0.8406133828996283,1.2184067964553833,10.326070785522461
s2,310,robust_mahalanobis,87512,77560,70054,59001,0.8422217146772489,8681,7204,0.8298583112544637,8777,7277,0.8290987809046371,1.2231169939041138,10.120064735412598
s2,311,robust_mahalanobis,87976,78042,70431,59316,0.8421859692464966,8709,7276,0.835457572626019,8836,7411,0.838727931190584,1.2250739336013794,10.199256896972656
s2,312,robust_mahalanobis,87803,77882,70380,59245,0.8417874396135265,8652,7298,0.8435043920480814,8771,7314,0.833884391745525,1.2224042415618896,9.943089485168457
s2,313,robust_mahalanobis,88188,78146,70594,59307,0.8401138906989263,8745,7318,0.8368210405946255,8849,7456,0.8425810826082043,1.2118198871612549,10.066263198852539
s2,314,robust_mahalanobis,88007,78014,70574,59237,0.839360104287698,8701,7351,0.844845420066659,8732,7294,0.8353183692166744,1.2089167833328247,10.381820678710938
s2,315,robust_mahalanobis,88414,78524,71085,59934,0.8431314623338257,8696,7240,0.8325666973321068,8633,7291,0.8445499826248117,1.2059714794158936,10.341924667358398
s2,316,robust_mahalanobis,87491,77608,69987,58785,0.8399417034592138,8692,7351,0.8457202024850438,8812,7432,0.8433953699500681,1.2041491270065308,10.325088500976562
s2,317,robust_mahalanobis,87992,78212,70584,59512,0.8431372549019608,8586,7192,0.8376426741206615,8822,7447,0.844139650872818,1.2170655727386475,9.625658988952637
s2,318,robust_mahalanobis,87737,77798,70196,59088,0.841757365092028,8741,7280,0.8328566525569157,8800,7441,0.8455681818181818,1.2106788158416748,9.80422306060791
s2,319,robust_mahalanobis,87644,77659,70232,59006,0.8401583323840984,8770,7316,0.8342075256556443,8642,7247,0.8385790326313354,1.2187397480010986,10.1343994140625
s2,320,robust_mahalanobis,87747,77990,70116,59163,0.843787437959952,8719,7341,0.8419543525633674,8912,7473,0.838532315978456,1.230738639831543,9.88608455657959
s2,321,robust_mahalanobis,87709,78031,70067,59022,0.8423651647708622,8818,7500,0.8505330006804264,8824,7413,0.8400951949229375,1.224239706993103,9.902548789978027
s2,322,robust_mahalanobis,87634,77855,70053,58920,0.8410774699156353,8750,7372,0.8425142857142857,8831,7456,0.8442984939417959,1.2069569826126099,10.139595985412598
s2,323,robust_mahalanobis,88319,78279,70600,59294,0.8398583569405099,8899,7478,0.8403191369816834,8820,7405,0.8395691609977324,1.2165346145629883,10.355712890625
s2,324,robust_mahalanobis,88385,78441,70568,59464,0.8426482258247364,8893,7460,0.8388620263128304,8924,7488,0.8390856118332586,1.2241793870925903,9.97835922241211
s2,325,robust_mahalanobis,87944,78072,70312,59164,0.8414495391967232,8753,7417,0.847366617159831,8879,7474,0.8417614596238315,1.2162349224090576,10.443999290466309
s2,326,robust_mahalanobis,87634,77691,70060,58946,0.841364544675992,8706,7304,0.8389616356535723,8868,7420,0.8367162832656744,1.220910906791687,10.46335506439209
s2,327,robust_mahalanobis,87896,77864,70217,58980,0.8399675292308131,8740,7355,0.8415331807780321,8939,7480,0.8367826378789573,1.2133934497833252,9.963536262512207
s2,328,robust_mahalanobis,88113,77990,70619,59325,0.8400713688950566,8726,7340,0.8411643364657346,8768,7301,0.8326870437956204,1.2121155261993408,10.050729751586914
s2,329,robust_mahalanobis,87500,77666,69988,58933,0.8420443504600789,8781,7343,0.8362373306001595,8731,7369,0.8440041232390333,1.214599370956421,10.08665943145752
s2,330,robust_mahalanobis,87871,77913,70160,58918,0.8397662485746864,8909,7475,0.8390391738691211,8802,7423,0.8433310611224721,1.2137984037399292,9.808999061584473
s2,331,robust_mahalanobis,87955,77990,70623,59346,0.840321141837645,8530,7130,0.835873388042204,8802,7409,0.8417405135196546,1.2073631286621094,10.1781005859375
s2,332,robust_mahalanobis,88293,78501,70572,59448,0.8423737459615711,8937,7527,0.842228935884525,8784,7471,0.850523679417122,1.2009706497192383,10.370561599731445
s2,333,robust_mahalanobis,88469,78612,70694,59654,0.8438339887402042,8873,7420,0.8362447875577596,8902,7430,0.8346439002471355,1.2117829322814941,10.628929138183594
s2,334,robust_mahalanobis,87285,77471,69815,58744,0.8414237628016902,8803,7388,0.8392593434056571,8667,7283,0.8403138340833045,1.2136921882629395,10.045169830322266
s2,335,robust_mahalanobis,87966,77912,70480,59226,0.8403234960272418,8638,7219,0.8357258624681639,8848,7437,0.8405289330922242,1.2129082679748535,10.422745704650879
s2,336,robust_mahalanobis,88024,78070,70387,59192,0.8409507437452939,8974,7549,0.841207934031647,8663,7264,0.8385085997922198,1.220009446144104,9.679525375366211
s2,337,robust_mahalanobis,88292,78311,70477,59297,0.8413666870042709,8824,7400,0.8386219401631912,8991,7548,0.8395061728395061,1.215854525566101,10.400984764099121
s2,338,robust_mahalanobis,88232,78273,70423,59165,0.8401374550927964,8905,7571,0.8501965188096575,8904,7457,0.8374887690925427,1.2107676267623901,10.023680686950684
s2,339,robust_mahalanobis,88117,78143,70449,59214,0.8405229314823489,8804,7398,0.840299863698319,8864,7459,0.8414936823104693,1.1988734006881714,10.43521785736084
s2,340,robust_mahalanobis,87931,78161,70531,59445,0.8428208872694276,8757,7384,0.8432111453694188,8643,7235,0.8370936017586487,1.2148703336715698,10.165996551513672
s2,341,robust_mahalanobis,87690,77924,70054,58976,0.8418648471179376,8818,7448,0.8446359718757088,8818,7452,0.8450895894760717,1.2047531604766846,9.962300300598145
s2,342,robust_mahalanobis,88090,78170,70600,59551,0.8434985835694051,8723,7261,0.8323971110856356,8767,7314,0.8342648568495494,1.2236247062683105,10.32819652557373
s2,343,robust_mahalanobis,87864,78034,70176,59068,0.8417122663018696,8821,7416,0.8407210066885841,8867,7373,0.8315100936055035,1.2068214416503906,10.431533813476562
s2,344,robust_mahalanobis,87966,78009,70520,59282,0.8406409529211571,8735,7326,0.8386949055523755,8711,7322,0.8405464355412696,1.209855079650879,10.250433921813965
s2,345,robust_mahalanobis,87629,77733,70112,58949,0.8407833181195801,8756,7383,0.8431932389218821,8761,7405,0.8452231480424609,1.2073379755020142,10.267971992492676
s2,346,robust_mahalanobis,88165,78302,70464,59334,0.8420470027247956,8931,7513,0.8412271862053522,8770,7395,0.8432155074116305,1.2211675643920898,9.75599193572998
s2,347,robust_mahalanobis,87972,78226,70195,59133,0.842410428093169,8945,7523,0.8410285075461151,8832,7414,0.839447463768116,1.210683822631836,10.477171897888184
s2,348,robust_mahalanobis,87823,77986,70270,59216,0.8426924718941227,8670,7266,0.8380622837370242,8883,7484,0.8425081616570979,1.2162983417510986,9.82170295715332
s2,349,robust_mahalanobis,87585,77676,70202,59092,0.8417424005014102,8593,7211,0.8391714185965321,8790,7341,0.8351535836177474,1.2190749645233154,10.358012199401855
s2,350,robust_mahalanobis,87620,77716,70209,59145,0.8424133658078025,8581,7171,0.8356834867731033,8830,7429,0.8413363533408833,1.2118756771087646,10.033878326416016
s2,351,robust_mahalanobis,87848,77984,70529,59439,0.8427597158615605,8591,7217,0.8400651844954021,8728,7364,0.8437213565536206,1.220634937286377,9.85972785949707
s2,352,robust_mahalanobis,88024,78051,70445,59206,0.8404570941869544,8790,7384,0.8400455062571104,8789,7339,0.835021049038571,1.2057886123657227,10.16075325012207
s2,353,robust_mahalanobis,88642,78680,70700,59601,0.843012729844413,8978,7534,0.839162396970372,8964,7535,0.8405845604640786,1.2174947261810303,9.834893226623535
s2,354,robust_mahalanobis,88229,78288,70634,59498,0.8423422147974063,8747,7350,0.8402880987767235,8848,7361,0.8319394213381555,1.2141175270080566,10.178254127502441
s2,355,robust_mahalanobis,88089,78260,70449,59324,0.8420843447032605,8881,7478,0.8420222947866232,8759,7335,0.8374243635118164,1.2221577167510986,10.26129150390625
s2,356,robust_mahalanobis,87701,77673,70099,58981,0.8413957403101329,8736,7331,0.8391712454212454,8866,7338,0.8276562147529889,1.2173429727554321,10.07728385925293
s2,357,robust_mahalanobis,88295,78385,70646,59520,0.8425105455369023,8819,7401,0.8392107948747023,8830,7377,0.8354473386183465,1.2179464101791382,9.947030067443848
s2,358,robust_mahalanobis,88120,78064,70485,59251,0.8406185713272327,8914,7467,0.8376710792012565,8721,7273,0.8339639949547071,1.2277657985687256,10.060037612915039
s2,359,robust_mahalanobis,88212,78102,70549,59274,0.8401820011623127,8775,7321,0.8343019943019943,8888,7411,0.8338208820882088,1.2174019813537598,10.070905685424805
s2,360,robust_mahalanobis,88154,77871,70550,59046,0.8369383416017009,8787,7335,0.8347558893820417,8817,7434,0.8431439265056142,1.216441035270691,10.130577087402344
s2,361,robust_mahalanobis,88067,78092,70581,59376,0.8412462277383432,8751,7371,0.8423037367158039,8735,7323,0.8383514596451059,1.21311616897583,9.890643119812012
s2,362,robust_mahalanobis,88104,78141,70539,59288,0.840499581791633,8705,7342,0.8434233199310741,8860,7445,0.840293453724605,1.2164908647537231,10.014252662658691
s2,363,robust_mahalanobis,88073,78212,70309,59128,0.8409734173434411,8714,7350,0.8434702777140234,9050,7604,0.8402209944751381,1.214651107788086,10.345235824584961
s2,364,robust_mahalanobis,87450,77677,70060,58955,0.8414930059948615,8720,7365,0.8446100917431193,8670,7302,0.8422145328719723,1.2172365188598633,10.779983520507812
s2,365,robust_mahalanobis,87776,77886,70296,59094,0.840645271423694,8617,7237,0.8398514564233492,8863,7463,0.8420399413291211,1.2096924781799316,9.820899963378906
s2,366,robust_mahalanobis,87376,77522,69824,58763,0.8415874197983502,8703,7324,0.841548891186947,8849,7447,0.8415640185331675,1.2152576446533203,10.108423233032227
s2,367,robust_mahalanobis,88295,78330,70803,59607,0.8418711071564764,8736,7344,0.8406593406593407,8756,7380,0.8428506167199634,1.221335768699646,10.008206367492676
s2,368,robust_mahalanobis,87409,77536,69895,58804,0.841319121539452,8859,7432,0.838920871430184,8655,7272,0.8402079722703639,1.221948266029358,10.109516143798828
s2,369,robust_mahalanobis,87625,77804,70108,59023,0.8418868032178924,8839,7483,0.8465889806539201,8678,7270,0.8377506337865868,1.2039122581481934,9.850029945373535
s2,370,robust_mahalanobis,88504,78505,70875,59577,0.8405925925925926,8769,7369,0.8403466757897138,8860,7464,0.8424379232505643,1.2186583280563354,9.897553443908691
s2,371,robust_mahalanobis,87848,77897,70382,59202,0.8411525674178056,8688,7287,0.8387430939226519,8778,7338,0.8359535201640464,1.212058663368225,10.284085273742676
s2,372,robust_mahalanobis,88035,78251,70460,59463,0.8439256315640079,8832,7406,0.8385416666666666,8743,7360,0.84181631019101,1.2126405239105225,10.2198486328125
s2,373,robust_mahalanobis,88363,78499,70564,59482,0.8429510798707556,8771,7398,0.8434614069091324,9028,7534,0.8345148427115641,1.221786379814148,9.899378776550293
s2,374,robust_mahalanobis,87765,77790,70306,59084,0.8403834665604643,8743,7298,0.8347249227953791,8716,7287,0.8360486461679669,1.2140190601348877,10.159388542175293
s2,375,robust_mahalanobis,87947,78061,70408,59253,0.8415662992841723,8760,7319,0.8355022831050228,8779,7420,0.8451987697915481,1.2121061086654663,10.329748153686523
s2,376,robust_mahalanobis,87884,77991,70178,59108,0.8422582575735985,8892,7505,0.844017094017094,8814,7339,0.8326525981393238,1.2209663391113281,10.172038078308105
s2,377,robust_mahalanobis,87809,77835,70267,59034,0.8401383295145659,8966,7588,0.8463082757082311,8576,7209,0.8406016791044776,1.207571029663086,9.791638374328613
s2,378,robust_mahalanobis,87918,78126,70247,59286,0.8439648668270531,8768,7334,0.8364507299270073,8903,7469,0.8389306975176907,1.2183516025543213,10.405826568603516
s2,379,robust_mahalanobis,88177,78182,70653,59328,0.8397095664727613,8788,7410,0.8431952662721893,8736,7394,0.8463827838827839,1.2142653465270996,10.410929679870605
s2,380,robust_mahalanobis,87742,77885,70114,59095,0.8428416578714665,8822,7427,0.8418725912491498,8806,7394,0.8396547808312514,1.2247012853622437,10.213366508483887
s2,381,robust_mahalanobis,87692,77773,70201,59027,0.8408284782268058,8743,7330,0.8383849937092531,8748,7350,0.8401920438957476,1.2125463485717773,9.946048736572266
s2,382,robust_mahalanobis,88176,78348,70682,59507,0.8418975128038256,8656,7334,0.8472735674676525,8838,7467,0.8448744059742023,1.2093431949615479,10.018024444580078
s2,383,robust_mahalanobis,87693,77565,70230,58844,0.8378755517585078,8759,7345,0.8385660463523233,8704,7333,0.8424862132352942,1.219051480293274,10.2315673828125
s2,384,robust_mahalanobis,88098,78132,70521,59413,0.842486635186682,8803,7319,0.831421106440986,8774,7359,0.838728060177798,1.2191600799560547,10.517484664916992
s2,385,robust_mahalanobis,87725,77893,70235,59170,0.8424574642272371,8699,7338,0.8435452350844924,8791,7375,0.8389261744966443,1.2139697074890137,9.957315444946289
s2,386,robust_mahalanobis,88104,78240,70474,59425,0.8432187757187047,8731,7324,0.8388500744473715,8899,7485,0.8411057422182268,1.2262613773345947,10.060587882995605
s2,387,robust_mahalanobis,88020,78071,70656,59337,0.8398012907608695,8794,7457,0.8479645212644985,8570,7231,0.8437572928821471,1.2128762006759644,10.1082763671875
s2,388,robust_mahalanobis,87828,77905,70347,59135,0.8406186475613743,8755,7334,0.8376927470017133,8726,7338,0.8409351363740546,1.2148969173431396,10.272107124328613
s2,389,robust_mahalanobis,88003,78025,70602,59319,0.8401886632106739,8580,7215,0.8409090909090909,8821,7441,0.8435551524770434,1.2173675298690796,10.283799171447754
s2,390,robust_mahalanobis,87675,77848,70239,59155,0.8421959310354646,8785,7389,0.8410927717700626,8651,7269,0.8402496821176743,1.2165037393569946,9.900544166564941
s2,391,robust_mahalanobis,88437,78411,70653,59400,0.8407286314806165,8942,7449,0.8330351151867591,8842,7430,0.8403076227097942,1.214776873588562,10.077020645141602
s2,392,robust_mahalanobis,88177,78423,70795,59694,0.8431951408997811,8697,7376,0.8481085431758077,8685,7276,0.8377662636729994,1.2157994508743286,10.452048301696777
s2,393,robust_mahalanobis,87872,78001,70237,59078,0.8411236243005823,8811,7377,0.8372488934286687,8824,7426,0.8415684496826836,1.2111912965774536,10.506044387817383
s2,394,robust_mahalanobis,88066,78105,70660,59481,0.8417916784602321,8703,7313,0.840284959209468,8703,7242,0.832126852809376,1.2177034616470337,10.055264472961426
s2,395,robust_mahalanobis,87933,78016,70258,59187,0.8424236385891998,8812,7410,0.8408987743985474,8863,7434,0.8387679115423672,1.2259557247161865,9.795554161071777
s2,396,robust_mahalanobis,87488,77520,69891,58688,0.8397075446051709,8787,7423,0.8447706839649483,8810,7403,0.8402951191827469,1.2154710292816162,10.493310928344727
s2,397,robust_mahalanobis,87903,77987,70501,59356,0.84191713592715,8643,7267,0.8407960199004975,8759,7348,0.8389085512044754,1.2114266157150269,9.93586540222168
s2,398,robust_mahalanobis,87948,78143,70203,59104,0.8419013432474396,8970,7616,0.8490523968784839,8775,7380,0.841025641025641,1.2246513366699219,10.16069221496582
s2,399,robust_mahalanobis,87597,77600,70091,58975,0.8414061719764306,8696,7294,0.8387764489420423,8810,7357,0.8350737797956868,1.219329833984375,9.960253715515137
s2,400,robust_mahalanobis,88105,78173,70516,59328,0.8413409722616144,8785,7359,0.837677859988617,8804,7412,0.841890049977283,1.2139766216278076,10.090770721435547
s2,401,robust_mahalanobis,87990,78088,70390,59184,0.840801250177582,8772,7401,0.8437072503419972,8828,7417,0.8401676483914816,1.202183485031128,10.400063514709473
s2,402,robust_mahalanobis,88195,78110,70588,59259,0.8395052983509945,8639,7255,0.8397962727167496,8968,7515,0.8379794826048171,1.2068425416946411,9.982994079589844
s2,403,robust_mahalanobis,87800,77890,70193,59091,0.8418360805208497,8776,7354,0.8379671832269827,8831,7423,0.840561657796399,1.2217962741851807,9.939247131347656
s2,404,robust_mahalanobis,88254,78315,70533,59361,0.8416060567393986,8846,7437,0.8407189690255483,8875,7459,0.8404507042253521,1.2245502471923828,10.293379783630371
s2,405,robust_mahalanobis,88129,78221,70539,59488,0.8433348927543628,8763,7351,0.8388679675910077,8827,7367,0.8345983912994223,1.2233386039733887,9.937932014465332
s2,406,robust_mahalanobis,87966,78200,70333,59200,0.8417101502850725,8944,7507,0.8393336314847942,8689,7332,0.8438255265277937,1.2002650499343872,10.170328140258789
s2,407,robust_mahalanobis,87649,77717,70195,59023,0.8408433649120308,8822,7412,0.8401722965313988,8632,7239,0.8386237256719185,1.2065614461898804,10.36582088470459
s2,408,robust_mahalanobis,87960,78016,70286,59026,0.8397973991975642,8770,7369,0.8402508551881414,8904,7518,0.8443396226415094,1.2167768478393555,9.992389678955078
s2,409,robust_mahalanobis,88246,78256,70533,59298,0.8407128578112373,8856,7476,0.8441734417344173,8857,7447,0.8408038839336118,1.2182433605194092,10.31165599822998
s2,410,robust_mahalanobis,87958,77941,70611,59319,0.8400815736924842,8674,7260,0.8369840903850588,8673,7275,0.838810100311311,1.205660343170166,10.03299331665039
s2,411,robust_mahalanobis,88056,78368,70409,59453,0.8443948926983766,8875,7463,0.8409014084507043,8772,7375,0.8407432740538076,1.2119017839431763,10.181863784790039
s2,412,robust_mahalanobis,88300,78406,70442,59397,0.8432043383208881,8958,7476,0.8345612860013396,8900,7492,0.8417977528089887,1.2184385061264038,10.50950813293457
s2,413,robust_mahalanobis,87701,77724,70003,58845,0.8406068311358085,8884,7473,0.8411751463304817,8814,7432,0.8432039936464715,1.2125215530395508,9.979415893554688
s2,414,robust_mahalanobis,87927,78024,70457,59270,0.8412223058035397,8724,7384,0.8464007336084365,8746,7344,0.8396981477246741,1.2105333805084229,10.278762817382812
s2,415,robust_mahalanobis,87720,77681,70178,58945,0.8399355923508792,8735,7350,0.8414424728105323,8807,7336,0.8329737708640854,1.2215330600738525,10.447403907775879
s2,416,robust_mahalanobis,87916,77834,70374,59060,0.839230397590019,8768,7364,0.8398722627737226,8774,7384,0.8415773877364942,1.2116367816925049,10.348762512207031
s2,417,robust_mahalanobis,88171,78264,70703,59535,0.8420434776459274,8790,7376,0.8391353811149033,8678,7281,0.8390182069601291,1.2081079483032227,10.262153625488281
s2,418,robust_mahalanobis,88266,78451,70448,59407,0.8432744719509425,8899,7512,0.8441397909877514,8919,7468,0.8373136001793923,1.2281873226165771,9.865126609802246
s2,419,robust_mahalanobis,88062,78238,70462,59353,0.8423405523544606,8812,7379,0.8373808443032229,8788,7479,0.8510468821119709,1.2094929218292236,9.929424285888672
s2,420,robust_mahalanobis,87821,77888,70246,59080,0.8410443299262591,8740,7325,0.8381006864988558,8835,7494,0.8482173174872666,1.2154126167297363,10.030738830566406
s2,421,robust_mahalanobis,87135,77259,69798,58783,0.8421874552279435,8691,7290,0.8387987573351743,8646,7254,0.8390006939625261,1.2154889106750488,9.875536918640137
s2,422,robust_mahalanobis,87960,78025,70299,59150,0.8414059943953683,8798,7339,0.8341668561036599,8863,7438,0.8392192259957125,1.218084692955017,10.47412109375
s2,423,robust_mahalanobis,88023,78049,70393,59197,0.8409500944696205,8817,7369,0.8357718044686401,8813,7411,0.8409168274140474,1.211647629737854,10.149680137634277
s2,424,robust_mahalanobis,87971,77942,70445,59161,0.8398182979629498,8746,7322,0.8371827120969586,8780,7411,0.8440774487471526,1.2184175252914429,10.349830627441406
s2,425,robust_mahalanobis,87855,77991,70065,59041,0.8426603867837008,8893,7430,0.8354885865287305,8897,7436,0.8357873440485557,1.2169597148895264,10.394911766052246
s2,426,robust_mahalanobis,87510,77578,69898,58773,0.8408395089988269,8726,7313,0.8380701352280541,8886,7464,0.8399729912221472,1.220389723777771,10.151323318481445
s2,427,robust_mahalanobis,87960,78074,70359,59200,0.8413991102772922,8734,7366,0.8433707350583924,8867,7446,0.8397428668095185,1.2171921730041504,9.711846351623535
s2,428,robust_mahalanobis,87767,77992,70066,59016,0.8422915536779608,8799,7383,0.839072621888851,8902,7537,0.8466636710851494,1.2124656438827515,10.869430541992188
s2,429,robust_mahalanobis,87708,77831,70098,59025,0.8420354361037404,8903,7471,0.839155340896327,8707,7267,0.8346158263466177,1.2185471057891846,10.242905616760254
s2,430,robust_mahalanobis,87816,77950,70250,59130,0.8417081850533807,8785,7421,0.844735344336938,8781,7410,0.8438674410659378,1.222135305404663,10.07107925415039
s2,431,robust_mahalanobis,87713,77773,70084,58938,0.8409622738428172,8908,7486,0.8403682083520431,8721,7310,0.8382066276803118,1.2117565870285034,10.219408988952637
s2,432,robust_mahalanobis,88176,78176,70412,59272,0.8417883315343976,8957,7528,0.8404599754382047,8807,7373,0.8371749744521404,1.21262788772583,10.212810516357422
s2,433,robust_mahalanobis,88016,78122,70368,59241,0.8418741473396999,8882,7446,0.8383247016437739,8766,7318,0.8348163358430298,1.2110899686813354,10.079163551330566
s2,434,robust_mahalanobis,87902,78082,70317,59215,0.842114993529303,8824,7402,0.8388485947416138,8761,7452,0.8505878324392193,1.2099609375,10.145968437194824
s2,435,robust_mahalanobis,87657,77900,69901,58946,0.8432783508104319,8911,7547,0.8469307597351587,8845,7439,0.84104013566987,1.219329833984375,9.815553665161133
s2,436,robust_mahalanobis,87933,78060,70188,59101,0.8420385251040063,8988,7553,0.8403426791277259,8757,7377,0.842411784857828,1.2203850746154785,10.405495643615723
s2,437,robust_mahalanobis,88471,78799,70783,59734,0.8439031970953478,8867,7451,0.8403067553851359,8821,7494,0.8495635415485773,1.2188202142715454,10.250587463378906
s2,438,robust_mahalanobis,87536,77703,69845,58819,0.8421361586369819,8774,7384,0.8415773877364942,8917,7452,0.8357070763709767,1.2144999504089355,9.879539489746094
s2,439,robust_mahalanobis,88388,78425,70615,59469,0.8421581816894428,8899,7465,0.8388582986852455,8874,7471,0.8418976786116745,1.2153629064559937,10.141075134277344
s2,440,robust_mahalanobis,87508,77615,69950,58868,0.8415725518227305,8798,7335,0.8337122073198454,8760,7397,0.8444063926940639,1.2149015665054321,10.069024085998535
s2,441,robust_mahalanobis,87618,77739,70010,58871,0.8408941579774318,8859,7476,0.843887571960718,8749,7376,0.8430677791747628,1.2189829349517822,10.053783416748047
s2,442,robust_mahalanobis,87530,77600,69957,58829,0.8409308575267664,8801,7378,0.8383138279740938,8772,7365,0.8396032831737346,1.2218644618988037,9.996405601501465
s2,443,robust_mahalanobis,87952,78059,70271,59124,0.8413712626830414,8824,7402,0.8388485947416138,8857,7463,0.8426103646833013,1.2096936702728271,10.036684036254883
s2,444,robust_mahalanobis,87898,78027,70406,59314,0.842456608811749,8788,7400,0.8420573509330905,8704,7265,0.8346737132352942,1.2153717279434204,10.064545631408691
s2,445,robust_mahalanobis,87875,77897,70290,59114,0.8410015649452269,8839,7386,0.8356148885620546,8746,7345,0.8398124857077521,1.2246432304382324,10.071329116821289
s2,446,robust_mahalanobis,87873,78080,70154,59152,0.8431735895316019,8799,7394,0.8403227639504489,8920,7467,0.8371076233183856,1.212393045425415,10.238210678100586
s2,447,robust_mahalanobis,87778,78004,70370,59278,0.842376012505329,8777,7345,0.8368463028369603,8631,7276,0.8430077627157919,1.2125740051269531,10.225676536560059
s2,448,robust_mahalanobis,87776,77752,70179,58952,0.8400233688140327,8767,7336,0.8367742671381316,8830,7396,0.837599093997735,1.2193427085876465,10.070509910583496
s2,449,robust_mahalanobis,87361,77435,69852,58755,0.8411355437210102,8854,7396,0.8353286650101649,8655,7282,0.8413633737723859,1.219382882118225,10.177592277526855
s2,450,robust_mahalanobis,87922,78041,70118,59058,0.8422658946347585,8944,7497,0.8382155635062611,8860,7461,0.842099322799097,1.2068917751312256,10.073034286499023
s2,451,robust_mahalanobis,88002,78015,70459,59198,0.8401765565790034,8866,7431,0.8381457252424994,8677,7295,0.8407283623372134,1.2157299518585205,10.34499454498291
s2,452,robust_mahalanobis,88140,78227,70597,59406,0.8414805161692424,8794,7366,0.837616556743234,8749,7378,0.843296376728769,1.2159215211868286,9.685870170593262
s2,453,robust_mahalanobis,87721,77954,70156,59129,0.8428217116141171,8786,7411,0.8435010243569315,8779,7355,0.837794737441622,1.2136714458465576,9.942397117614746
s2,454,robust_mahalanobis,88168,78180,70667,59428,0.8409582973665218,8716,7294,0.8368517668655346,8785,7449,0.8479225953329539,1.2177422046661377,10.19157600402832
s2,455,robust_mahalanobis,87979,78003,70395,59229,0.841380779884935,8727,7318,0.8385470379282686,8857,7423,0.8380941628090776,1.2237855195999146,10.090755462646484
s2,456,robust_mahalanobis,88067,78049,70479,59235,0.8404631166730515,8799,7366,0.8371405841572906,8789,7339,0.835021049038571,1.2157490253448486,10.182110786437988
s2,457,robust_mahalanobis,88679,78734,70963,59784,0.8424672012175359,8792,7405,0.8422429481346679,8924,7524,0.8431196772747647,1.2112407684326172,9.808721542358398
s2,458,robust_mahalanobis,88179,78235,70393,59249,0.841688804284517,8859,7459,0.8419686194830116,8927,7443,0.8337627422426347,1.2141069173812866,10.360986709594727
s2,459,robust_mahalanobis,87762,77935,69964,58986,0.8430907323766509,8840,7349,0.8313348416289593,8958,7520,0.8394730966733646,1.2166234254837036,10.68053150177002
s2,460,robust_mahalanobis,87561,77706,69943,58910,0.8422572666313999,8742,7351,0.8408830931137039,8876,7445,0.838778729157278,1.2173216342926025,9.88742733001709
s2,461,robust_mahalanobis,87698,77746,70235,59051,0.840763152274507,8758,7325,0.8363781685316283,8705,7276,0.8358414704192992,1.2168810367584229,10.29671859741211
s2,462,robust_mahalanobis,87619,77960,70211,59222,0.8434860634373531,8612,7285,0.8459126799814213,8796,7423,0.843906321055025,1.22023344039917,9.95412826538086
s2,463,robust_mahalanobis,88318,78228,70533,59252,0.8400606808160719,8940,7499,0.8388143176733781,8845,7431,0.840135669869983,1.221479892730713,10.0383882522583
s2,464,robust_mahalanobis,87870,77855,70138,59025,0.8415552197097151,8918,7481,0.8388652164162368,8814,7375,0.836737009303381,1.226093053817749,9.82368278503418
s2,465,robust_mahalanobis,87865,78057,70268,59320,0.8441965048101554,8900,7436,0.8355056179775281,8697,7308,0.8402897550879613,1.2202661037445068,10.323138236999512
s2,466,robust_mahalanobis,88115,78093,70669,59425,0.8408920460173485,8740,7392,0.845766590389016,8706,7307,0.8393062255915461,1.2166427373886108,10.140844345092773
s2,467,robust_mahalanobis,87888,78085,70209,59145,0.8424133658078025,8891,7474,0.8406253514790237,8788,7384,0.8402366863905325,1.211576223373413,10.395742416381836
s2,468,robust_mahalanobis,87665,77844,69968,58823,0.8407128973244912,8995,7583,0.843023902167871,8702,7317,0.8408411859342679,1.215107798576355,10.050567626953125
s2,469,robust_mahalanobis,87827,77807,70275,58993,0.8394592671647101,8742,7341,0.8397391901166781,8810,7377,0.8373439273552781,1.2234718799591064,10.136613845825195
s2,470,robust_mahalanobis,87717,77659,70259,59044,0.8403763218947039,8718,7300,0.8373480155999082,8740,7327,0.8383295194508009,1.218101978302002,10.359237670898438
s2,471,robust_mahalanobis,88995,78890,71193,59833,0.8404337505091792,8884,7443,0.8377982890589825,8918,7522,0.8434626597891904,1.2008848190307617,10.228096008300781
s2,472,robust_mahalanobis,88029,78017,70406,59128,0.8398147885123427,8861,7437,0.8392957905428281,8762,7365,0.8405615156356996,1.217309832572937,9.743667602539062
s2,473,robust_mahalanobis,87701,77864,70230,59160,0.8423750533959846,8747,7315,0.8362867268777867,8724,7349,0.8423888124713435,1.2260715961456299,9.796957015991211
s2,474,robust_mahalanobis,88418,78568,70689,59532,0.8421678054577091,8991,7554,0.8401735068401736,8738,7355,0.8417257953765164,1.220576524734497,10.116016387939453
s2,475,robust_mahalanobis,88016,78120,70242,59059,0.840793257595171,8997,7609,0.845726353228854,8777,7381,0.840947932095249,1.2079952955245972,10.125885963439941
s2,476,robust_mahalanobis,87803,77867,70295,59078,0.8404296180382673,8735,7290,0.8345735546651403,8773,7406,0.8441810099167901,1.2059924602508545,10.818028450012207
s2,477,robust_mahalanobis,87933,77998,70428,59302,0.8420230590106208,8732,7289,0.8347457627118644,8773,7383,0.8415593297617691,1.2254101037979126,10.06071949005127
s2,478,robust_mahalanobis,87507,77544,70061,58889,0.840538958907238,8745,7308,0.8356775300171526,8701,7288,0.837604873003103,1.2124245166778564,10.592309951782227
s2,479,robust_mahalanobis,87755,78032,70229,59179,0.8426575915932165,8825,7486,0.848271954674221,8701,7310,0.8401333180094243,1.2117552757263184,10.057905197143555
s2,480,robust_mahalanobis,87620,77728,70144,59019,0.8413976961678832,8851,7487,0.8458931194215343,8625,7245,0.84,1.2162878513336182,9.938740730285645
s2,481,robust_mahalanobis,88445,78623,70750,59581,0.8421342756183745,8883,7518,0.8463356973995272,8812,7467,0.8473672265093055,1.197239875793457,10.125202178955078
s2,482,robust_mahalanobis,88390,78500,70718,59517,0.841610339658927,8855,7421,0.8380575945793337,8817,7424,0.8420097538845412,1.214353322982788,10.39163875579834
s2,483,robust_mahalanobis,87632,77750,69980,58866,0.8411831951986282,8862,7453,0.841006544798014,8790,7351,0.8362912400455063,1.230683445930481,10.16835880279541
s2,484,robust_mahalanobis,88140,78122,70658,59322,0.8395652296979819,8867,7460,0.8413217548212473,8615,7243,0.840742890307603,1.211344838142395,10.277731895446777
s2,485,robust_mahalanobis,87902,77826,70320,59099,0.840429465301479,8819,7400,0.8390974033337113,8763,7359,0.8397808969530982,1.214722990989685,10.269059181213379
s2,486,robust_mahalanobis,88388,78376,70829,59549,0.840743198407432,8773,7336,0.8362019833580303,8786,7378,0.8397450489414978,1.2199392318725586,10.289600372314453
s2,487,robust_mahalanobis,87791,77863,70076,58967,0.8414721159883555,8844,7401,0.8368385345997287,8871,7450,0.8398151279449892,1.2076866626739502,10.191899299621582
s2,488,robust_mahalanobis,88265,78296,70493,59301,0.8412324627977246,8985,7569,0.8424040066777964,8787,7344,0.8357801297371117,1.2116836309432983,9.970194816589355
s2,489,robust_mahalanobis,87976,78063,70411,59290,0.8420559287611311,8794,7339,0.8345462815556061,8771,7379,0.8412951772887927,1.227358341217041,10.370102882385254
s2,490,robust_mahalanobis,88287,78309,70693,59456,0.8410450822570834,8874,7478,0.8426864998873113,8720,7307,0.8379587155963303,1.221023440361023,10.203022956848145
s2,491,robust_mahalanobis,87756,78106,70228,59149,0.8422424104345845,8666,7348,0.8479113777982922,8862,7473,0.8432633716993907,1.2069473266601562,10.34396743774414
s2,492,robust_mahalanobis,88277,78449,70548,59466,0.8429154618132335,8866,7530,0.8493119783442364,8863,7394,0.8342547670089134,1.218153953552246,10.208650588989258
s2,493,robust_mahalanobis,87439,77593,69843,58731,0.8409003049697178,8745,7316,0.836592338479131,8851,7473,0.844311377245509,1.2151379585266113,10.279784202575684
s2,494,robust_mahalanobis,88146,78231,70712,59449,0.8407201040841724,8669,7285,0.8403506748183182,8765,7352,0.8387906446092414,1.2068042755126953,9.79100227355957
s2,495,robust_mahalanobis,88249,78176,70660,59385,0.8404330597226154,8857,7442,0.8402393586993339,8732,7330,0.8394411360513055,1.212691068649292,9.879003524780273
s2,496,robust_mahalanobis,87721,77756,70424,59163,0.8400971259797796,8554,7190,0.8405424362871171,8743,7360,0.84181631019101,1.2167526483535767,10.203582763671875
s2,497,robust_mahalanobis,87554,77564,70247,59030,0.8403205830853987,8544,7116,0.8328651685393258,8763,7352,0.8389820837612689,1.21285080909729,10.269383430480957
s2,498,robust_mahalanobis,87782,77890,70513,59308,0.8410931317629373,8613,7211,0.8372228027400441,8656,7305,0.8439232902033271,1.2133779525756836,10.33760929107666
s2,499,robust_mahalanobis,87774,77969,70229,59143,0.8421449828418459,8807,7365,0.8362666061087771,8738,7371,0.8435568780041199,1.2180815935134888,10.10079574584961
s2,500,robust_mahalanobis,87818,77963,70259,59085,0.8409598770264308,8813,7415,0.8413707023714967,8746,7368,0.8424422593185457,1.2106142044067383,10.317764282226562
s2,501,robust_mahalanobis,88107,78154,70490,59336,0.8417647893318201,8815,7417,0.8414066931366988,8802,7352,0.8352647125653261,1.2118052244186401,10.324800491333008
s2,502,robust_mahalanobis,87136,77345,69577,58644,0.842864739784699,8712,7283,0.8359733700642792,8847,7410,0.8375720583248559,1.2268348932266235,10.056465148925781
s2,503,robust_mahalanobis,88036,78138,70335,59236,0.8421980521788583,8802,7385,0.8390138604862531,8899,7461,0.8384088099786493,1.2177623510360718,10.172764778137207
s2,504,robust_mahalanobis,87857,77884,70391,59132,0.840050574647327,8799,7362,0.8366859870439822,8667,7273,0.8391600323064498,1.2146555185317993,9.962701797485352
s2,505,robust_mahalanobis,87803,77929,70118,59094,0.8427793148692204,8868,7436,0.8385205232295896,8817,7373,0.8362254735170693,1.2179510593414307,9.844794273376465
s2,506,robust_mahalanobis,87788,78014,70059,59096,0.8435176065887323,8888,7460,0.8393339333933393,8841,7438,0.8413075443954304,1.223253607749939,9.896076202392578
s2,507,robust_mahalanobis,88137,78439,70466,59575,0.8454431924616127,8787,7384,0.8403323090929783,8884,7476,0.8415128320576317,1.235188603401184,10.14805793762207
s2,508,robust_mahalanobis,87892,77875,70053,58884,0.8405635732945056,8927,7459,0.8355550576901535,8912,7446,0.8355026929982047,1.2208175659179688,10.114349365234375
s2,509,robust_mahalanobis,87556,77759,70001,58988,0.8426736760903416,8786,7393,0.8414523104939676,8769,7354,0.8386361044588893,1.2174891233444214,10.14758014678955
s2,510,robust_mahalanobis,88244,78172,70433,59194,0.8404299121150597,9006,7505,0.8333333333333334,8805,7365,0.8364565587734242,1.2198741436004639,10.403271675109863
s2,511,robust_mahalanobis,87426,77493,69961,58808,0.8405826103114592,8628,7243,0.8394761242466389,8837,7407,0.83818037795632,1.2120718955993652,10.205242156982422
s2,512,robust_mahalanobis,88065,78183,70331,59280,0.8428715644594844,8705,7334,0.8425043078690407,9029,7573,0.8387418318750692,1.215872883796692,10.264546394348145
s2,513,robust_mahalanobis,87688,77814,70102,59010,0.8417734158797181,8873,7427,0.8370336977347008,8713,7307,0.8386319293010445,1.2183693647384644,10.788955688476562
s2,514,robust_mahalanobis,87795,77909,70096,59026,0.8420737274594842,8897,7478,0.8405080364167697,8802,7391,0.8396955237446035,1.2140272855758667,10.131465911865234
s2,515,robust_mahalanobis,88092,78148,70498,59331,0.8415983432154104,8654,7256,0.8384562052230182,8940,7450,0.8333333333333334,1.2157975435256958,10.066339492797852
s2,516,robust_mahalanobis,87680,77981,70201,59167,0.8428227518126522,8711,7367,0.8457123177591551,8768,7440,0.8485401459854015,1.222283959388733,9.823939323425293
s2,517,robust_mahalanobis,88005,78021,70412,59193,0.8406663636880077,8789,7465,0.8493571509841847,8804,7353,0.8351885506587915,1.213882327079773,9.982078552246094
s2,518,robust_mahalanobis,87637,77731,70236,59147,0.8421180021641324,8767,7287,0.8311851260408349,8634,7284,0.8436414176511466,1.2065649032592773,10.22723388671875
s2,519,robust_mahalanobis,87796,77965,70502,59404,0.8425860259283424,8623,7315,0.8483126522092079,8671,7298,0.8416560950294084,1.2207618951797485,10.033284187316895
s2,520,robust_mahalanobis,87804,77798,70247,59026,0.8402636411519353,8824,7355,0.8335222121486854,8733,7319,0.8380854231077522,1.2173564434051514,10.345051765441895
s2,521,robust_mahalanobis,87980,78025,70286,59063,0.8403238198218707,8855,7478,0.8444946357989837,8839,7429,0.8404796922728816,1.214879035949707,10.285381317138672
s2,522,robust_mahalanobis,87729,77907,70119,59002,0.8414552403770733,8862,7466,0.8424734822839088,8748,7379,0.8435070873342478,1.218528151512146,9.879874229431152
s2,523,robust_mahalanobis,87520,77677,69798,58757,0.8418149517178143,8731,7334,0.8399954186232963,8991,7518,0.8361695028361695,1.21299147605896,10.400918960571289
s2,524,robust_mahalanobis,87982,77959,70215,59027,0.8406608274585202,8839,7431,0.84070596221292,8928,7506,0.8407258064516129,1.219238042831421,9.878071784973145
s2,525,robust_mahalanobis,87312,77679,69852,58916,0.8434404168814064,8703,7361,0.8458002987475584,8757,7425,0.8478931140801644,1.2180733680725098,10.197251319885254
s2,526,robust_mahalanobis,87668,77852,70220,59173,0.8426801481059527,8711,7369,0.8459419125243944,8737,7290,0.8343825111594368,1.2152692079544067,10.049565315246582
s2,527,robust_mahalanobis,88089,78066,70415,59130,0.8397358517361357,8864,7463,0.8419449458483754,8810,7368,0.836322360953462,1.2200241088867188,10.158758163452148
s2,528,robust_mahalanobis,87425,77559,69773,58733,0.8417726054490993,8765,7355,0.8391329150028523,8887,7502,0.8441543828063464,1.2146217823028564,10.554275512695312
s2,529,robust_mahalanobis,87921,77866,70278,59044,0.8401491220581121,8886,7410,0.8338960162052668,8757,7379,0.8426401735754254,1.2200615406036377,10.158753395080566
s2,530,robust_mahalanobis,87667,78046,70169,59250,0.8443899727800026,8878,7474,0.841856273935571,8620,7296,0.8464037122969837,1.2134515047073364,9.976217269897461
s2,531,robust_mahalanobis,87637,77801,69995,58898,0.8414601042931638,8856,7401,0.8357046070460704,8786,7404,0.8427043022991122,1.2081592082977295,10.33206558227539
s2,532,robust_mahalanobis,87946,78063,70335,59232,0.8421411814885903,8857,7438,0.8397877385119115,8754,7349,0.8395019419693854,1.2277510166168213,10.452592849731445
s2,533,robust_mahalanobis,87851,78074,70360,59310,0.8429505400795907,8737,7344,0.8405631223532105,8754,7284,0.8320767649074708,1.221940517425537,10.0913724899292
s2,534,robust_mahalanobis,87799,77797,70326,59089,0.8402155674999289,8716,7315,0.8392611289582377,8757,7347,0.8389859540938678,1.2152836322784424,10.158611297607422
s2,535,robust_mahalanobis,87593,77709,70093,58860,0.839741486311044,8660,7342,0.8478060046189376,8840,7458,0.8436651583710407,1.211822509765625,10.118766784667969
s2,536,robust_mahalanobis,88066,78168,70434,59264,0.8414118181560042,8810,7421,0.8423382519863791,8822,7410,0.839945590569032,1.2120702266693115,10.05811882019043
s2,537,robust_mahalanobis,87889,78185,70476,59554,0.8450252568250185,8765,7394,0.8435824301197946,8648,7239,0.8370721554116559,1.2086259126663208,10.27169418334961
s2,538,robust_mahalanobis,88363,78393,70681,59483,0.8415698702621638,8830,7368,0.8344280860702151,8852,7470,0.8438770899231812,1.215757966041565,10.087258338928223
s2,539,robust_mahalanobis,87993,78193,70279,59131,0.8413750907098849,8828,7504,0.8500226551880381,8886,7486,0.8424487958586541,1.2161561250686646,9.963909149169922
s2,540,robust_mahalanobis,87908,78002,70405,59223,0.8411760528371565,8794,7453,0.8475096656811463,8709,7252,0.8327018027328051,1.210955023765564,10.27599048614502
s2,541,robust_mahalanobis,87834,78152,70271,59400,0.8452989142035833,8816,7361,0.8349591651542649,8747,7339,0.8390305247513433,1.2147154808044434,10.000813484191895
s2,542,robust_mahalanobis,88394,78543,70638,59572,0.8433421104787792,8874,7439,0.8382916384944783,8882,7479,0.8420400810628237,1.2181622982025146,9.944469451904297
s2,543,robust_mahalanobis,87384,77632,69895,58989,0.8439659489233851,8782,7344,0.8362559781370986,8707,7312,0.8397840817732859,1.2188103199005127,10.100028038024902
s2,544,robust_mahalanobis,87761,77927,70481,59387,0.8425958769029951,8589,7196,0.8378158109209454,8691,7297,0.8396041882407088,1.2117382287979126,10.360323905944824
s2,545,robust_mahalanobis,87776,77788,70181,58968,0.8402274119776008,8849,7361,0.8318454062605944,8746,7384,0.8442716670477933,1.205575704574585,10.198518753051758
s2,546,robust_mahalanobis,87916,78096,70482,59382,0.8425129820379671,8699,7344,0.8442349695367284,8735,7347,0.8410990269032628,1.2192347049713135,10.063456535339355
s2,547,robust_mahalanobis,87827,77950,70345,59202,0.8415949960906959,8676,7235,0.8339096357768557,8806,7431,0.8438564615035203,1.2150495052337646,10.47387981414795
s2,548,robust_mahalanobis,87807,77865,70374,59183,0.8409782021769403,8740,7350,0.8409610983981693,8693,7301,0.8398711607040147,1.2126190662384033,10.175905227661133
s2,549,robust_mahalanobis,88209,78215,70710,59450,0.8407580257389337,8727,7326,0.8394637332416638,8772,7414,0.8451892384860921,1.2115389108657837,10.344929695129395
s2,550,robust_mahalanobis,88048,78121,70595,59380,0.8411360577944613,8807,7391,0.8392188032247077,8646,7305,0.8448993754337266,1.2148516178131104,10.047929763793945
s2,551,robust_mahalanobis,86965,77211,69662,58675,0.8422813011397893,8718,7339,0.8418215186969489,8585,7201,0.8387885847408271,1.2232816219329834,10.07514762878418
s2,552,robust_mahalanobis,88034,78130,70346,59259,0.8423933130526255,8797,7408,0.8421052631578947,8891,7475,0.840737824766618,1.2271614074707031,9.695197105407715
s2,553,robust_mahalanobis,88266,78210,70813,59519,0.8405095109655006,8753,7293,0.8332000456986176,8700,7280,0.8367816091954023,1.221695065498352,10.055401802062988
s2,554,robust_mahalanobis,87587,77840,69850,58972,0.8442662848962061,8889,7438,0.8367645404432444,8848,7449,0.841885171790235,1.219954490661621,10.347434997558594
s2,555,robust_mahalanobis,87762,78178,70013,59216,0.8457857826403667,8900,7494,0.8420224719101124,8849,7397,0.8359136625607413,1.2185983657836914,10.332676887512207
s2,556,robust_mahalanobis,87940,78200,70381,59357,0.8433668177491084,8696,7294,0.8387764489420423,8863,7489,0.8449734852758659,1.2191590070724487,10.189452171325684
s2,557,robust_mahalanobis,88433,78567,70667,59445,0.8411988622695176,8878,7483,0.8428700157693174,8888,7525,0.8466471647164716,1.1994925737380981,10.320107460021973
s2,558,robust_mahalanobis,87826,77790,70317,58987,0.8388725343800219,8538,7184,0.8414148512532209,8971,7514,0.8375877828558689,1.2083200216293335,9.929084777832031
s2,559,robust_mahalanobis,87669,77835,70278,59187,0.8421838982327329,8706,7329,0.8418332184700207,8685,7271,0.8371905584340817,1.2208046913146973,10.504036903381348
s2,560,robust_mahalanobis,87715,77760,70312,59056,0.8399135282739788,8772,7348,0.8376652986776105,8631,7271,0.8424284555671417,1.2064893245697021,10.149300575256348
s2,561,robust_mahalanobis,87992,77961,70242,59062,0.8408359670852197,8879,7447,0.8387205766415137,8871,7419,0.8363205951978356,1.2153398990631104,10.169452667236328
s2,562,robust_mahalanobis,87929,77937,70236,59046,0.8406799931658978,8798,7376,0.8383723573539441,8895,7478,0.8406970207982012,1.2146787643432617,9.876933097839355
s2,563,robust_mahalanobis,88314,78298,70515,59286,0.8407572856838971,8878,7412,0.8348727190808741,8921,7476,0.8380226432014348,1.2114295959472656,10.150923728942871
s2,564,robust_mahalanobis,88216,78311,70305,59179,0.8417466752009103,9060,7635,0.8427152317880795,8851,7409,0.8370805558693933,1.205658197402954,10.234762191772461
s2,565,robust_mahalanobis,88092,78341,70430,59378,0.843078233707227,8891,7430,0.8356765268248791,8771,7438,0.848021890320374,1.2171353101730347,10.00917911529541
s2,566,robust_mahalanobis,88189,78381,70622,59542,0.8431083798249838,8804,7439,0.8449568378009995,8763,7333,0.8368138765263038,1.2137513160705566,10.242165565490723
s2,567,robust_mahalanobis,87872,77923,70118,58898,0.839984026926039,8864,7478,0.8436371841155235,8890,7503,0.8439820022497188,1.2149800062179565,10.05176067352295
s2,568,robust_mahalanobis,87752,77787,70209,59059,0.8411884516230113,8807,7354,0.8350175996366527,8736,7380,0.8447802197802198,1.211722493171692,10.194954872131348
s2,569,robust_mahalanobis,87465,77655,69952,58899,0.8419916514181153,8739,7380,0.8444902162718847,8774,7291,0.8309778892181445,1.2140170335769653,10.331330299377441
s2,570,robust_mahalanobis,88042,78206,70501,59444,0.8431653451724089,8705,7286,0.8369902354968409,8836,7372,0.8343141693073789,1.2171516418457031,9.968721389770508
s2,571,robust_mahalanobis,88247,78268,70592,59350,0.8407468268359021,8723,7320,0.8391608391608392,8932,7493,0.8388938647559337,1.198949933052063,10.392840385437012
s2,572,robust_mahalanobis,87925,78026,70064,59061,0.8429578670929436,8879,7398,0.8332019371550851,8982,7513,0.8364506791360499,1.2218705415725708,10.254676818847656
s2,573,robust_mahalanobis,87808,77919,70281,59180,0.8420483487713607,8807,7408,0.8411490859543544,8720,7274,0.8341743119266055,1.215640664100647,10.422300338745117
s2,574,robust_mahalanobis,88084,78209,70508,59274,0.8406705622057071,8802,7416,0.8425357873210634,8774,7421,0.8457943925233645,1.2131977081298828,10.171871185302734
s2,575,robust_mahalanobis,87491,77681,69931,58876,0.8419156025224864,8776,7379,0.8408158614402917,8784,7357,0.8375455373406193,1.2077720165252686,10.396957397460938
s2,576,robust_mahalanobis,87810,78008,70374,59288,0.8424702304828487,8641,7330,0.8482814489063766,8795,7340,0.8345650938032974,1.2174265384674072,10.189220428466797
s2,577,robust_mahalanobis,87959,77917,70246,59038,0.8404464311135154,8809,7352,0.834600976274265,8904,7484,0.8405211141060198,1.2195587158203125,10.254253387451172
s2,578,robust_mahalanobis,87690,77765,70147,59064,0.8420032218056367,8808,7383,0.8382152588555858,8735,7309,0.8367487120778477,1.218912959098816,10.517662048339844
s2,579,robust_mahalanobis,87872,77991,69950,58912,0.8422015725518227,8991,7565,0.8413969525080636,8931,7509,0.8407793080282163,1.2122068405151367,9.977765083312988
s2,580,robust_mahalanobis,87851,77994,70239,59156,0.842210168140207,8843,7466,0.8442836141580912,8769,7357,0.8389782187250542,1.2205307483673096,9.927152633666992
s2,581,robust_mahalanobis,88093,78122,70686,59557,0.842557224910166,8739,7268,0.8316741045886257,8668,7266,0.8382556529764652,1.2242989540100098,9.994850158691406
s2,582,robust_mahalanobis,87750,77902,70208,59158,0.8426105287146763,8813,7397,0.8393282650629752,8729,7286,0.8346889678084546,1.218759536743164,10.076937675476074
s2,583,robust_mahalanobis,88679,78663,71083,59800,0.8412700645724013,8821,7457,0.8453690057816574,8775,7327,0.834985754985755,1.213194489479065,10.163707733154297
s2,584,robust_mahalanobis,87656,77753,69981,58807,0.8403280890527429,8914,7482,0.8393538254431232,8761,7370,0.841228170300194,1.2068073749542236,10.3749418258667
s2,585,robust_mahalanobis,87488,77742,69919,58910,0.8425463750911769,8811,7395,0.8392917943479741,8758,7324,0.8362639872116922,1.207706093788147,10.63800048828125
s2,586,robust_mahalanobis,87655,77823,70352,59212,0.8416534000454856,8739,7371,0.84346035015448,8564,7139,0.833605791686128,1.2113200426101685,10.236199378967285
s2,587,robust_mahalanobis,87766,77662,70455,59189,0.8400965155063516,8729,7368,0.8440829419177455,8582,7120,0.8296434397576322,1.2109551429748535,9.701634407043457
s2,588,robust_mahalanobis,87677,77970,70174,59184,0.8433892894804343,8757,7356,0.8400137033230558,8746,7373,0.8430139492339355,1.2204737663269043,10.012998580932617
s2,589,robust_mahalanobis,87541,77618,69892,58675,0.8395095289875808,8806,7447,0.845673404496934,8843,7414,0.8384032568132986,1.208984613418579,10.050246238708496
s2,590,robust_mahalanobis,87965,77991,70564,59392,0.8416756419704099,8466,7158,0.8454996456413891,8935,7468,0.8358142137660884,1.2188146114349365,10.423952102661133
s2,591,robust_mahalanobis,88039,78282,70334,59334,0.8436033781670316,8987,7558,0.8409925447869144,8718,7342,0.8421656343197981,1.2106380462646484,10.256810188293457
s2,592,robust_mahalanobis,88177,78133,70523,59195,0.839371552543142,8885,7505,0.8446820483961733,8769,7369,0.8403466757897138,1.2204409837722778,10.209186553955078
s2,593,robust_mahalanobis,87950,78059,70286,59201,0.8422872264746891,8838,7360,0.8327675944783888,8826,7530,0.8531611148878314,1.2204889059066772,9.842792510986328
s2,594,robust_mahalanobis,88002,78107,70494,59261,0.8406531052288138,8741,7358,0.841780116691454,8767,7423,0.8466978441884339,1.2123278379440308,10.346282005310059
s2,595,robust_mahalanobis,87748,77885,70325,59134,0.8408674013508709,8610,7257,0.8428571428571429,8813,7422,0.8421649835470328,1.2175841331481934,10.172443389892578
s2,596,robust_mahalanobis,88127,78062,70486,59187,0.8396986635643958,8884,7484,0.8424133273300315,8757,7356,0.8400137033230558,1.2120258808135986,9.93289566040039
s2,597,robust_mahalanobis,88051,78235,70599,59543,0.8433972152580065,8764,7351,0.8387722501141032,8688,7259,0.8355202578268877,1.211418867111206,10.137018203735352
s2,598,robust_mahalanobis,87506,77682,69927,58916,0.8425357873210634,8805,7359,0.8357751277683134,8774,7341,0.8366765443355368,1.2212677001953125,10.077984809875488
s2,599,robust_mahalanobis,87749,77923,70075,58970,0.841526935426329,8745,7379,0.8437964551172098,8929,7525,0.842759547541718,1.210235357284546,10.352755546569824
s2,600,robust_mahalanobis,88014,78070,70413,59209,0.8408816553761379,8860,7424,0.837923250564334,8741,7321,0.8375471913968654,1.2139376401901245,10.252108573913574
s2,601,robust_mahalanobis,87934,77954,70411,59222,0.8410901705699394,8840,7423,0.8397058823529412,8683,7257,0.8357710468732005,1.2223871946334839,10.045698165893555
s2,602,robust_mahalanobis,87695,77947,70091,59073,0.8428043543393589,8732,7365,0.8434493815849748,8872,7416,0.8358881875563571,1.2206722497940063,10.16109848022461
s2,603,robust_mahalanobis,87719,77817,70255,59049,0.8404953384100776,8644,7276,0.8417399352151782,8820,7348,0.8331065759637188,1.2068582773208618,10.473122596740723
s2,604,robust_mahalanobis,87697,77721,70182,58954,0.8400159585078795,8720,7301,0.8372706422018349,8795,7378,0.8388857305287095,1.2166006565093994,9.992996215820312
s2,605,robust_mahalanobis,88122,78077,70853,59458,0.8391740646126488,8527,7158,0.839451155154216,8742,7333,0.8388240677190574,1.2103546857833862,10.219649314880371
s2,606,robust_mahalanobis,87475,77528,70210,59061,0.8412049565588947,8612,7213,0.8375522526706921,8653,7270,0.8401710389460303,1.2200193405151367,10.366793632507324
s2,607,robust_mahalanobis,87855,77992,70339,59284,0.8428325679921523,8729,7367,0.8439683812578761,8787,7348,0.8362353476726984,1.2185611724853516,9.695307731628418
s2,608,robust_mahalanobis,87336,77480,69798,58725,0.8413564858591936,8774,7348,0.8374743560519717,8764,7314,0.8345504335919671,1.2148256301879883,10.454757690429688
s2,609,robust_mahalanobis,87749,77882,70255,59147,0.8418902569212156,8738,7277,0.832799267566949,8756,7315,0.835427135678392,1.2227976322174072,10.456018447875977
s2,610,robust_mahalanobis,87974,77988,70375,59113,0.8399715808170515,8643,7329,0.8479694550503297,8956,7468,0.8338543992853953,1.2151063680648804,10.392655372619629
s2,611,robust_mahalanobis,87482,77665,70065,59045,0.8427174766288447,8783,7373,0.8394625982010703,8634,7232,0.837618716701413,1.2235512733459473,10.228485107421875
s2,612,robust_mahalanobis,87616,77620,70155,58936,0.8400826740788254,8679,7278,0.8385758727964051,8782,7345,0.8363698474151674,1.2229108810424805,9.70375919342041
s2,613,robust_mahalanobis,87912,77994,70403,59222,0.8411857449256424,8626,7227,0.8378159054022722,8883,7522,0.846785995722166,1.2195284366607666,9.91425895690918
s2,614,robust_mahalanobis,88029,78187,70352,59356,0.8437002501705708,8892,7427,0.8352451641925326,8785,7343,0.8358565737051793,1.2159196138381958,9.996891975402832
s2,615,robust_mahalanobis,87597,77741,69870,58762,0.8410190353513668,8783,7385,0.8408288739610611,8944,7511,0.8397808586762076,1.2262927293777466,10.194856643676758
s2,616,robust_mahalanobis,88101,78131,70382,59261,0.8419908499332216,8814,7431,0.8430905377808032,8905,7484,0.8404267265581135,1.2156620025634766,10.146149635314941
s2,617,robust_mahalanobis,87893,78041,70131,59079,0.8424092056294649,8881,7419,0.8353788987726607,8881,7452,0.839094696543182,1.2179421186447144,10.123295783996582
s2,618,robust_mahalanobis,87951,77985,70285,59152,0.841602048801309,8771,7354,0.8384448751567666,8895,7446,0.8370994940978077,1.2129424810409546,9.96291732788086
s2,619,robust_mahalanobis,88034,78308,70604,59557,0.8435357770098011,8632,7287,0.8441844300278035,8798,7446,0.8463287110706978,1.2215772867202759,9.862752914428711
s2,620,robust_mahalanobis,87418,77516,69981,58869,0.8412140438118918,8720,7293,0.8363532110091743,8717,7290,0.8362968911322702,1.2157049179077148,10.076682090759277
s2,621,robust_mahalanobis,87702,77771,70402,59220,0.8411692849634953,8716,7348,0.8430472693896283,8584,7227,0.8419151910531221,1.2165555953979492,10.217676162719727
s2,622,robust_mahalanobis,88138,78182,70575,59369,0.8412185618136734,8761,7358,0.8398584636457025,8802,7387,0.8392410815723699,1.213381290435791,10.335540771484375
s2,623,robust_mahalanobis,87894,77878,70281,59003,0.8395298871672287,8867,7485,0.8441411976993346,8746,7380,0.8438143151154813,1.2259836196899414,10.015397071838379
s2,624,robust_mahalanobis,87784,77828,70176,58988,0.8405722754217966,8869,7471,0.8423723080392378,8739,7248,0.8293855132166151,1.2169885635375977,9.784793853759766
s2,625,robust_mahalanobis,87544,77731,69920,58836,0.8414759725400458,8736,7401,0.8471840659340659,8888,7464,0.8397839783978398,1.2243402004241943,10.541147232055664
s2,626,robust_mahalanobis,88036,78182,70412,59308,0.84229960802136,8860,7404,0.8356659142212189,8764,7362,0.8400273847558193,1.2204339504241943,10.504745483398438
s2,627,robust_mahalanobis,88244,78234,70570,59400,0.8417174436729489,8958,7501,0.8373520875195356,8716,7298,0.8373106929784305,1.2158787250518799,9.687517166137695
s2,628,robust_mahalanobis,88303,78314,70708,59409,0.8402019573457035,8733,7343,0.8408336196038017,8862,7472,0.8431505303543219,1.2132540941238403,10.45970630645752
s2,629,robust_mahalanobis,87744,77891,70342,59140,0.8407494811065935,8880,7436,0.8373873873873874,8522,7191,0.8438160056324806,1.2122151851654053,10.412199974060059
s2,630,robust_mahalanobis,87826,77918,70248,59131,0.8417463842386972,8852,7417,0.837889742431089,8726,7317,0.8385285354114141,1.2163903713226318,10.070054054260254
s2,631,robust_mahalanobis,87861,77985,70369,59262,0.8421606104960991,8773,7341,0.8367719138265132,8719,7285,0.8355315976602822,1.2145681381225586,10.084657669067383
s2,632,robust_mahalanobis,88123,78249,70604,59491,0.8426009857798425,8804,7345,0.8342798727850976,8715,7322,0.8401606425702811,1.2202883958816528,9.955757141113281
s2,633,robust_mahalanobis,88114,78237,70338,59250,0.8423611703488868,8857,7478,0.8443039403861352,8919,7503,0.8412378069290279,1.2156153917312622,10.257553100585938
s2,634,robust_mahalanobis,87976,78125,70541,59471,0.843069987666747,8738,7343,0.8403524834058137,8697,7249,0.833505806599977,1.2178065776824951,10.309638023376465
s2,635,robust_mahalanobis,87893,78095,70361,59234,0.8418584158837993,8837,7424,0.8401041077288672,8695,7375,0.848188614146061,1.2044771909713745,10.194957733154297
s2,636,robust_mahalanobis,87548,77526,69948,58732,0.8396523131469091,8690,7265,0.836018411967779,8910,7504,0.8421997755331089,1.2137885093688965,10.128015518188477
s2,637,robust_mahalanobis,88079,77990,70401,59106,0.8395619380406528,8794,7362,0.8371617011598818,8884,7497,0.8438766321476813,1.2085483074188232,9.79173755645752
s2,638,robust_mahalanobis,87658,77626,70159,58964,0.8404338716344304,8739,7329,0.8386543082732578,8760,7281,0.8311643835616438,1.2007935047149658,10.204753875732422
s2,639,robust_mahalanobis,88217,78409,70359,59343,0.8434315439389417,8800,7403,0.84125,9058,7614,0.8405829101346876,1.2218055725097656,10.41279125213623
s2,640,robust_mahalanobis,87724,77903,69859,58706,0.8403498475500651,8902,7525,0.8453156594023815,8963,7565,0.8440254379114136,1.2068482637405396,10.125012397766113
s2,641,robust_mahalanobis,87650,77879,70315,59218,0.8421816113204864,8833,7443,0.8426355711536284,8502,7184,0.8449776523171019,1.2126693725585938,10.603630065917969
s2,642,robust_mahalanobis,87912,77878,70267,59025,0.8400102466307086,8873,7434,0.8378226079116421,8772,7336,0.836297309621523,1.2111165523529053,9.90212345123291
s2,643,robust_mahalanobis,87557,77711,69975,58828,0.8407002500893176,8756,7411,0.8463910461397899,8826,7391,0.8374121912531158,1.213600516319275,10.017398834228516
s2,644,robust_mahalanobis,87871,77760,70321,58989,0.8388532586282903,8902,7500,0.8425073017299484,8648,7225,0.8354532839962997,1.2116425037384033,10.349627494812012
s2,645,robust_mahalanobis,87872,77999,70204,59129,0.8422454560993675,8837,7411,0.8386330202557429,8831,7446,0.8431661193522817,1.2183235883712769,9.784022331237793
s2,646,robust_mahalanobis,87872,77870,70493,59290,0.8410764189352135,8701,7285,0.8372600850476957,8678,7289,0.8399400783590689,1.2213671207427979,10.382498741149902
s2,647,robust_mahalanobis,88088,78142,70650,59405,0.8408351026185421,8792,7375,0.8388307552320291,8646,7277,0.8416608836456164,1.2154810428619385,10.295001983642578
s2,648,robust_mahalanobis,87744,77804,70066,58936,0.8411497730711044,9029,7557,0.8369697640934766,8649,7304,0.8444906925656145,1.204431176185608,9.985566139221191
s2,649,robust_mahalanobis,88094,78195,70426,59356,0.8428137335643087,8775,7340,0.8364672364672364,8893,7459,0.838749578320027,1.2097257375717163,10.4072904586792
s2,650,robust_mahalanobis,87707,77846,70079,59004,0.8419640691219908,8747,7338,0.8389161998399451,8881,7452,0.839094696543182,1.2150349617004395,10.278870582580566
s2,651,robust_mahalanobis,88081,78299,70470,59382,0.8426564495530012,8844,7446,0.8419267299864315,8767,7366,0.8401961902589256,1.2102665901184082,10.204837799072266
s2,652,robust_mahalanobis,87968,77976,70534,59243,0.8399211727677433,8746,7309,0.8356963183169449,8688,7340,0.8448434622467772,1.2122035026550293,10.398818969726562
s2,653,robust_mahalanobis,87602,77727,69991,59001,0.8429798116900744,8865,7412,0.8360970107163,8746,7323,0.8372970500800366,1.2275512218475342,10.386359214782715
s2,654,robust_mahalanobis,87793,77864,70036,58917,0.8412387914786681,8941,7500,0.8388323453752377,8816,7362,0.8350725952813067,1.2160613536834717,10.378273963928223
s2,655,robust_mahalanobis,87714,77933,70196,59188,0.8431819476893271,8857,7464,0.842723269730157,8661,7250,0.8370857868606396,1.2214832305908203,10.089983940124512
s2,656,robust_mahalanobis,88054,78261,70519,59415,0.8425388902281654,8756,7400,0.8451347647327547,8779,7373,0.8398450848616016,1.2018144130706787,10.621373176574707
s2,657,robust_mahalanobis,87780,77932,70182,59153,0.842851443390043,8861,7423,0.8377158334273784,8737,7339,0.8399908435389722,1.213936686515808,10.451949119567871
s2,658,robust_mahalanobis,87777,77926,70333,59262,0.8425916710505738,8729,7272,0.833085118570283,8715,7314,0.8392426850258176,1.2201118469238281,10.809288024902344
s2,659,robust_mahalanobis,87702,77778,70184,59057,0.8414595919297846,8782,7346,0.8364837166932362,8736,7343,0.8405448717948718,1.2121269702911377,10.291460990905762
s2,660,robust_mahalanobis,87691,77742,70134,59078,0.84235891293809,8653,7222,0.8346238298855888,8904,7419,0.8332210242587601,1.203604817390442,9.905765533447266
s2,661,robust_mahalanobis,88719,78866,71055,59858,0.8424178453310815,8670,7269,0.8384083044982699,8994,7606,0.8456748943740271,1.215564250946045,10.546786308288574
s2,662,robust_mahalanobis,87925,77782,70286,58992,0.8393136613265799,8736,7323,0.8382554945054945,8903,7410,0.8323037178479165,1.2255330085754395,10.275635719299316
s2,663,robust_mahalanobis,87835,77906,70184,59001,0.8406616892739086,8814,7404,0.8400272294077604,8837,7460,0.8441778884236731,1.215004563331604,9.744928359985352
s2,664,robust_mahalanobis,87736,77871,70230,59053,0.8408514879681048,8684,7248,0.8346384154767388,8822,7490,0.8490138290637044,1.22110915184021,10.049429893493652
s2,665,robust_mahalanobis,87664,77620,70214,59043,0.8409006750790441,8795,7328,0.8332006822057988,8655,7226,0.834893125361063,1.213692545890808,10.018838882446289
s2,666,robust_mahalanobis,87800,77763,70248,58960,0.8393121512356224,8772,7368,0.8399452804377565,8780,7335,0.8354214123006833,1.2103725671768188,10.902039527893066
s2,667,robust_mahalanobis,88454,78416,70509,59232,0.8400629706845935,8934,7461,0.8351242444593687,9011,7600,0.8434136055931639,1.2142066955566406,10.177209854125977
s2,668,robust_mahalanobis,88007,78167,70380,59337,0.8430946291560102,8788,7361,0.8376194811106054,8839,7427,0.8402534223328431,1.2135947942733765,9.772199630737305
s2,669,robust_mahalanobis,88023,78190,70608,59480,0.842397462043961,8741,7341,0.8398352591236701,8674,7322,0.8441318884021213,1.2157025337219238,10.434412002563477
s2,670,robust_mahalanobis,87224,77391,69786,58728,0.8415441492562978,8742,7321,0.8374513841226264,8696,7262,0.8350965961361545,1.2084702253341675,10.206789016723633
s2,671,robust_mahalanobis,87847,78007,70266,59178,0.8421996413628213,8720,7328,0.8403669724770643,8861,7404,0.8355716059135537,1.2061985731124878,10.005902290344238
s2,672,robust_mahalanobis,87705,77883,70119,59041,0.8420114376987692,8825,7406,0.8392067988668556,8761,7398,0.8444241524940075,1.2114769220352173,10.070398330688477
s2,673,robust_mahalanobis,87987,78024,70349,59213,0.8417035068018024,8692,7276,0.8370915784629545,8946,7458,0.8336686787391012,1.2088680267333984,9.961942672729492
s2,674,robust_mahalanobis,87660,77851,70153,59105,0.8425156443772897,8727,7299,0.836369886558955,8780,7399,0.8427107061503417,1.2155845165252686,10.108579635620117
s2,675,robust_mahalanobis,88366,78239,70839,59492,0.8398198732336707,8694,7284,0.8378191856452726,8833,7393,0.8369749801879316,1.2104510068893433,10.160394668579102
s2,676,robust_mahalanobis,87777,78045,70200,59239,0.8438603988603989,8908,7523,0.8445217781769196,8669,7280,0.8397739070250317,1.2215441465377808,10.436078071594238
s2,677,robust_mahalanobis,88040,78147,70647,59511,0.842371225954393,8710,7297,0.837772675086108,8683,7317,0.8426811010019578,1.2168186902999878,9.946784019470215
s2,678,robust_mahalanobis,87800,77844,70282,59095,0.8408269542699411,8701,7276,0.8362257211814734,8817,7412,0.8406487467392537,1.223862886428833,10.047830581665039
s2,679,robust_mahalanobis,87911,77909,70361,59180,0.8410909452679751,8742,7322,0.8375657744223289,8808,7356,0.8351498637602179,1.2216557264328003,10.301993370056152
s2,680,robust_mahalanobis,87852,78139,70314,59292,0.8432460107517706,8735,7369,0.8436176302232399,8803,7440,0.8451664205384528,1.2166494131088257,10.24545955657959
s2,681,robust_mahalanobis,87813,77856,70211,59010,0.8404665935537167,8866,7418,0.8366794495826754,8736,7335,0.8396291208791209,1.2119793891906738,9.790202140808105
s2,682,robust_mahalanobis,88018,77981,70383,59108,0.8398050665643693,8737,7346,0.8407920338789058,8898,7470,0.839514497639919,1.2238404750823975,10.29111385345459
s2,683,robust_mahalanobis,87545,77840,69958,59051,0.8440921695874668,8789,7347,0.8359312777335306,8798,7443,0.845987724482837,1.2301585674285889,10.11828899383545
s2,684,robust_mahalanobis,88378,78449,70508,59425,0.8428121631587905,8965,7490,0.8354712771890686,8905,7469,0.838742279618192,1.210965871810913,10.213561058044434
s2,685,robust_mahalanobis,88167,78332,70525,59534,0.8441545551222971,8782,7365,0.838647232976543,8860,7402,0.8354401805869075,1.2232680320739746,10.03959846496582
s2,686,robust_mahalanobis,88035,78048,70222,58895,0.8386972743584632,8920,7561,0.8476457399103139,8893,7477,0.8407736421904869,1.2024943828582764,10.071337699890137
s2,687,robust_mahalanobis,87554,77606,70022,58814,0.8399360201079661,8665,7280,0.8401615695326025,8867,7444,0.8395173113792714,1.2195326089859009,9.940628051757812
s2,688,robust_mahalanobis,87784,77990,70137,59121,0.8429359681765687,8805,7367,0.8366837024417945,8842,7455,0.8431350373218729,1.213847279548645,9.930729866027832
s2,689,robust_mahalanobis,87979,78335,70397,59480,0.8449223688509454,8789,7423,0.8445784503356468,8793,7376,0.8388490844990333,1.2166892290115356,9.931013107299805
s2,690,robust_mahalanobis,87750,77777,70290,59080,0.8405178546023616,8872,7431,0.8375788999098287,8588,7163,0.834070796460177,1.2141327857971191,10.264168739318848
s2,691,robust_mahalanobis,87696,77737,70197,58976,0.8401498639543,8728,7334,0.8402841429880843,8771,7328,0.8354805609394595,1.2026433944702148,10.100217819213867
s2,692,robust_mahalanobis,88625,78655,70751,59505,0.8410481830645503,8849,7493,0.8467623460277998,9025,7568,0.8385595567867036,1.216667890548706,9.845468521118164
s2,693,robust_mahalanobis,88375,78402,70744,59499,0.841046590523578,8852,7428,0.8391323994577496,8779,7369,0.8393894521016061,1.2068328857421875,10.18362045288086
s2,694,robust_mahalanobis,87783,77709,70161,58977,0.8405952024629068,8811,7353,0.8345250255362615,8811,7370,0.83645443196005,1.2221766710281372,10.200872421264648
s2,695,robust_mahalanobis,88333,78375,70669,59520,0.8422363412528832,8876,7487,0.8435105903560163,8788,7354,0.8368229403732362,1.2221664190292358,10.242259979248047
s2,696,robust_mahalanobis,87640,77671,69866,58692,0.8400652677983569,8953,7513,0.8391600580810902,8821,7376,0.836186373427049,1.2142963409423828,10.201313018798828
s2,697,robust_mahalanobis,88263,78163,70614,59243,0.8389696094258929,8822,7449,0.8443663568351848,8827,7389,0.8370907443072392,1.2113664150238037,10.13770580291748
s2,698,robust_mahalanobis,87870,77946,70310,59121,0.8408618973119044,8815,7423,0.8420873511060692,8745,7320,0.8370497427101201,1.2176392078399658,10.102042198181152
s2,699,robust_mahalanobis,87761,77854,70220,59032,0.8406721731700371,8762,7384,0.8427299703264095,8779,7389,0.8416676159015833,1.2162327766418457,10.305561065673828
s2,700,robust_mahalanobis,87685,77960,70229,59141,0.8421165045778809,8700,7308,0.84,8756,7439,0.8495888533576976,1.2108222246170044,10.779300689697266
s2,701,robust_mahalanobis,88626,78734,70742,59577,0.8421729665545221,8897,7474,0.840058446667416,8987,7574,0.842772894180483,1.21620774269104,9.902192115783691
s2,702,robust_mahalanobis,87911,78109,70416,59349,0.8428340149965917,8700,7277,0.8364367816091954,8795,7393,0.8405912450255827,1.217855453491211,9.894071578979492
s2,703,robust_mahalanobis,87872,78147,70384,59333,0.8429898840645601,8759,7369,0.8413060851695399,8729,7293,0.8354908924275404,1.2096030712127686,10.410855293273926
s2,704,robust_mahalanobis,87923,77981,70142,59003,0.8411935787402698,8937,7559,0.8458095557793442,8844,7382,0.8346901854364541,1.221299648284912,10.456231117248535
s2,705,robust_mahalanobis,87833,78012,70339,59282,0.8428041342640641,8770,7348,0.8378563283922463,8724,7327,0.8398670334708849,1.215895652770996,9.850704193115234
s2,706,robust_mahalanobis,87700,77767,70174,59032,0.841223245076524,8827,7418,0.8403761187266342,8699,7273,0.836073111851937,1.2226179838180542,10.290946960449219
s2,707,robust_mahalanobis,88302,78360,70619,59316,0.8399439244395984,8823,7411,0.8399637311572028,8860,7524,0.8492099322799097,1.2035212516784668,10.11596965789795
s2,708,robust_mahalanobis,88454,78361,70849,59505,0.8398848254738952,8752,7310,0.8352376599634369,8853,7445,0.8409578673895854,1.2181559801101685,10.061630249023438
s2,709,robust_mahalanobis,87634,77840,70160,59116,0.8425883694412771,8695,7347,0.8449683726279471,8779,7388,0.8415537077115844,1.2172143459320068,9.959301948547363
s2,710,robust_mahalanobis,88393,78383,70735,59480,0.8408849932847954,8772,7357,0.8386912904696763,8886,7473,0.8409858203916273,1.2074668407440186,10.35275650024414
s2,711,robust_mahalanobis,88061,78230,70509,59418,0.842700931795941,8753,7362,0.8410830572375185,8799,7339,0.8340720536424594,1.2095088958740234,10.184106826782227
s2,712,robust_mahalanobis,87509,77762,69946,58895,0.8420066908758185,8832,7440,0.842391304347826,8731,7358,0.842744244645516,1.2172586917877197,10.424149513244629
s2,713,robust_mahalanobis,88227,78344,70296,59182,0.8418971207465574,8975,7533,0.8393314763231198,8956,7563,0.8444618133095132,1.2305197715759277,9.856856346130371
s2,714,robust_mahalanobis,87725,78024,70135,59147,0.8433307193270122,8780,7378,0.8403189066059226,8810,7392,0.8390465380249716,1.2225375175476074,10.045880317687988
s2,715,robust_mahalanobis,88559,78615,70856,59651,0.841862368747883,8688,7305,0.8408149171270718,9015,7557,0.8382695507487521,1.2084662914276123,10.164680480957031
s2,716,robust_mahalanobis,87640,77874,70228,59122,0.841857948396651,8824,7490,0.8488213961922031,8588,7193,0.837564042850489,1.2109332084655762,10.484606742858887
s2,717,robust_mahalanobis,88019,77901,70414,59089,0.8391655068594314,8812,7478,0.8486155242850658,8793,7325,0.8330490162629365,1.2113285064697266,9.913657188415527
s2,718,robust_mahalanobis,88157,78137,70342,59110,0.8403229933752239,8877,7388,0.8322631519657542,8938,7489,0.8378831953457149,1.2120530605316162,10.676105499267578
s2,719,robust_mahalanobis,87665,77603,70005,58717,0.8387543746875223,8869,7463,0.8414702897733679,8791,7371,0.8384711636901376,1.2166962623596191,10.407776832580566
