dataset,run_id,candidate,total,inside,train_total,train_accepted,train_retention,validation_total,validation_accepted,validation_retention,test_total,test_accepted,test_retention,distance_p50,distance_p99
s4,0,baseline_3sigma,88113,67404,70673,52386,0.7412448884298105,8854,6535,0.7380844815902416,8586,6324,0.7365478686233403,0.5771052241325378,5.23162317276001
s4,1,baseline_3sigma,87989,67198,70239,51987,0.7401443642420877,8887,6594,0.741982671317655,8863,6425,0.724923840685998,0.5962572693824768,5.3444132804870605
s4,2,baseline_3sigma,87639,67139,70131,51971,0.7410560237270252,8724,6490,0.743924805135259,8784,6575,0.7485200364298725,0.5796673893928528,5.2839837074279785
s4,3,baseline_3sigma,88261,67678,70396,52201,0.7415336098641968,8931,6571,0.7357518754898668,8934,6659,0.7453548242668457,0.5890352129936218,5.248560905456543
s4,4,baseline_3sigma,87740,67237,70197,52021,0.7410715557644914,8809,6542,0.742649562946986,8734,6510,0.745362949393176,0.57692950963974,5.297670841217041
s4,5,baseline_3sigma,87312,66651,69868,51724,0.7403102994217667,8735,6419,0.7348597595878649,8709,6364,0.7307383166838902,0.5952336192131042,5.267138481140137
s4,6,baseline_3sigma,87961,67190,70563,52133,0.7388149596814194,8688,6470,0.7447053406998159,8710,6418,0.7368541905855339,0.5842992067337036,5.337672233581543
s4,7,baseline_3sigma,87692,67154,70096,51982,0.7415829719242182,8763,6485,0.7400433641446993,8833,6503,0.7362164609985282,0.5861192345619202,5.477330207824707
s4,8,baseline_3sigma,87198,66697,69618,51586,0.7409865264730385,8824,6508,0.7375339981867634,8756,6494,0.741662859753312,0.5837399363517761,5.322911739349365
s4,9,baseline_3sigma,88095,67357,70499,52287,0.7416700946112711,8798,6426,0.7303932711979996,8798,6444,0.7324391907251648,0.5896155834197998,5.230793476104736
s4,10,baseline_3sigma,88002,67384,70455,52125,0.739833936555248,8731,6470,0.7410376818233879,8816,6534,0.7411524500907442,0.594725489616394,5.339526653289795
s4,11,baseline_3sigma,87762,67130,70106,51882,0.7400507802470545,8871,6615,0.7456881974974636,8785,6480,0.7376209447922595,0.5869272947311401,5.264201641082764
s4,12,baseline_3sigma,88114,67505,70284,51986,0.7396562517784987,8907,6633,0.7446951835634894,8923,6665,0.7469460943628824,0.5891751050949097,5.3107686042785645
s4,13,baseline_3sigma,87849,67308,70277,52060,0.7407829019451598,8826,6572,0.7446181735780648,8746,6516,0.745026297736108,0.5778595805168152,5.346861362457275
s4,14,baseline_3sigma,87731,67071,70117,51804,0.7388222542322119,8839,6562,0.7423916732662066,8775,6486,0.7391452991452991,0.587184727191925,5.3451619148254395
s4,15,baseline_3sigma,87788,67356,70150,52058,0.742095509622238,8835,6543,0.7405772495755518,8803,6463,0.7341815290241963,0.6077665090560913,5.314392566680908
s4,16,baseline_3sigma,88071,67266,70572,52156,0.7390466473955677,8728,6454,0.7394592117323556,8771,6411,0.7309314787367461,0.5872682332992554,5.358488082885742
s4,17,baseline_3sigma,87887,67313,70455,52152,0.740217159889291,8757,6474,0.7392942788626242,8675,6462,0.7448991354466858,0.6040070652961731,5.425952911376953
s4,18,baseline_3sigma,87565,67058,69938,51755,0.7400125825731362,8653,6426,0.7426326129666012,8974,6638,0.7396924448406508,0.594334602355957,5.322898864746094
s4,19,baseline_3sigma,87640,67153,69995,51974,0.7425387527680548,8881,6561,0.738768156739106,8764,6441,0.7349383842994066,0.595728874206543,5.274394512176514
s4,20,baseline_3sigma,88172,67656,70623,52468,0.7429307732608357,8735,6446,0.7379507727532914,8814,6528,0.7406398910823689,0.5863385200500488,5.272263526916504
s4,21,baseline_3sigma,87632,66969,70118,51914,0.740380501440429,8638,6307,0.7301458670988655,8876,6590,0.7424515547543938,0.571195662021637,5.407515525817871
s4,22,baseline_3sigma,87900,67152,70364,52008,0.739127963162981,8654,6395,0.738964640628611,8882,6551,0.7375591083089394,0.5901075601577759,5.472379684448242
s4,23,baseline_3sigma,87842,67128,70448,52207,0.7410714285714286,8656,6385,0.7376386321626618,8738,6404,0.7328908216983291,0.5778329372406006,5.43109130859375
s4,24,baseline_3sigma,87657,66947,70051,51808,0.7395754521705614,8894,6582,0.7400494715538566,8712,6422,0.7371441689623508,0.5774356722831726,5.3837995529174805
s4,25,baseline_3sigma,87974,67241,70394,51996,0.7386424979401653,8786,6461,0.735374459367175,8794,6533,0.7428928815101206,0.5943219065666199,5.272590160369873
s4,26,baseline_3sigma,87841,67430,70212,52128,0.7424371902238933,8851,6539,0.7387865777878205,8778,6552,0.7464114832535885,0.5979189276695251,5.270125865936279
s4,27,baseline_3sigma,87848,67384,70232,52136,0.7423396742225766,8795,6507,0.7398521887436044,8821,6583,0.7462872690171183,0.5965652465820312,5.424502849578857
s4,28,baseline_3sigma,87827,67207,70076,51835,0.7396969005080198,8858,6531,0.7372996161661775,8893,6633,0.7458675362644777,0.5888894200325012,5.383424758911133
s4,29,baseline_3sigma,87751,67152,70354,52065,0.7400432100520227,8589,6406,0.7458376993829317,8808,6531,0.7414850136239782,0.5934345722198486,5.229175090789795
s4,30,baseline_3sigma,87944,67390,70147,51914,0.7400744151567422,8944,6672,0.7459749552772809,8853,6565,0.7415565345080763,0.5988693237304688,5.2733154296875
s4,31,baseline_3sigma,88138,67500,70498,52179,0.7401486566994808,8879,6589,0.7420880729811916,8761,6500,0.7419244378495605,0.5856493711471558,5.236050128936768
s4,32,baseline_3sigma,87999,67514,70407,52189,0.7412473191586064,8777,6560,0.7474079981770536,8815,6536,0.7414634146341463,0.6172426342964172,5.182039737701416
s4,33,baseline_3sigma,87601,66925,69963,51791,0.7402627102897246,8847,6580,0.7437549451791567,8791,6449,0.7335911727903538,0.5998008251190186,5.343931198120117
s4,34,baseline_3sigma,87742,67257,70157,52058,0.7420214661402283,8788,6494,0.738962221210742,8797,6523,0.7415027850403547,0.596381425857544,5.314891338348389
s4,35,baseline_3sigma,87909,67322,70367,52149,0.7411002316426734,8742,6493,0.7427362159688858,8800,6446,0.7325,0.5960085391998291,5.214982032775879
s4,36,baseline_3sigma,87660,67012,70068,51773,0.7388965005423304,8780,6464,0.7362186788154897,8812,6540,0.7421697684975034,0.6112393140792847,5.262161731719971
s4,37,baseline_3sigma,88543,67588,70874,52319,0.7381973643367102,8805,6497,0.7378762067007382,8864,6573,0.7415388086642599,0.5940392017364502,5.420380592346191
s4,38,baseline_3sigma,87602,67026,70101,51901,0.7403746023594527,8840,6567,0.7428733031674208,8661,6403,0.7392910749336105,0.5844498872756958,5.461404800415039
s4,39,baseline_3sigma,87848,67396,70219,52076,0.7416226377476182,8838,6565,0.7428151165422041,8791,6582,0.7487202821067,0.581476092338562,5.28865909576416
s4,40,baseline_3sigma,87685,67427,70369,52351,0.7439497506004065,8651,6438,0.7441914229568836,8665,6485,0.7484131563762262,0.5814213752746582,5.344459533691406
s4,41,baseline_3sigma,87588,67048,70128,51972,0.7411019849418207,8727,6427,0.736450097398877,8733,6411,0.734111989007214,0.6076530814170837,5.188898086547852
s4,42,baseline_3sigma,87598,66962,70073,51783,0.7389864855222411,8769,6511,0.7425019956665526,8756,6469,0.738807674737323,0.5925679802894592,5.223960876464844
s4,43,baseline_3sigma,87632,67253,69874,51977,0.7438675329879497,8793,6481,0.7370635732969407,8965,6621,0.7385387618516452,0.5934798717498779,5.261626243591309
s4,44,baseline_3sigma,88341,67624,70361,52026,0.7394153010900926,9039,6757,0.747538444518199,8941,6630,0.7415277933117101,0.6039419174194336,5.298120498657227
s4,45,baseline_3sigma,88039,67311,70370,52060,0.7398038937047037,8901,6581,0.7393551286372317,8768,6484,0.739507299270073,0.5834651589393616,5.321503162384033
s4,46,baseline_3sigma,87728,67321,70079,52065,0.7429472452517872,8830,6499,0.736013590033975,8819,6559,0.7437351173602449,0.5945273637771606,5.387725830078125
s4,47,baseline_3sigma,87774,67126,70293,52041,0.7403439887328752,8677,6369,0.734009450270831,8804,6535,0.7422762380736029,0.5862995386123657,5.199589252471924
s4,48,baseline_3sigma,87411,66867,69984,51720,0.7390260631001372,8680,6421,0.7397465437788019,8747,6526,0.7460843717846118,0.604386568069458,5.3332319259643555
s4,49,baseline_3sigma,87543,67102,69920,51855,0.741633295194508,8824,6549,0.7421804170444243,8799,6489,0.7374701670644391,0.5924077033996582,5.308751583099365
s4,50,baseline_3sigma,87621,66953,70219,52000,0.740540309602814,8801,6511,0.739802295193728,8601,6298,0.73224043715847,0.5819015502929688,5.305926322937012
s4,51,baseline_3sigma,87529,67024,70130,51919,0.7403251105090546,8723,6464,0.7410294623409378,8676,6430,0.7411249423697557,0.5957657694816589,5.3191819190979
s4,52,baseline_3sigma,88111,67346,70503,52191,0.7402663716437599,8704,6424,0.7380514705882353,8904,6565,0.7373090745732255,0.5724961757659912,5.28990364074707
s4,53,baseline_3sigma,87392,67019,69972,51868,0.7412679357457269,8665,6440,0.7432198499711483,8755,6528,0.7456310679611651,0.5909610390663147,5.362622261047363
s4,54,baseline_3sigma,87267,66855,69935,51747,0.7399299349395868,8828,6572,0.7444494789306751,8504,6351,0.7468250235183443,0.5882914066314697,5.364727973937988
s4,55,baseline_3sigma,87427,66936,70035,51895,0.7409866495323767,8707,6507,0.7473297346962214,8685,6408,0.7378238341968912,0.5776978731155396,5.1706767082214355
s4,56,baseline_3sigma,88212,67323,70489,52019,0.7379733007987062,8965,6610,0.7373117679866146,8758,6447,0.7361269696277689,0.5963810086250305,5.26933479309082
s4,57,baseline_3sigma,87860,67175,70362,52038,0.7395753389613712,8640,6385,0.7390046296296297,8858,6539,0.7382027545721381,0.6041959524154663,5.435413837432861
s4,58,baseline_3sigma,87682,67085,70258,52042,0.7407270346437417,8659,6372,0.7358817415405936,8765,6534,0.7454649172846549,0.5885780453681946,5.325004577636719
s4,59,baseline_3sigma,87094,66720,69813,51733,0.7410224456763067,8684,6404,0.737448180561953,8597,6387,0.7429335814819122,0.5891958475112915,5.3003692626953125
s4,60,baseline_3sigma,87616,66857,70013,51628,0.7374059103309385,8844,6508,0.7358661239258254,8759,6525,0.744948053430757,0.5946272611618042,5.257392406463623
s4,61,baseline_3sigma,88338,67612,70577,52317,0.7412754863482438,8864,6535,0.7372518050541517,8897,6580,0.7395751376868608,0.5948879718780518,5.503017425537109
s4,62,baseline_3sigma,88480,67790,70789,52468,0.7411886027490147,8846,6487,0.7333257969703821,8845,6575,0.7433578292820803,0.5852904915809631,5.345412254333496
s4,63,baseline_3sigma,88040,67569,70187,52163,0.7432003077492984,8848,6642,0.7506781193490054,9005,6636,0.7369239311493615,0.5895541310310364,5.193115234375
s4,64,baseline_3sigma,87531,66982,69998,51861,0.7408925969313409,8697,6484,0.7455444406117052,8836,6552,0.7415119963784518,0.5859054327011108,5.238292217254639
s4,65,baseline_3sigma,88360,67567,70666,52381,0.7412475589392353,8851,6501,0.7344932775957519,8843,6475,0.7322175732217573,0.5916979312896729,5.333056926727295
s4,66,baseline_3sigma,88045,67481,70549,52483,0.7439226636805625,8782,6479,0.7377590526076064,8714,6361,0.729974753270599,0.6003682017326355,5.333563327789307
s4,67,baseline_3sigma,87691,67132,70077,52019,0.7423120281975542,8825,6488,0.7351841359773371,8789,6462,0.7352372283536238,0.5768425464630127,5.4279303550720215
s4,68,baseline_3sigma,88297,67481,70486,52081,0.7388843174531112,8988,6642,0.7389853137516689,8823,6525,0.7395443726623597,0.5933161377906799,5.3902387619018555
s4,69,baseline_3sigma,87919,67327,70215,51960,0.7400128177739799,8850,6563,0.7415819209039548,8854,6560,0.7409080641517958,0.5978376269340515,5.452624797821045
s4,70,baseline_3sigma,87778,67211,70166,52143,0.7431377020209218,8751,6433,0.7351159867443721,8861,6528,0.7367114321182711,0.5874447226524353,5.34324836730957
s4,71,baseline_3sigma,87822,67136,70105,51893,0.7402182440624777,8813,6435,0.7301713377964371,8904,6559,0.7366352201257862,0.6017924547195435,5.32309627532959
s4,72,baseline_3sigma,87569,66959,69995,51894,0.7413958139867133,8788,6481,0.7374829312699135,8786,6389,0.7271796039153198,0.6050199270248413,5.398813724517822
s4,73,baseline_3sigma,87759,67247,70196,52031,0.7412245712006382,8682,6414,0.7387698686938493,8881,6542,0.7366287580227452,0.5967534184455872,5.358302116394043
s4,74,baseline_3sigma,87506,67124,69828,51842,0.7424242424242424,8929,6672,0.7472281330496137,8749,6457,0.7380272031089268,0.588719367980957,5.365377426147461
s4,75,baseline_3sigma,87379,66729,69813,51596,0.7390600604471946,8796,6527,0.7420418371987267,8770,6456,0.7361459521094641,0.5976029634475708,5.330785751342773
s4,76,baseline_3sigma,87723,67174,70018,51949,0.7419377874260904,8881,6584,0.7413579551852268,8824,6469,0.733114233907525,0.587583065032959,5.298747539520264
s4,77,baseline_3sigma,87449,66739,69700,51449,0.7381492109038738,8882,6519,0.7339563161450123,8867,6541,0.7376790346227585,0.6029926538467407,5.378969669342041
s4,78,baseline_3sigma,87648,67377,70003,51910,0.7415396483007871,8890,6647,0.7476940382452193,8755,6596,0.7533980582524272,0.5925544500350952,5.354144096374512
s4,79,baseline_3sigma,87681,67106,70075,51900,0.7406350338922583,8860,6526,0.7365688487584651,8746,6520,0.7454836496684198,0.5844919681549072,5.53469181060791
s4,80,baseline_3sigma,88161,67578,70634,52378,0.7415409009825297,8717,6487,0.744178042904669,8810,6546,0.7430192962542566,0.5979676246643066,5.326882839202881
s4,81,baseline_3sigma,87918,67370,70316,52050,0.7402298196711986,8973,6690,0.7455700434637245,8629,6410,0.7428438984818635,0.5958067178726196,5.338788986206055
s4,82,baseline_3sigma,87767,67199,70338,52137,0.7412351787085217,8780,6496,0.7398633257403189,8649,6389,0.7386981153890623,0.5828275680541992,5.367299556732178
s4,83,baseline_3sigma,88063,67343,70276,52057,0.7407507541692754,9021,6620,0.73384325462809,8766,6469,0.7379648642482318,0.5814494490623474,5.303786277770996
s4,84,baseline_3sigma,87857,67024,70243,51798,0.7374115570234756,8834,6538,0.7400950871632329,8780,6500,0.7403189066059226,0.5854941606521606,5.283552169799805
s4,85,baseline_3sigma,87524,66828,70099,51684,0.7373001041384328,8726,6540,0.7494842997937199,8699,6473,0.7441085182204851,0.593411922454834,5.290309906005859
s4,86,baseline_3sigma,87508,67062,69693,51610,0.740533482559224,8924,6636,0.7436127297176154,8891,6565,0.7383871330558992,0.5820010900497437,5.3087053298950195
s4,87,baseline_3sigma,87828,67231,70175,51911,0.7397363733523334,8784,6500,0.7399817850637522,8869,6639,0.7485624083887699,0.5737171173095703,5.400206565856934
s4,88,baseline_3sigma,87676,67016,70105,51803,0.7389344554596676,8861,6630,0.748222548245119,8710,6417,0.7367393800229621,0.5995578169822693,5.205451488494873
s4,89,baseline_3sigma,87883,67393,70243,52189,0.7429779479805817,8893,6599,0.7420443045091645,8747,6433,0.7354521550245798,0.5903752446174622,5.212622165679932
s4,90,baseline_3sigma,87622,66893,69769,51463,0.7376198598231306,8833,6582,0.7451601947243293,9020,6637,0.735809312638581,0.5946671366691589,5.266659259796143
s4,91,baseline_3sigma,87860,67171,70232,51860,0.7384098416676159,8927,6617,0.7412344572644786,8701,6452,0.7415239627629008,0.590704083442688,5.273329257965088
s4,92,baseline_3sigma,87596,66884,69949,51600,0.7376803099400993,8893,6577,0.7395704486674913,8754,6471,0.7392049348869089,0.6017193794250488,5.298655986785889
s4,93,baseline_3sigma,87576,67002,70117,51895,0.7401200850007844,8948,6632,0.7411712114438981,8511,6258,0.7352837504406062,0.600311279296875,5.279108047485352
s4,94,baseline_3sigma,88097,67511,70541,52211,0.7401511177896543,8869,6573,0.7411207576953434,8687,6452,0.7427190054103834,0.588921308517456,5.217499256134033
s4,95,baseline_3sigma,88041,67584,70329,52225,0.7425812964779821,8931,6627,0.7420221699697682,8781,6475,0.7373875412823141,0.5991860628128052,5.315105438232422
s4,96,baseline_3sigma,87131,66610,69331,51254,0.7392652637348373,9051,6726,0.7431223069274113,8749,6425,0.7343696422448279,0.6027998328208923,5.376594543457031
s4,97,baseline_3sigma,87917,67313,70285,52090,0.7411254179412392,8710,6421,0.7371986222732492,8922,6626,0.7426585967271913,0.592077374458313,5.145094871520996
s4,98,baseline_3sigma,87171,66872,69711,51619,0.7404713746754458,8740,6508,0.7446224256292906,8720,6438,0.738302752293578,0.6053552627563477,5.347300052642822
s4,99,baseline_3sigma,87726,67191,70125,51949,0.7408057040998217,8792,6493,0.7385122838944495,8809,6430,0.7299352934498808,0.5976374745368958,5.427185535430908
s4,100,baseline_3sigma,87403,66871,70112,51944,0.7408717480602465,8507,6244,0.7339837780651228,8784,6556,0.7463570127504554,0.5904999375343323,5.215311050415039
s4,101,baseline_3sigma,87629,66981,70162,51896,0.7396596448219834,8676,6354,0.7323651452282157,8791,6560,0.7462177226709135,0.589097261428833,5.292007923126221
s4,102,baseline_3sigma,87394,66967,70092,51907,0.7405552702162872,8683,6385,0.7353449268685938,8619,6461,0.7496229260935143,0.594258189201355,5.194770812988281
s4,103,baseline_3sigma,87933,67512,70208,52183,0.7432628760255242,8890,6532,0.7347581552305962,8835,6535,0.7396717600452745,0.6045622825622559,5.267195224761963
s4,104,baseline_3sigma,88385,67544,70410,52044,0.7391563698338304,8905,6536,0.7339696799550814,9070,6701,0.7388092613009923,0.5974224209785461,5.27745246887207
s4,105,baseline_3sigma,87539,67154,69961,51867,0.7413701919640943,8765,6500,0.7415858528237308,8813,6543,0.7424259616475661,0.5999563932418823,5.236233711242676
s4,106,baseline_3sigma,87861,67409,70230,51984,0.7401964972234087,8910,6639,0.7451178451178451,8721,6553,0.7514046554294233,0.5967112183570862,5.168511867523193
s4,107,baseline_3sigma,87273,66978,69918,51926,0.7426699848393833,8661,6384,0.7370973328714929,8694,6463,0.7433862433862434,0.5931121110916138,5.274998188018799
s4,108,baseline_3sigma,88097,67146,70495,51840,0.7353713029292858,8808,6556,0.7443233424159855,8794,6557,0.7456220150102343,0.5949487686157227,5.250697612762451
s4,109,baseline_3sigma,88090,67540,70433,52247,0.7417971689406954,8731,6511,0.7457335929446799,8926,6594,0.7387407573381134,0.598423957824707,5.2253265380859375
s4,110,baseline_3sigma,87621,66947,70120,51756,0.7381061038220194,8673,6335,0.7304277643260694,8828,6552,0.742183960126869,0.5929911136627197,5.4770355224609375
s4,111,baseline_3sigma,87372,66677,70076,51770,0.7387693361493236,8801,6459,0.7338938756959437,8495,6307,0.7424367274867569,0.6161056160926819,5.246034622192383
s4,112,baseline_3sigma,87825,67148,70227,51887,0.7388468822532644,8844,6527,0.7380144730891,8754,6483,0.7405757368060315,0.5997896194458008,5.316174030303955
s4,113,baseline_3sigma,87458,67210,69900,51935,0.7429899856938483,8813,6539,0.7419720866901168,8745,6510,0.7444253859348199,0.5921647548675537,5.38139533996582
s4,114,baseline_3sigma,87473,67308,70091,52224,0.7450885277710405,8804,6546,0.7435256701499319,8578,6345,0.7396829097691769,0.6034430265426636,5.292190074920654
s4,115,baseline_3sigma,87083,66548,69582,51445,0.7393435083786036,8772,6467,0.7372321021431828,8729,6454,0.739374498797113,0.6113696098327637,5.2977728843688965
s4,116,baseline_3sigma,88098,67426,70523,52174,0.7398153793797768,8754,6491,0.7414896047521133,8821,6541,0.7415259040925065,0.6024184823036194,5.287981033325195
s4,117,baseline_3sigma,87797,67104,70250,51900,0.7387900355871886,8840,6567,0.7428733031674208,8707,6461,0.7420466291489606,0.5986988544464111,5.290320873260498
s4,118,baseline_3sigma,87452,66816,70001,51777,0.7396608619876859,8723,6405,0.7342657342657343,8728,6419,0.7354491292392301,0.6087137460708618,5.311432838439941
s4,119,baseline_3sigma,87649,67153,70022,51779,0.7394675958984319,8856,6617,0.7471770551038843,8771,6495,0.7405084939003534,0.6030963659286499,5.361173152923584
s4,120,baseline_3sigma,87724,67295,70239,52142,0.7423511154771566,8777,6527,0.7436481713569557,8708,6462,0.742076251722554,0.5912282466888428,5.268255233764648
s4,121,baseline_3sigma,87916,67595,70466,52470,0.7446144239775211,8913,6574,0.7375743296308762,8537,6374,0.7466323064308305,0.5937168598175049,5.185927391052246
s4,122,baseline_3sigma,87783,67253,70167,52018,0.7413456468140294,8747,6525,0.7459700468732137,8869,6464,0.7288307588228662,0.5990954637527466,5.464676856994629
s4,123,baseline_3sigma,87845,67534,70433,52423,0.7442959976147544,8657,6448,0.7448307727850294,8755,6499,0.7423186750428327,0.5955759286880493,5.319070339202881
s4,124,baseline_3sigma,87723,66920,70253,51944,0.7393847949553756,8913,6496,0.7288230674295972,8557,6286,0.7346032488021503,0.6046732068061829,5.362497329711914
s4,125,baseline_3sigma,87033,66501,69634,51497,0.7395381566476147,8702,6408,0.7363824408182027,8697,6425,0.7387604921237209,0.6075223088264465,5.3151397705078125
s4,126,baseline_3sigma,88008,67587,70432,52296,0.7425034075420264,8787,6579,0.7487196995561625,8789,6536,0.7436568437820003,0.599225640296936,5.229382038116455
s4,127,baseline_3sigma,87496,66532,69952,51466,0.7357330741079597,8711,6339,0.7277006084261279,8833,6509,0.7368957319144118,0.5993046760559082,5.250726699829102
s4,128,baseline_3sigma,87341,67083,69837,51919,0.7434311324942365,8909,6639,0.7452014816477719,8595,6356,0.7394997091332169,0.6001601815223694,5.266542434692383
s4,129,baseline_3sigma,87707,67252,70184,51987,0.7407243816254417,8719,6483,0.7435485720839545,8804,6510,0.7394366197183099,0.6060695648193359,5.285414695739746
s4,130,baseline_3sigma,88003,67301,70468,52116,0.7395697337798717,8783,6525,0.7429124444950472,8752,6415,0.7329753199268738,0.6048892736434937,5.362736701965332
s4,131,baseline_3sigma,87768,67374,70182,52130,0.7427830497848451,8808,6526,0.7409173478655767,8778,6468,0.7368421052631579,0.6003309488296509,5.419497966766357
s4,132,baseline_3sigma,87591,67127,70047,51937,0.7414593058946136,8901,6561,0.737108190091001,8643,6437,0.7447645493462918,0.6015111804008484,5.2968268394470215
s4,133,baseline_3sigma,87238,67007,69645,51771,0.7433555890587982,8769,6484,0.7394229672710685,8824,6561,0.7435403445149592,0.6065442562103271,5.473921775817871
s4,134,baseline_3sigma,87425,66873,69875,51671,0.7394776386404294,8746,6469,0.739652412531443,8804,6544,0.7432985006815084,0.5878416895866394,5.3451008796691895
s4,135,baseline_3sigma,87892,67298,70356,52125,0.7408749786798567,8705,6456,0.7416427340608845,8831,6530,0.73944060695278,0.5998321771621704,5.245625019073486
s4,136,baseline_3sigma,87791,67480,70320,52368,0.7447098976109215,8796,6545,0.7440882219190541,8675,6444,0.7428242074927954,0.5936504602432251,5.28896951675415
s4,137,baseline_3sigma,88143,67422,70473,52161,0.7401558043506024,8848,6542,0.739376130198915,8822,6484,0.7349807299931989,0.6065055131912231,5.367880344390869
s4,138,baseline_3sigma,87643,67039,69934,51697,0.7392255555237796,8868,6625,0.7470681100586378,8841,6533,0.7389435584209931,0.5962516069412231,5.250288486480713
s4,139,baseline_3sigma,87488,66985,70130,51990,0.741337516041637,8678,6417,0.7394560958746255,8680,6429,0.7406682027649769,0.5939396023750305,5.341228008270264
s4,140,baseline_3sigma,87449,66924,69824,51650,0.7397170027497708,8845,6538,0.7391746749576031,8780,6503,0.7406605922551253,0.5948253870010376,5.2488694190979
s4,141,baseline_3sigma,87688,67055,70102,51796,0.7388662235028958,8780,6509,0.7413439635535307,8806,6559,0.7448330683624801,0.6076395511627197,5.454780578613281
s4,142,baseline_3sigma,87331,66826,70036,51856,0.7404192129761836,8731,6408,0.7339365479326537,8564,6399,0.7471975712283979,0.5973145961761475,5.357110023498535
s4,143,baseline_3sigma,88377,67824,70699,52461,0.7420331263525651,8856,6583,0.7433378500451672,8822,6520,0.7390614373158014,0.6038345694541931,5.470198154449463
s4,144,baseline_3sigma,87352,66530,69727,51385,0.7369455160841568,8826,6477,0.7338545207341944,8799,6467,0.7349698829412433,0.5804435014724731,5.371860027313232
s4,145,baseline_3sigma,87789,67263,70049,51931,0.7413524818341447,8873,6533,0.7362785979939142,8867,6565,0.7403856997857223,0.6009844541549683,5.412302017211914
s4,146,baseline_3sigma,87631,67226,70007,51913,0.7415401317011157,8764,6505,0.7422409858512095,8860,6582,0.7428893905191873,0.6169524192810059,5.476271629333496
s4,147,baseline_3sigma,87388,66881,70115,51865,0.7397133281038294,8686,6442,0.7416532350909509,8587,6416,0.7471759636660068,0.5863007307052612,5.313806056976318
s4,148,baseline_3sigma,87748,66877,70212,51744,0.7369680396513416,8738,6399,0.732318608377203,8798,6454,0.7335758126847011,0.6071859002113342,5.414699554443359
s4,149,baseline_3sigma,87551,66761,70206,51834,0.7383129647038714,8655,6356,0.734373194685153,8690,6413,0.7379746835443038,0.6081374287605286,5.2651801109313965
s4,150,baseline_3sigma,87725,67335,70272,52240,0.7433970856102003,8704,6381,0.7331112132352942,8749,6525,0.7457995199451366,0.5899844765663147,5.285335540771484
s4,151,baseline_3sigma,87954,67212,70296,52034,0.7402128143848867,8954,6628,0.740227831136922,8704,6395,0.7347196691176471,0.5841448307037354,5.376682758331299
s4,152,baseline_3sigma,87753,67288,70191,52123,0.7425880810930177,8872,6555,0.7388412984670875,8690,6413,0.7379746835443038,0.5990296006202698,5.298192501068115
s4,153,baseline_3sigma,87601,66963,69939,51774,0.7402736670527174,8872,6497,0.7323038773669973,8790,6486,0.7378839590443687,0.6010349988937378,5.330777168273926
s4,154,baseline_3sigma,87617,67139,69966,51922,0.7421033073206986,8836,6472,0.7324581258488003,8815,6529,0.7406693136698809,0.6122509241104126,5.2907867431640625
s4,155,baseline_3sigma,87943,67239,70287,52006,0.739909229302716,8727,6502,0.7450441159619572,8929,6601,0.739276514727293,0.5992327332496643,5.245715141296387
s4,156,baseline_3sigma,87986,67432,70254,52081,0.741324337404276,8857,6535,0.7378344812013097,8875,6534,0.736225352112676,0.5925298929214478,5.3483357429504395
s4,157,baseline_3sigma,87961,67105,70273,51839,0.7376801901156916,8845,6483,0.7329564725833805,8843,6497,0.7347054167137849,0.5858280062675476,5.374265670776367
s4,158,baseline_3sigma,87767,67270,69991,51855,0.7408809704104814,8942,6649,0.7435696712144934,8834,6526,0.7387366991170478,0.6023956537246704,5.394102096557617
s4,159,baseline_3sigma,87710,67096,70126,51913,0.7402817785129624,8764,6470,0.7382473756275674,8820,6472,0.7337868480725623,0.5879772901535034,5.255712509155273
s4,160,baseline_3sigma,88046,67487,70355,52136,0.7410418591429181,8880,6633,0.7469594594594594,8811,6533,0.7414595392123482,0.5931682586669922,5.267728805541992
s4,161,baseline_3sigma,87965,67374,70352,52114,0.7407607459631567,8775,6550,0.7464387464387464,8838,6537,0.7396469789545146,0.5966013669967651,5.22104024887085
s4,162,baseline_3sigma,87487,66785,69921,51511,0.7367028503596916,8689,6483,0.7461157785706065,8877,6592,0.7425932184296496,0.592100977897644,5.2526350021362305
s4,163,baseline_3sigma,87667,67153,70138,51916,0.7401978955772904,8797,6535,0.7428668864385586,8732,6428,0.7361429225836006,0.6025965213775635,5.399089336395264
s4,164,baseline_3sigma,87111,66694,69836,51599,0.7388596139526892,8733,6501,0.7444177258673995,8542,6304,0.7380004682744088,0.5923581123352051,5.329875469207764
s4,165,baseline_3sigma,87550,66895,70017,51788,0.7396489423997029,8709,6397,0.7345275002870594,8824,6482,0.7345874886672711,0.5906055569648743,5.279862403869629
s4,166,baseline_3sigma,88226,67621,70641,52298,0.7403349329709376,8826,6499,0.736347156129617,8759,6549,0.7476880922479735,0.5981804728507996,5.311163902282715
s4,167,baseline_3sigma,87850,67410,70345,52177,0.741730044779302,8830,6538,0.7404303510758777,8675,6413,0.7392507204610951,0.6021672487258911,5.150941848754883
s4,168,baseline_3sigma,87540,67193,69921,52003,0.7437393629953805,8774,6460,0.7362662411670846,8845,6496,0.7344262295081967,0.6107544898986816,5.310352325439453
s4,169,baseline_3sigma,87403,66877,69864,51727,0.7403956257872438,8736,6491,0.7430173992673993,8803,6502,0.7386118368737931,0.5947135090827942,5.29434871673584
s4,170,baseline_3sigma,87882,67327,70339,52128,0.7410966888923641,8829,6554,0.7423264242836108,8714,6388,0.7330732155152628,0.61754310131073,5.395220756530762
s4,171,baseline_3sigma,87624,66672,70167,51587,0.7352031581797711,8816,6497,0.7369555353901996,8641,6357,0.7356787408864714,0.6040033102035522,5.371305465698242
s4,172,baseline_3sigma,87899,67388,70334,52219,0.7424431995905252,8682,6404,0.737618060354757,8883,6583,0.7410784644827199,0.6008473634719849,5.318778991699219
s4,173,baseline_3sigma,87885,67239,70175,51991,0.740876380477378,8757,6401,0.7309580906703209,8953,6634,0.7409806768680889,0.6244090795516968,5.322717189788818
s4,174,baseline_3sigma,88203,67336,70596,52062,0.7374638789733129,8837,6590,0.7457281882991965,8770,6487,0.7396807297605473,0.6080928444862366,5.273451805114746
s4,175,baseline_3sigma,87663,67178,70079,51946,0.7412491616604118,8738,6487,0.7423895628290227,8846,6552,0.7406737508478408,0.6172676086425781,5.362212181091309
s4,176,baseline_3sigma,87860,67042,70390,51935,0.7378178718567978,8707,6386,0.7334328701045136,8763,6446,0.7355928335045075,0.6128532886505127,5.257594585418701
s4,177,baseline_3sigma,88373,67791,70784,52507,0.7417919303797469,8764,6471,0.7383614787768142,8825,6518,0.7385835694050992,0.6116923689842224,5.494488716125488
s4,178,baseline_3sigma,87792,67223,70242,51979,0.7399988610802654,8767,6495,0.7408463556518764,8783,6504,0.7405214619150632,0.6146239042282104,5.277541160583496
s4,179,baseline_3sigma,88115,67607,70521,52319,0.7418924859261781,8882,6529,0.7350821886962395,8712,6514,0.7477043158861341,0.5991566777229309,5.193531513214111
s4,180,baseline_3sigma,88196,67418,70347,52032,0.7396477461725447,8822,6508,0.7377012015416006,9027,6688,0.7408884457737898,0.5970286130905151,5.429807662963867
s4,181,baseline_3sigma,87539,67048,70035,51877,0.7407296351824088,8807,6494,0.737368002725105,8697,6409,0.7369207772795217,0.6114402413368225,5.306325435638428
s4,182,baseline_3sigma,87396,66874,69810,51659,0.7399942701618679,8846,6478,0.7323083879719647,8740,6463,0.7394736842105263,0.6244555711746216,5.47982120513916
s4,183,baseline_3sigma,87909,67469,70402,52213,0.7416408624754979,8664,6445,0.7438827331486612,8843,6551,0.7408119416487617,0.6153807044029236,5.477448463439941
s4,184,baseline_3sigma,87960,67271,70519,52089,0.7386519944979367,8677,6421,0.7400023049441051,8764,6476,0.7389319945230488,0.6191818118095398,5.388844966888428
s4,185,baseline_3sigma,87513,66999,70093,51865,0.7399455009772731,8666,6402,0.7387491345488114,8754,6479,0.7401188028329906,0.595865786075592,5.36738395690918
s4,186,baseline_3sigma,87754,67102,70439,52028,0.7386249094961598,8684,6470,0.7450483648088438,8631,6411,0.7427876259993048,0.6125472784042358,5.284264087677002
s4,187,baseline_3sigma,87480,66703,70248,51758,0.7367896594920852,8534,6342,0.7431450667916569,8698,6357,0.730857668429524,0.6070229411125183,5.334405422210693
s4,188,baseline_3sigma,87948,67546,70241,52220,0.7434404407682123,8826,6544,0.7414457285293451,8881,6495,0.7313365611980632,0.6206330060958862,5.36096715927124
s4,189,baseline_3sigma,87453,66937,69762,51652,0.7404030847739457,8880,6517,0.7338963963963964,8811,6525,0.7405515832482125,0.6041635274887085,5.353691577911377
s4,190,baseline_3sigma,87618,66888,70036,51676,0.7378491061739677,8795,6449,0.7332575326890278,8787,6501,0.7398429498122226,0.6117299795150757,5.36836051940918
s4,191,baseline_3sigma,87588,67282,69876,51896,0.7426870456236763,8889,6569,0.7390032624592192,8823,6575,0.7452113793494276,0.6048731803894043,5.373730182647705
s4,192,baseline_3sigma,87254,66834,69770,51583,0.7393292245950982,8782,6531,0.7436802550671828,8702,6470,0.7435072397150081,0.6106996536254883,5.361616611480713
s4,193,baseline_3sigma,87448,67024,70227,52053,0.7412106454782349,8664,6436,0.7428439519852262,8557,6300,0.7362393362159635,0.6080316305160522,5.321376323699951
s4,194,baseline_3sigma,87709,67189,70162,52045,0.7417833015022377,8748,6435,0.73559670781893,8799,6454,0.7334924423229913,0.6036451458930969,5.412415981292725
s4,195,baseline_3sigma,87117,66513,69780,51498,0.7380051590713671,8634,6404,0.7417187861941162,8703,6396,0.7349189934505344,0.6102784276008606,5.2208170890808105
s4,196,baseline_3sigma,87936,67302,70410,52078,0.7396392557875302,8701,6470,0.7435926904953454,8825,6544,0.7415297450424929,0.6117349863052368,5.393725872039795
s4,197,baseline_3sigma,87719,67159,70125,52067,0.742488413547237,8775,6411,0.7305982905982906,8819,6484,0.7352307517859168,0.6078110933303833,5.150496959686279
s4,198,baseline_3sigma,87400,66620,69754,51286,0.7352409897640279,8818,6555,0.7433658425946926,8828,6509,0.737313094698686,0.6220818758010864,5.422117233276367
s4,199,baseline_3sigma,87712,67190,70249,52051,0.7409500491110194,8633,6400,0.741341364531449,8830,6506,0.736806342015855,0.6165996789932251,5.265132904052734
s4,200,baseline_3sigma,87897,67357,70278,52060,0.7407723611941148,8811,6494,0.7370332538871864,8808,6565,0.745345140781108,0.6090294122695923,5.354979515075684
s4,201,baseline_3sigma,87884,67229,70557,52231,0.74026673469677,8721,6478,0.7428047242288728,8606,6332,0.7357657448291889,0.6002956628799438,5.332258224487305
s4,202,baseline_3sigma,88211,67649,70541,52346,0.7420648984278646,8808,6444,0.7316076294277929,8862,6636,0.7488151658767772,0.6153226494789124,5.296024322509766
s4,203,baseline_3sigma,87121,66744,69504,51446,0.7401876151012892,8691,6447,0.7418018639972386,8926,6555,0.7343714989917096,0.6108629703521729,5.363065719604492
s4,204,baseline_3sigma,88359,67838,70708,52439,0.7416275386094926,8897,6605,0.7423850736203215,8754,6511,0.7437742746173178,0.6221154928207397,5.395654678344727
s4,205,baseline_3sigma,87881,67457,70142,52050,0.7420660944940264,8951,6641,0.7419282761702604,8788,6505,0.7402139280837505,0.6136782169342041,5.346105098724365
s4,206,baseline_3sigma,87597,67055,70047,51846,0.7401601781660885,8806,6526,0.7410856234385647,8744,6473,0.7402790484903934,0.6020621657371521,5.368225574493408
s4,207,baseline_3sigma,86959,66458,69711,51463,0.7382335642868414,8797,6499,0.7387745822439468,8451,6231,0.7373091941782037,0.6133058667182922,5.498280048370361
s4,208,baseline_3sigma,88051,67357,70308,52088,0.7408545258007624,8881,6542,0.7366287580227452,8862,6508,0.7343714737079666,0.6212350726127625,5.340523719787598
s4,209,baseline_3sigma,87827,67349,70357,52152,0.7412482055801128,8691,6476,0.7451386491773099,8779,6498,0.7401754186125983,0.6039084196090698,5.370625019073486
s4,210,baseline_3sigma,87559,67266,70095,51995,0.741779014195021,8818,6646,0.7536856430029485,8646,6414,0.7418459403192228,0.6057788133621216,5.371559143066406
s4,211,baseline_3sigma,87796,67380,70310,52108,0.7411179064144503,8831,6598,0.7471407541614766,8655,6477,0.7483535528596187,0.6209527254104614,5.233677387237549
s4,212,baseline_3sigma,87941,67628,70338,52248,0.7428132730529727,8899,6665,0.7489605573659962,8704,6455,0.7416130514705882,0.607268214225769,5.366817951202393
s4,213,baseline_3sigma,87865,67315,70410,52154,0.7407186479193296,8641,6436,0.7448212012498553,8814,6509,0.7384842296346721,0.6109552979469299,5.39460563659668
s4,214,baseline_3sigma,87930,67310,70331,52173,0.7418208187001465,8846,6514,0.7363780239656342,8753,6480,0.7403176053924369,0.5938748121261597,5.326184272766113
s4,215,baseline_3sigma,87668,67141,70113,51886,0.7400339452027441,8697,6421,0.738300563412671,8858,6566,0.7412508466922556,0.6007447242736816,5.489355564117432
s4,216,baseline_3sigma,87720,67166,70142,51835,0.7390008839211885,8742,6444,0.7371310912834592,8836,6583,0.7450203712086917,0.6189513206481934,5.396246910095215
s4,217,baseline_3sigma,87870,67348,70321,51989,0.7393097367784872,8741,6559,0.7503718110056058,8808,6567,0.7455722070844687,0.6102838516235352,5.317286014556885
s4,218,baseline_3sigma,87350,66988,69894,51750,0.7404069018799897,8804,6561,0.7452294411631076,8652,6491,0.7502311604253352,0.6104793548583984,5.211737632751465
s4,219,baseline_3sigma,87647,67198,70066,51912,0.7409014357891132,8846,6578,0.7436129323988243,8735,6377,0.7300515168860905,0.6225441694259644,5.330167293548584
s4,220,baseline_3sigma,87845,67141,70426,52065,0.7392866270979468,8790,6469,0.7359499431171787,8629,6378,0.7391354734036389,0.6120158433914185,5.428035736083984
s4,221,baseline_3sigma,87251,66939,69855,51805,0.741607615775535,8602,6359,0.7392466868170193,8794,6517,0.7410734591767114,0.6165202260017395,5.327842712402344
s4,222,baseline_3sigma,87872,67207,70454,52142,0.7400857296959719,8558,6332,0.739892498247254,8860,6532,0.7372460496613995,0.6070520281791687,5.590848445892334
s4,223,baseline_3sigma,87913,67437,70289,52174,0.7422783081278721,8835,6506,0.7363893604980193,8789,6530,0.7429741722607806,0.605812132358551,5.352968692779541
s4,224,baseline_3sigma,87954,67271,70214,51965,0.7400945680348648,8954,6638,0.7413446504355595,8786,6441,0.7330981106305486,0.6269088387489319,5.229931831359863
s4,225,baseline_3sigma,87746,67193,70417,52176,0.7409574392547255,8641,6336,0.7332484666126605,8688,6448,0.7421731123388582,0.6106768846511841,5.318974018096924
s4,226,baseline_3sigma,87515,67067,70006,51907,0.7414650172842328,8786,6505,0.7403824265877532,8723,6454,0.7398830677519203,0.6054394841194153,5.465552806854248
s4,227,baseline_3sigma,87701,67002,70161,51876,0.7393851284901869,8737,6424,0.7352638205333638,8803,6498,0.7381574463251165,0.627599835395813,5.427671909332275
s4,228,baseline_3sigma,87860,67252,70355,52149,0.7412266363442541,8806,6465,0.7341585282761753,8699,6395,0.7351419703414186,0.6448332667350769,5.35548734664917
s4,229,baseline_3sigma,88319,67709,70439,52198,0.7410383452348841,8924,6648,0.7449574181981174,8956,6626,0.7398392139347924,0.6072378754615784,5.233996391296387
s4,230,baseline_3sigma,87625,67086,70178,51909,0.7396762518168087,8647,6445,0.7453452064299757,8800,6546,0.7438636363636364,0.6085265874862671,5.350330829620361
s4,231,baseline_3sigma,87534,67071,70113,52030,0.742087772595667,8828,6501,0.7364068871771635,8593,6361,0.7402536948679157,0.6130639910697937,5.380038738250732
s4,232,baseline_3sigma,87520,67076,70057,52026,0.7426238634254964,8604,6397,0.7434913993491399,8859,6505,0.7342815216164352,0.618115246295929,5.321447849273682
s4,233,baseline_3sigma,87662,67017,70240,51965,0.7398206150341685,8712,6437,0.7388659320477502,8710,6452,0.7407577497129736,0.612764835357666,5.403847694396973
s4,234,baseline_3sigma,87683,67236,70051,51851,0.7401892906596622,8815,6533,0.7411230856494612,8817,6573,0.7454916638312351,0.6140651702880859,5.421362400054932
s4,235,baseline_3sigma,88010,67197,70344,51837,0.7369071989082224,8823,6549,0.7422645358721524,8843,6518,0.7370801764107203,0.6287180185317993,5.3488545417785645
s4,236,baseline_3sigma,87687,67120,70325,52094,0.7407607536437967,8819,6468,0.7334164871300601,8543,6370,0.7456397050216551,0.6258457899093628,5.388287544250488
s4,237,baseline_3sigma,88074,67481,70520,52289,0.7414775950085082,8797,6487,0.7374104808457429,8757,6493,0.741463971679799,0.6251097321510315,5.228662967681885
s4,238,baseline_3sigma,87734,67132,70152,51904,0.7398791196259551,8769,6509,0.7422739194891094,8813,6489,0.7362986497220015,0.642440140247345,5.237523555755615
s4,239,baseline_3sigma,87490,66973,69931,51714,0.7395003646451502,8785,6470,0.736482640865111,8774,6520,0.7431046273079553,0.6309652328491211,5.336809158325195
s4,240,baseline_3sigma,87755,67141,70101,51869,0.739918118143821,8982,6638,0.7390336228011579,8672,6418,0.7400830258302583,0.6181560754776001,5.465065956115723
s4,241,baseline_3sigma,87781,67109,70123,51797,0.7386592130969867,8830,6581,0.7453001132502831,8828,6504,0.7367467149977345,0.6343077421188354,5.34423303604126
s4,242,baseline_3sigma,87862,67182,70242,51919,0.7391446712792916,8836,6440,0.7288365776369398,8784,6564,0.7472677595628415,0.6319723725318909,5.309154510498047
s4,243,baseline_3sigma,87746,66922,70188,51822,0.7383313386903744,8778,6473,0.7374117110959216,8780,6430,0.7323462414578588,0.6084873080253601,5.3289666175842285
s4,244,baseline_3sigma,87993,67131,70350,51837,0.7368443496801705,8756,6523,0.7449748743718593,8887,6529,0.7346686170811297,0.6177381873130798,5.378538131713867
s4,245,baseline_3sigma,87360,66937,69886,51775,0.7408493832813439,8731,6473,0.7413812850761654,8743,6462,0.739105570170422,0.6126697063446045,5.3700947761535645
s4,246,baseline_3sigma,88157,67640,70389,52142,0.740769154271264,8862,6653,0.7507334687429474,8906,6622,0.7435436784190433,0.6459382772445679,5.345419406890869
s4,247,baseline_3sigma,87910,67363,70359,52038,0.7396068733211103,8727,6459,0.7401168786524579,8824,6557,0.7430870353581143,0.6261534094810486,5.357809543609619
s4,248,baseline_3sigma,87683,67019,70191,51878,0.7390976051060677,8816,6477,0.7346869328493648,8676,6430,0.7411249423697557,0.6309964656829834,5.28215217590332
s4,249,baseline_3sigma,87863,67191,70355,52077,0.7402032549214697,8754,6410,0.7322366917980352,8754,6440,0.7356636965958419,0.6263499855995178,5.404882431030273
s4,250,baseline_3sigma,88553,67581,70857,52314,0.738303907870782,8910,6519,0.7316498316498317,8786,6437,0.7326428408832233,0.613909125328064,5.346437931060791
s4,251,baseline_3sigma,87888,67126,70493,52090,0.7389386180188103,8713,6451,0.7403879260874555,8682,6401,0.7372725178530293,0.6196185946464539,5.34618616104126
s4,252,baseline_3sigma,87873,67102,70407,51912,0.7373130512591077,8730,6523,0.7471935853379152,8736,6457,0.7391254578754579,0.6038532257080078,5.3681321144104
s4,253,baseline_3sigma,88079,67200,70622,52025,0.7366684602531789,8544,6369,0.745435393258427,8913,6455,0.7242230449904634,0.6462298631668091,5.500518798828125
s4,254,baseline_3sigma,87565,67058,70089,51827,0.739445562071081,8693,6415,0.7379500747728057,8783,6492,0.7391551861550723,0.6118577718734741,5.324820518493652
s4,255,baseline_3sigma,87171,66548,69873,51422,0.7359351967140383,8574,6430,0.7499416841614183,8724,6425,0.7364740944520862,0.6148244142532349,5.37937593460083
s4,256,baseline_3sigma,87287,66862,69889,51705,0.7398159939332369,8742,6402,0.7323266986959506,8656,6386,0.7377541589648798,0.6208623051643372,5.336625099182129
s4,257,baseline_3sigma,87205,66803,69667,51531,0.7396758867182454,8738,6454,0.7386129549095903,8800,6611,0.75125,0.6113622784614563,5.26905632019043
s4,258,baseline_3sigma,87411,66932,69979,51805,0.7402935166264165,8784,6395,0.7280282331511839,8648,6462,0.7472247918593895,0.6128480434417725,5.242800235748291
s4,259,baseline_3sigma,87907,67158,70144,51803,0.7385236085766423,8818,6509,0.7381492401905194,8945,6619,0.7399664617104528,0.6135201454162598,5.2825751304626465
s4,260,baseline_3sigma,87801,67065,70206,51850,0.7385408654530952,8699,6385,0.7339924129210254,8896,6497,0.7303282374100719,0.6176005601882935,5.465478897094727
s4,261,baseline_3sigma,87656,67351,70390,52102,0.7401903679499929,8624,6421,0.7445500927643784,8642,6516,0.753992131451053,0.6167798042297363,5.3215012550354
s4,262,baseline_3sigma,87728,67189,70308,52051,0.7403282698981624,8738,6467,0.7401007095445182,8682,6396,0.736696613683483,0.6280083060264587,5.333518981933594
s4,263,baseline_3sigma,88200,67562,70750,52315,0.739434628975265,8740,6421,0.7346681922196796,8710,6464,0.7421354764638347,0.6063539981842041,5.407835483551025
s4,264,baseline_3sigma,87763,67082,70370,51963,0.7384254653971863,8693,6427,0.7393304958012193,8700,6426,0.7386206896551725,0.6121156215667725,5.239115238189697
s4,265,baseline_3sigma,87412,67008,69939,51825,0.7410028739329988,8817,6527,0.7402744697742997,8656,6402,0.7396025878003697,0.6215819120407104,5.350090503692627
s4,266,baseline_3sigma,87864,67407,70425,52102,0.7398225062122825,8757,6532,0.7459175516729474,8682,6444,0.7422252937111264,0.6263006329536438,5.403249740600586
s4,267,baseline_3sigma,87701,67115,70367,51998,0.7389543393920446,8693,6405,0.7367997239157943,8641,6414,0.7422751996296725,0.6218339800834656,5.444625377655029
s4,268,baseline_3sigma,87857,67124,70202,51868,0.7388393493062876,8812,6562,0.7446663640490241,8843,6478,0.7325568246070339,0.6205604076385498,5.248257637023926
s4,269,baseline_3sigma,87368,66831,70036,51750,0.7389057056371009,8597,6372,0.7411887867860881,8735,6403,0.733028048082427,0.6172745823860168,5.284264087677002
s4,270,baseline_3sigma,87677,67134,70257,51967,0.7396700684629289,8779,6497,0.7400615104225994,8641,6410,0.7418122902441847,0.6060749292373657,5.2850446701049805
s4,271,baseline_3sigma,87811,67138,70370,51961,0.7383970441949694,8678,6394,0.7368057156026734,8763,6524,0.744493894784891,0.6112508773803711,5.252030372619629
s4,272,baseline_3sigma,87512,66963,70161,51954,0.7404968572283748,8608,6303,0.7322258364312267,8743,6437,0.736246139768958,0.6124520301818848,5.347253322601318
s4,273,baseline_3sigma,87215,66696,69812,51596,0.7390706468801925,8733,6435,0.7368601855032635,8670,6394,0.7374855824682814,0.6261701583862305,5.329749584197998
s4,274,baseline_3sigma,87640,67010,70111,51823,0.7391564804381623,8701,6372,0.7323296172853695,8828,6511,0.7375396465790666,0.6226842403411865,5.335909843444824
s4,275,baseline_3sigma,87729,67224,70186,52035,0.7413871712307297,8832,6506,0.7366394927536232,8711,6390,0.7335552749397314,0.6294292211532593,5.277493953704834
s4,276,baseline_3sigma,87522,67082,70154,51972,0.7408273227470993,8660,6424,0.7418013856812933,8708,6416,0.7367937528709233,0.6109427213668823,5.245142459869385
s4,277,baseline_3sigma,88158,67377,70418,51796,0.735550569456673,8994,6716,0.746720035579275,8746,6559,0.749942831008461,0.617630124092102,5.266900062561035
s4,278,baseline_3sigma,88374,67513,70575,52019,0.7370740347148423,8814,6461,0.7330383480825958,8985,6604,0.7350027824151364,0.6241773366928101,5.298198699951172
s4,279,baseline_3sigma,87693,67159,70406,52117,0.7402352072266568,8728,6445,0.7384280476626948,8559,6309,0.7371188222923238,0.621583104133606,5.317455768585205
s4,280,baseline_3sigma,87704,67180,70236,51964,0.7398485107352355,8818,6539,0.7415513721932411,8650,6403,0.7402312138728324,0.6109129190444946,5.344233989715576
s4,281,baseline_3sigma,87593,67073,70104,51922,0.7406424740385713,8644,6383,0.738431281813975,8845,6517,0.7368004522328999,0.6013373136520386,5.296201229095459
s4,282,baseline_3sigma,87937,67167,70257,51742,0.7364675406009366,8861,6622,0.7473197156077193,8819,6528,0.7402199795895226,0.614517092704773,5.3178181648254395
s4,283,baseline_3sigma,87808,67170,70340,51909,0.7379727040090986,8733,6486,0.7427001030573686,8735,6504,0.7445907269605038,0.622230052947998,5.364896297454834
s4,284,baseline_3sigma,87614,67167,70098,51909,0.7405204142771549,8718,6456,0.7405368203716449,8798,6463,0.7345987724482838,0.6294476985931396,5.230846405029297
s4,285,baseline_3sigma,88082,67534,70547,52284,0.7411229393170511,8830,6487,0.7346545866364665,8705,6440,0.7398047099368179,0.6200046539306641,5.40905237197876
s4,286,baseline_3sigma,87510,66989,69977,51766,0.7397573488431913,8744,6470,0.739935956084172,8789,6481,0.7373990215041529,0.6275566816329956,5.481778621673584
s4,287,baseline_3sigma,87990,67338,70530,52186,0.7399120941443358,8774,6541,0.7454980624572601,8686,6374,0.7338245452452222,0.6045174598693848,5.350778579711914
s4,288,baseline_3sigma,87393,66944,69870,51717,0.7401889222842422,8678,6456,0.7439502189444572,8845,6451,0.7293386093838327,0.619240403175354,5.502840995788574
s4,289,baseline_3sigma,88060,67521,70432,52210,0.7412823716492504,8801,6563,0.7457107146915123,8827,6472,0.7332049393905063,0.6114491820335388,5.449917793273926
s4,290,baseline_3sigma,88031,67395,70524,52267,0.7411235891327775,8775,6429,0.7326495726495726,8732,6450,0.7386623912047641,0.6065151691436768,5.5209197998046875
s4,291,baseline_3sigma,87548,66897,69938,51713,0.7394120506734536,8703,6377,0.7327358382167068,8907,6558,0.7362748400134725,0.6256973147392273,5.447288513183594
s4,292,baseline_3sigma,87470,66950,69854,51691,0.7399862570504194,8864,6619,0.7467283393501805,8752,6422,0.7337751371115173,0.6090199947357178,5.3682732582092285
s4,293,baseline_3sigma,87529,67178,70028,51975,0.742203118752499,8770,6469,0.7376282782212087,8731,6486,0.7428702325048677,0.6154364347457886,5.397918224334717
s4,294,baseline_3sigma,88017,67195,70417,51928,0.7374355624352074,8847,6532,0.7383293771900079,8753,6420,0.7334628127499143,0.6167080998420715,5.445947170257568
s4,295,baseline_3sigma,87744,67358,70275,52185,0.7425827107790822,8678,6400,0.7374971191518783,8791,6475,0.7365487430326471,0.6056684255599976,5.37493896484375
s4,296,baseline_3sigma,87856,67292,70254,51941,0.7393315683092777,8881,6609,0.7441729534962279,8721,6443,0.7387914230019493,0.6030665636062622,5.3860859870910645
s4,297,baseline_3sigma,87232,66903,69830,51765,0.7413003007303451,8561,6294,0.7351944866253942,8841,6513,0.7366813708856464,0.6096524000167847,5.368856430053711
s4,298,baseline_3sigma,88070,67430,70442,52050,0.7389057664461542,8746,6424,0.734507203292934,8882,6605,0.7436388200855664,0.609298825263977,5.343440532684326
s4,299,baseline_3sigma,87565,67323,70140,52210,0.7443684060450527,8768,6428,0.7331204379562044,8657,6451,0.7451773131569828,0.6050028800964355,5.335224151611328
s4,300,baseline_3sigma,88077,67565,70585,52269,0.7405114401076716,8708,6428,0.7381717960496096,8784,6573,0.7482923497267759,0.6175144910812378,5.315649509429932
s4,301,baseline_3sigma,88243,67653,70579,52256,0.7403902010513043,8784,6530,0.7433970856102003,8880,6588,0.7418918918918919,0.6105100512504578,5.330465793609619
s4,302,baseline_3sigma,87683,67072,70297,51924,0.7386374951989416,8812,6536,0.7417158420335905,8574,6362,0.7420107301142991,0.6098368763923645,5.456543445587158
s4,303,baseline_3sigma,87453,66830,70146,51824,0.7388019274085479,8732,6448,0.7384333486028402,8575,6276,0.7318950437317784,0.5860893726348877,5.536598205566406
s4,304,baseline_3sigma,87208,66886,69555,51562,0.7413126302925742,8691,6435,0.7404211253020366,8962,6656,0.7426913635349253,0.6079449653625488,5.365250587463379
s4,305,baseline_3sigma,87268,66884,69871,51766,0.7408796210158721,8816,6505,0.7378629764065335,8581,6431,0.7494464514625335,0.5984678268432617,5.262759208679199
s4,306,baseline_3sigma,88382,67632,70795,52376,0.7398262589165902,8755,6494,0.7417475728155339,8832,6542,0.7407155797101449,0.603080153465271,5.354024410247803
s4,307,baseline_3sigma,87925,67164,70211,51876,0.7388585834128555,8857,6521,0.7362538105453313,8857,6542,0.7386248165292989,0.6027967929840088,5.329781532287598
s4,308,baseline_3sigma,88036,67334,70461,51941,0.7371595634464455,8729,6446,0.7384580135181579,8846,6556,0.7411259326249152,0.6277655363082886,5.289505958557129
s4,309,baseline_3sigma,87342,66931,69991,51959,0.7423668757411668,8739,6436,0.7364687035129878,8612,6409,0.7441941477008824,0.5946328639984131,5.296594619750977
s4,310,baseline_3sigma,87577,67182,70112,52057,0.7424834550433592,8684,6472,0.745278673422386,8781,6526,0.7431955358159663,0.5976810455322266,5.283120632171631
s4,311,baseline_3sigma,87955,67236,70414,51920,0.7373533672281081,8709,6473,0.7432541049489034,8832,6575,0.7444519927536232,0.5948762893676758,5.522116661071777
s4,312,baseline_3sigma,87861,67221,70429,52072,0.7393545272543981,8658,6442,0.744051744051744,8774,6563,0.7480054707089127,0.6029384732246399,5.187791347503662
s4,313,baseline_3sigma,87852,67185,70316,52040,0.7400876045281302,8718,6469,0.7420279880706584,8818,6488,0.7357677477886142,0.6028662919998169,5.254446983337402
s4,314,baseline_3sigma,87980,67576,70555,52339,0.7418184395152718,8695,6511,0.7488211615871191,8730,6437,0.7373424971363116,0.6047283411026001,5.197551727294922
s4,315,baseline_3sigma,87651,67085,70475,52134,0.7397516849946789,8623,6402,0.7424330279485098,8553,6341,0.7413772945165439,0.6003573536872864,5.3154425621032715
s4,316,baseline_3sigma,87758,67036,70206,51775,0.737472580691109,8719,6459,0.7407959628397752,8833,6572,0.7440280765311899,0.6089370250701904,5.150146007537842
s4,317,baseline_3sigma,88014,67620,70599,52491,0.7435091148599838,8590,6350,0.7392316647264261,8825,6567,0.7441359773371105,0.5962921380996704,5.371129035949707
s4,318,baseline_3sigma,87480,67298,69994,52041,0.7435065862788239,8721,6520,0.747620685701181,8765,6511,0.742840844266971,0.5980020761489868,5.315620422363281
s4,319,baseline_3sigma,87884,67248,70436,52144,0.7403032540178318,8785,6448,0.7339783722253842,8663,6409,0.7398129978067643,0.6021918654441833,5.2134222984313965
s4,320,baseline_3sigma,88122,67426,70417,52195,0.7412272604626724,8757,6449,0.7364394198926573,8948,6579,0.7352481001341081,0.603958249092102,5.397678375244141
s4,321,baseline_3sigma,87760,67248,70106,51872,0.7399081391036431,8826,6548,0.7418989349648765,8828,6593,0.7468282736746715,0.603857159614563,5.301054000854492
s4,322,baseline_3sigma,88105,67578,70432,52204,0.7411971830985915,8798,6544,0.7438054103205274,8875,6577,0.7410704225352113,0.619556188583374,5.30017614364624
s4,323,baseline_3sigma,87410,67127,69882,51944,0.743310151398071,8797,6581,0.7480959417983404,8731,6485,0.7427556980872753,0.5912261605262756,5.357234001159668
s4,324,baseline_3sigma,87841,67100,70129,51857,0.7394515820844444,8849,6530,0.73793648999887,8863,6567,0.7409455037797585,0.6015264987945557,5.3327460289001465
s4,325,baseline_3sigma,87892,67193,70268,51983,0.739781977571583,8750,6445,0.7365714285714285,8874,6519,0.7346179851250845,0.6091914772987366,5.224186420440674
s4,326,baseline_3sigma,87757,67089,70163,51960,0.7405612644841298,8719,6361,0.7295561417593761,8875,6590,0.7425352112676057,0.5953075289726257,5.2538371086120605
s4,327,baseline_3sigma,87429,66922,69845,51808,0.7417567470828262,8695,6357,0.7311098332374928,8889,6539,0.7356283046461919,0.5975595712661743,5.316314697265625
s4,328,baseline_3sigma,88023,67312,70544,52255,0.7407433658425947,8718,6455,0.7404221151640284,8761,6507,0.7427234333980139,0.5969783067703247,5.3176350593566895
s4,329,baseline_3sigma,87689,67229,70150,52009,0.7413970064148254,8794,6537,0.7433477370934728,8745,6514,0.744882790165809,0.5896981954574585,5.452144145965576
s4,330,baseline_3sigma,88063,67472,70321,52069,0.7404473770281993,8927,6660,0.7460513050296852,8815,6532,0.741009642654566,0.5967683792114258,5.34677791595459
s4,331,baseline_3sigma,87348,66770,70127,51827,0.7390448757254695,8476,6245,0.7367862199150542,8745,6487,0.7417953116066324,0.5923659801483154,5.369157314300537
s4,332,baseline_3sigma,88385,67553,70646,52226,0.7392633694759788,8947,6617,0.7395775120152006,8792,6519,0.7414695177434031,0.5928645730018616,5.268040657043457
s4,333,baseline_3sigma,87454,67043,69885,51835,0.7417185375974816,8772,6478,0.7384860921112631,8797,6524,0.7416164601568717,0.5950688123703003,5.313177585601807
s4,334,baseline_3sigma,87557,66702,70035,51653,0.7375312343828085,8828,6487,0.7348210240144993,8694,6422,0.7386703473659996,0.5990551710128784,5.308056354522705
s4,335,baseline_3sigma,88091,67529,70572,52383,0.7422632205407244,8659,6364,0.7349578473264812,8860,6545,0.7387133182844243,0.590034544467926,5.359987735748291
s4,336,baseline_3sigma,88010,67327,70376,52063,0.7397834489030352,8972,6655,0.7417521176995095,8662,6357,0.7338951743246364,0.5960870385169983,5.254358768463135
s4,337,baseline_3sigma,87446,67001,69811,51860,0.7428628726131985,8730,6369,0.729553264604811,8905,6579,0.7387984278495228,0.5928542017936707,5.267867565155029
s4,338,baseline_3sigma,87313,66884,69706,51736,0.7422029667460477,8806,6479,0.7357483533954122,8801,6441,0.7318486535620952,0.6023302674293518,5.278440952301025
s4,339,baseline_3sigma,88083,67389,70419,52068,0.7394027180164444,8802,6467,0.7347193819586457,8862,6546,0.7386594448205822,0.6116463541984558,5.378053665161133
s4,340,baseline_3sigma,87935,67094,70535,52018,0.7374778478769405,8757,6450,0.7365536142514559,8643,6389,0.7392109221335185,0.6064328551292419,5.291345119476318
s4,341,baseline_3sigma,87272,66758,69734,51587,0.739768262253707,8776,6411,0.7305150410209663,8762,6488,0.7404702122803013,0.6097990274429321,5.294583797454834
s4,342,baseline_3sigma,87450,66854,70110,51832,0.7392953929539295,8651,6399,0.7396832736099873,8689,6454,0.7427782253423869,0.596587061882019,5.292179584503174
s4,343,baseline_3sigma,87531,67296,69896,52248,0.7475105871580634,8792,6450,0.7336214740673339,8843,6461,0.730634400090467,0.5825785398483276,5.297054767608643
s4,344,baseline_3sigma,87900,67461,70466,52238,0.7413220560270202,8730,6476,0.7418098510882016,8704,6511,0.748046875,0.6066309809684753,5.3139238357543945
s4,345,baseline_3sigma,87548,67060,70051,51911,0.7410458094816633,8746,6458,0.7383946947175852,8751,6417,0.7332876242715118,0.6072473526000977,5.358160018920898
s4,346,baseline_3sigma,88457,67420,70699,52035,0.7360075814367955,8957,6631,0.7403148375572178,8801,6534,0.7424156345869788,0.5985047817230225,5.3700270652771
s4,347,baseline_3sigma,87767,67340,70027,51757,0.739100632613135,8925,6649,0.7449859943977591,8815,6628,0.7519001701644923,0.6027700304985046,5.251768589019775
s4,348,baseline_3sigma,88112,67510,70507,52252,0.7410895372090714,8693,6440,0.7408259519153342,8912,6638,0.74483842010772,0.5897780656814575,5.263060569763184
s4,349,baseline_3sigma,87787,67266,70375,52167,0.7412717584369449,8609,6384,0.7415495411778371,8803,6487,0.7369078723162559,0.5942580699920654,5.359127998352051
s4,350,baseline_3sigma,88144,67414,70632,52218,0.7392966360856269,8626,6398,0.7417111059587295,8886,6527,0.7345262210218321,0.6006655097007751,5.338778018951416
s4,351,baseline_3sigma,87116,66580,69932,51587,0.7376737402047704,8528,6295,0.738156660412758,8656,6381,0.7371765249537893,0.6053390502929688,5.340257167816162
s4,352,baseline_3sigma,87810,67293,70283,52207,0.7428112061238137,8761,6430,0.7339344823650268,8766,6429,0.7334017796030117,0.5922884345054626,5.289734363555908
s4,353,baseline_3sigma,87581,66864,69866,51595,0.7384851000486646,8872,6538,0.7369251577998197,8843,6527,0.7380979305665498,0.5913662910461426,5.33040714263916
s4,354,baseline_3sigma,87625,66962,70157,51812,0.7385150448280285,8675,6384,0.7359077809798271,8793,6515,0.7409302854543387,0.5934849381446838,5.305684566497803
s4,355,baseline_3sigma,87388,67043,69880,51869,0.7422581568402976,8818,6498,0.7369017917895214,8690,6471,0.7446490218642118,0.6036933064460754,5.404614448547363
s4,356,baseline_3sigma,87896,67373,70249,52028,0.7406226423151931,8761,6495,0.7413537267435224,8886,6551,0.7372270988071123,0.5975279211997986,5.415449142456055
s4,357,baseline_3sigma,87422,67029,69930,51761,0.7401830401830402,8757,6519,0.7444330250085646,8735,6478,0.7416141957641671,0.6124534010887146,5.116825580596924
s4,358,baseline_3sigma,87727,67126,70176,51946,0.7402245782033744,8866,6506,0.73381457252425,8685,6411,0.7381692573402417,0.6035671234130859,5.324127197265625
s4,359,baseline_3sigma,87169,66549,69733,51379,0.7367960649907505,8653,6393,0.7388189067375477,8783,6477,0.7374473414550837,0.6039941906929016,5.247952461242676
s4,360,baseline_3sigma,87650,66972,70143,51825,0.7388477823874086,8745,6450,0.7375643224699828,8762,6467,0.7380734992010957,0.6016098260879517,5.317883014678955
s4,361,baseline_3sigma,88326,67410,70782,52251,0.7381961515639569,8783,6480,0.7377889103950814,8761,6466,0.7380436023285013,0.5941657423973083,5.311215400695801
s4,362,baseline_3sigma,87434,67048,70011,51872,0.7409121423776264,8630,6414,0.7432213209733488,8793,6514,0.7408165586261799,0.5998700857162476,5.335150241851807
s4,363,baseline_3sigma,88161,67335,70376,51898,0.7374388996248721,8722,6437,0.7380188030268288,9063,6709,0.7402626062010372,0.5901932716369629,5.153614521026611
s4,364,baseline_3sigma,87587,66962,70169,51961,0.7405121919936154,8740,6444,0.737299771167048,8678,6346,0.7312744872090343,0.5878779292106628,5.3152079582214355
s4,365,baseline_3sigma,87486,66937,70063,51815,0.7395486918915833,8583,6351,0.7399510660608178,8840,6573,0.743552036199095,0.6035661101341248,5.210398197174072
s4,366,baseline_3sigma,87903,67524,70235,52170,0.7427920552431124,8767,6501,0.7415307402760352,8901,6610,0.7426131895292664,0.5992448329925537,5.278921127319336
s4,367,baseline_3sigma,87952,67153,70523,52057,0.738156346156573,8709,6438,0.7392352738546332,8720,6420,0.7362385321100917,0.5995566248893738,5.363797187805176
s4,368,baseline_3sigma,87412,66798,69898,51573,0.7378322698789664,8859,6567,0.7412800541821876,8655,6402,0.7396880415944541,0.609503984451294,5.229089260101318
s4,369,baseline_3sigma,87854,67279,70289,52017,0.7400446727083897,8863,6567,0.7409455037797585,8702,6501,0.7470696391634107,0.592917263507843,5.23268985748291
s4,370,baseline_3sigma,87032,66596,69717,51611,0.7402928984322332,8615,6342,0.7361578641903657,8700,6414,0.7372413793103448,0.6117422580718994,5.35077428817749
s4,371,baseline_3sigma,88093,67462,70579,52330,0.741438671559529,8711,6423,0.7373435885661807,8803,6488,0.737021469953425,0.6044885516166687,5.213473796844482
s4,372,baseline_3sigma,87829,67027,70290,51870,0.7379428083653435,8815,6491,0.7363584798638684,8724,6395,0.7330353049060064,0.5980099439620972,5.363979816436768
s4,373,baseline_3sigma,87430,66987,69816,51736,0.7410335739658531,8683,6395,0.73649660255672,8931,6608,0.7398947486283731,0.5971261262893677,5.369513034820557
s4,374,baseline_3sigma,86972,66476,69658,51370,0.7374601625082546,8657,6486,0.749220284163105,8657,6380,0.7369758576874206,0.6037915349006653,5.365540504455566
s4,375,baseline_3sigma,87914,67307,70382,52096,0.7401892529339889,8756,6445,0.7360666971219735,8776,6476,0.7379216043755698,0.6001452207565308,5.336674213409424
s4,376,baseline_3sigma,87435,66777,69824,51640,0.7395737855178736,8843,6492,0.7341399977383241,8768,6426,0.7328923357664233,0.5948848724365234,5.338594913482666
s4,377,baseline_3sigma,87588,66995,70090,51845,0.7396918247966899,8947,6598,0.737453895160389,8551,6321,0.7392117880949597,0.5933913588523865,5.413983345031738
s4,378,baseline_3sigma,87541,66777,69943,51626,0.7381153224768741,8740,6407,0.7330663615560641,8858,6512,0.7351546624520208,0.6051034927368164,5.411319255828857
s4,379,baseline_3sigma,87565,67062,70166,51968,0.7406436165664282,8722,6448,0.7392799816555836,8677,6397,0.7372363720179785,0.6116684079170227,5.349788665771484
s4,380,baseline_3sigma,87074,66687,69581,51502,0.7401733231773041,8758,6501,0.7422927609043161,8735,6441,0.737378362907842,0.5979804396629333,5.235469341278076
s4,381,baseline_3sigma,87929,67283,70391,52011,0.7388870736315722,8767,6481,0.7392494581955059,8771,6549,0.7466651465055296,0.5947209596633911,5.339127540588379
s4,382,baseline_3sigma,87795,67384,70361,52125,0.7408223305524367,8629,6471,0.7499130837872291,8805,6496,0.7377626348665531,0.5912523865699768,5.200959205627441
s4,383,baseline_3sigma,87745,67235,70273,51952,0.7392882045735916,8764,6512,0.7430397078959379,8708,6453,0.7410427193385393,0.6073148846626282,5.361865997314453
s4,384,baseline_3sigma,88322,67772,70698,52532,0.7430478938583835,8826,6505,0.7370269657829142,8798,6543,0.7436917481245737,0.6024119853973389,5.268554210662842
s4,385,baseline_3sigma,88195,67697,70604,52427,0.7425499971672993,8754,6480,0.7402330363262508,8837,6531,0.7390517143827091,0.5959661602973938,5.356256008148193
s4,386,baseline_3sigma,87811,67318,70243,52071,0.7412980652876443,8691,6415,0.7381198941433667,8877,6595,0.7429311704404641,0.605449378490448,5.231259822845459
s4,387,baseline_3sigma,87732,67208,70420,52162,0.7407270661743823,8764,6479,0.7392743039707896,8548,6360,0.7440336920917173,0.6011349558830261,5.254787921905518
s4,388,baseline_3sigma,88204,67542,70644,52248,0.7395957193816884,8792,6473,0.7362374886260237,8768,6578,0.750228102189781,0.5962429046630859,5.274900436401367
s4,389,baseline_3sigma,87291,66722,70034,51782,0.7393837279035896,8504,6297,0.7404750705550329,8753,6450,0.7368902090711756,0.5891813039779663,5.235501289367676
s4,390,baseline_3sigma,87914,67323,70439,52089,0.7394909070259373,8810,6549,0.7433598183881952,8665,6391,0.7375649163300635,0.6011183261871338,5.335846424102783
s4,391,baseline_3sigma,87672,67162,70036,51752,0.7389342623793478,8860,6585,0.7432279909706546,8776,6512,0.7420237010027347,0.608828067779541,5.309797763824463
s4,392,baseline_3sigma,88125,67388,70749,52225,0.7381729777099323,8692,6450,0.7420616658996778,8684,6410,0.7381391064025794,0.5930726528167725,5.331349849700928
s4,393,baseline_3sigma,87639,67064,70053,51880,0.7405821306724908,8787,6437,0.732559462842836,8799,6514,0.7403113990226162,0.6042063236236572,5.296029090881348
s4,394,baseline_3sigma,88022,67326,70625,52247,0.7397805309734513,8699,6445,0.7408897574433843,8698,6448,0.7413198436422166,0.5929977893829346,5.326642036437988
s4,395,baseline_3sigma,87535,67046,69940,51812,0.7408064054904203,8775,6452,0.7352706552706553,8820,6548,0.7424036281179138,0.6042299270629883,5.399177074432373
s4,396,baseline_3sigma,88051,67469,70329,52001,0.7393962661206614,8851,6629,0.7489549203479833,8871,6563,0.7398264006312705,0.5966576337814331,5.358281135559082
s4,397,baseline_3sigma,87668,67336,70309,52249,0.7431338804420486,8621,6407,0.743185245331168,8738,6415,0.7341496910048065,0.573310375213623,5.420293807983398
s4,398,baseline_3sigma,88143,67617,70357,52230,0.742356837272766,8994,6612,0.7351567711807871,8792,6479,0.7369199272065514,0.5935787558555603,5.301867961883545
s4,399,baseline_3sigma,87618,66972,70110,51857,0.7396519754671231,8697,6388,0.7345061515465103,8811,6492,0.7368062648961525,0.5990520119667053,5.326822280883789
s4,400,baseline_3sigma,87998,67482,70437,52311,0.7426636568848759,8771,6548,0.7465511344202486,8790,6475,0.7366325369738339,0.5957218408584595,5.324632167816162
s4,401,baseline_3sigma,87488,66927,69992,51718,0.7389130186307007,8723,6436,0.7378195574916886,8773,6484,0.7390858315285536,0.5910435914993286,5.385059833526611
s4,402,baseline_3sigma,88073,67383,70485,52170,0.7401574803149606,8630,6397,0.7412514484356895,8958,6581,0.7346505916499219,0.5889436602592468,5.395081043243408
s4,403,baseline_3sigma,87273,66897,69777,51670,0.7405018845751465,8717,6466,0.7417689572100493,8779,6549,0.7459847363025401,0.5972949266433716,5.244404315948486
s4,404,baseline_3sigma,87983,67558,70320,52172,0.7419226393629124,8815,6526,0.7403289846851957,8848,6597,0.7455922242314648,0.5922950506210327,5.393985748291016
s4,405,baseline_3sigma,87586,67091,70105,51952,0.7410598388132088,8703,6436,0.7395151097322762,8778,6483,0.7385509227614491,0.5884669423103333,5.30222749710083
s4,406,baseline_3sigma,87266,66732,69766,51619,0.7398876243442365,8885,6586,0.7412492965672481,8615,6358,0.7380150899593731,0.584044873714447,5.310082912445068
s4,407,baseline_3sigma,87494,67134,70084,52062,0.7428514354203527,8798,6491,0.7377813139349853,8612,6359,0.738388295401765,0.5959678292274475,5.3589348793029785
s4,408,baseline_3sigma,87927,67296,70263,52039,0.740631626887551,8764,6501,0.7417845732542219,8900,6554,0.7364044943820225,0.5872188806533813,5.322109699249268
s4,409,baseline_3sigma,87630,67001,70040,51814,0.7397772701313535,8798,6477,0.7361900431916345,8792,6494,0.7386260236578708,0.5844311714172363,5.263876914978027
s4,410,baseline_3sigma,87824,67248,70508,52168,0.7398876723208714,8659,6398,0.7388843977364592,8657,6414,0.740903315236225,0.5886522531509399,5.281574726104736
s4,411,baseline_3sigma,87954,67346,70328,51949,0.7386673871004437,8864,6544,0.7382671480144405,8762,6502,0.7420680209997718,0.5969356298446655,5.330867767333984
s4,412,baseline_3sigma,87460,67017,69788,51766,0.7417607611623774,8868,6604,0.7447000451059991,8804,6507,0.7390958655156747,0.5811544060707092,5.287570953369141
s4,413,baseline_3sigma,87957,67325,70198,52029,0.7411749622496367,8912,6575,0.7377692998204668,8847,6547,0.740024867186617,0.587767481803894,5.285394191741943
s4,414,baseline_3sigma,87437,67072,70061,51885,0.7405689327871426,8677,6380,0.735277169528639,8699,6528,0.7504310840326475,0.5932604670524597,5.3834309577941895
s4,415,baseline_3sigma,87957,67403,70365,52163,0.7413202586513181,8754,6454,0.7372629655014851,8838,6544,0.740439013351437,0.5946473479270935,5.283958911895752
s4,416,baseline_3sigma,88319,67631,70712,52406,0.7411189048534902,8802,6458,0.7336968870711202,8805,6567,0.7458262350936967,0.5891146063804626,5.308597564697266
s4,417,baseline_3sigma,87760,67360,70370,52286,0.7430154895552081,8743,6452,0.7379617980098364,8647,6398,0.73990979530473,0.5844351053237915,5.3275146484375
s4,418,baseline_3sigma,87771,67267,70053,51951,0.7415956490086077,8848,6527,0.7376808318264014,8870,6561,0.7396843291995491,0.5868419408798218,5.392094612121582
s4,419,baseline_3sigma,87793,67161,70250,52028,0.7406120996441281,8782,6472,0.736961967661125,8761,6422,0.7330213445953658,0.5904842615127563,5.339369773864746
s4,420,baseline_3sigma,87882,67325,70294,51971,0.7393376390588101,8746,6558,0.749828493025383,8842,6526,0.7380683103370278,0.5872514843940735,5.2590556144714355
s4,421,baseline_3sigma,87941,67145,70450,52159,0.7403690560681334,8765,6451,0.7359954363947518,8726,6373,0.7303460921384368,0.5812495350837708,5.323774814605713
s4,422,baseline_3sigma,87825,67244,70190,52015,0.7410599800541388,8783,6456,0.7350563588750996,8852,6534,0.7381382738364212,0.5874173641204834,5.393458843231201
s4,423,baseline_3sigma,87780,67008,70205,51840,0.7384089452318211,8791,6418,0.7300648390399272,8784,6495,0.7394125683060109,0.5993953943252563,5.366885662078857
s4,424,baseline_3sigma,88304,67554,70713,52242,0.7387891901064868,8780,6518,0.742369020501139,8811,6512,0.7390761548064919,0.6016695499420166,5.291917324066162
s4,425,baseline_3sigma,87723,67245,69953,51877,0.7415979300387403,8882,6588,0.7417248367484801,8888,6589,0.7413366336633663,0.5917118787765503,5.334080219268799
s4,426,baseline_3sigma,87840,67210,70149,51780,0.7381430954111962,8766,6523,0.7441250285192791,8925,6597,0.7391596638655462,0.614442765712738,5.27297306060791
s4,427,baseline_3sigma,88146,67619,70507,52361,0.7426354830016878,8756,6462,0.7380082229328461,8883,6598,0.7427670831926151,0.5887156128883362,5.258672714233398
s4,428,baseline_3sigma,88108,67471,70335,52126,0.7411104002274828,8836,6539,0.7400407424173834,8937,6645,0.7435381000335683,0.5899395942687988,5.379047870635986
s4,429,baseline_3sigma,87044,66448,69573,51386,0.7385911201184368,8839,6436,0.7281366670437832,8632,6343,0.7348239110287303,0.6014254093170166,5.470900535583496
s4,430,baseline_3sigma,88020,67365,70418,52101,0.7398818483910364,8804,6463,0.7340981372103589,8798,6585,0.7484655603546261,0.5897501111030579,5.35820198059082
s4,431,baseline_3sigma,88012,67593,70322,52164,0.741787776229345,8937,6634,0.7423072619447242,8753,6510,0.7437450017136982,0.585798978805542,5.249843120574951
s4,432,baseline_3sigma,87880,67162,70173,51856,0.738973679335357,8930,6620,0.7413213885778276,8777,6456,0.7355588469864418,0.586543619632721,5.376547336578369
s4,433,baseline_3sigma,87931,67139,70299,51867,0.7378056586864677,8875,6530,0.7357746478873239,8757,6470,0.7388375014274294,0.5916412472724915,5.447238922119141
s4,434,baseline_3sigma,88363,67581,70678,52258,0.7393814199609496,8872,6598,0.7436880072137061,8813,6496,0.7370929308975377,0.5890006422996521,5.2763190269470215
s4,435,baseline_3sigma,87685,67322,69925,51929,0.7426385412942438,8914,6631,0.7438860219878842,8846,6492,0.733891024191725,0.6129547953605652,5.368368625640869
s4,436,baseline_3sigma,88472,67946,70615,52459,0.742887488493946,9052,6703,0.7404993371630579,8805,6534,0.7420783645655877,0.5918794274330139,5.245073318481445
s4,437,baseline_3sigma,88436,67632,70751,52295,0.7391414962332687,8866,6559,0.7397924655989172,8819,6513,0.738519106474657,0.5933948159217834,5.278721332550049
s4,438,baseline_3sigma,87361,66781,69714,51531,0.7391772097426629,8752,6465,0.7386882998171846,8895,6579,0.739629005059022,0.6099081635475159,5.201230525970459
s4,439,baseline_3sigma,87943,67544,70246,52212,0.7432736383566324,8864,6562,0.740297833935018,8833,6458,0.7311219291294011,0.592178225517273,5.312313079833984
s4,440,baseline_3sigma,87343,67178,69823,51960,0.7441673946980222,8776,6495,0.7400865998176845,8744,6499,0.743252516010979,0.599951982498169,5.388000011444092
s4,441,baseline_3sigma,87421,66942,69850,51771,0.7411739441660702,8840,6518,0.7373303167420815,8731,6429,0.7363417707020959,0.5969266891479492,5.2813720703125
s4,442,baseline_3sigma,87991,67308,70321,52110,0.7410304176561767,8859,6513,0.7351845580765324,8811,6447,0.731699012597889,0.5878939032554626,5.337196350097656
s4,443,baseline_3sigma,87868,67567,70211,52265,0.744399025793679,8814,6548,0.742909008395734,8843,6459,0.7304082325002828,0.6128067970275879,5.384098529815674
s4,444,baseline_3sigma,87941,67275,70439,52124,0.7399877908544982,8790,6439,0.7325369738339021,8712,6460,0.741505968778696,0.5995333790779114,5.214203357696533
s4,445,baseline_3sigma,88325,67529,70647,52154,0.7382337537333503,8889,6523,0.7338283271459107,8789,6567,0.7471839799749687,0.6057776808738708,5.225245952606201
s4,446,baseline_3sigma,87596,67051,69929,51718,0.739578715554348,8771,6548,0.7465511344202486,8896,6575,0.7390962230215827,0.5980623960494995,5.380647659301758
s4,447,baseline_3sigma,87901,67176,70459,52033,0.7384862118395095,8793,6543,0.744114636642784,8649,6355,0.7347670250896058,0.5959736108779907,5.372860908508301
s4,448,baseline_3sigma,88245,67599,70557,52245,0.7404651558314554,8815,6510,0.7385138967668746,8873,6583,0.7419136706863518,0.6094402074813843,5.383248805999756
s4,449,baseline_3sigma,88110,67330,70445,52048,0.7388459081552985,8935,6561,0.7343033016228315,8730,6450,0.738831615120275,0.5941607356071472,5.391966819763184
s4,450,baseline_3sigma,87700,67352,69938,51981,0.743244016128571,8925,6634,0.7433053221288516,8837,6514,0.7371279846101618,0.587012529373169,5.36085844039917
s4,451,baseline_3sigma,88278,67704,70688,52450,0.7419929832503395,8892,6593,0.7414529914529915,8698,6395,0.735226488848011,0.5980336666107178,5.286499500274658
s4,452,baseline_3sigma,87841,67168,70359,52031,0.7395073835614492,8760,6439,0.7350456621004566,8722,6553,0.7513185049300619,0.5950234532356262,5.313650608062744
s4,453,baseline_3sigma,87726,67219,70160,52049,0.7418614595210946,8787,6504,0.7401843632639126,8779,6481,0.7382389793826176,0.5937301516532898,5.22412109375
s4,454,baseline_3sigma,87477,66921,70106,51951,0.7410350041365932,8642,6338,0.7333950474427215,8729,6431,0.7367396036201168,0.5904404520988464,5.371342182159424
s4,455,baseline_3sigma,88290,67478,70640,52225,0.7393120045300113,8759,6475,0.7392396392282224,8891,6548,0.7364750871667979,0.5955011248588562,5.352512359619141
s4,456,baseline_3sigma,87862,67259,70319,51968,0.7390321250302194,8773,6451,0.7353242904365668,8770,6537,0.745381984036488,0.5850741267204285,5.3957085609436035
s4,457,baseline_3sigma,88065,67334,70469,52159,0.7401694362059913,8732,6386,0.7313330279431974,8864,6542,0.7380415162454874,0.5958020687103271,5.379064559936523
s4,458,baseline_3sigma,87988,67438,70239,52156,0.7425504349435499,8843,6541,0.7396811036978401,8906,6553,0.7357960925218954,0.5879536271095276,5.264516830444336
s4,459,baseline_3sigma,87766,67087,69967,51762,0.7398059084997213,8840,6490,0.7341628959276018,8959,6626,0.7395914722625293,0.5921118259429932,5.22105073928833
s4,460,baseline_3sigma,87577,67095,69958,51809,0.740572915177678,8743,6474,0.7404780967631248,8876,6583,0.7416629112212708,0.5906290411949158,5.381961345672607
s4,461,baseline_3sigma,88167,67515,70613,52229,0.7396513389885715,8798,6581,0.7480109115708116,8756,6494,0.741662859753312,0.5868817567825317,5.310976028442383
s4,462,baseline_3sigma,87517,67159,70128,52129,0.7433407483458818,8603,6326,0.7353248866674416,8786,6465,0.7358297291145003,0.5960530042648315,5.314557075500488
s4,463,baseline_3sigma,87669,67074,70012,51721,0.73874478660801,8883,6607,0.7437802544185523,8774,6492,0.7399133804422157,0.5940592885017395,5.370326519012451
s4,464,baseline_3sigma,88135,67565,70353,52157,0.741361420266371,8942,6617,0.7399910534556028,8840,6541,0.7399321266968326,0.5925650596618652,5.401614665985107
s4,465,baseline_3sigma,88011,67385,70379,52069,0.7398371673368477,8923,6579,0.7373080802420711,8709,6437,0.7391204501090826,0.592133641242981,5.247715950012207
s4,466,baseline_3sigma,88205,67344,70742,52106,0.7365638517429532,8748,6543,0.7479423868312757,8715,6421,0.7367756741250717,0.6090601682662964,5.343145847320557
s4,467,baseline_3sigma,87707,67197,70069,51884,0.7404701080363641,8871,6548,0.7381354976890994,8767,6538,0.7457511121250142,0.6017627716064453,5.380190849304199
s4,468,baseline_3sigma,87799,67190,70074,51928,0.7410451808088592,9010,6630,0.7358490566037735,8715,6374,0.7313826735513482,0.6052286624908447,5.395426273345947
s4,469,baseline_3sigma,87906,67413,70340,52112,0.7408586863804378,8751,6450,0.7370586218717861,8815,6538,0.7416903006239365,0.6131927967071533,5.377854824066162
s4,470,baseline_3sigma,87471,66963,70066,51793,0.7392030371364142,8694,6470,0.7441913963653094,8711,6452,0.7406727126621513,0.6000766158103943,5.253920078277588
s4,471,baseline_3sigma,87871,67153,70289,51897,0.738337435445091,8768,6564,0.7486313868613139,8814,6454,0.7322441570229181,0.5926313996315002,5.271819114685059
s4,472,baseline_3sigma,87872,67234,70284,51977,0.7395281998747937,8842,6573,0.7433838498077358,8746,6520,0.7454836496684198,0.5916412472724915,5.22293758392334
s4,473,baseline_3sigma,87773,67028,70291,51929,0.7387716777396822,8749,6456,0.7379129043319237,8733,6439,0.737318218252605,0.6120450496673584,5.38012170791626
s4,474,baseline_3sigma,87686,67020,70097,51782,0.7387192033895887,8926,6627,0.7424378220927628,8663,6378,0.7362345607757128,0.6032269597053528,5.378685474395752
s4,475,baseline_3sigma,87803,67143,70057,51767,0.7389268738313088,8980,6643,0.7397550111358575,8766,6473,0.7384211727127539,0.5980148911476135,5.339014053344727
s4,476,baseline_3sigma,88079,67518,70523,52227,0.740566907250117,8755,6484,0.7406053683609366,8801,6536,0.7426428814907396,0.6112688779830933,5.18678092956543
s4,477,baseline_3sigma,88048,67200,70525,52060,0.7381779510811769,8740,6484,0.7418764302059496,8783,6452,0.7346009336217694,0.5795830488204956,5.369656085968018
s4,478,baseline_3sigma,87837,67431,70316,52213,0.7425479265032141,8788,6531,0.7431725079654073,8733,6442,0.7376617428146113,0.6057140827178955,5.391757965087891
s4,479,baseline_3sigma,88258,67488,70642,52285,0.7401404263752442,8868,6539,0.7373703202525936,8748,6494,0.7423411065386374,0.5988845825195312,5.302001476287842
s4,480,baseline_3sigma,87636,67223,70155,52061,0.7420853823676146,8854,6565,0.7414727806641066,8627,6387,0.7403500637533326,0.5983765721321106,5.223875045776367
s4,481,baseline_3sigma,87726,67155,70178,51988,0.7408019607284334,8799,6445,0.7324695988180475,8749,6424,0.7342553434678248,0.6127333045005798,5.392449855804443
s4,482,baseline_3sigma,87479,66932,69982,51812,0.7403618073218827,8762,6464,0.7377311116183519,8735,6436,0.7368059530623927,0.6099809408187866,5.429990768432617
s4,483,baseline_3sigma,87606,67189,69960,51926,0.7422241280731847,8858,6584,0.7432829081056672,8788,6553,0.7456759217114247,0.6161201000213623,5.29567813873291
s4,484,baseline_3sigma,87647,67206,70259,52029,0.7405314621614313,8813,6569,0.745376148870986,8575,6366,0.7423906705539358,0.6117846965789795,5.363035678863525
s4,485,baseline_3sigma,88492,67964,70787,52543,0.7422690607032365,8869,6627,0.747209380989965,8836,6567,0.7432095971027615,0.6088511347770691,5.412194728851318
s4,486,baseline_3sigma,87830,67189,70370,52124,0.740713372175643,8720,6386,0.7323394495412844,8740,6467,0.7399313501144165,0.614979088306427,5.334122180938721
s4,487,baseline_3sigma,87492,66731,69839,51546,0.7380689872420854,8812,6463,0.7334316840671811,8841,6522,0.7376993552765524,0.5982786417007446,5.283090114593506
s4,488,baseline_3sigma,87813,67202,70133,51939,0.7405786149173713,8937,6609,0.7395099026518966,8743,6431,0.7355598764726067,0.6093531250953674,5.276103973388672
s4,489,baseline_3sigma,87767,67371,70245,52113,0.7418748665385436,8769,6499,0.741133538601893,8753,6553,0.748657603107506,0.6044473052024841,5.441143035888672
s4,490,baseline_3sigma,87422,66924,70001,51775,0.7396322909672719,8793,6517,0.7411577391106562,8628,6387,0.7402642559109874,0.6213216781616211,5.227020740509033
s4,491,baseline_3sigma,88238,67678,70620,52337,0.7411073350325686,8711,6448,0.7402135231316725,8907,6619,0.7431233861008196,0.60744708776474,5.326263904571533
s4,492,baseline_3sigma,87986,67551,70306,52131,0.7414872130401389,8835,6565,0.7430673457838144,8845,6565,0.7422272470322216,0.6069811582565308,5.457314491271973
s4,493,baseline_3sigma,87491,66704,69886,51557,0.7377300174570014,8748,6358,0.7267946959304984,8857,6550,0.7395280569041436,0.6065596342086792,5.396732807159424
s4,494,baseline_3sigma,87979,67485,70582,52473,0.7434331699300105,8655,6367,0.7356441363373772,8742,6426,0.7350720658888126,0.6013360619544983,5.407015323638916
s4,495,baseline_3sigma,87554,67161,70102,51979,0.741476705372172,8790,6562,0.7465301478953356,8662,6364,0.7347033017778803,0.6099982857704163,5.252033233642578
s4,496,baseline_3sigma,87598,67044,70326,52037,0.7399397093535819,8539,6312,0.7391966272397236,8733,6449,0.738463300125959,0.6104514598846436,5.40152645111084
s4,497,baseline_3sigma,87930,67296,70544,52204,0.7400204127920164,8590,6292,0.7324796274738068,8796,6558,0.7455661664392906,0.5952976942062378,5.327567100524902
s4,498,baseline_3sigma,87402,67071,70215,52075,0.7416506444491918,8577,6405,0.7467646030080448,8610,6409,0.7443670150987224,0.5997153520584106,5.26760196685791
s4,499,baseline_3sigma,87813,67136,70262,51938,0.7392046910136347,8812,6505,0.738197911938266,8739,6457,0.7388717244535988,0.6118630170822144,5.269817352294922
s4,500,baseline_3sigma,87464,66921,69987,51723,0.7390372497749582,8770,6505,0.741733181299886,8707,6456,0.7414723785459975,0.6114889979362488,5.360418796539307
s4,501,baseline_3sigma,87777,67118,70231,51904,0.739046859648873,8790,6526,0.7424345847554039,8756,6421,0.7333257195066241,0.5917127132415771,5.2795209884643555
s4,502,baseline_3sigma,87516,67054,69895,51770,0.7406824522498032,8749,6469,0.7393987884329638,8872,6601,0.7440261496844004,0.6018998622894287,5.243249893188477
s4,503,baseline_3sigma,87631,67100,70017,51878,0.7409343445163318,8762,6494,0.7411549874457887,8852,6540,0.7388160867600543,0.5993516445159912,5.294096946716309
s4,504,baseline_3sigma,87937,67609,70446,52306,0.7424977997331289,8812,6556,0.7439854743531548,8679,6486,0.7473211199446941,0.5914501547813416,5.44834041595459
s4,505,baseline_3sigma,87966,67391,70250,52037,0.7407402135231317,8884,6598,0.7426834759117514,8832,6537,0.7401494565217391,0.6085497736930847,5.37971305847168
s4,506,baseline_3sigma,88184,67428,70381,52028,0.7392335999772666,8921,6602,0.7400515637260396,8882,6592,0.7421751857689709,0.5951749086380005,5.3288702964782715
s4,507,baseline_3sigma,87361,66760,69856,51667,0.7396215071003207,8702,6392,0.734543783038382,8803,6514,0.7399750085198228,0.6031503677368164,5.284975051879883
s4,508,baseline_3sigma,88121,67474,70233,51991,0.7402645480044993,8949,6650,0.7430997876857749,8939,6622,0.74079874706343,0.6073156595230103,5.265474319458008
s4,509,baseline_3sigma,88034,67352,70380,52061,0.7397129866439329,8838,6532,0.73908124009957,8816,6555,0.7435344827586207,0.6122857332229614,5.252574443817139
s4,510,baseline_3sigma,87849,67202,70127,51872,0.7396865686540134,8965,6646,0.7413273842721696,8757,6496,0.7418065547561951,0.6018900275230408,5.265196323394775
s4,511,baseline_3sigma,87301,67105,69864,51995,0.7442316500629795,8614,6365,0.7389133967959136,8823,6544,0.7416978352034456,0.6002795696258545,5.373833656311035
s4,512,baseline_3sigma,87761,67430,70094,52072,0.7428881216651925,8677,6476,0.7463409012331451,8990,6677,0.742714126807564,0.6088356971740723,5.451282024383545
s4,513,baseline_3sigma,87540,67197,69991,51881,0.7412524467431527,8860,6640,0.7494356659142212,8689,6495,0.7474968350788354,0.6034514307975769,5.194675445556641
s4,514,baseline_3sigma,87885,67372,70167,51970,0.7406615645531375,8906,6599,0.7409611497866607,8812,6563,0.7447798456650022,0.6037608981132507,5.310701370239258
s4,515,baseline_3sigma,87693,66976,70176,51834,0.7386285909712722,8616,6399,0.7426880222841226,8901,6609,0.7425008426019548,0.6023231744766235,5.315943717956543
s4,516,baseline_3sigma,87477,67136,70043,51929,0.7413874334337478,8689,6453,0.7426631373000345,8745,6511,0.7445397369925671,0.606560468673706,5.465387344360352
s4,517,baseline_3sigma,87310,66963,69863,51804,0.7415083806879178,8716,6450,0.7400183570445158,8731,6491,0.7434429045928301,0.5931829810142517,5.38653039932251
s4,518,baseline_3sigma,87425,67050,70076,51974,0.7416804612135396,8745,6516,0.7451114922813036,8604,6452,0.7498837749883775,0.5710434317588806,5.314563274383545
s4,519,baseline_3sigma,88148,67581,70787,52458,0.74106827524828,8661,6408,0.7398683754762729,8700,6489,0.7458620689655172,0.6069738268852234,5.367209434509277
s4,520,baseline_3sigma,87391,66807,69903,51728,0.7399968527817118,8789,6511,0.7408123791102514,8699,6377,0.7330727669847109,0.6058217287063599,5.375537395477295
s4,521,baseline_3sigma,88044,67503,70344,52117,0.7408876378937791,8859,6500,0.7337171238288746,8841,6613,0.7479923085623799,0.5982680320739746,5.390406131744385
s4,522,baseline_3sigma,87350,66976,69814,51750,0.741255335606039,8824,6542,0.7413871260199456,8712,6485,0.7443755739210285,0.6083381175994873,5.333106517791748
s4,523,baseline_3sigma,88554,67640,70611,52218,0.7395165059268386,8833,6453,0.7305558700328314,9110,6780,0.7442371020856202,0.5980943441390991,5.310952186584473
s4,524,baseline_3sigma,87979,67447,70214,52194,0.7433560258637878,8839,6495,0.734811630274918,8926,6588,0.738068563746359,0.5913174152374268,5.313783168792725
s4,525,baseline_3sigma,88190,67486,70533,52195,0.7400082231012434,8814,6503,0.7378034944406626,8843,6591,0.7453352934524483,0.5867676138877869,5.359798431396484
s4,526,baseline_3sigma,87396,66973,69999,51936,0.7419534564779496,8685,6468,0.7447322970639033,8712,6391,0.7335858585858586,0.5933448076248169,5.264589786529541
s4,527,baseline_3sigma,87507,67111,69942,51858,0.7414429098395814,8803,6486,0.7367942746790866,8762,6546,0.7470897055466789,0.6027789115905762,5.236324310302734
s4,528,baseline_3sigma,87267,66683,69653,51479,0.7390780009475543,8744,6383,0.7299862763037511,8870,6560,0.7395715896279594,0.5903539657592773,5.470029354095459
s4,529,baseline_3sigma,87894,67133,70253,51798,0.7373065918893144,8886,6565,0.7388026108485257,8755,6539,0.7468874928612221,0.6050868034362793,5.264440059661865
s4,530,baseline_3sigma,87302,66895,69874,51841,0.7419211723960272,8846,6537,0.7389780691838119,8582,6341,0.7388720577953857,0.592244029045105,5.322108745574951
s4,531,baseline_3sigma,87459,66889,69847,51571,0.7383423769095309,8840,6628,0.7497737556561086,8772,6535,0.7449840401276789,0.593623697757721,5.276731967926025
s4,532,baseline_3sigma,87806,67263,70228,52123,0.7421968445634219,8838,6519,0.7376103190767141,8740,6460,0.7391304347826086,0.5807504057884216,5.2986741065979
s4,533,baseline_3sigma,87872,67069,70378,51999,0.7388530506692432,8738,6378,0.7299153124284733,8756,6508,0.7432617633622659,0.5989446640014648,5.167111873626709
s4,534,baseline_3sigma,88035,67267,70517,52098,0.7388005729114965,8732,6511,0.7456481905634448,8786,6475,0.7369679034828136,0.5920843482017517,5.3052287101745605
s4,535,baseline_3sigma,87828,67122,70282,51970,0.7394496457129849,8681,6378,0.7347079829512729,8865,6582,0.7424703891708968,0.5988460183143616,5.329573154449463
s4,536,baseline_3sigma,88160,67671,70507,52444,0.7438126710823039,8821,6492,0.7359709783471262,8832,6553,0.7419610507246377,0.5962740182876587,5.347356796264648
s4,537,baseline_3sigma,87570,66933,70225,51899,0.7390388038447846,8733,6439,0.737318218252605,8612,6362,0.738736646539712,0.5985314846038818,5.202660083770752
s4,538,baseline_3sigma,87604,67122,70080,51938,0.7411244292237443,8754,6558,0.7491432488005483,8770,6426,0.7327251995438997,0.5892281532287598,5.269057273864746
s4,539,baseline_3sigma,87807,67234,70127,51899,0.7400715844111397,8814,6502,0.7376900385749944,8866,6513,0.7346041055718475,0.6081582307815552,5.332251071929932
s4,540,baseline_3sigma,88060,67402,70533,52181,0.7398097344505409,8807,6550,0.7437265811286476,8720,6466,0.7415137614678899,0.5903406143188477,5.431550025939941
s4,541,baseline_3sigma,87555,67098,70054,51905,0.7409284266423045,8782,6510,0.7412890002277386,8719,6467,0.7417134992545017,0.5937880873680115,5.2925615310668945
s4,542,baseline_3sigma,87288,67131,69780,51892,0.7436514760676411,8746,6485,0.7414818202606906,8762,6549,0.7474320931294225,0.5898809432983398,5.256443500518799
s4,543,baseline_3sigma,87970,67393,70357,52137,0.7410350071776796,8843,6546,0.7402465226733009,8770,6567,0.7488027366020524,0.5981547832489014,5.351943016052246
s4,544,baseline_3sigma,87656,66859,70393,51768,0.7354140326452915,8579,6403,0.7463573843105257,8684,6414,0.7385997236296638,0.6086865067481995,5.413974285125732
s4,545,baseline_3sigma,87782,67241,70186,52091,0.7421850511498019,8849,6606,0.7465250310769579,8747,6392,0.7307648336572539,0.6094644069671631,5.291790008544922
s4,546,baseline_3sigma,87840,67576,70428,52394,0.7439370704833305,8688,6488,0.7467771639042358,8724,6487,0.7435809261806511,0.5982956886291504,5.17671012878418
s4,547,baseline_3sigma,87883,67393,70391,52182,0.7413163614666648,8680,6519,0.751036866359447,8812,6461,0.7332047208352247,0.6031901240348816,5.354349136352539
s4,548,baseline_3sigma,87314,66760,69970,51564,0.7369444047448906,8706,6491,0.7455777624626694,8638,6444,0.7460060199120166,0.5949527025222778,5.304599761962891
s4,549,baseline_3sigma,87815,67097,70400,51892,0.7371022727272727,8682,6420,0.7394609536973048,8733,6504,0.7447612504294057,0.6030278205871582,5.420701026916504
s4,550,baseline_3sigma,88212,67519,70723,52384,0.7406925611187308,8828,6526,0.7392387856819211,8661,6339,0.7319016279875303,0.6129005551338196,5.425297737121582
s4,551,baseline_3sigma,87439,66975,70037,51900,0.7410368805060182,8762,6429,0.7337365898196758,8640,6418,0.742824074074074,0.6103388667106628,5.261736869812012
s4,552,baseline_3sigma,87987,67299,70315,51980,0.7392448268506009,8787,6491,0.7387049049732559,8885,6620,0.7450759707371976,0.6099551916122437,5.3534955978393555
s4,553,baseline_3sigma,87950,67259,70563,52189,0.7396085767328486,8720,6431,0.7375,8667,6413,0.7399330794969424,0.6012807488441467,5.333550453186035
s4,554,baseline_3sigma,88035,67481,70204,52012,0.7408694661272862,8930,6565,0.7351623740201568,8901,6630,0.7448601280754972,0.6204570531845093,5.302998065948486
s4,555,baseline_3sigma,87848,67502,70082,51988,0.7418167289746297,8911,6682,0.7498597239367074,8855,6552,0.7399209486166007,0.6122620105743408,5.409826755523682
s4,556,baseline_3sigma,87178,66757,69779,51672,0.7405093222889408,8619,6334,0.7348880380554589,8780,6492,0.7394077448747153,0.6219645142555237,5.321742534637451
s4,557,baseline_3sigma,87828,67052,70176,51700,0.73671910624715,8828,6481,0.7341413683733575,8824,6484,0.7348141432456936,0.6212527751922607,5.400802135467529
s4,558,baseline_3sigma,87777,67079,70276,51958,0.7393420228812112,8534,6357,0.7449027419732833,8967,6571,0.732798037247686,0.5946775078773499,5.235325813293457
s4,559,baseline_3sigma,87600,67093,70225,52077,0.7415735137059452,8696,6425,0.7388454461821528,8679,6425,0.7402926604447517,0.6024972796440125,5.376347064971924
s4,560,baseline_3sigma,87483,66934,70137,51825,0.7389109884939475,8734,6493,0.7434165330890772,8612,6426,0.7461681374825825,0.6140711307525635,5.3446831703186035
s4,561,baseline_3sigma,87964,67450,70222,52079,0.7416336760559369,8876,6573,0.7405362776025236,8866,6573,0.7413715316941123,0.6022864580154419,5.487485885620117
s4,562,baseline_3sigma,87773,67281,70109,51964,0.7411887204210587,8787,6599,0.7509957892340958,8877,6514,0.7338064661484736,0.5954349040985107,5.387489318847656
s4,563,baseline_3sigma,87860,67192,70157,51857,0.739156463360748,8830,6518,0.7381653454133635,8873,6536,0.7366167023554604,0.6077911257743835,5.281805038452148
s4,564,baseline_3sigma,87782,67026,69958,51572,0.7371851682438034,9011,6692,0.7426478748196649,8813,6508,0.7384545557698854,0.5984777808189392,5.341116905212402
s4,565,baseline_3sigma,88119,67473,70451,52181,0.7406708208542108,8894,6572,0.7389251180571171,8774,6498,0.7405972190563027,0.5985713005065918,5.3372368812561035
s4,566,baseline_3sigma,87319,66911,69930,51697,0.7392678392678392,8719,6481,0.743319187980273,8670,6472,0.746482122260669,0.6072483658790588,5.356600284576416
s4,567,baseline_3sigma,87755,67039,70029,51670,0.7378371817389938,8853,6556,0.7405399299672427,8873,6555,0.7387580299785867,0.5996895432472229,5.390389442443848
s4,568,baseline_3sigma,87821,67252,70262,52047,0.7407560274401526,8813,6519,0.7397027119028707,8746,6473,0.7401097644637549,0.6055658459663391,5.37364387512207
s4,569,baseline_3sigma,87826,67186,70245,52051,0.7409922414406719,8771,6490,0.7399384334739483,8810,6452,0.732349602724177,0.5896340012550354,5.321035861968994
s4,570,baseline_3sigma,88129,67408,70570,52192,0.7395777242454301,8712,6489,0.7448347107438017,8847,6556,0.7410421611845823,0.5944554805755615,5.290392875671387
s4,571,baseline_3sigma,87605,67010,70075,51900,0.7406350338922583,8657,6375,0.7363982904008317,8873,6561,0.7394342387016792,0.5937176942825317,5.283908843994141
s4,572,baseline_3sigma,88016,67226,70141,51872,0.7395389287292738,8886,6546,0.736664415935179,8989,6575,0.7314495494493269,0.6175637245178223,5.198470592498779
s4,573,baseline_3sigma,87491,66864,70029,51896,0.7410644161704437,8776,6467,0.7368960802187785,8686,6377,0.734169928620769,0.6069295406341553,5.455533027648926
s4,574,baseline_3sigma,87452,67011,69988,51976,0.7426415957021204,8745,6467,0.7395082904516866,8719,6452,0.7399931184768895,0.5988047122955322,5.280242919921875
s4,575,baseline_3sigma,88118,67584,70424,52194,0.7411393843008065,8844,6591,0.7452510176390773,8850,6562,0.7414689265536724,0.6038633584976196,5.3693952560424805
s4,576,baseline_3sigma,88156,67409,70652,52266,0.7397667440412161,8668,6391,0.7373096446700508,8836,6566,0.7430964237211408,0.5950052738189697,5.280073642730713
s4,577,baseline_3sigma,87695,67028,70027,51782,0.7394576377682893,8787,6518,0.7417776260384659,8881,6532,0.7355027586983448,0.6089575290679932,5.263307571411133
s4,578,baseline_3sigma,87879,67186,70298,52003,0.7397507752709892,8827,6528,0.7395491106831313,8754,6450,0.7368060315284441,0.6057614088058472,5.279699802398682
s4,579,baseline_3sigma,87913,67457,69983,51890,0.7414657845476759,8996,6704,0.7452200978212539,8934,6617,0.740653682561003,0.5869154930114746,5.303138732910156
s4,580,baseline_3sigma,87554,66942,70003,51794,0.7398825764610089,8812,6460,0.7330912392192465,8739,6443,0.7372697104931915,0.6118971109390259,5.512087345123291
s4,581,baseline_3sigma,87576,67130,70285,52114,0.7414668848260653,8669,6460,0.7451839889260584,8622,6366,0.7383437717466945,0.6046944856643677,5.316807746887207
s4,582,baseline_3sigma,87745,67204,70204,52018,0.7409549313429434,8813,6540,0.7420855554294792,8728,6432,0.7369385884509624,0.6052882671356201,5.461106300354004
s4,583,baseline_3sigma,87962,67434,70512,52338,0.7422566371681416,8739,6490,0.7426479002174162,8711,6412,0.7360808173573643,0.5978124141693115,5.2895588874816895
s4,584,baseline_3sigma,88134,67539,70362,52139,0.7410107728603508,8969,6614,0.7374289218418999,8803,6568,0.7461092809269567,0.6030094027519226,5.361416816711426
s4,585,baseline_3sigma,87382,66837,69837,51658,0.7396938585563526,8798,6494,0.7381223005228461,8747,6483,0.7411684005944895,0.6036701798439026,5.377243518829346
s4,586,baseline_3sigma,87812,67147,70466,52186,0.7405841114863906,8768,6507,0.7421304744525548,8578,6212,0.7241781301002564,0.6136910915374756,5.464353561401367
s4,587,baseline_3sigma,88286,67603,70873,52601,0.7421867283732875,8781,6498,0.7400068329347455,8632,6378,0.7388785912882299,0.609641969203949,5.302389144897461
s4,588,baseline_3sigma,87462,66939,69999,51762,0.7394677066815241,8741,6451,0.7380162452808603,8722,6496,0.7447833065810594,0.6173364520072937,5.400320053100586
s4,589,baseline_3sigma,87992,67432,70263,52124,0.7418413674337845,8850,6564,0.7416949152542373,8879,6542,0.7367946840860458,0.5979619026184082,5.399226188659668
s4,590,baseline_3sigma,87859,67553,70479,52405,0.7435548177471304,8452,6241,0.7384051112162802,8928,6676,0.7477598566308243,0.6084554195404053,5.488903999328613
s4,591,baseline_3sigma,87088,66604,69589,51528,0.7404618546034575,8881,6562,0.738880756671546,8618,6345,0.7362497099094918,0.6011902093887329,5.479073524475098
s4,592,baseline_3sigma,87499,67028,69980,51735,0.7392826521863389,8817,6556,0.7435635703754111,8702,6485,0.74523098138359,0.6208192110061646,5.248125076293945
s4,593,baseline_3sigma,87982,67341,70310,52040,0.7401507609159437,8841,6558,0.7417712928401764,8831,6570,0.7439701053108368,0.5916314125061035,5.394976615905762
s4,594,baseline_3sigma,88014,67442,70503,52253,0.7411457668468009,8744,6474,0.7403934126258005,8767,6529,0.7447245351887761,0.6039050817489624,5.335813999176025
s4,595,baseline_3sigma,87782,67325,70353,52278,0.7430813184938808,8612,6378,0.7405945192754296,8817,6439,0.7302937507088579,0.6125047206878662,5.543107032775879
s4,596,baseline_3sigma,87600,67147,70076,51946,0.741280895028255,8829,6543,0.7410805300713558,8695,6491,0.7465209890741805,0.596226692199707,5.416256904602051
s4,597,baseline_3sigma,87432,67202,70097,52197,0.7446395708803515,8703,6460,0.7422727795013214,8632,6420,0.7437442075996293,0.599401593208313,5.379357814788818
s4,598,baseline_3sigma,87679,67223,70061,52017,0.7424530052382924,8822,6463,0.7326003173883473,8796,6556,0.7453387903592542,0.6156973838806152,5.306241989135742
s4,599,baseline_3sigma,87983,67404,70255,52014,0.7403601167176713,8769,6418,0.7318964534154407,8959,6698,0.7476280834914611,0.6254111528396606,5.358983993530273
s4,600,baseline_3sigma,88198,67628,70555,52438,0.7432216001700801,8881,6511,0.733138160117104,8762,6491,0.7408125998630449,0.6106690764427185,5.438709735870361
s4,601,baseline_3sigma,87430,66723,70006,51678,0.7381938690969345,8798,6469,0.7352807456240055,8626,6281,0.728147461163923,0.616442859172821,5.478835105895996
s4,602,baseline_3sigma,87621,66926,70034,51820,0.7399263215009853,8728,6352,0.7277726856095326,8859,6524,0.7364262332091658,0.6121994256973267,5.342658042907715
s4,603,baseline_3sigma,87520,66924,70096,51875,0.7400564939511527,8619,6437,0.7468383803225432,8805,6485,0.7365133446905168,0.6127608418464661,5.338410377502441
s4,604,baseline_3sigma,87637,67270,70130,52075,0.7425495508341651,8716,6473,0.7426571821936668,8791,6495,0.7388237970651803,0.6011713743209839,5.417664527893066
s4,605,baseline_3sigma,87840,67360,70621,52266,0.7400914742073887,8503,6398,0.7524403151828767,8716,6475,0.7428866452501147,0.6182926893234253,5.238217353820801
s4,606,baseline_3sigma,87880,67243,70520,52196,0.7401588201928531,8671,6418,0.7401683773497867,8689,6454,0.7427782253423869,0.5957806706428528,5.205618858337402
s4,607,baseline_3sigma,87584,67042,70123,51927,0.740513098412789,8695,6381,0.7338700402530189,8766,6528,0.7446954140999316,0.618276834487915,5.3966755867004395
s4,608,baseline_3sigma,87690,67165,70077,51858,0.7400145554176121,8812,6550,0.7433045846572855,8801,6579,0.7475286899215998,0.6031725406646729,5.275519847869873
s4,609,baseline_3sigma,87592,67164,70133,52171,0.7438866154306817,8722,6440,0.7383627608346709,8737,6412,0.7338903513791919,0.5950217843055725,5.367805004119873
s4,610,baseline_3sigma,87618,67091,70101,51872,0.7399609135390365,8603,6350,0.7381146111821457,8914,6590,0.7392865155934485,0.612856388092041,5.480374813079834
s4,611,baseline_3sigma,87980,67322,70472,52160,0.7401521171529118,8826,6549,0.7420122365737594,8682,6487,0.7471780695692237,0.5958532691001892,5.334975719451904
s4,612,baseline_3sigma,87651,67086,70180,51994,0.7408663436876604,8683,6371,0.7337325809052171,8788,6539,0.7440828402366864,0.6008234620094299,5.5521240234375
s4,613,baseline_3sigma,88418,67806,70805,52471,0.7410634842172164,8678,6481,0.7468310670661443,8935,6657,0.7450475657526581,0.590428352355957,5.452960968017578
s4,614,baseline_3sigma,87649,67194,70045,51985,0.7421657505889071,8858,6521,0.7361706931587266,8746,6471,0.7398810884975989,0.597481369972229,5.408478736877441
s4,615,baseline_3sigma,87370,66913,69683,51620,0.7407832613406427,8769,6543,0.7461512145056449,8918,6624,0.7427674366449877,0.6124223470687866,5.3139519691467285
s4,616,baseline_3sigma,87679,67170,70043,51905,0.7410447867738389,8769,6519,0.7434143003763257,8867,6569,0.7408368106462163,0.6120548248291016,5.349767684936523
s4,617,baseline_3sigma,87651,67247,69943,51983,0.743219478718385,8858,6597,0.7447505080153534,8850,6527,0.7375141242937853,0.6082518696784973,5.475617408752441
s4,618,baseline_3sigma,87976,67265,70306,51998,0.7395954826046142,8773,6507,0.7417075116835746,8897,6577,0.7392379453748454,0.6015255451202393,5.4573516845703125
s4,619,baseline_3sigma,87321,66686,70023,51737,0.7388572326235665,8561,6262,0.7314566055367364,8737,6479,0.7415588874899851,0.6062366962432861,5.449647426605225
s4,620,baseline_3sigma,87335,66844,69914,51815,0.7411248104814486,8713,6417,0.7364857110065419,8708,6365,0.7309370693615067,0.6139627695083618,5.477143287658691
s4,621,baseline_3sigma,87552,66974,70289,52118,0.7414815974049994,8699,6378,0.7331877227267501,8564,6321,0.7380896777206912,0.6078542470932007,5.3519086837768555
s4,622,baseline_3sigma,87423,66861,69999,51727,0.7389676995385648,8690,6423,0.7391254315304948,8734,6472,0.7410121364781315,0.6096720695495605,5.3521199226379395
s4,623,baseline_3sigma,87557,66907,69997,51710,0.7387459462548395,8837,6555,0.7417675681792464,8723,6472,0.7419465780121518,0.6091926693916321,5.357435703277588
s4,624,baseline_3sigma,88118,67436,70444,52089,0.739438419169837,8905,6523,0.7325098259404829,8769,6548,0.7467214049492531,0.6138362288475037,5.484737396240234
s4,625,baseline_3sigma,87763,67072,70089,51832,0.7395168999415029,8764,6478,0.7391602008215427,8910,6574,0.7378226711560045,0.6033424139022827,5.276266098022461
s4,626,baseline_3sigma,87975,67180,70366,51954,0.7383395389818946,8853,6484,0.7324070936405738,8756,6532,0.7460027409776153,0.6041718125343323,5.345236778259277
s4,627,baseline_3sigma,87937,67198,70323,51860,0.7374543179329665,8935,6652,0.744487968662563,8679,6474,0.7459384721742136,0.5908615589141846,5.3634748458862305
s4,628,baseline_3sigma,87683,67207,70215,52093,0.7419069999287902,8667,6377,0.7357793931002654,8801,6493,0.7377570730598796,0.6109797954559326,5.386056900024414
s4,629,baseline_3sigma,87173,66661,69882,51663,0.7392890873186229,8811,6524,0.7404380887526955,8480,6321,0.7454009433962264,0.6085858941078186,5.415011882781982
s4,630,baseline_3sigma,88103,67597,70476,52364,0.7430047108235428,8882,6534,0.7356451249718532,8745,6490,0.7421383647798742,0.6102872490882874,5.3237504959106445
s4,631,baseline_3sigma,87572,67200,70141,51981,0.7410929413609729,8741,6536,0.7477405331197804,8690,6454,0.742692750287687,0.6116499900817871,5.3953704833984375
s4,632,baseline_3sigma,87738,66973,70298,51951,0.7390110671711855,8765,6440,0.7347404449515117,8675,6400,0.7377521613832853,0.6127119660377502,5.297244071960449
s4,633,baseline_3sigma,88172,67429,70376,52048,0.7395703080595658,8868,6570,0.7408660351826793,8928,6610,0.7403673835125448,0.6286178231239319,5.382979869842529
s4,634,baseline_3sigma,87554,67190,70197,52087,0.7420117668846247,8696,6495,0.7468951241950322,8661,6400,0.7389446946080129,0.5865123867988586,5.47659158706665
s4,635,baseline_3sigma,88347,67735,70716,52510,0.7425476554103739,8892,6537,0.7351551956815114,8739,6471,0.7404737384140062,0.611051619052887,5.452088832855225
s4,636,baseline_3sigma,87867,67221,70204,51920,0.7395589994872087,8728,6467,0.740948670944088,8935,6580,0.7364297705651931,0.6082079410552979,5.387212753295898
s4,637,baseline_3sigma,87645,67190,70044,51889,0.7408057792244874,8745,6429,0.7351629502572898,8856,6672,0.7533875338753387,0.6100451946258545,5.297844886779785
s4,638,baseline_3sigma,88127,67565,70544,52288,0.741211158992969,8776,6531,0.7441886964448496,8807,6517,0.7399795617122743,0.6092341542243958,5.447110652923584
s4,639,baseline_3sigma,88574,67753,70643,52264,0.7398326798125787,8837,6514,0.7371279846101618,9094,6738,0.7409280844512866,0.6059495210647583,5.364853858947754
s4,640,baseline_3sigma,87680,67074,69827,51564,0.7384536067710198,8895,6566,0.7381675098369871,8958,6623,0.7393391382004911,0.6194758415222168,5.348381042480469
s4,641,baseline_3sigma,88260,67615,70795,52487,0.741394166254679,8899,6596,0.7412068771772109,8566,6329,0.738851272472566,0.5997757315635681,5.383177757263184
s4,642,baseline_3sigma,87772,67391,70161,52107,0.7426775559071279,8859,6597,0.7446664409075516,8752,6445,0.7364031078610603,0.6268282532691956,5.45805549621582
s4,643,baseline_3sigma,87737,67072,70119,51827,0.7391291946548011,8778,6483,0.7385509227614491,8840,6541,0.7399321266968326,0.5886160731315613,5.431913375854492
s4,644,baseline_3sigma,87730,66960,70212,51863,0.738662906625648,8884,6522,0.7341287708239532,8634,6354,0.7359277275886031,0.6023342609405518,5.463708400726318
s4,645,baseline_3sigma,87659,66862,70040,51670,0.7377213021130783,8813,6492,0.7366390559400885,8806,6483,0.7362025891437656,0.6091768741607666,5.439666271209717
s4,646,baseline_3sigma,88197,67525,70744,52471,0.7417024765351126,8732,6422,0.7354557947778286,8721,6451,0.7397087489966747,0.5968887805938721,5.43100643157959
s4,647,baseline_3sigma,87662,67076,70322,52144,0.7415033702113136,8737,6437,0.7367517454503835,8603,6307,0.7331163547599675,0.5962539911270142,5.450603485107422
s4,648,baseline_3sigma,87775,67167,70094,51860,0.7398636117214027,9030,6607,0.731672203765227,8651,6453,0.7459253265518437,0.5993687510490417,5.571870803833008
s4,649,baseline_3sigma,87402,66777,69867,51602,0.7385747205404555,8713,6419,0.7367152530701251,8822,6554,0.7429154386760372,0.6052677631378174,5.554607391357422
s4,650,baseline_3sigma,87853,67270,70201,51935,0.7398042762923606,8761,6519,0.7440931400525054,8891,6640,0.746822629625464,0.5841025710105896,5.38280725479126
s4,651,baseline_3sigma,87720,67282,70172,51986,0.7408368010032491,8814,6531,0.7409802586793737,8734,6521,0.7466223952370048,0.598419189453125,5.431210994720459
s4,652,baseline_3sigma,87775,67307,70386,52162,0.7410848748330634,8726,6504,0.7453586981434792,8663,6433,0.742583400669514,0.6159340143203735,5.244236946105957
s4,653,baseline_3sigma,87486,66937,69893,51646,0.7389295065314123,8857,6633,0.7488991757931579,8736,6420,0.7348901098901099,0.6115390062332153,5.483597755432129
s4,654,baseline_3sigma,87848,67218,70081,51917,0.7408142007106063,8947,6594,0.737006817927797,8820,6459,0.7323129251700681,0.6106337308883667,5.4973931312561035
s4,655,baseline_3sigma,87497,66943,70020,51737,0.7388888888888889,8835,6485,0.7340124504810414,8642,6396,0.7401064568386947,0.6247906684875488,5.4209747314453125
s4,656,baseline_3sigma,87591,67174,70143,52197,0.744151233907874,8719,6464,0.7413694230989792,8729,6355,0.7280329934700424,0.5926845073699951,5.503554821014404
s4,657,baseline_3sigma,88089,67450,70433,52167,0.740661337725214,8891,6602,0.7425486446968845,8765,6478,0.7390758699372504,0.5969053506851196,5.311880588531494
s4,658,baseline_3sigma,87764,67377,70325,52157,0.7416565943832207,8726,6513,0.7463900985560394,8713,6524,0.7487662114082405,0.5927496552467346,5.2641706466674805
s4,659,baseline_3sigma,87725,67101,70204,51882,0.7390177197880463,8783,6412,0.7300466810884664,8738,6556,0.7502861066605631,0.6062648892402649,5.3834123611450195
s4,660,baseline_3sigma,87770,67352,70195,52098,0.7421896146449177,8660,6418,0.7411085450346421,8915,6570,0.7369601794727987,0.6104511618614197,5.319015979766846
s4,661,baseline_3sigma,88145,67602,70593,52316,0.7410933095349397,8611,6400,0.7432353965857624,8941,6637,0.742310703500727,0.589367151260376,5.387906551361084
s4,662,baseline_3sigma,87671,66968,70081,51772,0.7387451663075584,8714,6403,0.7347945834289649,8876,6584,0.7417755745831456,0.6083691120147705,5.43174934387207
s4,663,baseline_3sigma,87744,67415,70109,52026,0.7420730576673465,8808,6538,0.7422797456857403,8827,6564,0.7436275065141045,0.6180872321128845,5.4340362548828125
s4,664,baseline_3sigma,87771,67079,70257,51944,0.7393426989481475,8686,6391,0.7357817177066543,8828,6497,0.7359537834164024,0.6087351441383362,5.334716796875
s4,665,baseline_3sigma,88215,67494,70651,52344,0.7408812331035655,8859,6500,0.7337171238288746,8705,6477,0.744055140723722,0.6023050546646118,5.382966995239258
s4,666,baseline_3sigma,87670,67359,70147,52185,0.7439377307653927,8756,6502,0.7425765189584285,8767,6517,0.7433557659404585,0.6067094206809998,5.332536220550537
s4,667,baseline_3sigma,87928,67402,70085,51858,0.7399300848969109,8896,6622,0.7443794964028777,8947,6613,0.7391304347826086,0.6091606020927429,5.371556282043457
s4,668,baseline_3sigma,88299,67864,70623,52579,0.7445024991858177,8812,6479,0.7352473899228325,8864,6589,0.7433438628158845,0.5989691019058228,5.350973606109619
s4,669,baseline_3sigma,87491,66700,70186,51714,0.7368136095517624,8692,6402,0.7365393465255408,8613,6388,0.7416695692557762,0.5918209552764893,5.372275352478027
s4,670,baseline_3sigma,87511,67056,70017,51816,0.7400488452804319,8768,6539,0.745780109489051,8726,6479,0.7424936969974788,0.5808427333831787,5.352910995483398
s4,671,baseline_3sigma,87986,67374,70378,52146,0.7409417715763449,8735,6481,0.7419576416714367,8873,6544,0.7375183139862505,0.5909385681152344,5.408381938934326
s4,672,baseline_3sigma,88158,67519,70476,52320,0.7423803848118509,8874,6517,0.7343926076177597,8808,6498,0.7377384196185286,0.5937632918357849,5.3307390213012695
s4,673,baseline_3sigma,88001,67318,70363,52072,0.7400480366101502,8692,6391,0.7352738150023009,8946,6617,0.7396601833221551,0.6014877557754517,5.321315765380859
s4,674,baseline_3sigma,88213,67406,70600,52266,0.7403116147308781,8777,6459,0.7359006494246325,8836,6541,0.7402670891806247,0.5856644511222839,5.269938945770264
s4,675,baseline_3sigma,87632,67156,70246,52063,0.7411525211399937,8618,6376,0.73984683221165,8768,6500,0.7413321167883211,0.5841172933578491,5.355044364929199
s4,676,baseline_3sigma,87935,67598,70329,52269,0.7432069274410271,8924,6715,0.7524652622142537,8682,6455,0.743492282884128,0.5868257284164429,5.271110534667969
s4,677,baseline_3sigma,87850,67314,70499,52294,0.7417693867998127,8686,6423,0.7394658070458209,8665,6407,0.7394114252740912,0.5816539525985718,5.357432842254639
s4,678,baseline_3sigma,87486,67043,70027,51945,0.7417853113798963,8671,6359,0.7333640871871756,8788,6559,0.746358670914884,0.596214771270752,5.3236284255981445
s4,679,baseline_3sigma,87761,67218,70239,52062,0.7412121470977662,8733,6473,0.7412114966220085,8789,6539,0.74399817954261,0.5870631337165833,5.262163162231445
s4,680,baseline_3sigma,87774,67142,70255,52018,0.7404170521671055,8724,6475,0.7422054103622192,8795,6509,0.7400795906765207,0.5828382968902588,5.311736106872559
s4,681,baseline_3sigma,87741,67114,70155,51894,0.7397049390635022,8857,6555,0.7400925821384216,8729,6459,0.7399473020964601,0.5893794298171997,5.520152568817139
s4,682,baseline_3sigma,88146,67243,70487,51969,0.737284889412232,8748,6508,0.7439414723365341,8911,6535,0.7333632588935024,0.6034300327301025,5.247313976287842
s4,683,baseline_3sigma,87172,66606,69653,51472,0.7389775027637001,8755,6450,0.7367218732153056,8764,6543,0.7465769055225924,0.578148603439331,5.256905555725098
s4,684,baseline_3sigma,87875,67152,70096,51918,0.7406699383702351,8922,6576,0.7370544720914594,8857,6542,0.7386248165292989,0.6001578569412231,5.269716739654541
s4,685,baseline_3sigma,87854,67148,70268,51958,0.7394261968463597,8756,6442,0.7357240749200549,8830,6559,0.7428086070215175,0.5771768093109131,5.300055027008057
s4,686,baseline_3sigma,87452,67003,69769,51638,0.7401281371382705,8857,6641,0.7498024161680027,8826,6562,0.7434851574892364,0.587516725063324,5.293246269226074
s4,687,baseline_3sigma,87763,67216,70187,51962,0.7403365295567556,8693,6445,0.7414011273438399,8883,6570,0.7396149949341438,0.5940468907356262,5.303493022918701
s4,688,baseline_3sigma,88052,67241,70359,52188,0.741738796742421,8834,6473,0.7327371519130632,8859,6495,0.7331527260413139,0.5934045314788818,5.310457706451416
s4,689,baseline_3sigma,88209,67609,70575,52429,0.7428834573149132,8813,6453,0.7322137751049586,8821,6511,0.7381249291463553,0.5829998254776001,5.299269199371338
s4,690,baseline_3sigma,88112,67258,70587,52179,0.7392154362701348,8907,6502,0.7299876501627933,8618,6402,0.7428637734973311,0.6099733114242554,5.3004302978515625
s4,691,baseline_3sigma,87942,67393,70393,52210,0.7416930660719105,8750,6551,0.7486857142857143,8799,6486,0.7371292192294578,0.5959522724151611,5.369959354400635
s4,692,baseline_3sigma,87795,67028,70094,51871,0.7400205438411276,8766,6435,0.7340862422997947,8935,6549,0.7329602686066032,0.5814434289932251,5.4403910636901855
s4,693,baseline_3sigma,87742,67074,70235,51902,0.7389762938705774,8790,6512,0.7408418657565415,8717,6466,0.7417689572100493,0.5772360563278198,5.272396564483643
s4,694,baseline_3sigma,87916,67102,70265,51889,0.738475770298157,8827,6549,0.7419281749178657,8824,6469,0.733114233907525,0.6083625555038452,5.179680824279785
s4,695,baseline_3sigma,87754,67101,70206,51956,0.7400507079167022,8808,6528,0.7411444141689373,8740,6510,0.7448512585812357,0.5789602994918823,5.316729545593262
s4,696,baseline_3sigma,87491,67012,69748,51750,0.7419567586167345,8934,6570,0.7353928811282741,8809,6477,0.7352707458281303,0.5799911618232727,5.353254795074463
s4,697,baseline_3sigma,87798,67395,70235,52189,0.7430625756389264,8775,6484,0.738917378917379,8788,6511,0.7408966772872099,0.5929616093635559,5.345059394836426
s4,698,baseline_3sigma,87961,67174,70382,52005,0.7388963087152965,8824,6484,0.7348141432456936,8755,6478,0.7399200456881782,0.5908687710762024,5.285409450531006
s4,699,baseline_3sigma,87513,67029,70022,51874,0.740824312358973,8730,6463,0.7403207331042383,8761,6498,0.7416961534071453,0.5856702923774719,5.261129856109619
s4,700,baseline_3sigma,87516,66965,70095,51911,0.740580640559241,8676,6460,0.7445827570308898,8745,6424,0.7345911949685534,0.5771758556365967,5.354461669921875
s4,701,baseline_3sigma,87461,67054,69800,51784,0.74189111747851,8782,6529,0.7434525165110453,8879,6508,0.7329654240342381,0.597802996635437,5.341668128967285
s4,702,baseline_3sigma,87438,67111,70033,52048,0.7431924949666586,8660,6380,0.7367205542725174,8745,6501,0.7433962264150943,0.5757689476013184,5.371557235717773
s4,703,baseline_3sigma,87579,67224,70142,52088,0.7426078526417839,8730,6438,0.7374570446735396,8707,6495,0.7459515332491099,0.5963762998580933,5.2432379722595215
s4,704,baseline_3sigma,87975,67339,70187,51953,0.7402083006824626,8940,6662,0.7451901565995526,8848,6502,0.7348553345388789,0.6015503406524658,5.260091781616211
s4,705,baseline_3sigma,87327,67009,69926,51844,0.7414123501987816,8722,6534,0.7491401054803944,8679,6410,0.7385643507316512,0.6033840179443359,5.245118618011475
s4,706,baseline_3sigma,87574,66953,70076,51864,0.7401107369142075,8810,6526,0.7407491486946651,8688,6391,0.7356123388581952,0.5908269286155701,5.300118923187256
s4,707,baseline_3sigma,87866,67361,70283,52079,0.7409899975812074,8781,6463,0.7360209543332195,8802,6520,0.7407407407407407,0.6048615574836731,5.313681125640869
s4,708,baseline_3sigma,87868,67087,70384,52072,0.7398272334621505,8689,6381,0.7343767982506617,8795,6438,0.7320068220579875,0.5870328545570374,5.298192977905273
s4,709,baseline_3sigma,88114,67551,70537,52458,0.7436947984745594,8750,6459,0.7381714285714286,8827,6446,0.7302594312903591,0.5908170938491821,5.270954608917236
s4,710,baseline_3sigma,87679,67225,70162,51999,0.7411276759499444,8703,6419,0.737561760312536,8814,6546,0.7426820966643976,0.593889057636261,5.189032554626465
s4,711,baseline_3sigma,88186,67439,70610,52245,0.739909361280272,8763,6481,0.739586899463654,8813,6493,0.7367525246794508,0.5829023718833923,5.367271900177002
s4,712,baseline_3sigma,87922,67153,70285,51986,0.7396457281069929,8871,6538,0.7370082290609853,8766,6465,0.7375085557837098,0.5787372589111328,5.308224678039551
s4,713,baseline_3sigma,87679,67283,69855,51935,0.7434686135566531,8921,6621,0.7421813698015918,8903,6593,0.740536897674941,0.5867258310317993,5.209685325622559
s4,714,baseline_3sigma,87653,67036,70086,51730,0.7380931997831236,8770,6508,0.7420752565564425,8797,6551,0.7446856883028306,0.602847695350647,5.2890167236328125
s4,715,baseline_3sigma,87341,66781,69860,51700,0.740051531634698,8559,6318,0.7381703470031545,8922,6617,0.7416498542927594,0.5822206139564514,5.402000427246094
s4,716,baseline_3sigma,88123,67496,70631,52368,0.7414308164970056,8865,6554,0.7393119007332205,8627,6377,0.7391909122522313,0.5850787162780762,5.252812385559082
s4,717,baseline_3sigma,88018,67484,70413,52178,0.7410279351824237,8812,6536,0.7417158420335905,8793,6492,0.7383145684066872,0.6046899557113647,5.31764554977417
s4,718,baseline_3sigma,87424,66716,69742,51456,0.7378050529092942,8821,6500,0.7368779049994332,8861,6575,0.7420155738629951,0.5900764465332031,5.253419399261475
s4,719,baseline_3sigma,87259,66781,69684,51617,0.7407295792434418,8825,6551,0.7423229461756374,8750,6452,0.7373714285714286,0.5957813262939453,5.2995734214782715
s4,0,median_mad,88113,67404,70673,50416,0.7133700281578538,8854,6271,0.7082674497402304,8586,6110,0.7116235732587933,1.088671326637268,10.785578727722168
s4,1,median_mad,87989,67198,70239,50060,0.7127094634035223,8887,6375,0.7173399347361314,8863,6186,0.6979578020986122,1.0899641513824463,10.584325790405273
s4,2,median_mad,87639,67139,70131,50031,0.7133935064379519,8724,6232,0.7143512150389729,8784,6335,0.7211976320582878,1.093531847000122,10.955557823181152
s4,3,median_mad,88261,67678,70396,50371,0.7155378146485596,8931,6349,0.7108946366588288,8934,6429,0.7196104768300873,1.0933188199996948,10.598645210266113
s4,4,median_mad,87740,67237,70197,50167,0.7146601706625639,8809,6298,0.7149506186854353,8734,6274,0.7183421112892145,1.0796129703521729,11.05125904083252
s4,5,median_mad,87312,66651,69868,49869,0.7137602335833285,8735,6169,0.7062392673153979,8709,6159,0.7071994488460214,1.0886225700378418,10.78443717956543
s4,6,median_mad,87961,67190,70563,50222,0.7117327778013973,8688,6226,0.7166206261510129,8710,6189,0.7105625717566016,1.0839924812316895,11.323824882507324
s4,7,median_mad,87692,67154,70096,50185,0.7159467016662863,8763,6264,0.7148236905169463,8833,6243,0.7067813879769048,1.0886011123657227,10.904703140258789
s4,8,median_mad,87198,66697,69618,49700,0.7138958315378207,8824,6260,0.7094288304623754,8756,6253,0.7141388761991777,1.0883588790893555,10.994071006774902
s4,9,median_mad,88095,67357,70499,50484,0.7160952637626066,8798,6201,0.7048192771084337,8798,6234,0.7085701295749034,1.0856372117996216,10.786437034606934
s4,10,median_mad,88002,67384,70455,50275,0.713576041444894,8731,6250,0.7158401099530409,8816,6305,0.7151769509981851,1.0836820602416992,10.77170467376709
s4,11,median_mad,87762,67130,70106,49957,0.7125923601403589,8871,6343,0.7150264908127607,8785,6230,0.7091633466135459,1.0894951820373535,10.61832332611084
s4,12,median_mad,88114,67505,70284,50120,0.7131068237436685,8907,6401,0.718648254182104,8923,6416,0.7190406813851844,1.0884287357330322,10.86888599395752
s4,13,median_mad,87849,67308,70277,50135,0.7133912944491085,8826,6327,0.7168592794017675,8746,6288,0.7189572375943288,1.084507703781128,11.072303771972656
s4,14,median_mad,87731,67071,70117,49929,0.7120812356489867,8839,6316,0.7145604706414753,8775,6258,0.7131623931623932,1.0894705057144165,11.034466743469238
s4,15,median_mad,87788,67356,70150,50253,0.7163649322879544,8835,6311,0.7143180531975099,8803,6240,0.7088492559354765,1.0795555114746094,10.52931022644043
s4,16,median_mad,88071,67266,70572,50331,0.7131865329025676,8728,6203,0.7107011915673694,8771,6161,0.7024284574164862,1.090099811553955,10.969494819641113
s4,17,median_mad,87887,67313,70455,50295,0.713859910581222,8757,6226,0.7109740778805527,8675,6264,0.7220749279538905,1.084679365158081,10.782638549804688
s4,18,median_mad,87565,67058,69938,50000,0.7149189281935429,8653,6172,0.7132786316884318,8974,6398,0.7129485179407177,1.0926766395568848,10.817639350891113
s4,19,median_mad,87640,67153,69995,50169,0.7167511965140367,8881,6310,0.7105055736966558,8764,6196,0.7069831127339115,1.0921950340270996,10.673055648803711
s4,20,median_mad,88172,67656,70623,50531,0.7155034478852499,8735,6210,0.7109330280480824,8814,6282,0.7127297481279782,1.093468189239502,10.942768096923828
s4,21,median_mad,87632,66969,70118,49922,0.7119712484668701,8638,6083,0.7042139384116693,8876,6334,0.7136097341144659,1.0892376899719238,11.2836275100708
s4,22,median_mad,87900,67152,70364,50158,0.7128361093741118,8654,6153,0.7110006933210077,8882,6320,0.711551452375591,1.087472915649414,10.873478889465332
s4,23,median_mad,87842,67128,70448,50201,0.712596525096525,8656,6157,0.7112985212569316,8738,6120,0.7003891050583657,1.0965631008148193,11.319608688354492
s4,24,median_mad,87657,66947,70051,49922,0.7126522105323264,8894,6317,0.7102541038902631,8712,6178,0.7091368227731865,1.099552869796753,11.341861724853516
s4,25,median_mad,87974,67241,70394,50150,0.712418672045913,8786,6236,0.7097655360801275,8794,6304,0.7168523993632022,1.1040376424789429,10.845437049865723
s4,26,median_mad,87841,67430,70212,50184,0.7147496154503503,8851,6268,0.7081685685233307,8778,6310,0.7188425609478241,1.096855878829956,10.990254402160645
s4,27,median_mad,87848,67384,70232,50248,0.7154573413828454,8795,6286,0.7147242751563389,8821,6345,0.7193062011109852,1.0988500118255615,11.07781982421875
s4,28,median_mad,87827,67207,70076,49932,0.7125406701295736,8858,6289,0.7099796793858659,8893,6412,0.7210165298549421,1.0997532606124878,11.076135635375977
s4,29,median_mad,87751,67152,70354,50110,0.71225516672826,8589,6151,0.7161485621143323,8808,6312,0.7166212534059946,1.1000871658325195,10.822298049926758
s4,30,median_mad,87944,67390,70147,50095,0.7141431565141774,8944,6420,0.7177996422182469,8853,6350,0.7172709815881622,1.1039433479309082,10.535455703735352
s4,31,median_mad,88138,67500,70498,50362,0.7143748758830037,8879,6367,0.7170852573488006,8761,6276,0.7163565802990526,1.1050904989242554,10.84667682647705
s4,32,median_mad,87999,67514,70407,50426,0.7162071953072848,8777,6327,0.7208613421442406,8815,6322,0.7171866137266024,1.104555368423462,10.42786979675293
s4,33,median_mad,87601,66925,69963,49863,0.7127052870803139,8847,6325,0.7149316152368035,8791,6223,0.7078830622227278,1.1075466871261597,10.791621208190918
s4,34,median_mad,87742,67257,70157,50168,0.7150818877660106,8788,6270,0.7134729176149295,8797,6294,0.7154711833579629,1.1051902770996094,10.720791816711426
s4,35,median_mad,87909,67322,70367,50236,0.7139141927323888,8742,6247,0.7145962022420499,8800,6165,0.7005681818181818,1.1027727127075195,10.801170349121094
s4,36,median_mad,87660,67012,70068,49954,0.7129360050236913,8780,6232,0.7097949886104784,8812,6338,0.7192464820699047,1.1037548780441284,10.666251182556152
s4,37,median_mad,88543,67588,70874,50414,0.7113186782176821,8805,6244,0.7091425326519023,8864,6360,0.7175090252707581,1.0960133075714111,10.99260425567627
s4,38,median_mad,87602,67026,70101,49936,0.7123436184933167,8840,6323,0.7152714932126697,8661,6137,0.7085786860639649,1.0969510078430176,11.286975860595703
s4,39,median_mad,87848,67396,70219,50168,0.7144505048491149,8838,6311,0.7140755827110206,8791,6345,0.7217608918211808,1.0991077423095703,11.220319747924805
s4,40,median_mad,87685,67427,70369,50405,0.7162955278602794,8651,6201,0.7167957461565136,8665,6241,0.7202538949798039,1.1001266241073608,11.308916091918945
s4,41,median_mad,87588,67048,70128,50099,0.7143936801277664,8727,6192,0.7095221725678927,8733,6202,0.7101797778541166,1.0960991382598877,10.725550651550293
s4,42,median_mad,87598,66962,70073,49841,0.7112725300757781,8769,6291,0.7174136161477933,8756,6226,0.7110552763819096,1.0987136363983154,10.634739875793457
s4,43,median_mad,87632,67253,69874,50117,0.71724818959842,8793,6231,0.70863186625725,8965,6376,0.7112102621305075,1.0958929061889648,10.611811637878418
s4,44,median_mad,88341,67624,70361,50185,0.7132502380580151,9039,6505,0.7196592543422945,8941,6356,0.7108824516273348,1.0960348844528198,10.694051742553711
s4,45,median_mad,88039,67311,70370,50135,0.7124484865709819,8901,6344,0.7127289068643973,8768,6268,0.7148722627737226,1.0921415090560913,10.882477760314941
s4,46,median_mad,87728,67321,70079,50209,0.7164628490703349,8830,6253,0.7081540203850509,8819,6320,0.7166345390633859,1.0926364660263062,10.997241973876953
s4,47,median_mad,87774,67126,70293,50210,0.7142958758340091,8677,6149,0.708655065114671,8804,6297,0.7152430713312131,1.0852527618408203,10.556915283203125
s4,48,median_mad,87411,66867,69984,49817,0.7118341335162323,8680,6192,0.7133640552995392,8747,6288,0.7188750428718418,1.0885138511657715,10.48412799835205
s4,49,median_mad,87543,67102,69920,50001,0.7151172768878719,8824,6292,0.7130553037171351,8799,6255,0.7108762359359018,1.08890962600708,10.713420867919922
s4,50,median_mad,87621,66953,70219,50043,0.7126703598741081,8801,6277,0.7132144074536985,8601,6089,0.7079409371003371,1.091215968132019,10.984909057617188
s4,51,median_mad,87529,67024,70130,50017,0.7132040496221304,8723,6230,0.7142038289579273,8676,6188,0.7132319041032734,1.0871219635009766,10.654935836791992
s4,52,median_mad,88111,67346,70503,50213,0.7122108279080323,8704,6212,0.7136948529411765,8904,6314,0.7091194968553459,1.0793942213058472,11.160057067871094
s4,53,median_mad,87392,67019,69972,49941,0.7137283484822501,8665,6216,0.7173687247547605,8755,6290,0.7184466019417476,1.0863690376281738,10.929030418395996
s4,54,median_mad,87267,66855,69935,49831,0.7125330664188174,8828,6326,0.7165835976438605,8504,6123,0.7200141110065852,1.0804965496063232,10.997894287109375
s4,55,median_mad,87427,66936,70035,49956,0.7133004926108374,8707,6291,0.7225221086482141,8685,6195,0.7132987910189983,1.0750865936279297,10.378523826599121
s4,56,median_mad,88212,67323,70489,50295,0.7135155839918285,8965,6374,0.7109871723368656,8758,6223,0.7105503539620918,1.0851386785507202,10.78807544708252
s4,57,median_mad,87860,67175,70362,50193,0.7133537989255564,8640,6189,0.7163194444444444,8858,6302,0.7114472792955521,1.0885761976242065,10.831620216369629
s4,58,median_mad,87682,67085,70258,50053,0.7124170912920949,8659,6141,0.7092042961080957,8765,6284,0.7169423844837421,1.083810567855835,10.732927322387695
s4,59,median_mad,87094,66720,69813,49893,0.7146663228911521,8684,6172,0.710732381391064,8597,6160,0.7165290217517739,1.0796658992767334,10.918463706970215
s4,60,median_mad,87616,66857,70013,49862,0.7121820233385229,8844,6277,0.7097467209407508,8759,6311,0.7205160406439092,1.0873997211456299,10.871034622192383
s4,61,median_mad,88338,67612,70577,50427,0.7144962239823172,8864,6305,0.7113041516245487,8897,6364,0.7152972912217601,1.0876314640045166,10.920792579650879
s4,62,median_mad,88480,67790,70789,50526,0.7137549619291133,8846,6254,0.7069862084557992,8845,6315,0.7139626907857547,1.087902307510376,11.008089065551758
s4,63,median_mad,88040,67569,70187,50235,0.7157308333452064,8848,6409,0.7243444846292948,9005,6429,0.7139367018323154,1.0828800201416016,10.574968338012695
s4,64,median_mad,87531,66982,69998,49970,0.7138775393582674,8697,6247,0.7182936644820053,8836,6325,0.7158216387505658,1.0927956104278564,10.822406768798828
s4,65,median_mad,88360,67567,70666,50538,0.715167124218153,8851,6242,0.7052310473392837,8843,6244,0.7060952165554676,1.0912302732467651,10.786630630493164
s4,66,median_mad,88045,67481,70549,50570,0.7168067584232236,8782,6229,0.7092917330904122,8714,6128,0.70323617167776,1.091923713684082,10.69917106628418
s4,67,median_mad,87691,67132,70077,50017,0.7137434536295789,8825,6226,0.7054957507082154,8789,6228,0.7086130390260553,1.0944910049438477,11.013848304748535
s4,68,median_mad,88297,67481,70486,50283,0.7133757058139205,8988,6412,0.7133956386292835,8823,6304,0.7144962031055196,1.0951576232910156,11.251741409301758
s4,69,median_mad,87919,67327,70215,50099,0.7135085095777256,8850,6334,0.7157062146892655,8854,6334,0.7153828777953467,1.0870834589004517,10.76728630065918
s4,70,median_mad,87778,67211,70166,50206,0.715531739018898,8751,6200,0.7084904582333448,8861,6320,0.7132377835458752,1.0938608646392822,10.887044906616211
s4,71,median_mad,87822,67136,70105,50107,0.7147421724556023,8813,6201,0.7036196527856575,8904,6336,0.7115902964959568,1.0960168838500977,10.912396430969238
s4,72,median_mad,87569,66959,69995,50261,0.7180655761125795,8788,6237,0.7097177969959035,8786,6195,0.7050990211700433,1.0901007652282715,10.540849685668945
s4,73,median_mad,87759,67247,70196,50158,0.7145421391532281,8682,6189,0.7128541810642709,8881,6318,0.711406373156176,1.0921751260757446,11.026372909545898
s4,74,median_mad,87506,67124,69828,49920,0.7148994672624163,8929,6448,0.7221413372158136,8749,6219,0.7108240941821923,1.1017769575119019,10.881866455078125
s4,75,median_mad,87379,66729,69813,49743,0.712517725924971,8796,6310,0.7173715325147795,8770,6234,0.7108323831242873,1.100874900817871,10.772921562194824
s4,76,median_mad,87723,67174,70018,50065,0.7150304207489503,8881,6344,0.7143339713996172,8824,6248,0.7080689029918404,1.0994760990142822,10.944839477539062
s4,77,median_mad,87449,66739,69700,49607,0.7117216642754662,8882,6280,0.7070479621706823,8867,6316,0.7123040487199729,1.0955981016159058,10.801076889038086
s4,78,median_mad,87648,67377,70003,50071,0.7152693455994743,8890,6396,0.7194600674915635,8755,6368,0.7273557966876071,1.1009495258331299,10.876421928405762
s4,79,median_mad,87681,67106,70075,49984,0.7132929004637888,8860,6305,0.7116252821670429,8746,6271,0.7170134918820033,1.103686809539795,11.109748840332031
s4,80,median_mad,88161,67578,70634,50493,0.7148540362997989,8717,6255,0.7175633818974417,8810,6304,0.7155505107832009,1.098392128944397,11.030734062194824
s4,81,median_mad,87918,67370,70316,50126,0.7128676261448319,8973,6465,0.7204948177866934,8629,6165,0.7144512689767064,1.1015584468841553,10.942574501037598
s4,82,median_mad,87767,67199,70338,50299,0.7151042110949984,8780,6268,0.7138952164009111,8649,6162,0.7124523066250433,1.0910847187042236,11.180398941040039
s4,83,median_mad,88063,67343,70276,50130,0.7133302976834197,9021,6373,0.706462698148764,8766,6213,0.7087611225188227,1.0927811861038208,10.978246688842773
s4,84,median_mad,87857,67024,70243,49841,0.7095511296499295,8834,6302,0.7133801222549242,8780,6267,0.7137813211845102,1.1004235744476318,10.816903114318848
s4,85,median_mad,87524,66828,70099,49916,0.7120786316495242,8726,6289,0.7207196882878754,8699,6248,0.7182434762616393,1.093290090560913,10.878742218017578
s4,86,median_mad,87508,67062,69693,49759,0.7139741437447089,8924,6379,0.7148139847601972,8891,6331,0.7120683837588573,1.0981616973876953,11.008959770202637
s4,87,median_mad,87828,67231,70175,49935,0.7115781973637335,8784,6258,0.712431693989071,8869,6389,0.720374337580336,1.092581033706665,11.144560813903809
s4,88,median_mad,87676,67016,70105,49970,0.7127879609157692,8861,6383,0.720347590565399,8710,6174,0.7088404133180253,1.0912729501724243,10.560345649719238
s4,89,median_mad,87883,67393,70243,50275,0.7157296812493772,8893,6374,0.7167435061284156,8747,6209,0.7098433748713845,1.0959349870681763,10.650463104248047
s4,90,median_mad,87622,66893,69769,49602,0.7109461222032708,8833,6338,0.7175365108117288,9020,6366,0.7057649667405765,1.0918914079666138,10.579392433166504
s4,91,median_mad,87860,67171,70232,49991,0.711798040779132,8927,6358,0.7122213509577686,8701,6217,0.7145155729226526,1.0925915241241455,10.79747486114502
s4,92,median_mad,87596,66884,69949,49790,0.7118043145720453,8893,6323,0.7110086584954458,8754,6215,0.7099611606122915,1.0960246324539185,10.96657943725586
s4,93,median_mad,87576,67002,70117,50051,0.7138211845914686,8948,6400,0.7152436298614215,8511,6044,0.7101398190576901,1.0855154991149902,10.660629272460938
s4,94,median_mad,88097,67511,70541,50331,0.7134999503834649,8869,6324,0.7130454391701432,8687,6210,0.7148612869805456,1.0901447534561157,10.90723991394043
s4,95,median_mad,88041,67584,70329,50415,0.7168451136799897,8931,6419,0.7187325047587056,8781,6218,0.7081198041225373,1.0865561962127686,10.821403503417969
s4,96,median_mad,87131,66610,69331,49422,0.7128412975436673,9051,6512,0.7194785106618053,8749,6185,0.7069379357640874,1.0968503952026367,10.613213539123535
s4,97,median_mad,87917,67313,70285,50125,0.7131678167461052,8710,6194,0.7111366245694604,8922,6375,0.7145258910558171,1.0854637622833252,10.800094604492188
s4,98,median_mad,87171,66872,69711,49791,0.7142488273012867,8740,6255,0.715675057208238,8720,6207,0.7118119266055046,1.1039031744003296,10.895540237426758
s4,99,median_mad,87726,67191,70125,50032,0.7134688057040999,8792,6261,0.7121246587807097,8809,6192,0.7029174707685322,1.096126675605774,10.756572723388672
s4,100,median_mad,87403,66871,70112,49979,0.712845162026472,8507,6037,0.7096508757493829,8784,6327,0.7202868852459017,1.0968129634857178,10.549460411071777
s4,101,median_mad,87629,66981,70162,49928,0.7116102733673498,8676,6093,0.7022821576763485,8791,6324,0.7193720850870208,1.099597692489624,10.951298713684082
s4,102,median_mad,87394,66967,70092,49972,0.7129486959995435,8683,6166,0.7101232292986295,8619,6221,0.7217774683838032,1.0966672897338867,10.746227264404297
s4,103,median_mad,87933,67512,70208,50265,0.7159440519598906,8890,6302,0.7088863892013498,8835,6304,0.7135257498585172,1.099128246307373,10.803945541381836
s4,104,median_mad,88385,67544,70410,50148,0.7122283766510439,8905,6300,0.7074677147669849,9070,6456,0.7117971334068357,1.1034128665924072,11.055099487304688
s4,105,median_mad,87539,67154,69961,49891,0.7131258844213204,8765,6247,0.7127210496292071,8813,6312,0.7162146828548734,1.104048728942871,10.793383598327637
s4,106,median_mad,87861,67409,70230,50023,0.7122739569984338,8910,6404,0.7187429854096521,8721,6314,0.7239995413370026,1.1027823686599731,10.821480751037598
s4,107,median_mad,87273,66978,69918,49993,0.7150233130238279,8661,6146,0.7096178270407574,8694,6227,0.7162410858063032,1.0979124307632446,10.779742240905762
s4,108,median_mad,88097,67146,70495,49845,0.7070714235052131,8808,6293,0.7144641235240691,8794,6314,0.7179895383215829,1.1020442247390747,10.922772407531738
s4,109,median_mad,88090,67540,70433,50384,0.7153464995101728,8731,6262,0.7172145229641508,8926,6339,0.7101725296885503,1.0981152057647705,10.594133377075195
s4,110,median_mad,87621,66947,70120,49878,0.7113234455219624,8673,6097,0.7029862792574657,8828,6340,0.7181694608065247,1.096494436264038,11.059501647949219
s4,111,median_mad,87372,66677,70076,49966,0.7130258576402763,8801,6222,0.7069651176002727,8495,6051,0.7123013537374926,1.1032496690750122,10.299703598022461
s4,112,median_mad,87825,67148,70227,49942,0.7111509818161106,8844,6289,0.7111035730438715,8754,6210,0.7093899931459904,1.103111743927002,10.801204681396484
s4,113,median_mad,87458,67210,69900,50003,0.7153505007153076,8813,6315,0.7165550890729604,8745,6260,0.7158376214979989,1.0980808734893799,11.15632152557373
s4,114,median_mad,87473,67308,70091,50264,0.7171248805124767,8804,6311,0.7168332576101772,8578,6125,0.7140359058055491,1.1021349430084229,10.731151580810547
s4,115,median_mad,87083,66548,69582,49458,0.7107872725704923,8772,6235,0.7107843137254902,8729,6229,0.7135983503264979,1.1043308973312378,10.799184799194336
s4,116,median_mad,88098,67426,70523,50364,0.714149993619103,8754,6239,0.7127027644505369,8821,6311,0.7154517628386804,1.1017799377441406,10.767118453979492
s4,117,median_mad,87797,67104,70250,50024,0.712085409252669,8840,6334,0.7165158371040724,8707,6239,0.7165499023773975,1.0988397598266602,10.619329452514648
s4,118,median_mad,87452,66816,70001,49934,0.7133326666761903,8723,6173,0.7076693798005274,8728,6176,0.7076076993583869,1.1055610179901123,10.422154426574707
s4,119,median_mad,87649,67153,70022,49924,0.7129759218531319,8856,6378,0.7201897018970189,8771,6263,0.7140576901151522,1.106197714805603,10.874857902526855
s4,120,median_mad,87724,67295,70239,50169,0.7142613078204416,8777,6298,0.7175572519083969,8708,6209,0.7130225080385852,1.106834053993225,10.996671676635742
s4,121,median_mad,87916,67595,70466,50557,0.7174665796270542,8913,6356,0.7131156737349938,8537,6140,0.7192222092069813,1.1033320426940918,10.799511909484863
s4,122,median_mad,87783,67253,70167,50089,0.7138540909544373,8747,6282,0.7181890934034526,8869,6228,0.7022212199797045,1.1038017272949219,11.034610748291016
s4,123,median_mad,87845,67534,70433,50514,0.71719222523533,8657,6208,0.7171075430287629,8755,6243,0.71307824100514,1.1071841716766357,10.85447883605957
s4,124,median_mad,87723,66920,70253,50009,0.7118414871962763,8913,6270,0.7034668461797374,8557,6054,0.7074909430875307,1.1154916286468506,10.856637001037598
s4,125,median_mad,87033,66501,69634,49710,0.7138754056926214,8702,6190,0.7113307285681453,8697,6203,0.7132344486604576,1.1101727485656738,10.84603500366211
s4,126,median_mad,88008,67587,70432,50366,0.7151010904134484,8787,6322,0.7194719471947195,8789,6301,0.7169188758675618,1.1011312007904053,10.81920337677002
s4,127,median_mad,87496,66532,69952,49593,0.708957570905764,8711,6141,0.704970726667432,8833,6260,0.7087059889052417,1.106893539428711,10.705498695373535
s4,128,median_mad,87341,67083,69837,50020,0.7162392428082535,8909,6411,0.7196093837692221,8595,6118,0.7118091913903433,1.108351469039917,10.902874946594238
s4,129,median_mad,87707,67252,70184,50100,0.7138379117747635,8719,6248,0.7165959399013648,8804,6281,0.7134257155838255,1.1016013622283936,10.800361633300781
s4,130,median_mad,88003,67301,70468,50170,0.7119543622637226,8783,6299,0.7171809176818854,8752,6168,0.7047531992687386,1.1033555269241333,11.049760818481445
s4,131,median_mad,87768,67374,70182,50194,0.7151976290216865,8808,6304,0.7157129881925522,8778,6220,0.708589655958077,1.1049511432647705,11.014142036437988
s4,132,median_mad,87591,67127,70047,50057,0.7146201835910174,8901,6337,0.7119424783732164,8643,6216,0.7191947240541479,1.1034950017929077,10.573837280273438
s4,133,median_mad,87238,67007,69645,49907,0.7165912843707373,8769,6269,0.7149047781959175,8824,6310,0.7150951949229375,1.0994988679885864,11.047386169433594
s4,134,median_mad,87425,66873,69875,49791,0.712572450805009,8746,6220,0.7111822547450263,8804,6281,0.7134257155838255,1.1030038595199585,11.239593505859375
s4,135,median_mad,87892,67298,70356,50309,0.7150633918926602,8705,6235,0.7162550258472142,8831,6296,0.7129430415581475,1.098363995552063,10.496164321899414
s4,136,median_mad,87791,67480,70320,50441,0.717306598407281,8796,6318,0.718281036834925,8675,6194,0.7140057636887608,1.0969579219818115,10.783456802368164
s4,137,median_mad,88143,67422,70473,50341,0.7143303108992096,8848,6283,0.7101039783001808,8822,6243,0.7076626615279982,1.0987648963928223,10.820404052734375
s4,138,median_mad,87643,67039,69934,49824,0.712443160694369,8868,6385,0.7200045105999098,8841,6284,0.7107793236059269,1.093860387802124,10.78215503692627
s4,139,median_mad,87488,66985,70130,50068,0.7139312704976473,8678,6205,0.7150265038027195,8680,6219,0.7164746543778802,1.094265341758728,10.818862915039062
s4,140,median_mad,87449,66924,69824,49835,0.7137230751604033,8845,6293,0.7114754098360656,8780,6256,0.7125284738041002,1.101481318473816,10.892022132873535
s4,141,median_mad,87688,67055,70102,50042,0.7138455393569371,8780,6265,0.7135535307517085,8806,6322,0.7179196002725414,1.0972697734832764,10.861529350280762
s4,142,median_mad,87331,66826,70036,49918,0.7127477297389914,8731,6179,0.7077081663039744,8564,6173,0.7208080336291453,1.0995159149169922,10.920036315917969
s4,143,median_mad,88377,67824,70699,50492,0.714182661706672,8856,6348,0.7168021680216802,8822,6277,0.711516662888234,1.102807641029358,11.027700424194336
s4,144,median_mad,87352,66530,69727,49491,0.7097824372194416,8826,6217,0.7043961024246544,8799,6231,0.7081486532560518,1.0961390733718872,11.307550430297852
s4,145,median_mad,87789,67263,70049,50062,0.7146711587602964,8873,6280,0.7077651301701792,8867,6340,0.7150107138829367,1.101438283920288,10.740824699401855
s4,146,median_mad,87631,67226,70007,50126,0.7160141128744268,8764,6301,0.7189639434048379,8860,6348,0.7164785553047404,1.1065504550933838,10.906318664550781
s4,147,median_mad,87388,66881,70115,49931,0.7121300720245312,8686,6204,0.7142528206309003,8587,6154,0.716664725748224,1.0975085496902466,10.963451385498047
s4,148,median_mad,87748,66877,70212,49939,0.7112601834444254,8738,6179,0.707141222247654,8798,6226,0.7076608320072744,1.1012924909591675,11.141242980957031
s4,149,median_mad,87551,66761,70206,50018,0.71244622966698,8655,6099,0.7046793760831889,8690,6185,0.7117376294591484,1.0958178043365479,10.540582656860352
s4,150,median_mad,87725,67335,70272,50353,0.7165442850637522,8704,6126,0.7038143382352942,8749,6300,0.7200822951194422,1.1015403270721436,10.98386001586914
s4,151,median_mad,87954,67212,70296,50165,0.7136252418345282,8954,6373,0.7117489390216662,8704,6154,0.70703125,1.095503568649292,11.225189208984375
s4,152,median_mad,87753,67288,70191,50248,0.7158752546622786,8872,6341,0.7147204688908927,8690,6187,0.7119677790563866,1.098188042640686,10.767101287841797
s4,153,median_mad,87601,66963,69939,49915,0.7136933613577546,8872,6253,0.7048016230838593,8790,6249,0.7109215017064846,1.0961085557937622,11.175348281860352
s4,154,median_mad,87617,67139,69966,50139,0.7166195009004374,8836,6255,0.7078995020371208,8815,6294,0.7140102098695406,1.0981966257095337,10.473475456237793
s4,155,median_mad,87943,67239,70287,50095,0.7127207022635765,8727,6271,0.7185745387876704,8929,6384,0.7149736812632994,1.0951170921325684,10.665082931518555
s4,156,median_mad,87986,67432,70254,50129,0.713539442594016,8857,6307,0.7120921305182342,8875,6268,0.7062535211267605,1.0900475978851318,10.802131652832031
s4,157,median_mad,87961,67105,70273,49968,0.7110554551534729,8845,6258,0.7075183719615602,8843,6256,0.7074522220965735,1.0892517566680908,11.037976264953613
s4,158,median_mad,87767,67270,69991,49883,0.7127059193324856,8942,6393,0.7149407291433684,8834,6264,0.7090785601086711,1.0938524007797241,10.988344192504883
s4,159,median_mad,87710,67096,70126,50053,0.7137580925762199,8764,6234,0.7113190324052944,8820,6220,0.7052154195011338,1.0880393981933594,10.92176342010498
s4,160,median_mad,88046,67487,70355,50218,0.7137801151304101,8880,6412,0.722072072072072,8811,6302,0.7152423107479288,1.0836466550827026,10.636090278625488
s4,161,median_mad,87965,67374,70352,50226,0.7139242665453719,8775,6287,0.7164672364672364,8838,6308,0.7137361393980538,1.084371566772461,10.701693534851074
s4,162,median_mad,87487,66785,69921,49658,0.7102015131362538,8689,6231,0.7171135918978018,8877,6361,0.7165709135969359,1.0909076929092407,10.742803573608398
s4,163,median_mad,87667,67153,70138,49910,0.7115971370726283,8797,6303,0.7164942594066159,8732,6200,0.7100320659642694,1.088775873184204,10.81733512878418
s4,164,median_mad,87111,66694,69836,49666,0.7111804799816713,8733,6257,0.7164777281575633,8542,6044,0.7075626317021775,1.0857983827590942,10.952250480651855
s4,165,median_mad,87550,66895,70017,49873,0.7122984418069898,8709,6170,0.7084625100470777,8824,6231,0.7061423390752494,1.087889552116394,11.10528564453125
s4,166,median_mad,88226,67621,70641,50366,0.712985376764202,8826,6243,0.7073419442556085,8759,6313,0.7207443772120105,1.0923365354537964,10.765077590942383
s4,167,median_mad,87850,67410,70345,50260,0.714478640983723,8830,6313,0.7149490373725934,8675,6198,0.7144668587896253,1.0970747470855713,10.518468856811523
s4,168,median_mad,87540,67193,69921,50033,0.7155647087427239,8774,6197,0.7062913152496011,8845,6273,0.7092142453363482,1.0993965864181519,10.823351860046387
s4,169,median_mad,87403,66877,69864,49878,0.7139299209893507,8736,6248,0.7152014652014652,8803,6259,0.7110076110416903,1.092370629310608,10.689017295837402
s4,170,median_mad,87882,67327,70339,50168,0.713231635365871,8829,6313,0.7150300147242044,8714,6151,0.7058756024787698,1.1084712743759155,10.795722961425781
s4,171,median_mad,87624,66672,70167,49694,0.7082246640158479,8816,6246,0.7084845735027223,8641,6122,0.7084828144890638,1.1060044765472412,11.024435043334961
s4,172,median_mad,87899,67388,70334,50336,0.7156709415076634,8682,6166,0.7102050218843584,8883,6357,0.7156366092536305,1.1063177585601807,10.879009246826172
s4,173,median_mad,87885,67239,70175,50104,0.7139864624153901,8757,6181,0.7058353317346123,8953,6386,0.7132804646487211,1.1068774461746216,10.563081741333008
s4,174,median_mad,88203,67336,70596,50147,0.7103376961867528,8837,6341,0.7175512051601222,8770,6244,0.7119726339794755,1.1089389324188232,10.715353012084961
s4,175,median_mad,87663,67178,70079,50059,0.7143224075686011,8738,6251,0.71538109407187,8846,6306,0.7128645715577662,1.1225649118423462,10.82563591003418
s4,176,median_mad,87860,67042,70390,50047,0.7109958800966046,8707,6144,0.7056391409210979,8763,6217,0.7094602305146639,1.124918818473816,11.051891326904297
s4,177,median_mad,88373,67791,70784,50644,0.7154724231464737,8764,6198,0.7072113190324053,8825,6256,0.7088951841359773,1.1282775402069092,11.094893455505371
s4,178,median_mad,87792,67223,70242,50050,0.7125366589789585,8767,6269,0.7150678681418957,8783,6277,0.7146760787885689,1.121380090713501,10.619272232055664
s4,179,median_mad,88115,67607,70521,50282,0.7130074729513195,8882,6266,0.7054717405989642,8712,6274,0.7201561065197429,1.1237311363220215,10.799846649169922
s4,180,median_mad,88196,67418,70347,50023,0.711089314398624,8822,6263,0.7099297211516663,9027,6423,0.7115320704553008,1.127832293510437,10.97382640838623
s4,181,median_mad,87539,67048,70035,49894,0.7124152209609481,8807,6237,0.7081866696945611,8697,6161,0.7084051971944348,1.1253376007080078,10.81375789642334
s4,182,median_mad,87396,66874,69810,49869,0.7143532445208423,8846,6201,0.7009947999095636,8740,6224,0.7121281464530892,1.1304720640182495,10.858831405639648
s4,183,median_mad,87909,67469,70402,50282,0.7142126644129428,8664,6233,0.7194136657433057,8843,6306,0.7131064118511817,1.131039023399353,11.199947357177734
s4,184,median_mad,87960,67271,70519,50199,0.7118507069016861,8677,6229,0.7178748415350927,8764,6241,0.7121177544500228,1.1235123872756958,10.723566055297852
s4,185,median_mad,87513,66999,70093,50002,0.7133665273279786,8666,6180,0.7131317793676437,8754,6232,0.7119031299977153,1.1259522438049316,10.993436813354492
s4,186,median_mad,87754,67102,70439,50110,0.7113956756910235,8684,6251,0.7198295716259788,8631,6186,0.7167188043100452,1.1185293197631836,10.580215454101562
s4,187,median_mad,87480,66703,70248,49852,0.7096572144402687,8534,6098,0.7145535505038669,8698,6106,0.7020004598758335,1.1208735704421997,10.837238311767578
s4,188,median_mad,87948,67546,70241,50349,0.7168035762588801,8826,6317,0.7157262633129391,8881,6303,0.7097173741695755,1.1211830377578735,10.705671310424805
s4,189,median_mad,87453,66937,69762,49740,0.7129956136578653,8880,6268,0.7058558558558559,8811,6290,0.7138803768017251,1.1158291101455688,10.850773811340332
s4,190,median_mad,87618,66888,70036,49773,0.7106773659260952,8795,6241,0.7096077316657191,8787,6250,0.7112780243541595,1.1131207942962646,10.826831817626953
s4,191,median_mad,87588,67282,69876,49931,0.7145658022783216,8889,6322,0.7112161097986275,8823,6353,0.7200498696588462,1.116758942604065,10.862687110900879
s4,192,median_mad,87254,66834,69770,49703,0.712383545936649,8782,6298,0.7171487132771578,8702,6225,0.7153527924615031,1.1253421306610107,10.7938814163208
s4,193,median_mad,87448,67024,70227,50173,0.7144403149785695,8664,6189,0.7143351800554016,8557,6074,0.7098282108215496,1.1270833015441895,11.071244239807129
s4,194,median_mad,87709,67189,70162,50161,0.7149311593170092,8748,6182,0.7066758116140832,8799,6196,0.7041709285146039,1.1183924674987793,11.014001846313477
s4,195,median_mad,87117,66513,69780,49655,0.7115935798222986,8634,6169,0.7145008107482048,8703,6177,0.7097552568079972,1.1174209117889404,10.628486633300781
s4,196,median_mad,87936,67302,70410,50220,0.7132509586706434,8701,6216,0.7144006436041834,8825,6324,0.7166005665722379,1.1186209917068481,10.88503360748291
s4,197,median_mad,87719,67159,70125,50073,0.7140534759358289,8775,6188,0.7051851851851851,8819,6262,0.7100578296859055,1.1199349164962769,10.423303604125977
s4,198,median_mad,87400,66620,69754,49501,0.7096510594374517,8818,6311,0.7156951689725561,8828,6286,0.7120525600362483,1.129367709159851,10.814326286315918
s4,199,median_mad,87712,67190,70249,50103,0.7132201170123418,8633,6141,0.711340206185567,8830,6294,0.712797281993205,1.1281005144119263,10.54266357421875
s4,200,median_mad,87897,67357,70278,50174,0.7139360824155496,8811,6249,0.7092271024855294,8808,6316,0.7170753860127157,1.123202919960022,10.73344898223877
s4,201,median_mad,87884,67229,70557,50318,0.7131539039358249,8721,6250,0.7166609333791997,8606,6112,0.7102021845224262,1.1220638751983643,10.878417015075684
s4,202,median_mad,88211,67649,70541,50466,0.7154137310216754,8808,6193,0.70311080835604,8862,6387,0.7207176709546378,1.1229921579360962,10.769521713256836
s4,203,median_mad,87121,66744,69504,49536,0.712707182320442,8691,6217,0.7153377056725349,8926,6313,0.7072596907909477,1.1227623224258423,10.969489097595215
s4,204,median_mad,88359,67838,70708,50546,0.7148554618996436,8897,6373,0.716308868157806,8754,6283,0.7177290381539867,1.131833791732788,10.779361724853516
s4,205,median_mad,87881,67457,70142,50097,0.7142225770579681,8951,6386,0.7134398391241202,8788,6277,0.7142694583522986,1.1309239864349365,10.854308128356934
s4,206,median_mad,87597,67055,70047,49831,0.711393778463032,8806,6276,0.7126958891664774,8744,6223,0.7116880146386093,1.127997875213623,10.829683303833008
s4,207,median_mad,86959,66458,69711,49568,0.7110499060406535,8797,6248,0.7102421279981812,8451,6043,0.7150633061176193,1.1373493671417236,11.286211013793945
s4,208,median_mad,88051,67357,70308,50128,0.7129771860954657,8881,6293,0.7085913748451751,8862,6269,0.7074023922365155,1.1345062255859375,10.835137367248535
s4,209,median_mad,87827,67349,70357,50165,0.7130065238711144,8691,6239,0.7178690599470717,8779,6214,0.7078254926529217,1.1316967010498047,11.342904090881348
s4,210,median_mad,87559,67266,70095,50084,0.7145160139810257,8818,6378,0.7232932637786346,8646,6184,0.7152440434883183,1.1320059299468994,10.869009971618652
s4,211,median_mad,87796,67380,70310,50282,0.7151472052339639,8831,6366,0.7208696636847469,8655,6248,0.721894858463316,1.1329755783081055,10.651369094848633
s4,212,median_mad,87941,67628,70338,50461,0.717407375813927,8899,6444,0.7241263063265535,8704,6203,0.7126608455882353,1.1262128353118896,11.054970741271973
s4,213,median_mad,87865,67315,70410,50284,0.7141599204658429,8641,6210,0.7186668209697952,8814,6287,0.7132970274563195,1.1224596500396729,10.726714134216309
s4,214,median_mad,87930,67310,70331,50161,0.713213234562284,8846,6280,0.7099253900067827,8753,6237,0.7125556951902206,1.123643398284912,11.104278564453125
s4,215,median_mad,87668,67141,70113,49959,0.7125497411321724,8697,6188,0.7115097159940209,8858,6315,0.7129148792052382,1.124060034751892,11.366859436035156
s4,216,median_mad,87720,67166,70142,50008,0.7129537224487468,8742,6187,0.7077327842598947,8836,6350,0.718650973291082,1.126776933670044,10.874563217163086
s4,217,median_mad,87870,67348,70321,50088,0.712276560344705,8741,6324,0.7234870152156504,8808,6365,0.72263851044505,1.1300575733184814,10.822356224060059
s4,218,median_mad,87350,66988,69894,49875,0.7135805648553524,8804,6335,0.7195592912312585,8652,6246,0.7219140083217753,1.1283042430877686,10.540460586547852
s4,219,median_mad,87647,67198,70066,50035,0.714112408300745,8846,6342,0.7169342075514357,8735,6133,0.7021179164281626,1.1335607767105103,10.788328170776367
s4,220,median_mad,87845,67141,70426,50194,0.7127197341890779,8790,6258,0.7119453924914676,8629,6159,0.7137559392745394,1.1332274675369263,10.873936653137207
s4,221,median_mad,87251,66939,69855,49992,0.715653854412712,8602,6128,0.7123924668681701,8794,6274,0.7134409824880601,1.1280657052993774,10.55374526977539
s4,222,median_mad,87872,67207,70454,50266,0.713458426774917,8558,6098,0.7125496611357793,8860,6310,0.7121896162528216,1.1351044178009033,11.199341773986816
s4,223,median_mad,87913,67437,70289,50224,0.7145357025992687,8835,6249,0.7073005093378608,8789,6312,0.7181704403231312,1.139925479888916,11.037591934204102
s4,224,median_mad,87954,67271,70214,50106,0.7136183667074942,8954,6379,0.7124190306008488,8786,6207,0.7064648304120191,1.1414191722869873,10.805559158325195
s4,225,median_mad,87746,67193,70417,50314,0.7145149608759248,8641,6113,0.7074412683717163,8688,6235,0.7176565377532228,1.135472297668457,10.795921325683594
s4,226,median_mad,87515,67067,70006,49958,0.7136245464674457,8786,6262,0.7127247894377419,8723,6195,0.7101914478963659,1.1302634477615356,11.170900344848633
s4,227,median_mad,87701,67002,70161,50020,0.7129316856943316,8737,6178,0.7071077028728396,8803,6294,0.7149835283426105,1.1399054527282715,10.67579460144043
s4,228,median_mad,87860,67252,70355,50121,0.7124013929358255,8806,6230,0.7074721780604134,8699,6172,0.7095068398666513,1.144695520401001,10.732852935791016
s4,229,median_mad,88319,67709,70439,50223,0.7129999006232343,8924,6430,0.7205289108023308,8956,6382,0.7125949084412684,1.1399312019348145,10.988362312316895
s4,230,median_mad,87625,67086,70178,50041,0.7130582233748468,8647,6191,0.715970856944605,8800,6290,0.7147727272727272,1.144453763961792,10.778824806213379
s4,231,median_mad,87534,67071,70113,50122,0.7148745596394392,8828,6256,0.7086542818305392,8593,6125,0.712789479809147,1.1473952531814575,11.079719543457031
s4,232,median_mad,87520,67076,70057,50090,0.7149892230612216,8604,6169,0.7169920966992097,8859,6283,0.7092222598487414,1.1408584117889404,10.757424354553223
s4,233,median_mad,87662,67017,70240,50005,0.7119162870159453,8712,6170,0.70821854912764,8710,6216,0.713662456946039,1.1494444608688354,11.119649887084961
s4,234,median_mad,87683,67236,70051,49998,0.7137371343735278,8815,6324,0.7174134997163926,8817,6337,0.718725189973914,1.1517254114151,11.034551620483398
s4,235,median_mad,88010,67197,70344,49914,0.7095701125895599,8823,6320,0.7163096452453814,8843,6309,0.7134456632364582,1.1465555429458618,10.793990135192871
s4,236,median_mad,87687,67120,70325,50092,0.7122929257020975,8819,6218,0.7050686018822996,8543,6135,0.7181318038159897,1.145353078842163,10.555290222167969
s4,237,median_mad,88074,67481,70520,50213,0.7120391378332388,8797,6282,0.714107081959759,8757,6243,0.7129153819801302,1.1491897106170654,10.620973587036133
s4,238,median_mad,87734,67132,70152,49955,0.7120965902611472,8769,6245,0.7121678640665983,8813,6255,0.709746964711222,1.1576108932495117,10.534830093383789
s4,239,median_mad,87490,66973,69931,49824,0.7124737240994695,8785,6228,0.7089356858281161,8774,6292,0.7171187599726464,1.1530299186706543,10.576919555664062
s4,240,median_mad,87755,67141,70101,49886,0.7116303619063922,8982,6403,0.7128701848140726,8672,6190,0.7137915129151291,1.1599503755569458,10.903120040893555
s4,241,median_mad,87781,67109,70123,49910,0.7117493547053035,8830,6315,0.7151755379388448,8828,6257,0.7087675577707295,1.1553047895431519,10.673526763916016
s4,242,median_mad,87862,67182,70242,49973,0.7114404487343754,8836,6214,0.7032593933906746,8784,6323,0.7198315118397086,1.1500998735427856,10.556543350219727
s4,243,median_mad,87746,66922,70188,49808,0.7096369749814783,8778,6243,0.7112098427887902,8780,6174,0.7031890660592255,1.1591506004333496,10.921698570251465
s4,244,median_mad,87993,67131,70350,49948,0.7099928926794599,8756,6294,0.7188213796253997,8887,6273,0.7058624957803533,1.160522222518921,10.822028160095215
s4,245,median_mad,87360,66937,69886,49784,0.7123601293535186,8731,6238,0.7144656969419311,8743,6220,0.7114262838842502,1.1549710035324097,11.014162063598633
s4,246,median_mad,88157,67640,70389,50336,0.7151117362087827,8862,6422,0.724667118032047,8906,6383,0.71670783741298,1.1565728187561035,10.495802879333496
s4,247,median_mad,87910,67363,70359,50073,0.71167867650194,8727,6210,0.7115847370230319,8824,6334,0.7178150498640072,1.162222981452942,10.846635818481445
s4,248,median_mad,87683,67019,70191,49969,0.7119003860893847,8816,6223,0.7058756805807622,8676,6216,0.7164591977869986,1.1565241813659668,10.501511573791504
s4,249,median_mad,87863,67191,70355,50093,0.7120034112714093,8754,6190,0.7071053232807859,8754,6206,0.7089330591729495,1.1589075326919556,10.691313743591309
s4,250,median_mad,88553,67581,70857,50286,0.7096828824251662,8910,6241,0.7004489337822671,8786,6175,0.7028226724334168,1.1650623083114624,10.93875789642334
s4,251,median_mad,87888,67126,70493,49939,0.7084249499950349,8713,6210,0.7127281074256857,8682,6127,0.7057129693618982,1.1595996618270874,11.0626220703125
s4,252,median_mad,87873,67102,70407,49927,0.7091198318349028,8730,6269,0.718098510882016,8736,6189,0.7084478021978022,1.1575565338134766,11.09169864654541
s4,253,median_mad,88079,67200,70622,50099,0.7093965053382798,8544,6125,0.71687734082397,8913,6215,0.6972960843711433,1.1632779836654663,10.840509414672852
s4,254,median_mad,87565,67058,70089,49778,0.7102113027721897,8693,6165,0.709191303347521,8783,6224,0.7086416941819423,1.150949239730835,10.824278831481934
s4,255,median_mad,87171,66548,69873,49427,0.7073833955891403,8574,6169,0.7195008164217401,8724,6194,0.7099954149472719,1.1535156965255737,10.955899238586426
s4,256,median_mad,87287,66862,69889,49824,0.7129018872783986,8742,6176,0.7064744909631663,8656,6154,0.7109519408502772,1.1544454097747803,10.939186096191406
s4,257,median_mad,87205,66803,69667,49568,0.7114989880431194,8738,6202,0.7097734035248341,8800,6342,0.7206818181818182,1.1548844575881958,10.871623992919922
s4,258,median_mad,87411,66932,69979,49831,0.7120850540876549,8784,6130,0.6978597449908925,8648,6220,0.7192414431082331,1.150815725326538,10.707598686218262
s4,259,median_mad,87907,67158,70144,49830,0.7103957572992701,8818,6275,0.71161261056929,8945,6391,0.7144773616545557,1.1478140354156494,10.886961936950684
s4,260,median_mad,87801,67065,70206,49857,0.7101529783779165,8699,6126,0.7042188757328428,8896,6254,0.7030125899280576,1.156904935836792,10.937899589538574
s4,261,median_mad,87656,67351,70390,50089,0.7115925557607615,8624,6201,0.7190398886827458,8642,6246,0.7227493635732469,1.1594562530517578,10.78857421875
s4,262,median_mad,87728,67189,70308,50117,0.7128207316379359,8738,6232,0.7132066834515908,8682,6148,0.7081317668739922,1.1513715982437134,10.642528533935547
s4,263,median_mad,88200,67562,70750,50318,0.711208480565371,8740,6177,0.7067505720823799,8710,6225,0.7146957520091849,1.1454601287841797,11.129380226135254
s4,264,median_mad,87763,67082,70370,49976,0.710189000994742,8693,6175,0.7103416542045324,8700,6182,0.7105747126436781,1.1439979076385498,10.910953521728516
s4,265,median_mad,87412,67008,69939,49917,0.713721957706001,8817,6261,0.7101054780537598,8656,6159,0.7115295748613678,1.1396570205688477,10.55041217803955
s4,266,median_mad,87864,67407,70425,50138,0.71193468228612,8757,6261,0.7149708804385063,8682,6164,0.70997466021654,1.1383869647979736,10.797607421875
s4,267,median_mad,87701,67115,70367,50005,0.7106314039251354,8693,6169,0.7096514436903255,8641,6194,0.716815183427844,1.1494520902633667,10.880949974060059
s4,268,median_mad,87857,67124,70202,49867,0.7103358878664425,8812,6309,0.7159555152065366,8843,6222,0.70360737306344,1.1397796869277954,10.759079933166504
s4,269,median_mad,87368,66831,70036,49738,0.7101776229367753,8597,6144,0.7146679074095614,8735,6157,0.7048654836863194,1.1498383283615112,10.875248908996582
s4,270,median_mad,87677,67134,70257,49923,0.7105768820188736,8779,6225,0.7090784827429092,8641,6151,0.7118389075338503,1.1506097316741943,10.847010612487793
s4,271,median_mad,87811,67138,70370,49883,0.7088674150916584,8678,6148,0.7084581700852731,8763,6262,0.7145954581764236,1.1422020196914673,10.920428276062012
s4,272,median_mad,87512,66963,70161,49872,0.7108222516782828,8608,6046,0.7023698884758365,8743,6215,0.7108543978039574,1.1389670372009277,10.986610412597656
s4,273,median_mad,87215,66696,69812,49617,0.7107230848564716,8733,6190,0.7088056796060919,8670,6146,0.708881199538639,1.138580083847046,10.688674926757812
s4,274,median_mad,87640,67010,70111,49810,0.7104448659982029,8701,6121,0.703482358349615,8828,6249,0.707861350249207,1.1415467262268066,10.795551300048828
s4,275,median_mad,87729,67224,70186,49984,0.7121648191947112,8832,6270,0.7099184782608695,8711,6112,0.7016416025714614,1.1468982696533203,10.759727478027344
s4,276,median_mad,87522,67082,70154,49908,0.7114063346352311,8660,6176,0.7131639722863742,8708,6173,0.7088883785025264,1.1395585536956787,10.8136568069458
s4,277,median_mad,88158,67377,70418,49782,0.7069499275753358,8994,6455,0.7177006893484545,8746,6312,0.7217013491882003,1.1443424224853516,10.731297492980957
s4,278,median_mad,88374,67513,70575,50072,0.7094863620262133,8814,6193,0.7026321760835035,8985,6391,0.7112966054535337,1.1445850133895874,10.86841869354248
s4,279,median_mad,87693,67159,70406,50202,0.7130358208107264,8728,6200,0.7103574702108157,8559,6084,0.7108307045215563,1.1326297521591187,10.576115608215332
s4,280,median_mad,87704,67180,70236,49975,0.711529699869013,8818,6256,0.7094579269675664,8650,6105,0.7057803468208093,1.1358535289764404,10.851899147033691
s4,281,median_mad,87593,67073,70104,49856,0.7111719730685838,8644,6122,0.7082369273484498,8845,6268,0.7086489542114189,1.1446795463562012,10.729927062988281
s4,282,median_mad,87937,67167,70257,49735,0.7079009920719643,8861,6373,0.7192190497686491,8819,6282,0.7123256605057263,1.1456313133239746,10.906587600708008
s4,283,median_mad,87808,67170,70340,49997,0.7107904464031846,8733,6249,0.7155616626588801,8735,6265,0.7172295363480252,1.1396465301513672,10.842334747314453
s4,284,median_mad,87614,67167,70098,49976,0.7129447345145368,8718,6223,0.7138105069970176,8798,6201,0.7048192771084337,1.1443812847137451,10.717473983764648
s4,285,median_mad,88082,67534,70547,50388,0.7142472394290331,8830,6227,0.7052095130237825,8705,6180,0.7099368179207353,1.1364288330078125,10.844435691833496
s4,286,median_mad,87510,66989,69977,49852,0.7124055046658188,8744,6226,0.7120311070448307,8789,6249,0.7110023893503242,1.1480565071105957,11.043318748474121
s4,287,median_mad,87990,67338,70530,50232,0.7122075712462782,8774,6299,0.7179165716890814,8686,6138,0.7066543863688695,1.1397464275360107,11.088021278381348
s4,288,median_mad,87393,66944,69870,49804,0.7128095033633891,8678,6218,0.7165245448259968,8845,6243,0.7058224985867722,1.1432212591171265,11.096311569213867
s4,289,median_mad,88060,67521,70432,50216,0.7129713766469786,8801,6339,0.7202590614702875,8827,6260,0.7091877194969979,1.1373519897460938,11.22368335723877
s4,290,median_mad,88031,67395,70524,50271,0.7128211672622086,8775,6185,0.7048433048433048,8732,6202,0.7102611085661933,1.1449648141860962,11.165290832519531
s4,291,median_mad,87548,66897,69938,49801,0.7120735508593325,8703,6135,0.7049293347121682,8907,6304,0.7077579431907488,1.1411007642745972,10.88350772857666
s4,292,median_mad,87470,66950,69854,49785,0.7127007759040284,8864,6366,0.7181859205776173,8752,6167,0.7046389396709324,1.1384804248809814,11.028398513793945
s4,293,median_mad,87529,67178,70028,50053,0.7147569543611128,8770,6237,0.7111744583808438,8731,6284,0.7197342801511855,1.1359120607376099,10.973661422729492
s4,294,median_mad,88017,67195,70417,50047,0.7107232628484599,8847,6310,0.7132361252401944,8753,6176,0.7055866560036559,1.1298787593841553,10.817706108093262
s4,295,median_mad,87744,67358,70275,50245,0.7149768765563856,8678,6141,0.7076515326112007,8791,6226,0.7082243203276077,1.1293078660964966,10.904912948608398
s4,296,median_mad,87856,67292,70254,50050,0.7124149514618384,8881,6348,0.7147843711293773,8721,6224,0.7136796238963422,1.127447485923767,11.01156997680664
s4,297,median_mad,87232,66903,69830,49930,0.7150221967635687,8561,6080,0.7101974068449948,8841,6310,0.7137201674018776,1.1248639822006226,10.940807342529297
s4,298,median_mad,88070,67430,70442,50216,0.7128701626870333,8746,6199,0.7087811571003888,8882,6360,0.7160549425804998,1.117739200592041,10.957083702087402
s4,299,median_mad,87565,67323,70140,50201,0.7157256914741945,8768,6181,0.7049498175182481,8657,6192,0.7152593277116784,1.1226779222488403,10.817079544067383
s4,300,median_mad,88077,67565,70585,50435,0.714528582560034,8708,6210,0.7131373449701424,8784,6349,0.7227914389799636,1.120436668395996,10.739279747009277
s4,301,median_mad,88243,67653,70579,50403,0.7141359327845394,8784,6295,0.716643897996357,8880,6343,0.7143018018018018,1.1222213506698608,10.629914283752441
s4,302,median_mad,87683,67072,70297,50086,0.7124912869681495,8812,6303,0.7152746255106672,8574,6140,0.7161184977839982,1.116211175918579,11.088088035583496
s4,303,median_mad,87453,66830,70146,49932,0.7118296125224531,8732,6200,0.7100320659642694,8575,6036,0.7039067055393586,1.1089842319488525,11.211309432983398
s4,304,median_mad,87208,66886,69555,49654,0.7138811012867515,8691,6208,0.7143021516511333,8962,6405,0.7146842222718143,1.1041935682296753,10.870931625366211
s4,305,median_mad,87268,66884,69871,49835,0.7132429763421162,8816,6224,0.705989110707804,8581,6195,0.7219438293905139,1.1092784404754639,10.725099563598633
s4,306,median_mad,88382,67632,70795,50444,0.7125361960590437,8755,6248,0.7136493432324386,8832,6285,0.7116168478260869,1.1037063598632812,10.958173751831055
s4,307,median_mad,87925,67164,70211,49919,0.7109854581190982,8857,6302,0.7115276052839562,8857,6313,0.7127695607993677,1.1061091423034668,10.774380683898926
s4,308,median_mad,88036,67334,70461,50155,0.7118122081718965,8729,6218,0.7123381830679345,8846,6341,0.7168211621071671,1.1050442457199097,10.474266052246094
s4,309,median_mad,87342,66931,69991,49931,0.713391721792802,8739,6215,0.7111797688522714,8612,6169,0.7163260566651184,1.1075905561447144,10.885424613952637
s4,310,median_mad,87577,67182,70112,50122,0.7148847558192606,8684,6220,0.7162597881160755,8781,6277,0.7148388566222525,1.1137276887893677,10.7249116897583
s4,311,median_mad,87955,67236,70414,49842,0.7078421904734854,8709,6209,0.7129406361235503,8832,6301,0.7134284420289855,1.1062349081039429,11.467040061950684
s4,312,median_mad,87861,67221,70429,50101,0.7113688963353164,8658,6210,0.7172557172557172,8774,6331,0.7215637109642125,1.102268099784851,10.690169334411621
s4,313,median_mad,87852,67185,70316,50095,0.7124267592013197,8718,6206,0.7118605184675384,8818,6241,0.7077568609662055,1.1002233028411865,10.69532585144043
s4,314,median_mad,87980,67576,70555,50388,0.7141662532775849,8695,6283,0.7225991949396204,8730,6192,0.709278350515464,1.1017954349517822,10.871431350708008
s4,315,median_mad,87651,67085,70475,50191,0.7121816246896062,8623,6162,0.7146004870694653,8553,6124,0.7160060797381036,1.0996966361999512,11.133849143981934
s4,316,median_mad,87758,67036,70206,49856,0.7101387345810899,8719,6217,0.7130404862942998,8833,6314,0.7148194271481942,1.1026432514190674,10.769943237304688
s4,317,median_mad,88014,67620,70599,50523,0.7156333659116985,8590,6111,0.7114086146682188,8825,6312,0.7152407932011331,1.1065236330032349,10.984207153320312
s4,318,median_mad,87480,67298,69994,50134,0.7162613938337572,8721,6274,0.7194129113633757,8765,6280,0.7164860239589276,1.0975568294525146,10.89389419555664
s4,319,median_mad,87884,67248,70436,50199,0.7126895337611449,8785,6208,0.706659077973819,8663,6159,0.7109546346531225,1.1017160415649414,10.690606117248535
s4,320,median_mad,88122,67426,70417,50315,0.7145291619921326,8757,6217,0.7099463286513646,8948,6327,0.7070853822083147,1.1077865362167358,10.913479804992676
s4,321,median_mad,87760,67248,70106,49988,0.7130345476849342,8826,6339,0.7182188987083616,8828,6374,0.722020842772995,1.1020169258117676,10.756850242614746
s4,322,median_mad,88105,67578,70432,50360,0.7150159018627896,8798,6334,0.7199363491702659,8875,6345,0.7149295774647887,1.1047844886779785,10.64439868927002
s4,323,median_mad,87410,67127,69882,50035,0.7159926733636702,8797,6317,0.7180857110378538,8731,6247,0.7154965067002634,1.1004594564437866,10.804198265075684
s4,324,median_mad,87841,67100,70129,49913,0.7117312381468437,8849,6299,0.7118318454062605,8863,6347,0.7161232088457633,1.1015745401382446,10.75158405303955
s4,325,median_mad,87892,67193,70268,50151,0.7137103660272102,8750,6220,0.7108571428571429,8874,6269,0.7064457967094884,1.0957573652267456,10.697501182556152
s4,326,median_mad,87757,67089,70163,49989,0.7124695352251187,8719,6113,0.7011125129028558,8875,6338,0.7141408450704225,1.0975127220153809,10.829462051391602
s4,327,median_mad,87429,66922,69845,49867,0.7139666404180686,8695,6125,0.7044278320874066,8889,6307,0.7095286308921138,1.0920864343643188,10.661310195922852
s4,328,median_mad,88023,67312,70544,50354,0.7137956452710366,8718,6226,0.714154622619867,8761,6277,0.7164707225202602,1.0952876806259155,10.61882495880127
s4,329,median_mad,87689,67229,70150,50101,0.7141981468282252,8794,6301,0.716511257675688,8745,6280,0.7181246426529445,1.0891579389572144,10.826644897460938
s4,330,median_mad,88063,67472,70321,50177,0.7135421851225097,8927,6408,0.7178223367312647,8815,6306,0.7153715258082813,1.0925931930541992,10.762364387512207
s4,331,median_mad,87348,66770,70127,49940,0.7121365522551941,8476,6011,0.7091788579518641,8745,6221,0.7113779302458548,1.0924431085586548,10.765799522399902
s4,332,median_mad,88385,67553,70646,50175,0.7102312940576961,8947,6348,0.7095115681233933,8792,6290,0.7154231119199272,1.1003345251083374,11.071414947509766
s4,333,median_mad,87454,67043,69885,49964,0.714945982685841,8772,6259,0.7135202918376653,8797,6301,0.7162669091735819,1.0954951047897339,10.969353675842285
s4,334,median_mad,87557,66702,70035,49865,0.7120011422859999,8828,6260,0.7091073855913004,8694,6187,0.7116402116402116,1.0922447443008423,10.851482391357422
s4,335,median_mad,88091,67529,70572,50453,0.7149152638440175,8659,6126,0.7074719944566347,8860,6312,0.7124153498871332,1.094907522201538,10.9401216506958
s4,336,median_mad,88010,67327,70376,50163,0.712785608730249,8972,6418,0.7153366027641551,8662,6100,0.704225352112676,1.0989896059036255,10.727898597717285
s4,337,median_mad,87446,67001,69811,49914,0.7149876094025297,8730,6126,0.7017182130584192,8905,6338,0.711734980348119,1.1032636165618896,10.93694019317627
s4,338,median_mad,87313,66884,69706,49866,0.7153760078042063,8806,6244,0.7090620031796503,8801,6190,0.7033291671400977,1.0991504192352295,10.763623237609863
s4,339,median_mad,88083,67389,70419,50201,0.7128899870773513,8802,6238,0.7087025675982731,8862,6292,0.7099977431730986,1.0992000102996826,10.992737770080566
s4,340,median_mad,87935,67094,70535,50155,0.7110654285106685,8757,6210,0.7091469681397738,8643,6151,0.7116741872035173,1.1041052341461182,10.868931770324707
s4,341,median_mad,87272,66758,69734,49736,0.7132245389623426,8776,6177,0.7038514129443938,8762,6263,0.7147911435745263,1.0994755029678345,10.608620643615723
s4,342,median_mad,87450,66854,70110,49925,0.7120952788475253,8651,6150,0.7109004739336493,8689,6217,0.7155023593048683,1.0980079174041748,10.821877479553223
s4,343,median_mad,87531,67296,69896,50237,0.718739269772233,8792,6179,0.7027979981801638,8843,6192,0.7002148592106751,1.1003477573394775,11.036140441894531
s4,344,median_mad,87900,67461,70466,50420,0.7155223795873187,8730,6263,0.7174112256586483,8704,6304,0.7242647058823529,1.1056820154190063,10.814812660217285
s4,345,median_mad,87548,67060,70051,50025,0.7141225678434283,8746,6225,0.7117539446604162,8751,6199,0.708376185578791,1.100954532623291,10.71534252166748
s4,346,median_mad,88457,67420,70699,50141,0.7092179521633969,8957,6411,0.7157530423132745,8801,6309,0.7168503579138734,1.1018787622451782,11.088244438171387
s4,347,median_mad,87767,67340,70027,49876,0.7122395647393148,8925,6419,0.7192156862745098,8815,6409,0.727056154282473,1.099719762802124,10.621942520141602
s4,348,median_mad,88112,67510,70507,50347,0.7140709433105933,8693,6191,0.7121822155757506,8912,6395,0.7175718132854578,1.0888601541519165,10.542961120605469
s4,349,median_mad,87787,67266,70375,50310,0.7148845470692717,8609,6119,0.7107678011383436,8803,6278,0.7131659661479042,1.1026461124420166,10.826716423034668
s4,350,median_mad,88144,67414,70632,50228,0.7111224374221317,8626,6139,0.7116856016693717,8886,6272,0.7058293945532298,1.0986037254333496,10.750885963439941
s4,351,median_mad,87116,66580,69932,49634,0.7097466109935365,8528,6041,0.7083724202626641,8656,6141,0.7094500924214417,1.102466106414795,10.712148666381836
s4,352,median_mad,87810,67293,70283,50160,0.7136860976338517,8761,6224,0.7104211847962562,8766,6191,0.7062514259639516,1.0979228019714355,11.072380065917969
s4,353,median_mad,87581,66864,69866,49660,0.7107892250880257,8872,6286,0.7085211902614968,8843,6277,0.709826981793509,1.0999226570129395,10.781002044677734
s4,354,median_mad,87625,66962,70157,49841,0.7104209130949157,8675,6153,0.7092795389048991,8793,6293,0.7156829296030933,1.099647879600525,10.851423263549805
s4,355,median_mad,87388,67043,69880,49969,0.7150686891814539,8818,6259,0.7097981401678385,8690,6201,0.713578826237054,1.0974044799804688,10.927306175231934
s4,356,median_mad,87896,67373,70249,50087,0.7129923557630714,8761,6266,0.7152151580869763,8886,6309,0.7099932478055369,1.1038514375686646,11.1414794921875
s4,357,median_mad,87422,67029,69930,49912,0.7137423137423138,8757,6284,0.7175973506908758,8735,6276,0.7184888380080138,1.0943974256515503,10.156661033630371
s4,358,median_mad,87727,67126,70176,50025,0.7128505471956225,8866,6275,0.7077599819535303,8685,6153,0.7084628670120898,1.1031540632247925,10.737903594970703
s4,359,median_mad,87169,66549,69733,49528,0.7102519610514391,8653,6163,0.712238529989599,8783,6238,0.7102356825685985,1.1060771942138672,10.664643287658691
s4,360,median_mad,87650,66972,70143,49967,0.7123590379652994,8745,6200,0.7089765580331618,8762,6243,0.7125085596895686,1.1072108745574951,10.800572395324707
s4,361,median_mad,88326,67410,70782,50325,0.7109858438586081,8783,6243,0.7108049641352613,8761,6215,0.7093939048053876,1.1037240028381348,11.066554069519043
s4,362,median_mad,87434,67048,70011,50036,0.7146876919341246,8630,6167,0.7146002317497103,8793,6287,0.7150005686341407,1.1047273874282837,10.724469184875488
s4,363,median_mad,88161,67335,70376,49986,0.7102705467773105,8722,6195,0.7102728731942215,9063,6445,0.7111331788590974,1.1002578735351562,10.900464057922363
s4,364,median_mad,87587,66962,70169,49994,0.7124798700280751,8740,6223,0.7120137299771166,8678,6111,0.7041945148651763,1.105431318283081,11.035399436950684
s4,365,median_mad,87486,66937,70063,49931,0.7126586072534719,8583,6138,0.7151345683327508,8840,6359,0.7193438914027149,1.1026502847671509,10.584712982177734
s4,366,median_mad,87903,67524,70235,50198,0.7147148857407276,8767,6262,0.7142694194137105,8901,6353,0.7137400292102011,1.105974793434143,10.715241432189941
s4,367,median_mad,87952,67153,70523,50115,0.710619230605618,8709,6206,0.7125961648868986,8720,6191,0.7099770642201835,1.1047608852386475,10.962421417236328
s4,368,median_mad,87412,66798,69898,49682,0.7107785630490143,8859,6332,0.7147533581668359,8655,6176,0.713575967648758,1.104193925857544,10.531261444091797
s4,369,median_mad,87854,67279,70289,50073,0.7123874290429513,8863,6326,0.7137538079657001,8702,6279,0.721558262468398,1.1067098379135132,10.696215629577637
s4,370,median_mad,87032,66596,69717,49728,0.7132837041180774,8615,6106,0.7087637840975044,8700,6207,0.7134482758620689,1.1064025163650513,10.667878150939941
s4,371,median_mad,88093,67462,70579,50411,0.7142492809475907,8711,6196,0.7112845827115142,8803,6277,0.713052368510735,1.1040937900543213,10.651354789733887
s4,372,median_mad,87829,67027,70290,49977,0.71101152368758,8815,6270,0.711287577992059,8724,6179,0.708276020174232,1.1085537672042847,10.974676132202148
s4,373,median_mad,87430,66987,69816,49837,0.7138335052137046,8683,6147,0.7079350454911897,8931,6348,0.7107826671145449,1.1002660989761353,10.936650276184082
s4,374,median_mad,86972,66476,69658,49425,0.7095380286542824,8657,6257,0.7227677024373339,8657,6175,0.7132955989372762,1.107970952987671,10.787178993225098
s4,375,median_mad,87914,67307,70382,50253,0.7140035804609133,8756,6202,0.70831429876656,8776,6224,0.7092069279854147,1.1090977191925049,10.865509033203125
s4,376,median_mad,87435,66777,69824,49663,0.7112597387717691,8843,6222,0.70360737306344,8768,6175,0.7042655109489051,1.1080130338668823,10.917963027954102
s4,377,median_mad,87588,66995,70090,49893,0.7118419175345984,8947,6344,0.7090644908908014,8551,6097,0.7130160215179511,1.1086698770523071,10.973651885986328
s4,378,median_mad,87541,66777,69943,49812,0.7121799179331741,8740,6169,0.7058352402745995,8858,6267,0.7074960487694739,1.1110807657241821,11.003620147705078
s4,379,median_mad,87565,67062,70166,50086,0.7138215089929596,8722,6227,0.7139417564778721,8677,6155,0.7093465483462026,1.116955280303955,10.674660682678223
s4,380,median_mad,87074,66687,69581,49545,0.7120478291487619,8758,6281,0.7171728705183832,8735,6187,0.7082999427590154,1.1092653274536133,10.70875072479248
s4,381,median_mad,87929,67283,70391,50037,0.7108437158159424,8767,6217,0.7091365347325197,8771,6271,0.7149697867974005,1.1049280166625977,10.806915283203125
s4,382,median_mad,87795,67384,70361,50192,0.713349724989696,8629,6213,0.7200139065940433,8805,6250,0.7098239636570131,1.1023762226104736,10.836727142333984
s4,383,median_mad,87745,67235,70273,50090,0.7127915415593471,8764,6284,0.7170241898676404,8708,6217,0.7139412034910427,1.1075447797775269,10.751490592956543
s4,384,median_mad,88322,67772,70698,50652,0.7164559110583043,8826,6291,0.7127804214819851,8798,6324,0.7187997272107297,1.1004525423049927,10.574699401855469
s4,385,median_mad,88195,67697,70604,50452,0.7145770777859611,8754,6258,0.7148732008224812,8837,6291,0.7118931764173362,1.1078921556472778,10.879617691040039
s4,386,median_mad,87811,67318,70243,50139,0.7137935452642968,8691,6185,0.711655735818663,8877,6353,0.715669708234764,1.1056944131851196,10.665075302124023
s4,387,median_mad,87732,67208,70420,50259,0.7137034933257598,8764,6261,0.7143998174349612,8548,6104,0.71408516612073,1.0972318649291992,10.509723663330078
s4,388,median_mad,88204,67542,70644,50382,0.7131815865466281,8792,6253,0.7112147406733395,8768,6334,0.7223996350364964,1.0936808586120605,10.798046112060547
s4,389,median_mad,87291,66722,70034,49766,0.7105977096838678,8504,6090,0.7161335841956726,8753,6198,0.7081000799725808,1.0991392135620117,10.692033767700195
s4,390,median_mad,87914,67323,70439,50093,0.711154332117151,8810,6311,0.7163450624290579,8665,6154,0.7102135025966532,1.1125357151031494,10.815468788146973
s4,391,median_mad,87672,67162,70036,49776,0.7107202010394654,8860,6311,0.7123024830699775,8776,6307,0.7186645396536008,1.1026182174682617,10.728564262390137
s4,392,median_mad,88125,67388,70749,50212,0.7097202787318548,8692,6227,0.716405890473999,8684,6148,0.7079686780285582,1.1032302379608154,10.899468421936035
s4,393,median_mad,87639,67064,70053,49863,0.7117896449830843,8787,6202,0.7058154091271196,8799,6258,0.711217183770883,1.1030681133270264,10.847249984741211
s4,394,median_mad,88022,67326,70625,50190,0.7106548672566372,8699,6159,0.7080124152201402,8698,6180,0.7105081627960451,1.0968215465545654,10.909886360168457
s4,395,median_mad,87535,67046,69940,49738,0.7111524163568773,8775,6216,0.7083760683760684,8820,6296,0.7138321995464852,1.1041851043701172,11.108816146850586
s4,396,median_mad,88051,67469,70329,50070,0.7119395981742951,8851,6378,0.7205965427635296,8871,6278,0.7076992447300192,1.1001290082931519,10.803496360778809
s4,397,median_mad,87668,67336,70309,50053,0.7119003257051018,8621,6133,0.7114023895139775,8738,6146,0.7033646143282216,1.0988819599151611,11.511604309082031
s4,398,median_mad,88143,67617,70357,50163,0.7129780974174567,8994,6363,0.7074716477651768,8792,6232,0.7088262056414922,1.0957719087600708,10.760293960571289
s4,399,median_mad,87618,66972,70110,49889,0.7115818000285266,8697,6164,0.7087501437277222,8811,6211,0.7049143116558847,1.09573495388031,10.832365989685059
s4,400,median_mad,87998,67482,70437,50271,0.7137016056901913,8771,6282,0.7162239197354919,8790,6227,0.7084186575654152,1.0932669639587402,10.988368034362793
s4,401,median_mad,87488,66927,69992,49764,0.7109955423476969,8723,6154,0.705491230081394,8773,6239,0.7111592385728941,1.1011371612548828,10.870282173156738
s4,402,median_mad,88073,67383,70485,50148,0.711470525643754,8630,6137,0.7111239860950174,8958,6346,0.7084170573788792,1.093590497970581,11.072237968444824
s4,403,median_mad,87273,66897,69777,49740,0.7128423405993379,8717,6206,0.7119421819433291,8779,6318,0.7196719444128032,1.1010596752166748,10.610857963562012
s4,404,median_mad,87983,67558,70320,50266,0.7148179749715586,8815,6283,0.7127623369256948,8848,6328,0.7151898734177216,1.0994590520858765,10.69465160369873
s4,405,median_mad,87586,67091,70105,50004,0.7132729477212753,8703,6186,0.7107893829713892,8778,6245,0.7114376851218956,1.0933929681777954,10.862857818603516
s4,406,median_mad,87266,66732,69766,49619,0.7112203652208813,8885,6314,0.7106359032076534,8615,6095,0.7074869413813116,1.0934970378875732,11.173588752746582
s4,407,median_mad,87494,67134,70084,50187,0.716097825466583,8798,6264,0.7119799954535122,8612,6156,0.7148165350673479,1.0964970588684082,10.780579566955566
s4,408,median_mad,87927,67296,70263,50083,0.7127933620824616,8764,6263,0.714628023733455,8900,6312,0.7092134831460675,1.090043306350708,10.746700286865234
s4,409,median_mad,87630,67001,70040,49830,0.7114505996573387,8798,6246,0.7099340759263469,8792,6252,0.7111010009099181,1.0903675556182861,10.716092109680176
s4,410,median_mad,87824,67248,70508,50247,0.712642537017076,8659,6191,0.7149786349462987,8657,6176,0.713411112394594,1.0953166484832764,10.825079917907715
s4,411,median_mad,87954,67346,70328,50085,0.712163007621431,8864,6316,0.7125451263537906,8762,6230,0.7110248801643461,1.0916471481323242,10.85281753540039
s4,412,median_mad,87460,67017,69788,49818,0.7138476528916146,8868,6351,0.7161705006765899,8804,6260,0.7110404361653794,1.0912739038467407,10.839167594909668
s4,413,median_mad,87957,67325,70198,50110,0.7138380010826519,8912,6307,0.707697486535009,8847,6302,0.7123318639086696,1.0890158414840698,10.798192977905273
s4,414,median_mad,87437,67072,70061,50047,0.7143346512324974,8677,6142,0.7078483346778841,8699,6298,0.723991263363605,1.0908598899841309,10.686817169189453
s4,415,median_mad,87957,67403,70365,50340,0.7154124920059689,8754,6238,0.7125885309572767,8838,6302,0.7130572527721204,1.081233263015747,10.434368133544922
s4,416,median_mad,88319,67631,70712,50559,0.7149988686502998,8802,6245,0.7094978413996819,8805,6345,0.7206132879045997,1.0836299657821655,10.76182746887207
s4,417,median_mad,87760,67360,70370,50278,0.714480602529487,8743,6227,0.7122269243966601,8647,6174,0.7140048571758991,1.0906476974487305,10.826006889343262
s4,418,median_mad,87771,67267,70053,50015,0.7139594307167431,8848,6299,0.7119122965641953,8870,6310,0.7113866967305524,1.0907758474349976,11.085637092590332
s4,419,median_mad,87793,67161,70250,50153,0.7139217081850534,8782,6246,0.7112275108175814,8761,6187,0.706197922611574,1.0936390161514282,10.709803581237793
s4,420,median_mad,87882,67325,70294,50086,0.7125216945969784,8746,6290,0.7191859135604848,8842,6294,0.7118299027369374,1.0954833030700684,10.75851821899414
s4,421,median_mad,87941,67145,70450,50234,0.7130447125621008,8765,6175,0.7045065601825442,8726,6140,0.7036442814577126,1.0851166248321533,10.761655807495117
s4,422,median_mad,87825,67244,70190,50167,0.7147314432255307,8783,6205,0.7064784242286235,8852,6297,0.7113646633529146,1.092315912246704,10.897677421569824
s4,423,median_mad,87780,67008,70205,50048,0.7128836977423261,8791,6195,0.7046979865771812,8784,6294,0.7165300546448088,1.091785192489624,10.63904857635498
s4,424,median_mad,88304,67554,70713,50348,0.7120048647349144,8780,6307,0.7183371298405467,8811,6271,0.7117239813869027,1.0873420238494873,10.845132827758789
s4,425,median_mad,87723,67245,69953,49953,0.7140937486598145,8882,6346,0.7144787210087818,8888,6332,0.7124212421242124,1.0892645120620728,10.908305168151855
s4,426,median_mad,87840,67210,70149,50022,0.713082153701407,8766,6303,0.7190280629705681,8925,6380,0.7148459383753502,1.095573902130127,10.366726875305176
s4,427,median_mad,88146,67619,70507,50449,0.715517608180748,8756,6257,0.7145957058017359,8883,6378,0.7180006754474839,1.0871847867965698,10.835220336914062
s4,428,median_mad,88108,67471,70335,50173,0.7133432857041302,8836,6319,0.715142598460842,8937,6415,0.7178023945395546,1.0876779556274414,11.065340042114258
s4,429,median_mad,87044,66448,69573,49628,0.7133226970232706,8839,6217,0.7033601086095712,8632,6133,0.7104958294717331,1.0932092666625977,10.798770904541016
s4,430,median_mad,88020,67365,70418,50142,0.7120622568093385,8804,6225,0.7070649704679691,8798,6369,0.7239145260286429,1.0982478857040405,11.008352279663086
s4,431,median_mad,88012,67593,70322,50207,0.7139586473649783,8937,6374,0.7132147252993174,8753,6266,0.7158688449674397,1.0980583429336548,10.71677017211914
s4,432,median_mad,87880,67162,70173,50018,0.7127812691491029,8930,6358,0.7119820828667414,8777,6216,0.7082146519311838,1.0978237390518188,10.957294464111328
s4,433,median_mad,87931,67139,70299,49933,0.710294598785189,8875,6281,0.707718309859155,8757,6209,0.7090327737809752,1.095955491065979,11.152013778686523
s4,434,median_mad,88363,67581,70678,50272,0.7112821528622768,8872,6353,0.71607303877367,8813,6222,0.706002496312266,1.1004761457443237,11.005423545837402
s4,435,median_mad,87685,67322,69925,50117,0.7167250625670362,8914,6373,0.7149427866277765,8846,6247,0.7061948903459191,1.097409963607788,10.79628849029541
s4,436,median_mad,88472,67946,70615,50588,0.7163917014798555,9052,6449,0.712439239946973,8805,6317,0.7174332765474163,1.0969994068145752,10.815614700317383
s4,437,median_mad,88436,67632,70751,50452,0.7130923944537887,8866,6311,0.7118204376268893,8819,6313,0.7158407982764485,1.1044347286224365,10.671236038208008
s4,438,median_mad,87361,66781,69714,49703,0.7129557908024213,8752,6247,0.7137797074954296,8895,6359,0.7148960089938168,1.1003227233886719,10.37778377532959
s4,439,median_mad,87943,67544,70246,50282,0.7157987643424537,8864,6342,0.7154783393501805,8833,6236,0.7059889052417072,1.0981197357177734,10.801900863647461
s4,440,median_mad,87343,67178,69823,50057,0.7169127651346977,8776,6263,0.7136508659981768,8744,6263,0.7162625800548947,1.1052536964416504,10.793206214904785
s4,441,median_mad,87421,66942,69850,49836,0.7134717251252685,8840,6293,0.7118778280542987,8731,6224,0.7128622150956362,1.0995367765426636,10.601593017578125
s4,442,median_mad,87991,67308,70321,50159,0.7132862160663245,8859,6260,0.7066260300259622,8811,6208,0.7045738281693338,1.1106817722320557,11.056459426879883
s4,443,median_mad,87868,67567,70211,50425,0.7181923060489097,8814,6319,0.7169276151577036,8843,6232,0.7047382110143616,1.103503942489624,10.376800537109375
s4,444,median_mad,87941,67275,70439,50179,0.7123752466673292,8790,6178,0.7028441410693971,8712,6195,0.7110881542699724,1.1062389612197876,10.68221664428711
s4,445,median_mad,88325,67529,70647,50280,0.7117075035033334,8889,6303,0.7090786365170435,8789,6334,0.7206735692342701,1.101178526878357,10.5851469039917
s4,446,median_mad,87596,67051,69929,49761,0.7115931873757668,8771,6320,0.7205563789761714,8896,6309,0.7091951438848921,1.0946714878082275,10.852010726928711
s4,447,median_mad,87901,67176,70459,50201,0.7124852751245405,8793,6302,0.7167064710565222,8649,6108,0.7062088102670829,1.0943341255187988,10.728361129760742
s4,448,median_mad,88245,67599,70557,50393,0.7142168743002112,8815,6257,0.7098128190584232,8873,6350,0.715654231939592,1.099556565284729,10.74633502960205
s4,449,median_mad,88110,67330,70445,50168,0.7121584214635531,8935,6346,0.7102406267487409,8730,6226,0.7131729667812142,1.0949313640594482,10.756681442260742
s4,450,median_mad,87700,67352,69938,50040,0.7154908633360977,8925,6381,0.7149579831932773,8837,6246,0.7068009505488287,1.0992907285690308,11.085820198059082
s4,451,median_mad,88278,67704,70688,50469,0.7139684246265279,8892,6319,0.7106387764282501,8698,6158,0.7079788457116578,1.0990686416625977,10.724538803100586
s4,452,median_mad,87841,67168,70359,50195,0.7134126408846061,8760,6214,0.7093607305936073,8722,6318,0.7243751433157533,1.087739109992981,10.758931159973145
s4,453,median_mad,87726,67219,70160,50105,0.7141533637400228,8787,6300,0.7169682485489929,8779,6247,0.7115844629228841,1.0960508584976196,10.63818645477295
s4,454,median_mad,87477,66921,70106,49952,0.7125210395686532,8642,6129,0.7092108308261976,8729,6167,0.706495589414595,1.0967837572097778,10.839442253112793
s4,455,median_mad,88290,67478,70640,50403,0.7135192525481314,8759,6268,0.7156068044297295,8891,6304,0.709031604993814,1.0947015285491943,10.748149871826172
s4,456,median_mad,87862,67259,70319,50103,0.7125101323966495,8773,6227,0.7097914054485353,8770,6315,0.7200684150513113,1.0911720991134644,10.985089302062988
s4,457,median_mad,88065,67334,70469,50262,0.7132497977834225,8732,6150,0.7043060009161705,8864,6311,0.711981046931408,1.0951054096221924,11.044988632202148
s4,458,median_mad,87988,67438,70239,50261,0.7155711214567405,8843,6291,0.7114101549247993,8906,6312,0.7087356838086684,1.0930628776550293,10.846379280090332
s4,459,median_mad,87766,67087,69967,49897,0.7131504852287507,8840,6233,0.7050904977375566,8959,6388,0.7130260073668936,1.0959888696670532,10.769208908081055
s4,460,median_mad,87577,67095,69958,49855,0.7126418708367878,8743,6197,0.7087956079149034,8876,6315,0.7114691302388463,1.1000696420669556,10.99818229675293
s4,461,median_mad,88167,67515,70613,50255,0.7116961466019005,8798,6330,0.7194817003864514,8756,6235,0.7120831429876656,1.0939558744430542,10.86536979675293
s4,462,median_mad,87517,67159,70128,50262,0.7167180013689254,8603,6085,0.7073114029989539,8786,6225,0.7085135442749829,1.089353084564209,10.813770294189453
s4,463,median_mad,87669,67074,70012,49786,0.7111066674284409,8883,6358,0.7157491838342902,8774,6262,0.713699566902211,1.0970995426177979,10.871792793273926
s4,464,median_mad,88135,67565,70353,50161,0.7129902065299276,8942,6364,0.7116976067993738,8840,6300,0.7126696832579186,1.0931793451309204,10.89272689819336
s4,465,median_mad,88011,67385,70379,50150,0.7125705110899558,8923,6342,0.7107475064440211,8709,6187,0.7104145137214376,1.093133568763733,10.732660293579102
s4,466,median_mad,88205,67344,70742,50204,0.7096774193548387,8748,6297,0.7198216735253772,8715,6184,0.7095811818703385,1.0954079627990723,10.751862525939941
s4,467,median_mad,87707,67197,70069,49965,0.7130828183647547,8871,6315,0.7118701386540413,8767,6288,0.7172350861183986,1.0977036952972412,10.786150932312012
s4,468,median_mad,87799,67190,70074,49968,0.7130747495504752,9010,6348,0.7045504994450611,8715,6128,0.7031554790590935,1.0930650234222412,10.928933143615723
s4,469,median_mad,87906,67413,70340,50247,0.7143446118851293,8751,6234,0.7123757284881728,8815,6316,0.716505955757232,1.0871188640594482,10.604691505432129
s4,470,median_mad,87471,66963,70066,49904,0.7122427425570177,8694,6252,0.7191166321601105,8711,6232,0.7154172884858225,1.089905858039856,10.816500663757324
s4,471,median_mad,87871,67153,70289,49916,0.7101537936234689,8768,6346,0.7237682481751825,8814,6199,0.703312911277513,1.1014448404312134,10.778158187866211
s4,472,median_mad,87872,67234,70284,50047,0.7120681805247282,8842,6309,0.7135263515041845,8746,6271,0.7170134918820033,1.1019402742385864,10.731490135192871
s4,473,median_mad,87773,67028,70291,50049,0.7120257216428846,8749,6249,0.7142530574922848,8733,6192,0.7090346959807626,1.0991871356964111,10.806145668029785
s4,474,median_mad,87686,67020,70097,49896,0.71181362968458,8926,6382,0.7149899170961237,8663,6136,0.7082996652429874,1.1050357818603516,10.871977806091309
s4,475,median_mad,87803,67143,70057,49941,0.7128623834877315,8980,6414,0.7142538975501114,8766,6246,0.7125256673511293,1.0989665985107422,10.675460815429688
s4,476,median_mad,88079,67518,70523,50374,0.7142917913304879,8755,6254,0.714334665905197,8801,6288,0.7144642654243836,1.1072590351104736,10.675692558288574
s4,477,median_mad,88048,67200,70525,50153,0.7111378943637008,8740,6236,0.7135011441647597,8783,6223,0.7085278378686098,1.11018705368042,11.043697357177734
s4,478,median_mad,87837,67431,70316,50256,0.7147164230047215,8788,6295,0.7163177059626764,8733,6194,0.7092637123554334,1.1126593351364136,11.036080360412598
s4,479,median_mad,88258,67488,70642,50328,0.7124373602106395,8868,6318,0.7124492557510149,8748,6263,0.7159350708733425,1.1171848773956299,10.907777786254883
s4,480,median_mad,87636,67223,70155,50178,0.715244815052384,8854,6303,0.7118816354190196,8627,6153,0.7132259186275646,1.1142011880874634,10.885737419128418
s4,481,median_mad,87726,67155,70178,50094,0.713813445809228,8799,6221,0.707012160472781,8749,6216,0.710481197851183,1.1207889318466187,10.980175018310547
s4,482,median_mad,87479,66932,69982,49850,0.712326026692578,8762,6232,0.7112531385528418,8735,6196,0.7093302804808242,1.1137824058532715,10.890395164489746
s4,483,median_mad,87606,67189,69960,50020,0.7149799885648942,8858,6344,0.7161887559268458,8788,6318,0.7189349112426036,1.1237828731536865,10.762662887573242
s4,484,median_mad,87647,67206,70259,50162,0.7139583540898675,8813,6358,0.7214342448655395,8575,6109,0.7124198250728863,1.129257082939148,11.152262687683105
s4,485,median_mad,88492,67964,70787,50643,0.7154279740630342,8869,6377,0.7190213101815311,8836,6333,0.716727025803531,1.116584062576294,11.065279960632324
s4,486,median_mad,87830,67189,70370,50260,0.7142248117095353,8720,6153,0.7056192660550459,8740,6254,0.7155606407322654,1.1246625185012817,10.746088981628418
s4,487,median_mad,87492,66731,69839,49582,0.7099471641919272,8812,6203,0.7039264639128461,8841,6285,0.7108924329826942,1.1184134483337402,10.874114990234375
s4,488,median_mad,87813,67202,70133,50076,0.7140148004505725,8937,6363,0.7119838872104733,8743,6201,0.7092531167791376,1.1159995794296265,10.590973854064941
s4,489,median_mad,87767,67371,70245,50312,0.7162360310342373,8769,6259,0.7137643973087011,8753,6324,0.7224951445218782,1.1136062145233154,11.27160930633545
s4,490,median_mad,87422,66924,70001,49969,0.7138326595334352,8793,6249,0.7106789491641078,8628,6163,0.7143022716736208,1.117901086807251,10.469943046569824
s4,491,median_mad,88238,67678,70620,50459,0.7145143018974794,8711,6220,0.7140397198943864,8907,6402,0.7187605254294375,1.1146092414855957,10.974411010742188
s4,492,median_mad,87986,67551,70306,50285,0.7152305635365402,8835,6338,0.7173740803621959,8845,6329,0.7155455059355568,1.111932396888733,10.965017318725586
s4,493,median_mad,87491,66704,69886,49655,0.7105142660904902,8748,6122,0.6998171010516689,8857,6315,0.712995370893079,1.1109064817428589,10.637240409851074
s4,494,median_mad,87979,67485,70582,50609,0.7170241704683914,8655,6148,0.7103408434430964,8742,6194,0.7085335163578128,1.1081734895706177,10.873104095458984
s4,495,median_mad,87554,67161,70102,50059,0.714088043137143,8790,6302,0.7169510807736064,8662,6132,0.7079196490417917,1.1128171682357788,10.80041217803955
s4,496,median_mad,87598,67044,70326,50183,0.7135767710377385,8539,6088,0.7129640473123317,8733,6216,0.7117828924768121,1.1060361862182617,10.96486759185791
s4,497,median_mad,87930,67296,70544,50343,0.7136397142209118,8590,6091,0.7090803259604191,8796,6328,0.7194179172351068,1.1019729375839233,11.027273178100586
s4,498,median_mad,87402,67071,70215,50210,0.7150893683685822,8577,6172,0.7195989273638801,8610,6174,0.7170731707317073,1.1048427820205688,10.729860305786133
s4,499,median_mad,87813,67136,70262,50084,0.7128177393185505,8812,6268,0.7113027689514299,8739,6225,0.7123240645382767,1.0974476337432861,10.604104042053223
s4,500,median_mad,87464,66921,69987,49880,0.7127037878463143,8770,6274,0.7153933865450399,8707,6221,0.7144826002067303,1.1075931787490845,10.635018348693848
s4,501,median_mad,87777,67118,70231,50045,0.712577067107118,8790,6260,0.7121729237770194,8756,6206,0.7087711283691183,1.0985167026519775,10.946123123168945
s4,502,median_mad,87516,67054,69895,49997,0.7153158308891909,8749,6240,0.7132243684992571,8872,6376,0.7186654643823264,1.1019396781921387,10.539073944091797
s4,503,median_mad,87631,67100,70017,50065,0.7150406329891312,8762,6260,0.7144487559917827,8852,6318,0.7137370085856304,1.0975158214569092,10.555079460144043
s4,504,median_mad,87937,67609,70446,50388,0.7152712716122988,8812,6320,0.7172038129822969,8679,6240,0.7189768406498445,1.0989779233932495,11.090054512023926
s4,505,median_mad,87966,67391,70250,50151,0.7138932384341637,8884,6376,0.7176947321026564,8832,6297,0.7129755434782609,1.1050282716751099,10.74223804473877
s4,506,median_mad,88184,67428,70381,50044,0.711044173853739,8921,6345,0.7112431341777827,8882,6334,0.7131276739473091,1.1078182458877563,11.188909530639648
s4,507,median_mad,87361,66760,69856,49758,0.7122938616582685,8702,6173,0.7093771546770857,8803,6274,0.7127115755992275,1.0991888046264648,10.739725112915039
s4,508,median_mad,88121,67474,70233,50160,0.7141941822220323,8949,6439,0.7195217342719857,8939,6385,0.7142857142857143,1.093883991241455,10.614377975463867
s4,509,median_mad,88034,67352,70380,50155,0.7126314293833476,8838,6312,0.7141887304820095,8816,6305,0.7151769509981851,1.0990359783172607,10.468976974487305
s4,510,median_mad,87849,67202,70127,50028,0.713391418426569,8965,6393,0.713106525376464,8757,6290,0.718282516843668,1.0976041555404663,10.732439994812012
s4,511,median_mad,87301,67105,69864,50135,0.7176084965075002,8614,6140,0.7127931274669144,8823,6322,0.7165363255128641,1.0997234582901,10.872418403625488
s4,512,median_mad,87761,67430,70094,50279,0.7173081861500271,8677,6245,0.7197187968191772,8990,6446,0.7170189098998888,1.105049967765808,10.989498138427734
s4,513,median_mad,87540,67197,69991,50059,0.7152205283536455,8860,6400,0.7223476297968398,8689,6288,0.7236736103118886,1.1025689840316772,10.477051734924316
s4,514,median_mad,87885,67372,70167,50138,0.7145524249290978,8906,6366,0.7147990119020885,8812,6336,0.7190195188379482,1.0969877243041992,10.63610553741455
s4,515,median_mad,87693,66976,70176,49894,0.710983812129503,8616,6186,0.717966573816156,8901,6373,0.7159869677564319,1.104884147644043,10.731576919555664
s4,516,median_mad,87477,67136,70043,50115,0.7154890567222991,8689,6237,0.7178041201519162,8745,6265,0.7164093767867353,1.0998296737670898,10.988297462463379
s4,517,median_mad,87310,66963,69863,49960,0.7151138657086011,8716,6221,0.7137448370812299,8731,6242,0.714923834612301,1.0979101657867432,10.793919563293457
s4,518,median_mad,87425,67050,70076,49948,0.7127689936640219,8745,6250,0.714694110920526,8604,6184,0.7187354718735471,1.1001477241516113,11.338587760925293
s4,519,median_mad,88148,67581,70787,50632,0.7152725782982751,8661,6172,0.7126197898626024,8700,6240,0.7172413793103448,1.0969994068145752,10.675729751586914
s4,520,median_mad,87391,66807,69903,49902,0.7138749409896571,8789,6312,0.7181704403231312,8699,6147,0.7066329463156684,1.0981981754302979,10.89842700958252
s4,521,median_mad,88044,67503,70344,50273,0.7146736040031844,8859,6285,0.7094480189637656,8841,6360,0.7193756362402444,1.0961674451828003,10.871438026428223
s4,522,median_mad,87350,66976,69814,49924,0.7151001231844616,8824,6328,0.7171350861287398,8712,6297,0.7227961432506887,1.0981131792068481,10.571352005004883
s4,523,median_mad,88554,67640,70611,50357,0.7131608389627678,8833,6213,0.7033850333974867,9110,6536,0.7174533479692645,1.0946717262268066,10.959118843078613
s4,524,median_mad,87979,67447,70214,50309,0.7165095280143561,8839,6239,0.7058490779499943,8926,6379,0.7146538203002465,1.0916681289672852,10.702707290649414
s4,525,median_mad,88190,67486,70533,50269,0.712701855868884,8814,6268,0.7111413660086227,8843,6342,0.7171774284744996,1.0912024974822998,10.876731872558594
s4,526,median_mad,87396,66973,69999,49998,0.7142673466763811,8685,6224,0.7166378814047207,8712,6158,0.7068411386593205,1.085094690322876,10.783093452453613
s4,527,median_mad,87507,67111,69942,50037,0.7154070515570043,8803,6252,0.7102124275815063,8762,6316,0.7208399908696644,1.0880078077316284,10.659868240356445
s4,528,median_mad,87267,66683,69653,49704,0.7135945328987984,8744,6174,0.7060841720036597,8870,6323,0.7128523111612176,1.093767523765564,10.91953182220459
s4,529,median_mad,87894,67133,70253,50006,0.711798784393549,8886,6330,0.712356515867657,8755,6285,0.7178754997144489,1.0898586511611938,10.429100036621094
s4,530,median_mad,87302,66895,69874,50028,0.7159744683287059,8846,6316,0.7139950260004522,8582,6130,0.7142857142857143,1.0962374210357666,10.690864562988281
s4,531,median_mad,87459,66889,69847,49683,0.7113118673672455,8840,6392,0.7230769230769231,8772,6297,0.7178522571819426,1.092172622680664,10.9282808303833
s4,532,median_mad,87806,67263,70228,50216,0.71504243321752,8838,6286,0.7112468884362978,8740,6202,0.7096109839816933,1.0969269275665283,10.968483924865723
s4,533,median_mad,87872,67069,70378,50155,0.7126516809230157,8738,6147,0.7034790569924468,8756,6264,0.7153951576062129,1.0911877155303955,10.625332832336426
s4,534,median_mad,88035,67267,70517,50283,0.7130620985010707,8732,6285,0.7197663765460376,8786,6252,0.7115866150694287,1.0925768613815308,10.793160438537598
s4,535,median_mad,87828,67122,70282,50166,0.7137816226060727,8681,6145,0.7078677571708328,8865,6352,0.7165256627185561,1.0919454097747803,10.979545593261719
s4,536,median_mad,88160,67671,70507,50455,0.7156027061142866,8821,6223,0.7054755696633035,8832,6316,0.7151268115942029,1.098918080329895,11.006882667541504
s4,537,median_mad,87570,66933,70225,50030,0.7124243503025988,8733,6193,0.709149204168098,8612,6127,0.7114491407338597,1.095791220664978,10.678760528564453
s4,538,median_mad,87604,67122,70080,50093,0.7147973744292238,8754,6327,0.7227553118574366,8770,6211,0.7082098061573546,1.0960593223571777,10.752622604370117
s4,539,median_mad,87807,67234,70127,49983,0.7127497254980251,8814,6254,0.7095529838892671,8866,6269,0.7070832393413039,1.1038744449615479,10.924981117248535
s4,540,median_mad,88060,67402,70533,50287,0.7129570555626444,8807,6335,0.7193141819007608,8720,6217,0.7129587155963303,1.0919866561889648,11.060853958129883
s4,541,median_mad,87555,67098,70054,50097,0.715119764752905,8782,6259,0.7127078114324755,8719,6221,0.7134992545016631,1.0920088291168213,10.629474639892578
s4,542,median_mad,87288,67131,69780,50004,0.7165950128976785,8746,6247,0.7142693802881317,8762,6305,0.7195845697329377,1.0978718996047974,10.858536720275879
s4,543,median_mad,87970,67393,70357,50273,0.7145415523686343,8843,6342,0.7171774284744996,8770,6324,0.7210946408209806,1.0942765474319458,10.884590148925781
s4,544,median_mad,87656,66859,70393,49910,0.7090193627207251,8579,6180,0.7203636787504372,8684,6189,0.7126900046061723,1.0993306636810303,10.848895072937012
s4,545,median_mad,87782,67241,70186,50180,0.7149573989114638,8849,6375,0.7204203864843485,8747,6150,0.7030982050988911,1.0985604524612427,10.368144989013672
s4,546,median_mad,87840,67576,70428,50534,0.7175271198954961,8688,6261,0.7206491712707183,8724,6256,0.7171022466758368,1.0988795757293701,10.687623023986816
s4,547,median_mad,87883,67393,70391,50241,0.7137418135841229,8680,6291,0.7247695852534562,8812,6249,0.7091466182478439,1.1036388874053955,10.844522476196289
s4,548,median_mad,87314,66760,69970,49600,0.7088752322423896,8706,6245,0.7173213875488169,8638,6206,0.7184533456818708,1.0970253944396973,10.889849662780762
s4,549,median_mad,87815,67097,70400,50040,0.7107954545454546,8682,6179,0.7117023727251786,8733,6245,0.7151036299095386,1.1069352626800537,10.890218734741211
s4,550,median_mad,88212,67519,70723,50462,0.7135161121558757,8828,6286,0.7120525600362483,8661,6093,0.7034984412885348,1.1079543828964233,10.850570678710938
s4,551,median_mad,87439,66975,70037,49976,0.7135656867084541,8762,6204,0.708057521113901,8640,6183,0.715625,1.1156158447265625,10.667747497558594
s4,552,median_mad,87987,67299,70315,50197,0.713887506222001,8787,6241,0.7102537839990896,8885,6394,0.7196398424310636,1.1119129657745361,10.875941276550293
s4,553,median_mad,87950,67259,70563,50186,0.7112225954111928,8720,6200,0.7110091743119266,8667,6154,0.7100496134764047,1.116196632385254,11.034234046936035
s4,554,median_mad,88035,67481,70204,50207,0.7151586804170702,8930,6332,0.7090705487122061,8901,6376,0.7163240085383665,1.1213258504867554,10.441652297973633
s4,555,median_mad,87848,67502,70082,50029,0.713863759595902,8911,6434,0.7220289529794636,8855,6323,0.714059853190288,1.1257070302963257,10.817922592163086
s4,556,median_mad,87178,66757,69779,49695,0.7121770160076814,8619,6109,0.7087829214526047,8780,6232,0.7097949886104784,1.1238607168197632,10.945144653320312
s4,557,median_mad,87828,67052,70176,49873,0.7106845645234838,8828,6262,0.709333937471681,8824,6258,0.7092021758839528,1.12359619140625,10.672830581665039
s4,558,median_mad,87777,67079,70276,50043,0.7120923217029996,8534,6133,0.7186547925943285,8967,6297,0.7022415523586484,1.1248137950897217,10.702201843261719
s4,559,median_mad,87600,67093,70225,50080,0.7131363474546102,8696,6213,0.7144664213431463,8679,6200,0.7143680147482429,1.12562894821167,10.916239738464355
s4,560,median_mad,87483,66934,70137,49874,0.7110940017394528,8734,6284,0.7194870620563316,8612,6181,0.7177194612169067,1.11939537525177,10.581625938415527
s4,561,median_mad,87964,67450,70222,50159,0.7142918173791689,8876,6310,0.7109058134294728,8866,6307,0.7113692758854049,1.1308026313781738,11.184202194213867
s4,562,median_mad,87773,67281,70109,50090,0.7144589139768075,8787,6326,0.7199271651303061,8877,6281,0.7075588599752168,1.1297026872634888,11.097211837768555
s4,563,median_mad,87860,67192,70157,49933,0.7117322576506977,8830,6271,0.7101925254813137,8873,6298,0.7097937563394567,1.127801537513733,11.083532333374023
s4,564,median_mad,87782,67026,69958,49626,0.709368478229795,9011,6429,0.7134613250471645,8813,6278,0.712356745716555,1.121830940246582,10.951087951660156
s4,565,median_mad,88119,67473,70451,50279,0.713673333238705,8894,6353,0.7143017764785249,8774,6233,0.7103943469341235,1.1227792501449585,10.78282642364502
s4,566,median_mad,87319,66911,69930,49883,0.7133276133276133,8719,6249,0.7167106319532056,8670,6247,0.7205305651672433,1.1183754205703735,10.621989250183105
s4,567,median_mad,87755,67039,70029,49817,0.7113767153607791,8853,6308,0.712526827064272,8873,6360,0.7167812464780796,1.1191322803497314,10.993426322937012
s4,568,median_mad,87821,67252,70262,50107,0.7131450855369901,8813,6310,0.7159877453761488,8746,6227,0.7119826206265721,1.114223837852478,10.713813781738281
s4,569,median_mad,87826,67186,70245,50092,0.7131041355256602,8771,6253,0.7129175692623418,8810,6231,0.7072644721906924,1.1132495403289795,10.933249473571777
s4,570,median_mad,88129,67408,70570,50406,0.7142695196259033,8712,6254,0.717860422405877,8847,6326,0.7150446479032441,1.1130812168121338,10.71037483215332
s4,571,median_mad,87605,67010,70075,49984,0.7132929004637888,8657,6132,0.7083285202726117,8873,6314,0.7115969796010368,1.1148154735565186,10.907979011535645
s4,572,median_mad,88016,67226,70141,49989,0.7126930040917581,8886,6293,0.70819266261535,8989,6335,0.7047502503059294,1.1161495447158813,10.409466743469238
s4,573,median_mad,87491,66864,70029,50022,0.7143040740264748,8776,6247,0.7118277119416591,8686,6157,0.7088418144139995,1.1092476844787598,10.981912612915039
s4,574,median_mad,87452,67011,69988,50039,0.7149654226438819,8745,6251,0.7148084619782733,8719,6231,0.7146461750200711,1.110470175743103,10.74360179901123
s4,575,median_mad,88118,67584,70424,50204,0.7128819720549813,8844,6354,0.7184531886024423,8850,6315,0.7135593220338983,1.1151561737060547,10.650249481201172
s4,576,median_mad,88156,67409,70652,50317,0.7121808299835815,8668,6156,0.7101984310106138,8836,6338,0.7172928927116342,1.1127649545669556,10.778311729431152
s4,577,median_mad,87695,67028,70027,49947,0.7132534593799534,8787,6280,0.7146921588710595,8881,6269,0.7058889764666141,1.1165263652801514,10.673042297363281
s4,578,median_mad,87879,67186,70298,50129,0.7130928333665254,8827,6306,0.7143990030587969,8754,6236,0.7123600639707562,1.119276762008667,10.839129447937012
s4,579,median_mad,87913,67457,69983,50016,0.7146878527642427,8996,6445,0.7164295242329924,8934,6356,0.711439444817551,1.109383225440979,11.260910987854004
s4,580,median_mad,87554,66942,70003,49992,0.7141408225361771,8812,6240,0.7081252837040399,8739,6193,0.7086623183430598,1.1205558776855469,11.147517204284668
s4,581,median_mad,87576,67130,70285,50205,0.7143060396955253,8669,6211,0.7164609528203945,8622,6134,0.7114358617490142,1.113945484161377,10.6995849609375
s4,582,median_mad,87745,67204,70204,50185,0.7148453079596604,8813,6303,0.7151934642006127,8728,6204,0.7108157653528873,1.1233348846435547,10.870450019836426
s4,583,median_mad,87962,67434,70512,50442,0.7153675970047652,8739,6249,0.7150703741846893,8711,6195,0.7111697853288945,1.124634027481079,10.720152854919434
s4,584,median_mad,88134,67539,70362,50358,0.7156988147011171,8969,6358,0.7088861634518898,8803,6342,0.7204362149267295,1.128696322441101,10.93974781036377
s4,585,median_mad,87382,66837,69837,49759,0.7125019688703695,8798,6286,0.714480563764492,8747,6246,0.7140733965931176,1.1333492994308472,11.191953659057617
s4,586,median_mad,87812,67147,70466,50359,0.7146567138761956,8768,6274,0.7155565693430657,8578,5988,0.6980648169736535,1.1304835081100464,10.964216232299805
s4,587,median_mad,88286,67603,70873,50693,0.7152653337660322,8781,6280,0.7151805033595262,8632,6135,0.7107275254865616,1.1325443983078003,10.662446975708008
s4,588,median_mad,87462,66939,69999,49917,0.7131101872883898,8741,6225,0.7121610799679671,8722,6292,0.7213941756477872,1.13629949092865,10.684234619140625
s4,589,median_mad,87992,67432,70263,50258,0.7152840043835305,8850,6329,0.7151412429378531,8879,6285,0.7078499831062056,1.1461100578308105,11.084240913391113
s4,590,median_mad,87859,67553,70479,50553,0.7172774869109948,8452,6011,0.7111926171320397,8928,6428,0.7199820788530465,1.1411972045898438,11.318474769592285
s4,591,median_mad,87088,66604,69589,49716,0.7144232565491673,8881,6293,0.7085913748451751,8618,6120,0.7101415641680204,1.1404435634613037,11.209714889526367
s4,592,median_mad,87499,67028,69980,49940,0.7136324664189768,8817,6322,0.7170239310423047,8702,6242,0.7173063663525626,1.1430455446243286,10.539007186889648
s4,593,median_mad,87982,67341,70310,50117,0.7128004551272934,8841,6286,0.7110055423594616,8831,6311,0.7146416034424188,1.1347168684005737,11.347049713134766
s4,594,median_mad,88014,67442,70503,50382,0.7146078890259989,8744,6228,0.712259835315645,8767,6301,0.7187179194707426,1.143207311630249,11.16673755645752
s4,595,median_mad,87782,67325,70353,50429,0.7167995678933379,8612,6138,0.7127264282396656,8817,6180,0.7009186798230691,1.1456022262573242,11.204874992370605
s4,596,median_mad,87600,67147,70076,50057,0.7143244477424511,8829,6308,0.7144636991731793,8695,6246,0.7183438757906843,1.1428779363632202,11.315648078918457
s4,597,median_mad,87432,67202,70097,50217,0.7163929982738205,8703,6200,0.7123980236699988,8632,6218,0.7203429101019463,1.1423887014389038,11.15407657623291
s4,598,median_mad,87679,67223,70061,50168,0.7160617176460513,8822,6211,0.7040353661301292,8796,6315,0.7179399727148704,1.1435695886611938,10.675729751586914
s4,599,median_mad,87983,67404,70255,50200,0.7145398903992598,8769,6196,0.7065799977192382,8959,6469,0.7220671949994419,1.1478978395462036,10.752791404724121
s4,600,median_mad,88198,67628,70555,50593,0.7170717879668344,8881,6284,0.7075779754532148,8762,6248,0.7130792056608081,1.1418991088867188,11.044939994812012
s4,601,median_mad,87430,66723,70006,49811,0.7115247264520184,8798,6261,0.7116390088656512,8626,6065,0.7031068861581266,1.1416568756103516,10.955999374389648
s4,602,median_mad,87621,66926,70034,49941,0.7130964959876631,8728,6100,0.6989000916590284,8859,6279,0.7087707416186928,1.147819995880127,10.977989196777344
s4,603,median_mad,87520,66924,70096,49968,0.7128509472723122,8619,6216,0.7211973546815176,8805,6228,0.7073253833049403,1.1414045095443726,10.708624839782715
s4,604,median_mad,87637,67270,70130,50223,0.7161414515899045,8716,6253,0.7174162459843965,8791,6255,0.7115231486747811,1.1437463760375977,11.09157943725586
s4,605,median_mad,87840,67360,70621,50340,0.7128191331190439,8503,6190,0.7279783605786193,8716,6256,0.7177604405690684,1.1464670896530151,10.790809631347656
s4,606,median_mad,87880,67243,70520,50324,0.7136131593874079,8671,6219,0.717218313919963,8689,6194,0.712855334330763,1.1462297439575195,10.570427894592285
s4,607,median_mad,87584,67042,70123,50121,0.7147583531794133,8695,6172,0.7098332374928119,8766,6315,0.7203969883641341,1.1462440490722656,10.717421531677246
s4,608,median_mad,87690,67165,70077,50021,0.7138005336986458,8812,6293,0.7141398093508852,8801,6340,0.7203726849221679,1.1471471786499023,10.992644309997559
s4,609,median_mad,87592,67164,70133,50259,0.7166241284416751,8722,6208,0.7117633570282046,8737,6181,0.7074510701613826,1.1471916437149048,10.935563087463379
s4,610,median_mad,87618,67091,70101,50073,0.7142979415414902,8603,6114,0.7106823201208881,8914,6350,0.7123625757235809,1.1573210954666138,11.20677661895752
s4,611,median_mad,87980,67322,70472,50196,0.7122828924963106,8826,6301,0.7139134375708135,8682,6242,0.7189587652614605,1.146052598953247,11.29015827178955
s4,612,median_mad,87651,67086,70180,50016,0.7126816756910801,8683,6127,0.7056316941149372,8788,6268,0.7132453345471097,1.1490497589111328,11.4627103805542
s4,613,median_mad,88418,67806,70805,50519,0.7134948096885814,8678,6248,0.7199815625720212,8935,6396,0.7158365976496922,1.1450284719467163,11.173039436340332
s4,614,median_mad,87649,67194,70045,50052,0.7145692055107431,8858,6308,0.7121246331000226,8746,6243,0.7138120283558198,1.1505162715911865,11.2246732711792
s4,615,median_mad,87370,66913,69683,49778,0.7143492673966391,8769,6283,0.7165013114380203,8918,6379,0.7152949091724602,1.144862413406372,10.847432136535645
s4,616,median_mad,87679,67170,70043,50023,0.714175577859315,8769,6274,0.7154749686395256,8867,6328,0.7136573813014548,1.15091872215271,10.866064071655273
s4,617,median_mad,87651,67247,69943,50078,0.7159830147405745,8858,6348,0.7166403251298261,8850,6298,0.711638418079096,1.144828200340271,11.003171920776367
s4,618,median_mad,87976,67265,70306,50083,0.7123574090404802,8773,6261,0.7136669326342187,8897,6330,0.7114757783522536,1.141366720199585,11.134394645690918
s4,619,median_mad,87321,66686,70023,49856,0.7119946303357468,8561,6011,0.7021376007475763,8737,6259,0.7163786196635,1.1424710750579834,11.083352088928223
s4,620,median_mad,87335,66844,69914,49952,0.7144777869954515,8713,6186,0.7099736026626879,8708,6134,0.7044097381717961,1.146016001701355,11.037877082824707
s4,621,median_mad,87552,66974,70289,50219,0.7144645677132979,8699,6144,0.7062880790895505,8564,6079,0.7098318542737039,1.1411628723144531,10.833175659179688
s4,622,median_mad,87423,66861,69999,49789,0.7112815897369963,8690,6173,0.7103567318757192,8734,6273,0.7182276162125029,1.1404105424880981,11.096952438354492
s4,623,median_mad,87557,66907,69997,49779,0.7111590496735575,8837,6314,0.7144958696390178,8723,6205,0.7113378424853835,1.1378185749053955,11.023612976074219
s4,624,median_mad,88118,67436,70444,50222,0.7129350973823179,8905,6295,0.7069062324536777,8769,6303,0.7187820732124529,1.1328165531158447,10.935063362121582
s4,625,median_mad,87763,67072,70089,49964,0.712865071551884,8764,6217,0.7093792788680967,8910,6311,0.7083052749719416,1.1379094123840332,11.049043655395508
s4,626,median_mad,87975,67180,70366,49998,0.7105420231361738,8853,6230,0.7037162543770473,8756,6307,0.720306075833714,1.1397185325622559,10.776630401611328
s4,627,median_mad,87937,67198,70323,49970,0.71057833141362,8935,6443,0.7210968102965865,8679,6233,0.7181702961170642,1.139520287513733,11.315375328063965
s4,628,median_mad,87683,67207,70215,50299,0.7163569037954853,8667,6147,0.7092419522326064,8801,6283,0.7138961481649813,1.135006070137024,10.993779182434082
s4,629,median_mad,87173,66661,69882,49771,0.7122148765061103,8811,6283,0.7130859153331064,8480,6093,0.7185141509433962,1.1401398181915283,10.934770584106445
s4,630,median_mad,88103,67597,70476,50482,0.7163005845961746,8882,6280,0.7070479621706823,8745,6236,0.713093196112064,1.1382873058319092,10.822378158569336
s4,631,median_mad,87572,67200,70141,50108,0.7143895866896679,8741,6312,0.7221141745795675,8690,6185,0.7117376294591484,1.1348955631256104,10.646417617797852
s4,632,median_mad,87738,66973,70298,50028,0.7116560926342144,8765,6220,0.7096406160867085,8675,6118,0.7052449567723343,1.1421538591384888,11.071667671203613
s4,633,median_mad,88172,67429,70376,50214,0.7135102875980448,8868,6336,0.7144790257104194,8928,6389,0.7156137992831542,1.1421715021133423,10.749853134155273
s4,634,median_mad,87554,67190,70197,50145,0.7143467669558529,8696,6231,0.7165363385464582,8661,6160,0.7112342685602124,1.1495165824890137,11.26423454284668
s4,635,median_mad,88347,67735,70716,50610,0.7156796198880027,8892,6290,0.7073774179037337,8739,6208,0.7103787618720677,1.1457589864730835,11.153776168823242
s4,636,median_mad,87867,67221,70204,50031,0.7126517007577916,8728,6219,0.7125343721356554,8935,6343,0.7099048684946838,1.144834280014038,11.044111251831055
s4,637,median_mad,87645,67190,70044,49986,0.7136371423676546,8745,6215,0.710691823899371,8856,6419,0.7248193315266486,1.144078254699707,11.081588745117188
s4,638,median_mad,88127,67565,70544,50396,0.7143910183715129,8776,6272,0.7146763901549681,8807,6281,0.7131826955830589,1.1490037441253662,11.109265327453613
s4,639,median_mad,88574,67753,70643,50325,0.7123848081197005,8837,6252,0.7074799139979631,9094,6497,0.7144270947877721,1.1487795114517212,11.124719619750977
s4,640,median_mad,87680,67074,69827,49708,0.7118736305440588,8895,6301,0.7083754918493536,8958,6363,0.7103148024112526,1.1473106145858765,10.550420761108398
s4,641,median_mad,88260,67615,70795,50561,0.7141888551451374,8899,6320,0.7101921564220699,8566,6111,0.7134018211533971,1.1437058448791504,11.060315132141113
s4,642,median_mad,87772,67391,70161,50242,0.7160958367184048,8859,6382,0.7203973360424427,8752,6207,0.709209323583181,1.1514478921890259,11.019194602966309
s4,643,median_mad,87737,67072,70119,49835,0.7107203468389452,8778,6223,0.7089314194577353,8840,6276,0.7099547511312218,1.1514900922775269,11.029484748840332
s4,644,median_mad,87730,66960,70212,49914,0.7109041189540249,8884,6286,0.7075641602881585,8634,6098,0.7062775075283761,1.1486382484436035,11.295646667480469
s4,645,median_mad,87659,66862,70040,49731,0.7100371216447744,8813,6269,0.7113355270622943,8806,6233,0.7078128548716784,1.146610975265503,11.219711303710938
s4,646,median_mad,88197,67525,70744,50449,0.7131205473255683,8732,6170,0.70659642693541,8721,6204,0.7113863089095287,1.1454706192016602,11.344131469726562
s4,647,median_mad,87662,67076,70322,50089,0.7122806518585933,8737,6206,0.7103124642325741,8603,6051,0.7033592932697896,1.1488001346588135,11.221365928649902
s4,648,median_mad,87775,67167,70094,49961,0.7127714212343425,9030,6366,0.704983388704319,8651,6236,0.7208415212114206,1.1427196264266968,11.225751876831055
s4,649,median_mad,87402,66777,69867,49665,0.7108506161707244,8713,6175,0.7087111213129806,8822,6323,0.7167309000226706,1.1495814323425293,11.315251350402832
s4,650,median_mad,87853,67270,70201,50016,0.712468483354938,8761,6266,0.7152151580869763,8891,6397,0.7194916207400742,1.1493933200836182,11.235678672790527
s4,651,median_mad,87720,67282,70172,50019,0.7128056774781965,8814,6298,0.7145450419786703,8734,6286,0.719716052209755,1.149258017539978,11.280430793762207
s4,652,median_mad,87775,67307,70386,50350,0.715341118972523,8726,6269,0.718427687371075,8663,6232,0.7193812766939859,1.159130334854126,10.521937370300293
s4,653,median_mad,87486,66937,69893,49849,0.7132187772738329,8857,6394,0.7219148695946709,8736,6183,0.707760989010989,1.1638767719268799,11.180928230285645
s4,654,median_mad,87848,67218,70081,50077,0.7145588675960675,8947,6369,0.711858723594501,8820,6227,0.7060090702947845,1.1568177938461304,11.237929344177246
s4,655,median_mad,87497,66943,70020,49960,0.7135104255926878,8835,6265,0.7091114883984154,8642,6183,0.7154593844017588,1.1547136306762695,10.628124237060547
s4,656,median_mad,87591,67174,70143,50264,0.7165932452276065,8719,6220,0.7133845624498222,8729,6109,0.6998510711421698,1.1461448669433594,11.515568733215332
s4,657,median_mad,88089,67450,70433,50222,0.713046441298823,8891,6394,0.7191542008772916,8765,6267,0.7150028522532801,1.142578125,11.117511749267578
s4,658,median_mad,87764,67377,70325,50234,0.7143121222893708,8726,6279,0.7195736878294752,8713,6291,0.7220245610008034,1.1413955688476562,10.857357025146484
s4,659,median_mad,87725,67101,70204,49967,0.7117400717907811,8783,6169,0.7023795969486508,8738,6334,0.7248798352025635,1.143278956413269,11.170360565185547
s4,660,median_mad,87770,67352,70195,50234,0.715635016739084,8660,6195,0.7153579676674365,8915,6337,0.7108244531688166,1.1259269714355469,10.550728797912598
s4,661,median_mad,88145,67602,70593,50332,0.7129885399402207,8611,6166,0.7160608523980955,8941,6380,0.7135667151325356,1.1411491632461548,11.229791641235352
s4,662,median_mad,87671,66968,70081,49903,0.71207602631241,8714,6196,0.7110397062198761,8876,6347,0.7150743578188373,1.1278364658355713,10.950691223144531
s4,663,median_mad,87744,67415,70109,50198,0.7159993724058252,8808,6323,0.7178701180744778,8827,6330,0.717117933612779,1.128577709197998,11.01933479309082
s4,664,median_mad,87771,67079,70257,50146,0.7137509429665372,8686,6170,0.7103384757080359,8828,6298,0.7134118713185319,1.120242714881897,10.57912826538086
s4,665,median_mad,88215,67494,70651,50508,0.7148943397828764,8859,6247,0.7051585957783045,8705,6276,0.720964962665135,1.1199510097503662,11.00706958770752
s4,666,median_mad,87670,67359,70147,50307,0.71716538127076,8756,6274,0.7165372316126085,8767,6291,0.7175772784304779,1.1156845092773438,11.056547164916992
s4,667,median_mad,87928,67402,70085,50010,0.713562103160448,8896,6404,0.7198741007194245,8947,6377,0.7127528780596848,1.1088417768478394,10.940807342529297
s4,668,median_mad,88299,67864,70623,50735,0.7183920252608923,8812,6222,0.7060826146164322,8864,6345,0.7158167870036101,1.1109328269958496,10.904895782470703
s4,669,median_mad,87491,66700,70186,49863,0.7104408286552873,8692,6161,0.7088127013345605,8613,6181,0.7176361314292349,1.0976386070251465,10.926514625549316
s4,670,median_mad,87511,67056,70017,49917,0.7129268606195638,8768,6283,0.7165830291970803,8726,6260,0.7173962869585148,1.090024471282959,10.894013404846191
s4,671,median_mad,87986,67374,70378,50375,0.715777657790787,8735,6248,0.7152833428734974,8873,6310,0.7111461737856418,1.0928188562393188,11.060733795166016
s4,672,median_mad,88158,67519,70476,50491,0.7164282876440207,8874,6273,0.7068965517241379,8808,6278,0.7127611262488647,1.0950565338134766,10.747967720031738
s4,673,median_mad,88001,67318,70363,50216,0.7136705370720408,8692,6179,0.7108835710998619,8946,6388,0.714062150681869,1.0956790447235107,10.777013778686523
s4,674,median_mad,88213,67406,70600,50336,0.7129745042492918,8777,6239,0.710835137290646,8836,6303,0.7133318243549117,1.0826268196105957,10.869237899780273
s4,675,median_mad,87632,67156,70246,50250,0.715343222389887,8618,6178,0.7168716639591552,8768,6279,0.7161268248175182,1.0850164890289307,10.988627433776855
s4,676,median_mad,87935,67598,70329,50419,0.7169019892220848,8924,6475,0.7255714926042134,8682,6198,0.7138908085694541,1.0857501029968262,10.738981246948242
s4,677,median_mad,87850,67314,70499,50481,0.7160527099675172,8686,6218,0.7158646097167857,8665,6180,0.7132140796306982,1.0902411937713623,11.005892753601074
s4,678,median_mad,87486,67043,70027,50175,0.7165093463949619,8671,6120,0.7058009456810056,8788,6302,0.7171142467000455,1.080722451210022,10.769017219543457
s4,679,median_mad,87761,67218,70239,50166,0.7142185965062144,8733,6239,0.7144165807855262,8789,6304,0.7172602116281716,1.089158296585083,10.813742637634277
s4,680,median_mad,87774,67142,70255,50018,0.7119493274500036,8724,6242,0.7154974782209995,8795,6269,0.7127913587265492,1.0885337591171265,10.92970085144043
s4,681,median_mad,87741,67114,70155,50041,0.7132919962939206,8857,6341,0.7159309021113244,8729,6234,0.7141711536258449,1.0849943161010742,10.993603706359863
s4,682,median_mad,88146,67243,70487,50162,0.7116489565451786,8748,6262,0.7158207590306356,8911,6348,0.7123779598249355,1.0873544216156006,10.624631881713867
s4,683,median_mad,87172,66606,69653,49570,0.7116707105221598,8755,6192,0.7072529982866933,8764,6303,0.7191921497033318,1.0887432098388672,11.032960891723633
s4,684,median_mad,87875,67152,70096,50121,0.7150336681123032,8922,6329,0.7093700963909437,8857,6329,0.7145760415490573,1.0876283645629883,10.606744766235352
s4,685,median_mad,87854,67148,70268,50063,0.7124580178744236,8756,6213,0.7095705801735952,8830,6335,0.717440543601359,1.087266206741333,10.83791446685791
s4,686,median_mad,87452,67003,69769,49709,0.7124797546188135,8857,6401,0.72270520492266,8826,6322,0.7162927713573533,1.080037236213684,10.836291313171387
s4,687,median_mad,87763,67216,70187,50173,0.7148474788778548,8693,6219,0.7154031979753825,8883,6359,0.7158617584149499,1.0810679197311401,10.865840911865234
s4,688,median_mad,88052,67241,70359,50368,0.7158714592305178,8834,6260,0.7086257640932759,8859,6271,0.7078677051585958,1.0867915153503418,10.741073608398438
s4,689,median_mad,88209,67609,70575,50532,0.7160042507970245,8813,6240,0.7080449336207875,8821,6270,0.710803763745607,1.0846245288848877,10.929815292358398
s4,690,median_mad,88112,67258,70587,50328,0.7129924773683539,8907,6292,0.7064106882227461,8618,6125,0.7107217451844976,1.0925111770629883,10.726127624511719
s4,691,median_mad,87942,67393,70393,50347,0.7152273663574503,8750,6344,0.7250285714285715,8799,6264,0.7118990794408455,1.0884242057800293,10.764344215393066
s4,692,median_mad,87795,67028,70094,49976,0.712985419579422,8766,6198,0.7070499657768652,8935,6308,0.7059876888640179,1.0842472314834595,11.242167472839355
s4,693,median_mad,87742,67074,70235,50008,0.7120096817825871,8790,6252,0.7112627986348122,8717,6236,0.715383732935643,1.0818078517913818,10.841049194335938
s4,694,median_mad,87916,67102,70265,50181,0.7141677933537323,8827,6331,0.7172312223858616,8824,6255,0.7088621940163191,1.0784258842468262,10.092218399047852
s4,695,median_mad,87754,67101,70206,50021,0.7124889610574595,8808,6288,0.7138964577656676,8740,6257,0.7159038901601831,1.0849796533584595,11.059435844421387
s4,696,median_mad,87491,67012,69748,49859,0.7148448701038023,8934,6323,0.707745690620103,8809,6251,0.7096151663071858,1.081095576286316,10.94155502319336
s4,697,median_mad,87798,67395,70235,50222,0.7150565957143874,8775,6249,0.7121367521367521,8788,6254,0.7116522530723715,1.0910121202468872,11.13105583190918
s4,698,median_mad,87961,67174,70382,50145,0.7124690972123554,8824,6251,0.7084088848594742,8755,6230,0.7115933752141633,1.0862016677856445,10.888039588928223
s4,699,median_mad,87513,67029,70022,49975,0.7137042643740539,8730,6241,0.7148911798396335,8761,6270,0.7156717269718069,1.081184983253479,10.841111183166504
s4,700,median_mad,87516,66965,70095,50014,0.7135173692845425,8676,6196,0.7141539880129092,8745,6189,0.7077186963979417,1.0887478590011597,11.028243064880371
s4,701,median_mad,87461,67054,69800,49981,0.7160601719197708,8782,6318,0.7194260988385334,8879,6311,0.7107782407928821,1.088273525238037,10.781997680664062
s4,702,median_mad,87438,67111,70033,50208,0.7169191666785658,8660,6145,0.7095842956120092,8745,6275,0.7175528873642081,1.0849556922912598,10.917154312133789
s4,703,median_mad,87579,67224,70142,50189,0.7155342020472756,8730,6226,0.7131729667812142,8707,6243,0.717009302859768,1.08354651927948,10.746588706970215
s4,704,median_mad,87975,67339,70187,50172,0.7148332312251556,8940,6456,0.7221476510067114,8848,6293,0.7112341772151899,1.0814993381500244,10.59339714050293
s4,705,median_mad,87327,67009,69926,50040,0.7156136487143552,8722,6297,0.7219674386608576,8679,6186,0.7127549256826823,1.0889396667480469,10.463479995727539
s4,706,median_mad,87574,66953,70076,49917,0.7123266168160283,8810,6300,0.7150964812712827,8688,6173,0.7105202578268877,1.088617205619812,10.877625465393066
s4,707,median_mad,87866,67361,70283,50260,0.7151089168077629,8781,6223,0.7086892153513267,8802,6277,0.7131333787775506,1.0865793228149414,10.698014259338379
s4,708,median_mad,87868,67087,70384,50169,0.7127898385996817,8689,6171,0.7102083093566578,8795,6193,0.7041500852757249,1.0873347520828247,10.907292366027832
s4,709,median_mad,88114,67551,70537,50586,0.7171555353927725,8750,6247,0.7139428571428571,8827,6242,0.7071485215815113,1.0860122442245483,10.948799133300781
s4,710,median_mad,87679,67225,70162,50211,0.7156437957868932,8703,6193,0.711593703320694,8814,6325,0.7176083503517132,1.085253119468689,10.506986618041992
s4,711,median_mad,88186,67439,70610,50424,0.7141198130576406,8763,6242,0.7123131347711971,8813,6256,0.7098604334505844,1.0920207500457764,10.816911697387695
s4,712,median_mad,87922,67153,70285,50111,0.7129686277299566,8871,6311,0.7114192312027956,8766,6213,0.7087611225188227,1.0830142498016357,10.795015335083008
s4,713,median_mad,87679,67283,69855,50109,0.7173287524157183,8921,6399,0.7172962672346149,8903,6333,0.7113332584522071,1.0809762477874756,10.732088088989258
s4,714,median_mad,87653,67036,70086,49983,0.7131666809348515,8770,6297,0.7180159635119726,8797,6319,0.7183130612708878,1.0839797258377075,10.673980712890625
s4,715,median_mad,87341,66781,69860,49856,0.7136558831949613,8559,6127,0.7158546559177474,8922,6387,0.7158708809683927,1.0879911184310913,11.068195343017578
s4,716,median_mad,88123,67496,70631,50434,0.7140490719372513,8865,6323,0.7132543711223914,8627,6109,0.7081256520227194,1.0824706554412842,10.594700813293457
s4,717,median_mad,88018,67484,70413,50264,0.713845454674563,8812,6316,0.716749886518384,8793,6263,0.7122711247583305,1.0941197872161865,10.762497901916504
s4,718,median_mad,87424,66716,69742,49609,0.7113217286570502,8821,6291,0.7131844462079129,8861,6331,0.7144791784223,1.0876541137695312,10.615728378295898
s4,719,median_mad,87259,66781,69684,49775,0.7142959646403766,8825,6325,0.71671388101983,8750,6222,0.7110857142857143,1.0843124389648438,10.741731643676758
s4,0,robust_mahalanobis,88113,67404,70673,51044,0.7222560242242441,8854,6354,0.71764174384459,8586,6164,0.7179128814348941,1.3107300996780396,9.970381736755371
s4,1,robust_mahalanobis,87989,67198,70239,50718,0.722077478324008,8887,6405,0.7207156520760661,8863,6258,0.7060814622588288,1.3144391775131226,9.919588088989258
s4,2,robust_mahalanobis,87639,67139,70131,50677,0.7226048395146226,8724,6292,0.7212287941311325,8784,6402,0.7288251366120219,1.3102456331253052,10.041322708129883
s4,3,robust_mahalanobis,88261,67678,70396,50937,0.7235780442070572,8931,6410,0.7177247788601501,8934,6486,0.7259905977165884,1.310509443283081,9.853031158447266
s4,4,robust_mahalanobis,87740,67237,70197,50732,0.7227089476758266,8809,6353,0.7211942331706209,8734,6322,0.7238378749713762,1.304534673690796,10.040404319763184
s4,5,robust_mahalanobis,87312,66651,69868,50469,0.7223478559569474,8735,6230,0.7132226674298798,8709,6199,0.7117923986680446,1.3262165784835815,9.886117935180664
s4,6,robust_mahalanobis,87961,67190,70563,50827,0.7203066763034451,8688,6277,0.7224907918968693,8710,6246,0.7171067738231918,1.3033154010772705,10.205427169799805
s4,7,robust_mahalanobis,87692,67154,70096,50708,0.723407897740242,8763,6310,0.7200730343489673,8833,6318,0.71527227442545,1.3147306442260742,10.249191284179688
s4,8,robust_mahalanobis,87198,66697,69618,50330,0.7229452153178776,8824,6326,0.7169084315503174,8756,6308,0.7204202832343536,1.3145194053649902,10.096735954284668
s4,9,robust_mahalanobis,88095,67357,70499,51071,0.7244216230017447,8798,6272,0.7128892930211411,8798,6287,0.7145942259604455,1.3128981590270996,9.944315910339355
s4,10,robust_mahalanobis,88002,67384,70455,50863,0.7219217940529415,8731,6294,0.7208796243271103,8816,6369,0.7224364791288567,1.2965126037597656,9.962620735168457
s4,11,robust_mahalanobis,87762,67130,70106,50565,0.7212649416597724,8871,6415,0.723142824935182,8785,6309,0.7181559476380194,1.3107635974884033,9.961883544921875
s4,12,robust_mahalanobis,88114,67505,70284,50750,0.7220704570030163,8907,6467,0.7260581565061188,8923,6478,0.7259890171466995,1.3110766410827637,9.998577117919922
s4,13,robust_mahalanobis,87849,67308,70277,50732,0.7218862501245074,8826,6402,0.7253569000679809,8746,6351,0.7261605305282415,1.3015577793121338,10.290080070495605
s4,14,robust_mahalanobis,87731,67071,70117,50561,0.7210947416461058,8839,6381,0.7219142436927254,8775,6326,0.7209116809116809,1.2983036041259766,10.050788879394531
s4,15,robust_mahalanobis,87788,67356,70150,50838,0.7247042052744119,8835,6393,0.7235993208828523,8803,6283,0.7137339543337499,1.3026156425476074,9.766687393188477
s4,16,robust_mahalanobis,88071,67266,70572,50889,0.7210933514708383,8728,6274,0.7188359303391384,8771,6218,0.7089271462775054,1.315380334854126,10.422142028808594
s4,17,robust_mahalanobis,87887,67313,70455,50875,0.7220921155347385,8757,6293,0.718625099920064,8675,6317,0.7281844380403458,1.3008038997650146,9.83680534362793
s4,18,robust_mahalanobis,87565,67058,69938,50536,0.7225828591037776,8653,6268,0.7243730498093147,8974,6475,0.7215288611544461,1.3103981018066406,10.081449508666992
s4,19,robust_mahalanobis,87640,67153,69995,50706,0.7244231730837917,8881,6353,0.7153473707915775,8764,6248,0.7129164764947512,1.3214356899261475,9.932426452636719
s4,20,robust_mahalanobis,88172,67656,70623,51163,0.7244523738725345,8735,6260,0.7166571265025758,8814,6336,0.718856364874064,1.2990062236785889,10.107242584228516
s4,21,robust_mahalanobis,87632,66969,70118,50533,0.7206851307795431,8638,6122,0.7087288724241723,8876,6397,0.7207075259125733,1.3004419803619385,10.50549602508545
s4,22,robust_mahalanobis,87900,67152,70364,50715,0.7207520891364902,8654,6213,0.7179339033972729,8882,6355,0.7154920063048863,1.3075604438781738,10.45431900024414
s4,23,robust_mahalanobis,87842,67128,70448,50816,0.7213263683851919,8656,6226,0.7192698706099815,8738,6206,0.710231174181735,1.2936656475067139,10.449703216552734
s4,24,robust_mahalanobis,87657,66947,70051,50491,0.720774864027637,8894,6376,0.7168877895210254,8712,6250,0.7174012855831038,1.3060023784637451,10.484148025512695
s4,25,robust_mahalanobis,87974,67241,70394,50737,0.7207574509191125,8786,6288,0.7156840427953562,8794,6362,0.7234478053218103,1.3100852966308594,9.863709449768066
s4,26,robust_mahalanobis,87841,67430,70212,50866,0.724463054748476,8851,6357,0.7182239294994915,8778,6376,0.7263613579403053,1.3101894855499268,10.21544361114502
s4,27,robust_mahalanobis,87848,67384,70232,50796,0.7232600523977674,8795,6343,0.721205230244457,8821,6413,0.7270150776555946,1.310197353363037,10.596009254455566
s4,28,robust_mahalanobis,87827,67207,70076,50529,0.7210599920086763,8858,6359,0.7178821404380221,8893,6461,0.7265264815023051,1.300814151763916,10.333918571472168
s4,29,robust_mahalanobis,87751,67152,70354,50720,0.72092560479859,8589,6211,0.7231342414716497,8808,6351,0.7210490463215259,1.2973604202270508,9.762954711914062
s4,30,robust_mahalanobis,87944,67390,70147,50718,0.7230245056809272,8944,6477,0.7241726296958855,8853,6403,0.7232576527730713,1.3178472518920898,9.519548416137695
s4,31,robust_mahalanobis,88138,67500,70498,50898,0.7219779284518709,8879,6419,0.7229417727221534,8761,6334,0.7229768291290949,1.3105231523513794,10.008566856384277
s4,32,robust_mahalanobis,87999,67514,70407,50980,0.7240757311062821,8777,6398,0.7289506665147545,8815,6384,0.7242200794100965,1.3201253414154053,9.560200691223145
s4,33,robust_mahalanobis,87601,66925,69963,50488,0.7216385803924932,8847,6393,0.7226178365547643,8791,6278,0.7141394608121943,1.318136215209961,10.052618980407715
s4,34,robust_mahalanobis,87742,67257,70157,50761,0.723534358652736,8788,6323,0.7195038689121529,8797,6352,0.7220643401159487,1.3136529922485352,10.099024772644043
s4,35,robust_mahalanobis,87909,67322,70367,50925,0.7237057143263177,8742,6332,0.7243193777167696,8800,6257,0.7110227272727273,1.3096213340759277,9.90797233581543
s4,36,robust_mahalanobis,87660,67012,70068,50565,0.7216561054975167,8780,6295,0.7169703872437357,8812,6372,0.7231048570131638,1.3107552528381348,10.01634407043457
s4,37,robust_mahalanobis,88543,67588,70874,51042,0.720179473431724,8805,6310,0.7166382737081204,8864,6424,0.7247292418772563,1.3164942264556885,10.16244125366211
s4,38,robust_mahalanobis,87602,67026,70101,50581,0.7215446284646438,8840,6388,0.7226244343891403,8661,6222,0.7183927952892276,1.3028112649917603,10.672550201416016
s4,39,robust_mahalanobis,87848,67396,70219,50778,0.7231376123271479,8838,6379,0.7217696311382665,8791,6422,0.7305198498464338,1.3113558292388916,10.408439636230469
s4,40,robust_mahalanobis,87685,67427,70369,50986,0.7245520044337705,8651,6265,0.7241937348283436,8665,6296,0.726601269474899,1.306633472442627,10.228569984436035
s4,41,robust_mahalanobis,87588,67048,70128,50723,0.7232916951859457,8727,6253,0.7165119743325312,8733,6249,0.7155616626588801,1.3124125003814697,9.888822555541992
s4,42,robust_mahalanobis,87598,66962,70073,50522,0.720990966563441,8769,6357,0.7249401300034212,8756,6295,0.7189355870260393,1.3082023859024048,9.739458084106445
s4,43,robust_mahalanobis,87632,67253,69874,50711,0.7257492057131408,8793,6295,0.7159103832594109,8965,6437,0.7180145008365867,1.3221811056137085,9.877405166625977
s4,44,robust_mahalanobis,88341,67624,70361,50775,0.721635565156834,9039,6555,0.7251908396946565,8941,6465,0.7230734817134549,1.3110239505767822,9.903681755065918
s4,45,robust_mahalanobis,88039,67311,70370,50744,0.7211027426460139,8901,6418,0.721042579485451,8768,6327,0.7216012773722628,1.3043696880340576,10.145268440246582
s4,46,robust_mahalanobis,87728,67321,70079,50829,0.7253100072775011,8830,6328,0.716647791619479,8819,6393,0.7249121215557319,1.3177939653396606,10.285209655761719
s4,47,robust_mahalanobis,87774,67126,70293,50820,0.7229738380777603,8677,6195,0.7139564365564135,8804,6367,0.7231940027260336,1.3119451999664307,9.712652206420898
s4,48,robust_mahalanobis,87411,66867,69984,50481,0.7213220164609053,8680,6254,0.7205069124423963,8747,6353,0.7263061621127244,1.3157585859298706,9.89408016204834
s4,49,robust_mahalanobis,87543,67102,69920,50570,0.7232551487414187,8824,6359,0.7206482320942883,8799,6307,0.7167859984089101,1.3155611753463745,9.959964752197266
s4,50,robust_mahalanobis,87621,66953,70219,50693,0.7219271137441433,8801,6335,0.7198045676627656,8601,6139,0.7137542146262063,1.3070203065872192,10.049139022827148
s4,51,robust_mahalanobis,87529,67024,70130,50638,0.7220590332240125,8723,6292,0.7213114754098361,8676,6240,0.719225449515906,1.3165910243988037,9.81714916229248
s4,52,robust_mahalanobis,88111,67346,70503,50843,0.7211466178744167,8704,6265,0.7197840073529411,8904,6392,0.7178796046720575,1.3036537170410156,10.4143648147583
s4,53,robust_mahalanobis,87392,67019,69972,50590,0.7230034871091293,8665,6283,0.7251009809578766,8755,6357,0.72609937178755,1.296900749206543,10.185203552246094
s4,54,robust_mahalanobis,87267,66855,69935,50507,0.7221991849574605,8828,6402,0.7251925690983235,8504,6199,0.7289510818438382,1.3006131649017334,10.320601463317871
s4,55,robust_mahalanobis,87427,66936,70035,50602,0.7225244520596844,8707,6344,0.7286091650396233,8685,6240,0.7184801381692574,1.3028628826141357,9.709478378295898
s4,56,robust_mahalanobis,88212,67323,70489,50811,0.7208358751010796,8965,6421,0.7162297824874512,8758,6288,0.7179721397579356,1.3257176876068115,10.138030052185059
s4,57,robust_mahalanobis,87860,67175,70362,50785,0.7217674312839316,8640,6226,0.7206018518518519,8858,6357,0.717656355836532,1.3128290176391602,10.080292701721191
s4,58,robust_mahalanobis,87682,67085,70258,50684,0.7213982749295453,8659,6199,0.7159025291604111,8765,6359,0.725499144324016,1.2978311777114868,10.232778549194336
s4,59,robust_mahalanobis,87094,66720,69813,50479,0.7230601750390329,8684,6231,0.7175264854905573,8597,6225,0.7240897987670117,1.3085217475891113,9.984766006469727
s4,60,robust_mahalanobis,87616,66857,70013,50421,0.7201662548383871,8844,6329,0.7156264133876075,8759,6359,0.7259961182783423,1.3187671899795532,9.964091300964355
s4,61,robust_mahalanobis,88338,67612,70577,51074,0.7236635164430338,8864,6366,0.7181859205776173,8897,6429,0.722603124648758,1.3166059255599976,10.100266456604004
s4,62,robust_mahalanobis,88480,67790,70789,51162,0.722739408665188,8846,6327,0.7152385258874068,8845,6372,0.7204070096099491,1.3042347431182861,10.28829288482666
s4,63,robust_mahalanobis,88040,67569,70187,50880,0.7249205693362019,8848,6462,0.7303345388788427,9005,6476,0.7191560244308718,1.3149534463882446,9.90657901763916
s4,64,robust_mahalanobis,87531,66982,69998,50575,0.7225206434469557,8697,6307,0.7251925951477521,8836,6388,0.7229515617926664,1.3166561126708984,10.12106704711914
s4,65,robust_mahalanobis,88360,67567,70666,51128,0.7235162595873545,8851,6308,0.712687831883403,8843,6286,0.7108447359493385,1.3202741146087646,10.11789608001709
s4,66,robust_mahalanobis,88045,67481,70549,51199,0.7257225474492905,8782,6296,0.7169209747210202,8714,6180,0.7092035804452606,1.3155689239501953,10.131148338317871
s4,67,robust_mahalanobis,87691,67132,70077,50693,0.7233899853018823,8825,6306,0.7145609065155807,8789,6291,0.7157810899988623,1.3063199520111084,10.26333236694336
s4,68,robust_mahalanobis,88297,67481,70486,50827,0.7210935504922964,8988,6476,0.7205162438807299,8823,6358,0.720616570327553,1.3167760372161865,10.43777084350586
s4,69,robust_mahalanobis,87919,67327,70215,50686,0.7218685466068504,8850,6387,0.7216949152542372,8854,6405,0.7234018522701604,1.3086111545562744,10.125081062316895
s4,70,robust_mahalanobis,87778,67211,70166,50862,0.7248809964940285,8751,6257,0.7150039995429094,8861,6373,0.7192190497686491,1.3143458366394043,10.056611061096191
s4,71,robust_mahalanobis,87822,67136,70105,50657,0.7225875472505527,8813,6253,0.7095200272324974,8904,6402,0.7190026954177897,1.3181190490722656,10.196935653686523
s4,72,robust_mahalanobis,87569,66959,69995,50742,0.7249374955353954,8788,6303,0.7172280382339554,8786,6250,0.711358980195766,1.3294010162353516,10.042640686035156
s4,73,robust_mahalanobis,87759,67247,70196,50764,0.72317510969286,8682,6227,0.717231052752822,8881,6367,0.7169237698457381,1.309170126914978,10.218240737915039
s4,74,robust_mahalanobis,87506,67124,69828,50550,0.7239216360199346,8929,6522,0.7304289394109083,8749,6268,0.7164247342553435,1.3094398975372314,10.257617950439453
s4,75,robust_mahalanobis,87379,66729,69813,50372,0.721527509203157,8796,6386,0.7260118235561619,8770,6283,0.7164196123147092,1.3146988153457642,9.868382453918457
s4,76,robust_mahalanobis,87723,67174,70018,50641,0.7232568768031078,8881,6413,0.7221033667379799,8824,6307,0.7147552130553038,1.3037786483764648,10.15669059753418
s4,77,robust_mahalanobis,87449,66739,69700,50222,0.720545193687231,8882,6345,0.7143661337536591,8867,6363,0.7176046013307771,1.3088732957839966,9.900185585021973
s4,78,robust_mahalanobis,87648,67377,70003,50669,0.7238118366355728,8890,6472,0.7280089988751406,8755,6442,0.7358081096516277,1.3091896772384644,10.173968315124512
s4,79,robust_mahalanobis,87681,67106,70075,50630,0.722511594719943,8860,6355,0.7172686230248307,8746,6303,0.7206723073404985,1.3124511241912842,10.40077018737793
s4,80,robust_mahalanobis,88161,67578,70634,51125,0.7238015686496588,8717,6332,0.7263966961110474,8810,6386,0.7248581157775256,1.3056130409240723,10.077712059020996
s4,81,robust_mahalanobis,87918,67370,70316,50792,0.7223391546731897,8973,6516,0.7261785356068204,8629,6238,0.7229111136864063,1.3125700950622559,10.202278137207031
s4,82,robust_mahalanobis,87767,67199,70338,50877,0.723321675339077,8780,6337,0.721753986332574,8649,6236,0.7210082090415076,1.3105309009552002,10.259685516357422
s4,83,robust_mahalanobis,88063,67343,70276,50725,0.7217969150207753,9021,6432,0.7130029930162953,8766,6272,0.7154916723705225,1.2985237836837769,10.055419921875
s4,84,robust_mahalanobis,87857,67024,70243,50490,0.7187904844610851,8834,6355,0.7193796694589087,8780,6329,0.7208428246013667,1.3036030530929565,9.903997421264648
s4,85,robust_mahalanobis,87524,66828,70099,50482,0.7201529265752721,8726,6348,0.7274810909924364,8699,6306,0.7249109092999195,1.3165192604064941,9.903429985046387
s4,86,robust_mahalanobis,87508,67062,69693,50382,0.7229133485428952,8924,6444,0.7220977140295831,8891,6387,0.7183668878641323,1.3036006689071655,10.086217880249023
s4,87,robust_mahalanobis,87828,67231,70175,50555,0.7204132525828286,8784,6321,0.719603825136612,8869,6461,0.728492501973165,1.2935136556625366,10.476053237915039
s4,88,robust_mahalanobis,87676,67016,70105,50578,0.7214606661436417,8861,6438,0.7265545649475229,8710,6234,0.7157290470723306,1.3126487731933594,9.516210556030273
s4,89,robust_mahalanobis,87883,67393,70243,50874,0.7242572213601355,8893,6433,0.723377937703812,8747,6276,0.7175031439350634,1.308328628540039,9.865806579589844
s4,90,robust_mahalanobis,87622,66893,69769,50174,0.7191446057704711,8833,6396,0.7241027963319371,9020,6446,0.7146341463414634,1.3000160455703735,9.834141731262207
s4,91,robust_mahalanobis,87860,67171,70232,50584,0.7202414853627976,8927,6444,0.7218550464881819,8701,6286,0.7224456958970233,1.2983503341674805,9.929085731506348
s4,92,robust_mahalanobis,87596,66884,69949,50309,0.7192240060615591,8893,6387,0.7182053300348589,8754,6295,0.7190998400731095,1.3027498722076416,10.179285049438477
s4,93,robust_mahalanobis,87576,67002,70117,50671,0.722663548069655,8948,6467,0.7227313366115333,8511,6111,0.7180119844906592,1.3033405542373657,9.902332305908203
s4,94,robust_mahalanobis,88097,67511,70541,50940,0.7221332274847252,8869,6384,0.7198105761641673,8687,6267,0.7214228157016231,1.3026169538497925,10.156261444091797
s4,95,robust_mahalanobis,88041,67584,70329,50957,0.7245517496338637,8931,6458,0.7230993169857799,8781,6302,0.7176859127661998,1.302677035331726,10.13374137878418
s4,96,robust_mahalanobis,87131,66610,69331,50017,0.7214233171308649,9051,6567,0.7255551872721246,8749,6252,0.7145959538232941,1.3062455654144287,9.896716117858887
s4,97,robust_mahalanobis,87917,67313,70285,50724,0.721690261079889,8710,6249,0.717451205510907,8922,6448,0.7227079130239856,1.2942261695861816,9.895817756652832
s4,98,robust_mahalanobis,87171,66872,69711,50381,0.7227123409504956,8740,6326,0.7237986270022884,8720,6264,0.718348623853211,1.3081612586975098,10.147488594055176
s4,99,robust_mahalanobis,87726,67191,70125,50681,0.7227237076648841,8792,6314,0.7181528662420382,8809,6270,0.7117720513111591,1.2947819232940674,10.1233549118042
s4,100,robust_mahalanobis,87403,66871,70112,50631,0.7221445686900958,8507,6083,0.7150581873751028,8784,6384,0.726775956284153,1.2988075017929077,9.813827514648438
s4,101,robust_mahalanobis,87629,66981,70162,50657,0.7220005130982583,8676,6177,0.7119640387275242,8791,6378,0.7255147309748606,1.3086750507354736,10.162469863891602
s4,102,robust_mahalanobis,87394,66967,70092,50587,0.7217228785025395,8683,6233,0.7178394564090752,8619,6283,0.7289708782921452,1.2933273315429688,9.959870338439941
s4,103,robust_mahalanobis,87933,67512,70208,50897,0.7249458751139471,8890,6353,0.714623172103487,8835,6378,0.7219015280135823,1.306105136871338,9.780587196350098
s4,104,robust_mahalanobis,88385,67544,70410,50782,0.7212327794347394,8905,6371,0.7154407636159461,9070,6510,0.7177508269018743,1.2950938940048218,10.232654571533203
s4,105,robust_mahalanobis,87539,67154,69961,50535,0.7223310129929532,8765,6299,0.7186537364517969,8813,6353,0.720866901168728,1.2998790740966797,9.786859512329102
s4,106,robust_mahalanobis,87861,67409,70230,50627,0.7208742702548768,8910,6465,0.7255892255892256,8721,6377,0.731223483545465,1.3031418323516846,10.007332801818848
s4,107,robust_mahalanobis,87273,66978,69918,50608,0.7238193312165679,8661,6199,0.71573721279298,8694,6277,0.7219921785139176,1.3032076358795166,9.981710433959961
s4,108,robust_mahalanobis,88097,67146,70495,50522,0.7166749414852117,8808,6368,0.7229791099000908,8794,6383,0.7258357971344098,1.2932939529418945,9.877578735351562
s4,109,robust_mahalanobis,88090,67540,70433,50970,0.7236664631635739,8731,6326,0.7245447256900699,8926,6400,0.7170064978713869,1.3074285984039307,9.743005752563477
s4,110,robust_mahalanobis,87621,66947,70120,50516,0.7204221334854535,8673,6153,0.7094430992736077,8828,6398,0.7247394653375623,1.3020795583724976,10.27812385559082
s4,111,robust_mahalanobis,87372,66677,70076,50525,0.7210029111250642,8801,6297,0.7154868764913078,8495,6108,0.7190111830488523,1.3161251544952393,9.516217231750488
s4,112,robust_mahalanobis,87825,67148,70227,50594,0.7204351602659945,8844,6353,0.718340117593849,8754,6289,0.7184144391135481,1.2891381978988647,10.06064224243164
s4,113,robust_mahalanobis,87458,67210,69900,50598,0.723862660944206,8813,6366,0.722341994780438,8745,6312,0.7217838765008576,1.2944679260253906,10.358531951904297
s4,114,robust_mahalanobis,87473,67308,70091,50867,0.7257279821945756,8804,6379,0.7245570195365743,8578,6184,0.7209139659594311,1.3008651733398438,10.122455596923828
s4,115,robust_mahalanobis,87083,66548,69582,50101,0.7200281682044207,8772,6297,0.7178522571819426,8729,6287,0.7202428685989232,1.2976676225662231,9.798493385314941
s4,116,robust_mahalanobis,88098,67426,70523,50916,0.7219772272875515,8754,6302,0.719899474525931,8821,6357,0.7206665910894456,1.306609034538269,9.874652862548828
s4,117,robust_mahalanobis,87797,67104,70250,50587,0.7200996441281139,8840,6388,0.7226244343891403,8707,6293,0.7227518088893994,1.3079991340637207,9.913166999816895
s4,118,robust_mahalanobis,87452,66816,70001,50511,0.7215754060656276,8723,6210,0.7119110397798922,8728,6225,0.7132218148487626,1.3116426467895508,9.768279075622559
s4,119,robust_mahalanobis,87649,67153,70022,50522,0.7215160949415897,8856,6441,0.7273035230352304,8771,6320,0.7205563789761714,1.3060719966888428,10.48558235168457
s4,120,robust_mahalanobis,87724,67295,70239,50771,0.7228320448753541,8777,6380,0.7268998518856101,8708,6272,0.7202572347266881,1.2897897958755493,9.98914623260498
s4,121,robust_mahalanobis,87916,67595,70466,51152,0.7259103681207958,8913,6407,0.7188376528665994,8537,6200,0.7262504392643786,1.307043433189392,9.913755416870117
s4,122,robust_mahalanobis,87783,67253,70167,50679,0.7222626020778998,8747,6336,0.7243626386189551,8869,6277,0.7077460818581577,1.2976857423782349,10.259324073791504
s4,123,robust_mahalanobis,87845,67534,70433,51123,0.7258387403631821,8657,6270,0.7242693773824651,8755,6290,0.7184466019417476,1.3075573444366455,10.139240264892578
s4,124,robust_mahalanobis,87723,66920,70253,50642,0.7208517785717335,8913,6343,0.7116571300347807,8557,6117,0.7148533364496903,1.3052244186401367,10.070235252380371
s4,125,robust_mahalanobis,87033,66501,69634,50248,0.72160151650056,8702,6250,0.718225695242473,8697,6254,0.7190985397263424,1.315127968788147,9.924747467041016
s4,126,robust_mahalanobis,88008,67587,70432,50953,0.7234353702862335,8787,6387,0.7268692386480027,8789,6355,0.7230629195585391,1.3046634197235107,10.012261390686035
s4,127,robust_mahalanobis,87496,66532,69952,50187,0.7174491079597438,8711,6196,0.7112845827115142,8833,6327,0.7162911807992755,1.3094606399536133,9.9463472366333
s4,128,robust_mahalanobis,87341,67083,69837,50626,0.7249165914916162,8909,6473,0.7265686384554945,8595,6179,0.7189063408958697,1.3067188262939453,10.149787902832031
s4,129,robust_mahalanobis,87707,67252,70184,50679,0.7220876553060527,8719,6305,0.7231333868562908,8804,6346,0.7208087233075875,1.3056408166885376,9.915431022644043
s4,130,robust_mahalanobis,88003,67301,70468,50792,0.7207810637452461,8783,6358,0.7238984401685074,8752,6252,0.7143510054844607,1.2994779348373413,10.135058403015137
s4,131,robust_mahalanobis,87768,67374,70182,50833,0.7243025277136588,8808,6362,0.7222979109900091,8778,6273,0.7146274777853725,1.301743984222412,10.243769645690918
s4,132,robust_mahalanobis,87591,67127,70047,50617,0.7226148157665567,8901,6383,0.7171104370295472,8643,6274,0.725905356936249,1.3115792274475098,9.763094902038574
s4,133,robust_mahalanobis,87238,67007,69645,50480,0.7248187235264556,8769,6322,0.7209487968981639,8824,6366,0.721441523118767,1.3052188158035278,10.108089447021484
s4,134,robust_mahalanobis,87425,66873,69875,50346,0.720515205724508,8746,6298,0.7201006174251087,8804,6349,0.7211494775102226,1.294034481048584,10.399674415588379
s4,135,robust_mahalanobis,87892,67298,70356,50857,0.7228523509011314,8705,6282,0.7216542217116599,8831,6371,0.721435850979504,1.3088219165802002,9.903406143188477
s4,136,robust_mahalanobis,87791,67480,70320,51007,0.7253555176336747,8796,6378,0.7251023192360164,8675,6273,0.7231123919308358,1.3059951066970825,10.081917762756348
s4,137,robust_mahalanobis,88143,67422,70473,50875,0.721907680955827,8848,6359,0.7186934900542495,8822,6293,0.7133303105871684,1.3145501613616943,10.208430290222168
s4,138,robust_mahalanobis,87643,67039,69934,50370,0.7202505219206681,8868,6452,0.7275597654488047,8841,6341,0.717226558081665,1.3064665794372559,10.082694053649902
s4,139,robust_mahalanobis,87488,66985,70130,50681,0.7226721802367032,8678,6243,0.7194053929476838,8680,6270,0.7223502304147466,1.298683524131775,10.105558395385742
s4,140,robust_mahalanobis,87449,66924,69824,50399,0.7218005270394133,8845,6347,0.7175805539853024,8780,6319,0.7197038724373577,1.3108494281768799,10.21528434753418
s4,141,robust_mahalanobis,87688,67055,70102,50569,0.7213631565433226,8780,6317,0.7194760820045558,8806,6371,0.7234839881898706,1.3103735446929932,10.222304344177246
s4,142,robust_mahalanobis,87331,66826,70036,50566,0.722000114226969,8731,6238,0.7144656969419311,8564,6220,0.726296123306866,1.3015621900558472,10.114368438720703
s4,143,robust_mahalanobis,88377,67824,70699,51145,0.7234190016831922,8856,6379,0.7203026196928636,8822,6341,0.7187712536839719,1.2976250648498535,10.325398445129395
s4,144,robust_mahalanobis,87352,66530,69727,50083,0.7182726920705035,8826,6285,0.712100611828688,8799,6289,0.7147403113990226,1.2955093383789062,10.26086711883545
s4,145,robust_mahalanobis,87789,67263,70049,50607,0.7224514268583421,8873,6339,0.7144145159472557,8867,6405,0.7223412653659637,1.2996926307678223,10.071494102478027
s4,146,robust_mahalanobis,87631,67226,70007,50648,0.7234705100918479,8764,6336,0.7229575536284801,8860,6400,0.7223476297968398,1.3173655271530151,10.327220916748047
s4,147,robust_mahalanobis,87388,66881,70115,50507,0.720345147258076,8686,6269,0.7217361271010821,8587,6220,0.7243507627809479,1.301596999168396,10.114569664001465
s4,148,robust_mahalanobis,87748,66877,70212,50495,0.7191790577109326,8738,6244,0.7145799954222934,8798,6273,0.7130029552170948,1.3049246072769165,10.199395179748535
s4,149,robust_mahalanobis,87551,66761,70206,50566,0.7202518303278922,8655,6163,0.7120739456961294,8690,6246,0.7187571921749137,1.3071131706237793,9.89792537689209
s4,150,robust_mahalanobis,87725,67335,70272,50933,0.7247979280510018,8704,6206,0.7130055147058824,8749,6344,0.725111441307578,1.2967110872268677,10.01889705657959
s4,151,robust_mahalanobis,87954,67212,70296,50743,0.7218476157960624,8954,6444,0.7196783560419924,8704,6218,0.7143841911764706,1.2994561195373535,10.341577529907227
s4,152,robust_mahalanobis,87753,67288,70191,50786,0.7235400549928054,8872,6387,0.7199053201082056,8690,6249,0.719102416570771,1.301999807357788,10.06609058380127
s4,153,robust_mahalanobis,87601,66963,69939,50507,0.722157880438668,8872,6318,0.7121280432822362,8790,6309,0.7177474402730375,1.3069771528244019,10.469807624816895
s4,154,robust_mahalanobis,87617,67139,69966,50661,0.7240802675585284,8836,6298,0.7127659574468085,8815,6353,0.7207033465683494,1.3087270259857178,9.71986198425293
s4,155,robust_mahalanobis,87943,67239,70287,50673,0.7209441290708096,8727,6322,0.7244184714105649,8929,6426,0.7196774554821369,1.3056097030639648,10.054104804992676
s4,156,robust_mahalanobis,87986,67432,70254,50778,0.7227773507558288,8857,6356,0.7176244778141583,8875,6349,0.7153802816901409,1.2918992042541504,10.05337142944336
s4,157,robust_mahalanobis,87961,67105,70273,50550,0.7193374411224794,8845,6314,0.7138496325607688,8843,6315,0.7141241660070112,1.2845948934555054,10.220708847045898
s4,158,robust_mahalanobis,87767,67270,69991,50485,0.7213070251889528,8942,6457,0.7220979646611496,8834,6322,0.7156441023318995,1.2865400314331055,10.208781242370605
s4,159,robust_mahalanobis,87710,67096,70126,50630,0.7219861392350911,8764,6291,0.7178229119123688,8820,6277,0.7116780045351474,1.2873353958129883,10.080830574035645
s4,160,robust_mahalanobis,88046,67487,70355,50755,0.7214128349086775,8880,6456,0.727027027027027,8811,6343,0.7198955850641244,1.2934143543243408,9.94510269165039
s4,161,robust_mahalanobis,87965,67374,70352,50771,0.7216710256993405,8775,6366,0.7254700854700855,8838,6366,0.7202987101154107,1.2968225479125977,9.914908409118652
s4,162,robust_mahalanobis,87487,66785,69921,50218,0.7182105519085825,8689,6289,0.723788698354241,8877,6422,0.7234426044834967,1.297935962677002,9.945551872253418
s4,163,robust_mahalanobis,87667,67153,70138,50542,0.7206079443383044,8797,6363,0.7233147663976356,8732,6285,0.7197663765460376,1.2897263765335083,10.022546768188477
s4,164,robust_mahalanobis,87111,66694,69836,50294,0.720172976688241,8733,6324,0.7241497767090347,8542,6126,0.7171622570826505,1.283671498298645,9.913994789123535
s4,165,robust_mahalanobis,87550,66895,70017,50451,0.7205535798448948,8709,6227,0.7150074635434608,8824,6279,0.711582048957389,1.2897427082061768,10.102862358093262
s4,166,robust_mahalanobis,88226,67621,70641,51001,0.7219744907348423,8826,6303,0.7141400407885792,8759,6364,0.7265669596985957,1.296113133430481,9.844961166381836
s4,167,robust_mahalanobis,87850,67410,70345,50862,0.7230364631459236,8830,6377,0.7221970554926387,8675,6253,0.720806916426513,1.2948479652404785,9.698479652404785
s4,168,robust_mahalanobis,87540,67193,69921,50670,0.7246749903462479,8774,6276,0.7152951903350809,8845,6328,0.7154324477105709,1.2931216955184937,10.099838256835938
s4,169,robust_mahalanobis,87403,66877,69864,50358,0.7208004122294744,8736,6304,0.7216117216117216,8803,6292,0.7147563330682721,1.301892638206482,9.961719512939453
s4,170,robust_mahalanobis,87882,67327,70339,50780,0.721932356160878,8829,6398,0.7246573790916299,8714,6240,0.7160890521000689,1.2980811595916748,9.998674392700195
s4,171,robust_mahalanobis,87624,66672,70167,50282,0.7166046717117733,8816,6316,0.7164246823956443,8641,6178,0.7149635458858928,1.2968966960906982,10.111519813537598
s4,172,robust_mahalanobis,87899,67388,70334,50905,0.7237609122188415,8682,6216,0.7159640635798203,8883,6402,0.7207024653833164,1.3039913177490234,10.18127155303955
s4,173,robust_mahalanobis,87885,67239,70175,50705,0.7225507659422872,8757,6226,0.7109740778805527,8953,6460,0.7215458505528873,1.3066848516464233,9.690337181091309
s4,174,robust_mahalanobis,88203,67336,70596,50751,0.7188934217236104,8837,6401,0.7243408396514655,8770,6306,0.719042189281642,1.2917871475219727,9.665321350097656
s4,175,robust_mahalanobis,87663,67178,70079,50620,0.7223276587850854,8738,6305,0.721560997940032,8846,6380,0.7212299344336424,1.3105939626693726,9.99732494354248
s4,176,robust_mahalanobis,87860,67042,70390,50633,0.7193209262679358,8707,6204,0.7125301481566556,8763,6274,0.7159648522195595,1.3012666702270508,10.131969451904297
s4,177,robust_mahalanobis,88373,67791,70784,51173,0.7229458634719711,8764,6271,0.7155408489274304,8825,6323,0.7164872521246459,1.3071272373199463,10.37220287322998
s4,178,robust_mahalanobis,87792,67223,70242,50657,0.7211782124654765,8767,6327,0.7216835861754306,8783,6338,0.7216213139018559,1.2956173419952393,9.797861099243164
s4,179,robust_mahalanobis,88115,67607,70521,50939,0.7223238467974079,8882,6324,0.7120018013960819,8712,6322,0.7256657483930211,1.2915042638778687,9.987467765808105
s4,180,robust_mahalanobis,88196,67418,70347,50710,0.7208551892760174,8822,6320,0.7163908410791204,9027,6485,0.7184003544920793,1.297863245010376,10.235273361206055
s4,181,robust_mahalanobis,87539,67048,70035,50556,0.7218676376097666,8807,6305,0.7159078006131486,8697,6247,0.7182936644820053,1.2951273918151855,9.960925102233887
s4,182,robust_mahalanobis,87396,66874,69810,50399,0.7219452800458387,8846,6266,0.7083427537870224,8740,6281,0.718649885583524,1.3046324253082275,10.13900375366211
s4,183,robust_mahalanobis,87909,67469,70402,50873,0.7226073122922644,8664,6291,0.7261080332409973,8843,6374,0.7207961099174488,1.3005435466766357,10.025125503540039
s4,184,robust_mahalanobis,87960,67271,70519,50839,0.7209262751882471,8677,6285,0.7243286850293881,8764,6307,0.7196485623003195,1.3006411790847778,9.920382499694824
s4,185,robust_mahalanobis,87513,66999,70093,50521,0.720770975703708,8666,6222,0.7179783060235403,8754,6285,0.7179575051405072,1.3003723621368408,10.221128463745117
s4,186,robust_mahalanobis,87754,67102,70439,50660,0.7192038501398373,8684,6293,0.7246660525103639,8631,6233,0.7221642915073572,1.2980303764343262,9.795788764953613
s4,187,robust_mahalanobis,87480,66703,70248,50401,0.7174723835554037,8534,6185,0.7247480665573002,8698,6169,0.7092435042538514,1.2988191843032837,9.959053993225098
s4,188,robust_mahalanobis,87948,67546,70241,50918,0.7249042581967796,8826,6368,0.7215046453659641,8881,6339,0.713770971737417,1.29716157913208,9.886761665344238
s4,189,robust_mahalanobis,87453,66937,69762,50325,0.7213812677388837,8880,6327,0.7125,8811,6342,0.7197820905686074,1.3025410175323486,10.076488494873047
s4,190,robust_mahalanobis,87618,66888,70036,50401,0.7196441829916043,8795,6273,0.713246162592382,8787,6300,0.7169682485489929,1.2998497486114502,9.966376304626465
s4,191,robust_mahalanobis,87588,67282,69876,50588,0.7239681721907378,8889,6397,0.7196535043311959,8823,6415,0.7270769579508104,1.302452802658081,10.006964683532715
s4,192,robust_mahalanobis,87254,66834,69770,50254,0.7202809230328221,8782,6365,0.7247779549077659,8702,6297,0.7236267524706964,1.2992172241210938,9.836992263793945
s4,193,robust_mahalanobis,87448,67024,70227,50783,0.7231264328534609,8664,6244,0.7206832871652816,8557,6134,0.7168400140236064,1.3069674968719482,10.192590713500977
s4,194,robust_mahalanobis,87709,67189,70162,50700,0.7226133804623586,8748,6249,0.7143347050754458,8799,6263,0.7117854301625185,1.30311119556427,10.063056945800781
s4,195,robust_mahalanobis,87117,66513,69780,50235,0.7199054170249355,8634,6222,0.7206393328700487,8703,6220,0.7146960818108699,1.2983911037445068,9.611505508422852
s4,196,robust_mahalanobis,87936,67302,70410,50771,0.7210765516261894,8701,6273,0.7209516147569245,8825,6383,0.7232861189801699,1.3043115139007568,9.968399047851562
s4,197,robust_mahalanobis,87719,67159,70125,50694,0.722909090909091,8775,6241,0.7112250712250712,8819,6295,0.7137997505386098,1.3047826290130615,9.563892364501953
s4,198,robust_mahalanobis,87400,66620,69754,50051,0.7175359119190298,8818,6360,0.7212519845770016,8828,6346,0.7188491164476665,1.3107106685638428,10.085890769958496
s4,199,robust_mahalanobis,87712,67190,70249,50759,0.7225583282324304,8633,6237,0.7224603266535388,8830,6349,0.7190260475651189,1.3084981441497803,9.686546325683594
s4,200,robust_mahalanobis,87897,67357,70278,50698,0.7213921853211531,8811,6303,0.7153558052434457,8808,6400,0.7266121707538601,1.302340030670166,9.850111961364746
s4,201,robust_mahalanobis,87884,67229,70557,50866,0.7209206740649404,8721,6306,0.7230822153422772,8606,6164,0.7162444805949337,1.2970805168151855,9.862743377685547
s4,202,robust_mahalanobis,88211,67649,70541,51053,0.7237351327596717,8808,6238,0.7082198001816531,8862,6451,0.7279395170390431,1.3119738101959229,9.953092575073242
s4,203,robust_mahalanobis,87121,66744,69504,50201,0.7222749769797422,8691,6279,0.7224715222644115,8926,6387,0.7155500784225857,1.301992416381836,10.075050354003906
s4,204,robust_mahalanobis,88359,67838,70708,51139,0.7232420659614188,8897,6424,0.7220411374620659,8754,6337,0.7238976467900389,1.3025503158569336,9.782513618469238
s4,205,robust_mahalanobis,87881,67457,70142,50756,0.7236178038835505,8951,6473,0.7231594235280974,8788,6327,0.7199590350477925,1.2997095584869385,9.72900390625
s4,206,robust_mahalanobis,87597,67055,70047,50482,0.7206875383670964,8806,6351,0.7212128094481036,8744,6311,0.7217520585544374,1.2906557321548462,9.982394218444824
s4,207,robust_mahalanobis,86959,66458,69711,50218,0.7203741159931718,8797,6304,0.7166079345231329,8451,6079,0.7193231570228376,1.2913706302642822,10.344167709350586
s4,208,robust_mahalanobis,88051,67357,70308,50790,0.7223928998122546,8881,6345,0.7144465713320572,8862,6332,0.714511396975852,1.3103381395339966,10.068851470947266
s4,209,robust_mahalanobis,87827,67349,70357,50800,0.7220319229074577,8691,6268,0.721205845127143,8779,6286,0.7160268823328397,1.304294228553772,10.449053764343262
s4,210,robust_mahalanobis,87559,67266,70095,50680,0.7230187602539411,8818,6430,0.7291902925833522,8646,6252,0.7231089521165857,1.305335283279419,10.051310539245605
s4,211,robust_mahalanobis,87796,67380,70310,50804,0.722571469207794,8831,6410,0.7258521118786094,8655,6290,0.7267475447718083,1.3117034435272217,9.907586097717285
s4,212,robust_mahalanobis,87941,67628,70338,50956,0.7244448235662089,8899,6494,0.7297449151590066,8704,6269,0.7202435661764706,1.3007676601409912,10.055461883544922
s4,213,robust_mahalanobis,87865,67315,70410,50844,0.722113336173839,8641,6259,0.7243374609420206,8814,6322,0.7172679827547084,1.3049894571304321,10.03510856628418
s4,214,robust_mahalanobis,87930,67310,70331,50760,0.7217301047902063,8846,6333,0.7159167985530183,8753,6297,0.7194104878327431,1.296051263809204,10.493640899658203
s4,215,robust_mahalanobis,87668,67141,70113,50557,0.7210788298888936,8697,6245,0.7180637001264804,8858,6386,0.7209302325581395,1.2912464141845703,10.383440971374512
s4,216,robust_mahalanobis,87720,67166,70142,50589,0.7212369193920903,8742,6252,0.7151681537405628,8836,6407,0.7251018560434586,1.3045203685760498,9.897283554077148
s4,217,robust_mahalanobis,87870,67348,70321,50691,0.7208515237269094,8741,6376,0.7294359913053426,8808,6408,0.7275204359673024,1.2995991706848145,9.979754447937012
s4,218,robust_mahalanobis,87350,66988,69894,50453,0.7218502303488139,8804,6390,0.7258064516129032,8652,6315,0.7298890429958391,1.3069264888763428,9.826762199401855
s4,219,robust_mahalanobis,87647,67198,70066,50621,0.7224759512459681,8846,6404,0.7239430250960887,8735,6203,0.7101316542644533,1.3103559017181396,9.97954273223877
s4,220,robust_mahalanobis,87845,67141,70426,50709,0.7200323744071792,8790,6300,0.7167235494880546,8629,6200,0.7185073589060146,1.3089622259140015,10.017669677734375
s4,221,robust_mahalanobis,87251,66939,69855,50528,0.7233268914179372,8602,6185,0.7190188328295746,8794,6338,0.7207186718216966,1.3052258491516113,9.875165939331055
s4,222,robust_mahalanobis,87872,67207,70454,50847,0.7217049422318108,8558,6153,0.7189763963542883,8860,6364,0.7182844243792325,1.3056869506835938,10.469456672668457
s4,223,robust_mahalanobis,87913,67437,70289,50800,0.7227304414631023,8835,6303,0.7134125636672326,8789,6356,0.7231766981454091,1.2996186017990112,10.156964302062988
s4,224,robust_mahalanobis,87954,67271,70214,50701,0.7220924601931239,8954,6442,0.7194549921822649,8786,6271,0.7137491463692238,1.3115745782852173,9.654609680175781
s4,225,robust_mahalanobis,87746,67193,70417,50867,0.7223681781388017,8641,6183,0.7155421826177526,8688,6273,0.7220303867403315,1.3068214654922485,10.041153907775879
s4,226,robust_mahalanobis,87515,67067,70006,50565,0.7222952318372711,8786,6317,0.7189847484634646,8723,6264,0.718101570560587,1.2981492280960083,10.417627334594727
s4,227,robust_mahalanobis,87701,67002,70161,50573,0.7208135573894329,8737,6253,0.7156918850864141,8803,6337,0.7198682267408838,1.3168834447860718,9.887683868408203
s4,228,robust_mahalanobis,87860,67252,70355,50813,0.7222372254992537,8806,6289,0.714172155348626,8699,6243,0.7176686975514427,1.3042688369750977,9.760390281677246
s4,229,robust_mahalanobis,88319,67709,70439,50895,0.7225400701316033,8924,6483,0.7264679515912147,8956,6451,0.7202992407324699,1.2967588901519775,10.066878318786621
s4,230,robust_mahalanobis,87625,67086,70178,50608,0.7211376784747356,8647,6260,0.7239505030646467,8800,6365,0.7232954545454545,1.3087000846862793,10.05871295928955
s4,231,robust_mahalanobis,87534,67071,70113,50705,0.723189708042731,8828,6335,0.7176030811055731,8593,6190,0.7203537763295705,1.30320405960083,9.887395858764648
s4,232,robust_mahalanobis,87520,67076,70057,50712,0.7238677077237107,8604,6229,0.7239655973965597,8859,6352,0.7170109493170786,1.30510675907135,9.841872215270996
s4,233,robust_mahalanobis,87662,67017,70240,50630,0.7208143507972665,8712,6233,0.7154499540863177,8710,6279,0.7208955223880597,1.3015352487564087,10.017885208129883
s4,234,robust_mahalanobis,87683,67236,70051,50586,0.7221310188291388,8815,6348,0.7201361315938741,8817,6401,0.7259838947487808,1.297574520111084,10.251843452453613
s4,235,robust_mahalanobis,88010,67197,70344,50548,0.7185829637211418,8823,6390,0.7242434546072765,8843,6365,0.7197783557616194,1.2993029356002808,9.808860778808594
s4,236,robust_mahalanobis,87687,67120,70325,50719,0.7212086740135087,8819,6275,0.7115319197187889,8543,6192,0.7248039330445979,1.3108079433441162,9.902349472045898
s4,237,robust_mahalanobis,88074,67481,70520,50911,0.7219370391378332,8797,6338,0.7204728884847107,8757,6308,0.7203380153020441,1.297959804534912,9.822994232177734
s4,238,robust_mahalanobis,87734,67132,70152,50574,0.7209202873759836,8769,6318,0.7204926445432774,8813,6312,0.7162146828548734,1.3047771453857422,9.4685697555542
s4,239,robust_mahalanobis,87490,66973,69931,50415,0.7209249116986745,8785,6287,0.7156516789982925,8774,6349,0.7236152268064737,1.314845085144043,9.677774429321289
s4,240,robust_mahalanobis,87755,67141,70101,50547,0.7210596139855352,8982,6465,0.7197728790915163,8672,6237,0.7192112546125461,1.3009735345840454,10.043686866760254
s4,241,robust_mahalanobis,87781,67109,70123,50561,0.7210330419405901,8830,6404,0.7252548131370329,8828,6315,0.7153375623017671,1.3175679445266724,9.656347274780273
s4,242,robust_mahalanobis,87862,67182,70242,50614,0.720566043108112,8836,6252,0.707559981892259,8784,6409,0.7296220400728597,1.3040955066680908,9.706329345703125
s4,243,robust_mahalanobis,87746,66922,70188,50445,0.7187126004445205,8778,6289,0.7164502164502164,8780,6249,0.7117312072892938,1.2948514223098755,9.935102462768555
s4,244,robust_mahalanobis,87993,67131,70350,50541,0.7184221748400853,8756,6366,0.7270443124714482,8887,6353,0.714864408686846,1.298845648765564,10.091970443725586
s4,245,robust_mahalanobis,87360,66937,69886,50467,0.722133188335289,8731,6302,0.7217958996678502,8743,6295,0.7200045750886424,1.3007289171218872,10.233386993408203
s4,246,robust_mahalanobis,88157,67640,70389,50866,0.7226413217974399,8862,6475,0.7306477093206951,8906,6458,0.7251291264316191,1.3179171085357666,9.659141540527344
s4,247,robust_mahalanobis,87910,67363,70359,50748,0.7212723318978382,8727,6292,0.7209808639853329,8824,6392,0.7243880326382592,1.2944697141647339,9.91443157196045
s4,248,robust_mahalanobis,87683,67019,70191,50607,0.7209898704962174,8816,6303,0.7149500907441017,8676,6266,0.7222222222222222,1.3100179433822632,9.7693452835083
s4,249,robust_mahalanobis,87863,67191,70355,50765,0.7215549712173975,8754,6263,0.7154443682887822,8754,6270,0.7162440027416038,1.2958472967147827,9.984869956970215
s4,250,robust_mahalanobis,88553,67581,70857,50979,0.7194631440789195,8910,6335,0.7109988776655444,8786,6249,0.7112451627589347,1.3017147779464722,9.892546653747559
s4,251,robust_mahalanobis,87888,67126,70493,50726,0.7195891790674251,8713,6287,0.7215654768736371,8682,6212,0.7155033402441834,1.2965810298919678,9.897968292236328
s4,252,robust_mahalanobis,87873,67102,70407,50535,0.7177553368273041,8730,6340,0.7262313860252004,8736,6258,0.7163461538461539,1.297279953956604,10.354191780090332
s4,253,robust_mahalanobis,88079,67200,70622,50729,0.7183172382543683,8544,6204,0.726123595505618,8913,6273,0.703803433187479,1.296863079071045,9.847460746765137
s4,254,robust_mahalanobis,87565,67058,70089,50545,0.7211545320949079,8693,6261,0.7202346715748303,8783,6317,0.7192303313218718,1.2829577922821045,9.88705825805664
s4,255,robust_mahalanobis,87171,66548,69873,50136,0.7175303765402945,8574,6254,0.7294145089806391,8724,6246,0.7159559834938102,1.289168357849121,10.059609413146973
s4,256,robust_mahalanobis,87287,66862,69889,50476,0.7222309662464765,8742,6226,0.7121940059482956,8656,6220,0.7185767097966729,1.29838228225708,9.922015190124512
s4,257,robust_mahalanobis,87205,66803,69667,50200,0.7205707149726557,8738,6281,0.7188143739986267,8800,6423,0.7298863636363636,1.2972830533981323,9.982611656188965
s4,258,robust_mahalanobis,87411,66932,69979,50507,0.7217450949570585,8784,6193,0.7050318761384335,8648,6303,0.7288390379278445,1.2953112125396729,9.6868896484375
s4,259,robust_mahalanobis,87907,67158,70144,50427,0.7189068202554745,8818,6327,0.7175096393740077,8945,6436,0.7195081050866405,1.3024579286575317,9.954301834106445
s4,260,robust_mahalanobis,87801,67065,70206,50521,0.7196108594707005,8699,6188,0.7113461317392804,8896,6345,0.7132419064748201,1.291920781135559,10.102355003356934
s4,261,robust_mahalanobis,87656,67351,70390,50763,0.7211677795141356,8624,6254,0.7251855287569573,8642,6331,0.7325850497570007,1.3026138544082642,10.052877426147461
s4,262,robust_mahalanobis,87728,67189,70308,50723,0.7214399499345736,8738,6284,0.7191577019913024,8682,6204,0.7145818935729095,1.2987103462219238,9.792530059814453
s4,263,robust_mahalanobis,88200,67562,70750,51036,0.7213568904593639,8740,6266,0.7169336384439359,8710,6288,0.7219288174512055,1.278083324432373,10.054479598999023
s4,264,robust_mahalanobis,87763,67082,70370,50663,0.7199516839562313,8693,6255,0.7195444610606235,8700,6262,0.7197701149425287,1.285243034362793,10.089384078979492
s4,265,robust_mahalanobis,87412,67008,69939,50560,0.7229156836671957,8817,6330,0.7179312691391629,8656,6202,0.7164972273567468,1.3058290481567383,9.710539817810059
s4,266,robust_mahalanobis,87864,67407,70425,50846,0.7219879304224353,8757,6357,0.7259335388831791,8682,6264,0.7214927436074637,1.2924389839172363,9.774240493774414
s4,267,robust_mahalanobis,87701,67115,70367,50658,0.7199113220685833,8693,6233,0.7170136891751985,8641,6260,0.7244531882883926,1.2889347076416016,9.958348274230957
s4,268,robust_mahalanobis,87857,67124,70202,50492,0.7192387681262642,8812,6370,0.7228778937812075,8843,6293,0.7116363225149837,1.2960400581359863,9.673272132873535
s4,269,robust_mahalanobis,87368,66831,70036,50424,0.719972585527443,8597,6206,0.7218797254856345,8735,6238,0.7141385231825987,1.287248134613037,9.885163307189941
s4,270,robust_mahalanobis,87677,67134,70257,50655,0.7209957726632221,8779,6313,0.719102403462809,8641,6238,0.7219071866682097,1.2921583652496338,9.749493598937988
s4,271,robust_mahalanobis,87811,67138,70370,50629,0.7194685235185448,8678,6221,0.7168702466005992,8763,6333,0.7226977062649778,1.293134093284607,9.944986343383789
s4,272,robust_mahalanobis,87512,66963,70161,50618,0.721454939353772,8608,6122,0.7111988847583643,8743,6268,0.7169163902550612,1.289354920387268,10.064787864685059
s4,273,robust_mahalanobis,87215,66696,69812,50271,0.7200911018163066,8733,6264,0.7172792854689111,8670,6198,0.714878892733564,1.2939720153808594,9.844847679138184
s4,274,robust_mahalanobis,87640,67010,70111,50507,0.7203862446691675,8701,6198,0.7123319158717388,8828,6326,0.7165835976438605,1.284338116645813,9.798430442810059
s4,275,robust_mahalanobis,87729,67224,70186,50720,0.7226512409882313,8832,6356,0.7196557971014492,8711,6201,0.7118585696246126,1.3011749982833862,9.813457489013672
s4,276,robust_mahalanobis,87522,67082,70154,50593,0.7211705676084044,8660,6251,0.721824480369515,8708,6228,0.7152044097381718,1.2859787940979004,9.873394012451172
s4,277,robust_mahalanobis,88158,67377,70418,50574,0.7181970518901417,8994,6536,0.7267066933511229,8746,6391,0.7307340498513606,1.2869298458099365,9.80555248260498
s4,278,robust_mahalanobis,88374,67513,70575,50771,0.7193907190931633,8814,6276,0.7120490129339687,8985,6458,0.7187534780189204,1.2862329483032227,10.032639503479004
s4,279,robust_mahalanobis,87693,67159,70406,50800,0.721529415106667,8728,6264,0.7176901924839597,8559,6150,0.7185418857343148,1.2878457307815552,9.599798202514648
s4,280,robust_mahalanobis,87704,67180,70236,50652,0.7211686314710405,8818,6343,0.7193241097754592,8650,6227,0.7198843930635838,1.2873114347457886,9.890475273132324
s4,281,robust_mahalanobis,87593,67073,70104,50580,0.7214994864772338,8644,6196,0.7167977788061083,8845,6342,0.7170152628603731,1.2876266241073608,9.893062591552734
s4,282,robust_mahalanobis,87937,67167,70257,50365,0.7168680700855431,8861,6436,0.7263288567881729,8819,6348,0.719809502211135,1.28685462474823,9.90434455871582
s4,283,robust_mahalanobis,87808,67170,70340,50632,0.7198180267273244,8733,6303,0.7217451047749914,8735,6334,0.7251287922152261,1.3001325130462646,10.040314674377441
s4,284,robust_mahalanobis,87614,67167,70098,50635,0.7223458586550259,8718,6285,0.720922229869236,8798,6293,0.7152761991361674,1.2987031936645508,9.868638038635254
s4,285,robust_mahalanobis,88082,67534,70547,51044,0.7235460047911322,8830,6289,0.7122310305775764,8705,6249,0.7178632969557726,1.2999396324157715,10.092609405517578
s4,286,robust_mahalanobis,87510,66989,69977,50492,0.7215513668776884,8744,6305,0.7210658737419945,8789,6301,0.7169188758675618,1.2974159717559814,10.177181243896484
s4,287,robust_mahalanobis,87990,67338,70530,50847,0.7209272649936197,8774,6374,0.7264645543651698,8686,6185,0.7120653925857702,1.2881014347076416,10.225417137145996
s4,288,robust_mahalanobis,87393,66944,69870,50426,0.7217117503935881,8678,6281,0.7237842820926481,8845,6303,0.7126059920859242,1.2895325422286987,10.314085006713867
s4,289,robust_mahalanobis,88060,67521,70432,50875,0.7223279191276692,8801,6391,0.7261674809680718,8827,6315,0.7154186020165402,1.2832974195480347,10.079047203063965
s4,290,robust_mahalanobis,88031,67395,70524,50885,0.7215274232885259,8775,6248,0.7120227920227921,8732,6269,0.7179340357306458,1.2862749099731445,10.188066482543945
s4,291,robust_mahalanobis,87548,66897,69938,50440,0.721210214761646,8703,6208,0.7133172469263472,8907,6361,0.7141574042887616,1.3020193576812744,9.969281196594238
s4,292,robust_mahalanobis,87470,66950,69854,50396,0.7214475906891517,8864,6433,0.7257445848375451,8752,6245,0.7135511882998172,1.2932934761047363,10.060263633728027
s4,293,robust_mahalanobis,87529,67178,70028,50690,0.7238533158165306,8770,6292,0.7174458380843786,8731,6342,0.7263772763715497,1.294539451599121,10.032986640930176
s4,294,robust_mahalanobis,88017,67195,70417,50613,0.7187610946220373,8847,6367,0.7196789872273087,8753,6244,0.7133554209985148,1.2945934534072876,9.97231388092041
s4,295,robust_mahalanobis,87744,67358,70275,50828,0.7232728566346496,8678,6213,0.7159483752016593,8791,6284,0.7148219770219543,1.2922425270080566,9.860491752624512
s4,296,robust_mahalanobis,87856,67292,70254,50628,0.720642241011188,8881,6429,0.7239049656570206,8721,6268,0.7187249168673318,1.292831301689148,10.09243106842041
s4,297,robust_mahalanobis,87232,66903,69830,50474,0.7228125447515394,8561,6118,0.7146361406377759,8841,6355,0.7188100893564077,1.2890629768371582,10.117711067199707
s4,298,robust_mahalanobis,88070,67430,70442,50804,0.7212174554953011,8746,6243,0.7138120283558198,8882,6435,0.7244989867147039,1.2897629737854004,10.042360305786133
s4,299,robust_mahalanobis,87565,67323,70140,50862,0.7251497005988023,8768,6257,0.713617700729927,8657,6269,0.7241538639251472,1.2811086177825928,9.916801452636719
s4,300,robust_mahalanobis,88077,67565,70585,50952,0.7218530849330594,8708,6270,0.7200275608635738,8784,6391,0.7275728597449909,1.299517273902893,9.936975479125977
s4,301,robust_mahalanobis,88243,67653,70579,50940,0.72174442822936,8784,6380,0.72632058287796,8880,6420,0.722972972972973,1.296088457107544,9.732236862182617
s4,302,robust_mahalanobis,87683,67072,70297,50667,0.7207562200378395,8812,6359,0.7216295960054471,8574,6182,0.7210170282248659,1.2980966567993164,10.388233184814453
s4,303,robust_mahalanobis,87453,66830,70146,50439,0.7190573945770251,8732,6248,0.7155290884104444,8575,6094,0.7106705539358601,1.2787010669708252,10.48969554901123
s4,304,robust_mahalanobis,87208,66886,69555,50308,0.7232837322981813,8691,6283,0.7229317684961455,8962,6471,0.7220486498549431,1.290199875831604,10.11367130279541
s4,305,robust_mahalanobis,87268,66884,69871,50408,0.7214438035808848,8816,6292,0.7137023593466425,8581,6260,0.7295187041137396,1.2899227142333984,10.018750190734863
s4,306,robust_mahalanobis,88382,67632,70795,51001,0.7204039833321563,8755,6314,0.7211878926327813,8832,6354,0.7194293478260869,1.2956392765045166,10.236062049865723
s4,307,robust_mahalanobis,87925,67164,70211,50551,0.7199868966401276,8857,6365,0.7186406232358586,8857,6370,0.7192051484701366,1.2925208806991577,10.074319839477539
s4,308,robust_mahalanobis,88036,67334,70461,50711,0.7197030981677808,8729,6281,0.7195555046397067,8846,6409,0.7245082523174317,1.294309377670288,9.723356246948242
s4,309,robust_mahalanobis,87342,66931,69991,50607,0.7230501064422569,8739,6264,0.7167868177136972,8612,6229,0.7232930794240594,1.2992876768112183,10.23383903503418
s4,310,robust_mahalanobis,87577,67182,70112,50707,0.7232285486079416,8684,6300,0.7254721326577614,8781,6350,0.7231522605625783,1.3038010597229004,9.903044700622559
s4,311,robust_mahalanobis,87955,67236,70414,50608,0.7187207089499247,8709,6273,0.7202893558387875,8832,6373,0.7215806159420289,1.2800822257995605,10.398604393005371
s4,312,robust_mahalanobis,87861,67221,70429,50745,0.7205128569197348,8658,6278,0.7251097251097252,8774,6386,0.727832231593344,1.294718623161316,9.85983657836914
s4,313,robust_mahalanobis,87852,67185,70316,50721,0.7213294271574037,8718,6266,0.718742830924524,8818,6310,0.7155817645724654,1.3034428358078003,9.890786170959473
s4,314,robust_mahalanobis,87980,67576,70555,51046,0.7234923109630784,8695,6352,0.7305347901092581,8730,6275,0.7187857961053837,1.2881615161895752,9.942129135131836
s4,315,robust_mahalanobis,87651,67085,70475,50828,0.721220290883292,8623,6228,0.7222544358112026,8553,6180,0.7225534900035075,1.292357087135315,10.153529167175293
s4,316,robust_mahalanobis,87758,67036,70206,50515,0.7195253966897416,8719,6294,0.721871774286042,8833,6375,0.7217253481263444,1.293171763420105,9.765693664550781
s4,317,robust_mahalanobis,88014,67620,70599,51149,0.7245003470304112,8590,6167,0.7179278230500582,8825,6395,0.7246458923512747,1.2982631921768188,10.049415588378906
s4,318,robust_mahalanobis,87480,67298,69994,50739,0.7249049918564449,8721,6356,0.7288155028093108,8765,6324,0.7215059897318882,1.2914234399795532,10.125948905944824
s4,319,robust_mahalanobis,87884,67248,70436,50814,0.7214208643307399,8785,6248,0.7112122936824132,8663,6234,0.7196121435992151,1.2870339155197144,9.636259078979492
s4,320,robust_mahalanobis,88122,67426,70417,50891,0.7227090049277873,8757,6283,0.7174831563320772,8948,6383,0.7133437639696022,1.3063173294067383,10.037586212158203
s4,321,robust_mahalanobis,87760,67248,70106,50569,0.7213219981171369,8826,6376,0.722411058237027,8828,6428,0.7281377435432714,1.2969825267791748,9.898180961608887
s4,322,robust_mahalanobis,88105,67578,70432,50956,0.7234779645615629,8798,6389,0.7261877699477154,8875,6408,0.7220281690140845,1.3064019680023193,9.891117095947266
s4,323,robust_mahalanobis,87410,67127,69882,50626,0.724449786783435,8797,6369,0.7239968170967376,8731,6303,0.7219104340854426,1.3034164905548096,10.30406665802002
s4,324,robust_mahalanobis,87841,67100,70129,50541,0.7206861640690727,8849,6357,0.718386258334275,8863,6398,0.7218774681259167,1.3037530183792114,10.107946395874023
s4,325,robust_mahalanobis,87892,67193,70268,50680,0.7212386861729378,8750,6274,0.7170285714285715,8874,6341,0.7145593869731801,1.304087519645691,9.874889373779297
s4,326,robust_mahalanobis,87757,67089,70163,50612,0.7213488590852729,8719,6187,0.7095997247390756,8875,6410,0.7222535211267606,1.2980064153671265,9.910670280456543
s4,327,robust_mahalanobis,87429,66922,69845,50489,0.7228720738778724,8695,6188,0.7116733755031628,8889,6357,0.7151535605804927,1.2884016036987305,10.072263717651367
s4,328,robust_mahalanobis,88023,67312,70544,50869,0.7210960535268769,8718,6285,0.720922229869236,8761,6326,0.7220636913594338,1.2994680404663086,9.964469909667969
s4,329,robust_mahalanobis,87689,67229,70150,50673,0.722352102637206,8794,6375,0.7249260859677052,8745,6316,0.7222412807318468,1.2903193235397339,10.21379280090332
s4,330,robust_mahalanobis,88063,67472,70321,50738,0.7215198873736153,8927,6470,0.7247675590903999,8815,6346,0.719909245604084,1.2987992763519287,10.16051959991455
s4,331,robust_mahalanobis,87348,66770,70127,50534,0.7206068989119739,8476,6053,0.7141340254837187,8745,6302,0.7206403659233848,1.2893826961517334,9.986445426940918
s4,332,robust_mahalanobis,88385,67553,70646,50879,0.7201964725532939,8947,6430,0.7186766513915279,8792,6349,0.7221337579617835,1.2847800254821777,10.02248477935791
s4,333,robust_mahalanobis,87454,67043,69885,50539,0.7231737855047579,8772,6316,0.7200182398540812,8797,6339,0.7205865636012276,1.292661428451538,10.196285247802734
s4,334,robust_mahalanobis,87557,66702,70035,50400,0.719640179910045,8828,6317,0.7155641141821477,8694,6240,0.717736369910283,1.3067920207977295,10.033527374267578
s4,335,robust_mahalanobis,88091,67529,70572,50972,0.7222694553080542,8659,6160,0.7113985448666128,8860,6365,0.7183972911963883,1.289406180381775,10.142890930175781
s4,336,robust_mahalanobis,88010,67327,70376,50753,0.7211691485733773,8972,6466,0.7206865804725814,8662,6187,0.7142692218887093,1.2868868112564087,9.895737648010254
s4,337,robust_mahalanobis,87446,67001,69811,50519,0.723653865436679,8730,6179,0.7077892325315006,8905,6399,0.718585064570466,1.292134165763855,10.090272903442383
s4,338,robust_mahalanobis,87313,66884,69706,50434,0.7235245172581988,8806,6285,0.7137179196002725,8801,6268,0.7121917963867742,1.2883214950561523,9.956694602966309
s4,339,robust_mahalanobis,88083,67389,70419,50815,0.7216092247830841,8802,6294,0.7150647580095433,8862,6344,0.7158654931166779,1.2969316244125366,10.429388046264648
s4,340,robust_mahalanobis,87935,67094,70535,50749,0.7194867796129581,8757,6265,0.715427657873701,8643,6197,0.7169964132824251,1.2929644584655762,9.797048568725586
s4,341,robust_mahalanobis,87272,66758,69734,50356,0.7221154673473485,8776,6253,0.7125113947128532,8762,6313,0.7204976032869208,1.2958881855010986,9.956206321716309
s4,342,robust_mahalanobis,87450,66854,70110,50522,0.7206104692625873,8651,6200,0.7166801525835164,8689,6272,0.7218322016342502,1.2948148250579834,10.007150650024414
s4,343,robust_mahalanobis,87531,67296,69896,50822,0.7271088474304681,8792,6234,0.7090536851683349,8843,6270,0.7090353952278639,1.2943356037139893,10.265889167785645
s4,344,robust_mahalanobis,87900,67461,70466,50934,0.7228166775466183,8730,6336,0.7257731958762886,8704,6351,0.7296645220588235,1.2929651737213135,9.85827350616455
s4,345,robust_mahalanobis,87548,67060,70051,50616,0.7225592782401393,8746,6289,0.7190715755774069,8751,6270,0.7164895440521083,1.2948921918869019,9.982061386108398
s4,346,robust_mahalanobis,88457,67420,70699,50734,0.7176056238419214,8957,6449,0.7199955342190466,8801,6350,0.7215089194409726,1.293367862701416,10.483796119689941
s4,347,robust_mahalanobis,87767,67340,70027,50419,0.7199937167092693,8925,6493,0.7275070028011205,8815,6477,0.7347702779353374,1.2905631065368652,9.793110847473145
s4,348,robust_mahalanobis,88112,67510,70507,50924,0.7222545279192137,8693,6249,0.7188542505464166,8912,6449,0.7236310592459605,1.2911474704742432,10.038249969482422
s4,349,robust_mahalanobis,87787,67266,70375,50869,0.7228277087033748,8609,6175,0.7172726216749913,8803,6316,0.7174826763603317,1.294052243232727,10.021100044250488
s4,350,robust_mahalanobis,88144,67414,70632,50911,0.720792275455884,8626,6206,0.7194528170646881,8886,6341,0.7135944181859104,1.288097858428955,9.905312538146973
s4,351,robust_mahalanobis,87116,66580,69932,50318,0.7195275410398673,8528,6118,0.7174015009380863,8656,6194,0.7155730129390019,1.2845839262008667,9.806588172912598
s4,352,robust_mahalanobis,87810,67293,70283,50776,0.7224506637451447,8761,6268,0.7154434425293916,8766,6265,0.7146931325576089,1.2833952903747559,10.222253799438477
s4,353,robust_mahalanobis,87581,66864,69866,50294,0.7198637391578164,8872,6375,0.7185527502254283,8843,6352,0.7183082664254212,1.2911039590835571,10.366283416748047
s4,354,robust_mahalanobis,87625,66962,70157,50497,0.7197713699274484,8675,6218,0.7167723342939482,8793,6358,0.723075173433413,1.277184009552002,10.115978240966797
s4,355,robust_mahalanobis,87388,67043,69880,50611,0.7242558672009158,8818,6311,0.7156951689725561,8690,6266,0.7210586881472958,1.2917869091033936,10.080523490905762
s4,356,robust_mahalanobis,87896,67373,70249,50750,0.7224302125297157,8761,6323,0.721721264695811,8886,6368,0.7166329056943507,1.2873494625091553,10.242629051208496
s4,357,robust_mahalanobis,87422,67029,69930,50471,0.7217360217360217,8757,6342,0.7242206235011991,8735,6314,0.7228391528334287,1.290063738822937,9.422684669494629
s4,358,robust_mahalanobis,87727,67126,70176,50625,0.7214004787961696,8866,6348,0.7159936837356192,8685,6231,0.7174438687392055,1.2829228639602661,9.699872016906738
s4,359,robust_mahalanobis,87169,66549,69733,50097,0.7184116558874565,8653,6201,0.7166300704957818,8783,6314,0.718888762381874,1.2877275943756104,9.885095596313477
s4,360,robust_mahalanobis,87650,66972,70143,50559,0.7207989393096959,8745,6247,0.7143510577472841,8762,6295,0.7184432777904588,1.2979481220245361,10.024517059326172
s4,361,robust_mahalanobis,88326,67410,70782,50889,0.7189539713486479,8783,6297,0.7169532050552203,8761,6286,0.7174980025111288,1.2992186546325684,10.109757423400879
s4,362,robust_mahalanobis,87434,67048,70011,50592,0.7226293011098256,8630,6213,0.7199304750869061,8793,6344,0.7214829978391902,1.2962589263916016,9.881160736083984
s4,363,robust_mahalanobis,88161,67335,70376,50552,0.7183130612708878,8722,6261,0.7178399449667507,9063,6513,0.7186362131744456,1.276803731918335,10.114328384399414
s4,364,robust_mahalanobis,87587,66962,70169,50619,0.7213869372514928,8740,6277,0.7181922196796339,8678,6161,0.7099562111085503,1.2845335006713867,10.126572608947754
s4,365,robust_mahalanobis,87486,66937,70063,50496,0.7207227780711645,8583,6181,0.7201444716299662,8840,6421,0.7263574660633484,1.2902252674102783,9.734865188598633
s4,366,robust_mahalanobis,87903,67524,70235,50792,0.723172207588809,8767,6321,0.7209992015512718,8901,6438,0.7232895180316818,1.2871882915496826,9.710948944091797
s4,367,robust_mahalanobis,87952,67153,70523,50723,0.7192405314578223,8709,6253,0.7179928809277759,8720,6256,0.7174311926605504,1.2912923097610474,10.10080337524414
s4,368,robust_mahalanobis,87412,66798,69898,50283,0.7193768062033249,8859,6394,0.7217518907325883,8655,6226,0.7193529751588678,1.291520118713379,9.626343727111816
s4,369,robust_mahalanobis,87854,67279,70289,50644,0.7205110330208141,8863,6382,0.7200722103125352,8702,6331,0.7275339002528154,1.2933145761489868,9.786920547485352
s4,370,robust_mahalanobis,87032,66596,69717,50361,0.7223632686432291,8615,6185,0.7179338363319792,8700,6266,0.7202298850574713,1.2915141582489014,9.98405647277832
s4,371,robust_mahalanobis,88093,67462,70579,51030,0.7230195950636875,8711,6255,0.7180576282860751,8803,6318,0.71770987163467,1.2899789810180664,9.717414855957031
s4,372,robust_mahalanobis,87829,67027,70290,50545,0.7190923317683882,8815,6317,0.7166193987521271,8724,6238,0.7150389729481889,1.2858151197433472,10.173131942749023
s4,373,robust_mahalanobis,87430,66987,69816,50455,0.7226853443336771,8683,6222,0.7165726131521364,8931,6434,0.720412047922965,1.2934372425079346,9.930403709411621
s4,374,robust_mahalanobis,86972,66476,69658,50088,0.719055959114531,8657,6321,0.7301605637056717,8657,6229,0.7195333256324362,1.2945947647094727,9.955831527709961
s4,375,robust_mahalanobis,87914,67307,70382,50811,0.7219317439117956,8756,6262,0.7151667428049338,8776,6292,0.7169553327256153,1.2958630323410034,10.280318260192871
s4,376,robust_mahalanobis,87435,66777,69824,50287,0.7201964940421631,8843,6309,0.7134456632364582,8768,6243,0.7120209854014599,1.2952377796173096,9.826315879821777
s4,377,robust_mahalanobis,87588,66995,70090,50564,0.7214153231559424,8947,6409,0.7163294959204203,8551,6145,0.7186294000701672,1.2945773601531982,10.309941291809082
s4,378,robust_mahalanobis,87541,66777,69943,50422,0.720901305348641,8740,6234,0.7132723112128146,8858,6338,0.7155114021223753,1.3055660724639893,10.261165618896484
s4,379,robust_mahalanobis,87565,67062,70166,50737,0.7230995068836759,8722,6283,0.7203623022242605,8677,6202,0.7147631669932004,1.3042256832122803,9.952975273132324
s4,380,robust_mahalanobis,87074,66687,69581,50185,0.7212457423721993,8758,6345,0.7244804749942909,8735,6246,0.7150543789353176,1.3018810749053955,9.854791641235352
s4,381,robust_mahalanobis,87929,67283,70391,50718,0.7205182480714865,8767,6295,0.7180335348465838,8771,6338,0.7226085965112302,1.290697693824768,10.059900283813477
s4,382,robust_mahalanobis,87795,67384,70361,50877,0.7230852318756129,8629,6289,0.7288214161548268,8805,6315,0.717206132879046,1.2909835577011108,9.94360065460205
s4,383,robust_mahalanobis,87745,67235,70273,50670,0.7210450670954706,8764,6334,0.7227293473299863,8708,6286,0.7218649517684887,1.2993849515914917,10.042593002319336
s4,384,robust_mahalanobis,88322,67772,70698,51249,0.7249002800644997,8826,6346,0.7190120099705416,8798,6359,0.7227779040691066,1.2997386455535889,10.036056518554688
s4,385,robust_mahalanobis,88195,67697,70604,51158,0.7245765112458218,8754,6307,0.7204706419922321,8837,6359,0.7195880955075252,1.3020292520523071,9.956151008605957
s4,386,robust_mahalanobis,87811,67318,70243,50772,0.7228051193713253,8691,6260,0.7202853526636751,8877,6432,0.7245691111862116,1.2955129146575928,9.519787788391113
s4,387,robust_mahalanobis,87732,67208,70420,50876,0.722465208747515,8764,6321,0.7212460063897763,8548,6191,0.7242629854936827,1.3047953844070435,9.722428321838379
s4,388,robust_mahalanobis,88204,67542,70644,50994,0.7218447426533039,8792,6300,0.7165605095541401,8768,6416,0.7317518248175182,1.2965118885040283,10.17043685913086
s4,389,robust_mahalanobis,87291,66722,70034,50485,0.7208641516977468,8504,6144,0.7224835371589841,8753,6277,0.7171255569519022,1.2910771369934082,9.953109741210938
s4,390,robust_mahalanobis,87914,67323,70439,50802,0.7212197788157129,8810,6368,0.7228149829738933,8665,6222,0.7180611656087709,1.297640323638916,9.9898042678833
s4,391,robust_mahalanobis,87672,67162,70036,50513,0.7212433605574277,8860,6400,0.7223476297968398,8776,6354,0.7240200546946217,1.302958369255066,9.818422317504883
s4,392,robust_mahalanobis,88125,67388,70749,50949,0.7201373871008777,8692,6304,0.7252646111366774,8684,6229,0.7172961768770152,1.288509726524353,9.983477592468262
s4,393,robust_mahalanobis,87639,67064,70053,50590,0.722167501748676,8787,6271,0.7136679185159895,8799,6355,0.72224116376861,1.2999016046524048,10.029607772827148
s4,394,robust_mahalanobis,88022,67326,70625,50930,0.7211327433628318,8699,6276,0.7214622370387401,8698,6259,0.7195907105081628,1.2897868156433105,10.101343154907227
s4,395,robust_mahalanobis,87535,67046,69940,50502,0.7220760651987418,8775,6292,0.717037037037037,8820,6373,0.722562358276644,1.2963230609893799,10.021904945373535
s4,396,robust_mahalanobis,88051,67469,70329,50719,0.7211676548792105,8851,6454,0.729183143147667,8871,6382,0.7194228384624056,1.292352318763733,9.97644329071045
s4,397,robust_mahalanobis,87668,67336,70309,50935,0.7244449501486296,8621,6234,0.7231179677531608,8738,6224,0.712291142137789,1.2923078536987305,10.658685684204102
s4,398,robust_mahalanobis,88143,67617,70357,50909,0.7235811646318063,8994,6435,0.7154769846564376,8792,6287,0.7150818926296634,1.2934658527374268,10.031214714050293
s4,399,robust_mahalanobis,87618,66972,70110,50551,0.7210241049778919,8697,6226,0.715879038748994,8811,6304,0.7154692997389627,1.2966954708099365,9.897686958312988
s4,400,robust_mahalanobis,87998,67482,70437,50948,0.7233130315033293,8771,6337,0.7224945844259492,8790,6301,0.7168373151308305,1.3056864738464355,10.32759952545166
s4,401,robust_mahalanobis,87488,66927,69992,50378,0.7197679734826837,8723,6264,0.718101570560587,8773,6291,0.7170865154451157,1.2959322929382324,10.187732696533203
s4,402,robust_mahalanobis,88073,67383,70485,50892,0.7220259629708449,8630,6209,0.7194669756662804,8958,6412,0.7157847733869167,1.2913113832473755,10.559636116027832
s4,403,robust_mahalanobis,87273,66897,69777,50393,0.7222007251673187,8717,6286,0.7211196512561661,8779,6390,0.7278733340927213,1.3038908243179321,9.765055656433105
s4,404,robust_mahalanobis,87983,67558,70320,50872,0.7234357224118316,8815,6335,0.7186613726602382,8848,6415,0.7250226039783002,1.2932087182998657,10.015936851501465
s4,405,robust_mahalanobis,87586,67091,70105,50642,0.7223735824834178,8703,6258,0.7190623922785246,8778,6292,0.7167919799498746,1.2961970567703247,10.094816207885742
s4,406,robust_mahalanobis,87266,66732,69766,50288,0.7208095633976436,8885,6392,0.7194147439504783,8615,6174,0.7166569936157864,1.2849667072296143,10.220888137817383
s4,407,robust_mahalanobis,87494,67134,70084,50845,0.7254865589863593,8798,6308,0.7169811320754716,8612,6208,0.72085462145843,1.305983543395996,10.10346794128418
s4,408,robust_mahalanobis,87927,67296,70263,50718,0.7218308355749115,8764,6323,0.7214742126882702,8900,6396,0.7186516853932584,1.3020751476287842,9.944543838500977
s4,409,robust_mahalanobis,87630,67001,70040,50487,0.7208309537407196,8798,6305,0.7166401454876108,8792,6302,0.7167879890809827,1.3024330139160156,10.034820556640625
s4,410,robust_mahalanobis,87824,67248,70508,50874,0.721535144948091,8659,6251,0.7219078415521423,8657,6254,0.7224211620653807,1.2918987274169922,9.9989652633667
s4,411,robust_mahalanobis,87954,67346,70328,50707,0.721007280172904,8864,6364,0.7179602888086642,8762,6305,0.7195845697329377,1.2973928451538086,10.253116607666016
s4,412,robust_mahalanobis,87460,67017,69788,50439,0.7227460308362469,8868,6430,0.7250789354984213,8804,6319,0.717741935483871,1.2974259853363037,10.218780517578125
s4,413,robust_mahalanobis,87957,67325,70198,50697,0.7222000626798484,8912,6388,0.716786355475763,8847,6385,0.7217135752232395,1.3000507354736328,10.103896141052246
s4,414,robust_mahalanobis,87437,67072,70061,50619,0.7224989651874795,8677,6202,0.7147631669932004,8699,6366,0.7318082538222784,1.2989919185638428,10.359729766845703
s4,415,robust_mahalanobis,87957,67403,70365,50897,0.7233283592695232,8754,6308,0.7205848754854923,8838,6374,0.721203892283322,1.2990000247955322,9.758320808410645
s4,416,robust_mahalanobis,88319,67631,70712,51112,0.7228193234528792,8802,6300,0.7157464212678937,8805,6401,0.7269733106189665,1.2988828420639038,10.008063316345215
s4,417,robust_mahalanobis,87760,67360,70370,50972,0.7243427596987353,8743,6282,0.7185176712798811,8647,6216,0.7188620330750549,1.2945454120635986,10.251760482788086
s4,418,robust_mahalanobis,87771,67267,70053,50644,0.7229383466803706,8848,6357,0.7184674502712477,8870,6379,0.7191657271702367,1.297004222869873,10.070624351501465
s4,419,robust_mahalanobis,87793,67161,70250,50759,0.7225480427046264,8782,6302,0.7176041903894329,8761,6249,0.7132747403264468,1.3117756843566895,10.147510528564453
s4,420,robust_mahalanobis,87882,67325,70294,50705,0.7213275670754261,8746,6351,0.7261605305282415,8842,6350,0.7181633114679936,1.2969944477081299,9.874221801757812
s4,421,robust_mahalanobis,87941,67145,70450,50827,0.7214620298083747,8765,6246,0.7126069594980035,8726,6190,0.7093742837497135,1.2989155054092407,10.21965217590332
s4,422,robust_mahalanobis,87825,67244,70190,50750,0.723037469725032,8783,6271,0.7139929409085733,8852,6376,0.7202892001807502,1.2940514087677002,10.076642036437988
s4,423,robust_mahalanobis,87780,67008,70205,50628,0.7211452175770956,8791,6268,0.7130019337959277,8784,6324,0.7199453551912568,1.3094782829284668,10.314926147460938
s4,424,robust_mahalanobis,88304,67554,70713,50959,0.7206454258764301,8780,6366,0.7250569476082005,8811,6322,0.717512200658268,1.292563557624817,9.822639465332031
s4,425,robust_mahalanobis,87723,67245,69953,50562,0.7227995940131231,8882,6391,0.7195451474893042,8888,6379,0.7177092709270927,1.3021726608276367,10.200105667114258
s4,426,robust_mahalanobis,87840,67210,70149,50594,0.7212362257480506,8766,6367,0.7263289984029204,8925,6444,0.7220168067226891,1.3081958293914795,9.67501163482666
s4,427,robust_mahalanobis,88146,67619,70507,51035,0.7238288396896762,8756,6308,0.7204202832343536,8883,6422,0.7229539569965102,1.2926913499832153,9.997512817382812
s4,428,robust_mahalanobis,88108,67471,70335,50781,0.7219876306248667,8836,6359,0.7196695337256678,8937,6478,0.7248517399574801,1.2953197956085205,10.403169631958008
s4,429,robust_mahalanobis,87044,66448,69573,50158,0.72094059477096,8839,6287,0.7112795565109176,8632,6177,0.7155931417979611,1.2965980768203735,10.211766242980957
s4,430,robust_mahalanobis,88020,67365,70418,50784,0.7211792439433099,8804,6285,0.7138800545206724,8798,6410,0.7285746760627415,1.2944653034210205,10.34338092803955
s4,431,robust_mahalanobis,88012,67593,70322,50878,0.7235004692699297,8937,6446,0.7212711200626608,8753,6340,0.7243230892265509,1.2982152700424194,9.99324893951416
s4,432,robust_mahalanobis,87880,67162,70173,50585,0.7208612999301726,8930,6424,0.7193729003359463,8777,6293,0.716987581178079,1.2968535423278809,10.399697303771973
s4,433,robust_mahalanobis,87931,67139,70299,50585,0.719569268410646,8875,6339,0.7142535211267605,8757,6282,0.7173689619732785,1.2865841388702393,10.373940467834473
s4,434,robust_mahalanobis,88363,67581,70678,50923,0.7204929398115396,8872,6429,0.7246393146979261,8813,6284,0.713037558152729,1.2879546880722046,10.177763938903809
s4,435,robust_mahalanobis,87685,67322,69925,50692,0.7249481587415088,8914,6434,0.7217859546780345,8846,6324,0.714899389554601,1.2987031936645508,10.204000473022461
s4,436,robust_mahalanobis,88472,67946,70615,51129,0.7240529632514339,9052,6515,0.7197304463102077,8805,6370,0.7234525837592277,1.2966046333312988,10.088937759399414
s4,437,robust_mahalanobis,88436,67632,70751,51021,0.7211346836087122,8866,6371,0.7185878637491541,8819,6370,0.722304116112938,1.3001322746276855,9.975870132446289
s4,438,robust_mahalanobis,87361,66781,69714,50270,0.7210890208566428,8752,6306,0.7205210237659964,8895,6415,0.7211916807195053,1.3078484535217285,9.60636043548584
s4,439,robust_mahalanobis,87943,67544,70246,50899,0.7245821826153802,8864,6394,0.7213447653429603,8833,6314,0.7148194271481942,1.2951037883758545,10.11160659790039
s4,440,robust_mahalanobis,87343,67178,69823,50701,0.7261360869627487,8776,6326,0.7208295350957156,8744,6340,0.7250686184812443,1.299946665763855,9.894060134887695
s4,441,robust_mahalanobis,87421,66942,69850,50468,0.72251968503937,8840,6357,0.7191176470588235,8731,6271,0.7182453327224831,1.3012332916259766,9.857316970825195
s4,442,robust_mahalanobis,87991,67308,70321,50826,0.7227712916482986,8859,6344,0.7161079128569816,8811,6273,0.7119509703779366,1.2993274927139282,10.29343318939209
s4,443,robust_mahalanobis,87868,67567,70211,51004,0.7264388770990301,8814,6376,0.7233945995007942,8843,6298,0.7122017414904445,1.313743233680725,9.796313285827637
s4,444,robust_mahalanobis,87941,67275,70439,50778,0.7208790584761283,8790,6262,0.7124004550625711,8712,6268,0.7194674012855831,1.2935789823532104,9.80817985534668
s4,445,robust_mahalanobis,88325,67529,70647,50838,0.719605928064886,8889,6333,0.7124535943300708,8789,6382,0.7261349414040278,1.3016077280044556,9.915586471557617
s4,446,robust_mahalanobis,87596,67051,69929,50412,0.7209026298102361,8771,6377,0.7270550678371908,8896,6412,0.720773381294964,1.2895344495773315,9.940805435180664
s4,447,robust_mahalanobis,87901,67176,70459,50793,0.7208873245433515,8793,6368,0.7242124417150005,8649,6187,0.7153428141981732,1.2986092567443848,10.05502700805664
s4,448,robust_mahalanobis,88245,67599,70557,51007,0.7229190583499865,8815,6318,0.7167328417470221,8873,6420,0.7235433337090048,1.3077266216278076,10.183785438537598
s4,449,robust_mahalanobis,88110,67330,70445,50769,0.7206898999219249,8935,6386,0.714717403469502,8730,6287,0.7201603665521191,1.3025729656219482,10.243321418762207
s4,450,robust_mahalanobis,87700,67352,69938,50688,0.724756212645486,8925,6436,0.7211204481792717,8837,6337,0.7170985628606993,1.2929307222366333,10.32666301727295
s4,451,robust_mahalanobis,88278,67704,70688,51151,0.7236164554096877,8892,6424,0.7224471434997751,8698,6219,0.7149919521729133,1.2885241508483887,10.262953758239746
s4,452,robust_mahalanobis,87841,67168,70359,50756,0.7213860344803081,8760,6268,0.7155251141552511,8722,6386,0.7321715202935106,1.3065788745880127,10.15585708618164
s4,453,robust_mahalanobis,87726,67219,70160,50680,0.7223489167616876,8787,6354,0.7231136906794128,8779,6318,0.7196719444128032,1.2929444313049316,9.984539985656738
s4,454,robust_mahalanobis,87477,66921,70106,50702,0.7232191253245086,8642,6178,0.714880814626244,8729,6249,0.7158895635238859,1.2979230880737305,10.271491050720215
s4,455,robust_mahalanobis,88290,67478,70640,50957,0.7213618346545866,8759,6336,0.7233702477451764,8891,6360,0.715330109099089,1.2916299104690552,10.07828140258789
s4,456,robust_mahalanobis,87862,67259,70319,50717,0.7212417696497391,8773,6281,0.71594665450815,8770,6356,0.7247434435575827,1.2854509353637695,10.109125137329102
s4,457,robust_mahalanobis,88065,67334,70469,50890,0.7221615178305354,8732,6234,0.7139257901969767,8864,6370,0.7186371841155235,1.2914457321166992,10.059831619262695
s4,458,robust_mahalanobis,87988,67438,70239,50866,0.7241845698258802,8843,6341,0.7170643446794075,8906,6374,0.7156972827307433,1.2964754104614258,10.162610054016113
s4,459,robust_mahalanobis,87766,67087,69967,50444,0.7209684565580917,8840,6282,0.710633484162896,8959,6461,0.7211742381962273,1.2909338474273682,10.009796142578125
s4,460,robust_mahalanobis,87577,67095,69958,50510,0.7220046313502387,8743,6280,0.718288916847764,8876,6394,0.7203695358269491,1.2963221073150635,10.579994201660156
s4,461,robust_mahalanobis,88167,67515,70613,50934,0.7213119397278122,8798,6395,0.7268697431234371,8756,6320,0.7217907720420284,1.2887744903564453,10.06967544555664
s4,462,robust_mahalanobis,87517,67159,70128,50871,0.72540212183436,8603,6156,0.7155643380216203,8786,6284,0.715228773048031,1.295985221862793,10.17393684387207
s4,463,robust_mahalanobis,87669,67074,70012,50499,0.7212906358909901,8883,6445,0.725543172351683,8774,6315,0.7197401413266469,1.2977306842803955,10.345512390136719
s4,464,robust_mahalanobis,88135,67565,70353,50855,0.7228547467769676,8942,6432,0.7193021695370163,8840,6357,0.7191176470588235,1.2908536195755005,10.200414657592773
s4,465,robust_mahalanobis,88011,67385,70379,50794,0.7217209679023573,8923,6415,0.718928611453547,8709,6242,0.7167298197267195,1.2911312580108643,10.017406463623047
s4,466,robust_mahalanobis,88205,67344,70742,50859,0.7189364168386532,8748,6369,0.7280521262002744,8715,6257,0.7179575444635685,1.2991077899932861,10.02324390411377
s4,467,robust_mahalanobis,87707,67197,70069,50570,0.7217171645092695,8871,6381,0.7193101115995942,8767,6386,0.7284133683129919,1.2883942127227783,10.043560981750488
s4,468,robust_mahalanobis,87799,67190,70074,50631,0.7225361760424693,9010,6435,0.7142064372918979,8715,6194,0.7107286288009179,1.297297477722168,10.147953033447266
s4,469,robust_mahalanobis,87906,67413,70340,50875,0.7232726755757748,8751,6284,0.7180893612158611,8815,6377,0.723425978445831,1.303564190864563,9.885214805603027
s4,470,robust_mahalanobis,87471,66963,70066,50535,0.7212485370935975,8694,6305,0.7252127904301817,8711,6285,0.7215015497646654,1.2914588451385498,10.046375274658203
s4,471,robust_mahalanobis,87871,67153,70289,50582,0.7196289604347764,8768,6397,0.7295848540145985,8814,6274,0.7118221012026322,1.2873648405075073,10.159943580627441
s4,472,robust_mahalanobis,87872,67234,70284,50669,0.7209179898696716,8842,6377,0.7212169192490386,8746,6339,0.7247884747313057,1.3056107759475708,10.052000999450684
s4,473,robust_mahalanobis,87773,67028,70291,50651,0.7205901182228166,8749,6310,0.7212252828894731,8733,6262,0.7170502690942402,1.3026745319366455,9.920352935791016
s4,474,robust_mahalanobis,87686,67020,70097,50480,0.7201449420089305,8926,6454,0.7230562401971767,8663,6174,0.712686136442341,1.3040103912353516,9.997714042663574
s4,475,robust_mahalanobis,87803,67143,70057,50486,0.7206417631357324,8980,6459,0.7192650334075724,8766,6299,0.718571754506046,1.2951396703720093,10.047598838806152
s4,476,robust_mahalanobis,88079,67518,70523,51012,0.723338485316847,8755,6301,0.7197030268418046,8801,6333,0.7195773207590047,1.2980527877807617,9.943880081176758
s4,477,robust_mahalanobis,88048,67200,70525,50709,0.7190216235377526,8740,6312,0.7221967963386727,8783,6259,0.7126266651485825,1.2955503463745117,10.351954460144043
s4,478,robust_mahalanobis,87837,67431,70316,50876,0.7235337618749644,8788,6364,0.7241693218024579,8733,6257,0.7164777281575633,1.3050460815429688,10.26003646850586
s4,479,robust_mahalanobis,88258,67488,70642,50955,0.72131309985561,8868,6388,0.7203428055931439,8748,6326,0.7231367169638775,1.3120828866958618,10.06846809387207
s4,480,robust_mahalanobis,87636,67223,70155,50795,0.7240396265412301,8854,6361,0.7184323469618251,8627,6218,0.7207604033847224,1.3056937456130981,10.002678871154785
s4,481,robust_mahalanobis,87726,67155,70178,50718,0.7227051212630738,8799,6284,0.7141720650073872,8749,6271,0.7167676305863527,1.2997698783874512,9.921401977539062
s4,482,robust_mahalanobis,87479,66932,69982,50478,0.7212997627961476,8762,6303,0.7193563113444419,8735,6272,0.7180309101316542,1.303579330444336,10.284943580627441
s4,483,robust_mahalanobis,87606,67189,69960,50573,0.7228845054316753,8858,6397,0.7221720478663355,8788,6372,0.7250796540737369,1.319283127784729,9.957520484924316
s4,484,robust_mahalanobis,87647,67206,70259,50786,0.722839778533711,8813,6415,0.727901963009191,8575,6179,0.7205830903790087,1.2987854480743408,10.016413688659668
s4,485,robust_mahalanobis,88492,67964,70787,51252,0.7240312486756043,8869,6440,0.7261247040252565,8836,6393,0.7235174287007696,1.3051583766937256,10.190129280090332
s4,486,robust_mahalanobis,87830,67189,70370,50860,0.7227511723745914,8720,6223,0.7136467889908257,8740,6309,0.7218535469107551,1.3153716325759888,10.224013328552246
s4,487,robust_mahalanobis,87492,66731,69839,50226,0.7191683729721216,8812,6292,0.7140263277349069,8841,6324,0.7153036986766202,1.300101637840271,9.874913215637207
s4,488,robust_mahalanobis,87813,67202,70133,50630,0.7219140775383913,8937,6430,0.7194808101152512,8743,6261,0.7161157497426512,1.3161067962646484,9.776045799255371
s4,489,robust_mahalanobis,87767,67371,70245,50898,0.7245782617979928,8769,6339,0.7228874444064317,8753,6382,0.7291214440763167,1.3138002157211304,10.511595726013184
s4,490,robust_mahalanobis,87422,66924,70001,50545,0.7220611134126655,8793,6320,0.7187535539633799,8628,6218,0.720676866017617,1.318950891494751,9.800087928771973
s4,491,robust_mahalanobis,88238,67678,70620,51087,0.7234069668649108,8711,6289,0.721960739295144,8907,6467,0.7260581565061188,1.3071669340133667,9.995294570922852
s4,492,robust_mahalanobis,87986,67551,70306,50876,0.7236366739680824,8835,6409,0.7254102999434069,8845,6402,0.7237987563595252,1.3112080097198486,10.117391586303711
s4,493,robust_mahalanobis,87491,66704,69886,50281,0.7194717110723178,8748,6192,0.7078189300411523,8857,6370,0.7192051484701366,1.303318738937378,9.964801788330078
s4,494,robust_mahalanobis,87979,67485,70582,51185,0.7251848913320676,8655,6210,0.7175043327556326,8742,6241,0.7139098604438343,1.3136448860168457,10.14306354522705
s4,495,robust_mahalanobis,87554,67161,70102,50743,0.7238452540583721,8790,6376,0.7253697383390216,8662,6203,0.7161163703532671,1.3098360300064087,9.75549030303955
s4,496,robust_mahalanobis,87598,67044,70326,50760,0.7217814179677502,8539,6136,0.7185853144396299,8733,6267,0.7176228100309172,1.3036577701568604,10.307638168334961
s4,497,robust_mahalanobis,87930,67296,70544,50896,0.721478793377183,8590,6133,0.7139697322467986,8796,6375,0.7247612551159618,1.305363655090332,10.595065116882324
s4,498,robust_mahalanobis,87402,67071,70215,50753,0.7228227586698,8577,6225,0.7257782441413082,8610,6243,0.7250871080139373,1.3092832565307617,10.153356552124023
s4,499,robust_mahalanobis,87813,67136,70262,50669,0.7211437192223392,8812,6335,0.71890603722197,8739,6284,0.7190754090857078,1.3071937561035156,9.964366912841797
s4,500,robust_mahalanobis,87464,66921,69987,50428,0.7205338134224928,8770,6335,0.7223489167616876,8707,6269,0.7199954059951763,1.315993070602417,10.112967491149902
s4,501,robust_mahalanobis,87777,67118,70231,50637,0.7210063931881933,8790,6342,0.7215017064846416,8756,6263,0.7152809502055734,1.2926814556121826,9.950150489807129
s4,502,robust_mahalanobis,87516,67054,69895,50546,0.7231704699907003,8749,6307,0.7208823865584638,8872,6424,0.7240757439134355,1.3049442768096924,9.911921501159668
s4,503,robust_mahalanobis,87631,67100,70017,50649,0.7233814645014782,8762,6313,0.7204976032869208,8852,6361,0.7185946678716674,1.3190338611602783,9.974529266357422
s4,504,robust_mahalanobis,87937,67609,70446,51029,0.7243704397694688,8812,6378,0.7237857467090332,8679,6283,0.7239313284940662,1.2994906902313232,10.497654914855957
s4,505,robust_mahalanobis,87966,67391,70250,50724,0.722049822064057,8884,6412,0.7217469608284557,8832,6370,0.7212409420289855,1.310130000114441,10.086335182189941
s4,506,robust_mahalanobis,88184,67428,70381,50683,0.7201233287392904,8921,6419,0.719538168366775,8882,6404,0.7210087818058996,1.298670768737793,10.385108947753906
s4,507,robust_mahalanobis,87361,66760,69856,50340,0.7206252863032524,8702,6234,0.7163870374626523,8803,6343,0.7205498125638987,1.3023496866226196,10.009406089782715
s4,508,robust_mahalanobis,88121,67474,70233,50699,0.7218686372502955,8949,6485,0.7246619734048497,8939,6439,0.7203266584629153,1.312309741973877,9.720412254333496
s4,509,robust_mahalanobis,88034,67352,70380,50755,0.7211565785734584,8838,6380,0.7218827789092555,8816,6374,0.7230036297640653,1.3075499534606934,9.708040237426758
s4,510,robust_mahalanobis,87849,67202,70127,50568,0.7210917335690961,8965,6470,0.7216954824316788,8757,6329,0.7227360968368163,1.3001198768615723,9.972123146057129
s4,511,robust_mahalanobis,87301,67105,69864,50743,0.7263111187449902,8614,6196,0.7192941722776874,8823,6378,0.7228833730023801,1.3078522682189941,9.902551651000977
s4,512,robust_mahalanobis,87761,67430,70094,50810,0.7248837275658402,8677,6296,0.7255964042871961,8990,6501,0.7231368186874305,1.310394287109375,10.025254249572754
s4,513,robust_mahalanobis,87540,67197,69991,50589,0.7227929305196382,8860,6445,0.7274266365688488,8689,6339,0.729543100471861,1.3119516372680664,9.591443061828613
s4,514,robust_mahalanobis,87885,67372,70167,50713,0.7227471603460316,8906,6440,0.7231080170671458,8812,6392,0.7253744893327281,1.305443525314331,9.786173820495605
s4,515,robust_mahalanobis,87693,66976,70176,50504,0.7196762425900592,8616,6234,0.7235376044568245,8901,6433,0.7227277833951241,1.3119298219680786,10.054181098937988
s4,516,robust_mahalanobis,87477,67136,70043,50684,0.723612637950973,8689,6291,0.7240188744389457,8745,6316,0.7222412807318468,1.3101098537445068,10.3480863571167
s4,517,robust_mahalanobis,87310,66963,69863,50557,0.7236591615017963,8716,6267,0.7190224873795319,8731,6303,0.7219104340854426,1.3044228553771973,10.055274963378906
s4,518,robust_mahalanobis,87425,67050,70076,50623,0.7224013927735601,8745,6325,0.7232704402515723,8604,6256,0.7271036727103672,1.2878998517990112,10.272294998168945
s4,519,robust_mahalanobis,88148,67581,70787,51198,0.7232683967395143,8661,6229,0.719201016048955,8700,6299,0.7240229885057471,1.308639645576477,9.700393676757812
s4,520,robust_mahalanobis,87391,66807,69903,50479,0.7221292362273436,8789,6356,0.7231766981454091,8699,6206,0.7134153350959881,1.304630160331726,10.187215805053711
s4,521,robust_mahalanobis,88044,67503,70344,50838,0.722705561241897,8859,6327,0.7141889603792753,8841,6416,0.725709761339215,1.3040729761123657,10.195930480957031
s4,522,robust_mahalanobis,87350,66976,69814,50516,0.7235797977483026,8824,6355,0.7201949229374434,8712,6325,0.726010101010101,1.309984803199768,9.878511428833008
s4,523,robust_mahalanobis,88554,67640,70611,50919,0.7211199388197307,8833,6278,0.7107438016528925,9110,6595,0.7239297475301866,1.3123912811279297,10.002930641174316
s4,524,robust_mahalanobis,87979,67447,70214,50855,0.7242857549776398,8839,6301,0.7128634460911868,8926,6426,0.7199193367689894,1.3181049823760986,10.122973442077637
s4,525,robust_mahalanobis,88190,67486,70533,50843,0.7208398905476869,8814,6326,0.7177218062173815,8843,6402,0.7239624561800294,1.3002533912658691,10.146409034729004
s4,526,robust_mahalanobis,87396,66973,69999,50622,0.7231817597394249,8685,6284,0.7235463442717329,8712,6224,0.7144168962350781,1.3072803020477295,9.909773826599121
s4,527,robust_mahalanobis,87507,67111,69942,50617,0.7236996368419547,8803,6313,0.7171418834488242,8762,6391,0.7293996804382561,1.3083420991897583,9.989094734191895
s4,528,robust_mahalanobis,87267,66683,69653,50269,0.721706172024177,8744,6215,0.7107731015553522,8870,6390,0.7204058624577226,1.3002042770385742,10.349556922912598
s4,529,robust_mahalanobis,87894,67133,70253,50475,0.7184746558865813,8886,6376,0.7175331982894441,8755,6347,0.7249571673329526,1.3084901571273804,9.635153770446777
s4,530,robust_mahalanobis,87302,66895,69874,50553,0.7234879926725248,8846,6357,0.7186298892154647,8582,6192,0.7215101374970869,1.316734790802002,10.053598403930664
s4,531,robust_mahalanobis,87459,66889,69847,50232,0.719171904305124,8840,6447,0.7292986425339366,8772,6364,0.7254901960784313,1.298770785331726,10.04588794708252
s4,532,robust_mahalanobis,87806,67263,70228,50752,0.7226747166372387,8838,6341,0.7174700158406879,8740,6257,0.7159038901601831,1.3034489154815674,10.454728126525879
s4,533,robust_mahalanobis,87872,67069,70378,50732,0.7208502657080338,8738,6199,0.7094300755321584,8756,6346,0.7247601644586569,1.3167624473571777,9.936722755432129
s4,534,robust_mahalanobis,88035,67267,70517,50831,0.7208332742459265,8732,6332,0.7251488776912506,8786,6314,0.7186432961529706,1.3062795400619507,10.03767204284668
s4,535,robust_mahalanobis,87828,67122,70282,50772,0.7224040294812327,8681,6190,0.7130514917636217,8865,6398,0.7217146080090242,1.3114811182022095,10.180914878845215
s4,536,robust_mahalanobis,88160,67671,70507,51123,0.7250769427149077,8821,6305,0.7147715678494502,8832,6380,0.7223731884057971,1.299214243888855,10.20865535736084
s4,537,robust_mahalanobis,87570,66933,70225,50602,0.7205695977216091,8733,6248,0.7154471544715447,8612,6190,0.7187645146307478,1.3036741018295288,9.73896598815918
s4,538,robust_mahalanobis,87604,67122,70080,50657,0.7228453196347032,8754,6388,0.7297235549463102,8770,6257,0.7134549600912201,1.3018784523010254,9.781890869140625
s4,539,robust_mahalanobis,87807,67234,70127,50648,0.7222325209976186,8814,6335,0.7187429090083958,8866,6356,0.7168960072185878,1.302657127380371,10.10447883605957
s4,540,robust_mahalanobis,88060,67402,70533,50932,0.7221017112557243,8807,6387,0.7252185761326218,8720,6269,0.7189220183486239,1.3092305660247803,10.069036483764648
s4,541,robust_mahalanobis,87555,67098,70054,50641,0.7228852028435208,8782,6302,0.7176041903894329,8719,6297,0.7222158504415644,1.3045324087142944,9.93535041809082
s4,542,robust_mahalanobis,87288,67131,69780,50578,0.7248208655775293,8746,6305,0.7209009833066544,8762,6376,0.7276877425245378,1.2999663352966309,9.890905380249023
s4,543,robust_mahalanobis,87970,67393,70357,50817,0.7222735477635488,8843,6379,0.7213615288929096,8770,6378,0.7272519954389965,1.3143080472946167,10.272307395935059
s4,544,robust_mahalanobis,87656,66859,70393,50500,0.7174008779282031,8579,6233,0.7265415549597856,8684,6233,0.7177567941040995,1.3020739555358887,10.065013885498047
s4,545,robust_mahalanobis,87782,67241,70186,50769,0.7233493859174194,8849,6437,0.7274268278901571,8747,6217,0.71075797416257,1.3156849145889282,9.818735122680664
s4,546,robust_mahalanobis,87840,67576,70428,51086,0.7253649116828534,8688,6311,0.7264042357274402,8724,6300,0.7221458046767538,1.3060500621795654,9.688901901245117
s4,547,robust_mahalanobis,87883,67393,70391,50889,0.722947535906579,8680,6342,0.7306451612903225,8812,6293,0.7141398093508852,1.3034530878067017,9.828784942626953
s4,548,robust_mahalanobis,87314,66760,69970,50334,0.7193654423324282,8706,6324,0.7263955892487939,8638,6268,0.7256309330863626,1.2980413436889648,9.84751033782959
s4,549,robust_mahalanobis,87815,67097,70400,50598,0.7187215909090909,8682,6220,0.7164247869154573,8733,6303,0.7217451047749914,1.3005967140197754,10.266244888305664
s4,550,robust_mahalanobis,88212,67519,70723,51066,0.7220564738486772,8828,6357,0.7200951517897598,8661,6165,0.7118115691028749,1.3122869729995728,9.980707168579102
s4,551,robust_mahalanobis,87439,66975,70037,50650,0.7231891714379542,8762,6269,0.7154759187400137,8640,6247,0.7230324074074074,1.3127299547195435,9.981304168701172
s4,552,robust_mahalanobis,87987,67299,70315,50730,0.7214676811491147,8787,6302,0.7171958575167862,8885,6451,0.7260551491277434,1.3195044994354248,9.966787338256836
s4,553,robust_mahalanobis,87950,67259,70563,50891,0.7212136672193643,8720,6280,0.7201834862385321,8667,6227,0.7184723664474443,1.3050878047943115,10.357010841369629
s4,554,robust_mahalanobis,88035,67481,70204,50803,0.7236482251723548,8930,6409,0.7176931690929451,8901,6438,0.7232895180316818,1.309551477432251,9.556090354919434
s4,555,robust_mahalanobis,87848,67502,70082,50695,0.723366913044719,8911,6520,0.7316799461339917,8855,6396,0.7223037831733484,1.304010033607483,9.906951904296875
s4,556,robust_mahalanobis,87178,66757,69779,50436,0.7227962567534645,8619,6179,0.7169045132846038,8780,6331,0.7210706150341686,1.3028981685638428,10.058318138122559
s4,557,robust_mahalanobis,87828,67052,70176,50512,0.7197902416780666,8828,6327,0.7166968735840508,8824,6328,0.7171350861287398,1.3089654445648193,9.775156021118164
s4,558,robust_mahalanobis,87777,67079,70276,50677,0.7211138937901986,8534,6177,0.7238106397937661,8967,6363,0.7096018735362998,1.3099522590637207,9.883368492126465
s4,559,robust_mahalanobis,87600,67093,70225,50766,0.7229049483802065,8696,6262,0.7201011959521619,8679,6258,0.7210508123055651,1.3142633438110352,10.043708801269531
s4,560,robust_mahalanobis,87483,66934,70137,50523,0.720347320244664,8734,6337,0.7255553011220518,8612,6251,0.7258476544356711,1.3091477155685425,9.699655532836914
s4,561,robust_mahalanobis,87964,67450,70222,50779,0.7231209592435419,8876,6365,0.7171022983325822,8866,6372,0.7187006541845251,1.31095290184021,10.37393569946289
s4,562,robust_mahalanobis,87773,67281,70109,50702,0.7231881784079077,8787,6412,0.7297143507454193,8877,6336,0.7137546468401487,1.3098777532577515,10.24210262298584
s4,563,robust_mahalanobis,87860,67192,70157,50567,0.7207691320894565,8830,6343,0.7183465458663647,8873,6364,0.7172320522934745,1.298691749572754,9.883087158203125
s4,564,robust_mahalanobis,87782,67026,69958,50276,0.7186597672889448,9011,6492,0.7204527799356343,8813,6342,0.7196187450357426,1.2967811822891235,9.8189115524292
s4,565,robust_mahalanobis,88119,67473,70451,50910,0.7226299129891698,8894,6398,0.719361367213852,8774,6314,0.719626168224299,1.3170701265335083,10.002336502075195
s4,566,robust_mahalanobis,87319,66911,69930,50525,0.7225082225082226,8719,6327,0.7256566119967887,8670,6308,0.7275663206459054,1.3111106157302856,9.872171401977539
s4,567,robust_mahalanobis,87755,67039,70029,50425,0.7200588327692813,8853,6378,0.7204337512707557,8873,6401,0.7214020060858785,1.3056201934814453,10.108013153076172
s4,568,robust_mahalanobis,87821,67252,70262,50769,0.7225669636503373,8813,6366,0.722341994780438,8746,6301,0.7204436313743425,1.301108479499817,10.011077880859375
s4,569,robust_mahalanobis,87826,67186,70245,50731,0.7222008683892092,8771,6311,0.7195302702086421,8810,6305,0.7156640181611805,1.3100967407226562,10.248429298400879
s4,570,robust_mahalanobis,88129,67408,70570,50908,0.7213830239478531,8712,6323,0.7257805325987144,8847,6370,0.7200180852266305,1.3102697134017944,9.821922302246094
s4,571,robust_mahalanobis,87605,67010,70075,50582,0.7218266143417766,8657,6200,0.7161834353702207,8873,6393,0.7205003944550885,1.3070483207702637,10.134503364562988
s4,572,robust_mahalanobis,88016,67226,70141,50609,0.7215323419968349,8886,6365,0.7162952959711907,8989,6405,0.7125375458894204,1.3129327297210693,9.521819114685059
s4,573,robust_mahalanobis,87491,66864,70029,50550,0.7218438075654372,8776,6311,0.7191203281677302,8686,6222,0.7163251208841814,1.3159501552581787,10.351215362548828
s4,574,robust_mahalanobis,87452,67011,69988,50710,0.7245527804766532,8745,6311,0.7216695254431104,8719,6288,0.7211836219749971,1.3129419088363647,9.75851821899414
s4,575,robust_mahalanobis,88118,67584,70424,50890,0.7226229694422356,8844,6411,0.7248982360922659,8850,6389,0.7219209039548022,1.310950517654419,9.795612335205078
s4,576,robust_mahalanobis,88156,67409,70652,50945,0.7210694672479194,8668,6213,0.7167743424088602,8836,6398,0.7240832956088727,1.312982201576233,9.989500999450684
s4,577,robust_mahalanobis,87695,67028,70027,50521,0.7214502977422994,8787,6336,0.7210652099692728,8881,6333,0.7130953721427767,1.317869782447815,9.957128524780273
s4,578,robust_mahalanobis,87879,67186,70298,50744,0.7218413041622805,8827,6372,0.7218760620822476,8754,6268,0.7160155357550834,1.3143939971923828,9.946891784667969
s4,579,robust_mahalanobis,87913,67457,69983,50560,0.7224611691410772,8996,6527,0.7255446865273455,8934,6421,0.7187150212670697,1.3043150901794434,10.304348945617676
s4,580,robust_mahalanobis,87554,66942,70003,50548,0.7220833392854592,8812,6296,0.7144802541988198,8739,6256,0.715871381164893,1.3147008419036865,10.510233879089355
s4,581,robust_mahalanobis,87576,67130,70285,50792,0.7226577505868962,8669,6276,0.723958934133118,8622,6197,0.7187427511018325,1.3064944744110107,9.913979530334473
s4,582,robust_mahalanobis,87745,67204,70204,50731,0.7226226425844681,8813,6353,0.720866901168728,8728,6255,0.7166590284142988,1.3200898170471191,10.242671012878418
s4,583,robust_mahalanobis,87962,67434,70512,51025,0.7236356932153393,8739,6336,0.7250257466529351,8711,6229,0.7150728963379634,1.3135027885437012,9.955422401428223
s4,584,robust_mahalanobis,88134,67539,70362,50856,0.7227764986782639,8969,6417,0.7154643772995875,8803,6405,0.7275928660683858,1.3182990550994873,10.058218002319336
s4,585,robust_mahalanobis,87382,66837,69837,50377,0.7213511462405315,8798,6336,0.7201636735621733,8747,6314,0.7218474905681949,1.3146449327468872,10.253155708312988
s4,586,robust_mahalanobis,87812,67147,70466,50950,0.7230437374052735,8768,6334,0.7223996350364964,8578,6059,0.7063418046164607,1.3188213109970093,10.112095832824707
s4,587,robust_mahalanobis,88286,67603,70873,51310,0.7239710468020262,8781,6326,0.720419086664389,8632,6194,0.7175625579240037,1.3285307884216309,10.015424728393555
s4,588,robust_mahalanobis,87462,66939,69999,50527,0.7218245974942499,8741,6282,0.7186820729893605,8722,6345,0.7274707635863334,1.3169515132904053,9.85015869140625
s4,589,robust_mahalanobis,87992,67432,70263,50835,0.7234960078561974,8850,6388,0.7218079096045198,8879,6358,0.716071629688028,1.3211627006530762,10.139450073242188
s4,590,robust_mahalanobis,87859,67553,70479,51174,0.7260886221427659,8452,6094,0.7210127780407004,8928,6485,0.7263664874551972,1.320075273513794,10.347573280334473
s4,591,robust_mahalanobis,87088,66604,69589,50266,0.7223268045237035,8881,6377,0.7180497691701385,8618,6173,0.7162914829426781,1.323519229888916,10.629487037658691
s4,592,robust_mahalanobis,87499,67028,69980,50504,0.7216919119748499,8817,6396,0.7254168084382443,8702,6316,0.7258101585842335,1.3241493701934814,9.785050392150879
s4,593,robust_mahalanobis,87982,67341,70310,50733,0.7215616555255298,8841,6370,0.7205067300079177,8831,6380,0.7224549881100668,1.3119564056396484,10.527168273925781
s4,594,robust_mahalanobis,88014,67442,70503,50913,0.7221394834262371,8744,6324,0.7232387923147301,8767,6346,0.7238508041519334,1.3214046955108643,10.18270492553711
s4,595,robust_mahalanobis,87782,67325,70353,50993,0.7248162835984251,8612,6188,0.718532280538783,8817,6232,0.7068163774526482,1.334870457649231,10.569223403930664
s4,596,robust_mahalanobis,87600,67147,70076,50657,0.7228865802842628,8829,6383,0.7229584324385547,8695,6326,0.7275445658424382,1.3178215026855469,10.554733276367188
s4,597,robust_mahalanobis,87432,67202,70097,50853,0.7254661397777366,8703,6262,0.7195220039066988,8632,6257,0.7248609823911029,1.3191567659378052,10.281503677368164
s4,598,robust_mahalanobis,87679,67223,70061,50727,0.7240404790111474,8822,6295,0.7135570165495353,8796,6360,0.723055934515689,1.317562460899353,9.967976570129395
s4,599,robust_mahalanobis,87983,67404,70255,50808,0.7231940787132588,8769,6242,0.7118257498004333,8959,6505,0.7260855006139078,1.3216290473937988,9.764657974243164
s4,600,robust_mahalanobis,88198,67628,70555,51159,0.7250938983771525,8881,6341,0.713996171602297,8762,6323,0.7216388952293997,1.32957923412323,10.198369026184082
s4,601,robust_mahalanobis,87430,66723,70006,50468,0.7209096363168871,8798,6318,0.718117754035008,8626,6120,0.7094829584975655,1.3161888122558594,10.099005699157715
s4,602,robust_mahalanobis,87621,66926,70034,50563,0.7219778964502955,8728,6173,0.7072639780018332,8859,6356,0.7174624675471272,1.3198317289352417,9.967011451721191
s4,603,robust_mahalanobis,87520,66924,70096,50561,0.721310773795937,8619,6264,0.7267664462234598,8805,6285,0.7137989778534923,1.3222997188568115,9.755985260009766
s4,604,robust_mahalanobis,87637,67270,70130,50774,0.7239982888920576,8716,6314,0.7244148692060578,8791,6318,0.7186895688772609,1.315154790878296,10.256427764892578
s4,605,robust_mahalanobis,87840,67360,70621,51012,0.7223347163025162,8503,6245,0.7344466658826296,8716,6301,0.7229233593391464,1.319664716720581,9.896495819091797
s4,606,robust_mahalanobis,87880,67243,70520,50915,0.7219937606352808,8671,6250,0.7207934494291316,8689,6272,0.7218322016342502,1.3178399801254272,9.586960792541504
s4,607,robust_mahalanobis,87584,67042,70123,50703,0.7230580551316972,8695,6223,0.7156986774008051,8766,6353,0.7247319187770933,1.326932668685913,9.91791820526123
s4,608,robust_mahalanobis,87690,67165,70077,50560,0.7214920730054083,8812,6363,0.7220835224693599,8801,6408,0.7280990796500397,1.3156119585037231,10.063628196716309
s4,609,robust_mahalanobis,87592,67164,70133,50875,0.7254074401494304,8722,6272,0.7191011235955056,8737,6234,0.7135172255923086,1.3233847618103027,9.961040496826172
s4,610,robust_mahalanobis,87618,67091,70101,50621,0.7221152337341835,8603,6176,0.7178891084505405,8914,6423,0.7205519407673323,1.3248076438903809,10.224434852600098
s4,611,robust_mahalanobis,87980,67322,70472,50811,0.7210097627426496,8826,6365,0.7211647405393157,8682,6298,0.7254088919603778,1.3107718229293823,10.243188858032227
s4,612,robust_mahalanobis,87651,67086,70180,50636,0.7215161014534055,8683,6206,0.7147299320511344,8788,6350,0.7225762403277196,1.30411696434021,10.670413970947266
s4,613,robust_mahalanobis,88418,67806,70805,51111,0.721855801143987,8678,6300,0.7259737266651302,8935,6478,0.7250139899272524,1.3036105632781982,10.199237823486328
s4,614,robust_mahalanobis,87649,67194,70045,50699,0.7238061246341637,8858,6350,0.7168661097313164,8746,6309,0.7213583352389664,1.31882643699646,10.484334945678711
s4,615,robust_mahalanobis,87370,66913,69683,50300,0.7218403340843534,8769,6360,0.7252822442695861,8918,6429,0.7209015474321597,1.3154078722000122,10.033053398132324
s4,616,robust_mahalanobis,87679,67170,70043,50669,0.7233984837885299,8769,6332,0.7220891777853803,8867,6374,0.7188451561971354,1.3264538049697876,10.088299751281738
s4,617,robust_mahalanobis,87651,67247,69943,50660,0.724304076176315,8858,6412,0.7238654323775119,8850,6362,0.7188700564971752,1.3218693733215332,10.169843673706055
s4,618,robust_mahalanobis,87976,67265,70306,50725,0.721488919864592,8773,6326,0.7210760287244956,8897,6384,0.7175452399685287,1.317217230796814,10.247001647949219
s4,619,robust_mahalanobis,87321,66686,70023,50467,0.7207203347471545,8561,6070,0.7090293190047892,8737,6315,0.722788142382969,1.3208985328674316,10.184222221374512
s4,620,robust_mahalanobis,87335,66844,69914,50574,0.7233744314443459,8713,6239,0.7160564673476415,8708,6183,0.7100367478180983,1.319556474685669,10.278807640075684
s4,621,robust_mahalanobis,87552,66974,70289,50823,0.7230576619385679,8699,6214,0.7143349810323025,8564,6134,0.7162540868752919,1.3186650276184082,10.057809829711914
s4,622,robust_mahalanobis,87423,66861,69999,50434,0.7204960070858155,8690,6241,0.7181818181818181,8734,6336,0.72544080604534,1.3147095441818237,10.23584270477295
s4,623,robust_mahalanobis,87557,66907,69997,50429,0.7204451619355116,8837,6370,0.7208328618309381,8723,6281,0.7200504413619168,1.3269283771514893,10.14530086517334
s4,624,robust_mahalanobis,88118,67436,70444,50829,0.7215518709897223,8905,6382,0.7166760247052217,8769,6376,0.7271068536891322,1.3112499713897705,10.285661697387695
s4,625,robust_mahalanobis,87763,67072,70089,50565,0.7214398835765955,8764,6295,0.7182793245093565,8910,6388,0.7169472502805836,1.3165874481201172,10.163187980651855
s4,626,robust_mahalanobis,87975,67180,70366,50638,0.719637324844385,8853,6297,0.7112843104032531,8756,6357,0.7260164458656921,1.3120954036712646,10.00940990447998
s4,627,robust_mahalanobis,87937,67198,70323,50578,0.7192241514156108,8935,6492,0.7265808617795187,8679,6288,0.7245074317317663,1.310901403427124,10.399089813232422
s4,628,robust_mahalanobis,87683,67207,70215,50850,0.7242042298654133,8667,6214,0.7169724241375331,8801,6340,0.7203726849221679,1.3188170194625854,10.06322956085205
s4,629,robust_mahalanobis,87173,66661,69882,50369,0.7207721587819467,8811,6352,0.7209170355237771,8480,6146,0.7247641509433962,1.3188365697860718,10.230167388916016
s4,630,robust_mahalanobis,88103,67597,70476,51102,0.7250979056700153,8882,6336,0.7133528484575546,8745,6322,0.7229273870783305,1.3113945722579956,9.762443542480469
s4,631,robust_mahalanobis,87572,67200,70141,50758,0.7236566344933776,8741,6385,0.7304656217824047,8690,6249,0.719102416570771,1.3222229480743408,10.069439888000488
s4,632,robust_mahalanobis,87738,66973,70298,50666,0.7207317420125751,8765,6275,0.7159155733029093,8675,6206,0.7153890489913545,1.3152140378952026,10.110854148864746
s4,633,robust_mahalanobis,88172,67429,70376,50790,0.7216948959872684,8868,6389,0.7204555705908886,8928,6439,0.7212141577060932,1.3245149850845337,10.036898612976074
s4,634,robust_mahalanobis,87554,67190,70197,50748,0.7229368776443438,8696,6289,0.7232060717571297,8661,6207,0.7166608936612401,1.3126962184906006,10.4225435256958
s4,635,robust_mahalanobis,88347,67735,70716,51195,0.7239521466146275,8892,6354,0.7145748987854251,8739,6285,0.7191898386543083,1.3189383745193481,10.311116218566895
s4,636,robust_mahalanobis,87867,67221,70204,50689,0.7220243860748675,8728,6282,0.7197525206232814,8935,6419,0.7184107442641299,1.3028321266174316,9.7945556640625
s4,637,robust_mahalanobis,87645,67190,70044,50596,0.7223459539717891,8745,6272,0.7172098341909663,8856,6482,0.73193315266486,1.3097227811813354,10.182076454162598
s4,638,robust_mahalanobis,88127,67565,70544,51040,0.723520072578816,8776,6361,0.7248176845943483,8807,6341,0.7199954581582831,1.3159382343292236,10.259007453918457
s4,639,robust_mahalanobis,88574,67753,70643,50945,0.7211613323329983,8837,6312,0.7142695484893063,9094,6544,0.719595337585221,1.3191522359848022,10.508661270141602
s4,640,robust_mahalanobis,87680,67074,69827,50353,0.721110745127243,8895,6365,0.7155705452501405,8958,6451,0.7201384237553026,1.3125746250152588,9.93637752532959
s4,641,robust_mahalanobis,88260,67615,70795,51184,0.7229889116463027,8899,6394,0.7185076974941005,8566,6145,0.7173710016343684,1.314226508140564,10.263398170471191
s4,642,robust_mahalanobis,87772,67391,70161,50845,0.7246903550405496,8859,6442,0.7271701094931707,8752,6274,0.7168647166361974,1.319557547569275,10.014225006103516
s4,643,robust_mahalanobis,87737,67072,70119,50486,0.7200045636703318,8778,6289,0.7164502164502164,8840,6361,0.7195701357466063,1.3045634031295776,10.00365924835205
s4,644,robust_mahalanobis,87730,66960,70212,50559,0.7200905828063578,8884,6354,0.7152183701035569,8634,6170,0.714616631920315,1.3063801527023315,10.276262283325195
s4,645,robust_mahalanobis,87659,66862,70040,50369,0.7191462021701884,8813,6328,0.7180301826846703,8806,6310,0.7165568930274813,1.3077285289764404,10.369522094726562
s4,646,robust_mahalanobis,88197,67525,70744,51058,0.7217290512269592,8732,6228,0.7132386623912048,8721,6281,0.7202155716087605,1.3039274215698242,10.469853401184082
s4,647,robust_mahalanobis,87662,67076,70322,50750,0.7216802707545291,8737,6269,0.7175231772919767,8603,6117,0.7110310356852261,1.3048985004425049,10.556161880493164
s4,648,robust_mahalanobis,87775,67167,70094,50589,0.7217308186150027,9030,6426,0.7116279069767442,8651,6275,0.725349670558317,1.3081518411636353,10.644675254821777
s4,649,robust_mahalanobis,87402,66777,69867,50310,0.7200824423547597,8713,6237,0.7158269252840583,8822,6379,0.7230786669689413,1.30964195728302,10.39811897277832
s4,650,robust_mahalanobis,87853,67270,70201,50654,0.7215566729818663,8761,6333,0.7228626869078872,8891,6465,0.7271398042964796,1.307429313659668,10.325498580932617
s4,651,robust_mahalanobis,87720,67282,70172,50746,0.7231659351308214,8814,6377,0.7235080553664625,8734,6349,0.7269292420425921,1.307619571685791,10.297669410705566
s4,652,robust_mahalanobis,87775,67307,70386,50937,0.7236808456227091,8726,6336,0.7261058904423562,8663,6271,0.7238831813459541,1.3251631259918213,9.842447280883789
s4,653,robust_mahalanobis,87486,66937,69893,50416,0.7213311776572762,8857,6461,0.7294795077339957,8736,6253,0.7157738095238095,1.3181347846984863,10.51601505279541
s4,654,robust_mahalanobis,87848,67218,70081,50659,0.7228635436138183,8947,6432,0.7189001900078239,8820,6284,0.7124716553287982,1.3215537071228027,10.381577491760254
s4,655,robust_mahalanobis,87497,66943,70020,50566,0.7221650956869465,8835,6339,0.7174872665534805,8642,6244,0.722517935663041,1.318837285041809,9.935503959655762
s4,656,robust_mahalanobis,87591,67174,70143,50882,0.7254038179148311,8719,6288,0.7211836219749971,8729,6167,0.706495589414595,1.3170157670974731,10.809639930725098
s4,657,robust_mahalanobis,88089,67450,70433,50863,0.7221472889128675,8891,6448,0.7252277584073783,8765,6323,0.7213918996006845,1.3035098314285278,10.215558052062988
s4,658,robust_mahalanobis,87764,67377,70325,50856,0.7231567721293992,8726,6354,0.7281686912674765,8713,6346,0.7283369677493401,1.3122183084487915,9.994108200073242
s4,659,robust_mahalanobis,87725,67101,70204,50618,0.7210130476895903,8783,6248,0.7113742457019242,8738,6386,0.7308308537422751,1.3191970586776733,10.261092185974121
s4,660,robust_mahalanobis,87770,67352,70195,50869,0.7246812451029275,8660,6259,0.7227482678983834,8915,6385,0.7162086371284352,1.3102372884750366,9.793213844299316
s4,661,robust_mahalanobis,88145,67602,70593,51032,0.7229045372770672,8611,6222,0.7225641621182208,8941,6445,0.7208365954591209,1.3096144199371338,10.413199424743652
s4,662,robust_mahalanobis,87671,66968,70081,50486,0.7203949715329404,8714,6242,0.7163185678218958,8876,6399,0.7209328526363227,1.3096084594726562,10.1380033493042
s4,663,robust_mahalanobis,87744,67415,70109,50839,0.7251422784521245,8808,6387,0.7251362397820164,8827,6395,0.7244817038631471,1.3168387413024902,10.21225643157959
s4,664,robust_mahalanobis,87771,67079,70257,50744,0.7222625503508547,8686,6223,0.7164402486760304,8828,6336,0.7177163570457635,1.3220813274383545,9.907876968383789
s4,665,robust_mahalanobis,88215,67494,70651,51032,0.7223110783994565,8859,6304,0.7115927305564962,8705,6310,0.7248707639287766,1.3218412399291992,10.093453407287598
s4,666,robust_mahalanobis,87670,67359,70147,50876,0.7252769184712105,8756,6332,0.7231612608497031,8767,6362,0.7256758298163568,1.3110116720199585,9.983311653137207
s4,667,robust_mahalanobis,87928,67402,70085,50615,0.7221944781336948,8896,6460,0.7261690647482014,8947,6441,0.7199061137811557,1.305364966392517,9.99630069732666
s4,668,robust_mahalanobis,88299,67864,70623,51327,0.7267745635274627,8812,6285,0.7132319564230595,8864,6432,0.7256317689530686,1.3143562078475952,10.023658752441406
s4,669,robust_mahalanobis,87491,66700,70186,50425,0.7184481235574046,8692,6225,0.71617579383341,8613,6222,0.7223963775687914,1.3126189708709717,10.1134672164917
s4,670,robust_mahalanobis,87511,67056,70017,50555,0.7220389334018881,8768,6365,0.7259352189781022,8726,6311,0.7232408892963558,1.3138628005981445,10.370362281799316
s4,671,robust_mahalanobis,87986,67374,70378,50931,0.7236778538747904,8735,6312,0.722610188895249,8873,6372,0.7181336639242646,1.3105103969573975,10.14563274383545
s4,672,robust_mahalanobis,88158,67519,70476,51053,0.7244026335206312,8874,6330,0.7133198106828939,8808,6336,0.7193460490463215,1.320966362953186,10.039902687072754
s4,673,robust_mahalanobis,88001,67318,70363,50817,0.7222119579892842,8692,6223,0.715945697192821,8946,6445,0.7204337133914599,1.3115532398223877,10.004558563232422
s4,674,robust_mahalanobis,88213,67406,70600,50938,0.721501416430595,8777,6301,0.7178990543465876,8836,6356,0.7193300135808058,1.3140993118286133,10.099223136901855
s4,675,robust_mahalanobis,87632,67156,70246,50820,0.7234575634199812,8618,6225,0.7223253655140404,8768,6329,0.7218293795620438,1.3117754459381104,10.373162269592285
s4,676,robust_mahalanobis,87935,67598,70329,51041,0.7257461360178589,8924,6525,0.7311743612729718,8682,6283,0.7236811794517393,1.315779209136963,9.794748306274414
s4,677,robust_mahalanobis,87850,67314,70499,51016,0.7236414700917744,8686,6265,0.7212756159336864,8665,6247,0.7209463358338142,1.314657211303711,10.119301795959473
s4,678,robust_mahalanobis,87486,67043,70027,50670,0.7235780484670199,8671,6177,0.7123745819397993,8788,6368,0.7246244879380974,1.3261903524398804,10.161528587341309
s4,679,robust_mahalanobis,87761,67218,70239,50838,0.7237859308930936,8733,6320,0.7236917439596932,8789,6348,0.7222664694504495,1.320937156677246,10.027406692504883
s4,680,robust_mahalanobis,87774,67142,70255,50728,0.7220553697245747,8724,6287,0.7206556625401193,8795,6326,0.7192723138146674,1.3100001811981201,10.107117652893066
s4,681,robust_mahalanobis,87741,67114,70155,50610,0.7214026085097285,8857,6384,0.720785819126115,8729,6295,0.7211593538778783,1.3138428926467896,10.251175880432129
s4,682,robust_mahalanobis,88146,67243,70487,50766,0.7202179125228766,8748,6324,0.7229080932784636,8911,6391,0.7172034564021995,1.3129621744155884,9.94922924041748
s4,683,robust_mahalanobis,87172,66606,69653,50223,0.7210457553874206,8755,6267,0.7158195316961736,8764,6380,0.7279780921953446,1.307981014251709,10.164441108703613
s4,684,robust_mahalanobis,87875,67152,70096,50665,0.7227944533211595,8922,6390,0.7162071284465367,8857,6384,0.720785819126115,1.3278303146362305,9.970130920410156
s4,685,robust_mahalanobis,87854,67148,70268,50707,0.7216229293561792,8756,6269,0.7159661946094107,8830,6406,0.7254813137032843,1.308341383934021,9.974547386169434
s4,686,robust_mahalanobis,87452,67003,69769,50401,0.7223981997735384,8857,6465,0.7299311279214181,8826,6390,0.7239972807613868,1.3138930797576904,9.899906158447266
s4,687,robust_mahalanobis,87763,67216,70187,50760,0.7232108510122958,8693,6274,0.7217301276889452,8883,6409,0.7214904874479342,1.3158435821533203,10.143232345581055
s4,688,robust_mahalanobis,88052,67241,70359,50944,0.7240580451683509,8834,6310,0.7142857142857143,8859,6321,0.7135116830342025,1.3264440298080444,9.970333099365234
s4,689,robust_mahalanobis,88209,67609,70575,51124,0.7243924902585902,8813,6293,0.7140587768069897,8821,6329,0.7174923478063712,1.305035948753357,10.069257736206055
s4,690,robust_mahalanobis,88112,67258,70587,50936,0.7216059614376585,8907,6348,0.7126978780734254,8618,6199,0.7193084242283593,1.3328680992126465,9.991455078125
s4,691,robust_mahalanobis,87942,67393,70393,50948,0.7237651471026949,8750,6383,0.7294857142857143,8799,6322,0.7184907375838163,1.3173617124557495,9.968212127685547
s4,692,robust_mahalanobis,87795,67028,70094,50593,0.7217878848403573,8766,6249,0.7128678986995208,8935,6366,0.7124790151091215,1.3143119812011719,10.68236255645752
s4,693,robust_mahalanobis,87742,67074,70235,50594,0.7203531003061152,8790,6327,0.7197952218430034,8717,6293,0.7219226798210393,1.2956905364990234,9.97195816040039
s4,694,robust_mahalanobis,87916,67102,70265,50688,0.7213833345193197,8827,6362,0.7207431743514218,8824,6308,0.714868540344515,1.3287169933319092,9.2850923538208
s4,695,robust_mahalanobis,87754,67101,70206,50636,0.7212488961057459,8808,6347,0.7205949137148048,8740,6330,0.7242562929061785,1.3112766742706299,10.1943359375
s4,696,robust_mahalanobis,87491,67012,69748,50530,0.7244652176406492,8934,6388,0.7150212670696217,8809,6321,0.7175615847428766,1.3152453899383545,10.43114948272705
s4,697,robust_mahalanobis,87798,67395,70235,50911,0.7248665195415391,8775,6324,0.7206837606837607,8788,6324,0.7196176604460628,1.3110437393188477,10.298232078552246
s4,698,robust_mahalanobis,87961,67174,70382,50773,0.7213918331391549,8824,6323,0.7165684496826836,8755,6291,0.7185608223872073,1.314621925354004,10.122968673706055
s4,699,robust_mahalanobis,87513,67029,70022,50596,0.7225729056582217,8730,6289,0.720389461626575,8761,6331,0.722634402465472,1.3000198602676392,9.825833320617676
s4,700,robust_mahalanobis,87516,66965,70095,50622,0.7221913117911406,8676,6281,0.7239511295527893,8745,6258,0.7156089193825043,1.307141661643982,10.280842781066895
s4,701,robust_mahalanobis,87461,67054,69800,50556,0.7242979942693409,8782,6364,0.7246640856296971,8879,6355,0.7157337538011037,1.3154551982879639,9.832982063293457
s4,702,robust_mahalanobis,87438,67111,70033,50828,0.7257721359930318,8660,6203,0.7162817551963049,8745,6330,0.7238421955403087,1.3182222843170166,10.222261428833008
s4,703,robust_mahalanobis,87579,67224,70142,50864,0.7251575375666505,8730,6277,0.7190148911798396,8707,6312,0.7249339611806592,1.3110592365264893,9.868337631225586
s4,704,robust_mahalanobis,87975,67339,70187,50753,0.7231111174434012,8940,6492,0.7261744966442953,8848,6336,0.7160940325497287,1.3193365335464478,9.616434097290039
s4,705,robust_mahalanobis,87327,67009,69926,50642,0.7242227497640362,8722,6348,0.7278147213941757,8679,6243,0.7193225025924646,1.321638822555542,9.735554695129395
s4,706,robust_mahalanobis,87574,66953,70076,50536,0.7211598835549974,8810,6353,0.7211123723041998,8688,6238,0.7180018416206262,1.3066641092300415,10.092708587646484
s4,707,robust_mahalanobis,87866,67361,70283,50897,0.7241722749455771,8781,6281,0.7152943856052841,8802,6349,0.7213133378777551,1.3253957033157349,9.780208587646484
s4,708,robust_mahalanobis,87868,67087,70384,50774,0.7213855421686747,8689,6230,0.7169985038554494,8795,6238,0.7092666287663445,1.3110325336456299,9.958313941955566
s4,709,robust_mahalanobis,88114,67551,70537,51194,0.7257751251116435,8750,6306,0.7206857142857143,8827,6282,0.7116800725048148,1.3176772594451904,9.991226196289062
s4,710,robust_mahalanobis,87679,67225,70162,50767,0.7235683133320031,8703,6278,0.7213604504193956,8814,6410,0.7272520989335148,1.3096070289611816,9.581493377685547
s4,711,robust_mahalanobis,88186,67439,70610,50993,0.7221781617334655,8763,6302,0.7191601049868767,8813,6303,0.7151934642006127,1.3068523406982422,10.039032936096191
s4,712,robust_mahalanobis,87922,67153,70285,50665,0.7208508216546916,8871,6365,0.7175064817946116,8766,6289,0.7174309833447411,1.3070658445358276,10.118477821350098
s4,713,robust_mahalanobis,87679,67283,69855,50692,0.7256746116956553,8921,6450,0.7230131151216231,8903,6399,0.7187464899472088,1.315439224243164,9.78364086151123
s4,714,robust_mahalanobis,87653,67036,70086,50532,0.7209999143908912,8770,6351,0.7241733181299886,8797,6369,0.7239968170967376,1.3149293661117554,9.961921691894531
s4,715,robust_mahalanobis,87341,66781,69860,50438,0.7219868308044661,8559,6184,0.7225143124196752,8922,6456,0.7236045729657028,1.3119332790374756,10.393694877624512
s4,716,robust_mahalanobis,88123,67496,70631,51063,0.7229545100593224,8865,6402,0.722165820642978,8627,6179,0.7162397125304277,1.3136241436004639,9.884954452514648
s4,717,robust_mahalanobis,88018,67484,70413,50904,0.7229346853563973,8812,6392,0.7253744893327281,8793,6327,0.7195496417604913,1.306464433670044,9.902886390686035
s4,718,robust_mahalanobis,87424,66716,69742,50195,0.7197241260646382,8821,6340,0.7187393719532933,8861,6401,0.7223789639995486,1.3128011226654053,9.964344024658203
s4,719,robust_mahalanobis,87259,66781,69684,50363,0.7227340565983583,8825,6387,0.7237393767705382,8750,6288,0.7186285714285714,1.3088719844818115,9.741412162780762
