dataset,run_id,candidate,total,inside,train_total,train_accepted,train_retention,validation_total,validation_accepted,validation_retention,test_total,test_accepted,test_retention,distance_p50,distance_p99
s3,0,baseline_3sigma,87352,66999,70081,52001,0.7420128137440961,8774,6571,0.7489172555276955,8497,6296,0.7409674002589149,0.5727970004081726,5.299360752105713
s3,1,baseline_3sigma,88279,67693,70481,52310,0.7421858373178587,8910,6601,0.7408529741863075,8888,6568,0.738973897389739,0.5959149599075317,5.210349082946777
s3,2,baseline_3sigma,87695,67118,70181,51964,0.7404283210555563,8726,6494,0.744212697685079,8788,6497,0.7393035958124715,0.57887864112854,5.403224468231201
s3,3,baseline_3sigma,87985,67415,70184,52122,0.7426478969565713,8903,6548,0.7354824216556217,8898,6583,0.739829175095527,0.5758851766586304,5.39055061340332
s3,4,baseline_3sigma,87896,67187,70327,52025,0.7397585564576905,8818,6529,0.7404173281923339,8751,6505,0.7433436178722431,0.564924418926239,5.393049240112305
s3,5,baseline_3sigma,87626,67142,70128,51931,0.7405173397216518,8765,6522,0.7440958357102111,8733,6502,0.7445322340547349,0.5724114775657654,5.367939472198486
s3,6,baseline_3sigma,87981,67277,70580,52239,0.7401388495324455,8689,6398,0.7363332949706526,8712,6421,0.7370293847566575,0.584343433380127,5.33055305480957
s3,7,baseline_3sigma,87778,67234,70166,51975,0.7407433799846079,8775,6508,0.7416524216524216,8837,6605,0.7474255969220324,0.5753558874130249,5.390052318572998
s3,8,baseline_3sigma,87953,67545,70217,52229,0.7438227209934916,8896,6602,0.7421312949640287,8840,6569,0.7430995475113122,0.5834471583366394,5.299911022186279
s3,9,baseline_3sigma,87431,66852,69956,51740,0.7396077534450226,8742,6461,0.7390757263784031,8733,6428,0.7360586281919157,0.5764051675796509,5.374917507171631
s3,10,baseline_3sigma,87654,67124,70183,52039,0.7414758559765185,8691,6408,0.7373144632378322,8780,6527,0.7433940774487472,0.5773167014122009,5.440359115600586
s3,11,baseline_3sigma,87866,67176,70191,52049,0.7415338148765511,8883,6496,0.731284475965327,8792,6442,0.7327115559599636,0.5879178047180176,5.356168746948242
s3,12,baseline_3sigma,87837,67017,70060,51755,0.7387239508992293,8876,6629,0.7468454258675079,8901,6473,0.7272216604875856,0.585756242275238,5.354477405548096
s3,13,baseline_3sigma,88003,67386,70407,52286,0.7426250230800915,8837,6462,0.7312436347176644,8759,6475,0.7392396392282224,0.5665540099143982,5.418654918670654
s3,14,baseline_3sigma,87218,66876,69705,51617,0.7405064199124883,8788,6572,0.7478379608557123,8725,6482,0.7429226361031519,0.5843633413314819,5.460300445556641
s3,15,baseline_3sigma,88085,67502,70381,52229,0.742089484377886,8860,6580,0.7426636568848759,8844,6536,0.7390321121664405,0.5904749631881714,5.352820873260498
s3,16,baseline_3sigma,87818,67305,70362,52137,0.7409823484267076,8708,6512,0.7478180983004135,8748,6509,0.744055784179241,0.5881815552711487,5.391571521759033
s3,17,baseline_3sigma,88481,67787,70931,52559,0.7409877204607295,8811,6572,0.74588582453751,8739,6496,0.7433344776290194,0.5636551976203918,5.393324851989746
s3,18,baseline_3sigma,86969,66412,69456,51341,0.7391873992167703,8595,6374,0.7415939499709133,8918,6555,0.7350302758466024,0.5857642889022827,5.314733505249023
s3,19,baseline_3sigma,87342,66864,69750,51618,0.7400430107526882,8858,6620,0.7473470309324904,8734,6494,0.7435310281657889,0.570067286491394,5.324555397033691
s3,20,baseline_3sigma,87875,67293,70384,52072,0.7398272334621505,8700,6451,0.7414942528735632,8791,6549,0.7449664429530202,0.5847989916801453,5.27780818939209
s3,21,baseline_3sigma,87701,67197,70178,51926,0.7399184929750064,8641,6392,0.7397291980094897,8882,6657,0.7494933573519478,0.5884776711463928,5.379042625427246
s3,22,baseline_3sigma,87553,67036,70092,51895,0.7403840666552531,8614,6363,0.7386812166241004,8847,6472,0.7315474172035719,0.5893102884292603,5.364198684692383
s3,23,baseline_3sigma,87616,66845,70269,51833,0.7376367957420769,8636,6372,0.7378415933302455,8711,6481,0.7440018367581219,0.5721254944801331,5.348048686981201
s3,24,baseline_3sigma,87753,67532,70122,52179,0.7441173953965945,8907,6675,0.7494105759514988,8724,6571,0.7532095369096745,0.5680568218231201,5.407490253448486
s3,25,baseline_3sigma,87665,67205,70155,52179,0.7437673722471669,8748,6533,0.7467992684042066,8762,6461,0.7373887240356083,0.5637726187705994,5.268214702606201
s3,26,baseline_3sigma,88075,67371,70413,52129,0.7403320409583457,8871,6589,0.742757299064367,8791,6477,0.7367762484359004,0.5783392786979675,5.324944496154785
s3,27,baseline_3sigma,87856,67124,70240,51898,0.738866742596811,8795,6506,0.7397384877771461,8821,6509,0.7378981974832786,0.5948495864868164,5.272060871124268
s3,28,baseline_3sigma,87680,67051,69956,51749,0.7397364057407513,8845,6533,0.7386093838326738,8879,6560,0.738821939407591,0.5831800103187561,5.457876205444336
s3,29,baseline_3sigma,87847,67114,70429,52122,0.7400644620823809,8595,6345,0.7382198952879581,8823,6493,0.7359174883826363,0.5677435994148254,5.391984939575195
s3,30,baseline_3sigma,87508,66917,69793,51699,0.7407476394480822,8911,6599,0.7405453933340814,8804,6463,0.7340981372103589,0.5795659422874451,5.379214286804199
s3,31,baseline_3sigma,87346,66899,69873,51805,0.7414165700628282,8791,6524,0.7421226254123535,8682,6425,0.7400368578668509,0.565559983253479,5.284194469451904
s3,32,baseline_3sigma,87803,67453,70255,52156,0.7423813251725856,8757,6506,0.7429484983441818,8791,6553,0.7454214537595268,0.5977650880813599,5.413204669952393
s3,33,baseline_3sigma,87714,67107,70051,51955,0.7416739232844641,8858,6579,0.7427184466019418,8805,6516,0.7400340715502556,0.586226761341095,5.281868934631348
s3,34,baseline_3sigma,87784,67261,70186,52077,0.7419855811700339,8793,6412,0.7292164221539861,8805,6535,0.7421919363997729,0.5889392495155334,5.322807312011719
s3,35,baseline_3sigma,87847,67216,70316,52050,0.7402298196711986,8736,6489,0.7427884615384616,8795,6547,0.7444002274019329,0.5759514570236206,5.4038214683532715
s3,36,baseline_3sigma,87096,66761,69614,51599,0.7412158473870198,8716,6527,0.7488526847177605,8766,6518,0.7435546429386265,0.5737228989601135,5.377145767211914
s3,37,baseline_3sigma,87561,66838,70092,51844,0.7396564515208583,8697,6424,0.7386455099459583,8772,6413,0.7310761513907889,0.5839387774467468,5.500349521636963
s3,38,baseline_3sigma,87717,67291,70199,52126,0.7425461901166683,8851,6506,0.735058185515761,8667,6435,0.7424714434060229,0.5844130516052246,5.4066267013549805
s3,39,baseline_3sigma,87211,66798,69714,51630,0.7405972975299079,8776,6577,0.7494302643573382,8721,6435,0.737874097007224,0.5886991024017334,5.241323947906494
s3,40,baseline_3sigma,88164,67528,70758,52422,0.7408632239464089,8698,6389,0.7345366750977236,8708,6497,0.7460955443270556,0.5871133804321289,5.344876289367676
s3,41,baseline_3sigma,87489,66754,70049,51805,0.7395537409527616,8719,6421,0.7364376648698245,8721,6403,0.7342047930283224,0.572974443435669,5.432885646820068
s3,42,baseline_3sigma,87563,66998,70046,51902,0.7409702195699969,8764,6484,0.7398448197170242,8753,6499,0.7424882897292356,0.5774791240692139,5.354720115661621
s3,43,baseline_3sigma,87945,67388,70135,52130,0.7432808155699722,8819,6587,0.7469100805079941,8991,6587,0.7326215103992881,0.5665706992149353,5.341151714324951
s3,44,baseline_3sigma,87448,66986,69644,51499,0.7394606857733617,8953,6696,0.7479057299229308,8851,6548,0.7398034120438368,0.577897310256958,5.395467758178711
s3,45,baseline_3sigma,87644,67082,70054,51939,0.741413766522968,8861,6529,0.736824286197946,8729,6442,0.7379997708786803,0.57936692237854,5.353847980499268
s3,46,baseline_3sigma,87616,67217,69987,51933,0.742037807021304,8817,6553,0.7432233185890893,8812,6546,0.7428506581933727,0.5815737247467041,5.369187831878662
s3,47,baseline_3sigma,88077,67531,70537,52328,0.7418517940938798,8705,6457,0.7417576105686388,8835,6592,0.7461233729485003,0.5810614228248596,5.349823474884033
s3,48,baseline_3sigma,87527,66959,70084,51884,0.7403116260487415,8687,6452,0.7427190054103834,8756,6522,0.7448606669712198,0.5806798338890076,5.382245063781738
s3,49,baseline_3sigma,87625,67235,69985,52021,0.7433164249482032,8835,6521,0.7380871533672891,8805,6476,0.7354911981828507,0.5829046964645386,5.405858039855957
s3,50,baseline_3sigma,87768,67106,70341,51960,0.7386872521004819,8815,6549,0.7429381735677821,8612,6435,0.7472131908964236,0.5780168175697327,5.399415016174316
s3,51,baseline_3sigma,87899,67507,70431,52416,0.7442177450270477,8757,6429,0.7341555327166838,8711,6481,0.7440018367581219,0.5690252780914307,5.35094690322876
s3,52,baseline_3sigma,88152,67317,70534,52162,0.7395298721184109,8710,6400,0.7347876004592423,8908,6581,0.7387741356084419,0.5806381702423096,5.315094470977783
s3,53,baseline_3sigma,87674,67060,70192,52021,0.7411243446546615,8691,6447,0.7418018639972386,8791,6487,0.737913775452167,0.5723795294761658,5.328394412994385
s3,54,baseline_3sigma,87438,66586,70073,51603,0.7364177357898192,8842,6534,0.738973083012893,8523,6248,0.7330752082600024,0.5819833278656006,5.373882293701172
s3,55,baseline_3sigma,87883,67064,70386,51923,0.7376893132156963,8755,6476,0.7396916047972587,8742,6463,0.7393045069778083,0.5765866637229919,5.350266933441162
s3,56,baseline_3sigma,87457,67020,69874,51734,0.7403898445773821,8907,6693,0.7514314584035029,8676,6431,0.7412402028584602,0.5819627046585083,5.497255325317383
s3,57,baseline_3sigma,87400,66837,69988,51810,0.7402697605303766,8604,6367,0.7400046490004649,8808,6487,0.7364895549500454,0.5886482000350952,5.292361736297607
s3,58,baseline_3sigma,87911,67308,70433,52192,0.741016284980052,8680,6410,0.738479262672811,8798,6517,0.7407365310297795,0.5752732753753662,5.329696178436279
s3,59,baseline_3sigma,87786,67088,70348,52110,0.7407460055722977,8765,6465,0.737592698231603,8673,6366,0.7340020754064338,0.5859599113464355,5.4008965492248535
s3,60,baseline_3sigma,87938,67352,70271,52103,0.7414580694738939,8875,6559,0.7390422535211267,8792,6530,0.7427206551410374,0.5739036202430725,5.361806869506836
s3,61,baseline_3sigma,87386,66737,69833,51586,0.7387051966835164,8754,6462,0.7381768334475668,8799,6530,0.7421297874758496,0.5835270285606384,5.402839183807373
s3,62,baseline_3sigma,88011,67474,70422,52249,0.7419414387549346,8803,6555,0.7446325116437578,8786,6534,0.7436831322558616,0.5889984965324402,5.222352981567383
s3,63,baseline_3sigma,87498,67244,69754,52086,0.7467098661008688,8800,6501,0.73875,8944,6589,0.7366949910554562,0.5801020860671997,5.405705451965332
s3,64,baseline_3sigma,87893,67165,70302,51939,0.7387983272168643,8731,6495,0.7439010422632001,8860,6563,0.740744920993228,0.5842010378837585,5.3888468742370605
s3,65,baseline_3sigma,88333,67789,70647,52400,0.7417158548841423,8849,6591,0.74482992428523,8837,6575,0.7440307796763608,0.5791650414466858,5.222545623779297
s3,66,baseline_3sigma,87311,66777,69948,51752,0.739863898896323,8711,6428,0.737917575479279,8652,6395,0.7391354600092465,0.5799652934074402,5.312554836273193
s3,67,baseline_3sigma,87896,67283,70253,51991,0.7400538055314364,8839,6580,0.7444281027265528,8804,6481,0.7361426624261699,0.5792078971862793,5.276047706604004
s3,68,baseline_3sigma,87440,66830,69796,51558,0.7386956272565763,8911,6670,0.7485130737290989,8733,6463,0.7400664147486545,0.574327826499939,5.393886566162109
s3,69,baseline_3sigma,87702,67052,70039,51888,0.7408443866988392,8829,6584,0.745724317589761,8834,6485,0.7340955399592484,0.5782681107521057,5.257924556732178
s3,70,baseline_3sigma,87382,67126,69850,51918,0.743278453829635,8706,6502,0.7468412589019068,8826,6556,0.7428053478359393,0.5853949785232544,5.327345848083496
s3,71,baseline_3sigma,87761,67160,70060,51957,0.7416071938338566,8805,6479,0.735831913685406,8896,6572,0.7387589928057554,0.576969563961029,5.209898948669434
s3,72,baseline_3sigma,87669,67097,70076,51968,0.7415948398881215,8797,6467,0.7351369785154029,8796,6457,0.7340836743974534,0.5921590328216553,5.409619331359863
s3,73,baseline_3sigma,87716,67371,70160,52147,0.7432582668187001,8679,6469,0.7453623689365134,8877,6574,0.7405655063647628,0.5704178810119629,5.340170860290527
s3,74,baseline_3sigma,88057,67520,70272,52132,0.7418602003642987,8975,6702,0.7467409470752089,8810,6509,0.7388195232690125,0.5841756463050842,5.421442985534668
s3,75,baseline_3sigma,87552,66939,69944,51740,0.7397346448587442,8813,6589,0.7476455236582321,8795,6434,0.7315520181921547,0.5745058059692383,5.429621696472168
s3,76,baseline_3sigma,87560,66989,69894,51776,0.740778893753398,8866,6567,0.7406947890818859,8800,6540,0.7431818181818182,0.5772560834884644,5.392505168914795
s3,77,baseline_3sigma,88204,67449,70312,52022,0.7398737057685744,8962,6631,0.7399018076322249,8930,6595,0.738521836506159,0.5729789137840271,5.293372631072998
s3,78,baseline_3sigma,87564,67213,69938,51992,0.7434012982927736,8883,6552,0.7375886524822695,8743,6468,0.7397918334667735,0.5809043049812317,5.444990158081055
s3,79,baseline_3sigma,87364,67039,69836,51898,0.7431410733718998,8810,6501,0.737911464245176,8718,6484,0.7437485661849048,0.5840787887573242,5.505733013153076
s3,80,baseline_3sigma,87758,67190,70317,52099,0.7409161369227925,8672,6405,0.7385839483394834,8769,6556,0.7476337096590261,0.5802469253540039,5.314656734466553
s3,81,baseline_3sigma,87814,67187,70237,52073,0.7413898657402793,8962,6616,0.7382280740906048,8615,6303,0.7316308763784097,0.5861743092536926,5.34794282913208
s3,82,baseline_3sigma,87540,67095,70169,51951,0.7403696789180407,8743,6527,0.7465400892142285,8628,6455,0.7481455725544738,0.5683766007423401,5.374605178833008
s3,83,baseline_3sigma,87529,67080,69850,51792,0.7414745884037223,8965,6705,0.7479085331846068,8714,6495,0.7453523066330043,0.5740200877189636,5.252425193786621
s3,84,baseline_3sigma,87783,67124,70187,51939,0.7400088335446735,8823,6529,0.7399977331973252,8773,6549,0.7464949276188305,0.5746111869812012,5.35859489440918
s3,85,baseline_3sigma,87622,67197,70176,52160,0.7432740538075695,8733,6431,0.736402152753922,8713,6397,0.7341902903707105,0.5892115831375122,5.280817031860352
s3,86,baseline_3sigma,87935,67360,70020,51939,0.7417737789203085,8978,6601,0.7352417019380708,8937,6600,0.7385028533064787,0.5892437696456909,5.3752899169921875
s3,87,baseline_3sigma,87394,66831,69828,51674,0.7400183307555709,8739,6539,0.7482549490788419,8827,6516,0.7381896454061403,0.5736727118492126,5.309800624847412
s3,88,baseline_3sigma,87996,67485,70365,52274,0.7428977474596745,8895,6640,0.746486790331647,8736,6487,0.7425595238095238,0.5717865824699402,5.338697910308838
s3,89,baseline_3sigma,87505,66905,69947,51698,0.7391024632936366,8851,6588,0.7443226754039092,8707,6425,0.7379120248076261,0.5900453329086304,5.309523105621338
s3,90,baseline_3sigma,87662,67191,69800,51798,0.7420916905444126,8839,6582,0.7446543726665913,9023,6651,0.7371162584506262,0.5768824219703674,5.409082412719727
s3,91,baseline_3sigma,87677,67210,70081,51833,0.7396155876771164,8908,6694,0.7514593623709026,8688,6489,0.7468922651933702,0.5818238258361816,5.270912170410156
s3,92,baseline_3sigma,87303,66735,69714,51545,0.7393780302378289,8862,6529,0.7367411419544121,8727,6418,0.7354188151713075,0.5849319100379944,5.3314080238342285
s3,93,baseline_3sigma,88139,67560,70572,52334,0.7415688941789945,9000,6672,0.7413333333333333,8567,6414,0.7486868215244543,0.5733165740966797,5.393404483795166
s3,94,baseline_3sigma,87860,67218,70339,52085,0.7404853637384665,8856,6635,0.7492095754290876,8665,6353,0.7331794575879977,0.5701161623001099,5.3187174797058105
s3,95,baseline_3sigma,88102,67362,70381,52083,0.7400150608829087,8937,6614,0.7400693745104622,8784,6510,0.7411202185792349,0.5720534324645996,5.379018306732178
s3,96,baseline_3sigma,87569,67025,69693,51651,0.7411217769359907,9092,6766,0.7441706995160581,8784,6462,0.735655737704918,0.5734513998031616,5.322139263153076
s3,97,baseline_3sigma,87989,67397,70340,52244,0.7427352857549048,8722,6466,0.741343728502637,8927,6564,0.7352974123445727,0.5771957635879517,5.448156833648682
s3,98,baseline_3sigma,87486,66876,69959,51882,0.7416057976814991,8766,6433,0.7338580880675336,8761,6468,0.7382718867709166,0.5673408508300781,5.28604793548584
s3,99,baseline_3sigma,87696,67096,70102,51942,0.7409489030270178,8791,6505,0.7399613240814469,8803,6534,0.7422469612632058,0.5722352266311646,5.498720169067383
s3,100,baseline_3sigma,87684,67100,70331,52020,0.7396453910793249,8530,6322,0.7411488862837046,8823,6543,0.7415844950697041,0.587604820728302,5.400695323944092
s3,101,baseline_3sigma,87370,66807,69963,51796,0.740334176636222,8647,6347,0.7340117959986122,8760,6459,0.7373287671232877,0.5883232355117798,5.33711576461792
s3,102,baseline_3sigma,87946,67422,70529,52437,0.7434814048122049,8729,6443,0.7381143315385497,8688,6430,0.7401012891344383,0.5668510794639587,5.339742183685303
s3,103,baseline_3sigma,87701,67317,70028,52075,0.743631118980979,8870,6568,0.7404735062006764,8803,6491,0.7373622628649324,0.5852672457695007,5.4053473472595215
s3,104,baseline_3sigma,87752,67158,69886,51805,0.7412786538076296,8853,6506,0.7348921269626115,9013,6691,0.742372129146788,0.5802780985832214,5.401318550109863
s3,105,baseline_3sigma,88039,67456,70360,52209,0.7420267197271176,8816,6500,0.7372958257713249,8863,6560,0.7401557034864041,0.5885820388793945,5.332820892333984
s3,106,baseline_3sigma,87584,67086,70010,51920,0.7416083416654764,8879,6624,0.7460299583286406,8695,6401,0.7361702127659574,0.5688843727111816,5.349883079528809
s3,107,baseline_3sigma,87667,67065,70236,52071,0.7413719460105929,8698,6401,0.7359163025982984,8733,6457,0.7393793656246421,0.5807235836982727,5.316677570343018
s3,108,baseline_3sigma,87865,67392,70310,52110,0.7411463518702888,8779,6504,0.7408588677525915,8776,6553,0.7466955332725616,0.5881885290145874,5.19434118270874
s3,109,baseline_3sigma,88473,67975,70729,52645,0.744319868794978,8779,6539,0.7448456544025516,8965,6654,0.7422197434467374,0.5900486707687378,5.2336835861206055
s3,110,baseline_3sigma,87952,67177,70375,52005,0.7389698046181172,8715,6450,0.7401032702237521,8862,6567,0.7410291130670278,0.5807332396507263,5.408421039581299
s3,111,baseline_3sigma,88042,67521,70610,52377,0.7417787848746636,8860,6593,0.7441309255079007,8572,6361,0.7420671955202987,0.5859956741333008,5.349104404449463
s3,112,baseline_3sigma,87327,67041,69829,51930,0.7436738317890847,8795,6517,0.7409891984081864,8703,6474,0.7438814201999311,0.5725939273834229,5.491115570068359
s3,113,baseline_3sigma,87529,66812,69957,51739,0.7395828866303586,8820,6483,0.7350340136054422,8752,6431,0.7348034734917733,0.5901344418525696,5.267709732055664
s3,114,baseline_3sigma,87296,67063,69957,51970,0.742884915019226,8784,6560,0.7468123861566485,8555,6356,0.7429573348918761,0.5917672514915466,5.289462566375732
s3,115,baseline_3sigma,88255,67544,70509,52208,0.7404444822646754,8893,6634,0.745979984257281,8853,6532,0.7378289845250198,0.5710881352424622,5.3494157791137695
s3,116,baseline_3sigma,87339,66776,69902,51745,0.7402506366055335,8686,6376,0.73405480082892,8751,6490,0.7416295280539367,0.5788711309432983,5.370650291442871
s3,117,baseline_3sigma,87949,67240,70378,52027,0.739250902270596,8852,6587,0.7441256213285133,8719,6446,0.7393049661658447,0.5748298764228821,5.232443332672119
s3,118,baseline_3sigma,88021,67458,70462,52376,0.7433226419914281,8779,6491,0.7393780612826062,8780,6452,0.7348519362186788,0.5901435613632202,5.409795761108398
s3,119,baseline_3sigma,87793,67267,70139,51941,0.7405437773563923,8867,6617,0.7462501409721439,8787,6476,0.736997837714806,0.5774491429328918,5.514400005340576
s3,120,baseline_3sigma,87693,67065,70213,51936,0.7396920798142794,8774,6549,0.7464098472760429,8706,6455,0.7414426832069837,0.5767974257469177,5.335747718811035
s3,121,baseline_3sigma,87900,67266,70454,52131,0.7399295994549635,8910,6665,0.7480359147025814,8536,6319,0.7402764761012184,0.5790568590164185,5.295653343200684
s3,122,baseline_3sigma,87515,67280,69941,51994,0.7433980068915228,8734,6488,0.7428440577055186,8840,6568,0.7429864253393665,0.5929403305053711,5.407703876495361
s3,123,baseline_3sigma,87883,67239,70463,52210,0.7409562465407377,8661,6399,0.7388292344994805,8759,6474,0.7391254709441717,0.5841367840766907,5.311094284057617
s3,124,baseline_3sigma,87592,67137,70149,51993,0.7411794893726211,8897,6539,0.7349668427559851,8546,6396,0.7484203135970044,0.5841147303581238,5.39348030090332
s3,125,baseline_3sigma,87618,67137,70100,51985,0.741583452211127,8765,6558,0.7482030804335424,8753,6466,0.7387181537758483,0.5698245763778687,5.351066589355469
s3,126,baseline_3sigma,87834,67172,70288,52095,0.7411649214659686,8777,6490,0.7394326079526033,8769,6434,0.7337210628349868,0.5842441916465759,5.345031261444092
s3,127,baseline_3sigma,87890,67346,70281,52180,0.7424481723367624,8747,6466,0.7392248771007203,8862,6535,0.7374181900248251,0.5843459367752075,5.413681983947754
s3,128,baseline_3sigma,87919,67218,70308,52002,0.7396313364055299,8956,6637,0.7410674408217954,8655,6390,0.7383015597920277,0.5855574607849121,5.330471515655518
s3,129,baseline_3sigma,87978,67402,70399,52079,0.7397690308100967,8750,6525,0.7457142857142857,8829,6579,0.745158002038736,0.5912512540817261,5.325721263885498
s3,130,baseline_3sigma,87150,66763,69786,51765,0.7417676897945147,8689,6452,0.7425480492576821,8675,6446,0.7430547550432277,0.5549276471138,5.39028787612915
s3,131,baseline_3sigma,87780,67200,70193,52044,0.7414414542760674,8808,6488,0.7366030881017257,8779,6546,0.7456430117325435,0.5892666578292847,5.278364658355713
s3,132,baseline_3sigma,87748,67245,70178,52060,0.7418279232808003,8915,6652,0.7461581604038138,8655,6355,0.7342576545349508,0.5857314467430115,5.3000383377075195
s3,133,baseline_3sigma,87907,67235,70190,52006,0.7409317566604929,8829,6511,0.7374561105447955,8888,6569,0.7390864086408641,0.5850164890289307,5.454132556915283
s3,134,baseline_3sigma,88015,67417,70341,52116,0.7409050198319614,8806,6511,0.7393822393822393,8868,6546,0.7381596752368065,0.5839716196060181,5.420033931732178
s3,135,baseline_3sigma,87922,67268,70380,52021,0.7391446433645922,8708,6468,0.7427652733118971,8834,6559,0.742472266244057,0.5742082595825195,5.36983585357666
s3,136,baseline_3sigma,88055,67374,70535,52273,0.7410930743602467,8827,6497,0.7360371587175711,8693,6439,0.7407109168296331,0.5839520692825317,5.296622276306152
s3,137,baseline_3sigma,87673,66982,70102,51779,0.7386237197226898,8798,6510,0.7399408956581042,8773,6520,0.74318933090163,0.585174560546875,5.343553066253662
s3,138,baseline_3sigma,87828,67135,70087,51859,0.7399232382610185,8883,6604,0.7434425306765732,8858,6529,0.7370738315646873,0.5774191617965698,5.3341193199157715
s3,139,baseline_3sigma,87648,66962,70258,52023,0.7404566028067978,8699,6428,0.7389355098287159,8691,6403,0.7367391554481648,0.5850967168807983,5.339794158935547
s3,140,baseline_3sigma,87947,67269,70227,51943,0.7396442963532545,8890,6601,0.74251968503937,8830,6497,0.7357870894677236,0.5812098979949951,5.345953464508057
s3,141,baseline_3sigma,88323,67484,70593,52181,0.7391809386199765,8845,6554,0.740983606557377,8885,6596,0.7423747889701745,0.5793246030807495,5.23865270614624
s3,142,baseline_3sigma,87797,67373,70413,52175,0.7409853294136026,8781,6585,0.7499145883156816,8603,6374,0.7409043356968499,0.585070013999939,5.363405704498291
s3,143,baseline_3sigma,88162,67689,70533,52421,0.7432123970340124,8825,6571,0.7445892351274788,8804,6510,0.7394366197183099,0.5838333368301392,5.305460453033447
s3,144,baseline_3sigma,87681,67090,69990,51832,0.7405629375625089,8867,6503,0.7333934814480658,8824,6578,0.7454669084315503,0.5611087083816528,5.417906284332275
s3,145,baseline_3sigma,87937,67369,70168,52019,0.7413493330293011,8886,6566,0.7389151474229124,8883,6586,0.7414161882246989,0.576314389705658,5.406064510345459
s3,146,baseline_3sigma,87532,67184,69919,51947,0.7429597105221757,8759,6464,0.7379837881036648,8854,6579,0.7430539868985769,0.5763026475906372,5.417304039001465
s3,147,baseline_3sigma,87822,67127,70468,52058,0.7387466651529773,8721,6491,0.7442953789703016,8633,6404,0.7418047028842812,0.5794909000396729,5.3428850173950195
s3,148,baseline_3sigma,87994,67512,70407,52388,0.7440737426676325,8767,6495,0.7408463556518764,8820,6475,0.7341269841269841,0.5772020220756531,5.350895881652832
s3,149,baseline_3sigma,87569,66829,70221,51822,0.737984363651899,8656,6383,0.7374075785582255,8692,6450,0.7420616658996778,0.5844478011131287,5.376256942749023
s3,150,baseline_3sigma,88054,67157,70543,52124,0.7388968430602612,8738,6405,0.7330052643625543,8773,6435,0.7335005129374217,0.590674638748169,5.448879718780518
s3,151,baseline_3sigma,87521,66849,69963,51728,0.739362234323857,8907,6610,0.7421129448748176,8651,6371,0.7364466535660618,0.5687279105186462,5.457825660705566
s3,152,baseline_3sigma,87598,67142,70066,51906,0.7408158022435989,8853,6574,0.74257313904891,8679,6420,0.7397165572070515,0.5703373551368713,5.410890579223633
s3,153,baseline_3sigma,87994,67257,70262,52003,0.7401297998918335,8899,6603,0.7419934824137544,8833,6504,0.7363296728178422,0.5754954218864441,5.515185832977295
s3,154,baseline_3sigma,87359,66816,69770,51660,0.7404328507954708,8808,6503,0.7383060853769301,8781,6486,0.7386402459856508,0.5756641030311584,5.394414901733398
s3,155,baseline_3sigma,87711,67165,70096,52031,0.7422820132389866,8702,6369,0.7319007124798896,8913,6604,0.7409401997082913,0.5848205089569092,5.312386989593506
s3,156,baseline_3sigma,88216,67556,70435,52248,0.7417903031163484,8881,6568,0.7395563562661862,8900,6532,0.7339325842696629,0.5985285043716431,5.351701736450195
s3,157,baseline_3sigma,88090,67651,70382,52325,0.7434429257480606,8858,6533,0.7375254007676676,8850,6654,0.751864406779661,0.5884624123573303,5.45536994934082
s3,158,baseline_3sigma,87696,67027,69939,51725,0.7395730565206823,8933,6637,0.7429754841598567,8824,6531,0.7401405258386219,0.5768579244613647,5.320032596588135
s3,159,baseline_3sigma,87459,66927,69933,51805,0.7407804612986716,8738,6434,0.7363241016250859,8788,6491,0.7386208466090123,0.5870299339294434,5.409228324890137
s3,160,baseline_3sigma,88175,67536,70464,52248,0.7414850136239782,8891,6620,0.7445731638735801,8820,6440,0.7301587301587301,0.580623984336853,5.386937618255615
s3,161,baseline_3sigma,87866,67661,70274,52325,0.7445854796937701,8764,6562,0.7487448653582839,8828,6599,0.7475079293158133,0.572131872177124,5.421036720275879
s3,162,baseline_3sigma,87772,67144,70150,51897,0.739800427655025,8722,6484,0.7434074753496904,8900,6596,0.741123595505618,0.5779969692230225,5.279725074768066
s3,163,baseline_3sigma,88142,67522,70536,52243,0.7406572530339117,8833,6586,0.745613042001585,8773,6569,0.7487746494927618,0.5739052295684814,5.276491641998291
s3,164,baseline_3sigma,86514,66016,69369,51174,0.7377070449336158,8669,6403,0.7386088360825932,8476,6317,0.7452807928268051,0.5759061574935913,5.417125225067139
s3,165,baseline_3sigma,87986,67577,70355,52290,0.743230758297207,8757,6518,0.7443188306497659,8874,6566,0.7399143565472166,0.5791279673576355,5.379940986633301
s3,166,baseline_3sigma,87974,67251,70447,52146,0.7402160489445967,8797,6484,0.7370694554961918,8730,6473,0.7414662084765178,0.5835451483726501,5.361192226409912
s3,167,baseline_3sigma,87495,67048,70063,51987,0.7420036253086508,8799,6511,0.7399704511876349,8633,6382,0.7392563419437044,0.5927900075912476,5.318258285522461
s3,168,baseline_3sigma,87674,67230,70029,51941,0.7417070070970598,8786,6498,0.739585704529934,8859,6614,0.746585393385258,0.5823239088058472,5.403200626373291
s3,169,baseline_3sigma,87240,66820,69735,51663,0.7408474940847494,8718,6542,0.7504014682266575,8787,6494,0.739046318424946,0.5884286165237427,5.193532943725586
s3,170,baseline_3sigma,87186,66756,69768,51661,0.7404684095860566,8763,6473,0.7386739701015634,8655,6430,0.7429231658001155,0.5798595547676086,5.37331485748291
s3,171,baseline_3sigma,87175,67012,69802,52037,0.7454943984413054,8775,6428,0.7325356125356125,8598,6351,0.7386601535240753,0.5741105675697327,5.291783809661865
s3,172,baseline_3sigma,87956,67353,70375,52133,0.7407886323268206,8692,6455,0.7426369075011505,8889,6558,0.7377657779277759,0.5770156383514404,5.390669345855713
s3,173,baseline_3sigma,87848,67340,70149,52171,0.7437169453591641,8752,6428,0.7344606946983546,8947,6601,0.7377892030848329,0.5870485901832581,5.174588680267334
s3,174,baseline_3sigma,87828,67286,70308,52174,0.7420777151959947,8795,6428,0.7308698123934053,8725,6468,0.7413180515759312,0.5667619705200195,5.466574192047119
s3,175,baseline_3sigma,87550,66928,69993,51833,0.7405454831197406,8720,6444,0.7389908256880734,8837,6497,0.7352042548376145,0.5822075009346008,5.3639044761657715
s3,176,baseline_3sigma,88190,67441,70667,52356,0.7408832977202938,8735,6399,0.7325701202060676,8788,6564,0.7469276285844333,0.5827083587646484,5.345515251159668
s3,177,baseline_3sigma,87765,67269,70309,52090,0.7408724345389637,8697,6481,0.7451994940784178,8759,6508,0.7430071926018952,0.5796120762825012,5.284755229949951
s3,178,baseline_3sigma,87716,67041,70185,51850,0.738761843698796,8755,6541,0.7471159337521416,8776,6444,0.7342752962625342,0.5906554460525513,5.306617259979248
s3,179,baseline_3sigma,88121,67584,70527,52348,0.7422405603527727,8882,6536,0.7358702994820986,8712,6518,0.7481634527089073,0.5835844874382019,5.332267761230469
s3,180,baseline_3sigma,87644,67099,69927,51879,0.7419022695096315,8760,6519,0.7441780821917808,8957,6573,0.7338394551747237,0.5783082246780396,5.3049516677856445
s3,181,baseline_3sigma,88277,67760,70637,52518,0.7434913713776067,8867,6550,0.73869403405887,8773,6536,0.7450131084007751,0.5713105201721191,5.301275730133057
s3,182,baseline_3sigma,87722,67291,70063,51968,0.741732440803277,8885,6612,0.7441755768148565,8774,6532,0.7444723045361294,0.574266254901886,5.396223545074463
s3,183,baseline_3sigma,87444,66657,70025,51555,0.7362370581935023,8627,6379,0.7394227425524516,8792,6538,0.7436305732484076,0.580337405204773,5.375443458557129
s3,184,baseline_3sigma,87948,67408,70510,52341,0.742320238264076,8674,6449,0.7434862808392898,8764,6455,0.7365358283888636,0.5820584297180176,5.343610763549805
s3,185,baseline_3sigma,87879,67032,70378,51898,0.737417943107221,8708,6383,0.733004134129536,8793,6521,0.7416126464232913,0.5907084941864014,5.4310102462768555
s3,186,baseline_3sigma,87638,67191,70338,52311,0.7437089482214451,8677,6372,0.7343551918865967,8623,6366,0.7382581468166531,0.5764411687850952,5.466953277587891
s3,187,baseline_3sigma,87990,67322,70661,52427,0.7419510055051585,8579,6316,0.7362163422310293,8750,6459,0.7381714285714286,0.5738096237182617,5.335218906402588
s3,188,baseline_3sigma,88124,67387,70377,52119,0.7405686516901828,8845,6530,0.7382702091577162,8902,6613,0.7428667715120197,0.5807914733886719,5.336533069610596
s3,189,baseline_3sigma,87974,67381,70174,52004,0.7410721919799356,8936,6642,0.7432855863921217,8864,6542,0.7380415162454874,0.5841048955917358,5.369948387145996
s3,190,baseline_3sigma,87531,67079,69967,51897,0.7417353895407836,8787,6539,0.7441675202002959,8777,6494,0.7398883445368577,0.5702857971191406,5.421199321746826
s3,191,baseline_3sigma,87522,66806,69825,51504,0.7376154672395274,8882,6646,0.7482548975455978,8815,6490,0.7362450368689734,0.578885555267334,5.370107650756836
s3,192,baseline_3sigma,87513,66851,69977,51740,0.7393857981908342,8815,6553,0.7433919455473624,8721,6402,0.7340901272789818,0.5761826038360596,5.283245086669922
s3,193,baseline_3sigma,87937,67298,70622,52308,0.74067571011866,8704,6431,0.7388556985294118,8611,6362,0.7388224364185344,0.5887883901596069,5.337021350860596
s3,194,baseline_3sigma,87799,67239,70235,52002,0.7404000854274934,8758,6502,0.7424069422242521,8806,6591,0.7484669543493073,0.570288896560669,5.359018802642822
s3,195,baseline_3sigma,87229,66832,69872,51756,0.7407258987863522,8642,6422,0.7431150196713724,8715,6468,0.7421686746987952,0.5942556858062744,5.323830604553223
s3,196,baseline_3sigma,88007,67521,70470,52307,0.7422591173549028,8703,6445,0.7405492358956681,8834,6637,0.7513017885442608,0.5710845589637756,5.410659313201904
s3,197,baseline_3sigma,87570,66947,70004,51857,0.740771955888235,8765,6450,0.7358813462635482,8801,6457,0.7336666287921827,0.5879079699516296,5.271951198577881
s3,198,baseline_3sigma,87263,66945,69647,51752,0.7430614383964851,8804,6516,0.7401181281235802,8812,6528,0.7408079891057648,0.5877441167831421,5.316915988922119
s3,199,baseline_3sigma,87914,67289,70412,52112,0.7401011191274215,8650,6381,0.7376878612716763,8852,6584,0.7437867148666968,0.5666083693504333,5.269046306610107
s3,200,baseline_3sigma,88576,67777,70822,52554,0.7420575527378498,8885,6582,0.7407990996060777,8869,6594,0.7434885556432518,0.5657278299331665,5.322211265563965
s3,201,baseline_3sigma,87127,66467,69957,51644,0.7382249095873179,8645,6348,0.7342972816657027,8525,6287,0.7374780058651026,0.5834801197052002,5.496829986572266
s3,202,baseline_3sigma,87900,67152,70293,51890,0.7381958374233565,8776,6467,0.7368960802187785,8831,6517,0.7379685199864116,0.5946328639984131,5.435089111328125
s3,203,baseline_3sigma,88070,67282,70257,51903,0.7387591272044067,8780,6494,0.7396355353075171,9033,6650,0.7361895272888298,0.5914032459259033,5.271541595458984
s3,204,baseline_3sigma,87756,67334,70215,52138,0.7425478886277861,8845,6614,0.7477671000565291,8696,6469,0.7439052437902484,0.5785720348358154,5.310703277587891
s3,205,baseline_3sigma,86852,66567,69320,51452,0.7422388920946336,8862,6593,0.7439629880388174,8670,6396,0.7377162629757785,0.5650034546852112,5.435485363006592
s3,206,baseline_3sigma,87386,66898,69868,51705,0.7400383580466021,8789,6519,0.741722607805211,8729,6462,0.7402909840760683,0.5763397216796875,5.32659912109375
s3,207,baseline_3sigma,87448,66908,70108,51934,0.7407713812974268,8838,6551,0.7412310477483594,8502,6318,0.7431192660550459,0.5685893297195435,5.2750983238220215
s3,208,baseline_3sigma,87734,67288,70041,51998,0.7423937408089547,8856,6556,0.7402890695573623,8837,6547,0.7408622835804006,0.5717270374298096,5.446188449859619
s3,209,baseline_3sigma,88042,67387,70524,52357,0.7423997504395666,8715,6411,0.7356282271944923,8803,6458,0.7336135408383505,0.5827596783638,5.400127410888672
s3,210,baseline_3sigma,87697,67057,70209,51982,0.740389408765258,8827,6536,0.740455420867792,8661,6398,0.7387137743909479,0.5808361768722534,5.3995137214660645
s3,211,baseline_3sigma,87470,66854,70045,51733,0.7385680633878221,8796,6518,0.741018644838563,8629,6437,0.7459728821416155,0.5832304954528809,5.415623664855957
s3,212,baseline_3sigma,87885,66970,70294,51859,0.7377443309528552,8890,6529,0.7344206974128233,8701,6378,0.7330191931961844,0.583825945854187,5.3895039558410645
s3,213,baseline_3sigma,87625,66993,70221,52065,0.7414448669201521,8616,6368,0.7390900649953575,8788,6447,0.7336140191169777,0.5717939734458923,5.458719253540039
s3,214,baseline_3sigma,87716,67189,70164,52021,0.7414201014765407,8822,6556,0.743142144638404,8730,6469,0.741008018327606,0.5752094984054565,5.406213283538818
s3,215,baseline_3sigma,87321,66874,69835,51807,0.7418486432304718,8665,6304,0.7275245239469129,8821,6572,0.7450402448701962,0.5887801647186279,5.43109655380249
s3,216,baseline_3sigma,87559,67162,70012,52056,0.7435296806261784,8729,6469,0.7410929086951541,8818,6490,0.7359945565887956,0.5693092346191406,5.4460039138793945
s3,217,baseline_3sigma,88134,67554,70541,52358,0.7422350122623722,8766,6516,0.7433264887063655,8827,6505,0.7369434689022318,0.5858422517776489,5.349544525146484
s3,218,baseline_3sigma,87911,67085,70344,51931,0.7382434891390879,8857,6506,0.7345602348424974,8710,6479,0.743857634902411,0.57200688123703,5.362031936645508
s3,219,baseline_3sigma,87685,67269,70098,51975,0.7414619532654284,8849,6573,0.7427957961351566,8738,6512,0.7452506294346533,0.586976170539856,5.394254207611084
s3,220,baseline_3sigma,87293,66964,69975,51913,0.7418792425866381,8739,6531,0.7473395125300377,8579,6368,0.7422776547383145,0.5819323062896729,5.3822550773620605
s3,221,baseline_3sigma,88121,67408,70548,52270,0.7409139876396212,8692,6429,0.7396456511734929,8881,6546,0.7370791577525053,0.5717915892601013,5.480230808258057
s3,222,baseline_3sigma,87893,67343,70474,52253,0.7414507477935125,8559,6304,0.7365346418974179,8860,6605,0.7454853273137697,0.5841296315193176,5.445582389831543
s3,223,baseline_3sigma,87890,67086,70269,51871,0.7381775747484666,8834,6523,0.7383971021055015,8787,6541,0.7443951291680893,0.5826777815818787,5.472543716430664
s3,224,baseline_3sigma,87149,66857,69578,51669,0.7426054212538447,8878,6542,0.7368776751520613,8693,6533,0.7515242148855401,0.577861487865448,5.356657028198242
s3,225,baseline_3sigma,88020,67299,70630,52368,0.7414413138892821,8673,6385,0.7361927821976249,8717,6406,0.7348858552254216,0.5850840210914612,5.460961818695068
s3,226,baseline_3sigma,87993,67078,70379,52025,0.7392119808465594,8833,6463,0.7316879882259708,8781,6472,0.7370458945450404,0.5812421441078186,5.225559234619141
s3,227,baseline_3sigma,87874,67472,70302,52257,0.7433216693692924,8746,6525,0.7460553395838098,8826,6511,0.7377067754362112,0.5975289940834045,5.208463668823242
s3,228,baseline_3sigma,87303,66736,69917,51733,0.7399201910837135,8746,6502,0.7434255659730162,8640,6363,0.7364583333333333,0.5776209235191345,5.394123554229736
s3,229,baseline_3sigma,87361,66779,69661,51556,0.7400984769096051,8841,6505,0.7357764958715077,8859,6586,0.7434247657749181,0.5757909417152405,5.422105312347412
s3,230,baseline_3sigma,88615,67907,70971,52615,0.7413591466937199,8761,6437,0.7347334779134802,8883,6619,0.7451311493864685,0.5817564129829407,5.3943305015563965
s3,231,baseline_3sigma,87858,67612,70362,52432,0.7451749523890736,8870,6555,0.7390078917700112,8626,6376,0.7391606770229538,0.5811298489570618,5.436256408691406
s3,232,baseline_3sigma,87974,67290,70412,52161,0.7407970232346759,8648,6356,0.7349676225716929,8914,6539,0.7335651783711017,0.5604808926582336,5.34576940536499
s3,233,baseline_3sigma,87849,67310,70392,52260,0.7424139106716673,8732,6483,0.7424415941365093,8725,6418,0.7355873925501433,0.5674155950546265,5.357232093811035
s3,234,baseline_3sigma,87644,67204,70020,51996,0.7425878320479863,8812,6537,0.7418293236495688,8812,6497,0.7372900590104403,0.5827843546867371,5.398200988769531
s3,235,baseline_3sigma,87307,66939,69796,51824,0.7425067339102528,8756,6481,0.7401781635449978,8755,6513,0.743917761279269,0.5854688882827759,5.390829563140869
s3,236,baseline_3sigma,87961,67189,70543,52102,0.7385849765391321,8841,6581,0.7443728085058251,8577,6358,0.7412848315261746,0.5778510570526123,5.267046928405762
s3,237,baseline_3sigma,87579,66961,70112,51969,0.7412283204016431,8752,6450,0.7369744058500914,8715,6406,0.7350545037292026,0.5775108337402344,5.352544784545898
s3,238,baseline_3sigma,87921,67583,70301,52188,0.7423507489224904,8796,6595,0.7497726239199636,8824,6623,0.7505666364460563,0.5827115774154663,5.3911614418029785
s3,239,baseline_3sigma,87314,66716,69791,51543,0.7385336218137009,8766,6531,0.7450376454483231,8757,6487,0.7407788055270069,0.5787630081176758,5.355932235717773
s3,240,baseline_3sigma,87829,67224,70156,51934,0.740264553281259,8991,6709,0.746190635079524,8682,6409,0.7381939645243032,0.5782730579376221,5.2614216804504395
s3,241,baseline_3sigma,88161,67572,70429,52286,0.7423930483181644,8855,6520,0.7363071710897798,8877,6599,0.7433817731215501,0.5828529596328735,5.366548538208008
s3,242,baseline_3sigma,88011,67648,70360,52433,0.7452103467879477,8854,6562,0.7411339507567202,8797,6491,0.7378651813118109,0.5713752508163452,5.374074935913086
s3,243,baseline_3sigma,87865,67282,70288,52150,0.7419474163441839,8789,6420,0.7304585277050859,8788,6490,0.7385070550751024,0.5741281509399414,5.306944370269775
s3,244,baseline_3sigma,88096,67421,70442,52173,0.7406518838193124,8761,6481,0.7397557356466157,8893,6631,0.7456426402788711,0.5842342972755432,5.2216033935546875
s3,245,baseline_3sigma,87493,66932,69998,51764,0.7395068430526587,8741,6467,0.7398466994623041,8754,6514,0.7441169750970985,0.5762039422988892,5.402617931365967
s3,246,baseline_3sigma,87366,66939,69788,51754,0.741588811830114,8771,6564,0.7483753277847451,8807,6480,0.7357783581242193,0.5826101899147034,5.334753036499023
s3,247,baseline_3sigma,88025,67378,70455,52242,0.7414945710027677,8739,6455,0.7386428653163978,8831,6467,0.7323066470388404,0.5859819650650024,5.359829902648926
s3,248,baseline_3sigma,87455,66913,70005,51883,0.7411327762302693,8797,6438,0.7318404001364102,8653,6443,0.7445972495088409,0.594764769077301,5.451463222503662
s3,249,baseline_3sigma,87976,67293,70443,52238,0.7415641014721122,8770,6419,0.731927023945268,8763,6480,0.7394727832933927,0.5859336256980896,5.35978364944458
s3,250,baseline_3sigma,87640,66902,70126,51770,0.7382425919059977,8818,6569,0.7449535041959628,8696,6441,0.7406853725850966,0.5882673263549805,5.281637191772461
s3,251,baseline_3sigma,88042,67500,70618,52360,0.7414540202214733,8725,6493,0.7441833810888252,8699,6470,0.7437636509943671,0.5804159641265869,5.399059295654297
s3,252,baseline_3sigma,87210,66784,69871,51675,0.739577220878476,8665,6460,0.7455279861511829,8674,6458,0.7445238644224118,0.5737067461013794,5.334772109985352
s3,253,baseline_3sigma,88305,67516,70801,52352,0.7394245843985254,8572,6303,0.735300979934671,8932,6638,0.7431706224809673,0.591579794883728,5.280193328857422
s3,254,baseline_3sigma,87418,67191,69974,52004,0.7431903278360534,8676,6502,0.7494236975564776,8768,6571,0.7494297445255474,0.5728195905685425,5.388829708099365
s3,255,baseline_3sigma,87396,66976,70065,51896,0.740683650895597,8592,6414,0.7465083798882681,8739,6466,0.7399015905710036,0.572970986366272,5.392671585083008
s3,256,baseline_3sigma,87564,67135,70111,52067,0.7426366761278544,8769,6494,0.7405633481582848,8684,6366,0.7330723169046522,0.5862950086593628,5.349182605743408
s3,257,baseline_3sigma,87755,67235,70120,51984,0.7413576725613235,8789,6502,0.7397883718284219,8846,6579,0.7437259778430929,0.5888827443122864,5.358489036560059
s3,258,baseline_3sigma,87704,67214,70217,52195,0.743338507768774,8807,6467,0.7343022595662542,8680,6376,0.7345622119815668,0.5859399437904358,5.34506893157959
s3,259,baseline_3sigma,87832,67352,70082,51968,0.7415313489911818,8811,6494,0.7370332538871864,8939,6675,0.7467278219040161,0.5812513828277588,5.437897682189941
s3,260,baseline_3sigma,87367,66812,69865,51817,0.7416732269376655,8651,6378,0.7372558085770431,8851,6496,0.7339283696757428,0.5846154093742371,5.3418474197387695
s3,261,baseline_3sigma,88067,67262,70724,52253,0.738829817318025,8656,6426,0.7423752310536045,8687,6405,0.7373086220789685,0.5782883167266846,5.406272888183594
s3,262,baseline_3sigma,87502,66934,70119,51883,0.7399278369628773,8719,6446,0.7393049661658447,8664,6412,0.7400738688827332,0.5783259868621826,5.321198463439941
s3,263,baseline_3sigma,87847,67389,70473,52331,0.7425680757169413,8705,6464,0.7425617461229178,8669,6442,0.7431076248702273,0.5909637808799744,5.322260856628418
s3,264,baseline_3sigma,87966,67442,70540,52369,0.7424014743407995,8709,6461,0.7418762200022965,8717,6461,0.741195365377997,0.5723938941955566,5.381392002105713
s3,265,baseline_3sigma,87999,67339,70393,52180,0.7412668873325473,8883,6625,0.7458065968704266,8723,6460,0.7405709045053307,0.5705133676528931,5.4228715896606445
s3,266,baseline_3sigma,87816,66966,70389,51911,0.7374873914958303,8753,6509,0.7436307551696562,8674,6421,0.7402582430251325,0.5737432241439819,5.265280246734619
s3,267,baseline_3sigma,87422,66742,70146,51698,0.7370056738801928,8663,6466,0.7463927046057948,8613,6400,0.7430628120283292,0.5825536251068115,5.420081615447998
s3,268,baseline_3sigma,87584,67331,69984,52144,0.7450845907636031,8786,6489,0.738561347598452,8814,6543,0.7423417290673928,0.5828300714492798,5.410374641418457
s3,269,baseline_3sigma,87411,66937,70070,51786,0.7390609390609391,8603,6408,0.7448564454260141,8738,6569,0.751773861295491,0.5694299936294556,5.399358749389648
s3,270,baseline_3sigma,87984,67081,70503,51917,0.7363800121980625,8807,6536,0.742136936527762,8674,6449,0.7434862808392898,0.5834075212478638,5.320235252380371
s3,271,baseline_3sigma,87857,67250,70408,52221,0.7416912850812407,8683,6398,0.7368421052631579,8766,6479,0.7391056354095369,0.5774449110031128,5.434627056121826
s3,272,baseline_3sigma,87765,67401,70364,52246,0.742510374623387,8637,6446,0.7463239550769943,8764,6534,0.7455499771793701,0.5827124714851379,5.337057590484619
s3,273,baseline_3sigma,87659,67064,70149,51958,0.7406805513977391,8790,6490,0.7383390216154722,8720,6477,0.7427752293577982,0.5806804895401001,5.316837310791016
s3,274,baseline_3sigma,87460,67047,69961,51899,0.7418275896570947,8687,6506,0.748935190514562,8812,6502,0.7378574670903314,0.5794011354446411,5.315515995025635
s3,275,baseline_3sigma,87423,66886,69946,51723,0.7394704486318017,8802,6527,0.7415360145421495,8675,6463,0.745014409221902,0.5750306248664856,5.3783063888549805
s3,276,baseline_3sigma,88105,67457,70619,52359,0.7414293603704386,8712,6392,0.7337006427915519,8774,6549,0.7464098472760429,0.5846552848815918,5.2083420753479
s3,277,baseline_3sigma,87733,66964,70075,51839,0.7397645379950053,8953,6559,0.7326035965598123,8705,6455,0.7415278575531303,0.5834190845489502,5.319962978363037
s3,278,baseline_3sigma,87667,67047,70014,51797,0.7398091810209386,8738,6498,0.7436484321355001,8915,6564,0.7362871564778464,0.5774081349372864,5.3066630363464355
s3,279,baseline_3sigma,87353,66896,70132,52034,0.7419437631894142,8698,6435,0.7398252471832605,8523,6309,0.7402323125659979,0.568444550037384,5.515104293823242
s3,280,baseline_3sigma,87621,67132,70167,51997,0.7410463608248892,8812,6530,0.7410349523377213,8642,6405,0.7411478824346216,0.5808747410774231,5.4453864097595215
s3,281,baseline_3sigma,87729,66962,70207,51893,0.7391428205164727,8658,6331,0.7312312312312312,8864,6582,0.7425541516245487,0.5823075771331787,5.343216419219971
s3,282,baseline_3sigma,87656,67108,70027,51972,0.7421708769474631,8840,6455,0.7302036199095022,8789,6539,0.74399817954261,0.5768354535102844,5.373857498168945
s3,283,baseline_3sigma,87821,67161,70350,52053,0.7399147121535181,8735,6503,0.7444762449914138,8736,6400,0.7326007326007326,0.582977294921875,5.293280601501465
s3,284,baseline_3sigma,88105,67497,70493,52264,0.7414069482076234,8763,6554,0.7479173798927308,8849,6516,0.7363543903265906,0.5827400088310242,5.209997177124023
s3,285,baseline_3sigma,88251,67564,70678,52250,0.7392682305667959,8850,6550,0.7401129943502824,8723,6473,0.7420612174710536,0.576612114906311,5.367713928222656
s3,286,baseline_3sigma,87414,67003,69896,51813,0.7412870550532219,8738,6556,0.7502861066605631,8780,6480,0.7380410022779044,0.5791047215461731,5.326712131500244
s3,287,baseline_3sigma,87649,67044,70264,51934,0.7391267220767391,8733,6515,0.7460208404900951,8652,6406,0.7404068423485899,0.5746812224388123,5.456821441650391
s3,288,baseline_3sigma,87827,67176,70212,51954,0.7399589813707058,8728,6541,0.7494271310724107,8887,6535,0.7353437605491167,0.5852330923080444,5.269690990447998
s3,289,baseline_3sigma,87427,67056,69938,51964,0.7430009436929852,8738,6484,0.742046234836347,8751,6445,0.7364872585990172,0.5807231664657593,5.470451831817627
s3,290,baseline_3sigma,88040,67477,70532,52258,0.7409119265014461,8776,6537,0.7448723792160438,8732,6488,0.7430142006413193,0.5809932351112366,5.48321533203125
s3,291,baseline_3sigma,87697,67051,70057,51680,0.7376850279058481,8716,6506,0.7464433226250574,8924,6679,0.7484311967727476,0.5722709894180298,5.343395233154297
s3,292,baseline_3sigma,87748,67327,70081,52049,0.7426977354775188,8885,6644,0.7477771525042206,8782,6520,0.7424276930084264,0.5754148960113525,5.420960426330566
s3,293,baseline_3sigma,88165,67540,70545,52275,0.7410163725281735,8823,6538,0.7410177944009974,8797,6482,0.7368421052631579,0.5916674137115479,5.206917762756348
s3,294,baseline_3sigma,87952,67282,70366,52063,0.7398885825540744,8842,6521,0.737502827414612,8744,6504,0.7438243366880146,0.5798190236091614,5.327530860900879
s3,295,baseline_3sigma,87223,66515,69858,51671,0.7396575911134015,8626,6338,0.7347553906793415,8739,6367,0.7285730632795514,0.5829157829284668,5.508280277252197
s3,296,baseline_3sigma,87939,67608,70322,52287,0.7435368732402378,8888,6601,0.7426867686768677,8729,6529,0.7479665482873181,0.5666642189025879,5.348029136657715
s3,297,baseline_3sigma,88146,67498,70555,52251,0.7405711855998867,8644,6458,0.7471078204534938,8947,6638,0.7419246674863083,0.57527756690979,5.33453369140625
s3,298,baseline_3sigma,87928,67279,70325,51979,0.7391254888019908,8737,6486,0.7423600778299188,8866,6655,0.750620347394541,0.5785999894142151,5.425265312194824
s3,299,baseline_3sigma,87671,67060,70227,52040,0.7410255314907371,8777,6413,0.7306596787057081,8667,6443,0.7433944848275066,0.570244550704956,5.487580299377441
s3,300,baseline_3sigma,88603,67764,71004,52490,0.739254126528083,8769,6513,0.7427300718439959,8830,6615,0.7491506228765572,0.5771475434303284,5.332588195800781
s3,301,baseline_3sigma,87520,67250,70020,51961,0.7420879748643244,8704,6521,0.7491957720588235,8796,6587,0.7488631195998181,0.582399845123291,5.492531776428223
s3,302,baseline_3sigma,87312,66853,70000,51838,0.7405428571428572,8774,6500,0.7408251652609984,8538,6330,0.741391426563598,0.5815523862838745,5.527473449707031
s3,303,baseline_3sigma,87714,67119,70359,52059,0.7399053426000938,8759,6473,0.739011302660121,8596,6379,0.7420893438808748,0.5724474787712097,5.510018825531006
s3,304,baseline_3sigma,87869,66979,70084,51745,0.7383282917641687,8757,6454,0.7370103916866507,9028,6599,0.7309481612760301,0.5755611658096313,5.377313613891602
s3,305,baseline_3sigma,87621,67160,70152,52014,0.7414471433458775,8852,6575,0.7427699954812472,8617,6411,0.7439944296158756,0.5759283304214478,5.28493595123291
s3,306,baseline_3sigma,87326,66690,69935,51659,0.7386716236505326,8666,6357,0.7335564274174936,8725,6418,0.7355873925501433,0.5973448753356934,5.333407878875732
s3,307,baseline_3sigma,87977,67564,70256,52183,0.7427550671828741,8861,6607,0.7456269044125945,8860,6577,0.7423250564334086,0.5905447006225586,5.409824371337891
s3,308,baseline_3sigma,87863,67310,70317,52162,0.7418120795824623,8717,6503,0.7460135367672365,8829,6533,0.7399478989693057,0.573114275932312,5.294055461883545
s3,309,baseline_3sigma,88223,67650,70703,52540,0.7431084961034186,8826,6523,0.7390663947428053,8694,6384,0.7342995169082126,0.5845270156860352,5.410342693328857
s3,310,baseline_3sigma,88188,67678,70604,52553,0.7443345986063112,8751,6500,0.7427722545994744,8833,6508,0.7367825200950979,0.5704251527786255,5.363096714019775
s3,311,baseline_3sigma,87757,67276,70252,52146,0.7422706826851905,8691,6424,0.7391554481647682,8814,6523,0.7400726117540277,0.579704761505127,5.321914196014404
s3,312,baseline_3sigma,88051,67467,70579,52422,0.7427421754346194,8680,6371,0.7339861751152074,8792,6470,0.7358962693357598,0.584994375705719,5.231868743896484
s3,313,baseline_3sigma,87413,66834,69976,51787,0.7400680233222819,8667,6365,0.7343948309680397,8770,6529,0.7444697833523375,0.5845531225204468,5.440507411956787
s3,314,baseline_3sigma,87988,67464,70560,52273,0.7408304988662131,8697,6461,0.7428998505231689,8731,6509,0.7455045241094949,0.5711356401443481,5.3800554275512695
s3,315,baseline_3sigma,87958,67395,70729,52508,0.7423828981040309,8650,6335,0.7323699421965318,8579,6348,0.739946380697051,0.5783101916313171,5.3756303787231445
s3,316,baseline_3sigma,88023,67425,70417,52215,0.7415112827868271,8741,6437,0.7364145978720971,8865,6558,0.7397631133671743,0.5799214839935303,5.359310626983643
s3,317,baseline_3sigma,87680,67108,70352,52137,0.7410876734136912,8545,6310,0.7384435342305442,8783,6496,0.7396106114084026,0.5762159824371338,5.325455665588379
s3,318,baseline_3sigma,88192,67451,70549,52268,0.740875136429999,8795,6494,0.7383740761796476,8848,6546,0.7398282097649186,0.5751968622207642,5.280950546264648
s3,319,baseline_3sigma,87384,66963,70037,51949,0.7417365107014864,8731,6492,0.7435574390104226,8616,6377,0.7401346332404828,0.5980680584907532,5.31331729888916
s3,320,baseline_3sigma,88166,67330,70450,52081,0.7392618878637331,8763,6428,0.7335387424398038,8953,6651,0.7428794817379649,0.5777965784072876,5.388007640838623
s3,321,baseline_3sigma,87605,67142,69983,51900,0.7416086763928382,8808,6577,0.7467075386012716,8814,6517,0.7393918765600181,0.5814283490180969,5.4178853034973145
s3,322,baseline_3sigma,87560,67038,69993,51872,0.7411026816967411,8741,6550,0.7493421805285436,8826,6497,0.7361205529118513,0.5829017162322998,5.320481300354004
s3,323,baseline_3sigma,87621,66799,70048,51683,0.7378226359068067,8824,6420,0.727561196736174,8749,6536,0.7470568064921705,0.5839573740959167,5.406775951385498
s3,324,baseline_3sigma,87401,66890,69792,51599,0.7393254241173773,8799,6523,0.74133424252756,8810,6589,0.747900113507378,0.5812296867370605,5.369916915893555
s3,325,baseline_3sigma,87901,67351,70276,52081,0.7410922647845637,8750,6544,0.7478857142857143,8875,6597,0.7433239436619719,0.5773930549621582,5.341673374176025
s3,326,baseline_3sigma,87642,67061,70068,51917,0.7409516469715134,8706,6393,0.7343211578221915,8868,6559,0.7396256202074876,0.5849785804748535,5.364819049835205
s3,327,baseline_3sigma,87318,66830,69758,51723,0.7414633447059835,8685,6408,0.7378238341968912,8875,6629,0.7469295774647887,0.5595953464508057,5.366175174713135
s3,328,baseline_3sigma,87785,67280,70346,52103,0.7406675575014926,8698,6483,0.7453437571855599,8741,6485,0.7419059604164283,0.5926527380943298,5.342231273651123
s3,329,baseline_3sigma,87796,67290,70232,52080,0.7415423168925845,8808,6519,0.7401226158038147,8756,6471,0.7390360895386021,0.5812457799911499,5.398853778839111
s3,330,baseline_3sigma,87687,67257,70010,52035,0.7432509641479789,8892,6598,0.7420152946468735,8785,6485,0.7381900967558338,0.5669481754302979,5.3984808921813965
s3,331,baseline_3sigma,87751,67365,70464,52408,0.743755676657584,8508,6288,0.7390691114245416,8779,6509,0.7414284087025858,0.5723490715026855,5.249842166900635
s3,332,baseline_3sigma,87648,67067,70043,51834,0.7400311237382751,8875,6551,0.7381408450704225,8730,6490,0.7434135166093929,0.5802993774414062,5.379115581512451
s3,333,baseline_3sigma,88237,67436,70510,52114,0.7391008367607431,8849,6659,0.7525144084077297,8878,6525,0.7349628294660959,0.5708186030387878,5.354292869567871
s3,334,baseline_3sigma,87218,66824,69766,51751,0.7417796634463779,8796,6569,0.7468167348794906,8656,6445,0.7445702402957486,0.5711830854415894,5.312982559204102
s3,335,baseline_3sigma,87703,67241,70269,52060,0.7408672387539313,8608,6350,0.737685873605948,8826,6629,0.751076365284387,0.591769278049469,5.451659679412842
s3,336,baseline_3sigma,88028,67362,70390,52175,0.7412274470805512,8975,6645,0.7403899721448468,8663,6406,0.7394666974489207,0.578581690788269,5.395651817321777
s3,337,baseline_3sigma,87587,67101,69923,51825,0.7411724325329291,8745,6469,0.7397369925671813,8919,6677,0.7486265276376275,0.5837976932525635,5.399784564971924
s3,338,baseline_3sigma,87558,67143,69898,51807,0.741180005150362,8832,6521,0.7383378623188406,8828,6581,0.7454689623923878,0.5866008996963501,5.2552618980407715
s3,339,baseline_3sigma,87607,66961,70039,51785,0.7393737774668399,8752,6444,0.7362888482632541,8816,6513,0.7387704174228675,0.582086980342865,5.260657787322998
s3,340,baseline_3sigma,88122,67223,70681,52243,0.739137816386299,8784,6435,0.7325819672131147,8657,6354,0.7339725077971584,0.568763256072998,5.418315410614014
s3,341,baseline_3sigma,87806,67398,70145,52034,0.741806258464609,8832,6592,0.7463768115942029,8829,6602,0.7477630535734511,0.5633324384689331,5.3536200523376465
s3,342,baseline_3sigma,88425,67834,70874,52533,0.7412168072918136,8751,6551,0.7486001599817164,8800,6513,0.7401136363636364,0.5808812379837036,5.403773307800293
s3,343,baseline_3sigma,88069,67597,70346,52306,0.7435532937196144,8839,6528,0.7385450842855527,8884,6591,0.7418955425484016,0.5804354548454285,5.368973731994629
s3,344,baseline_3sigma,87559,66905,70179,51953,0.7402926801464825,8702,6399,0.7353481958170536,8678,6402,0.7377275870016132,0.5850460529327393,5.400448322296143
s3,345,baseline_3sigma,87807,67425,70238,52241,0.7437711779948176,8782,6492,0.7392393532225006,8787,6571,0.7478092636849892,0.5785707235336304,5.382248401641846
s3,346,baseline_3sigma,87777,67087,70158,51874,0.7393882379771373,8889,6542,0.7359658004274947,8730,6444,0.7381443298969073,0.5870063900947571,5.423533916473389
s3,347,baseline_3sigma,87644,67134,69926,51815,0.7409976260618368,8914,6622,0.7428763742427642,8804,6571,0.7463652885052249,0.5814639329910278,5.321147441864014
s3,348,baseline_3sigma,87858,67032,70297,51848,0.737556367981564,8673,6475,0.7465698143664246,8888,6554,0.7373987398739874,0.5670244693756104,5.252865314483643
s3,349,baseline_3sigma,87835,67285,70410,52256,0.7421673057804289,8617,6404,0.7431820819310665,8808,6510,0.739100817438692,0.5690364837646484,5.268306732177734
s3,350,baseline_3sigma,87728,67011,70300,52002,0.7397155049786629,8588,6339,0.7381229622729389,8840,6452,0.7298642533936651,0.5911688804626465,5.3015456199646
s3,351,baseline_3sigma,88048,67373,70682,52296,0.7398771964573725,8612,6380,0.7408267533673943,8754,6529,0.7458304774960018,0.5704118609428406,5.331948757171631
s3,352,baseline_3sigma,87849,67143,70313,51916,0.738355638359905,8768,6503,0.7416742700729927,8768,6515,0.7430428832116789,0.5801635980606079,5.315737247467041
s3,353,baseline_3sigma,87846,67219,70076,51762,0.7386551743820995,8896,6640,0.7464028776978417,8874,6595,0.7431823304034257,0.5909547209739685,5.342639923095703
s3,354,baseline_3sigma,87525,66953,70078,51931,0.7410456919432632,8663,6408,0.7396975643541498,8784,6464,0.7358834244080146,0.5724384188652039,5.3161749839782715
s3,355,baseline_3sigma,88300,67669,70618,52358,0.7414256988303265,8902,6610,0.7425297685913278,8780,6490,0.7391799544419134,0.5792308449745178,5.339254856109619
s3,356,baseline_3sigma,88099,67514,70411,52309,0.7429094885742284,8778,6490,0.7393483709273183,8910,6633,0.7444444444444445,0.5837018489837646,5.337280750274658
s3,357,baseline_3sigma,87987,67388,70386,52249,0.7423209160912682,8799,6517,0.7406523468575974,8802,6498,0.7382413087934561,0.5741155743598938,5.253946781158447
s3,358,baseline_3sigma,88162,67477,70517,52298,0.7416367684388162,8920,6565,0.7359865470852018,8725,6400,0.7335243553008596,0.5759063363075256,5.433271408081055
s3,359,baseline_3sigma,87954,67422,70349,52213,0.7421996048273607,8742,6428,0.7353008464882178,8863,6608,0.7455714769265486,0.5811424255371094,5.424184322357178
s3,360,baseline_3sigma,87650,67200,70143,52099,0.7427540880772137,8745,6465,0.7392795883361921,8762,6504,0.7422962793882675,0.5727251768112183,5.202517986297607
s3,361,baseline_3sigma,88118,67318,70619,52237,0.7397017799742279,8757,6439,0.7352974763046706,8742,6442,0.736902310684054,0.5842434763908386,5.38783073425293
s3,362,baseline_3sigma,87950,67049,70422,51994,0.7383204112351254,8686,6344,0.7303707114897536,8842,6557,0.7415743044560055,0.5888690948486328,5.384036064147949
s3,363,baseline_3sigma,88116,67600,70340,52343,0.7441427352857549,8717,6360,0.7296088103705404,9059,6672,0.7365051330168892,0.5899252891540527,5.3471808433532715
s3,364,baseline_3sigma,87892,67323,70419,52247,0.7419446456212102,8762,6491,0.7408125998630449,8711,6471,0.7428538629319251,0.5854854583740234,5.3577446937561035
s3,365,baseline_3sigma,88451,67992,70824,52701,0.744112165367672,8688,6470,0.7447053406998159,8939,6621,0.7406868777268151,0.5835636854171753,5.395181655883789
s3,366,baseline_3sigma,87884,67423,70218,52174,0.7430288530006551,8765,6466,0.7377067883628066,8901,6608,0.7423884956746433,0.5762832164764404,5.352550506591797
s3,367,baseline_3sigma,87634,66954,70260,51921,0.7389837745516652,8680,6429,0.7406682027649769,8694,6457,0.7426961122613297,0.5736387968063354,5.375650405883789
s3,368,baseline_3sigma,87686,67161,70114,51981,0.7413783267250478,8887,6595,0.7420951952289861,8685,6413,0.7383995394358088,0.5797209739685059,5.378983020782471
s3,369,baseline_3sigma,87996,67341,70403,52135,0.7405224209195631,8878,6567,0.7396936246902456,8715,6444,0.7394148020654044,0.5858270525932312,5.402388572692871
s3,370,baseline_3sigma,87837,67244,70353,52079,0.7402527255411994,8700,6469,0.7435632183908046,8784,6553,0.7460154826958105,0.5839086771011353,5.339686870574951
s3,371,baseline_3sigma,87439,66769,70054,51753,0.7387586718816913,8647,6373,0.7370186191742801,8738,6498,0.7436484321355001,0.5848132371902466,5.340106964111328
s3,372,baseline_3sigma,87770,67198,70246,51964,0.7397431882242406,8807,6560,0.7448620415578517,8717,6431,0.7377538143856831,0.5948348641395569,5.4670233726501465
s3,373,baseline_3sigma,88151,67343,70395,52004,0.7387456495489737,8751,6476,0.740029710890184,9005,6694,0.743364797334814,0.5835080146789551,5.539895057678223
s3,374,baseline_3sigma,87692,67072,70253,51997,0.740139211136891,8730,6452,0.7390607101947309,8709,6456,0.7413021012745435,0.5762888789176941,5.338476657867432
s3,375,baseline_3sigma,87649,66948,70167,51986,0.7408895919734348,8727,6346,0.7271685573507506,8755,6425,0.7338663620788121,0.5852056741714478,5.407337665557861
s3,376,baseline_3sigma,87579,66934,69938,51797,0.7406131144728187,8859,6519,0.7358618354216051,8782,6507,0.7409473923935322,0.5746514797210693,5.4266204833984375
s3,377,baseline_3sigma,87301,66793,69856,51845,0.7421696060467247,8915,6532,0.7326977005047672,8530,6285,0.7368112543962485,0.5737504959106445,5.372278213500977
s3,378,baseline_3sigma,87661,67083,70035,51800,0.7396301849075462,8752,6520,0.7449725776965265,8874,6560,0.7392382240252423,0.5782985091209412,5.500530242919922
s3,379,baseline_3sigma,87940,67440,70470,52338,0.7426990208599404,8757,6484,0.7404362224506109,8713,6456,0.7409617812464134,0.5916701555252075,5.388675689697266
s3,380,baseline_3sigma,87703,67044,70084,51850,0.7398264939215798,8818,6504,0.7375822181900658,8801,6473,0.7354846040222702,0.5758199691772461,5.405675411224365
s3,381,baseline_3sigma,87779,67355,70271,52210,0.7429807459691765,8751,6496,0.7423151639812593,8757,6499,0.7421491378325911,0.5772824287414551,5.3169403076171875
s3,382,baseline_3sigma,87922,67335,70474,52242,0.7412946618611119,8635,6372,0.7379270411117544,8813,6607,0.7496879609667536,0.5719913840293884,5.351559638977051
s3,383,baseline_3sigma,88013,67478,70491,52230,0.7409456526365068,8785,6506,0.7405805350028457,8737,6521,0.7463660295295869,0.5697362422943115,5.369382381439209
s3,384,baseline_3sigma,87592,67155,70120,52058,0.7424130062749572,8743,6449,0.7376186663616607,8729,6496,0.7441860465116279,0.5783849954605103,5.374484539031982
s3,385,baseline_3sigma,87836,67288,70326,52226,0.7426271933566533,8710,6470,0.7428243398392652,8800,6512,0.74,0.5828184485435486,5.324367523193359
s3,386,baseline_3sigma,87451,67029,69943,51859,0.741446606522454,8658,6421,0.7416262416262416,8850,6562,0.7414689265536724,0.5690021514892578,5.2411370277404785
s3,387,baseline_3sigma,87473,67141,70210,52152,0.742800170915824,8735,6488,0.7427590154550658,8528,6362,0.7460131332082551,0.5753313302993774,5.361999988555908
s3,388,baseline_3sigma,87825,66917,70346,51968,0.7387484718391948,8754,6449,0.7366917980351839,8725,6433,0.7373065902578797,0.5733001232147217,5.299909591674805
s3,389,baseline_3sigma,87775,66923,70421,52039,0.7389699095440281,8551,6289,0.7354695357268156,8803,6444,0.7320231739179826,0.5860066413879395,5.340151309967041
s3,390,baseline_3sigma,87331,66919,69957,51795,0.7403833783609932,8761,6523,0.744549708937336,8613,6420,0.7453848833159178,0.5824893116950989,5.319235324859619
s3,391,baseline_3sigma,87861,67345,70191,52107,0.7423601316408086,8879,6622,0.7458047077373579,8791,6502,0.7396200659765669,0.5804159641265869,5.296030044555664
s3,392,baseline_3sigma,87848,67118,70523,52220,0.7404676488521476,8661,6389,0.7376746334141554,8664,6346,0.7324561403508771,0.5796682834625244,5.428825855255127
s3,393,baseline_3sigma,87609,67051,70026,51983,0.7423385599634421,8784,6447,0.733948087431694,8799,6502,0.7389476076826912,0.5835279226303101,5.378664970397949
s3,394,baseline_3sigma,87918,67274,70544,52236,0.7404740303923792,8684,6435,0.7410179640718563,8690,6422,0.7390103567318758,0.5808511972427368,5.268157482147217
s3,395,baseline_3sigma,87901,67180,70230,51933,0.7394703118325502,8809,6507,0.7386763537291406,8862,6564,0.7406905890318213,0.5771406888961792,5.369770526885986
s3,396,baseline_3sigma,87708,67247,70064,52043,0.7427923041790363,8813,6578,0.7463973675252468,8831,6541,0.7406862190012456,0.5774781107902527,5.229187965393066
s3,397,baseline_3sigma,87665,67124,70306,52082,0.7407902597217876,8621,6360,0.7377334415961025,8738,6506,0.7445639734493019,0.5722241997718811,5.356925964355469
s3,398,baseline_3sigma,88035,67433,70269,52159,0.7422761103758414,8981,6617,0.736777641688008,8785,6482,0.7378486055776893,0.5697183609008789,5.4235148429870605
s3,399,baseline_3sigma,87684,67237,70162,51993,0.7410421595735583,8703,6491,0.7458347696196713,8819,6570,0.7449824243111464,0.5659920573234558,5.369912147521973
s3,400,baseline_3sigma,87978,67325,70419,52225,0.7416322299379429,8771,6495,0.7405084939003534,8788,6478,0.7371415566681839,0.57064288854599,5.176835060119629
s3,401,baseline_3sigma,87788,67345,70237,52039,0.7409057903953756,8745,6528,0.746483704974271,8806,6574,0.7465364524188054,0.5824809074401855,5.453525066375732
s3,402,baseline_3sigma,87900,67186,70351,52054,0.7399184091199841,8611,6349,0.7373127395192196,8938,6582,0.736406354889237,0.5811734199523926,5.344186782836914
s3,403,baseline_3sigma,87911,67370,70283,52157,0.7420997965368581,8786,6488,0.7384475301616208,8842,6552,0.7410088215335897,0.5668535828590393,5.322707653045654
s3,404,baseline_3sigma,87355,66656,69837,51536,0.7379469335738935,8751,6480,0.7404868015083991,8767,6495,0.7408463556518764,0.5811433792114258,5.2730560302734375
s3,405,baseline_3sigma,87966,67309,70410,52116,0.7401789518534299,8746,6492,0.7422821861422364,8810,6522,0.7402951191827469,0.5726425647735596,5.4178242683410645
s3,406,baseline_3sigma,88360,67475,70656,52224,0.7391304347826086,8982,6663,0.741816967267869,8722,6428,0.736986929603302,0.5780634880065918,5.387399196624756
s3,407,baseline_3sigma,87561,67091,70126,51946,0.7407523600376466,8811,6584,0.7472477584837135,8624,6385,0.7403756957328386,0.5746676325798035,5.397468090057373
s3,408,baseline_3sigma,88041,67408,70353,52068,0.7400963711568803,8780,6541,0.74498861047836,8908,6607,0.741692860350247,0.5780153274536133,5.453521251678467
s3,409,baseline_3sigma,88114,67547,70425,52326,0.7430031948881789,8845,6507,0.7356698699830413,8844,6591,0.7452510176390773,0.583014726638794,5.3971357345581055
s3,410,baseline_3sigma,87496,66905,70247,51925,0.7391774737711219,8622,6383,0.7403154720482487,8627,6433,0.7456821606583981,0.5821548700332642,5.407256126403809
s3,411,baseline_3sigma,88029,67365,70387,52155,0.7409748959324876,8871,6513,0.7341900574907,8771,6477,0.7384562763652948,0.5863667726516724,5.460460186004639
s3,412,baseline_3sigma,87633,67080,69927,51963,0.7431035222446265,8882,6520,0.7340689034001351,8824,6515,0.738327289211242,0.5766571760177612,5.3209228515625
s3,413,baseline_3sigma,87729,67025,70028,51810,0.739846918375507,8885,6581,0.740686550365785,8816,6453,0.7319646098003629,0.5962390899658203,5.373959064483643
s3,414,baseline_3sigma,87620,67359,70209,52259,0.744334771895341,8696,6429,0.7393054277828887,8715,6520,0.7481353987378083,0.5858856439590454,5.382470607757568
s3,415,baseline_3sigma,87490,67077,69995,51909,0.7416101150082148,8707,6459,0.7418169289077754,8788,6510,0.7407828857533,0.5781338214874268,5.266411304473877
s3,416,baseline_3sigma,87646,67123,70146,51893,0.7397855900550281,8746,6514,0.744797621769952,8754,6473,0.7394334018734293,0.5936998724937439,5.372482776641846
s3,417,baseline_3sigma,87456,66888,70128,51862,0.7395334245950262,8717,6500,0.745669381668005,8611,6353,0.7377772616420857,0.5788135528564453,5.323605060577393
s3,418,baseline_3sigma,87686,66963,69984,51717,0.7389831961591221,8840,6518,0.7373303167420815,8862,6504,0.7339201083276913,0.5758587718009949,5.380831718444824
s3,419,baseline_3sigma,87452,66859,69987,51756,0.7395087659136697,8737,6497,0.743619091221243,8728,6467,0.740948670944088,0.565073549747467,5.43192720413208
s3,420,baseline_3sigma,87872,67387,70286,52083,0.7410152804256893,8746,6531,0.7467413674822776,8840,6572,0.7434389140271493,0.5853723287582397,5.340408802032471
s3,421,baseline_3sigma,87349,66724,69966,51752,0.7396735557270674,8718,6388,0.7327368662537279,8665,6408,0.7395268320830929,0.5843984484672546,5.305816650390625
s3,422,baseline_3sigma,87684,67027,70081,51841,0.7397297412993536,8766,6418,0.7321469313255761,8837,6597,0.7465203123231866,0.5796750783920288,5.321516990661621
s3,423,baseline_3sigma,87745,67248,70178,52070,0.7419704180797401,8785,6518,0.741946499715424,8782,6491,0.7391254839444318,0.586053729057312,5.396022796630859
s3,424,baseline_3sigma,87950,67345,70427,52234,0.7416757777556903,8743,6513,0.7449388081894087,8780,6492,0.7394077448747153,0.5773394107818604,5.355532646179199
s3,425,baseline_3sigma,87826,67140,70041,51815,0.7397809854228238,8890,6582,0.7403824521934759,8895,6582,0.7399662731871838,0.5752792358398438,5.273584365844727
s3,426,baseline_3sigma,88067,67347,70328,52074,0.7404447730633602,8789,6458,0.734782114006144,8950,6630,0.740782122905028,0.5770725011825562,5.356372833251953
s3,427,baseline_3sigma,88465,67716,70758,52471,0.7415557251476865,8788,6522,0.7421483841602184,8919,6586,0.7384235900885749,0.5793498158454895,5.352402687072754
s3,428,baseline_3sigma,88296,67608,70483,52189,0.7404480513031512,8853,6563,0.7413306223878912,8960,6612,0.7379464285714286,0.5882574319839478,5.315739631652832
s3,429,baseline_3sigma,87883,67229,70231,51957,0.739801512152753,8929,6572,0.73602867062381,8723,6566,0.7527226871489167,0.5777134299278259,5.209254264831543
s3,430,baseline_3sigma,88413,67725,70727,52459,0.7417110862895359,8845,6608,0.747088750706614,8841,6491,0.7341929645967651,0.5677059888839722,5.197865009307861
s3,431,baseline_3sigma,87336,66901,69796,51718,0.7409880222362313,8864,6595,0.7440207581227437,8676,6447,0.7430843706777317,0.585893452167511,5.244783401489258
s3,432,baseline_3sigma,88000,67230,70265,51949,0.7393296804952679,8941,6573,0.7351526674868583,8794,6493,0.7383443256765977,0.5755609273910522,5.4096527099609375
s3,433,baseline_3sigma,87696,67259,70122,52108,0.7431048743618265,8847,6572,0.742850683847632,8727,6423,0.7359917497421794,0.5863583087921143,5.386378288269043
s3,434,baseline_3sigma,87896,67201,70311,51904,0.738205970616262,8824,6541,0.7412737987307344,8761,6573,0.7502568199977172,0.5802168846130371,5.303668975830078
s3,435,baseline_3sigma,88158,67571,70295,52065,0.7406643431254001,8962,6646,0.7415755411738452,8901,6659,0.7481181889675317,0.5859826803207397,5.364946365356445
s3,436,baseline_3sigma,87466,67153,69809,51877,0.7431276769470985,8938,6655,0.7445737301409712,8719,6413,0.7355201284550981,0.57344651222229,5.44258975982666
s3,437,baseline_3sigma,88036,67525,70442,52283,0.7422134522018115,8821,6577,0.745607074027888,8773,6588,0.7509403852729967,0.5940942168235779,5.325989723205566
s3,438,baseline_3sigma,87419,66817,69757,51615,0.7399257422194189,8759,6491,0.7410663317730335,8903,6587,0.7398629675390318,0.5787521004676819,5.369858264923096
s3,439,baseline_3sigma,87654,66913,70015,51825,0.7401985288866672,8835,6502,0.7359366157328806,8804,6490,0.7371649250340754,0.5786998867988586,5.2915191650390625
s3,440,baseline_3sigma,87967,67455,70317,52103,0.7409730221710255,8845,6496,0.7344262295081967,8805,6563,0.7453719477569563,0.5871954560279846,5.5259833335876465
s3,441,baseline_3sigma,87809,67318,70169,51974,0.7406974589918625,8875,6672,0.751774647887324,8765,6472,0.7383913291500285,0.5651587843894958,5.376652717590332
s3,442,baseline_3sigma,87290,66771,69776,51704,0.7409997706947947,8777,6550,0.746268656716418,8737,6376,0.7297699439166762,0.5742394328117371,5.419126510620117
s3,443,baseline_3sigma,87781,67135,70134,51914,0.7402115949468161,8806,6487,0.736656824892119,8841,6556,0.7415450740866418,0.5817753076553345,5.33758020401001
s3,444,baseline_3sigma,88096,67625,70556,52381,0.7424031974601735,8814,6574,0.7458588609031087,8726,6452,0.7393994957597984,0.578414261341095,5.501833438873291
s3,445,baseline_3sigma,87344,66660,69861,51610,0.7387526660082163,8794,6514,0.7407323174891972,8689,6415,0.7382897916906433,0.585430383682251,5.264781475067139
s3,446,baseline_3sigma,87995,67366,70260,51992,0.7399943068602334,8806,6527,0.741199182375653,8929,6651,0.7448762459401949,0.5900030732154846,5.363778591156006
s3,447,baseline_3sigma,88168,67710,70680,52485,0.7425721561969439,8810,6546,0.7430192962542566,8678,6483,0.7470615349158792,0.5932952165603638,5.296836853027344
s3,448,baseline_3sigma,87362,66716,69851,51632,0.7391733833445476,8730,6468,0.740893470790378,8781,6470,0.7368181300535247,0.5753337144851685,5.3231282234191895
s3,449,baseline_3sigma,88191,67715,70506,52413,0.7433835418262276,8946,6666,0.7451374916163649,8739,6515,0.7455086394324293,0.5936457514762878,5.332930564880371
s3,450,baseline_3sigma,87795,67223,70017,51797,0.7397774826113658,8930,6607,0.7398656215005599,8848,6581,0.7437839059674503,0.5851758122444153,5.37565279006958
s3,451,baseline_3sigma,87661,67407,70189,52167,0.7432361196198835,8816,6574,0.7456896551724138,8656,6470,0.7474584103512015,0.5744100213050842,5.4237494468688965
s3,452,baseline_3sigma,87991,67331,70485,52162,0.7400439809888629,8778,6513,0.7419685577580314,8728,6435,0.7372823098075161,0.5810933709144592,5.325379848480225
s3,453,baseline_3sigma,87847,67401,70255,52167,0.7425378976585296,8801,6572,0.7467333257584365,8791,6523,0.7420088727107269,0.5724155902862549,5.408814430236816
s3,454,baseline_3sigma,88248,67476,70732,52374,0.7404569360402646,8723,6384,0.7318583056287974,8793,6508,0.7401341976572273,0.592185378074646,5.398326873779297
s3,455,baseline_3sigma,87627,67183,70118,52083,0.742790724207764,8692,6463,0.7435572940635067,8817,6501,0.73732562095951,0.5763625502586365,5.313271999359131
s3,456,baseline_3sigma,88021,67463,70444,52300,0.7424337062063483,8792,6486,0.7377161055505005,8785,6513,0.7413773477518497,0.5789377093315125,5.300454139709473
s3,457,baseline_3sigma,87651,67177,70146,51993,0.7412111880934051,8694,6489,0.7463768115942029,8811,6499,0.7376007263647714,0.591006338596344,5.3466596603393555
s3,458,baseline_3sigma,87939,67358,70200,52030,0.7411680911680911,8838,6556,0.741796786603304,8901,6576,0.7387933940006741,0.5782327651977539,5.201849460601807
s3,459,baseline_3sigma,87687,67096,69904,51775,0.7406586175326162,8834,6569,0.7436042562825447,8949,6646,0.7426528103698737,0.5845295190811157,5.353067874908447
s3,460,baseline_3sigma,87308,66894,69738,51685,0.7411310906535892,8721,6418,0.7359247792684325,8849,6550,0.7401966323878404,0.5851855874061584,5.4563469886779785
s3,461,baseline_3sigma,87372,67023,69985,51943,0.7422019004072301,8724,6444,0.7386519944979367,8663,6448,0.7443149024587326,0.580710768699646,5.372972011566162
s3,462,baseline_3sigma,88295,67793,70746,52675,0.7445650637491872,8681,6406,0.7379334178090082,8868,6517,0.7348894903022102,0.5784034132957458,5.445717811584473
s3,463,baseline_3sigma,87190,66944,69631,51752,0.7432321810687769,8830,6549,0.7416761041902604,8729,6476,0.7418948333142399,0.5772961378097534,5.333932876586914
s3,464,baseline_3sigma,87555,67011,69891,51691,0.7395945114535492,8877,6599,0.7433817731215501,8787,6504,0.7401843632639126,0.5792550444602966,5.406081676483154
s3,465,baseline_3sigma,87440,67019,69929,51880,0.7418953509988703,8857,6541,0.7385119114824432,8654,6413,0.7410446036514906,0.5826495885848999,5.392897129058838
s3,466,baseline_3sigma,87863,67463,70469,52397,0.7435468078162029,8708,6459,0.7417317409278824,8686,6436,0.7409624683398572,0.5761741995811462,5.472702503204346
s3,467,baseline_3sigma,87930,67383,70246,51992,0.7401417874327364,8894,6605,0.7426354845963571,8790,6558,0.7460750853242321,0.5909022092819214,5.430598258972168
s3,468,baseline_3sigma,87933,67261,70182,51933,0.7399760622381807,9026,6736,0.746288499889209,8725,6431,0.7370773638968482,0.569863498210907,5.4189629554748535
s3,469,baseline_3sigma,87274,66927,69823,51853,0.7426349483694484,8691,6480,0.7455988954090439,8760,6442,0.7353881278538813,0.5832686424255371,5.359310626983643
s3,470,baseline_3sigma,87538,66913,70122,51959,0.7409800062747782,8697,6419,0.7380705990571461,8719,6403,0.73437320793669,0.5750548839569092,5.34536600112915
s3,471,baseline_3sigma,87941,67465,70339,52192,0.7420065681911884,8778,6520,0.7427660059239006,8824,6529,0.7399138712601995,0.5827568769454956,5.3040385246276855
s3,472,baseline_3sigma,88197,67604,70541,52267,0.7409449823506896,8882,6561,0.7386849808601667,8774,6546,0.7460679279689993,0.5996427536010742,5.423150062561035
s3,473,baseline_3sigma,87926,67353,70409,52171,0.7409706145521169,8767,6408,0.7309227786015741,8750,6597,0.7539428571428571,0.5706851482391357,5.4180707931518555
s3,474,baseline_3sigma,87653,67006,70070,51720,0.7381190238333095,8924,6643,0.7443971313312416,8659,6491,0.7496246679755169,0.5939486622810364,5.335882186889648
s3,475,baseline_3sigma,87948,67464,70183,52171,0.7433566533206047,8991,6645,0.7390724057390724,8774,6515,0.7425347617962161,0.5688964128494263,5.353917121887207
s3,476,baseline_3sigma,87914,67428,70389,52275,0.7426586540510591,8744,6532,0.7470265324794144,8781,6456,0.7352237786129142,0.58025062084198,5.379620552062988
s3,477,baseline_3sigma,88376,67791,70792,52638,0.7435585941914341,8776,6470,0.7372379216043756,8808,6544,0.742960944595822,0.5843281149864197,5.367895603179932
s3,478,baseline_3sigma,88103,67651,70530,52346,0.7421806323550262,8816,6580,0.7463702359346642,8757,6495,0.7416923603973964,0.5930695533752441,5.401666641235352
s3,479,baseline_3sigma,88162,67283,70562,52166,0.7392931039369632,8859,6463,0.7295405802009256,8741,6454,0.738359455439881,0.5805677771568298,5.337387561798096
s3,480,baseline_3sigma,87913,67301,70380,52133,0.7407360045467463,8883,6591,0.7419790611279973,8650,6429,0.7432369942196532,0.5788605809211731,5.284857749938965
s3,481,baseline_3sigma,88166,67459,70524,52228,0.7405705858998355,8851,6469,0.7308778669076941,8791,6579,0.74837902400182,0.579223096370697,5.4246673583984375
s3,482,baseline_3sigma,87866,67150,70295,51897,0.7382744149655025,8803,6507,0.7391798250596388,8768,6515,0.7430428832116789,0.5818520784378052,5.430170059204102
s3,483,baseline_3sigma,87927,67528,70212,52157,0.7428502250327579,8891,6691,0.7525587672927679,8824,6492,0.7357207615593835,0.5766454935073853,5.296777248382568
s3,484,baseline_3sigma,88226,67505,70725,52325,0.7398373983739838,8875,6566,0.739830985915493,8626,6377,0.7392766056109437,0.5728944540023804,5.459870338439941
s3,485,baseline_3sigma,88030,67373,70422,52213,0.741430234869785,8829,6517,0.7381356892060256,8779,6457,0.735505182822645,0.5789483785629272,5.581368923187256
s3,486,baseline_3sigma,87476,67105,70093,52096,0.743241122508667,8688,6381,0.7344613259668509,8695,6456,0.7424956871765382,0.5727193355560303,5.364017486572266
s3,487,baseline_3sigma,88358,67605,70530,52223,0.740436693605558,8914,6617,0.7423154588288086,8914,6590,0.7392865155934485,0.5756286382675171,5.426786422729492
s3,488,baseline_3sigma,87939,67346,70232,51997,0.7403605194213464,8955,6622,0.7394751535455053,8752,6496,0.7422303473491774,0.582990288734436,5.3983025550842285
s3,489,baseline_3sigma,87856,67294,70316,52135,0.7414386483872802,8780,6500,0.7403189066059226,8760,6482,0.7399543378995433,0.5764743089675903,5.389103412628174
s3,490,baseline_3sigma,87720,66766,70235,51790,0.7373816473268313,8819,6483,0.7351173602449257,8666,6399,0.7384029540733903,0.5769768953323364,5.260452747344971
s3,491,baseline_3sigma,87717,67141,70193,51942,0.7399883179234397,8664,6403,0.7390350877192983,8860,6594,0.7442437923250564,0.5853001475334167,5.301577568054199
s3,492,baseline_3sigma,87775,67195,70146,52098,0.7427080660337011,8815,6475,0.7345433919455474,8814,6520,0.7397322441570229,0.5771767497062683,5.357150554656982
s3,493,baseline_3sigma,87830,67203,70170,51966,0.740572894399316,8777,6577,0.7493448786601344,8883,6495,0.7311719013846674,0.5743994116783142,5.353382110595703
s3,494,baseline_3sigma,87974,67334,70578,52299,0.7410099464422342,8654,6397,0.7391957476311533,8742,6447,0.737474262182567,0.5805575251579285,5.398303031921387
s3,495,baseline_3sigma,88308,67767,70708,52598,0.7438762233410646,8861,6513,0.7350186209231464,8739,6510,0.7449364915894267,0.5826139450073242,5.433994293212891
s3,496,baseline_3sigma,87564,66978,70301,52007,0.7397761056030497,8534,6394,0.7492383407546286,8729,6416,0.7350211937220759,0.5877896547317505,5.2787766456604
s3,497,baseline_3sigma,87485,66982,70193,52132,0.7426951405410795,8539,6272,0.7345122379669751,8753,6440,0.7357477436307551,0.5610940456390381,5.530804634094238
s3,498,baseline_3sigma,87747,67125,70483,52152,0.7399231020246017,8610,6322,0.7342624854819977,8654,6449,0.7452045296972498,0.5783582925796509,5.37895393371582
s3,499,baseline_3sigma,88143,67616,70528,52469,0.743945666969147,8849,6522,0.7370324330432817,8766,6439,0.7345425507643166,0.5776078701019287,5.309201717376709
s3,500,baseline_3sigma,87759,67224,70212,52056,0.7414117244915399,8809,6470,0.7344761039845612,8738,6556,0.7502861066605631,0.5732810497283936,5.3195600509643555
s3,501,baseline_3sigma,87894,67402,70327,52185,0.7420336428398766,8797,6508,0.7397976582925998,8770,6502,0.7413911060433296,0.5856534242630005,5.399260520935059
s3,502,baseline_3sigma,87885,67360,70214,52166,0.7429572449938758,8773,6485,0.7391998176222501,8898,6587,0.7402787143178242,0.5771807432174683,5.302723407745361
s3,503,baseline_3sigma,87557,67115,69956,51937,0.7424238092515295,8754,6433,0.7348640621430204,8847,6613,0.7474850231716966,0.5679572820663452,5.351602554321289
s3,504,baseline_3sigma,87999,67149,70492,52041,0.7382539862679453,8821,6490,0.7357442466840495,8686,6474,0.7453373244301175,0.5643802285194397,5.513633728027344
s3,505,baseline_3sigma,88004,67189,70285,51998,0.739816461549406,8887,6566,0.7388320018003826,8832,6474,0.733016304347826,0.5740885138511658,5.350530624389648
s3,506,baseline_3sigma,87880,67201,70134,51906,0.7400975275900419,8895,6571,0.7387296233839236,8851,6614,0.7472601965879562,0.5712218284606934,5.360195159912109
s3,507,baseline_3sigma,87756,67210,70157,52039,0.741750644981969,8750,6491,0.7418285714285714,8849,6560,0.7413267035823257,0.5680067539215088,5.3000030517578125
s3,508,baseline_3sigma,87798,67183,69976,51766,0.7397679204298616,8918,6584,0.7382821260372281,8904,6635,0.7451707097933513,0.5920830368995667,5.402369976043701
s3,509,baseline_3sigma,87932,67365,70301,52142,0.7416964196810856,8829,6487,0.7347377958998754,8802,6583,0.7478982049534196,0.5684935450553894,5.368781566619873
s3,510,baseline_3sigma,87682,67179,69984,51908,0.7417123914037494,8951,6622,0.7398056083119204,8747,6450,0.7373956785183492,0.5726978182792664,5.409295082092285
s3,511,baseline_3sigma,88425,67669,70756,52446,0.7412233591497541,8736,6465,0.7400412087912088,8933,6575,0.7360349266763685,0.5739546418190002,5.42958402633667
s3,512,baseline_3sigma,88132,67359,70380,52107,0.7403665814151748,8714,6420,0.736745467064494,9038,6678,0.7388802832485063,0.5707587003707886,5.310258865356445
s3,513,baseline_3sigma,87974,67317,70342,52035,0.7397429700605612,8888,6566,0.7387488748874887,8744,6508,0.7442817932296432,0.5788032412528992,5.4489288330078125
s3,514,baseline_3sigma,87913,67387,70186,52068,0.7418573504687545,8909,6617,0.7427320686945785,8818,6504,0.7375822181900658,0.596511721611023,5.253853797912598
s3,515,baseline_3sigma,87467,67128,69998,51912,0.7416211891768336,8596,6386,0.7429036761284318,8873,6646,0.7490138622788234,0.5759527087211609,5.478023529052734
s3,516,baseline_3sigma,87926,67405,70400,52300,0.7428977272727273,8735,6474,0.7411562678878076,8791,6435,0.7319986349675804,0.5848734378814697,5.342752933502197
s3,517,baseline_3sigma,87623,67071,70109,51836,0.7393629919125932,8746,6526,0.7461696775668877,8768,6491,0.7403056569343066,0.5854020714759827,5.372191905975342
s3,518,baseline_3sigma,88158,67516,70640,52418,0.742044167610419,8822,6488,0.7354341419179324,8696,6457,0.7425252989880404,0.5707569122314453,5.377218723297119
s3,519,baseline_3sigma,87425,66948,70205,51961,0.7401324691973507,8584,6434,0.7495340167753961,8636,6412,0.7424733672996757,0.5639030933380127,5.365467548370361
s3,520,baseline_3sigma,87977,67392,70386,52195,0.7415537180689341,8845,6560,0.7416619559072922,8746,6436,0.7358792590898696,0.5874882340431213,5.283727645874023
s3,521,baseline_3sigma,87867,67237,70194,51921,0.7396786050089751,8847,6594,0.7453374025093252,8826,6531,0.7399728076138681,0.5950101017951965,5.190613269805908
s3,522,baseline_3sigma,87679,67061,70076,51822,0.7395113876362807,8857,6602,0.7453991193406345,8746,6473,0.7401097644637549,0.5755279064178467,5.385841369628906
s3,523,baseline_3sigma,87918,67474,70119,52109,0.7431509291347567,8767,6486,0.7398197787156382,9032,6688,0.7404782993799823,0.5770485401153564,5.2913312911987305
s3,524,baseline_3sigma,87610,66794,69921,51671,0.7389911471517856,8794,6466,0.7352740504889698,8895,6563,0.7378302417088252,0.5880012512207031,5.296307563781738
s3,525,baseline_3sigma,87702,67106,70152,51963,0.7407201505302771,8757,6508,0.7431768870617792,8793,6509,0.7402479244853861,0.5804526805877686,5.309329986572266
s3,526,baseline_3sigma,88030,67250,70518,52211,0.7403925238946085,8744,6401,0.7320448307410796,8768,6439,0.734375,0.578830361366272,5.528035640716553
s3,527,baseline_3sigma,87695,67001,70094,51788,0.7388364196650212,8823,6518,0.7387509917261702,8778,6510,0.7416267942583732,0.5813745260238647,5.479520797729492
s3,528,baseline_3sigma,87665,66949,69965,51735,0.7394411491460016,8791,6489,0.7381412808554203,8909,6608,0.7417218543046358,0.574195921421051,5.29701566696167
s3,529,baseline_3sigma,87690,67262,70092,51974,0.741511156765394,8866,6589,0.7431761786600496,8732,6522,0.7469079248740266,0.57231605052948,5.336122035980225
s3,530,baseline_3sigma,87946,67090,70394,52082,0.7398641929709918,8906,6529,0.7331012800359308,8646,6374,0.7372195234790655,0.5687772035598755,5.301494121551514
s3,531,baseline_3sigma,87439,66832,69831,51616,0.739155962251722,8838,6539,0.7398732744964924,8770,6540,0.7457240592930444,0.5803695917129517,5.277082920074463
s3,532,baseline_3sigma,87928,67534,70322,52231,0.74274053638975,8854,6660,0.7522023943980122,8752,6481,0.740516453382084,0.5719479322433472,5.429841995239258
s3,533,baseline_3sigma,88076,67513,70545,52241,0.7405344106598625,8758,6597,0.7532541676181777,8773,6535,0.7448991223070786,0.5738181471824646,5.338120937347412
s3,534,baseline_3sigma,87479,66946,70072,51940,0.7412375841991095,8687,6433,0.7405318291700241,8720,6447,0.7393348623853211,0.5732756853103638,5.395088195800781
s3,535,baseline_3sigma,88617,67758,70903,52607,0.7419573219750928,8759,6445,0.7358145907067016,8955,6528,0.7289782244556114,0.5778923630714417,5.309823989868164
s3,536,baseline_3sigma,87410,66891,69897,51764,0.7405754181152266,8746,6505,0.7437685799222502,8767,6508,0.7423291890042204,0.5678548812866211,5.416039943695068
s3,537,baseline_3sigma,87528,66774,70191,51769,0.7375446994628941,8730,6460,0.7399770904925544,8607,6404,0.7440455443243871,0.5640878677368164,5.409007549285889
s3,538,baseline_3sigma,87552,67249,70038,52061,0.7433250521145663,8750,6496,0.7424,8764,6538,0.7460063897763578,0.5965193510055542,5.342634201049805
s3,539,baseline_3sigma,87706,67196,70048,51922,0.7412345820009136,8804,6559,0.7450022716946842,8854,6568,0.7418116105714931,0.5757612586021423,5.325570583343506
s3,540,baseline_3sigma,88184,67337,70634,52181,0.7387518758671461,8818,6541,0.7417781809934225,8732,6450,0.7386623912047641,0.5791708827018738,5.3865556716918945
s3,541,baseline_3sigma,88131,67786,70508,52480,0.7443127021047257,8844,6579,0.7438941655359566,8779,6548,0.7458708281125412,0.5883263349533081,5.337355613708496
s3,542,baseline_3sigma,87867,67219,70227,51987,0.7402708360032466,8817,6576,0.745831915617557,8823,6461,0.7322906041029128,0.5854986310005188,5.398998737335205
s3,543,baseline_3sigma,87479,66952,69963,51787,0.7402055372125266,8795,6559,0.7457646389994315,8721,6470,0.7418873982341475,0.5923728942871094,5.289222240447998
s3,544,baseline_3sigma,87476,66668,70249,51810,0.7375193952938832,8560,6316,0.7378504672897196,8667,6364,0.7342794507903542,0.5765689611434937,5.3094940185546875
s3,545,baseline_3sigma,88370,67521,70660,52315,0.740376450608548,8905,6568,0.737563166760247,8805,6481,0.7360590573537763,0.5963481068611145,5.405250072479248
s3,546,baseline_3sigma,87894,67156,70468,52160,0.7401941306692399,8694,6430,0.7395905221992178,8732,6404,0.7333944113605131,0.5750160813331604,5.270299911499023
s3,547,baseline_3sigma,87601,66980,70158,51957,0.7405712819635679,8652,6390,0.7385575589459085,8791,6496,0.7389375497668069,0.5773811340332031,5.316070556640625
s3,548,baseline_3sigma,88387,67671,70869,52585,0.7420028503294811,8783,6455,0.7349425025617671,8735,6415,0.7344018317115054,0.5851590633392334,5.321977138519287
s3,549,baseline_3sigma,87182,66741,69895,51814,0.7413119679519279,8628,6369,0.7381780250347705,8659,6459,0.7459290911190669,0.5777394771575928,5.304977893829346
s3,550,baseline_3sigma,87651,67173,70287,52162,0.7421287008977479,8751,6484,0.7409438921266142,8613,6387,0.7415534656913967,0.5658419132232666,5.427675724029541
s3,551,baseline_3sigma,87794,67179,70318,52158,0.7417446457521545,8796,6498,0.7387448840381992,8680,6322,0.7283410138248848,0.579311192035675,5.4111714363098145
s3,552,baseline_3sigma,88051,67469,70362,52187,0.7416929592677866,8797,6540,0.7434352620211435,8892,6578,0.7397660818713451,0.572157621383667,5.287351608276367
s3,553,baseline_3sigma,88159,67517,70728,52329,0.7398625721072277,8742,6443,0.7370167009837566,8689,6500,0.7480722752905973,0.5994111895561218,5.33009147644043
s3,554,baseline_3sigma,87739,67238,69968,51987,0.7430110907843586,8901,6551,0.7359847208178857,8870,6550,0.7384441939120632,0.5740442872047424,5.354240894317627
s3,555,baseline_3sigma,87654,67148,69919,51801,0.7408715799711094,8891,6617,0.7442357440107974,8844,6507,0.735753052917232,0.5843688249588013,5.357571601867676
s3,556,baseline_3sigma,87605,67112,70112,52038,0.7422124600638977,8667,6365,0.7343948309680397,8826,6504,0.7369136641740313,0.5912853479385376,5.427167892456055
s3,557,baseline_3sigma,87317,66926,69768,51800,0.7424607269808509,8766,6496,0.7410449463837554,8783,6521,0.7424570192417169,0.5687735080718994,5.392425537109375
s3,558,baseline_3sigma,88030,67333,70485,52148,0.7398453571681918,8555,6350,0.7422559906487435,8990,6676,0.7426028921023359,0.585705578327179,5.306589126586914
s3,559,baseline_3sigma,87811,67321,70389,52251,0.7423176916847803,8718,6398,0.7338839183298922,8704,6487,0.7452895220588235,0.5769142508506775,5.313053607940674
s3,560,baseline_3sigma,87995,67341,70531,52215,0.7403127702712282,8802,6498,0.7382413087934561,8662,6404,0.739321172939275,0.5793622136116028,5.3244452476501465
s3,561,baseline_3sigma,87642,67084,69956,51816,0.7406941506089542,8849,6503,0.7348852977737598,8837,6566,0.7430123345026592,0.5807299613952637,5.453599452972412
s3,562,baseline_3sigma,87269,66742,69700,51504,0.7389383070301291,8740,6446,0.7375286041189931,8829,6510,0.7373428474345906,0.5881577730178833,5.295828342437744
s3,563,baseline_3sigma,87456,66946,69843,51833,0.7421359334507395,8786,6486,0.7382198952879581,8827,6518,0.7384162229523055,0.5762540102005005,5.34451961517334
s3,564,baseline_3sigma,88047,67399,70169,52052,0.741809060981345,9045,6668,0.7372028745163074,8833,6523,0.7384806973848069,0.5863149166107178,5.348948955535889
s3,565,baseline_3sigma,87845,67299,70233,52030,0.7408198425241695,8864,6589,0.7433438628158845,8748,6502,0.7432556012802927,0.5666553378105164,5.380383014678955
s3,566,baseline_3sigma,87450,66804,70030,51780,0.7393974011138084,8732,6359,0.728240952817224,8688,6439,0.7411372007366482,0.5899933576583862,5.337027072906494
s3,567,baseline_3sigma,87989,67437,70214,52125,0.7423733158629333,8878,6565,0.7394683487271908,8897,6611,0.743059458244352,0.5729764103889465,5.30322265625
s3,568,baseline_3sigma,87654,67040,70127,51947,0.7407560568682533,8800,6522,0.7411363636363636,8727,6412,0.734731293686261,0.5835543274879456,5.2285308837890625
s3,569,baseline_3sigma,87884,67464,70296,52246,0.7432286332081484,8773,6494,0.7402256924655192,8815,6497,0.7370391378332388,0.5840892791748047,5.365881443023682
s3,570,baseline_3sigma,87910,67470,70398,52215,0.74171141225603,8691,6433,0.7401910021861696,8821,6575,0.7453803423648112,0.5846030116081238,5.372737884521484
s3,571,baseline_3sigma,87913,67494,70323,52229,0.7427015343486484,8688,6492,0.7472375690607734,8902,6697,0.7523028532913952,0.5677933692932129,5.227163791656494
s3,572,baseline_3sigma,87520,66950,69738,51620,0.7401990306576042,8833,6554,0.741990263783539,8949,6611,0.7387417588557381,0.5805759429931641,5.3570027351379395
s3,573,baseline_3sigma,88115,67717,70518,52380,0.7427890751297541,8849,6505,0.7351113120126568,8748,6590,0.7533150434385002,0.5728268027305603,5.3744707107543945
s3,574,baseline_3sigma,87670,67005,70167,52006,0.7411746262488064,8764,6435,0.7342537654039252,8739,6411,0.7336079642979746,0.5854392647743225,5.342209339141846
s3,575,baseline_3sigma,87729,67018,70121,51810,0.7388656750474181,8803,6509,0.7394070203339771,8805,6528,0.741396933560477,0.5741554498672485,5.3106913566589355
s3,576,baseline_3sigma,87882,66976,70434,51947,0.7375273305505864,8647,6423,0.7428009714351799,8801,6451,0.7329848880808999,0.5827692747116089,5.417665481567383
s3,577,baseline_3sigma,88010,67416,70289,52074,0.7408556104084565,8813,6515,0.7392488369454215,8908,6651,0.7466322406825325,0.5690652132034302,5.38692045211792
s3,578,baseline_3sigma,87627,67028,70098,51850,0.7396787354846073,8799,6534,0.7425843845891579,8730,6479,0.7421534936998855,0.5911546349525452,5.410793304443359
s3,579,baseline_3sigma,87242,66988,69426,51521,0.7420995016276323,8937,6624,0.7411883182275931,8879,6580,0.741074445320419,0.5905358791351318,5.357733249664307
s3,580,baseline_3sigma,88045,67317,70393,52038,0.7392496412995611,8860,6593,0.7441309255079007,8792,6518,0.7413557779799818,0.5836929678916931,5.247589111328125
s3,581,baseline_3sigma,87391,67053,70138,52121,0.7431207048960621,8653,6383,0.737663238183289,8600,6395,0.7436046511627907,0.574640691280365,5.47135066986084
s3,582,baseline_3sigma,87980,67280,70393,52148,0.7408122966772265,8832,6501,0.7360733695652174,8755,6468,0.7387778412335808,0.5718348026275635,5.374685287475586
s3,583,baseline_3sigma,87986,67748,70530,52553,0.7451155536651071,8741,6543,0.748541356824162,8715,6548,0.7513482501434309,0.5761570930480957,5.274365425109863
s3,584,baseline_3sigma,87493,66667,69855,51570,0.7382435044019755,8898,6539,0.7348842436502585,8740,6410,0.7334096109839817,0.5718371868133545,5.448452472686768
s3,585,baseline_3sigma,87144,66787,69646,51703,0.7423685495218677,8770,6476,0.7384264538198404,8728,6447,0.7386571952337305,0.5816822648048401,5.537682056427002
s3,586,baseline_3sigma,87888,67387,70527,52397,0.7429353297318757,8774,6498,0.7405972190563027,8587,6352,0.7397228368463957,0.5668831467628479,5.206325531005859
s3,587,baseline_3sigma,88075,67479,70706,52399,0.7410827935394451,8761,6512,0.7432941445040521,8608,6351,0.7378020446096655,0.5827775001525879,5.458036422729492
s3,588,baseline_3sigma,87196,66754,69787,51648,0.7400805307578775,8709,6486,0.744746813641061,8700,6451,0.7414942528735632,0.5636571645736694,5.460166931152344
s3,589,baseline_3sigma,87670,67037,70005,51878,0.7410613527605171,8815,6504,0.7378332387975043,8850,6537,0.7386440677966102,0.5721808075904846,5.41085958480835
s3,590,baseline_3sigma,87708,67214,70353,52109,0.7406791465893423,8441,6251,0.7405520672906054,8914,6638,0.7446713035674221,0.5932703018188477,5.336838245391846
s3,591,baseline_3sigma,87143,66626,69638,51515,0.7397541572130159,8884,6538,0.7359297613687528,8621,6332,0.7344855585198933,0.5853983163833618,5.452865123748779
s3,592,baseline_3sigma,88059,67552,70432,52245,0.7417793048614266,8871,6565,0.7400518543568932,8756,6514,0.7439470077661032,0.5715340375900269,5.399094581604004
s3,593,baseline_3sigma,87881,67450,70226,52174,0.7429442086976333,8832,6597,0.7469429347826086,8823,6552,0.7426045562733764,0.5753687620162964,5.220898151397705
s3,594,baseline_3sigma,87734,67140,70276,52052,0.7406796061244237,8718,6431,0.7376691901812342,8740,6448,0.7377574370709382,0.5802314877510071,5.416481018066406
s3,595,baseline_3sigma,87580,67548,70194,52296,0.7450209419608513,8592,6478,0.7539571694599627,8794,6543,0.7440300204685012,0.586689829826355,5.302520751953125
s3,596,baseline_3sigma,87921,67289,70317,52178,0.7420396205753943,8866,6506,0.73381457252425,8738,6391,0.7314030670634012,0.5805436372756958,5.4848809242248535
s3,597,baseline_3sigma,87452,67009,70110,52051,0.7424190557695051,8707,6388,0.7336625703456988,8635,6476,0.7499710480602201,0.5804867744445801,5.256166934967041
s3,598,baseline_3sigma,87598,67185,70000,51904,0.7414857142857143,8816,6531,0.7408121597096189,8782,6510,0.7412890002277386,0.5869032144546509,5.352165222167969
s3,599,baseline_3sigma,87389,66953,69784,51714,0.7410581222056631,8714,6471,0.742598117971081,8891,6667,0.7498594083905072,0.5842326879501343,5.249502658843994
s3,600,baseline_3sigma,87611,67198,70082,51994,0.7419023429696641,8832,6561,0.7428668478260869,8697,6460,0.7427848683454065,0.5771275758743286,5.313393592834473
s3,601,baseline_3sigma,87837,67191,70341,52139,0.7412319984077566,8831,6641,0.7520099648963877,8665,6391,0.7375649163300635,0.5567664504051208,5.357985019683838
s3,602,baseline_3sigma,87832,67150,70198,51935,0.7398358927604775,8744,6497,0.7430237877401646,8890,6580,0.7401574803149606,0.5903922915458679,5.402008533477783
s3,603,baseline_3sigma,87475,66945,70054,51939,0.741413766522968,8618,6376,0.73984683221165,8803,6478,0.7358854935817335,0.5826878547668457,5.4231648445129395
s3,604,baseline_3sigma,87660,67186,70151,52014,0.7414577126484299,8717,6449,0.7398187449810715,8792,6524,0.7420382165605095,0.5826056003570557,5.422067642211914
s3,605,baseline_3sigma,88052,67620,70796,52647,0.7436437086841065,8524,6381,0.748592210229939,8732,6462,0.7400366468163079,0.58384770154953,5.376893043518066
s3,606,baseline_3sigma,87767,67317,70435,52298,0.7425001774685881,8654,6396,0.7390801941298821,8678,6410,0.7386494584005531,0.5764777660369873,5.257976055145264
s3,607,baseline_3sigma,87910,67249,70385,52128,0.7406123463806209,8734,6432,0.7364323334096634,8791,6480,0.7371175065407803,0.5706939697265625,5.480991363525391
s3,608,baseline_3sigma,87806,67116,70169,52028,0.7414670295999658,8824,6469,0.733114233907525,8813,6483,0.7356178372858277,0.5716497302055359,5.408760070800781
s3,609,baseline_3sigma,87373,66971,69959,51849,0.741134092825798,8704,6485,0.7450597426470589,8710,6461,0.7417910447761195,0.5904986262321472,5.356779098510742
s3,610,baseline_3sigma,87883,67609,70307,52387,0.7451178403288435,8633,6430,0.7448164021776903,8943,6578,0.7355473554735548,0.5757198929786682,5.213289260864258
s3,611,baseline_3sigma,87689,67267,70235,52076,0.7414536911796114,8797,6562,0.7459361145845175,8657,6457,0.7458703939008895,0.5828156471252441,5.387392044067383
s3,612,baseline_3sigma,87826,67134,70307,52044,0.7402392364913878,8703,6413,0.7368723428702746,8816,6513,0.7387704174228675,0.5755404829978943,5.501225471496582
s3,613,baseline_3sigma,87994,67509,70469,52480,0.7447246306886716,8635,6405,0.7417486971627099,8890,6468,0.7275590551181103,0.5767083764076233,5.357232570648193
s3,614,baseline_3sigma,87463,67133,69890,51870,0.7421662612677064,8847,6557,0.7411551938510229,8726,6471,0.7415768966307587,0.5878866910934448,5.31700325012207
s3,615,baseline_3sigma,87688,67199,69943,51789,0.7404457915731382,8793,6520,0.7414989195951325,8952,6648,0.7426273458445041,0.5868488550186157,5.429559707641602
s3,616,baseline_3sigma,87687,67231,70049,51935,0.741409584719268,8770,6522,0.7436716077537058,8868,6630,0.7476319350473613,0.5756570100784302,5.403376579284668
s3,617,baseline_3sigma,87419,67051,69768,51778,0.742145396170164,8831,6615,0.7490657909636508,8820,6526,0.7399092970521542,0.5751619935035706,5.312278747558594
s3,618,baseline_3sigma,87672,67147,70061,52051,0.7429382966272249,8750,6451,0.7372571428571428,8861,6588,0.7434826768987699,0.5797324180603027,5.280022144317627
s3,619,baseline_3sigma,87673,67321,70313,52114,0.7411716183351585,8595,6434,0.7485747527632345,8765,6523,0.7442099258414148,0.5902047753334045,5.28683614730835
s3,620,baseline_3sigma,87697,67121,70197,51957,0.7401598358904227,8755,6433,0.73478012564249,8745,6477,0.7406518010291595,0.5885756015777588,5.476855754852295
s3,621,baseline_3sigma,87753,67051,70437,52142,0.740264349702571,8727,6371,0.7300332302051106,8589,6391,0.7440912795436023,0.5761076807975769,5.3605146408081055
s3,622,baseline_3sigma,87556,67085,70108,52030,0.7421406972100189,8700,6453,0.7417241379310345,8748,6444,0.7366255144032922,0.5801803469657898,5.352136135101318
s3,623,baseline_3sigma,87739,67192,70145,51871,0.7394825005346068,8856,6618,0.747289972899729,8738,6481,0.7417029068436714,0.5873087644577026,5.474445343017578
s3,624,baseline_3sigma,88043,67452,70384,52155,0.7410064787451693,8896,6615,0.7435926258992805,8763,6457,0.7368481113773822,0.5839060544967651,5.360729217529297
s3,625,baseline_3sigma,87979,67338,70268,52119,0.7417174247167986,8783,6438,0.7330069452351133,8928,6597,0.7389112903225806,0.5757904052734375,5.25708532333374
s3,626,baseline_3sigma,87096,66697,69661,51565,0.7402276740213318,8766,6514,0.7430983344741044,8669,6357,0.733302572384358,0.5940317511558533,5.30205774307251
s3,627,baseline_3sigma,87954,67320,70336,52023,0.7396354640582348,8936,6600,0.738585496866607,8682,6418,0.7392305920294863,0.5887530446052551,5.343644142150879
s3,628,baseline_3sigma,87935,67157,70419,52048,0.7391187037589287,8693,6426,0.7392154607155182,8823,6486,0.7351241074464467,0.5926347374916077,5.385193824768066
s3,629,baseline_3sigma,87998,67351,70546,52202,0.7399710826978142,8912,6557,0.7357495511669659,8540,6348,0.7433255269320843,0.5875179171562195,5.382107734680176
s3,630,baseline_3sigma,88165,67557,70526,52245,0.7407906304058078,8885,6551,0.7373100731570061,8754,6518,0.7445739090701393,0.581016480922699,5.311714172363281
s3,631,baseline_3sigma,87209,66699,69862,51724,0.7403738799347285,8696,6404,0.7364305427782889,8651,6415,0.7415327707779448,0.5808250308036804,5.366550445556641
s3,632,baseline_3sigma,87715,67118,70280,52074,0.7409504837791691,8761,6449,0.7361031845679717,8674,6423,0.7404888171547153,0.5692495703697205,5.287172794342041
s3,633,baseline_3sigma,87756,67213,70050,52021,0.7426266952177016,8824,6484,0.7348141432456936,8882,6577,0.7404863769421302,0.5698236227035522,5.279621124267578
s3,634,baseline_3sigma,87801,67296,70404,52153,0.7407675700244304,8718,6476,0.7428309245239734,8679,6439,0.7419057495103123,0.5928170680999756,5.396734714508057
s3,635,baseline_3sigma,87438,66942,69993,51855,0.7408598002657408,8788,6515,0.7413518434228493,8657,6417,0.7412498556081784,0.5845203399658203,5.320437908172607
s3,636,baseline_3sigma,87601,67090,69994,51947,0.7421636140240592,8693,6405,0.7367997239157943,8914,6605,0.7409692618353152,0.5836969614028931,5.491746425628662
s3,637,baseline_3sigma,87701,67505,70088,52185,0.7445639767149869,8751,6510,0.743914981145012,8862,6604,0.7452042428345745,0.5823600888252258,5.400539875030518
s3,638,baseline_3sigma,87874,67496,70339,52258,0.7429448812181009,8755,6503,0.7427755568246717,8780,6544,0.7453302961275626,0.5691545605659485,5.308889865875244
s3,639,baseline_3sigma,87121,66698,69486,51495,0.7410845350142474,8704,6491,0.7457490808823529,8931,6601,0.7391109618183854,0.581821858882904,5.429121971130371
s3,640,baseline_3sigma,88032,67624,70105,52179,0.7442978389558519,8935,6632,0.7422495803021825,8992,6693,0.7443282918149466,0.584302544593811,5.335226535797119
s3,641,baseline_3sigma,87665,66927,70325,51964,0.7389121933878422,8836,6561,0.7425305568130376,8504,6262,0.7363593603010348,0.5872431993484497,5.239880561828613
s3,642,baseline_3sigma,87782,67158,70170,51887,0.7394470571469289,8860,6586,0.7433408577878103,8752,6485,0.740973491773309,0.5764442086219788,5.30881929397583
s3,643,baseline_3sigma,88188,67378,70496,52207,0.7405668406718112,8809,6471,0.7345896242479283,8883,6497,0.7313970505459867,0.5679013729095459,5.358809471130371
s3,644,baseline_3sigma,87734,67141,70215,52090,0.7418642740155238,8885,6543,0.7364096792346652,8634,6346,0.7350011582117211,0.5849506855010986,5.391273498535156
s3,645,baseline_3sigma,87471,66930,69888,51793,0.7410857371794872,8796,6485,0.7372669395179627,8787,6530,0.7431432798452259,0.5837416052818298,5.307349681854248
s3,646,baseline_3sigma,88317,67525,70844,52475,0.7407119869007961,8744,6456,0.7383348581884721,8729,6456,0.7396036201168519,0.5716112852096558,5.324798583984375
s3,647,baseline_3sigma,87348,66853,70060,51900,0.7407936054810162,8707,6486,0.7449178821637763,8581,6293,0.7333644097424542,0.5910359025001526,5.4730329513549805
s3,648,baseline_3sigma,87586,67157,69944,51898,0.7419935948759008,9010,6708,0.7445061043285238,8632,6360,0.736793327154773,0.5851213932037354,5.413621425628662
s3,649,baseline_3sigma,87524,66904,69960,51724,0.7393367638650657,8726,6486,0.7432958973183589,8838,6564,0.7427019687712152,0.5757277011871338,5.319769859313965
s3,650,baseline_3sigma,87863,67289,70210,52017,0.7408773678963111,8761,6488,0.7405547311950691,8892,6580,0.7399910031488979,0.5807079076766968,5.469560146331787
s3,651,baseline_3sigma,87685,67219,70142,52025,0.7417096746599755,8813,6458,0.7327811188017701,8730,6507,0.7453608247422681,0.5896773934364319,5.2572431564331055
s3,652,baseline_3sigma,87519,67021,70179,51920,0.739822454010459,8704,6493,0.7459788602941176,8636,6356,0.7359888837424734,0.5975857377052307,5.268346309661865
s3,653,baseline_3sigma,87277,66760,69727,51641,0.7406169776413728,8840,6551,0.7410633484162896,8710,6457,0.7413318025258324,0.5688459277153015,5.402834415435791
s3,654,baseline_3sigma,87232,66808,69593,51508,0.7401319098185162,8880,6616,0.7450450450450451,8759,6475,0.7392396392282224,0.5756394863128662,5.508975028991699
s3,655,baseline_3sigma,87406,66932,69948,51900,0.7419797563904614,8827,6469,0.7328650730712586,8631,6377,0.7388483373884833,0.595827043056488,5.33950138092041
s3,656,baseline_3sigma,87477,66888,70047,51852,0.7402458349393979,8715,6408,0.7352839931153184,8715,6491,0.7448078026391279,0.5666815042495728,5.644087791442871
s3,657,baseline_3sigma,87472,67162,69934,51958,0.7429576457803071,8830,6544,0.7411098527746319,8708,6453,0.7410427193385393,0.5900003910064697,5.294078826904297
s3,658,baseline_3sigma,87847,67208,70389,52169,0.7411527369333276,8737,6441,0.7372095685017741,8721,6413,0.7353514505217291,0.5729944705963135,5.312842845916748
s3,659,baseline_3sigma,87679,67184,70163,51992,0.7410173453244587,8781,6534,0.7441065937820294,8735,6497,0.7437893531768747,0.57863450050354,5.470752716064453
s3,660,baseline_3sigma,87481,66839,69963,51691,0.7388333833597759,8637,6407,0.7418084983211763,8881,6520,0.7341515595090643,0.5900500416755676,5.405062675476074
s3,661,baseline_3sigma,87998,67360,70471,52146,0.7399639568049269,8596,6304,0.7333643555141927,8931,6648,0.7443735303997313,0.5821013450622559,5.526627063751221
s3,662,baseline_3sigma,87905,67331,70270,51981,0.7397324605094635,8734,6557,0.750744217998626,8901,6573,0.7384563532187395,0.5826377868652344,5.405266284942627
s3,663,baseline_3sigma,87878,67273,70219,52109,0.74209259602102,8817,6548,0.7426562322785528,8842,6467,0.731395611852522,0.5735758543014526,5.189754486083984
s3,664,baseline_3sigma,87367,67015,69924,51900,0.7422344259481723,8652,6450,0.7454923717059639,8791,6447,0.7333636673871005,0.5807129144668579,5.435051441192627
s3,665,baseline_3sigma,88009,67435,70486,52262,0.7414522032744091,8836,6528,0.7387958352195564,8687,6459,0.7435248071831473,0.5793140530586243,5.3989033699035645
s3,666,baseline_3sigma,88148,67473,70531,52269,0.7410783910620862,8804,6491,0.7372785097682871,8813,6660,0.7557018041529558,0.5587056279182434,5.522466659545898
s3,667,baseline_3sigma,88065,67442,70198,52013,0.7409470355280777,8904,6546,0.7351752021563343,8963,6667,0.7438357692736807,0.577629566192627,5.321867942810059
s3,668,baseline_3sigma,88077,67540,70437,52270,0.7420815764441984,8793,6549,0.7447969976117366,8847,6558,0.7412682265174636,0.580802857875824,5.396969318389893
s3,669,baseline_3sigma,87439,66842,70150,51976,0.7409265858873841,8685,6349,0.7310305123776626,8604,6325,0.7351231985123199,0.5783679485321045,5.358353137969971
s3,670,baseline_3sigma,87569,67026,70065,51887,0.7405551987440234,8774,6540,0.7453840893549123,8730,6423,0.7357388316151203,0.5912209153175354,5.391133785247803
s3,671,baseline_3sigma,87275,66756,69814,51690,0.7403959091299739,8653,6466,0.7472552871836358,8808,6492,0.7370572207084468,0.5721027851104736,5.315858840942383
s3,672,baseline_3sigma,87847,67224,70233,52007,0.7404923611407743,8836,6496,0.7351742870076958,8778,6512,0.7418546365914787,0.592750072479248,5.298388957977295
s3,673,baseline_3sigma,87446,66827,69922,51816,0.7410543176682589,8640,6318,0.73125,8884,6569,0.7394191805493021,0.5746651291847229,5.455085754394531
s3,674,baseline_3sigma,87894,67494,70348,52268,0.7429919827145051,8744,6493,0.7425663311985361,8802,6549,0.7440354464894342,0.571121335029602,5.377478122711182
s3,675,baseline_3sigma,88373,67645,70845,52608,0.7425788693626932,8695,6378,0.7335250143760782,8833,6448,0.7299898109362617,0.568524181842804,5.433406829833984
s3,676,baseline_3sigma,88005,67336,70384,52145,0.7408644010002273,8934,6596,0.7383031117080815,8687,6401,0.7368481639231035,0.5918890237808228,5.307954788208008
s3,677,baseline_3sigma,87462,66779,70192,51864,0.738887622521085,8645,6377,0.7376518218623481,8625,6433,0.7458550724637681,0.5740894079208374,5.208095550537109
s3,678,baseline_3sigma,87725,67243,70227,52170,0.742876671365714,8690,6439,0.7409666283084004,8808,6478,0.7354677565849228,0.5848038792610168,5.415554523468018
s3,679,baseline_3sigma,87849,67473,70310,52231,0.7428673019485137,8738,6502,0.744106202792401,8801,6489,0.7373025792523576,0.579149067401886,5.347097396850586
s3,680,baseline_3sigma,87842,67087,70306,51926,0.7385713879327511,8733,6454,0.739035841062636,8803,6534,0.7422469612632058,0.5895498991012573,5.279621601104736
s3,681,baseline_3sigma,87846,67405,70236,52270,0.7442052508685005,8870,6505,0.7333709131905298,8740,6483,0.7417620137299771,0.5689530968666077,5.370469093322754
s3,682,baseline_3sigma,87592,67106,70041,51873,0.7406090718293571,8709,6530,0.7497990584452865,8842,6601,0.746550554173264,0.5835341215133667,5.280694961547852
s3,683,baseline_3sigma,88145,67681,70446,52425,0.7441870368793118,8846,6563,0.7419172507347954,8853,6545,0.7392974133062239,0.5638223886489868,5.405993938446045
s3,684,baseline_3sigma,87810,66992,70045,51817,0.7397672924548504,8913,6526,0.7321889375070122,8852,6506,0.7349751468594667,0.5723267793655396,5.298123359680176
s3,685,baseline_3sigma,87406,66599,69918,51576,0.7376641208272547,8704,6407,0.7360983455882353,8784,6452,0.7345173041894353,0.5750245451927185,5.276788711547852
s3,686,baseline_3sigma,87440,66935,69761,51664,0.7405857140809334,8856,6580,0.7429990966576332,8823,6519,0.7388643318599116,0.5549136996269226,5.249610424041748
s3,687,baseline_3sigma,87587,67163,70047,51980,0.742073179436664,8670,6434,0.7420991926182238,8870,6534,0.7366403607666291,0.5750954151153564,5.4372172355651855
s3,688,baseline_3sigma,87716,67221,70085,51951,0.7412570450167654,8795,6550,0.7447413303013075,8836,6506,0.7363060208239022,0.5868029594421387,5.346140384674072
s3,689,baseline_3sigma,87876,67194,70316,52068,0.7404858069287218,8779,6554,0.7465542772525344,8781,6481,0.7380708347568614,0.5682108402252197,5.3150835037231445
s3,690,baseline_3sigma,87805,67267,70335,52223,0.7424895144664818,8880,6567,0.739527027027027,8590,6350,0.7392316647264261,0.5743963718414307,5.325931072235107
s3,691,baseline_3sigma,87583,67104,70110,52023,0.7420196833547282,8717,6502,0.745898818400826,8756,6484,0.7405207857469164,0.580284833908081,5.367574691772461
s3,692,baseline_3sigma,87021,66508,69470,51380,0.739599827263567,8689,6469,0.7445045459776729,8862,6499,0.7333559016023471,0.5816981792449951,5.299449443817139
s3,693,baseline_3sigma,87885,67126,70350,51968,0.7387064676616916,8802,6532,0.7421040672574415,8733,6395,0.7322798580098477,0.583593487739563,5.307403087615967
s3,694,baseline_3sigma,87910,67424,70260,52196,0.7428978081411899,8826,6540,0.7409925220938137,8824,6521,0.7390072529465095,0.5842791795730591,5.465641498565674
s3,695,baseline_3sigma,87889,67623,70316,52311,0.7439416349052848,8821,6653,0.7542228772248044,8752,6447,0.7366316270566727,0.5758524537086487,5.448155879974365
s3,696,baseline_3sigma,87495,67031,69751,51730,0.7416381127152298,8935,6575,0.735870173475098,8809,6504,0.7383357929390396,0.5774974822998047,5.49882698059082
s3,697,baseline_3sigma,87697,67250,70158,52027,0.7415690299039311,8765,6533,0.7453508271534512,8774,6487,0.7393435149304765,0.5773054361343384,5.412854194641113
s3,698,baseline_3sigma,87701,67032,70173,51928,0.7399997149900959,8800,6576,0.7472727272727273,8728,6403,0.733615948670944,0.581336259841919,5.408199310302734
s3,699,baseline_3sigma,87767,67219,70225,52050,0.741189035243859,8762,6466,0.7379593700068477,8780,6551,0.746127562642369,0.5736628174781799,5.446975231170654
s3,700,baseline_3sigma,88181,67545,70618,52274,0.7402362004021638,8755,6484,0.7406053683609366,8808,6606,0.75,0.5818923115730286,5.460315704345703
s3,701,baseline_3sigma,87956,67306,70191,52004,0.7408927070422134,8834,6583,0.7451890423364275,8931,6554,0.7338483932370395,0.5692808628082275,5.491440296173096
s3,702,baseline_3sigma,87811,67373,70339,52150,0.741409459901335,8689,6428,0.7397859362412246,8783,6516,0.7418877376750541,0.5886496901512146,5.477153778076172
s3,703,baseline_3sigma,88059,67385,70532,52217,0.7403306300686213,8782,6538,0.7444773400136643,8745,6445,0.7369925671812464,0.5697905421257019,5.329503059387207
s3,704,baseline_3sigma,87479,66969,69789,51658,0.7402026107266189,8901,6618,0.7435119649477587,8789,6533,0.7433155080213903,0.5787547826766968,5.369526386260986
s3,705,baseline_3sigma,88506,67796,70881,52599,0.7420747449951327,8842,6529,0.7384076000904772,8783,6483,0.7381304793350791,0.5748172998428345,5.395901203155518
s3,706,baseline_3sigma,88257,67492,70596,52199,0.7394044988384612,8892,6593,0.7414529914529915,8769,6543,0.7461512145056449,0.5818080902099609,5.308135509490967
s3,707,baseline_3sigma,87307,67019,69829,51813,0.7419983101576709,8731,6460,0.7398923376474631,8747,6553,0.7491711443923631,0.5771160125732422,5.5483078956604
s3,708,baseline_3sigma,87994,67402,70479,52203,0.7406887157876815,8705,6450,0.7409534750143596,8810,6546,0.7430192962542566,0.5808969736099243,5.34164571762085
s3,709,baseline_3sigma,88414,67755,70779,52479,0.7414487347942186,8778,6546,0.745727956254272,8857,6588,0.7438184486846562,0.5813366770744324,5.307336807250977
s3,710,baseline_3sigma,87241,66804,69811,51727,0.7409577287246996,8666,6455,0.7448649896145857,8764,6434,0.7341396622546782,0.5951833724975586,5.238673210144043
s3,711,baseline_3sigma,87993,67281,70453,52099,0.7394858984003521,8747,6447,0.7370527037841546,8793,6553,0.7452519049243717,0.583017885684967,5.26972770690918
s3,712,baseline_3sigma,87259,66893,69750,51738,0.7417634408602151,8807,6576,0.7466787782445782,8702,6425,0.7383360147092622,0.5814563035964966,5.3356499671936035
s3,713,baseline_3sigma,88086,67570,70182,52125,0.7427118064460972,8963,6637,0.7404886756666295,8941,6626,0.7410804160608433,0.580673098564148,5.266023635864258
s3,714,baseline_3sigma,87666,67107,70094,51878,0.7401204097354981,8774,6486,0.7392295418281286,8798,6543,0.7436917481245737,0.5921670198440552,5.3247270584106445
s3,715,baseline_3sigma,87839,67195,70264,52028,0.7404645337583969,8610,6335,0.7357723577235772,8965,6599,0.7360847741215839,0.5948325991630554,5.275026798248291
s3,716,baseline_3sigma,88107,67427,70616,52340,0.7411917978928289,8865,6501,0.7333333333333333,8626,6433,0.7457686065383724,0.579257607460022,5.473416328430176
s3,717,baseline_3sigma,87851,66975,70287,51817,0.7372202541010429,8797,6516,0.7407070592247357,8767,6487,0.7399338428196647,0.5735059976577759,5.368921279907227
s3,718,baseline_3sigma,88057,67361,70259,52084,0.7413142800210649,8870,6540,0.7373167981961668,8928,6577,0.736671146953405,0.57889324426651,5.236625671386719
s3,719,baseline_3sigma,87832,67296,70148,52043,0.7419028340080972,8881,6584,0.7413579551852268,8803,6524,0.7411109848915143,0.5842037796974182,5.390562534332275
s3,0,median_mad,87352,66999,70081,50001,0.7134744081848147,8774,6306,0.7187143834055163,8497,6080,0.7155466635283041,1.0797477960586548,10.959300994873047
s3,1,median_mad,88279,67693,70481,50517,0.7167463571742739,8910,6375,0.7154882154882155,8888,6342,0.7135463546354636,1.0746312141418457,10.64951229095459
s3,2,median_mad,87695,67118,70181,50093,0.7137686838318064,8726,6274,0.719000687600275,8788,6253,0.7115384615384616,1.0792994499206543,10.896385192871094
s3,3,median_mad,87985,67415,70184,50164,0.714749800524336,8903,6317,0.7095361114231158,8898,6351,0.7137559002022926,1.074380874633789,11.05950927734375
s3,4,median_mad,87896,67187,70327,50065,0.7118887482759111,8818,6270,0.7110455885688365,8751,6241,0.7131756370700492,1.0763555765151978,11.1561861038208
s3,5,median_mad,87626,67142,70128,49960,0.7124115902349989,8765,6294,0.7180832857957786,8733,6271,0.7180808427802587,1.0751287937164307,10.86795711517334
s3,6,median_mad,87981,67277,70580,50415,0.7142958345140267,8689,6157,0.7085970767637243,8712,6168,0.7079889807162535,1.085273027420044,11.023531913757324
s3,7,median_mad,87778,67234,70166,50115,0.7142348145825613,8775,6236,0.7106552706552707,8837,6347,0.7182301686092565,1.0732216835021973,11.254690170288086
s3,8,median_mad,87953,67545,70217,50352,0.7170913026759902,8896,6352,0.7140287769784173,8840,6344,0.7176470588235294,1.0741819143295288,10.80656909942627
s3,9,median_mad,87431,66852,69956,49850,0.7125907713419863,8742,6224,0.7119652253488904,8733,6211,0.7112103515401351,1.070288896560669,11.191192626953125
s3,10,median_mad,87654,67124,70183,50135,0.7143467791345482,8691,6149,0.7075135197330572,8780,6275,0.7146924829157175,1.0772700309753418,11.027276039123535
s3,11,median_mad,87866,67176,70191,50129,0.7141798806114744,8883,6259,0.7046043003489812,8792,6213,0.7066651501364877,1.0778772830963135,11.059460639953613
s3,12,median_mad,87837,67017,70060,49927,0.7126320296888381,8876,6391,0.7200315457413249,8901,6240,0.7010448264239973,1.0713449716567993,10.844979286193848
s3,13,median_mad,88003,67386,70407,50308,0.7145312255883648,8837,6221,0.7039719361774358,8759,6212,0.7092133805228907,1.0794700384140015,11.415459632873535
s3,14,median_mad,87218,66876,69705,49735,0.7135069220285489,8788,6344,0.7218934911242604,8725,6241,0.7153008595988539,1.0815846920013428,11.456135749816895
s3,15,median_mad,88085,67502,70381,50375,0.7157471476676944,8860,6330,0.7144469525959368,8844,6286,0.7107643600180914,1.0754022598266602,10.751669883728027
s3,16,median_mad,87818,67305,70362,50247,0.7141212586339217,8708,6288,0.7220946256316031,8748,6284,0.7183356195701874,1.0698262453079224,10.843735694885254
s3,17,median_mad,88481,67787,70931,50576,0.7130309737632347,8811,6332,0.7186471456134378,8739,6253,0.7155280924590914,1.0765738487243652,11.098966598510742
s3,18,median_mad,86969,66412,69456,49502,0.7127102050218843,8595,6110,0.7108784176847004,8918,6313,0.7078941466696569,1.078613042831421,10.935102462768555
s3,19,median_mad,87342,66864,69750,49640,0.7116845878136201,8858,6371,0.7192368480469632,8734,6234,0.7137623082207465,1.0766632556915283,11.17948055267334
s3,20,median_mad,87875,67293,70384,50217,0.7134718117754035,8700,6222,0.7151724137931035,8791,6330,0.7200546012967808,1.0690717697143555,10.850296020507812
s3,21,median_mad,87701,67197,70178,50050,0.7131864686938927,8641,6165,0.7134590903830575,8882,6397,0.7202206710200405,1.075361967086792,10.999034881591797
s3,22,median_mad,87553,67036,70092,50064,0.714261256634138,8614,6144,0.713257487810541,8847,6244,0.7057759692551148,1.0749837160110474,10.954404830932617
s3,23,median_mad,87616,66845,70269,49974,0.7111813175084318,8636,6137,0.7106299212598425,8711,6233,0.7155320858684422,1.0719385147094727,11.188165664672852
s3,24,median_mad,87753,67532,70122,50267,0.7168506317560822,8907,6412,0.7198832379027731,8724,6332,0.7258138468592389,1.0776046514511108,11.228631973266602
s3,25,median_mad,87665,67205,70155,50136,0.7146461406884755,8748,6271,0.7168495656149977,8762,6234,0.7114813969413376,1.0667848587036133,10.897856712341309
s3,26,median_mad,88075,67371,70413,50237,0.713462002755173,8871,6349,0.7157028519896291,8791,6244,0.7102718689568878,1.0736867189407349,10.937007904052734
s3,27,median_mad,87856,67124,70240,50063,0.7127420273348519,8795,6276,0.7135872654917567,8821,6280,0.7119374220609909,1.0811119079589844,10.569123268127441
s3,28,median_mad,87680,67051,69956,49932,0.7137629367030704,8845,6290,0.711136235161108,8879,6311,0.7107782407928821,1.0832502841949463,11.100034713745117
s3,29,median_mad,87847,67114,70429,50207,0.7128739581706399,8595,6122,0.7122745782431646,8823,6251,0.7084891760172277,1.07082200050354,11.144843101501465
s3,30,median_mad,87508,66917,69793,49795,0.7134669666012351,8911,6346,0.7121535181236673,8804,6216,0.7060427078600636,1.0746155977249146,11.024887084960938
s3,31,median_mad,87346,66899,69873,49924,0.7144963004307816,8791,6279,0.714253213513821,8682,6191,0.7130845427320894,1.0734233856201172,11.06110954284668
s3,32,median_mad,87803,67453,70255,50322,0.7162764216070031,8757,6269,0.7158844353088958,8791,6307,0.7174382891593676,1.0780256986618042,10.750823020935059
s3,33,median_mad,87714,67107,70051,50087,0.7150076372928295,8858,6345,0.7163016482275909,8805,6250,0.7098239636570131,1.0787824392318726,10.811281204223633
s3,34,median_mad,87784,67261,70186,50190,0.715099877468441,8793,6188,0.7037416126464233,8805,6313,0.7169789892106757,1.0746334791183472,10.853517532348633
s3,35,median_mad,87847,67216,70316,50082,0.7122418795153308,8736,6225,0.7125686813186813,8795,6311,0.7175667993177942,1.0790762901306152,10.960139274597168
s3,36,median_mad,87096,66761,69614,49662,0.7133909845720688,8716,6304,0.7232675539238183,8766,6280,0.7164042892995665,1.0819729566574097,10.93657398223877
s3,37,median_mad,87561,66838,70092,50006,0.7134337727558067,8697,6216,0.7147292169713695,8772,6196,0.7063383492932056,1.0797510147094727,11.061325073242188
s3,38,median_mad,87717,67291,70199,50276,0.7161925383552472,8851,6287,0.7103152186193651,8667,6224,0.7181262259143879,1.076351284980774,11.112598419189453
s3,39,median_mad,87211,66798,69714,49742,0.7135152193246693,8776,6345,0.7229945305378305,8721,6196,0.7104689829148033,1.0842190980911255,10.587830543518066
s3,40,median_mad,88164,67528,70758,50482,0.713445829446847,8698,6155,0.7076339388365142,8708,6257,0.7185346807533303,1.0802459716796875,10.905937194824219
s3,41,median_mad,87489,66754,70049,49916,0.712586903453297,8719,6173,0.7079940360133042,8721,6167,0.7071436761839238,1.0761280059814453,11.216771125793457
s3,42,median_mad,87563,66998,70046,50034,0.7143020300945093,8764,6226,0.7104062072113191,8753,6269,0.7162115845995659,1.080236792564392,11.035881996154785
s3,43,median_mad,87945,67388,70135,50201,0.7157767163327867,8819,6344,0.7193559360471709,8991,6341,0.7052608163719275,1.0745917558670044,11.112835884094238
s3,44,median_mad,87448,66986,69644,49648,0.7128826603871116,8953,6443,0.7196470456830113,8851,6316,0.7135916845554174,1.0786641836166382,11.238117218017578
s3,45,median_mad,87644,67082,70054,50064,0.7146486995746139,8861,6309,0.7119963886694504,8729,6222,0.7127964257074121,1.074307918548584,10.635398864746094
s3,46,median_mad,87616,67217,69987,49999,0.7144041036192436,8817,6317,0.7164568447317682,8812,6305,0.7155015887426237,1.0762193202972412,11.138836860656738
s3,47,median_mad,88077,67531,70537,50463,0.7154117697095141,8705,6232,0.7159103963239517,8835,6352,0.7189586870401811,1.081581950187683,10.768097877502441
s3,48,median_mad,87527,66959,70084,49932,0.7124593345128702,8687,6228,0.7169333486819385,8756,6278,0.7169940612151667,1.0749452114105225,10.88635540008545
s3,49,median_mad,87625,67235,69985,50119,0.7161391726798599,8835,6299,0.7129598189020939,8805,6240,0.7086882453151618,1.0772616863250732,10.970087051391602
s3,50,median_mad,87768,67106,70341,50059,0.7116617619880298,8815,6287,0.7132161089052751,8612,6223,0.7225963771481654,1.0732102394104004,11.127001762390137
s3,51,median_mad,87899,67507,70431,50433,0.7160625292839801,8757,6198,0.7077766358341898,8711,6237,0.7159912753989209,1.0781853199005127,11.166580200195312
s3,52,median_mad,88152,67317,70534,50294,0.7130461904896929,8710,6171,0.70849598163031,8908,6344,0.7121688370004491,1.0839029550552368,10.942567825317383
s3,53,median_mad,87674,67060,70192,50126,0.7141269660360156,8691,6204,0.7138419054193994,8791,6260,0.7120919121829143,1.0756258964538574,11.256949424743652
s3,54,median_mad,87438,66586,70073,49666,0.7087751345025901,8842,6270,0.7091155847093418,8523,6020,0.7063240642966092,1.0782619714736938,11.029767036437988
s3,55,median_mad,87883,67064,70386,50040,0.7109368340294945,8755,6227,0.7112507138777842,8742,6200,0.7092198581560284,1.0767035484313965,10.969064712524414
s3,56,median_mad,87457,67020,69874,49863,0.7136130749635058,8907,6424,0.7212304928707758,8676,6196,0.7141539880129092,1.0770595073699951,11.077587127685547
s3,57,median_mad,87400,66837,69988,49949,0.7136794879122135,8604,6132,0.7126917712691772,8808,6224,0.706630336058129,1.0807693004608154,10.894887924194336
s3,58,median_mad,87911,67308,70433,50326,0.7145230218789488,8680,6174,0.7112903225806452,8798,6303,0.7164128210957036,1.0794843435287476,10.989655494689941
s3,59,median_mad,87786,67088,70348,50201,0.71360948427816,8765,6231,0.7108956075299486,8673,6139,0.7078288942695722,1.0814387798309326,11.120163917541504
s3,60,median_mad,87938,67352,70271,50170,0.7139502782086494,8875,6307,0.7106478873239437,8792,6295,0.7159918107370337,1.0774277448654175,11.110121726989746
s3,61,median_mad,87386,66737,69833,49634,0.7107527959560667,8754,6212,0.7096184601325108,8799,6295,0.7154222070689851,1.0794676542282104,11.186138153076172
s3,62,median_mad,88011,67474,70422,50385,0.7154724375905257,8803,6312,0.7170282858116551,8786,6301,0.7171636694741634,1.074610710144043,10.759281158447266
s3,63,median_mad,87498,67244,69754,50105,0.7183100610717665,8800,6277,0.7132954545454545,8944,6344,0.7093023255813954,1.0744915008544922,10.993721961975098
s3,64,median_mad,87893,67165,70302,50058,0.7120423316548604,8731,6267,0.7177871950521132,8860,6342,0.7158013544018059,1.0776537656784058,11.075095176696777
s3,65,median_mad,88333,67789,70647,50483,0.7145809446968732,8849,6322,0.7144310091535767,8837,6350,0.7185696503338237,1.0799164772033691,10.954319953918457
s3,66,median_mad,87311,66777,69948,49906,0.7134728655572711,8711,6203,0.7120881643898519,8652,6150,0.7108183079056866,1.069952368736267,10.832962989807129
s3,67,median_mad,87896,67283,70253,50122,0.7134499594323374,8839,6326,0.7156918203416676,8804,6226,0.7071785552021809,1.0771386623382568,10.87516975402832
s3,68,median_mad,87440,66830,69796,49586,0.7104418591323285,8911,6434,0.7220289529794636,8733,6237,0.7141875644108554,1.0750532150268555,11.091063499450684
s3,69,median_mad,87702,67052,70039,50055,0.714673253473065,8829,6349,0.7191074866915845,8834,6230,0.705229793977813,1.0785155296325684,10.715017318725586
s3,70,median_mad,87382,67126,69850,49991,0.7156907659269864,8706,6253,0.7182402940500804,8826,6311,0.7150464536596419,1.0732603073120117,11.007750511169434
s3,71,median_mad,87761,67160,70060,50050,0.7143876677133886,8805,6231,0.7076660988074958,8896,6322,0.7106564748201439,1.0818934440612793,11.078804016113281
s3,72,median_mad,87669,67097,70076,50150,0.7156515782864319,8797,6246,0.7100147777651472,8796,6214,0.7064574806730332,1.0783765316009521,11.04051399230957
s3,73,median_mad,87716,67371,70160,50285,0.7167189281641961,8679,6242,0.7192072819449246,8877,6325,0.7125154894671624,1.0725208520889282,10.99631118774414
s3,74,median_mad,88057,67520,70272,50237,0.7148935564663024,8975,6436,0.7171030640668523,8810,6282,0.7130533484676504,1.0776045322418213,10.995047569274902
s3,75,median_mad,87552,66939,69944,49841,0.7125843531968432,8813,6348,0.7202995574719165,8795,6201,0.7050596930073906,1.0763545036315918,11.475007057189941
s3,76,median_mad,87560,66989,69894,49855,0.713294417260423,8866,6311,0.7118204376268893,8800,6303,0.71625,1.0746303796768188,11.007871627807617
s3,77,median_mad,88204,67449,70312,50178,0.7136477414950506,8962,6403,0.7144610577995983,8930,6345,0.7105263157894737,1.0737066268920898,10.930611610412598
s3,78,median_mad,87564,67213,69938,50108,0.7164631530784409,8883,6327,0.7122593718338399,8743,6224,0.7118837927484845,1.0843510627746582,11.27995777130127
s3,79,median_mad,87364,67039,69836,50024,0.7163067758749069,8810,6248,0.7091940976163451,8718,6258,0.7178251892635926,1.0830252170562744,11.062159538269043
s3,80,median_mad,87758,67190,70317,50145,0.713127693160971,8672,6154,0.709640221402214,8769,6332,0.7220891777853803,1.0751591920852661,10.92524528503418
s3,81,median_mad,87814,67187,70237,50180,0.7144382590372595,8962,6411,0.7153537156884624,8615,6084,0.706210098665119,1.0801138877868652,10.827085494995117
s3,82,median_mad,87540,67095,70169,49990,0.7124228647978452,8743,6291,0.7195470662244081,8628,6200,0.7185906351414001,1.0786839723587036,11.369762420654297
s3,83,median_mad,87529,67080,69850,49820,0.7132426628489621,8965,6460,0.720580033463469,8714,6284,0.7211383979802617,1.0774458646774292,10.812663078308105
s3,84,median_mad,87783,67124,70187,50022,0.712696083320273,8823,6318,0.7160829649778987,8773,6299,0.7179984041946883,1.0781046152114868,11.03437614440918
s3,85,median_mad,87622,67197,70176,50217,0.7155865253077975,8733,6187,0.7084621550440856,8713,6152,0.7060713875817743,1.0766373872756958,10.747506141662598
s3,86,median_mad,87935,67360,70020,50069,0.7150671236789489,8978,6359,0.7082869235910002,8937,6352,0.7107530491216292,1.0727097988128662,10.909611701965332
s3,87,median_mad,87394,66831,69828,49799,0.7131666380248611,8739,6309,0.721936148300721,8827,6287,0.7122465163702277,1.0792285203933716,10.849117279052734
s3,88,median_mad,87996,67485,70365,50271,0.7144318908548284,8895,6398,0.7192804946599213,8736,6243,0.7146291208791209,1.0836633443832397,11.477192878723145
s3,89,median_mad,87505,66905,69947,49848,0.7126538664989206,8851,6364,0.7190148005875042,8707,6185,0.7103479958653957,1.0751830339431763,10.87071418762207
s3,90,median_mad,87662,67191,69800,49890,0.7147564469914041,8839,6311,0.7139947957913791,9023,6366,0.7055303114263549,1.0797463655471802,11.137556076049805
s3,91,median_mad,87677,67210,70081,49997,0.7134173313736961,8908,6436,0.7224966322406825,8688,6256,0.7200736648250461,1.0707502365112305,10.901907920837402
s3,92,median_mad,87303,66735,69714,49762,0.7138021057463351,8862,6283,0.7089821710674791,8727,6181,0.7082617165119743,1.0782756805419922,10.842986106872559
s3,93,median_mad,88139,67560,70572,50392,0.7140508983732925,9000,6430,0.7144444444444444,8567,6174,0.7206723473794794,1.076340913772583,10.967910766601562
s3,94,median_mad,87860,67218,70339,50160,0.713117900453518,8856,6388,0.7213188798554652,8665,6134,0.7079053664166186,1.0807368755340576,11.061101913452148
s3,95,median_mad,88102,67362,70381,50191,0.7131328057288189,8937,6368,0.7125433590690389,8784,6296,0.7167577413479053,1.0756266117095947,11.281028747558594
s3,96,median_mad,87569,67025,69693,49768,0.7141032815347309,9092,6510,0.7160140783106027,8784,6214,0.7074225865209471,1.0794693231582642,11.201992988586426
s3,97,median_mad,87989,67397,70340,50273,0.7147142450952516,8722,6220,0.7131391882595735,8927,6311,0.7069564243306822,1.072683572769165,11.109278678894043
s3,98,median_mad,87486,66876,69959,49885,0.7130605068683086,8766,6189,0.7060232717316907,8761,6233,0.7114484647871248,1.076293706893921,11.250720977783203
s3,99,median_mad,87696,67096,70102,50008,0.713360531796525,8791,6261,0.712205664884541,8803,6312,0.7170282858116551,1.0796282291412354,11.365289688110352
s3,100,median_mad,87684,67100,70331,50082,0.7120899745489186,8530,6080,0.712778429073857,8823,6273,0.7109826589595376,1.0822991132736206,10.989777565002441
s3,101,median_mad,87370,66807,69963,49946,0.7138916284321712,8647,6118,0.7075286226436914,8760,6232,0.7114155251141553,1.0782896280288696,10.896092414855957
s3,102,median_mad,87946,67422,70529,50541,0.7165988458648216,8729,6205,0.7108488944896323,8688,6189,0.7123618784530387,1.0717605352401733,10.970582008361816
s3,103,median_mad,87701,67317,70028,50243,0.7174701547952248,8870,6325,0.7130777903043969,8803,6257,0.7107804157673521,1.0762243270874023,10.860276222229004
s3,104,median_mad,87752,67158,69886,49940,0.714592336090204,8853,6260,0.7071049361798261,9013,6463,0.7170753356263175,1.0829498767852783,11.115942001342773
s3,105,median_mad,88039,67456,70360,50269,0.7144542353610006,8816,6271,0.7113203266787659,8863,6323,0.713415322125691,1.07804274559021,10.86516284942627
s3,106,median_mad,87584,67086,70010,49995,0.7141122696757606,8879,6390,0.7196756391485528,8695,6143,0.7064979873490512,1.0709059238433838,11.156956672668457
s3,107,median_mad,87667,67065,70236,50184,0.7145053818554588,8698,6179,0.7103931938376639,8733,6240,0.7145310889728615,1.0760401487350464,10.95398235321045
s3,108,median_mad,87865,67392,70310,50225,0.7143365097425686,8779,6285,0.7159129741428408,8776,6285,0.7161577028258888,1.0782670974731445,10.477071762084961
s3,109,median_mad,88473,67975,70729,50745,0.7174567716212586,8779,6295,0.7170520560428295,8965,6406,0.7145566090351366,1.074172019958496,10.470855712890625
s3,110,median_mad,87952,67177,70375,50137,0.7124262877442273,8715,6230,0.714859437751004,8862,6322,0.7133829835251636,1.0816459655761719,11.031183242797852
s3,111,median_mad,88042,67521,70610,50510,0.7153377708539866,8860,6367,0.7186230248306997,8572,6134,0.715585627624825,1.0796277523040771,10.947434425354004
s3,112,median_mad,87327,67041,69829,50018,0.716292657778287,8795,6265,0.7123365548607163,8703,6220,0.7146960818108699,1.0778133869171143,11.231352806091309
s3,113,median_mad,87529,66812,69957,49851,0.712594879711823,8820,6264,0.710204081632653,8752,6191,0.7073811700182815,1.0727367401123047,10.587973594665527
s3,114,median_mad,87296,67063,69957,50171,0.7171691181725918,8784,6326,0.7201730418943534,8555,6113,0.7145528930450029,1.0674002170562744,10.590872764587402
s3,115,median_mad,88255,67544,70509,50285,0.7131713681941313,8893,6359,0.7150567862363657,8853,6289,0.7103806619225121,1.073857307434082,11.190896034240723
s3,116,median_mad,87339,66776,69902,49906,0.713942376469915,8686,6153,0.7083813032466038,8751,6258,0.7151182721974632,1.0732643604278564,11.033344268798828
s3,117,median_mad,87949,67240,70378,50133,0.7123390832362386,8852,6351,0.7174649796656123,8719,6219,0.7132698703979814,1.0732558965682983,10.88282299041748
s3,118,median_mad,88021,67458,70462,50446,0.7159319917118446,8779,6261,0.7131791775828682,8780,6213,0.707630979498861,1.0837891101837158,11.091317176818848
s3,119,median_mad,87793,67267,70139,50010,0.7130127318610189,8867,6371,0.7185068230517649,8787,6269,0.7134403095481961,1.0734105110168457,11.480178833007812
s3,120,median_mad,87693,67065,70213,49929,0.7111076296412345,8774,6318,0.7200820606336904,8706,6215,0.7138754881690788,1.0803682804107666,11.233241081237793
s3,121,median_mad,87900,67266,70454,50189,0.7123655150878587,8910,6433,0.7219977553310887,8536,6110,0.7157919400187441,1.0710244178771973,10.883678436279297
s3,122,median_mad,87515,67280,69941,50179,0.7174475629459115,8734,6255,0.7161667048316922,8840,6327,0.7157239819004525,1.0808970928192139,10.872237205505371
s3,123,median_mad,87883,67239,70463,50343,0.7144600712430638,8661,6167,0.71204248931994,8759,6249,0.7134376070327663,1.078726053237915,10.801495552062988
s3,124,median_mad,87592,67137,70149,50085,0.7139802420561947,8897,6281,0.7059683039226705,8546,6167,0.7216241516498947,1.0785943269729614,10.844962120056152
s3,125,median_mad,87618,67137,70100,50047,0.7139372325249643,8765,6331,0.7223046206503138,8753,6231,0.7118702159259682,1.0807197093963623,11.186859130859375
s3,126,median_mad,87834,67172,70288,50230,0.7146312315046666,8777,6228,0.7095818616839467,8769,6167,0.7032728931463109,1.076522707939148,10.845346450805664
s3,127,median_mad,87890,67346,70281,50266,0.7152146383802166,8747,6217,0.71075797416257,8862,6310,0.7120288873843377,1.0890283584594727,11.105230331420898
s3,128,median_mad,87919,67218,70308,50161,0.7134465494680549,8956,6417,0.7165029030817329,8655,6177,0.7136915077989602,1.0770111083984375,10.99355697631836
s3,129,median_mad,87978,67402,70399,50184,0.7128510348158354,8750,6304,0.7204571428571429,8829,6329,0.7168422244874845,1.0768895149230957,10.840412139892578
s3,130,median_mad,87150,66763,69786,49803,0.7136531682572436,8689,6208,0.7144665669236966,8675,6203,0.715043227665706,1.0786420106887817,11.419534683227539
s3,131,median_mad,87780,67200,70193,50189,0.7150143176670039,8808,6269,0.7117393278837421,8779,6297,0.7172798724228272,1.0756127834320068,10.778379440307617
s3,132,median_mad,87748,67245,70178,50145,0.7145401692838211,8915,6403,0.7182277061132922,8655,6129,0.7081455805892548,1.0789122581481934,10.865066528320312
s3,133,median_mad,87907,67235,70190,50125,0.7141330673885169,8829,6282,0.7115188583078491,8888,6320,0.7110711071107111,1.0789388418197632,10.926762580871582
s3,134,median_mad,88015,67417,70341,50190,0.7135241182240798,8806,6263,0.7112196229843288,8868,6315,0.7121109607577808,1.0771405696868896,11.104229927062988
s3,135,median_mad,87922,67268,70380,50165,0.7127735152031828,8708,6240,0.7165824529168581,8834,6339,0.7175684853973285,1.0788872241973877,11.36148738861084
s3,136,median_mad,88055,67374,70535,50410,0.7146806549939746,8827,6263,0.7095275858162456,8693,6203,0.7135626366041643,1.076046347618103,10.754085540771484
s3,137,median_mad,87673,66982,70102,49951,0.7125474308864227,8798,6291,0.71504887474426,8773,6263,0.7138949048216118,1.0804051160812378,10.770425796508789
s3,138,median_mad,87828,67135,70087,49840,0.7111161841711017,8883,6367,0.7167623550602275,8858,6263,0.7070444795664935,1.07534658908844,11.13022518157959
s3,139,median_mad,87648,66962,70258,49976,0.7113211306897436,8699,6227,0.7158294056788137,8691,6161,0.7088942584282591,1.0769846439361572,10.951021194458008
s3,140,median_mad,87947,67269,70227,50181,0.7145542312785681,8890,6350,0.7142857142857143,8830,6281,0.7113250283125708,1.077266812324524,10.85820198059082
s3,141,median_mad,88323,67484,70593,50250,0.7118269516807616,8845,6289,0.711023176936122,8885,6358,0.715588069780529,1.0748697519302368,10.749271392822266
s3,142,median_mad,87797,67373,70413,50331,0.7147969835115675,8781,6350,0.7231522605625783,8603,6148,0.7146344298500523,1.0790302753448486,10.802376747131348
s3,143,median_mad,88162,67689,70533,50422,0.7148710532658472,8825,6312,0.7152407932011331,8804,6282,0.7135393003180373,1.0822159051895142,11.013145446777344
s3,144,median_mad,87681,67090,69990,49870,0.7125303614802114,8867,6260,0.7059884966730574,8824,6353,0.7199682683590208,1.0758278369903564,11.12540054321289
s3,145,median_mad,87937,67369,70168,50137,0.7145279899669364,8886,6334,0.7128066621652037,8883,6334,0.7130473938984577,1.0746151208877563,11.105205535888672
s3,146,median_mad,87532,67184,69919,50105,0.7166149401450249,8759,6246,0.7130951021806142,8854,6363,0.7186582335667495,1.0722829103469849,11.082283973693848
s3,147,median_mad,87822,67127,70468,50248,0.7130612476585116,8721,6251,0.7167755991285403,8633,6174,0.7151627475964323,1.072458267211914,10.832658767700195
s3,148,median_mad,87994,67512,70407,50476,0.7169173519678441,8767,6245,0.7123303296452607,8820,6236,0.7070294784580499,1.0772842168807983,11.151700019836426
s3,149,median_mad,87569,66829,70221,49898,0.7105851525896811,8656,6167,0.7124537892791127,8692,6221,0.7157156005522319,1.0745543241500854,11.028472900390625
s3,150,median_mad,88054,67157,70543,50251,0.7123456615114185,8738,6190,0.7084000915541314,8773,6208,0.7076256696683004,1.081056833267212,11.025078773498535
s3,151,median_mad,87521,66849,69963,49795,0.7117333447679488,8907,6348,0.7126978780734254,8651,6109,0.7061611374407583,1.076886773109436,11.341254234313965
s3,152,median_mad,87598,67142,70066,49904,0.7122427425570177,8853,6346,0.7168191573477917,8679,6183,0.7124092637400622,1.0749125480651855,11.261540412902832
s3,153,median_mad,87994,67257,70262,50110,0.7131877828698301,8899,6344,0.7128890886616474,8833,6281,0.7110834371108343,1.080914855003357,11.277483940124512
s3,154,median_mad,87359,66816,69770,49831,0.7142181453346711,8808,6268,0.7116257947320618,8781,6267,0.7137000341646738,1.0763298273086548,11.028953552246094
s3,155,median_mad,87711,67165,70096,50097,0.7146912805295594,8702,6141,0.7056998391174443,8913,6363,0.713901043419724,1.079302430152893,10.493083000183105
s3,156,median_mad,88216,67556,70435,50349,0.7148292752182863,8881,6335,0.7133205720076568,8900,6275,0.7050561797752809,1.080629825592041,11.030023574829102
s3,157,median_mad,88090,67651,70382,50452,0.7168310079281635,8858,6307,0.7120117407992775,8850,6413,0.724632768361582,1.08036470413208,11.014008522033691
s3,158,median_mad,87696,67027,69939,49807,0.7121491585524529,8933,6390,0.7153251987014441,8824,6294,0.7132819582955575,1.0731971263885498,11.049701690673828
s3,159,median_mad,87459,66927,69933,49922,0.7138546894885104,8738,6185,0.7078278782330053,8788,6245,0.7106281292671826,1.083005666732788,11.154452323913574
s3,160,median_mad,88175,67536,70464,50327,0.7142228655767484,8891,6381,0.7176920481385671,8820,6191,0.7019274376417234,1.0774643421173096,11.038016319274902
s3,161,median_mad,87866,67661,70274,50305,0.7158408515240345,8764,6333,0.7226152441807394,8828,6363,0.7207748074309017,1.0739023685455322,11.351082801818848
s3,162,median_mad,87772,67144,70150,50035,0.7132573057733428,8722,6251,0.71669341894061,8900,6336,0.7119101123595506,1.077247977256775,10.808943748474121
s3,163,median_mad,88142,67522,70536,50307,0.7132102756039469,8833,6361,0.7201403826559493,8773,6342,0.7228998062236407,1.0741440057754517,10.925643920898438
s3,164,median_mad,86514,66016,69369,49349,0.7113984632905188,8669,6151,0.7095397393009575,8476,6090,0.718499292118924,1.083207130432129,11.229905128479004
s3,165,median_mad,87986,67577,70355,50435,0.7168644730296354,8757,6270,0.7159986296676945,8874,6324,0.7126436781609196,1.0784201622009277,11.203275680541992
s3,166,median_mad,87974,67251,70447,50257,0.7134015642965634,8797,6287,0.714675457542344,8730,6251,0.716036655211913,1.0710102319717407,10.987855911254883
s3,167,median_mad,87495,67048,70063,50085,0.7148566290338695,8799,6263,0.7117854301625185,8633,6154,0.7128460558322716,1.0790855884552002,10.854073524475098
s3,168,median_mad,87674,67230,70029,49979,0.7136900426965971,8786,6252,0.7115866150694287,8859,6383,0.7205102155999549,1.082019329071045,11.199324607849121
s3,169,median_mad,87240,66820,69735,49711,0.7128558112855812,8718,6312,0.7240192704748796,8787,6270,0.7135541140320929,1.079005241394043,10.634349822998047
s3,170,median_mad,87186,66756,69768,49764,0.7132782937736498,8763,6232,0.7111719730685838,8655,6211,0.7176198729058347,1.069547176361084,11.168730735778809
s3,171,median_mad,87175,67012,69802,50086,0.7175439099166213,8775,6192,0.7056410256410256,8598,6098,0.7092347057455222,1.0727548599243164,10.879467964172363
s3,172,median_mad,87956,67353,70375,50258,0.714145648312611,8692,6208,0.7142199723884032,8889,6328,0.711891101361233,1.0802810192108154,11.15708065032959
s3,173,median_mad,87848,67340,70149,50230,0.7160472708092774,8752,6223,0.7110374771480804,8947,6351,0.7098468760478372,1.0762014389038086,10.729133605957031
s3,174,median_mad,87828,67286,70308,50226,0.7143710530807305,8795,6194,0.7042637862421831,8725,6198,0.7103724928366763,1.0757856369018555,11.607430458068848
s3,175,median_mad,87550,66928,69993,49898,0.712899861414713,8720,6222,0.7135321100917431,8837,6243,0.7064614688242616,1.077584981918335,10.963546752929688
s3,176,median_mad,88190,67441,70667,50509,0.7147466285536389,8735,6177,0.7071551230681168,8788,6340,0.7214383249886208,1.0745278596878052,10.692764282226562
s3,177,median_mad,87765,67269,70309,50235,0.7144888990029726,8697,6255,0.7192135219041048,8759,6250,0.713551775316817,1.0743989944458008,10.748162269592285
s3,178,median_mad,87716,67041,70185,50005,0.7124741753936026,8755,6300,0.7195888063963449,8776,6221,0.7088650865998177,1.0727076530456543,10.862839698791504
s3,179,median_mad,88121,67584,70527,50435,0.7151161966339132,8882,6309,0.7103129925692412,8712,6302,0.7233700642791552,1.0801063776016235,11.103883743286133
s3,180,median_mad,87644,67099,69927,49952,0.7143449597437328,8760,6296,0.7187214611872146,8957,6327,0.7063749023110416,1.0799437761306763,11.0438871383667
s3,181,median_mad,88277,67760,70637,50623,0.7166640712374535,8867,6322,0.7129807150107139,8773,6296,0.7176564459135986,1.0791854858398438,10.800651550292969
s3,182,median_mad,87722,67291,70063,50065,0.7145711716597919,8885,6349,0.7145751266178954,8774,6309,0.7190563027125598,1.0765972137451172,11.039734840393066
s3,183,median_mad,87444,66657,70025,49691,0.7096179935737237,8627,6155,0.7134577489277849,8792,6305,0.7171292083712466,1.069419264793396,10.991299629211426
s3,184,median_mad,87948,67408,70510,50309,0.7135016309743298,8674,6224,0.7175466912612405,8764,6234,0.7113190324052944,1.0726869106292725,10.99683952331543
s3,185,median_mad,87879,67032,70378,50010,0.7105913779874392,8708,6134,0.7044097381717961,8793,6294,0.7157966564312521,1.074519157409668,10.793708801269531
s3,186,median_mad,87638,67191,70338,50366,0.7160567545281356,8677,6146,0.7083093234989052,8623,6161,0.714484518149136,1.0762768983840942,11.145462989807129
s3,187,median_mad,87990,67322,70661,50528,0.715076208941283,8579,6088,0.7096398181606248,8750,6239,0.7130285714285715,1.0708189010620117,10.893251419067383
s3,188,median_mad,88124,67387,70377,50215,0.7135143583841311,8845,6279,0.7098925946862634,8902,6352,0.7135475174118175,1.0698201656341553,11.011110305786133
s3,189,median_mad,87974,67381,70174,50114,0.714139139852367,8936,6389,0.7149731423455685,8864,6322,0.7132220216606499,1.0749918222427368,10.899914741516113
s3,190,median_mad,87531,67079,69967,50015,0.7148369945831606,8787,6293,0.7161716171617162,8777,6277,0.7151646348410619,1.0738656520843506,11.172576904296875
s3,191,median_mad,87522,66806,69825,49678,0.7114643752237737,8882,6417,0.7224724161224949,8815,6236,0.7074305161656268,1.0752151012420654,11.07754898071289
s3,192,median_mad,87513,66851,69977,49904,0.7131486059705332,8815,6304,0.7151446398184912,8721,6163,0.7066850131865612,1.077946424484253,10.947364807128906
s3,193,median_mad,87937,67298,70622,50374,0.71329047605562,8704,6178,0.7097886029411765,8611,6135,0.7124608059458831,1.0749249458312988,11.032279968261719
s3,194,median_mad,87799,67239,70235,50105,0.7133907595927956,8758,6264,0.7152317880794702,8806,6338,0.719736543265955,1.0744755268096924,10.92984390258789
s3,195,median_mad,87229,66832,69872,49923,0.7144922143347836,8642,6165,0.7133765332099051,8715,6260,0.7183017785427424,1.080554485321045,10.868185997009277
s3,196,median_mad,88007,67521,70470,50429,0.7156094792110118,8703,6201,0.7125129265770423,8834,6384,0.722662440570523,1.0813112258911133,11.302000999450684
s3,197,median_mad,87570,66947,70004,49967,0.7137734986572196,8765,6208,0.7082715345122647,8801,6205,0.7050335189183048,1.0838840007781982,10.798404693603516
s3,198,median_mad,87263,66945,69647,49869,0.7160250979941706,8804,6302,0.7158109950022717,8812,6277,0.7123241034952338,1.0725011825561523,10.845924377441406
s3,199,median_mad,87914,67289,70412,50243,0.7135573481792876,8650,6149,0.7108670520231214,8852,6357,0.7181427925892454,1.076788067817688,10.866265296936035
s3,200,median_mad,88576,67777,70822,50547,0.713718900906498,8885,6326,0.7119864940911649,8869,6321,0.712707182320442,1.0786389112472534,11.14864730834961
s3,201,median_mad,87127,66467,69957,49729,0.7108509512986549,8645,6122,0.708155002891845,8525,6039,0.7083870967741935,1.0806248188018799,11.111615180969238
s3,202,median_mad,87900,67152,70293,50050,0.712019689015976,8776,6225,0.7093208751139471,8831,6285,0.7116974295096818,1.0808460712432861,10.822150230407715
s3,203,median_mad,88070,67282,70257,50047,0.7123418307072605,8780,6252,0.7120728929384966,9033,6421,0.7108380383039965,1.0808314085006714,10.600083351135254
s3,204,median_mad,87756,67334,70215,50183,0.7147048351491846,8845,6365,0.719615602035048,8696,6197,0.7126264949402024,1.080552101135254,10.941393852233887
s3,205,median_mad,86852,66567,69320,49505,0.7141517599538373,8862,6341,0.7155269690814714,8670,6170,0.7116493656286044,1.071532964706421,11.118868827819824
s3,206,median_mad,87386,66898,69868,49885,0.7139892368466251,8789,6278,0.7143019683695528,8729,6223,0.7129109863672815,1.0737594366073608,10.854658126831055
s3,207,median_mad,87448,66908,70108,49902,0.7117875278142295,8838,6319,0.7149807648789319,8502,6080,0.7151258527405316,1.0790730714797974,10.925366401672363
s3,208,median_mad,87734,67288,70041,50068,0.7148384517639668,8856,6299,0.7112691960252936,8837,6280,0.7106484100939233,1.0762465000152588,11.269746780395508
s3,209,median_mad,88042,67387,70524,50419,0.7149197436333731,8715,6179,0.7090074584050488,8803,6205,0.7048733386345564,1.0830215215682983,10.987256050109863
s3,210,median_mad,87697,67057,70209,50115,0.7137973764047344,8827,6295,0.7131528265548884,8661,6160,0.7112342685602124,1.0783588886260986,11.012804985046387
s3,211,median_mad,87470,66854,70045,49798,0.7109429652366336,8796,6292,0.715325147794452,8629,6209,0.7195503534592652,1.0775842666625977,11.027250289916992
s3,212,median_mad,87885,66970,70294,50040,0.7118673001963183,8890,6280,0.7064116985376828,8701,6145,0.7062406619928744,1.0726258754730225,10.915313720703125
s3,213,median_mad,87625,66993,70221,50046,0.7126927842098517,8616,6142,0.7128597957288765,8788,6180,0.7032316795630406,1.082055687904358,11.378312110900879
s3,214,median_mad,87716,67189,70164,50067,0.7135710620831196,8822,6323,0.7167309000226706,8730,6215,0.7119129438717068,1.075387716293335,11.123547554016113
s3,215,median_mad,87321,66874,69835,49870,0.7141118350397365,8665,6077,0.7013271783035199,8821,6354,0.7203264935948305,1.0774569511413574,10.972212791442871
s3,216,median_mad,87559,67162,70012,50109,0.7157201622578987,8729,6239,0.7147439569251919,8818,6258,0.7096847357677478,1.0711209774017334,11.017271041870117
s3,217,median_mad,88134,67554,70541,50513,0.7160800102068301,8766,6298,0.7184576773899156,8827,6308,0.7146255806049621,1.078619122505188,10.906774520874023
s3,218,median_mad,87911,67085,70344,49975,0.7104372796542704,8857,6258,0.7065597832223101,8710,6254,0.7180252583237657,1.0772240161895752,11.119915962219238
s3,219,median_mad,87685,67269,70098,49999,0.7132728465862079,8849,6325,0.7147700305119222,8738,6304,0.7214465552758068,1.0786845684051514,11.149056434631348
s3,220,median_mad,87293,66964,69975,50061,0.7154126473740622,8739,6308,0.7218217187321204,8579,6172,0.7194311691339317,1.0795197486877441,10.958796501159668
s3,221,median_mad,88121,67408,70548,50237,0.7120967284685604,8692,6226,0.7162908421537045,8881,6312,0.7107307735615359,1.0720824003219604,11.266326904296875
s3,222,median_mad,87893,67343,70474,50411,0.7153134489315208,8559,6060,0.7080266386260077,8860,6343,0.7159142212189616,1.0837657451629639,11.192988395690918
s3,223,median_mad,87890,67086,70269,50089,0.712817885554085,8834,6263,0.7089653611048222,8787,6271,0.7136679185159895,1.0766382217407227,10.96544075012207
s3,224,median_mad,87149,66857,69578,49795,0.7156716203397626,8878,6306,0.7102951115116017,8693,6284,0.7228804785459565,1.0736067295074463,10.851195335388184
s3,225,median_mad,88020,67299,70630,50433,0.7140450233611779,8673,6138,0.7077135939121412,8717,6171,0.7079270391189629,1.0744657516479492,11.141396522521973
s3,226,median_mad,87993,67078,70379,50090,0.7117179840577444,8833,6212,0.7032718215781728,8781,6240,0.7106252135292108,1.073122501373291,10.681780815124512
s3,227,median_mad,87874,67472,70302,50407,0.7170066285454183,8746,6279,0.717928195746627,8826,6278,0.711307500566508,1.0845088958740234,10.906573295593262
s3,228,median_mad,87303,66736,69917,49778,0.7119584650371155,8746,6258,0.7155270981019894,8640,6099,0.7059027777777778,1.084564447402954,11.382979393005371
s3,229,median_mad,87361,66779,69661,49642,0.7126225578157075,8841,6295,0.7120235267503676,8859,6340,0.7156563946269331,1.077086091041565,11.277426719665527
s3,230,median_mad,88615,67907,70971,50634,0.713446337236336,8761,6213,0.7091656203629723,8883,6380,0.7182258246088034,1.076903223991394,11.190156936645508
s3,231,median_mad,87858,67612,70362,50545,0.7183564992467525,8870,6314,0.711837655016911,8626,6136,0.7113378159054022,1.0782337188720703,11.192468643188477
s3,232,median_mad,87974,67290,70412,50254,0.7137135715503039,8648,6104,0.7058279370952821,8914,6314,0.7083239847431008,1.077143907546997,11.168608665466309
s3,233,median_mad,87849,67310,70392,50314,0.7147687237186043,8732,6252,0.7159871736142922,8725,6210,0.7117478510028653,1.0770363807678223,11.335567474365234
s3,234,median_mad,87644,67204,70020,50124,0.7158526135389889,8812,6304,0.7153881071266455,8812,6244,0.7085792101679528,1.0741655826568604,11.049402236938477
s3,235,median_mad,87307,66939,69796,49951,0.7156713851796664,8756,6239,0.7125399725902238,8755,6301,0.7197030268418046,1.076236605644226,10.870774269104004
s3,236,median_mad,87961,67189,70543,50314,0.7132387338219243,8841,6351,0.7183576518493383,8577,6118,0.7133030197038591,1.0724538564682007,10.790717124938965
s3,237,median_mad,87579,66961,70112,50014,0.7133443633044272,8752,6212,0.7097806215722121,8715,6193,0.71061388410786,1.0790491104125977,11.089492797851562
s3,238,median_mad,87921,67583,70301,50257,0.7148831453322143,8796,6368,0.7239654388358344,8824,6360,0.7207615593834995,1.0814656019210815,10.972548484802246
s3,239,median_mad,87314,66716,69791,49640,0.7112664956799587,8766,6300,0.7186858316221766,8757,6255,0.7142857142857143,1.0720789432525635,11.024898529052734
s3,240,median_mad,87829,67224,70156,49968,0.712241290837562,8991,6463,0.7188299410521632,8682,6189,0.7128541810642709,1.0738310813903809,11.1082763671875
s3,241,median_mad,88161,67572,70429,50370,0.7151883457098638,8855,6319,0.7136081309994353,8877,6382,0.7189365776726372,1.0773615837097168,10.858482360839844
s3,242,median_mad,88011,67648,70360,50480,0.717453098351336,8854,6318,0.7135757849559521,8797,6255,0.7110378538138001,1.0709376335144043,11.055222511291504
s3,243,median_mad,87865,67282,70288,50271,0.715214545868427,8789,6199,0.7053134600068267,8788,6289,0.7156349567592171,1.078466773033142,11.051953315734863
s3,244,median_mad,88096,67421,70442,50240,0.7132108685159422,8761,6243,0.712589886999201,8893,6402,0.7198920499269088,1.072672963142395,10.647754669189453
s3,245,median_mad,87493,66932,69998,49809,0.7115774736421041,8741,6222,0.7118178698089463,8754,6271,0.716358236234864,1.0802838802337646,11.23946762084961
s3,246,median_mad,87366,66939,69788,49898,0.7149939817733708,8771,6351,0.7240907536198837,8807,6229,0.707278301351198,1.0786157846450806,10.886575698852539
s3,247,median_mad,88025,67378,70455,50380,0.7150663544106167,8739,6241,0.7141549376358851,8831,6249,0.7076208809874306,1.072943925857544,10.941418647766113
s3,248,median_mad,87455,66913,70005,50060,0.7150917791586315,8797,6212,0.7061498238035694,8653,6228,0.7197503755922802,1.0779247283935547,10.81015682220459
s3,249,median_mad,87976,67293,70443,50386,0.7152733415669407,8770,6160,0.7023945267958951,8763,6257,0.714024877325117,1.0733063220977783,10.95011043548584
s3,250,median_mad,87640,66902,70126,49927,0.7119613267546987,8818,6324,0.7171694261737356,8696,6190,0.7118215271389144,1.0829411745071411,10.795708656311035
s3,251,median_mad,88042,67500,70618,50365,0.713203432552607,8725,6244,0.7156446991404012,8699,6220,0.7150247154845385,1.084871768951416,11.217315673828125
s3,252,median_mad,87210,66784,69871,49742,0.7119119520258762,8665,6186,0.7139065204847086,8674,6230,0.7182384136499884,1.0729964971542358,11.108419418334961
s3,253,median_mad,88305,67516,70801,50540,0.7138317255405997,8572,6073,0.7084694353709753,8932,6421,0.7188759516345723,1.074875831604004,10.765579223632812
s3,254,median_mad,87418,67191,69974,50056,0.7153514162403178,8676,6237,0.7188796680497925,8768,6315,0.7202326642335767,1.0756245851516724,11.117902755737305
s3,255,median_mad,87396,66976,70065,49958,0.7130236209234282,8592,6186,0.7199720670391061,8739,6230,0.7128962123812793,1.0747826099395752,11.047533988952637
s3,256,median_mad,87564,67135,70111,50183,0.7157650012123633,8769,6261,0.7139924734861444,8684,6145,0.707623215108245,1.0814427137374878,11.17446517944336
s3,257,median_mad,87755,67235,70120,50134,0.7149743297204791,8789,6293,0.7160086471726022,8846,6319,0.714334162333258,1.0814688205718994,11.044336318969727
s3,258,median_mad,87704,67214,70217,50250,0.7156386630018372,8807,6234,0.7078460315658,8680,6149,0.7084101382488479,1.0837814807891846,10.977204322814941
s3,259,median_mad,87832,67352,70082,50129,0.7152906595131417,8811,6246,0.7088866189989785,8939,6443,0.7207741358093747,1.0773403644561768,10.899290084838867
s3,260,median_mad,87367,66812,69865,49852,0.7135475560008588,8651,6128,0.7083574153277078,8851,6224,0.7031973788272512,1.081108570098877,11.10477066040039
s3,261,median_mad,88067,67262,70724,50361,0.7120779367682823,8656,6201,0.7163817005545287,8687,6184,0.7118683089674226,1.080034613609314,10.929561614990234
s3,262,median_mad,87502,66934,70119,49933,0.7121179708780787,8719,6207,0.7118935657758917,8664,6159,0.7108725761772853,1.0805113315582275,10.863776206970215
s3,263,median_mad,87847,67389,70473,50382,0.7149120939934444,8705,6233,0.7160252728317059,8669,6210,0.7163455992617372,1.0768300294876099,10.92911434173584
s3,264,median_mad,87966,67442,70540,50485,0.7156932237028636,8709,6223,0.7145481685612585,8717,6246,0.7165309165997477,1.0783298015594482,11.09325122833252
s3,265,median_mad,87999,67339,70393,50293,0.7144602446265964,8883,6367,0.7167623550602275,8723,6222,0.7132867132867133,1.0747649669647217,11.257380485534668
s3,266,median_mad,87816,66966,70389,49976,0.7099973007146003,8753,6280,0.7174682965840283,8674,6193,0.7139727922527093,1.0739002227783203,10.77022933959961
s3,267,median_mad,87422,66742,70146,49780,0.70966270350412,8663,6213,0.7171880410943091,8613,6147,0.7136886102403344,1.0804498195648193,11.07170295715332
s3,268,median_mad,87584,67331,69984,50265,0.7182355967078189,8786,6258,0.7122695196904165,8814,6287,0.7132970274563195,1.0737518072128296,11.025948524475098
s3,269,median_mad,87411,66937,70070,49888,0.7119737405451692,8603,6160,0.7160292921074044,8738,6306,0.7216754406042573,1.079466462135315,11.450922012329102
s3,270,median_mad,87984,67081,70503,50047,0.7098563181708579,8807,6312,0.7167026229135914,8674,6204,0.7152409499654139,1.0746930837631226,10.953839302062988
s3,271,median_mad,87857,67250,70408,50359,0.7152454266560618,8683,6155,0.7088563860416907,8766,6241,0.7119552817704768,1.080531358718872,11.139180183410645
s3,272,median_mad,87765,67401,70364,50351,0.7155789892558695,8637,6201,0.7179576241750608,8764,6272,0.7156549520766773,1.0794883966445923,10.972554206848145
s3,273,median_mad,87659,67064,70149,50036,0.7132817288913598,8790,6271,0.713424345847554,8720,6213,0.7125,1.0768654346466064,11.157632827758789
s3,274,median_mad,87460,67047,69961,49969,0.7142407912980089,8687,6273,0.7221135029354208,8812,6262,0.7106218792555606,1.0788406133651733,10.930724143981934
s3,275,median_mad,87423,66886,69946,49848,0.7126640551282418,8802,6287,0.7142694842081345,8675,6243,0.7196541786743516,1.076127052307129,10.84203052520752
s3,276,median_mad,88105,67457,70619,50377,0.7133632591795409,8712,6150,0.7059228650137741,8774,6321,0.720423979940734,1.0730785131454468,10.631099700927734
s3,277,median_mad,87733,66964,70075,49906,0.7121798073492687,8953,6328,0.7068021892103206,8705,6196,0.7117748420448018,1.0797103643417358,10.86231803894043
s3,278,median_mad,87667,67047,70014,49963,0.7136144199731482,8738,6250,0.7152666514076448,8915,6319,0.7088053841839597,1.0766690969467163,10.985652923583984
s3,279,median_mad,87353,66896,70132,50075,0.7140107226373125,8698,6195,0.7122326971717636,8523,6052,0.7100786108177871,1.0787804126739502,11.38554859161377
s3,280,median_mad,87621,67132,70167,50053,0.7133410292587684,8812,6279,0.7125510667271902,8642,6150,0.7116408238833604,1.0759190320968628,11.0973539352417
s3,281,median_mad,87729,66962,70207,50018,0.712436081872178,8658,6094,0.7038577038577039,8864,6348,0.7161552346570397,1.080286979675293,10.865622520446777
s3,282,median_mad,87656,67108,70027,50066,0.7149528039184886,8840,6231,0.7048642533936652,8789,6329,0.7201046762999204,1.0826501846313477,11.203474998474121
s3,283,median_mad,87821,67161,70350,50129,0.7125657427149964,8735,6248,0.7152833428734974,8736,6176,0.706959706959707,1.079598069190979,10.831567764282227
s3,284,median_mad,88105,67497,70493,50361,0.7144113599931908,8763,6303,0.719274221157138,8849,6266,0.7081026104644592,1.078050136566162,10.69550895690918
s3,285,median_mad,88251,67564,70678,50273,0.711296301536546,8850,6316,0.7136723163841808,8723,6232,0.7144331078757308,1.0800813436508179,11.060381889343262
s3,286,median_mad,87414,67003,69896,49909,0.714046583495479,8738,6326,0.7239642938887617,8780,6224,0.7088838268792711,1.0750701427459717,11.110190391540527
s3,287,median_mad,87649,67044,70264,50064,0.7125128088352499,8733,6277,0.7187678919042712,8652,6177,0.7139389736477115,1.0745625495910645,11.008981704711914
s3,288,median_mad,87827,67176,70212,50083,0.7133111149091323,8728,6300,0.7218148487626032,8887,6234,0.7014740632384382,1.0852378606796265,10.796035766601562
s3,289,median_mad,87427,67056,69938,50045,0.7155623552289171,8738,6255,0.7158388647287709,8751,6192,0.7075762769969146,1.077333688735962,11.213967323303223
s3,290,median_mad,88040,67477,70532,50315,0.7133641467702603,8776,6306,0.7185505925250684,8732,6237,0.7142693540998626,1.0759186744689941,11.306023597717285
s3,291,median_mad,87697,67051,70057,49733,0.7098933725395036,8716,6270,0.7193666819642037,8924,6455,0.72333034513671,1.080635905265808,11.206472396850586
s3,292,median_mad,87748,67327,70081,50176,0.7159715186712519,8885,6414,0.7218908272369161,8782,6261,0.7129355499886131,1.08013916015625,11.108590126037598
s3,293,median_mad,88165,67540,70545,50376,0.7140973846480969,8823,6313,0.7155162643091919,8797,6234,0.7086506763669432,1.0836752653121948,10.7906494140625
s3,294,median_mad,87952,67282,70366,50239,0.7139669726856721,8842,6286,0.7109251300610722,8744,6244,0.7140896614821592,1.077319622039795,11.088142395019531
s3,295,median_mad,87223,66515,69858,49697,0.7114002691173523,8626,6109,0.7082077440296777,8739,6136,0.7021398329328299,1.075592041015625,11.324623107910156
s3,296,median_mad,87939,67608,70322,50351,0.7160063706948039,8888,6346,0.713996399639964,8729,6275,0.7188681406804903,1.0852699279785156,11.363606452941895
s3,297,median_mad,88146,67498,70555,50304,0.7129756927219899,8644,6193,0.7164507172605276,8947,6399,0.7152118028389405,1.0794436931610107,10.987995147705078
s3,298,median_mad,87928,67279,70325,50047,0.7116530394596516,8737,6243,0.7145473274579375,8866,6403,0.7221971576810287,1.0787798166275024,11.220154762268066
s3,299,median_mad,87671,67060,70227,50118,0.7136571404160793,8777,6179,0.7039990885268315,8667,6192,0.7144340602284528,1.075962781906128,11.367338180541992
s3,300,median_mad,88603,67764,71004,50619,0.7129034983944567,8769,6292,0.717527654236515,8830,6378,0.7223103057757645,1.0733659267425537,10.951990127563477
s3,301,median_mad,87520,67250,70020,50074,0.7151385318480434,8704,6324,0.7265625,8796,6339,0.720668485675307,1.0698893070220947,11.128775596618652
s3,302,median_mad,87312,66853,70000,49992,0.7141714285714286,8774,6251,0.7124458627763848,8538,6114,0.7160927617709065,1.0789592266082764,11.40432357788086
s3,303,median_mad,87714,67119,70359,50189,0.7133273639477536,8759,6225,0.7106975682155497,8596,6142,0.7145183806421591,1.0764087438583374,11.402140617370605
s3,304,median_mad,87869,66979,70084,49850,0.7112893099708921,8757,6207,0.7088043850633778,9028,6360,0.7044749667700487,1.0748831033706665,11.269752502441406
s3,305,median_mad,87621,67160,70152,50119,0.7144343710799407,8852,6328,0.7148666967916855,8617,6171,0.7161425089938493,1.0882922410964966,11.122611045837402
s3,306,median_mad,87326,66690,69935,49847,0.7127618502895546,8666,6105,0.704477267482114,8725,6183,0.7086532951289398,1.0777630805969238,10.798200607299805
s3,307,median_mad,87977,67564,70256,50264,0.7154406741061262,8861,6364,0.7182033630515743,8860,6351,0.7168171557562076,1.0790815353393555,11.14645767211914
s3,308,median_mad,87863,67310,70317,50209,0.7140378571326991,8717,6264,0.7185958471951359,8829,6300,0.7135575942915392,1.0730960369110107,10.870095252990723
s3,309,median_mad,88223,67650,70703,50589,0.7155141931742641,8826,6313,0.7152730568774076,8694,6140,0.706234184495054,1.0824615955352783,11.105022430419922
s3,310,median_mad,88188,67678,70604,50596,0.7166166222876891,8751,6267,0.716146726088447,8833,6268,0.7096116834597532,1.071196436882019,10.995811462402344
s3,311,median_mad,87757,67276,70252,50274,0.7156237544838581,8691,6177,0.710735243355195,8814,6284,0.7129566598593148,1.0789293050765991,11.009979248046875
s3,312,median_mad,88051,67467,70579,50559,0.7163462219640403,8680,6109,0.7038018433179724,8792,6219,0.7073475887170154,1.0732975006103516,10.821163177490234
s3,313,median_mad,87413,66834,69976,49955,0.7138876186120956,8667,6108,0.704742125302873,8770,6255,0.7132269099201825,1.0748426914215088,10.858365058898926
s3,314,median_mad,87988,67464,70560,50367,0.7138180272108844,8697,6215,0.714614234793607,8731,6243,0.7150383690298935,1.0770201683044434,11.334699630737305
s3,315,median_mad,87958,67395,70729,50591,0.7152794469029676,8650,6103,0.7055491329479768,8579,6107,0.7118545284998251,1.0785878896713257,11.102615356445312
s3,316,median_mad,88023,67425,70417,50373,0.7153528267321811,8741,6202,0.7095298020821417,8865,6315,0.7123519458544839,1.0778977870941162,10.880855560302734
s3,317,median_mad,87680,67108,70352,50057,0.7115220604957926,8545,6068,0.710122878876536,8783,6261,0.7128543777752476,1.0772227048873901,11.273347854614258
s3,318,median_mad,88192,67451,70549,50435,0.7148931948007767,8795,6272,0.7131324616259238,8848,6334,0.715867992766727,1.0738354921340942,10.838654518127441
s3,319,median_mad,87384,66963,70037,50134,0.7158216371346574,8731,6255,0.7164127820410033,8616,6140,0.712627669452182,1.0795024633407593,10.599705696105957
s3,320,median_mad,88166,67330,70450,50115,0.7113555713271824,8763,6190,0.7063790939176081,8953,6407,0.7156260471350385,1.076059103012085,10.980518341064453
s3,321,median_mad,87605,67142,69983,49923,0.7133589586042325,8808,6362,0.7222979109900091,8814,6280,0.7125028363966417,1.0778683423995972,11.108036994934082
s3,322,median_mad,87560,67038,69993,49913,0.7131141685597131,8741,6333,0.7245166456927125,8826,6283,0.7118740086109223,1.0797821283340454,11.160907745361328
s3,323,median_mad,87621,66799,70048,49796,0.7108839652809502,8824,6202,0.7028558476881233,8749,6313,0.7215681792204823,1.0697534084320068,10.784399032592773
s3,324,median_mad,87401,66890,69792,49704,0.7121733149931224,8799,6294,0.715308557790658,8810,6356,0.7214528944381384,1.0790553092956543,10.935952186584473
s3,325,median_mad,87901,67351,70276,50135,0.7134014457282714,8750,6314,0.7216,8875,6352,0.715718309859155,1.0745112895965576,10.864580154418945
s3,326,median_mad,87642,67061,70068,49928,0.7125649369184222,8706,6153,0.7067539627842867,8868,6331,0.713915200721696,1.0782215595245361,10.92766284942627
s3,327,median_mad,87318,66830,69758,49848,0.7145847071303649,8685,6179,0.7114565342544618,8875,6371,0.7178591549295774,1.0704501867294312,11.39218521118164
s3,328,median_mad,87785,67280,70346,50242,0.7142126062604839,8698,6240,0.7174063002989193,8741,6248,0.7147923578537925,1.0852363109588623,10.836026191711426
s3,329,median_mad,87796,67290,70232,50221,0.7150729012415993,8808,6250,0.7095821980018165,8756,6232,0.7117405207857469,1.0748735666275024,11.030719757080078
s3,330,median_mad,87687,67257,70010,50040,0.7147550349950007,8892,6333,0.7122132253711201,8785,6248,0.7112122936824132,1.0759201049804688,11.251486778259277
s3,331,median_mad,87751,67365,70464,50403,0.7153014305177112,8508,6046,0.7106252938410907,8779,6256,0.7126096366328739,1.0803728103637695,10.92935848236084
s3,332,median_mad,87648,67067,70043,49991,0.7137187156461031,8875,6337,0.7140281690140845,8730,6263,0.7174112256586483,1.072614073753357,10.92332649230957
s3,333,median_mad,88237,67436,70510,50251,0.7126790526166501,8849,6377,0.7206464007232456,8878,6266,0.7057895922505069,1.0888488292694092,11.333283424377441
s3,334,median_mad,87218,66824,69766,49799,0.7138004185419832,8796,6317,0.7181673487949067,8656,6202,0.7164972273567468,1.0763535499572754,11.15906810760498
s3,335,median_mad,87703,67241,70269,50163,0.7138709815138966,8608,6103,0.7089916356877324,8826,6382,0.7230908678903241,1.0784298181533813,11.01520824432373
s3,336,median_mad,88028,67362,70390,50223,0.7134962352606904,8975,6396,0.7126462395543175,8663,6171,0.7123398360844972,1.0762302875518799,10.822990417480469
s3,337,median_mad,87587,67101,69923,49977,0.714743360553752,8745,6218,0.7110348770726129,8919,6439,0.7219419217401054,1.0763548612594604,10.859748840332031
s3,338,median_mad,87558,67143,69898,49941,0.7144839623451315,8832,6291,0.712296195652174,8828,6313,0.7151110104213865,1.0739372968673706,10.762207984924316
s3,339,median_mad,87607,66961,70039,49900,0.712460200745299,8752,6246,0.7136654478976234,8816,6289,0.7133620689655172,1.0786943435668945,10.842329978942871
s3,340,median_mad,88122,67223,70681,50368,0.7126101781242484,8784,6210,0.7069672131147541,8657,6128,0.7078664664433406,1.0803349018096924,11.3644380569458
s3,341,median_mad,87806,67398,70145,49952,0.712124884168508,8832,6305,0.7138813405797102,8829,6325,0.7163891720466644,1.0732550621032715,11.268331527709961
s3,342,median_mad,88425,67834,70874,50693,0.7152552416965319,8751,6318,0.7219746314706891,8800,6279,0.7135227272727273,1.0781868696212769,11.114067077636719
s3,343,median_mad,88069,67597,70346,50462,0.7173400051175618,8839,6303,0.7130897160312253,8884,6380,0.7181449797388564,1.0730032920837402,10.867016792297363
s3,344,median_mad,87559,66905,70179,50034,0.7129483178728679,8702,6166,0.7085727418984141,8678,6173,0.7113390182069601,1.0746521949768066,11.054903984069824
s3,345,median_mad,87807,67425,70238,50334,0.7166206327059427,8782,6252,0.7119107264859941,8787,6336,0.7210652099692728,1.0770866870880127,10.882182121276855
s3,346,median_mad,87777,67087,70158,50031,0.7131189600615753,8889,6322,0.7112161097986275,8730,6212,0.7115693012600229,1.0780079364776611,11.105015754699707
s3,347,median_mad,87644,67134,69926,49985,0.7148271029373909,8914,6352,0.7125869418891632,8804,6360,0.7223989095865516,1.0762932300567627,10.906097412109375
s3,348,median_mad,87858,67032,70297,49954,0.7106135396958618,8673,6228,0.7180906260809409,8888,6307,0.7096084608460846,1.0791306495666504,11.045920372009277
s3,349,median_mad,87835,67285,70410,50264,0.7138758699048431,8617,6174,0.7164906580016247,8808,6245,0.709014532243415,1.0786617994308472,11.104155540466309
s3,350,median_mad,87728,67011,70300,50244,0.7147083926031295,8588,6131,0.713903120633442,8840,6213,0.7028280542986425,1.0718297958374023,10.657636642456055
s3,351,median_mad,88048,67373,70682,50363,0.7125293568376673,8612,6172,0.7166744078030655,8754,6280,0.7173863376742061,1.075501561164856,10.998241424560547
s3,352,median_mad,87849,67143,70313,50016,0.711333608294341,8768,6264,0.7144160583941606,8768,6273,0.7154425182481752,1.0804190635681152,10.884135246276855
s3,353,median_mad,87846,67219,70076,49995,0.7134396940464638,8896,6409,0.7204361510791367,8874,6335,0.7138832544512058,1.0703333616256714,10.989249229431152
s3,354,median_mad,87525,66953,70078,50086,0.7147178857844116,8663,6190,0.7145330716841741,8784,6239,0.7102686703096539,1.0773495435714722,10.990565299987793
s3,355,median_mad,88300,67669,70618,50443,0.7143079668073296,8902,6387,0.717479218153224,8780,6284,0.7157175398633258,1.0745445489883423,10.940411567687988
s3,356,median_mad,88099,67514,70411,50405,0.7158682592208604,8778,6245,0.7114376851218956,8910,6377,0.715712682379349,1.0754083395004272,10.982036590576172
s3,357,median_mad,87987,67388,70386,50381,0.7157815474668258,8799,6274,0.7130355722241164,8802,6247,0.7097250624857987,1.0727635622024536,11.073870658874512
s3,358,median_mad,88162,67477,70517,50403,0.7147638158174625,8920,6317,0.7081838565022421,8725,6160,0.7060171919770774,1.0768357515335083,10.985922813415527
s3,359,median_mad,87954,67422,70349,50278,0.7146938833529972,8742,6208,0.7101349805536491,8863,6349,0.716348866072436,1.0772454738616943,11.299132347106934
s3,360,median_mad,87650,67200,70143,50180,0.7153956916584692,8745,6211,0.710234419668382,8762,6264,0.7149052727687742,1.0751999616622925,10.999720573425293
s3,361,median_mad,88118,67318,70619,50385,0.7134765431399481,8757,6215,0.7097179399337673,8742,6194,0.7085335163578128,1.0807137489318848,11.208161354064941
s3,362,median_mad,87950,67049,70422,50139,0.7119792110420039,8686,6098,0.7020492746949113,8842,6310,0.7136394480886677,1.0786949396133423,10.837727546691895
s3,363,median_mad,88116,67600,70340,50443,0.7171310776229741,8717,6154,0.7059768268899851,9059,6409,0.7074732310409537,1.0787694454193115,10.697610855102539
s3,364,median_mad,87892,67323,70419,50308,0.7144094633550604,8762,6237,0.7118237845240812,8711,6255,0.7180576282860751,1.0787681341171265,11.028173446655273
s3,365,median_mad,88451,67992,70824,50842,0.7178640009036484,8688,6243,0.7185773480662984,8939,6370,0.7126076742364917,1.0728890895843506,10.947919845581055
s3,366,median_mad,87884,67423,70218,50209,0.7150445754649805,8765,6238,0.7116942384483742,8901,6390,0.717896865520728,1.0719770193099976,11.151884078979492
s3,367,median_mad,87634,66954,70260,49982,0.7113862795331626,8680,6178,0.7117511520737327,8694,6206,0.7138256268691051,1.0810006856918335,11.36746597290039
s3,368,median_mad,87686,67161,70114,50155,0.7153350258151011,8887,6385,0.718465173849443,8685,6165,0.7098445595854922,1.076474905014038,10.910094261169434
s3,369,median_mad,87996,67341,70403,50273,0.7140746843174297,8878,6340,0.7141248028835323,8715,6187,0.7099254159495123,1.0768909454345703,10.915074348449707
s3,370,median_mad,87837,67244,70353,50141,0.7127059258311657,8700,6239,0.7171264367816091,8784,6337,0.7214253187613844,1.080869197845459,10.900766372680664
s3,371,median_mad,87439,66769,70054,49970,0.713306877551603,8647,6158,0.7121545044524112,8738,6278,0.718471046005951,1.075589895248413,10.79038143157959
s3,372,median_mad,87770,67198,70246,50105,0.7132790479173191,8807,6306,0.7160213466560691,8717,6212,0.7126304921417919,1.0844905376434326,11.169374465942383
s3,373,median_mad,88151,67343,70395,50065,0.7112010796221323,8751,6241,0.7131756370700492,9005,6456,0.7169350360910606,1.0742340087890625,10.932056427001953
s3,374,median_mad,87692,67072,70253,50085,0.7129232915320343,8730,6239,0.7146620847651776,8709,6213,0.7133999311057526,1.073533058166504,10.957741737365723
s3,375,median_mad,87649,66948,70167,50016,0.7128137158493308,8727,6110,0.7001260456055919,8755,6185,0.7064534551684751,1.0828611850738525,11.166597366333008
s3,376,median_mad,87579,66934,69938,49914,0.71368926763705,8859,6282,0.7091093802912293,8782,6287,0.7158961512184012,1.072066307067871,11.022582054138184
s3,377,median_mad,87301,66793,69856,49939,0.7148849060925332,8915,6306,0.7073471676948963,8530,6061,0.7105509964830011,1.074257731437683,11.11082649230957
s3,378,median_mad,87661,67083,70035,49897,0.7124580566859428,8752,6278,0.7173217550274223,8874,6314,0.7115167906242957,1.0812582969665527,11.346147537231445
s3,379,median_mad,87940,67440,70470,50462,0.7160777635873421,8757,6262,0.715085074797305,8713,6205,0.7121542522667279,1.0818564891815186,10.737569808959961
s3,380,median_mad,87703,67044,70084,49948,0.7126876319844758,8818,6268,0.710818779768655,8801,6227,0.707533234859675,1.0818889141082764,11.216864585876465
s3,381,median_mad,87779,67355,70271,50248,0.715060266681846,8751,6255,0.7147754542338018,8757,6274,0.7164554071028891,1.0771719217300415,11.147663116455078
s3,382,median_mad,87922,67335,70474,50365,0.714660725941482,8635,6139,0.7109438332368269,8813,6367,0.7224554635198003,1.0749396085739136,10.828136444091797
s3,383,median_mad,88013,67478,70491,50338,0.7141053467818587,8785,6275,0.7142857142857143,8737,6299,0.7209568501774064,1.0727875232696533,11.627581596374512
s3,384,median_mad,87592,67155,70120,50120,0.7147746719908727,8743,6201,0.7092531167791376,8729,6257,0.7168060488028412,1.0743401050567627,11.267581939697266
s3,385,median_mad,87836,67288,70326,50317,0.7154821829764241,8710,6240,0.7164179104477612,8800,6278,0.7134090909090909,1.0788477659225464,10.990409851074219
s3,386,median_mad,87451,67029,69943,49973,0.7144817923166007,8658,6166,0.7121737121737122,8850,6334,0.7157062146892655,1.0756573677062988,10.917041778564453
s3,387,median_mad,87473,67141,70210,50200,0.7149978635522005,8735,6229,0.7131081854607899,8528,6122,0.7178705440900562,1.0770004987716675,11.175223350524902
s3,388,median_mad,87825,66917,70346,49991,0.7106445284735451,8754,6212,0.7096184601325108,8725,6186,0.7089971346704871,1.0749311447143555,11.11059284210205
s3,389,median_mad,87775,66923,70421,50144,0.7120603229150395,8551,6027,0.704829844462636,8803,6182,0.702260592979666,1.079862117767334,10.879932403564453
s3,390,median_mad,87331,66919,69957,49922,0.713609788870306,8761,6291,0.718068713617167,8613,6199,0.7197259955880646,1.0734676122665405,10.864325523376465
s3,391,median_mad,87861,67345,70191,50187,0.7150061973757319,8879,6377,0.7182115103052146,8791,6251,0.7110681378682744,1.0775463581085205,11.077999114990234
s3,392,median_mad,87848,67118,70523,50255,0.7126043985650071,8661,6138,0.7086941461724974,8664,6126,0.7070637119113573,1.0730215311050415,11.130305290222168
s3,393,median_mad,87609,67051,70026,50087,0.7152629023505556,8784,6188,0.7044626593806922,8799,6264,0.7118990794408455,1.073565125465393,10.905445098876953
s3,394,median_mad,87918,67274,70544,50336,0.7135404853708324,8684,6236,0.7181022570244127,8690,6191,0.7124280782508631,1.0804171562194824,10.702943801879883
s3,395,median_mad,87901,67180,70230,49964,0.7114338601737149,8809,6269,0.711658531047792,8862,6339,0.7153012863913338,1.079948902130127,11.062079429626465
s3,396,median_mad,87708,67247,70064,50088,0.714889244119662,8813,6319,0.7170089640304096,8831,6306,0.7140754161476617,1.0804588794708252,10.852088928222656
s3,397,median_mad,87665,67124,70306,50095,0.7125280914857907,8621,6110,0.7087344855585199,8738,6269,0.717441062027924,1.0785845518112183,11.2852783203125
s3,398,median_mad,88035,67433,70269,50186,0.7141982951230272,8981,6355,0.7076049437701815,8785,6244,0.7107569721115538,1.078878402709961,11.206487655639648
s3,399,median_mad,87684,67237,70162,49993,0.712536700778199,8703,6250,0.7181431690221762,8819,6334,0.7182220206372605,1.0671900510787964,11.383325576782227
s3,400,median_mad,87978,67325,70419,50335,0.7147928826027067,8771,6262,0.7139436780298711,8788,6230,0.7089212562585344,1.0751433372497559,10.681304931640625
s3,401,median_mad,87788,67345,70237,50180,0.7144382590372595,8745,6323,0.7230417381360777,8806,6331,0.7189416307063365,1.0724585056304932,11.027652740478516
s3,402,median_mad,87900,67186,70351,50155,0.7129251894074,8611,6127,0.711531761700151,8938,6356,0.7111210561646901,1.0746041536331177,10.99970817565918
s3,403,median_mad,87911,67370,70283,50192,0.7141413997695033,8786,6256,0.7120418848167539,8842,6304,0.7129608685817689,1.0776172876358032,11.099227905273438
s3,404,median_mad,87355,66656,69837,49673,0.7112705299483082,8751,6248,0.7139755456519254,8767,6254,0.7133569065814988,1.0751073360443115,10.833812713623047
s3,405,median_mad,87966,67309,70410,50161,0.7124130095156938,8746,6238,0.7132403384404299,8810,6286,0.7135073779795686,1.076484203338623,11.256267547607422
s3,406,median_mad,88360,67475,70656,50335,0.7123952672101449,8982,6421,0.7148741928301047,8722,6195,0.7102728731942215,1.068505048751831,11.131789207458496
s3,407,median_mad,87561,67091,70126,50028,0.7134015914211562,8811,6342,0.7197820905686074,8624,6159,0.7141697588126159,1.0745612382888794,11.030893325805664
s3,408,median_mad,88041,67408,70353,50097,0.7120805082938894,8780,6306,0.7182232346241458,8908,6366,0.7146385271665918,1.0788575410842896,11.109130859375
s3,409,median_mad,88114,67547,70425,50398,0.7156265530706425,8845,6259,0.7076314301865461,8844,6353,0.718340117593849,1.079606294631958,10.746598243713379
s3,410,median_mad,87496,66905,70247,50046,0.7124290005267129,8622,6160,0.7144514033866852,8627,6188,0.7172829488814187,1.0720419883728027,11.058483123779297
s3,411,median_mad,88029,67365,70387,50287,0.7144359043573387,8871,6273,0.7071356104159622,8771,6238,0.7112073879831262,1.0759648084640503,10.939520835876465
s3,412,median_mad,87633,67080,69927,50071,0.7160467344516425,8882,6254,0.7041206935374915,8824,6256,0.7089755213055303,1.0804731845855713,11.129622459411621
s3,413,median_mad,87729,67025,70028,49983,0.7137573542011767,8885,6332,0.7126617895329207,8816,6227,0.7063294010889292,1.0786221027374268,10.77293872833252
s3,414,median_mad,87620,67359,70209,50306,0.7165178253500264,8696,6170,0.7095216191352346,8715,6275,0.7200229489386116,1.0886354446411133,11.02597427368164
s3,415,median_mad,87490,67077,69995,50130,0.7161940138581327,8707,6219,0.714252899965545,8788,6273,0.713814292216659,1.0789715051651,11.039752960205078
s3,416,median_mad,87646,67123,70146,50087,0.7140392894819376,8746,6282,0.718271209695861,8754,6244,0.713273931916838,1.0729398727416992,10.785608291625977
s3,417,median_mad,87456,66888,70128,49959,0.7123973305954825,8717,6276,0.7199724675920615,8611,6093,0.7075833236557891,1.083644151687622,11.076345443725586
s3,418,median_mad,87686,66963,69984,49754,0.7109339277549154,8840,6285,0.7109728506787331,8862,6260,0.7063868201308959,1.0786219835281372,11.193140983581543
s3,419,median_mad,87452,66859,69987,49856,0.7123608670181605,8737,6232,0.7132883140666133,8728,6221,0.7127635197066912,1.071083426475525,11.229119300842285
s3,420,median_mad,87872,67387,70286,50207,0.7143243320149105,8746,6314,0.7219300251543562,8840,6339,0.7170814479638009,1.0774075984954834,10.715439796447754
s3,421,median_mad,87349,66724,69966,49817,0.7120172655289713,8718,6165,0.7071576049552649,8665,6184,0.7136757068667051,1.07615327835083,10.805913925170898
s3,422,median_mad,87684,67027,70081,49984,0.7132318317375608,8766,6180,0.7049965776865161,8837,6376,0.7215118252800724,1.0770164728164673,11.013174057006836
s3,423,median_mad,87745,67248,70178,50244,0.7159508677933255,8785,6277,0.714513375071144,8782,6215,0.7076975631974494,1.0768907070159912,10.933990478515625
s3,424,median_mad,87950,67345,70427,50282,0.7139591349908416,8743,6299,0.7204620839528766,8780,6238,0.7104783599088839,1.077715516090393,11.014986991882324
s3,425,median_mad,87826,67140,70041,49792,0.7108979026570151,8890,6312,0.7100112485939257,8895,6343,0.71309724564362,1.0785431861877441,10.961567878723145
s3,426,median_mad,88067,67347,70328,50285,0.7150068251620976,8789,6183,0.7034930026169075,8950,6391,0.7140782122905028,1.0789495706558228,11.144769668579102
s3,427,median_mad,88465,67716,70758,50537,0.7142231267135871,8788,6272,0.7137005006827492,8919,6336,0.7103935418768921,1.0816975831985474,10.974257469177246
s3,428,median_mad,88296,67608,70483,50314,0.7138458919171999,8853,6335,0.7155766406867728,8960,6395,0.7137276785714286,1.073258399963379,10.822389602661133
s3,429,median_mad,87883,67229,70231,50034,0.7124204411157466,8929,6343,0.71038190166872,8723,6314,0.7238335435056746,1.0819828510284424,10.847329139709473
s3,430,median_mad,88413,67725,70727,50585,0.715214840160052,8845,6364,0.7195025438100622,8841,6255,0.7074991516796743,1.0714905261993408,11.058419227600098
s3,431,median_mad,87336,66901,69796,49852,0.714252965786005,8864,6370,0.7186371841155235,8676,6223,0.7172660212079299,1.075272560119629,10.65346908569336
s3,432,median_mad,88000,67230,70265,50008,0.711705685618729,8941,6347,0.7098758528128845,8794,6249,0.7105981350921082,1.0772829055786133,11.150873184204102
s3,433,median_mad,87696,67259,70122,50283,0.7170788055103962,8847,6313,0.7135752232395162,8727,6213,0.7119284977655552,1.0808870792388916,10.823168754577637
s3,434,median_mad,87896,67201,70311,50041,0.7117094053562032,8824,6281,0.7118087035358114,8761,6333,0.7228626869078872,1.0783216953277588,10.881852149963379
s3,435,median_mad,88158,67571,70295,50136,0.7132228465751476,8962,6385,0.7124525775496541,8901,6406,0.7196944163577126,1.079901933670044,11.208107948303223
s3,436,median_mad,87466,67153,69809,50001,0.7162543511581602,8938,6403,0.7163795032445738,8719,6187,0.7095997247390756,1.0747253894805908,11.27120304107666
s3,437,median_mad,88036,67525,70442,50377,0.7151557309559637,8821,6355,0.7204398594263689,8773,6361,0.7250655420038755,1.076873540878296,10.607909202575684
s3,438,median_mad,87419,66817,69757,49695,0.7124016227762089,8759,6262,0.7149217947254253,8903,6338,0.7118948668987981,1.0729089975357056,11.064239501953125
s3,439,median_mad,87654,66913,70015,49907,0.7128043990573448,8835,6224,0.7044708545557442,8804,6243,0.7091094956837801,1.079335331916809,10.97077465057373
s3,440,median_mad,87967,67455,70317,50267,0.7148626932320776,8845,6263,0.7080836630864895,8805,6335,0.7194775695627484,1.073642373085022,11.180567741394043
s3,441,median_mad,87809,67318,70169,50082,0.7137339850931324,8875,6436,0.7251830985915493,8765,6215,0.7090701654306902,1.0793079137802124,11.289498329162598
s3,442,median_mad,87290,66771,69776,49826,0.7140850722311396,8777,6317,0.7197220006836049,8737,6142,0.7029872954103239,1.0683711767196655,11.271991729736328
s3,443,median_mad,87781,67135,70134,50067,0.7138762939515784,8806,6235,0.7080399727458551,8841,6350,0.718244542472571,1.079262614250183,10.821943283081055
s3,444,median_mad,88096,67625,70556,50455,0.7151057316174386,8814,6332,0.7184025414113909,8726,6216,0.7123538849415539,1.0823044776916504,11.36164379119873
s3,445,median_mad,87344,66660,69861,49746,0.7120711126379525,8794,6272,0.7132135546963839,8689,6200,0.7135458625848774,1.0812335014343262,10.84984016418457
s3,446,median_mad,87995,67366,70260,50052,0.7123825789923143,8806,6292,0.714512832159891,8929,6405,0.7173255683727181,1.076169729232788,10.85128116607666
s3,447,median_mad,88168,67710,70680,50619,0.7161714770797962,8810,6327,0.7181611804767309,8678,6268,0.7222862410693708,1.0749297142028809,10.533580780029297
s3,448,median_mad,87362,66716,69851,49757,0.7123305321326824,8730,6224,0.7129438717067583,8781,6213,0.7075503928937479,1.0783309936523438,10.986342430114746
s3,449,median_mad,88191,67715,70506,50499,0.7162369160071483,8946,6422,0.717862731947239,8739,6259,0.7162146698706946,1.0824171304702759,10.840906143188477
s3,450,median_mad,87795,67223,70017,49930,0.7131125298141879,8930,6386,0.7151175811870101,8848,6336,0.7160940325497287,1.0739020109176636,11.019835472106934
s3,451,median_mad,87661,67407,70189,50265,0.7161378563592585,8816,6351,0.7203947368421053,8656,6234,0.7201940850277264,1.0785324573516846,11.252018928527832
s3,452,median_mad,87991,67331,70485,50341,0.7142086968858622,8778,6255,0.7125768967874231,8728,6197,0.7100137488542622,1.0791398286819458,10.88633918762207
s3,453,median_mad,87847,67401,70255,50269,0.7155220269019998,8801,6354,0.7219634132484944,8791,6303,0.7169832783528609,1.0689728260040283,11.238083839416504
s3,454,median_mad,88248,67476,70732,50535,0.7144573884521858,8723,6169,0.7072108219649204,8793,6291,0.7154554759467758,1.0808016061782837,10.77194595336914
s3,455,median_mad,87627,67183,70118,50145,0.7151516015858981,8692,6228,0.7165209387942936,8817,6251,0.7089713054326868,1.076222538948059,11.078519821166992
s3,456,median_mad,88021,67463,70444,50370,0.7150360570098234,8792,6228,0.7083712465878071,8785,6273,0.7140580535002846,1.0705503225326538,11.063459396362305
s3,457,median_mad,87651,67177,70146,50166,0.7151655119322555,8694,6239,0.7176213480561306,8811,6288,0.7136533878106912,1.0732918977737427,11.012027740478516
s3,458,median_mad,87939,67358,70200,50129,0.714088319088319,8838,6320,0.7150939126499208,8901,6328,0.7109313560274126,1.0774152278900146,10.874866485595703
s3,459,median_mad,87687,67096,69904,49920,0.7141222247653926,8834,6337,0.717342087389631,8949,6402,0.7153871940998995,1.0793061256408691,10.767023086547852
s3,460,median_mad,87308,66894,69738,49861,0.7149760532277954,8721,6188,0.7095516569200779,8849,6339,0.7163521301842016,1.0752027034759521,10.964836120605469
s3,461,median_mad,87372,67023,69985,50040,0.7150103593627206,8724,6193,0.7098807886290692,8663,6219,0.7178806418099966,1.0691709518432617,10.892608642578125
s3,462,median_mad,88295,67793,70746,50567,0.7147683261244452,8681,6149,0.7083285335790808,8868,6246,0.7043301759133965,1.0786229372024536,11.361194610595703
s3,463,median_mad,87190,66944,69631,49862,0.7160890982464707,8830,6301,0.7135900339750849,8729,6235,0.7142857142857143,1.0794721841812134,11.190030097961426
s3,464,median_mad,87555,67011,69891,49765,0.712037315248029,8877,6369,0.7174721189591078,8787,6262,0.7126436781609196,1.080689549446106,11.164840698242188
s3,465,median_mad,87440,67019,69929,49963,0.714481831572023,8857,6332,0.714914756689624,8654,6166,0.7125028888375318,1.0710947513580322,11.017870903015137
s3,466,median_mad,87863,67463,70469,50502,0.7166555506676695,8708,6186,0.7103812586127699,8686,6209,0.7148284595901451,1.0750350952148438,11.071674346923828
s3,467,median_mad,87930,67383,70246,50158,0.7140335392762577,8894,6382,0.717562401619069,8790,6311,0.7179749715585894,1.0718247890472412,11.043177604675293
s3,468,median_mad,87933,67261,70182,49976,0.7120914194522812,9026,6466,0.716374916906714,8725,6204,0.7110601719197708,1.0798343420028687,11.215147018432617
s3,469,median_mad,87274,66927,69823,50017,0.7163398880025207,8691,6246,0.7186744908526062,8760,6191,0.7067351598173516,1.0770007371902466,10.886187553405762
s3,470,median_mad,87538,66913,70122,49951,0.7123442001083825,8697,6164,0.7087501437277222,8719,6166,0.7071911916504187,1.0765985250473022,11.081694602966309
s3,471,median_mad,87941,67465,70339,50282,0.7148523578669017,8778,6275,0.714855320118478,8824,6311,0.7152085222121487,1.0777504444122314,10.902582168579102
s3,472,median_mad,88197,67604,70541,50405,0.7145489856962618,8882,6331,0.712789912181941,8774,6330,0.7214497378618646,1.0810458660125732,10.782537460327148
s3,473,median_mad,87926,67353,70409,50226,0.7133463051598518,8767,6174,0.7042317782593818,8750,6362,0.7270857142857143,1.0716849565505981,11.331594467163086
s3,474,median_mad,87653,67006,70070,49830,0.7111459968602826,8924,6391,0.7161586732406993,8659,6241,0.7207529737845016,1.0755672454833984,10.895003318786621
s3,475,median_mad,87948,67464,70183,50234,0.7157573771426129,8991,6395,0.7112668223779335,8774,6295,0.71746067927969,1.0785797834396362,11.344329833984375
s3,476,median_mad,87914,67428,70389,50393,0.7159215218286948,8744,6269,0.7169487648673376,8781,6225,0.7089169798428425,1.0755342245101929,11.060086250305176
s3,477,median_mad,88376,67791,70792,50712,0.7163521301842016,8776,6262,0.7135369188696444,8808,6301,0.7153723887375113,1.0781621932983398,10.878571510314941
s3,478,median_mad,88103,67651,70530,50457,0.7153977031050617,8816,6363,0.7217558983666061,8757,6295,0.7188534886376613,1.0777698755264282,10.852521896362305
s3,479,median_mad,88162,67283,70562,50324,0.7131884016892945,8859,6245,0.7049328366632803,8741,6221,0.7117034664226061,1.0755083560943604,10.991657257080078
s3,480,median_mad,87913,67301,70380,50287,0.714506962205172,8883,6335,0.7131599684791174,8650,6199,0.7166473988439306,1.07416832447052,10.768688201904297
s3,481,median_mad,88166,67459,70524,50379,0.7143525608303556,8851,6236,0.7045531578352728,8791,6360,0.7234671823455807,1.0809710025787354,11.105255126953125
s3,482,median_mad,87866,67150,70295,49967,0.7108186926523935,8803,6303,0.7160059070771327,8768,6240,0.7116788321167883,1.0747506618499756,11.068821907043457
s3,483,median_mad,87927,67528,70212,50275,0.7160456901954082,8891,6436,0.7238780789562479,8824,6268,0.7103354487760652,1.0764133930206299,10.828652381896973
s3,484,median_mad,88226,67505,70725,50379,0.7123223753976671,8875,6333,0.7135774647887324,8626,6126,0.7101785300255042,1.0813212394714355,11.461603164672852
s3,485,median_mad,88030,67373,70422,50292,0.7141518275538894,8829,6273,0.7104994903160041,8779,6212,0.707597676272924,1.072514533996582,11.394511222839355
s3,486,median_mad,87476,67105,70093,50165,0.7156920091877934,8688,6162,0.7092541436464088,8695,6220,0.7153536515238643,1.086403489112854,11.302617073059082
s3,487,median_mad,88358,67605,70530,50304,0.7132284134410889,8914,6386,0.7164011667040611,8914,6336,0.7107920125645053,1.0777554512023926,11.007189750671387
s3,488,median_mad,87939,67346,70232,50073,0.7129655997266203,8955,6353,0.7094360692350642,8752,6273,0.7167504570383912,1.0854554176330566,11.339827537536621
s3,489,median_mad,87856,67294,70316,50133,0.7129671767449798,8780,6287,0.7160592255125284,8760,6246,0.713013698630137,1.0803591012954712,11.020469665527344
s3,490,median_mad,87720,66766,70235,49923,0.7107994589592084,8819,6265,0.7103980043088786,8666,6164,0.7112854834987307,1.069762945175171,10.757058143615723
s3,491,median_mad,87717,67141,70193,50079,0.7134472098357386,8664,6181,0.7134118190212373,8860,6353,0.7170428893905192,1.0789055824279785,10.973929405212402
s3,492,median_mad,87775,67195,70146,50056,0.7135973540900408,8815,6208,0.7042541123085649,8814,6256,0.7097798956206036,1.0828373432159424,11.070497512817383
s3,493,median_mad,87830,67203,70170,49982,0.7122987031494941,8777,6326,0.720747407998177,8883,6249,0.7034785545423843,1.0835212469100952,11.044254302978516
s3,494,median_mad,87974,67334,70578,50381,0.7138343393125337,8654,6164,0.7122717818349896,8742,6249,0.714824982841455,1.0754210948944092,11.046624183654785
s3,495,median_mad,88308,67767,70708,50653,0.7163687277252928,8861,6285,0.7092878907572508,8739,6285,0.7191898386543083,1.0767632722854614,11.057644844055176
s3,496,median_mad,87564,66978,70301,50135,0.7131477503876189,8534,6175,0.7235762831028826,8729,6169,0.7067247107343338,1.0805293321609497,10.870410919189453
s3,497,median_mad,87485,66982,70193,50212,0.7153419856680866,8539,6032,0.7064059023304836,8753,6201,0.708442819604707,1.0715519189834595,11.641386985778809
s3,498,median_mad,87747,67125,70483,50243,0.7128385568151185,8610,6102,0.7087108013937282,8654,6225,0.719320545412526,1.0755863189697266,11.10356330871582
s3,499,median_mad,88143,67616,70528,50506,0.7161127495462795,8849,6284,0.7101367386145327,8766,6198,0.7070499657768652,1.0730268955230713,11.099466323852539
s3,500,median_mad,87759,67224,70212,50182,0.7147211302911183,8809,6223,0.7064365989329096,8738,6295,0.7204165712977798,1.0758473873138428,10.990909576416016
s3,501,median_mad,87894,67402,70327,50289,0.7150738692109716,8797,6288,0.714789132658861,8770,6283,0.7164196123147092,1.0768758058547974,10.947583198547363
s3,502,median_mad,87885,67360,70214,50280,0.7160965049705187,8773,6271,0.7148067935711843,8898,6370,0.7158912115082041,1.0746879577636719,10.842605590820312
s3,503,median_mad,87557,67115,69956,49981,0.7144633769798159,8754,6183,0.7063056888279644,8847,6369,0.7199050525601899,1.074805498123169,11.28123664855957
s3,504,median_mad,87999,67149,70492,50138,0.7112580150939114,8821,6249,0.7084230812833012,8686,6213,0.7152889707575408,1.0722520351409912,11.330145835876465
s3,505,median_mad,88004,67189,70285,50038,0.7119299992886107,8887,6319,0.7110385957015866,8832,6243,0.7068614130434783,1.079615592956543,11.229459762573242
s3,506,median_mad,87880,67201,70134,49883,0.7112527447457724,8895,6333,0.711973018549747,8851,6357,0.7182239294994915,1.0767362117767334,11.010117530822754
s3,507,median_mad,87756,67210,70157,50030,0.7131148709323375,8750,6256,0.7149714285714286,8849,6276,0.7092326816589445,1.0800557136535645,11.19683837890625
s3,508,median_mad,87798,67183,69976,49885,0.7128872756373614,8918,6341,0.7110338640950886,8904,6387,0.7173180592991913,1.0793274641036987,10.830255508422852
s3,509,median_mad,87932,67365,70301,50176,0.7137309568853928,8829,6235,0.7061954921282139,8802,6319,0.7179050215860032,1.0768574476242065,10.956016540527344
s3,510,median_mad,87682,67179,69984,49928,0.7134202103337905,8951,6371,0.7117640487096414,8747,6205,0.7093860752257917,1.0801262855529785,11.386626243591309
s3,511,median_mad,88425,67669,70756,50480,0.7134377296625021,8736,6251,0.7155448717948718,8933,6333,0.7089443635956566,1.0775632858276367,11.158900260925293
s3,512,median_mad,88132,67359,70380,50164,0.7127593066211992,8714,6192,0.7105806747762222,9038,6430,0.7114405842000443,1.077542781829834,11.106956481933594
s3,513,median_mad,87974,67317,70342,50057,0.7116232123055927,8888,6314,0.7103960396039604,8744,6288,0.7191216834400732,1.0735886096954346,11.14696216583252
s3,514,median_mad,87913,67387,70186,50157,0.7146296982304163,8909,6383,0.7164664945560669,8818,6271,0.7111589929689272,1.076008677482605,10.692277908325195
s3,515,median_mad,87467,67128,69998,49985,0.714091831195177,8596,6151,0.715565379246161,8873,6398,0.7210639017243322,1.0691050291061401,11.239483833312988
s3,516,median_mad,87926,67405,70400,50406,0.7159943181818181,8735,6237,0.7140240412135088,8791,6195,0.7046979865771812,1.0816532373428345,10.885719299316406
s3,517,median_mad,87623,67071,70109,49871,0.711335206606855,8746,6308,0.7212439972558884,8768,6273,0.7154425182481752,1.0775889158248901,11.027121543884277
s3,518,median_mad,88158,67516,70640,50558,0.7157134767836919,8822,6244,0.7077760145091816,8696,6218,0.7150413983440662,1.0755555629730225,11.279385566711426
s3,519,median_mad,87425,66948,70205,50023,0.7125275977494481,8584,6208,0.723205964585275,8636,6191,0.7168828161185734,1.070026159286499,11.244384765625
s3,520,median_mad,87977,67392,70386,50219,0.7134799533998238,8845,6359,0.7189372526851329,8746,6212,0.7102675508804025,1.0788718461990356,10.835245132446289
s3,521,median_mad,87867,67237,70194,50034,0.712795965467134,8847,6316,0.713914321238838,8826,6278,0.711307500566508,1.0792487859725952,10.580498695373535
s3,522,median_mad,87679,67061,70076,49956,0.712883155431246,8857,6374,0.719656768657559,8746,6237,0.713126000457352,1.0797755718231201,11.135358810424805
s3,523,median_mad,87918,67474,70119,50198,0.7158972603716539,8767,6265,0.7146116117257899,9032,6443,0.7133525243578388,1.0781867504119873,11.039647102355957
s3,524,median_mad,87610,66794,69921,49808,0.7123467913788418,8794,6211,0.7062770070502615,8895,6344,0.7132096683530073,1.0756516456604004,10.923934936523438
s3,525,median_mad,87702,67106,70152,50015,0.7129518759265595,8757,6280,0.7171405732556811,8793,6259,0.7118162174456955,1.0751943588256836,10.86740493774414
s3,526,median_mad,88030,67250,70518,50328,0.7136901216710627,8744,6163,0.7048261665141812,8768,6219,0.7092837591240876,1.070636510848999,11.467334747314453
s3,527,median_mad,87695,67001,70094,49937,0.7124290238822153,8823,6283,0.7121160602969512,8778,6281,0.7155388471177945,1.0789538621902466,10.86555004119873
s3,528,median_mad,87665,66949,69965,49749,0.7110555277638819,8791,6220,0.7075418041178478,8909,6359,0.7137725895162196,1.0779098272323608,11.072386741638184
s3,529,median_mad,87690,67262,70092,50090,0.7146321976830451,8866,6338,0.7148657793819084,8732,6303,0.7218277599633531,1.072751522064209,11.022329330444336
s3,530,median_mad,87946,67090,70394,50174,0.7127596101940507,8906,6259,0.70278463956883,8646,6132,0.7092297015961138,1.0820326805114746,11.164311408996582
s3,531,median_mad,87439,66832,69831,49697,0.7116753304406352,8838,6303,0.7131704005431093,8770,6262,0.7140250855188142,1.0850801467895508,10.939051628112793
s3,532,median_mad,87928,67534,70322,50231,0.7142999345866159,8854,6391,0.7218206460356901,8752,6231,0.7119515539305301,1.0830532312393188,11.25368881225586
s3,533,median_mad,88076,67513,70545,50326,0.7133886171946984,8758,6333,0.7231102991550582,8773,6301,0.7182263763820814,1.0774513483047485,11.01832103729248
s3,534,median_mad,87479,66946,70072,50016,0.7137801118849184,8687,6228,0.7169333486819385,8720,6214,0.7126146788990826,1.0778484344482422,11.156237602233887
s3,535,median_mad,88617,67758,70903,50650,0.7143562331636178,8759,6220,0.7101267267952963,8955,6260,0.6990508096035735,1.0740618705749512,10.80517864227295
s3,536,median_mad,87410,66891,69897,49904,0.7139648339699844,8746,6267,0.7165561399496913,8767,6253,0.7132428424774724,1.0743796825408936,11.24470043182373
s3,537,median_mad,87528,66774,70191,49908,0.7110313288028379,8730,6214,0.7117983963344788,8607,6158,0.7154641570814453,1.0798890590667725,11.454269409179688
s3,538,median_mad,87552,67249,70038,50097,0.7152831320140495,8750,6231,0.7121142857142857,8764,6286,0.7172523961661342,1.0862065553665161,10.812438011169434
s3,539,median_mad,87706,67196,70048,50076,0.7148812243033349,8804,6284,0.7137664697864607,8854,6336,0.7156087644002711,1.074008584022522,10.974349975585938
s3,540,median_mad,88184,67337,70634,50233,0.7111730894470085,8818,6291,0.7134270809707417,8732,6224,0.7127805771873569,1.0780471563339233,11.003488540649414
s3,541,median_mad,88131,67786,70508,50615,0.7178618029159811,8844,6346,0.7175486205336952,8779,6304,0.7180772297528192,1.082474708557129,10.754138946533203
s3,542,median_mad,87867,67219,70227,50097,0.7133581101285831,8817,6317,0.7164568447317682,8823,6239,0.7071290944123314,1.077518343925476,11.07082748413086
s3,543,median_mad,87479,66952,69963,49964,0.714148907279562,8795,6335,0.7202956225127913,8721,6242,0.7157436073844743,1.0774023532867432,10.758499145507812
s3,544,median_mad,87476,66668,70249,49939,0.7108855642073196,8560,6072,0.7093457943925233,8667,6123,0.706472827968155,1.073951005935669,11.097935676574707
s3,545,median_mad,88370,67521,70660,50496,0.7146334559864138,8905,6345,0.712521055586749,8805,6213,0.7056218057921635,1.0771905183792114,10.51036262512207
s3,546,median_mad,87894,67156,70468,50299,0.7137849804166431,8694,6220,0.7154359328272372,8732,6172,0.7068254695373339,1.076328992843628,10.90192985534668
s3,547,median_mad,87601,66980,70158,50004,0.7127341144274352,8652,6141,0.7097780859916782,8791,6244,0.7102718689568878,1.0764070749282837,11.328601837158203
s3,548,median_mad,88387,67671,70869,50723,0.7157290211517024,8783,6214,0.7075031310486166,8735,6174,0.7068116771608471,1.0748740434646606,10.957029342651367
s3,549,median_mad,87182,66741,69895,49920,0.7142141784104729,8628,6121,0.7094343996291145,8659,6211,0.7172883704815799,1.075639247894287,11.192292213439941
s3,550,median_mad,87651,67173,70287,50218,0.714470670251967,8751,6247,0.7138612729973717,8613,6163,0.7155462672704052,1.0708911418914795,11.214869499206543
s3,551,median_mad,87794,67179,70318,50254,0.7146676526636139,8796,6257,0.7113460663938154,8680,6111,0.7040322580645161,1.0724538564682007,11.05497932434082
s3,552,median_mad,88051,67469,70362,50299,0.7148602939086439,8797,6297,0.7158122087075139,8892,6332,0.7121007647323436,1.0799258947372437,11.267986297607422
s3,553,median_mad,88159,67517,70728,50518,0.7142574369415224,8742,6217,0.7111644932509723,8689,6272,0.7218322016342502,1.0721995830535889,10.833674430847168
s3,554,median_mad,87739,67238,69968,50088,0.7158701120512234,8901,6291,0.7067745197168858,8870,6314,0.711837655016911,1.0801756381988525,11.210433006286621
s3,555,median_mad,87654,67148,69919,49942,0.7142836711051359,8891,6384,0.7180294680013497,8844,6265,0.70838986883763,1.083733081817627,10.995738983154297
s3,556,median_mad,87605,67112,70112,50136,0.7150844363304427,8667,6158,0.7105111341871466,8826,6266,0.7099478812599139,1.0818181037902832,11.013925552368164
s3,557,median_mad,87317,66926,69768,49849,0.7144966173603945,8766,6243,0.7121834360027378,8783,6290,0.7161562108618923,1.0778682231903076,11.069522857666016
s3,558,median_mad,88030,67333,70485,50246,0.7128608923884514,8555,6112,0.7144360023378141,8990,6423,0.7144605116796441,1.0825706720352173,10.916020393371582
s3,559,median_mad,87811,67321,70389,50356,0.715395871514015,8718,6134,0.7036017435191557,8704,6263,0.7195542279411765,1.0846583843231201,10.953332901000977
s3,560,median_mad,87995,67341,70531,50336,0.7136720023819314,8802,6254,0.7105203362872075,8662,6170,0.7123066266451166,1.0759224891662598,11.096694946289062
s3,561,median_mad,87642,67084,69956,49903,0.7133483904168334,8849,6276,0.7092326816589445,8837,6327,0.7159669571121421,1.077646255493164,11.152997970581055
s3,562,median_mad,87269,66742,69700,49696,0.7129985652797705,8740,6195,0.7088100686498856,8829,6288,0.7121984369690791,1.083499789237976,10.873875617980957
s3,563,median_mad,87456,66946,69843,49839,0.7135861861603883,8786,6231,0.7091964488959709,8827,6268,0.7100940296816586,1.0720610618591309,11.048659324645996
s3,564,median_mad,88047,67399,70169,50158,0.7148170844674999,9045,6420,0.7097844112769486,8833,6293,0.7124419789426016,1.0812175273895264,10.866739273071289
s3,565,median_mad,87845,67299,70233,50061,0.712784588441331,8864,6321,0.7131092057761733,8748,6285,0.7184499314128944,1.0771081447601318,11.285137176513672
s3,566,median_mad,87450,66804,70030,49952,0.7132943024418107,8732,6124,0.7013284470911589,8688,6192,0.712707182320442,1.0780131816864014,10.685248374938965
s3,567,median_mad,87989,67437,70214,50221,0.7152562167089185,8878,6322,0.7120973192160397,8897,6337,0.7122625604136226,1.0813614130020142,11.158379554748535
s3,568,median_mad,87654,67040,70127,50013,0.713177520783721,8800,6273,0.7128409090909091,8727,6178,0.7079179557694512,1.0792957544326782,10.700708389282227
s3,569,median_mad,87884,67464,70296,50380,0.7166837373392512,8773,6269,0.7145788213837911,8815,6261,0.7102665910380034,1.0736933946609497,10.983179092407227
s3,570,median_mad,87910,67470,70398,50396,0.71587261001733,8691,6188,0.7120009204924634,8821,6349,0.7197596644371387,1.075690746307373,10.97034740447998
s3,571,median_mad,87913,67494,70323,50376,0.7163516914807389,8688,6243,0.7185773480662984,8902,6425,0.7217479218153224,1.0687267780303955,11.043335914611816
s3,572,median_mad,87520,66950,69738,49725,0.7130258969285038,8833,6289,0.7119891316653458,8949,6338,0.7082355570454799,1.072084665298462,10.878599166870117
s3,573,median_mad,88115,67717,70518,50400,0.714711137581894,8849,6260,0.7074245677477681,8748,6382,0.7295381801554641,1.0694268941879272,10.921441078186035
s3,574,median_mad,87670,67005,70167,50134,0.7144954180740234,8764,6195,0.7068690095846646,8739,6204,0.7099210435976656,1.072994589805603,11.1144437789917
s3,575,median_mad,87729,67018,70121,49918,0.7118837438142639,8803,6278,0.7131659661479042,8805,6282,0.713458262350937,1.0743093490600586,11.016433715820312
s3,576,median_mad,87882,66976,70434,50068,0.7108498736405713,8647,6195,0.716433445125477,8801,6214,0.7060561299852289,1.0780953168869019,11.059605598449707
s3,577,median_mad,88010,67416,70289,50226,0.714564156553657,8813,6292,0.7139453080676273,8908,6428,0.7215985630893579,1.0740951299667358,11.233062744140625
s3,578,median_mad,87627,67028,70098,49928,0.7122599788867015,8799,6290,0.7148539606773497,8730,6265,0.7176403207331042,1.0785483121871948,11.063788414001465
s3,579,median_mad,87242,66988,69426,49678,0.7155532509434506,8937,6365,0.7122076759538996,8879,6348,0.714945376731614,1.0797290802001953,10.95019817352295
s3,580,median_mad,88045,67317,70393,50128,0.7121162615600983,8860,6361,0.7179458239277653,8792,6271,0.7132620564149227,1.0774489641189575,10.78868293762207
s3,581,median_mad,87391,67053,70138,50232,0.7161880863440646,8653,6154,0.7111984282907662,8600,6172,0.7176744186046512,1.0819058418273926,11.082884788513184
s3,582,median_mad,87980,67280,70393,50216,0.7133663858622307,8832,6260,0.708786231884058,8755,6241,0.7128498001142205,1.075584888458252,11.392044067382812
s3,583,median_mad,87986,67748,70530,50592,0.7173117822203318,8741,6313,0.7222285779659078,8715,6252,0.7173838209982788,1.077873706817627,10.910035133361816
s3,584,median_mad,87493,66667,69855,49696,0.7114165056187818,8898,6309,0.7090357383681726,8740,6198,0.7091533180778032,1.0784146785736084,11.159008026123047
s3,585,median_mad,87144,66787,69646,49824,0.7153892542285272,8770,6218,0.7090079817559863,8728,6184,0.7085242896425298,1.0742181539535522,11.152325630187988
s3,586,median_mad,87888,67387,70527,50394,0.714534858990174,8774,6265,0.7140414862092546,8587,6113,0.7118900663794108,1.0803194046020508,11.080378532409668
s3,587,median_mad,88075,67479,70706,50541,0.7148049670466439,8761,6254,0.7138454514324849,8608,6095,0.7080622676579925,1.083896517753601,11.247385025024414
s3,588,median_mad,87196,66754,69787,49764,0.7130840987576482,8709,6243,0.7168446434722701,8700,6211,0.7139080459770115,1.0700815916061401,11.399565696716309
s3,589,median_mad,87670,67037,70005,49904,0.7128633669023641,8815,6271,0.711401020986954,8850,6304,0.7123163841807909,1.0737704038619995,11.266092300415039
s3,590,median_mad,87708,67214,70353,50209,0.7136724802069564,8441,6054,0.7172136002843265,8914,6388,0.7166255328696433,1.07426917552948,10.58133602142334
s3,591,median_mad,87143,66626,69638,49710,0.7138344007582067,8884,6312,0.7104907699234579,8621,6106,0.7082705022619186,1.080346703529358,10.943562507629395
s3,592,median_mad,88059,67552,70432,50424,0.7159245797364834,8871,6347,0.7154773982640064,8756,6257,0.7145957058017359,1.0713306665420532,11.228772163391113
s3,593,median_mad,87881,67450,70226,50172,0.7144362486828241,8832,6353,0.7193161231884058,8823,6289,0.7127961010993993,1.0721971988677979,10.892837524414062
s3,594,median_mad,87734,67140,70276,50182,0.7140702373498776,8718,6190,0.7100252351456756,8740,6214,0.7109839816933639,1.0747220516204834,11.221854209899902
s3,595,median_mad,87580,67548,70194,50389,0.7178533777815768,8592,6258,0.7283519553072626,8794,6314,0.7179895383215829,1.079045057296753,10.746700286865234
s3,596,median_mad,87921,67289,70317,50293,0.7152324473455921,8866,6291,0.7095646289194676,8738,6165,0.7055390249485008,1.0804821252822876,11.230615615844727
s3,597,median_mad,87452,67009,70110,50192,0.7159035800884325,8707,6164,0.7079361433329505,8635,6246,0.723335263462652,1.0787221193313599,10.82966423034668
s3,598,median_mad,87598,67185,70000,50018,0.7145428571428571,8816,6328,0.7177858439201452,8782,6297,0.717034843999089,1.0765278339385986,10.820053100585938
s3,599,median_mad,87389,66953,69784,49823,0.7139602201077611,8714,6243,0.7164333256828093,8891,6425,0.7226408727927117,1.0759204626083374,10.805293083190918
s3,600,median_mad,87611,67198,70082,50092,0.7147627065437631,8832,6327,0.7163722826086957,8697,6202,0.7131194664826952,1.0801531076431274,11.068906784057617
s3,601,median_mad,87837,67191,70341,50097,0.7122019874610824,8831,6390,0.723587362699581,8665,6156,0.7104443162146566,1.071792721748352,11.370349884033203
s3,602,median_mad,87832,67150,70198,50040,0.7128408216758312,8744,6246,0.7143183897529735,8890,6329,0.7119235095613048,1.0809000730514526,11.085075378417969
s3,603,median_mad,87475,66945,70054,50073,0.714777171895966,8618,6138,0.7122302158273381,8803,6223,0.706918096103601,1.078637957572937,10.975835800170898
s3,604,median_mad,87660,67186,70151,50159,0.7150147538880415,8717,6213,0.7127452105082024,8792,6271,0.7132620564149227,1.076399326324463,11.248713493347168
s3,605,median_mad,88052,67620,70796,50704,0.7161986552912594,8524,6135,0.7197325199436884,8732,6223,0.7126660558863949,1.0844266414642334,10.808561325073242
s3,606,median_mad,87767,67317,70435,50342,0.7147298928089728,8654,6140,0.7094984978044835,8678,6182,0.7123761235307675,1.0784088373184204,10.921435356140137
s3,607,median_mad,87910,67249,70385,50273,0.7142572991404419,8734,6187,0.7083810396152965,8791,6269,0.7131156864975543,1.073974609375,11.18800163269043
s3,608,median_mad,87806,67116,70169,50131,0.7144322991634482,8824,6227,0.7056890299184043,8813,6229,0.7067967774878021,1.0780038833618164,11.17552375793457
s3,609,median_mad,87373,66971,69959,49922,0.7135893880701554,8704,6223,0.7149586397058824,8710,6226,0.7148105625717566,1.0787111520767212,10.972334861755371
s3,610,median_mad,87883,67609,70307,50536,0.7187904476083462,8633,6204,0.7186377852426734,8943,6341,0.7090461813709046,1.0691454410552979,10.849916458129883
s3,611,median_mad,87689,67267,70235,50238,0.715284402363494,8797,6321,0.7185404115039218,8657,6214,0.7178006237726695,1.079398274421692,10.959778785705566
s3,612,median_mad,87826,67134,70307,50164,0.7134993670616012,8703,6187,0.7109042858784327,8816,6274,0.7116606170598911,1.074768304824829,11.256063461303711
s3,613,median_mad,87994,67509,70469,50560,0.7174786076146958,8635,6166,0.7140706427330631,8890,6228,0.700562429696288,1.0723695755004883,11.346134185791016
s3,614,median_mad,87463,67133,69890,50005,0.7154814708828159,8847,6292,0.7112015372442636,8726,6232,0.7141874856749942,1.0806972980499268,10.801279067993164
s3,615,median_mad,87688,67199,69943,49901,0.7134523826544472,8793,6310,0.7176162856817924,8952,6395,0.7143655049151028,1.0828279256820679,11.003238677978516
s3,616,median_mad,87687,67231,70049,50045,0.7144284714985225,8770,6239,0.7114025085518814,8868,6387,0.7202300405953992,1.0743852853775024,11.054113388061523
s3,617,median_mad,87419,67051,69768,49923,0.7155572755417957,8831,6317,0.7153210281961273,8820,6272,0.7111111111111111,1.0777965784072876,10.922857284545898
s3,618,median_mad,87672,67147,70061,50147,0.7157619788470048,8750,6223,0.7112,8861,6371,0.7189933416092992,1.0797287225723267,10.90666389465332
s3,619,median_mad,87673,67321,70313,50297,0.7153300243198271,8595,6213,0.7228621291448517,8765,6318,0.7208214489446663,1.0839399099349976,10.691800117492676
s3,620,median_mad,87697,67121,70197,50099,0.713691468296366,8755,6223,0.7107938320959452,8745,6243,0.7138936535162951,1.0808700323104858,10.9987211227417
s3,621,median_mad,87753,67051,70437,50250,0.713403466927893,8727,6121,0.7013865016615103,8589,6171,0.7184771219001048,1.079081416130066,11.096895217895508
s3,622,median_mad,87556,67085,70108,50164,0.7155246191590118,8700,6215,0.714367816091954,8748,6231,0.7122770919067215,1.0753575563430786,10.710134506225586
s3,623,median_mad,87739,67192,70145,49961,0.7122531898210849,8856,6389,0.7214317976513098,8738,6209,0.7105745021744106,1.0745972394943237,11.071359634399414
s3,624,median_mad,88043,67452,70384,50309,0.7147789270288702,8896,6416,0.7212230215827338,8763,6215,0.7092319981741413,1.0703818798065186,10.968476295471191
s3,625,median_mad,87979,67338,70268,50221,0.7147065520578357,8783,6214,0.7075031310486166,8928,6368,0.7132616487455197,1.0783073902130127,10.963556289672852
s3,626,median_mad,87096,66697,69661,49732,0.7139145289329754,8766,6284,0.7168605977640885,8669,6124,0.7064251932172108,1.0772647857666016,10.810932159423828
s3,627,median_mad,87954,67320,70336,50171,0.7133047088262057,8936,6378,0.7137421665174575,8682,6155,0.7089380327113568,1.0797224044799805,10.979790687561035
s3,628,median_mad,87935,67157,70419,50181,0.7126059728198355,8693,6174,0.7102266191188312,8823,6270,0.7106426385583134,1.0770931243896484,10.809004783630371
s3,629,median_mad,87998,67351,70546,50308,0.7131233521390299,8912,6333,0.7106149012567325,8540,6129,0.7176814988290399,1.0763424634933472,10.901593208312988
s3,630,median_mad,88165,67557,70526,50318,0.7134673737345093,8885,6297,0.7087225661226787,8754,6284,0.7178432716472469,1.0727852582931519,10.808271408081055
s3,631,median_mad,87209,66699,69862,49837,0.7133634880192379,8696,6177,0.7103265869365225,8651,6142,0.7099757253496706,1.0762138366699219,11.114250183105469
s3,632,median_mad,87715,67118,70280,50124,0.7132043255549232,8761,6177,0.7050565003994977,8674,6197,0.7144339405118746,1.078285813331604,11.24941635131836
s3,633,median_mad,87756,67213,70050,50101,0.7152177016416845,8824,6230,0.706029011786038,8882,6353,0.7152668317946409,1.0775609016418457,10.915426254272461
s3,634,median_mad,87801,67296,70404,50387,0.7156837679677291,8718,6234,0.7150722642807984,8679,6215,0.7160963244613435,1.0809801816940308,11.06156063079834
s3,635,median_mad,87438,66942,69993,50066,0.7153001014387153,8788,6281,0.714724624487938,8657,6192,0.7152593277116784,1.0842113494873047,10.876362800598145
s3,636,median_mad,87601,67090,69994,49964,0.7138326142240764,8693,6148,0.7072357068906017,8914,6350,0.7123625757235809,1.088594675064087,11.411572456359863
s3,637,median_mad,87701,67505,70088,50318,0.7179260358406575,8751,6267,0.716146726088447,8862,6375,0.7193635748138117,1.0735126733779907,10.899465560913086
s3,638,median_mad,87874,67496,70339,50236,0.7141983821208718,8755,6282,0.7175328383780697,8780,6297,0.7171981776765376,1.0720832347869873,11.053000450134277
s3,639,median_mad,87121,66698,69486,49619,0.7140862907636071,8704,6250,0.7180606617647058,8931,6373,0.7135819057216437,1.0831167697906494,11.024293899536133
s3,640,median_mad,88032,67624,70105,50310,0.7176378289708295,8935,6367,0.7125909345271405,8992,6448,0.7170818505338078,1.0858409404754639,10.900395393371582
s3,641,median_mad,87665,66927,70325,50115,0.7126199786704586,8836,6315,0.7146899049343595,8504,6044,0.7107243650047037,1.074286699295044,10.756453514099121
s3,642,median_mad,87782,67158,70170,49963,0.7120279321647428,8860,6326,0.7139954853273137,8752,6260,0.7152650822669104,1.0808558464050293,10.836009979248047
s3,643,median_mad,88188,67378,70496,50320,0.7137993645029506,8809,6259,0.7105233284141219,8883,6285,0.707531239446133,1.0820894241333008,11.232136726379395
s3,644,median_mad,87734,67141,70215,50193,0.7148472548600726,8885,6310,0.7101857062464828,8634,6100,0.7065091498725967,1.084317922592163,11.085955619812012
s3,645,median_mad,87471,66930,69888,49883,0.7137562957875457,8796,6253,0.7108913142337426,8787,6249,0.7111642198702629,1.0792828798294067,10.820283889770508
s3,646,median_mad,88317,67525,70844,50518,0.7130879114674497,8744,6213,0.710544373284538,8729,6209,0.7113071371291099,1.0756158828735352,11.092530250549316
s3,647,median_mad,87348,66853,70060,50036,0.714187838995147,8707,6253,0.7181578040656943,8581,6064,0.706677543409859,1.0796236991882324,11.044907569885254
s3,648,median_mad,87586,67157,69944,50005,0.7149290861260437,9010,6472,0.7183129855715871,8632,6133,0.7104958294717331,1.0775184631347656,11.23708438873291
s3,649,median_mad,87524,66904,69960,49776,0.7114922813036021,8726,6255,0.7168232867293147,8838,6310,0.7139624349400316,1.0742934942245483,11.18648910522461
s3,650,median_mad,87863,67289,70210,50156,0.7143711721976926,8761,6259,0.714416162538523,8892,6343,0.7133378317588844,1.07375168800354,11.147303581237793
s3,651,median_mad,87685,67219,70142,50134,0.7147500784123635,8813,6238,0.7078179961420629,8730,6310,0.722794959908362,1.0741322040557861,10.59052562713623
s3,652,median_mad,87519,67021,70179,50116,0.7141167585745023,8704,6279,0.7213924632352942,8636,6142,0.7112088930060213,1.073818325996399,10.730367660522461
s3,653,median_mad,87277,66760,69727,49749,0.7134825820700733,8840,6316,0.7144796380090498,8710,6213,0.7133180252583238,1.071081519126892,11.168304443359375
s3,654,median_mad,87232,66808,69593,49594,0.7126291437357205,8880,6361,0.7163288288288289,8759,6239,0.7122959241922594,1.0768404006958008,11.426552772521973
s3,655,median_mad,87406,66932,69948,50079,0.715946131411906,8827,6243,0.7072618103545939,8631,6175,0.7154443285830148,1.07908034324646,10.736973762512207
s3,656,median_mad,87477,66888,70047,49831,0.711393778463032,8715,6168,0.7077452667814114,8715,6225,0.7142857142857143,1.0758404731750488,11.67700481414795
s3,657,median_mad,87472,67162,69934,50071,0.7159750622015043,8830,6324,0.7161947904869762,8708,6230,0.7154340836012861,1.078125,10.87989616394043
s3,658,median_mad,87847,67208,70389,50239,0.7137336799784058,8737,6206,0.7103124642325741,8721,6146,0.7047356954477697,1.0723155736923218,10.880965232849121
s3,659,median_mad,87679,67184,70163,50113,0.7142368484813933,8781,6287,0.7159776790798315,8735,6270,0.7178019461934745,1.0744764804840088,11.197234153747559
s3,660,median_mad,87481,66839,69963,49839,0.7123622486171262,8637,6200,0.7178418432326039,8881,6282,0.7073527755883346,1.0771766901016235,10.99809455871582
s3,661,median_mad,87998,67360,70471,50224,0.7126903265172908,8596,6086,0.7080037226617031,8931,6419,0.7187325047587056,1.073989748954773,11.14496898651123
s3,662,median_mad,87905,67331,70270,50098,0.7129358189839192,8734,6314,0.7229219143576826,8901,6349,0.713290641500955,1.0800920724868774,11.032443046569824
s3,663,median_mad,87878,67273,70219,50177,0.7145786752873154,8817,6317,0.7164568447317682,8842,6227,0.7042524315765664,1.078873634338379,10.975818634033203
s3,664,median_mad,87367,67015,69924,50030,0.7154911046278817,8652,6204,0.7170596393897365,8791,6221,0.7076555568194745,1.0737066268920898,10.947914123535156
s3,665,median_mad,88009,67435,70486,50399,0.7150214226938683,8836,6287,0.7115210502489815,8687,6218,0.7157822032922758,1.0767176151275635,10.968631744384766
s3,666,median_mad,88148,67473,70531,50310,0.713303370149296,8804,6265,0.711608359836438,8813,6407,0.7269942130942926,1.0780253410339355,11.594006538391113
s3,667,median_mad,88065,67442,70198,50154,0.7144647995669392,8904,6285,0.7058625336927223,8963,6434,0.717840008925583,1.0841856002807617,11.148455619812012
s3,668,median_mad,88077,67540,70437,50354,0.7148799636554651,8793,6305,0.7170476515409985,8847,6334,0.7159489092347688,1.0760812759399414,11.05704116821289
s3,669,median_mad,87439,66842,70150,50089,0.7140270848182466,8685,6079,0.6999424294761082,8604,6095,0.7083914458391446,1.0816829204559326,11.130149841308594
s3,670,median_mad,87569,67026,70065,50043,0.7142367801327338,8774,6287,0.7165488944609072,8730,6185,0.7084765177548683,1.0774669647216797,11.053728103637695
s3,671,median_mad,87275,66756,69814,49696,0.7118343025754147,8653,6235,0.7205593435802612,8808,6230,0.7073115349682108,1.0801271200180054,11.266284942626953
s3,672,median_mad,87847,67224,70233,50075,0.7129839249355716,8836,6256,0.7080126754187415,8778,6258,0.7129186602870813,1.0746498107910156,10.801788330078125
s3,673,median_mad,87446,66827,69922,49912,0.7138239752867481,8640,6100,0.7060185185185185,8884,6326,0.7120666366501576,1.0744484663009644,11.042513847351074
s3,674,median_mad,87894,67494,70348,50303,0.7150594188889521,8744,6236,0.7131747483989022,8802,6305,0.7163144739831856,1.0802322626113892,11.376863479614258
s3,675,median_mad,88373,67645,70845,50603,0.7142776483873244,8695,6153,0.7076480736055204,8833,6194,0.7012340088305219,1.0809217691421509,11.23055362701416
s3,676,median_mad,88005,67336,70384,50274,0.7142816549215731,8934,6343,0.7099843295276472,8687,6147,0.7076090710256705,1.090257167816162,10.957082748413086
s3,677,median_mad,87462,66779,70192,49920,0.7111921586505585,8645,6145,0.7108155002891845,8625,6193,0.7180289855072464,1.0777770280838013,10.92306137084961
s3,678,median_mad,87725,67243,70227,50217,0.7150668546285617,8690,6177,0.7108170310701957,8808,6226,0.7068574023614895,1.0826090574264526,11.061591148376465
s3,679,median_mad,87849,67473,70310,50343,0.716014791637036,8738,6281,0.7188143739986267,8801,6241,0.7091239631860016,1.0824894905090332,10.95076847076416
s3,680,median_mad,87842,67087,70306,50072,0.7122009501322789,8733,6248,0.7154471544715447,8803,6302,0.7158923094399636,1.0746955871582031,10.713335037231445
s3,681,median_mad,87846,67405,70236,50441,0.7181644740588872,8870,6248,0.7043968432919955,8740,6238,0.7137299771167048,1.079738974571228,11.183477401733398
s3,682,median_mad,87592,67106,70041,50000,0.7138675918390657,8709,6306,0.7240785394419565,8842,6348,0.7179371182990274,1.0802875757217407,10.725051879882812
s3,683,median_mad,88145,67681,70446,50382,0.7151860999914829,8846,6342,0.7169342075514357,8853,6313,0.7130916073647351,1.0787845849990845,11.526369094848633
s3,684,median_mad,87810,66992,70045,49934,0.7128845742022986,8913,6289,0.7055985638954336,8852,6266,0.7078626299141437,1.0778355598449707,11.263465881347656
s3,685,median_mad,87406,66599,69918,49640,0.7099745416058811,8704,6171,0.708984375,8784,6213,0.707308743169399,1.0863807201385498,11.027359962463379
s3,686,median_mad,87440,66935,69761,49696,0.7123751093017588,8856,6345,0.7164634146341463,8823,6242,0.7074691148135555,1.077290415763855,11.537504196166992
s3,687,median_mad,87587,67163,70047,50172,0.71626193841278,8670,6192,0.7141868512110726,8870,6280,0.7080045095828635,1.0785804986953735,11.322068214416504
s3,688,median_mad,87716,67221,70085,50087,0.714660769066134,8795,6309,0.7173393973848777,8836,6277,0.710389316432775,1.0809862613677979,10.788597106933594
s3,689,median_mad,87876,67194,70316,50130,0.7129245122020593,8779,6317,0.7195580362228045,8781,6228,0.7092586265801162,1.0779794454574585,10.97950267791748
s3,690,median_mad,87805,67267,70335,50354,0.7159166844387573,8880,6317,0.7113738738738739,8590,6117,0.7121071012805588,1.074737548828125,11.066481590270996
s3,691,median_mad,87583,67104,70110,50210,0.7161603194979318,8717,6255,0.7175633818974417,8756,6239,0.7125399725902238,1.0778603553771973,10.842613220214844
s3,692,median_mad,87021,66508,69470,49471,0.7121203397149849,8689,6216,0.7153872712625158,8862,6271,0.7076280749266531,1.0794074535369873,10.986099243164062
s3,693,median_mad,87885,67126,70350,50080,0.7118692253020611,8802,6284,0.7139286525789593,8733,6160,0.70537043398603,1.0794392824172974,10.933069229125977
s3,694,median_mad,87910,67424,70260,50305,0.7159834898946769,8826,6307,0.7145932472241106,8824,6295,0.7133952855847688,1.0820918083190918,11.258556365966797
s3,695,median_mad,87889,67623,70316,50395,0.7166932134933728,8821,6412,0.7269017118240563,8752,6208,0.7093235831809872,1.0774943828582764,11.14540958404541
s3,696,median_mad,87495,67031,69751,49886,0.7152012157531792,8935,6331,0.7085618354784555,8809,6249,0.7093881257804519,1.0809204578399658,11.318195343017578
s3,697,median_mad,87697,67250,70158,50163,0.7150004276062601,8765,6290,0.7176269252709641,8774,6269,0.714497378618646,1.0821887254714966,11.046097755432129
s3,698,median_mad,87701,67032,70173,50000,0.7125247602354182,8800,6337,0.7201136363636363,8728,6165,0.7063473877176902,1.0807132720947266,10.909884452819824
s3,699,median_mad,87767,67219,70225,50050,0.7127091491634033,8762,6230,0.7110248801643461,8780,6320,0.7198177676537585,1.078015685081482,11.346407890319824
s3,700,median_mad,88181,67545,70618,50408,0.7138123424622618,8755,6261,0.7151342090234152,8808,6385,0.7249091734786558,1.0749818086624146,11.180486679077148
s3,701,median_mad,87956,67306,70191,50112,0.7139376843185024,8834,6350,0.7188136744396649,8931,6307,0.7061919157989027,1.0783190727233887,11.314872741699219
s3,702,median_mad,87811,67373,70339,50259,0.7145253699938867,8689,6177,0.7108988376107722,8783,6283,0.7153592166685643,1.0754573345184326,11.123750686645508
s3,703,median_mad,88059,67385,70532,50232,0.7121873759428344,8782,6293,0.7165793668868139,8745,6231,0.7125214408233276,1.076570987701416,11.077483177185059
s3,704,median_mad,87479,66969,69789,49758,0.7129776898938228,8901,6343,0.7126165599370857,8789,6313,0.7182842189100012,1.0838266611099243,11.503342628479004
s3,705,median_mad,88506,67796,70881,50659,0.7147049279778784,8842,6304,0.7129608685817689,8783,6259,0.7126266651485825,1.081329345703125,11.197443962097168
s3,706,median_mad,88257,67492,70596,50302,0.7125332880049862,8892,6325,0.7113135402609086,8769,6282,0.7163872733492986,1.08292818069458,10.786637306213379
s3,707,median_mad,87307,67019,69829,49886,0.7144023256813072,8731,6219,0.7122895430076738,8747,6317,0.7221904653023894,1.0777032375335693,11.518144607543945
s3,708,median_mad,87994,67402,70479,50252,0.7130067112189447,8705,6226,0.7152211372774268,8810,6309,0.7161180476730987,1.0735975503921509,11.21297836303711
s3,709,median_mad,88414,67755,70779,50557,0.7142937877053929,8778,6311,0.7189564821143769,8857,6333,0.7150276617364796,1.0756423473358154,11.006095886230469
s3,710,median_mad,87241,66804,69811,49857,0.7141711191646015,8666,6240,0.7200553888760673,8764,6201,0.707553628480146,1.0779647827148438,10.689687728881836
s3,711,median_mad,87993,67281,70453,50154,0.7118788412132911,8747,6221,0.7112152738081629,8793,6309,0.7175025588536336,1.0754215717315674,10.718636512756348
s3,712,median_mad,87259,66893,69750,49824,0.7143225806451613,8807,6367,0.7229476552742137,8702,6197,0.7121351413468168,1.0734429359436035,10.902657508850098
s3,713,median_mad,88086,67570,70182,50198,0.7152546236926848,8963,6410,0.715162334039942,8941,6402,0.7160272900123029,1.0845156908035278,10.982643127441406
s3,714,median_mad,87666,67107,70094,50001,0.7133420834878877,8774,6288,0.716662867563255,8798,6304,0.7165264832916572,1.077317476272583,10.663253784179688
s3,715,median_mad,87839,67195,70264,50188,0.7142775816919048,8610,6139,0.7130081300813008,8965,6390,0.7127718906860011,1.0707811117172241,10.676688194274902
s3,716,median_mad,88107,67427,70616,50379,0.7134218873909596,8865,6263,0.7064861816130852,8626,6223,0.7214236030605147,1.0784143209457397,11.00830078125
s3,717,median_mad,87851,66975,70287,49955,0.7107288687808556,8797,6276,0.713425031260657,8767,6260,0.7140412912056576,1.078376054763794,11.174643516540527
s3,718,median_mad,88057,67361,70259,50283,0.7156805533810615,8870,6338,0.7145434047350621,8928,6386,0.7152777777777778,1.0783783197402954,10.764535903930664
s3,719,median_mad,87832,67296,70148,50175,0.7152734219079661,8881,6348,0.7147843711293773,8803,6283,0.7137339543337499,1.0770721435546875,11.044230461120605
s3,0,robust_mahalanobis,87352,66999,70081,50639,0.7225781595582255,8774,6387,0.7279462046956918,8497,6137,0.7222549134988819,1.3121894598007202,10.420808792114258
s3,1,robust_mahalanobis,88279,67693,70481,51093,0.7249187724351244,8910,6438,0.7225589225589225,8888,6412,0.7214221422142214,1.3305797576904297,9.678442001342773
s3,2,robust_mahalanobis,87695,67118,70181,50742,0.7230162009660734,8726,6336,0.7261058904423562,8788,6318,0.7189349112426036,1.3236018419265747,10.27340316772461
s3,3,robust_mahalanobis,87985,67415,70184,50862,0.7246950871993617,8903,6389,0.7176232730540267,8898,6404,0.7197122948977298,1.3038036823272705,10.377543449401855
s3,4,robust_mahalanobis,87896,67187,70327,50721,0.721216602442874,8818,6345,0.7195509185756407,8751,6311,0.7211747228888127,1.3023675680160522,10.32675838470459
s3,5,robust_mahalanobis,87626,67142,70128,50609,0.721666096281086,8765,6345,0.7239018824871648,8733,6341,0.7260964158937364,1.3128814697265625,10.016547203063965
s3,6,robust_mahalanobis,87981,67277,70580,50995,0.7225134599036555,8689,6215,0.7152721832201634,8712,6246,0.7169421487603306,1.3220793008804321,10.229905128479004
s3,7,robust_mahalanobis,87778,67234,70166,50776,0.7236553316421058,8775,6304,0.7184045584045584,8837,6406,0.724906642525744,1.3161141872406006,10.474034309387207
s3,8,robust_mahalanobis,87953,67545,70217,50944,0.7255223094122506,8896,6412,0.720773381294964,8840,6420,0.7262443438914027,1.3219119310379028,10.239766120910645
s3,9,robust_mahalanobis,87431,66852,69956,50461,0.7213248327520155,8742,6304,0.7211164493250972,8733,6270,0.7179663345929234,1.312270164489746,10.306565284729004
s3,10,robust_mahalanobis,87654,67124,70183,50784,0.723594032742972,8691,6227,0.7164883212518698,8780,6346,0.7227790432801823,1.3256580829620361,10.531088829040527
s3,11,robust_mahalanobis,87866,67176,70191,50772,0.7233405992221225,8883,6325,0.7120342226725206,8792,6268,0.7129208371246588,1.3238879442214966,10.181575775146484
s3,12,robust_mahalanobis,87837,67017,70060,50487,0.7206251784184984,8876,6468,0.7287066246056783,8901,6296,0.7073362543534434,1.3209236860275269,10.215659141540527
s3,13,robust_mahalanobis,88003,67386,70407,50971,0.7239479029073813,8837,6284,0.7111010523933462,8759,6270,0.7158351409978309,1.3114902973175049,10.841083526611328
s3,14,robust_mahalanobis,87218,66876,69705,50388,0.7228749731009253,8788,6423,0.7308830223031406,8725,6303,0.7224068767908309,1.309694528579712,10.315335273742676
s3,15,robust_mahalanobis,88085,67502,70381,50963,0.724101675168014,8860,6407,0.72313769751693,8844,6363,0.7194708276797829,1.32963228225708,10.270024299621582
s3,16,robust_mahalanobis,87818,67305,70362,50833,0.7224496176913675,8708,6336,0.7276067983463482,8748,6351,0.72599451303155,1.3189582824707031,10.177128791809082
s3,17,robust_mahalanobis,88481,67787,70931,51263,0.7227164427401277,8811,6386,0.724775848371354,8739,6338,0.7252546057901361,1.3092803955078125,10.495266914367676
s3,18,robust_mahalanobis,86969,66412,69456,50123,0.7216511172540889,8595,6200,0.7213496218731821,8918,6371,0.7143978470509083,1.3253989219665527,10.255189895629883
s3,19,robust_mahalanobis,87342,66864,69750,50349,0.7218494623655914,8858,6459,0.729171370512531,8734,6296,0.720861002976872,1.308635950088501,10.304879188537598
s3,20,robust_mahalanobis,87875,67293,70384,50871,0.7227636962946125,8700,6281,0.7219540229885058,8791,6376,0.7252872255716073,1.3183925151824951,9.909581184387207
s3,21,robust_mahalanobis,87701,67197,70178,50657,0.7218359029895409,8641,6229,0.7208656405508622,8882,6472,0.7286647151542446,1.3124923706054688,10.11994743347168
s3,22,robust_mahalanobis,87553,67036,70092,50712,0.7235062489299777,8614,6205,0.7203389830508474,8847,6294,0.7114276025771448,1.320111632347107,10.053536415100098
s3,23,robust_mahalanobis,87616,66845,70269,50610,0.7202322503522179,8636,6191,0.7168828161185734,8711,6305,0.7237974974170589,1.3193891048431396,10.649800300598145
s3,24,robust_mahalanobis,87753,67532,70122,50891,0.7257494081743248,8907,6507,0.7305490063994611,8724,6381,0.7314305364511692,1.3136354684829712,10.49153995513916
s3,25,robust_mahalanobis,87665,67205,70155,50768,0.7236547644501461,8748,6346,0.7254229538180156,8762,6298,0.7187856653732024,1.3138948678970337,10.501654624938965
s3,26,robust_mahalanobis,88075,67371,70413,50839,0.7220115603652735,8871,6392,0.7205501070905197,8791,6314,0.7182345580707542,1.3183664083480835,10.162589073181152
s3,27,robust_mahalanobis,87856,67124,70240,50672,0.7214123006833713,8795,6318,0.7183627060830017,8821,6346,0.7194195669425235,1.3272144794464111,9.576876640319824
s3,28,robust_mahalanobis,87680,67051,69956,50530,0.7223111670192692,8845,6357,0.7187111362351611,8879,6380,0.7185493861921387,1.3305712938308716,10.588523864746094
s3,29,robust_mahalanobis,87847,67114,70429,50840,0.721861733092902,8595,6180,0.7190226876090751,8823,6333,0.7177830669840191,1.3146007061004639,10.30040454864502
s3,30,robust_mahalanobis,87508,66917,69793,50421,0.7224363474847048,8911,6420,0.720457861070587,8804,6285,0.7138800545206724,1.3199596405029297,10.254100799560547
s3,31,robust_mahalanobis,87346,66899,69873,50473,0.7223534126200392,8791,6332,0.7202821067000341,8682,6282,0.72356599861783,1.3202874660491943,10.1790771484375
s3,32,robust_mahalanobis,87803,67453,70255,50898,0.7244751263255285,8757,6317,0.7213657645312321,8791,6387,0.7265385052895006,1.3204584121704102,9.853588104248047
s3,33,robust_mahalanobis,87714,67107,70051,50684,0.7235299995717406,8858,6405,0.7230751862722963,8805,6327,0.7185689948892675,1.3336583375930786,10.128629684448242
s3,34,robust_mahalanobis,87784,67261,70186,50834,0.724275496537771,8793,6238,0.7094279540543614,8805,6377,0.7242475865985236,1.31441068649292,9.83587646484375
s3,35,robust_mahalanobis,87847,67216,70316,50786,0.7222538255873485,8736,6307,0.7219551282051282,8795,6373,0.7246162592382035,1.3231754302978516,10.251495361328125
s3,36,robust_mahalanobis,87096,66761,69614,50313,0.7227425517855603,8716,6355,0.72911886186324,8766,6348,0.7241615331964408,1.3164376020431519,10.353452682495117
s3,37,robust_mahalanobis,87561,66838,70092,50570,0.7214803401244079,8697,6261,0.7199034149706796,8772,6237,0.7110123119015048,1.3248302936553955,10.449583053588867
s3,38,robust_mahalanobis,87717,67291,70199,50923,0.7254091938631605,8851,6354,0.7178849847474862,8667,6284,0.7250490365755163,1.3210861682891846,10.458213806152344
s3,39,robust_mahalanobis,87211,66798,69714,50408,0.723068537166136,8776,6400,0.7292616226071102,8721,6252,0.716890264877881,1.3270225524902344,9.77273178100586
s3,40,robust_mahalanobis,88164,67528,70758,51181,0.7233245710732356,8698,6229,0.7161416417567257,8708,6333,0.7272622875516767,1.3178684711456299,10.085014343261719
s3,41,robust_mahalanobis,87489,66754,70049,50480,0.7206384102556782,8719,6231,0.7146461750200711,8721,6238,0.7152849443871115,1.3162903785705566,10.520851135253906
s3,42,robust_mahalanobis,87563,66998,70046,50595,0.722311052736773,8764,6293,0.7180511182108626,8753,6322,0.7222666514337941,1.321406602859497,10.280597686767578
s3,43,robust_mahalanobis,87945,67388,70135,50764,0.7238040921080773,8819,6414,0.7272933439165439,8991,6401,0.7119341563786008,1.3239691257476807,10.743724822998047
s3,44,robust_mahalanobis,87448,66986,69644,50281,0.7219717420021825,8953,6517,0.7279124315871774,8851,6358,0.7183369110834934,1.3172063827514648,10.665891647338867
s3,45,robust_mahalanobis,87644,67082,70054,50709,0.7238558826048477,8861,6382,0.720234736485724,8729,6289,0.7204719899186619,1.3232016563415527,10.041609764099121
s3,46,robust_mahalanobis,87616,67217,69987,50682,0.7241630588537872,8817,6375,0.7230350459339911,8812,6365,0.7223104857013164,1.3121672868728638,10.379229545593262
s3,47,robust_mahalanobis,88077,67531,70537,51060,0.723875412903866,8705,6276,0.720964962665135,8835,6426,0.7273344651952461,1.321301817893982,10.021012306213379
s3,48,robust_mahalanobis,87527,66959,70084,50548,0.7212487871696821,8687,6295,0.7246460227926788,8756,6352,0.7254454088624943,1.3148221969604492,10.197257041931152
s3,49,robust_mahalanobis,87625,67235,69985,50779,0.7255697649496321,8835,6353,0.7190718732314657,8805,6299,0.715388983532084,1.320540189743042,10.327317237854004
s3,50,robust_mahalanobis,87768,67106,70341,50715,0.7209877596280974,8815,6368,0.7224049914917754,8612,6294,0.7308406874129122,1.3200492858886719,10.638270378112793
s3,51,robust_mahalanobis,87899,67507,70431,51067,0.7250642472774772,8757,6252,0.7139431312093183,8711,6298,0.7229939157387212,1.3140860795974731,10.390746116638184
s3,52,robust_mahalanobis,88152,67317,70534,50912,0.721807922420393,8710,6239,0.7163030998851895,8908,6407,0.7192411315671307,1.3193918466567993,10.124524116516113
s3,53,robust_mahalanobis,87674,67060,70192,50714,0.7225039890585822,8691,6277,0.7222413991485445,8791,6309,0.7176657945626208,1.3210642337799072,10.362955093383789
s3,54,robust_mahalanobis,87438,66586,70073,50351,0.7185506543176402,8842,6343,0.7173716353766116,8523,6085,0.713950486917752,1.3087424039840698,10.191999435424805
s3,55,robust_mahalanobis,87883,67064,70386,50659,0.7197311965447675,8755,6297,0.7192461450599658,8742,6277,0.7180279112331275,1.3121337890625,10.176661491394043
s3,56,robust_mahalanobis,87457,67020,69874,50487,0.7225434353264447,8907,6493,0.7289772089367913,8676,6246,0.7199170124481328,1.325087547302246,10.45544147491455
s3,57,robust_mahalanobis,87400,66837,69988,50612,0.7231525404355033,8604,6195,0.7200139470013946,8808,6299,0.7151453224341507,1.334442377090454,9.964576721191406
s3,58,robust_mahalanobis,87911,67308,70433,50939,0.7232263285675748,8680,6240,0.7188940092165899,8798,6358,0.722664241873153,1.3204505443572998,10.343803405761719
s3,59,robust_mahalanobis,87786,67088,70348,50844,0.7227497583442315,8765,6313,0.720250998288648,8673,6207,0.7156693185748876,1.3187568187713623,10.460190773010254
s3,60,robust_mahalanobis,87938,67352,70271,50793,0.7228159553727711,8875,6369,0.7176338028169014,8792,6359,0.7232711555959963,1.3105108737945557,10.227703094482422
s3,61,robust_mahalanobis,87386,66737,69833,50315,0.720504632480346,8754,6297,0.7193283070596299,8799,6352,0.7219002159336289,1.3064786195755005,10.440650939941406
s3,62,robust_mahalanobis,88011,67474,70422,50981,0.7239357019113345,8803,6365,0.7230489605816199,8786,6362,0.7241065331208741,1.3277170658111572,10.09340763092041
s3,63,robust_mahalanobis,87498,67244,69754,50723,0.7271697680419761,8800,6352,0.7218181818181818,8944,6413,0.7170169946332737,1.3273661136627197,10.234801292419434
s3,64,robust_mahalanobis,87893,67165,70302,50680,0.7208898751102387,8731,6340,0.7261482075363647,8860,6391,0.7213318284424379,1.3241814374923706,10.093177795410156
s3,65,robust_mahalanobis,88333,67789,70647,51113,0.7234985208147551,8849,6405,0.7238106000678043,8837,6411,0.7254724454000226,1.3191523551940918,9.966741561889648
s3,66,robust_mahalanobis,87311,66777,69948,50561,0.722836964602276,8711,6268,0.7195499942601309,8652,6225,0.7194868238557559,1.3171964883804321,10.160975456237793
s3,67,robust_mahalanobis,87896,67283,70253,50735,0.7221755654562795,8839,6381,0.7219142436927254,8804,6302,0.7158109950022717,1.318244457244873,9.92177963256836
s3,68,robust_mahalanobis,87440,66830,69796,50240,0.7198120236116683,8911,6502,0.7296599708225788,8733,6275,0.7185388755296004,1.3134315013885498,10.38812255859375
s3,69,robust_mahalanobis,87702,67052,70039,50625,0.7228115764074301,8829,6413,0.726356325744705,8834,6323,0.7157573013357482,1.3311412334442139,9.877033233642578
s3,70,robust_mahalanobis,87382,67126,69850,50625,0.7247673586256264,8706,6330,0.7270847691247415,8826,6373,0.7220711534103784,1.3150694370269775,10.009621620178223
s3,71,robust_mahalanobis,87761,67160,70060,50663,0.7231373108763917,8805,6298,0.7152754116978989,8896,6402,0.7196492805755396,1.3243837356567383,10.28331470489502
s3,72,robust_mahalanobis,87669,67097,70076,50736,0.7240139277356014,8797,6284,0.714334432192793,8796,6301,0.7163483401546157,1.3172245025634766,10.113784790039062
s3,73,robust_mahalanobis,87716,67371,70160,50912,0.7256556442417332,8679,6309,0.7269270653301072,8877,6402,0.7211895910780669,1.3204225301742554,10.198519706726074
s3,74,robust_mahalanobis,88057,67520,70272,50853,0.7236594945355191,8975,6524,0.7269080779944289,8810,6340,0.7196367763904654,1.318809151649475,10.158778190612793
s3,75,robust_mahalanobis,87552,66939,69944,50475,0.7216487475694842,8813,6415,0.727901963009191,8795,6273,0.713246162592382,1.3169002532958984,10.860879898071289
s3,76,robust_mahalanobis,87560,66989,69894,50504,0.722579906715884,8866,6380,0.7196029776674938,8800,6363,0.7230681818181818,1.3233420848846436,10.185648918151855
s3,77,robust_mahalanobis,88204,67449,70312,50798,0.7224655819774718,8962,6473,0.7222718143271591,8930,6433,0.7203807390817469,1.319676160812378,10.155610084533691
s3,78,robust_mahalanobis,87564,67213,69938,50732,0.7253853413022964,8883,6392,0.7195767195767195,8743,6290,0.7194326890083496,1.3180891275405884,10.713698387145996
s3,79,robust_mahalanobis,87364,67039,69836,50628,0.724955610286958,8810,6318,0.7171396140749149,8718,6318,0.7247075017205781,1.3184804916381836,10.28719425201416
s3,80,robust_mahalanobis,87758,67190,70317,50784,0.7222151115661931,8672,6218,0.7170202952029521,8769,6401,0.729957805907173,1.3202731609344482,10.157888412475586
s3,81,robust_mahalanobis,87814,67187,70237,50791,0.7231373777353817,8962,6464,0.721267574202187,8615,6153,0.714219384793964,1.3203927278518677,9.897000312805176
s3,82,robust_mahalanobis,87540,67095,70169,50683,0.7222990209351708,8743,6359,0.7273247169163902,8628,6278,0.7276309689383403,1.3092437982559204,10.308231353759766
s3,83,robust_mahalanobis,87529,67080,69850,50486,0.7227773801002148,8965,6520,0.7272727272727273,8714,6312,0.7243516180858389,1.3171592950820923,10.260459899902344
s3,84,robust_mahalanobis,87783,67124,70187,50635,0.7214298944248935,8823,6370,0.7219766519324493,8773,6367,0.725749458566055,1.3211102485656738,10.149359703063965
s3,85,robust_mahalanobis,87622,67197,70176,50894,0.7252336981304149,8733,6242,0.7147601053475323,8713,6214,0.713187191552852,1.3155683279037476,10.145318031311035
s3,86,robust_mahalanobis,87935,67360,70020,50693,0.723978863181948,8978,6412,0.7141902428157719,8937,6420,0.7183618663981202,1.315091848373413,9.934764862060547
s3,87,robust_mahalanobis,87394,66831,69828,50410,0.721916709629375,8739,6386,0.7307472250829614,8827,6354,0.7198368641667611,1.3235493898391724,10.131305694580078
s3,88,robust_mahalanobis,87996,67485,70365,50941,0.7239536701485113,8895,6454,0.7255761663856098,8736,6307,0.7219551282051282,1.3200029134750366,10.47750473022461
s3,89,robust_mahalanobis,87505,66905,69947,50436,0.7210602313179979,8851,6429,0.7263586035476217,8707,6260,0.7189617549098427,1.3256272077560425,10.054597854614258
s3,90,robust_mahalanobis,87662,67191,69800,50517,0.7237392550143267,8839,6392,0.7231587283629369,9023,6470,0.7170564113931065,1.314766526222229,10.422300338745117
s3,91,robust_mahalanobis,87677,67210,70081,50585,0.7218076226081249,8908,6496,0.7292321508756174,8688,6308,0.7260589318600368,1.3110392093658447,10.046521186828613
s3,92,robust_mahalanobis,87303,66735,69714,50311,0.7216771380210575,8862,6347,0.7162040171518844,8727,6230,0.71387647530652,1.3207969665527344,10.069028854370117
s3,93,robust_mahalanobis,88139,67560,70572,51034,0.7231479907045287,9000,6495,0.7216666666666667,8567,6227,0.7268588770864947,1.31681227684021,9.98864459991455
s3,94,robust_mahalanobis,87860,67218,70339,50747,0.7214631996474218,8856,6455,0.7288843721770552,8665,6198,0.7152914021927294,1.3188989162445068,10.39337158203125
s3,95,robust_mahalanobis,88102,67362,70381,50759,0.7212031656270869,8937,6438,0.7203759650889561,8784,6348,0.7226775956284153,1.324218988418579,10.611939430236816
s3,96,robust_mahalanobis,87569,67025,69693,50361,0.722612027032844,9092,6573,0.7229432468103828,8784,6280,0.714936247723133,1.3182508945465088,10.331025123596191
s3,97,robust_mahalanobis,87989,67397,70340,50917,0.7238697753767416,8722,6301,0.7224260490713139,8927,6381,0.7147978044135768,1.3202095031738281,10.447426795959473
s3,98,robust_mahalanobis,87486,66876,69959,50554,0.7226232507611601,8766,6266,0.7148072096737395,8761,6309,0.7201232735989043,1.315230369567871,10.49476146697998
s3,99,robust_mahalanobis,87696,67096,70102,50677,0.722903768794043,8791,6324,0.7193720850870208,8803,6376,0.7242985345904805,1.3185911178588867,10.68173599243164
s3,100,robust_mahalanobis,87684,67100,70331,50768,0.721843852639661,8530,6155,0.7215709261430246,8823,6340,0.7185764479202086,1.3200774192810059,10.060669898986816
s3,101,robust_mahalanobis,87370,66807,69963,50533,0.7222817775109701,8647,6193,0.716202151035041,8760,6282,0.7171232876712329,1.317347526550293,10.133315086364746
s3,102,robust_mahalanobis,87946,67422,70529,51145,0.725162699031604,8729,6248,0.7157750028640165,8688,6244,0.7186924493554327,1.3270978927612305,10.325773239135742
s3,103,robust_mahalanobis,87701,67317,70028,50806,0.7255097960815674,8870,6390,0.7204058624577226,8803,6307,0.7164602976258094,1.328110694885254,10.209848403930664
s3,104,robust_mahalanobis,87752,67158,69886,50537,0.7231348195632887,8853,6318,0.7136563876651982,9013,6533,0.724841895040497,1.319907784461975,10.361112594604492
s3,105,robust_mahalanobis,88039,67456,70360,50934,0.7239056281978397,8816,6354,0.7207350272232305,8863,6391,0.7210876678325623,1.3224687576293945,10.259098052978516
s3,106,robust_mahalanobis,87584,67086,70010,50628,0.7231538351664047,8879,6450,0.7264331568870368,8695,6217,0.7150086256469235,1.3160569667816162,10.553836822509766
s3,107,robust_mahalanobis,87667,67065,70236,50796,0.7232188621219887,8698,6235,0.7168314555070131,8733,6297,0.721058055650979,1.3171488046646118,10.132258415222168
s3,108,robust_mahalanobis,87865,67392,70310,50866,0.7234532783387854,8779,6352,0.7235448228727646,8776,6380,0.726982680036463,1.3223650455474854,9.592374801635742
s3,109,robust_mahalanobis,88473,67975,70729,51378,0.7264064245217662,8779,6365,0.7250256293427497,8965,6464,0.7210262130507529,1.3396542072296143,9.767943382263184
s3,110,robust_mahalanobis,87952,67177,70375,50740,0.7209946714031972,8715,6286,0.721285140562249,8862,6389,0.7209433536447755,1.3206452131271362,10.233476638793945
s3,111,robust_mahalanobis,88042,67521,70610,51127,0.7240759099277723,8860,6425,0.7251693002257337,8572,6195,0.7227018198786748,1.3267297744750977,9.959217071533203
s3,112,robust_mahalanobis,87327,67041,69829,50599,0.7246129831445388,8795,6339,0.7207504263786242,8703,6295,0.7233137998391359,1.3113397359848022,10.653809547424316
s3,113,robust_mahalanobis,87529,66812,69957,50549,0.7225724373543748,8820,6334,0.718140589569161,8752,6249,0.714008226691042,1.325817346572876,9.955451965332031
s3,114,robust_mahalanobis,87296,67063,69957,50716,0.7249596180510886,8784,6370,0.7251821493624773,8555,6168,0.7209818819403857,1.3200520277023315,10.072098731994629
s3,115,robust_mahalanobis,88255,67544,70509,50914,0.7220922151782042,8893,6452,0.7255144495670752,8853,6350,0.7172709815881622,1.3104220628738403,10.160116195678711
s3,116,robust_mahalanobis,87339,66776,69902,50520,0.7227261022574462,8686,6207,0.7145982040064471,8751,6323,0.7225459947434579,1.3228459358215332,10.251819610595703
s3,117,robust_mahalanobis,87949,67240,70378,50752,0.7211344454232856,8852,6429,0.7262765476728423,8719,6279,0.7201513935084298,1.3136957883834839,9.950188636779785
s3,118,robust_mahalanobis,88021,67458,70462,51046,0.7244472197780364,8779,6311,0.7188745870828113,8780,6298,0.7173120728929385,1.3202166557312012,10.36274242401123
s3,119,robust_mahalanobis,87793,67267,70139,50673,0.7224653901538374,8867,6432,0.7253862636742979,8787,6319,0.7191305337430295,1.3058446645736694,10.681792259216309
s3,120,robust_mahalanobis,87693,67065,70213,50631,0.7211057781322547,8774,6389,0.7281741509003875,8706,6287,0.7221456466804502,1.3150554895401,10.426370620727539
s3,121,robust_mahalanobis,87900,67266,70454,50861,0.7219036534476396,8910,6485,0.7278338945005611,8536,6150,0.7204779756326148,1.3236305713653564,10.032283782958984
s3,122,robust_mahalanobis,87515,67280,69941,50791,0.726197795284597,8734,6307,0.7221204488207007,8840,6405,0.7245475113122172,1.315099835395813,10.022899627685547
s3,123,robust_mahalanobis,87883,67239,70463,50954,0.7231312887614777,8661,6219,0.7180464149636301,8759,6322,0.7217718917684667,1.3319758176803589,10.257880210876465
s3,124,robust_mahalanobis,87592,67137,70149,50733,0.7232177222768678,8897,6361,0.7149600989097449,8546,6224,0.7282939386847648,1.3080861568450928,10.27712631225586
s3,125,robust_mahalanobis,87618,67137,70100,50694,0.723166904422254,8765,6397,0.7298345693097547,8753,6299,0.7196389809208271,1.3072301149368286,10.344768524169922
s3,126,robust_mahalanobis,87834,67172,70288,50794,0.7226553608012748,8777,6290,0.7166457787398883,8769,6241,0.7117117117117117,1.3253446817398071,10.259625434875488
s3,127,robust_mahalanobis,87890,67346,70281,50922,0.7245485977718018,8747,6281,0.7180747684920544,8862,6378,0.7197020988490183,1.3283051252365112,10.411829948425293
s3,128,robust_mahalanobis,87919,67218,70308,50754,0.7218808670421574,8956,6472,0.7226440375167485,8655,6233,0.7201617562102831,1.3249447345733643,10.344104766845703
s3,129,robust_mahalanobis,87978,67402,70399,50824,0.7219420730408103,8750,6352,0.7259428571428571,8829,6399,0.7247706422018348,1.3098598718643188,9.788673400878906
s3,130,robust_mahalanobis,87150,66763,69786,50469,0.7231966296965008,8689,6278,0.7225227298883646,8675,6262,0.7218443804034582,1.3138679265975952,10.753365516662598
s3,131,robust_mahalanobis,87780,67200,70193,50814,0.7239183394355563,8808,6331,0.7187783832879201,8779,6355,0.7238865474427612,1.3224477767944336,9.884140968322754
s3,132,robust_mahalanobis,87748,67245,70178,50799,0.7238593291344866,8915,6468,0.7255187885586091,8655,6185,0.7146158290005777,1.3157602548599243,10.044800758361816
s3,133,robust_mahalanobis,87907,67235,70190,50757,0.723137199031201,8829,6316,0.7153698040548193,8888,6381,0.7179342934293429,1.3252044916152954,10.372245788574219
s3,134,robust_mahalanobis,88015,67417,70341,50819,0.7224662714490837,8806,6336,0.7195094253917783,8868,6374,0.7187640956247181,1.3102384805679321,10.126399993896484
s3,135,robust_mahalanobis,87922,67268,70380,50778,0.7214833759590793,8708,6317,0.7254248966467616,8834,6404,0.7249264206474983,1.3134324550628662,10.367225646972656
s3,136,robust_mahalanobis,88055,67374,70535,51011,0.7232012476075708,8827,6326,0.7166647785204486,8693,6274,0.7217301276889452,1.317101001739502,9.961427688598633
s3,137,robust_mahalanobis,87673,66982,70102,50583,0.7215628655387863,8798,6346,0.7213002955217095,8773,6333,0.7218739313803716,1.3249735832214355,10.078923225402832
s3,138,robust_mahalanobis,87828,67135,70087,50510,0.7206757315907373,8883,6427,0.7235168298998086,8858,6339,0.7156242944231204,1.308350682258606,10.420025825500488
s3,139,robust_mahalanobis,87648,66962,70258,50691,0.7214979077115773,8699,6282,0.722151971490976,8691,6231,0.7169485674836037,1.316630244255066,10.162232398986816
s3,140,robust_mahalanobis,87947,67269,70227,50732,0.72240021644097,8890,6423,0.7224971878515185,8830,6328,0.716647791619479,1.3189215660095215,10.123957633972168
s3,141,robust_mahalanobis,88323,67484,70593,50892,0.7209213378096978,8845,6358,0.718824194460147,8885,6409,0.721328081035453,1.324800729751587,10.093401908874512
s3,142,robust_mahalanobis,87797,67373,70413,50942,0.7234743584281311,8781,6408,0.7297574308165357,8603,6208,0.7216087411368127,1.3216675519943237,10.152804374694824
s3,143,robust_mahalanobis,88162,67689,70533,51140,0.725050685494733,8825,6390,0.7240793201133144,8804,6352,0.7214902317128578,1.3129836320877075,10.228291511535645
s3,144,robust_mahalanobis,87681,67090,69990,50521,0.7218316902414631,8867,6314,0.712078493289726,8824,6416,0.7271078875793291,1.308924913406372,10.515552520751953
s3,145,robust_mahalanobis,87937,67369,70168,50721,0.7228508721924524,8886,6412,0.7215845149673644,8883,6404,0.7209276145446358,1.315605878829956,10.289140701293945
s3,146,robust_mahalanobis,87532,67184,69919,50646,0.7243524649952088,8759,6312,0.7206302089279598,8854,6415,0.7245312852947821,1.3239744901657104,10.381999015808105
s3,147,robust_mahalanobis,87822,67127,70468,50826,0.721263552250667,8721,6305,0.7229675495929366,8633,6229,0.7215336499478744,1.319319248199463,10.286280632019043
s3,148,robust_mahalanobis,87994,67512,70407,51060,0.7252119817631769,8767,6298,0.7183757271586632,8820,6305,0.7148526077097506,1.3204482793807983,10.323159217834473
s3,149,robust_mahalanobis,87569,66829,70221,50567,0.7201122171430199,8656,6226,0.7192698706099815,8692,6271,0.7214680165669581,1.3146731853485107,10.307382583618164
s3,150,robust_mahalanobis,88054,67157,70543,50920,0.7218292389039309,8738,6237,0.7137788967727169,8773,6276,0.7153767240396671,1.325720191001892,10.333695411682129
s3,151,robust_mahalanobis,87521,66849,69963,50454,0.7211526092363106,8907,6405,0.7190973391714381,8651,6193,0.7158709975725349,1.3124386072158813,10.602011680603027
s3,152,robust_mahalanobis,87598,67142,70066,50635,0.722675762852168,8853,6415,0.7246131254941828,8679,6266,0.7219725774858855,1.3026536703109741,10.302399635314941
s3,153,robust_mahalanobis,87994,67257,70262,50746,0.7222396174318978,8899,6417,0.7210922575570289,8833,6342,0.7179893580889845,1.3188730478286743,10.40368366241455
s3,154,robust_mahalanobis,87359,66816,69770,50449,0.7230758205532464,8808,6317,0.717188919164396,8781,6342,0.7222412025965153,1.3244662284851074,10.451994895935059
s3,155,robust_mahalanobis,87711,67165,70096,50770,0.7242923989956631,8702,6195,0.7119053091243392,8913,6410,0.7191742398743408,1.326511263847351,9.95390796661377
s3,156,robust_mahalanobis,88216,67556,70435,51001,0.7240860367714914,8881,6411,0.7218781668730999,8900,6344,0.712808988764045,1.3194615840911865,10.269455909729004
s3,157,robust_mahalanobis,88090,67651,70382,51090,0.7258958256372368,8858,6365,0.7185594942424927,8850,6464,0.7303954802259887,1.32593834400177,10.620613098144531
s3,158,robust_mahalanobis,87696,67027,69939,50454,0.7214000772101402,8933,6463,0.7234971454158737,8824,6375,0.7224614687216682,1.3175625801086426,10.521528244018555
s3,159,robust_mahalanobis,87459,66927,69933,50563,0.7230206054366322,8738,6247,0.7149233234149691,8788,6305,0.7174556213017751,1.3200669288635254,10.546402931213379
s3,160,robust_mahalanobis,88175,67536,70464,50990,0.7236319255222525,8891,6445,0.7248903385445956,8820,6263,0.7100907029478458,1.3125584125518799,10.407565116882324
s3,161,robust_mahalanobis,87866,67661,70274,50976,0.7253891908814071,8764,6385,0.7285486079415792,8828,6433,0.728704123244223,1.3128770589828491,10.5612154006958
s3,162,robust_mahalanobis,87772,67144,70150,50627,0.721696364932288,8722,6312,0.7236872277000688,8900,6395,0.7185393258426966,1.3231146335601807,10.256287574768066
s3,163,robust_mahalanobis,88142,67522,70536,51002,0.723063400249518,8833,6424,0.7272727272727273,8773,6401,0.7296249857517383,1.3167121410369873,10.366363525390625
s3,164,robust_mahalanobis,86514,66016,69369,49959,0.7201920166068416,8669,6234,0.7191140846695121,8476,6152,0.7258140632373761,1.3158900737762451,10.540731430053711
s3,165,robust_mahalanobis,87986,67577,70355,51063,0.7257906332172553,8757,6330,0.722850291195615,8874,6387,0.7197430696416498,1.312870740890503,10.509778022766113
s3,166,robust_mahalanobis,87974,67251,70447,50851,0.7218334350646586,8797,6326,0.7191087870865067,8730,6312,0.7230240549828179,1.323074221611023,10.394950866699219
s3,167,robust_mahalanobis,87495,67048,70063,50714,0.7238342634486106,8799,6338,0.7203091260370497,8633,6219,0.7203753040657941,1.323919415473938,10.099296569824219
s3,168,robust_mahalanobis,87674,67230,70029,50685,0.7237715803452855,8786,6329,0.7203505577054404,8859,6442,0.7271701094931707,1.3121930360794067,10.265897750854492
s3,169,robust_mahalanobis,87240,66820,69735,50378,0.7224205922420592,8718,6370,0.7306721725166323,8787,6326,0.7199271651303061,1.3202916383743286,9.604795455932617
s3,170,robust_mahalanobis,87186,66756,69768,50422,0.7227095516569201,8763,6298,0.7187036403058313,8655,6271,0.7245522819179665,1.3183380365371704,10.3330659866333
s3,171,robust_mahalanobis,87175,67012,69802,50736,0.7268559640124925,8775,6261,0.7135042735042735,8598,6192,0.7201674808094906,1.3108773231506348,10.308764457702637
s3,172,robust_mahalanobis,87956,67353,70375,50890,0.7231261101243339,8692,6274,0.7218131615278417,8889,6402,0.7202159973000337,1.317732572555542,10.43856430053711
s3,173,robust_mahalanobis,87848,67340,70149,50901,0.7256126245563016,8752,6277,0.717207495429616,8947,6416,0.7171118810774562,1.3183536529541016,9.947003364562988
s3,174,robust_mahalanobis,87828,67286,70308,50912,0.7241281219775844,8795,6259,0.711654349061967,8725,6268,0.7183954154727794,1.3085905313491821,10.97191333770752
s3,175,robust_mahalanobis,87550,66928,69993,50533,0.721972197219722,8720,6288,0.7211009174311926,8837,6324,0.715627475387575,1.3182305097579956,10.314919471740723
s3,176,robust_mahalanobis,88190,67441,70667,51054,0.7224588563261494,8735,6236,0.713909559244419,8788,6396,0.727810650887574,1.3192273378372192,10.10697078704834
s3,177,robust_mahalanobis,87765,67269,70309,50864,0.7234351221038559,8697,6317,0.7263424169253766,8759,6317,0.7212010503482132,1.3256385326385498,10.174616813659668
s3,178,robust_mahalanobis,87716,67041,70185,50622,0.7212652276127378,8755,6367,0.7272415762421474,8776,6281,0.7157019143117593,1.3176823854446411,10.134086608886719
s3,179,robust_mahalanobis,88121,67584,70527,51089,0.7243892409999008,8882,6374,0.717631164152218,8712,6341,0.7278466483011937,1.3166627883911133,10.121858596801758
s3,180,robust_mahalanobis,87644,67099,69927,50567,0.7231398458392323,8760,6358,0.7257990867579909,8957,6403,0.7148598861225857,1.3142000436782837,10.2152738571167
s3,181,robust_mahalanobis,88277,67760,70637,51231,0.7252714583008905,8867,6383,0.7198601556332469,8773,6349,0.7236977088795167,1.3159270286560059,10.16299057006836
s3,182,robust_mahalanobis,87722,67291,70063,50731,0.7240769022165765,8885,6416,0.7221159257175014,8774,6362,0.7250968771369957,1.3196792602539062,10.286971092224121
s3,183,robust_mahalanobis,87444,66657,70025,50300,0.7183148875401643,8627,6213,0.7201808276341718,8792,6342,0.7213375796178344,1.3125296831130981,10.506155014038086
s3,184,robust_mahalanobis,87948,67408,70510,51043,0.7239115019146221,8674,6283,0.724348628083929,8764,6285,0.7171382930168873,1.3070075511932373,9.904138565063477
s3,185,robust_mahalanobis,87879,67032,70378,50618,0.7192304413310978,8708,6203,0.7123334864492421,8793,6338,0.7208006368702377,1.3183293342590332,10.114289283752441
s3,186,robust_mahalanobis,87638,67191,70338,51012,0.7252409792715175,8677,6202,0.7147631669932004,8623,6204,0.7194711817232982,1.317047357559204,10.49908447265625
s3,187,robust_mahalanobis,87990,67322,70661,51148,0.7238504974455499,8579,6156,0.7175661499009208,8750,6301,0.7201142857142857,1.320172905921936,10.262109756469727
s3,188,robust_mahalanobis,88124,67387,70377,50815,0.7220398709805761,8845,6357,0.7187111362351611,8902,6417,0.7208492473601438,1.3245354890823364,10.39527416229248
s3,189,robust_mahalanobis,87974,67381,70174,50744,0.7231168238948898,8936,6459,0.7228066248880931,8864,6373,0.7189756317689531,1.3213521242141724,10.087935447692871
s3,190,robust_mahalanobis,87531,67079,69967,50614,0.7233981734246144,8787,6358,0.7235689086149995,8777,6335,0.7217728153127493,1.322038173675537,10.684266090393066
s3,191,robust_mahalanobis,87522,66806,69825,50263,0.7198424633011099,8882,6489,0.7305786984913308,8815,6296,0.7142370958593307,1.3221044540405273,10.37492847442627
s3,192,robust_mahalanobis,87513,66851,69977,50488,0.7214942052388642,8815,6371,0.7227453204764606,8721,6236,0.7150556128884302,1.3161568641662598,10.225103378295898
s3,193,robust_mahalanobis,87937,67298,70622,51036,0.7226643255642717,8704,6248,0.7178308823529411,8611,6206,0.7207060736267564,1.3130059242248535,10.25205135345459
s3,194,robust_mahalanobis,87799,67239,70235,50700,0.7218623193564462,8758,6322,0.7218543046357616,8806,6420,0.7290483761071996,1.3140305280685425,10.24647331237793
s3,195,robust_mahalanobis,87229,66832,69872,50554,0.723523013510419,8642,6239,0.721939365887526,8715,6318,0.7249569707401032,1.3189294338226318,9.85384750366211
s3,196,robust_mahalanobis,88007,67521,70470,50994,0.7236270753512133,8703,6279,0.7214753533264392,8834,6448,0.729907176816844,1.3172715902328491,10.648941993713379
s3,197,robust_mahalanobis,87570,66947,70004,50586,0.7226158505228273,8765,6272,0.7155733029092983,8801,6265,0.7118509260311329,1.32522451877594,9.92428207397461
s3,198,robust_mahalanobis,87263,66945,69647,50461,0.7245251051732308,8804,6360,0.7223989095865516,8812,6362,0.7219700408533818,1.3204163312911987,10.100744247436523
s3,199,robust_mahalanobis,87914,67289,70412,50856,0.7222632505822871,8650,6218,0.7188439306358382,8852,6417,0.7249209218255761,1.325908899307251,10.21629524230957
s3,200,robust_mahalanobis,88576,67777,70822,51173,0.7225579622151309,8885,6384,0.7185143500281373,8869,6408,0.722516630961777,1.3272358179092407,10.788970947265625
s3,201,robust_mahalanobis,87127,66467,69957,50341,0.7195991823548752,8645,6196,0.7167148640832851,8525,6108,0.7164809384164222,1.3197599649429321,10.617554664611816
s3,202,robust_mahalanobis,87900,67152,70293,50655,0.7206265204216636,8776,6301,0.7179808568824065,8831,6341,0.7180387272109614,1.3200480937957764,10.270514488220215
s3,203,robust_mahalanobis,88070,67282,70257,50679,0.721337375635168,8780,6318,0.7195899772209567,9033,6494,0.7189195173253625,1.3272185325622559,9.785799026489258
s3,204,robust_mahalanobis,87756,67334,70215,50814,0.7236915189062166,8845,6449,0.7291124929338609,8696,6273,0.7213661453541859,1.3233613967895508,10.2069091796875
s3,205,robust_mahalanobis,86852,66567,69320,50174,0.7238026543566071,8862,6404,0.7226359738208079,8670,6224,0.7178777393310265,1.3094608783721924,10.52596378326416
s3,206,robust_mahalanobis,87386,66898,69868,50439,0.7219184748382664,8789,6345,0.7219251336898396,8729,6276,0.7189827013403597,1.3182191848754883,10.24720573425293
s3,207,robust_mahalanobis,87448,66908,70108,50590,0.7216009585211388,8838,6376,0.7214301878252999,8502,6148,0.7231239708303928,1.3113744258880615,10.264657020568848
s3,208,robust_mahalanobis,87734,67288,70041,50727,0.7242472266244057,8856,6377,0.7200767841011744,8837,6379,0.7218513070046396,1.3157048225402832,11.050171852111816
s3,209,robust_mahalanobis,88042,67387,70524,51051,0.7238812319210481,8715,6243,0.7163511187607573,8803,6266,0.7118027945018743,1.3193609714508057,10.225215911865234
s3,210,robust_mahalanobis,87697,67057,70209,50728,0.72252845076842,8827,6345,0.7188172652090178,8661,6227,0.7189700958318901,1.3199149370193481,10.396758079528809
s3,211,robust_mahalanobis,87470,66854,70045,50474,0.7205939039189093,8796,6365,0.7236243747157799,8629,6276,0.727314868466798,1.320488452911377,10.461480140686035
s3,212,robust_mahalanobis,87885,66970,70294,50611,0.7199903263436425,8890,6351,0.7143982002249719,8701,6198,0.7123319158717388,1.326066493988037,10.228694915771484
s3,213,robust_mahalanobis,87625,66993,70221,50746,0.7226613121430912,8616,6196,0.7191272051996286,8788,6256,0.7118798361401911,1.310342788696289,10.663276672363281
s3,214,robust_mahalanobis,87716,67189,70164,50688,0.7224217547460235,8822,6389,0.7242121967807753,8730,6263,0.7174112256586483,1.3195271492004395,10.391255378723145
s3,215,robust_mahalanobis,87321,66874,69835,50500,0.7231330994487005,8665,6129,0.70732833237161,8821,6408,0.7264482484979027,1.319019079208374,10.381828308105469
s3,216,robust_mahalanobis,87559,67162,70012,50760,0.7250185682454436,8729,6298,0.7215030358574865,8818,6314,0.7160353821728284,1.313213586807251,10.214284896850586
s3,217,robust_mahalanobis,88134,67554,70541,51119,0.7246707588494634,8766,6347,0.7240474560803103,8827,6358,0.7202900192590914,1.3221890926361084,10.328831672668457
s3,218,robust_mahalanobis,87911,67085,70344,50589,0.7191658137154555,8857,6338,0.7155921869707575,8710,6320,0.7256027554535017,1.3144394159317017,10.291938781738281
s3,219,robust_mahalanobis,87685,67269,70098,50687,0.7230876772518474,8849,6414,0.7248276641428409,8738,6358,0.7276264591439688,1.310622215270996,10.35595703125
s3,220,robust_mahalanobis,87293,66964,69975,50615,0.723329760628796,8739,6376,0.7296029293969561,8579,6224,0.7254924816412169,1.3183568716049194,10.236351013183594
s3,221,robust_mahalanobis,88121,67408,70548,50981,0.7226427396949595,8692,6286,0.7231937413713759,8881,6374,0.7177119693728183,1.3085544109344482,10.62535572052002
s3,222,robust_mahalanobis,87893,67343,70474,50996,0.7236143826091892,8559,6148,0.7183082135763523,8860,6414,0.7239277652370203,1.3246287107467651,10.362946510314941
s3,223,robust_mahalanobis,87890,67086,70269,50645,0.7207303362791558,8834,6347,0.7184740774281186,8787,6326,0.7199271651303061,1.330014944076538,10.646380424499512
s3,224,robust_mahalanobis,87149,66857,69578,50374,0.7239932162465147,8878,6366,0.717053390403244,8693,6348,0.7302427240308293,1.3210077285766602,10.12278938293457
s3,225,robust_mahalanobis,88020,67299,70630,51018,0.722327622823163,8673,6198,0.7146316153580076,8717,6236,0.715383732935643,1.3229827880859375,10.516575813293457
s3,226,robust_mahalanobis,87993,67078,70379,50722,0.7206979354637036,8833,6287,0.711762708026718,8781,6302,0.7176859127661998,1.3156263828277588,9.955244064331055
s3,227,robust_mahalanobis,87874,67472,70302,50981,0.725171403374015,8746,6360,0.7271895723759433,8826,6326,0.7167459777928846,1.3284664154052734,10.043672561645508
s3,228,robust_mahalanobis,87303,66736,69917,50429,0.721269505270535,8746,6322,0.7228447290189801,8640,6184,0.7157407407407408,1.3193888664245605,10.49358081817627
s3,229,robust_mahalanobis,87361,66779,69661,50246,0.7212931195360388,8841,6337,0.7167741205745957,8859,6413,0.7238966023253189,1.3164268732070923,10.661243438720703
s3,230,robust_mahalanobis,88615,67907,70971,51305,0.7229009031858082,8761,6283,0.717155575847506,8883,6456,0.7267814927389395,1.3120143413543701,10.16287612915039
s3,231,robust_mahalanobis,87858,67612,70362,51167,0.7271964981097752,8870,6378,0.7190529875986471,8626,6194,0.7180616740088106,1.3178737163543701,10.339365005493164
s3,232,robust_mahalanobis,87974,67290,70412,50936,0.7233994205533147,8648,6182,0.7148473635522664,8914,6371,0.7147184204621942,1.3083150386810303,10.463211059570312
s3,233,robust_mahalanobis,87849,67310,70392,50979,0.7242158199795431,8732,6324,0.7242327072835547,8725,6257,0.717134670487106,1.318108081817627,10.750288963317871
s3,234,robust_mahalanobis,87644,67204,70020,50733,0.7245501285347044,8812,6354,0.7210621879255561,8812,6318,0.7169768497503405,1.3218798637390137,10.376008987426758
s3,235,robust_mahalanobis,87307,66939,69796,50562,0.724425468508224,8756,6303,0.7198492462311558,8755,6359,0.7263278126784695,1.3217730522155762,10.032770156860352
s3,236,robust_mahalanobis,87961,67189,70543,50887,0.7213614391222375,8841,6404,0.724352448818007,8577,6187,0.7213477906027749,1.3299734592437744,10.22320556640625
s3,237,robust_mahalanobis,87579,66961,70112,50620,0.7219876768598813,8752,6291,0.7188071297989032,8715,6253,0.7174985656913367,1.319778561592102,10.229788780212402
s3,238,robust_mahalanobis,87921,67583,70301,50928,0.724427817527489,8796,6430,0.7310140973169622,8824,6432,0.728921124206709,1.3142436742782593,10.16295051574707
s3,239,robust_mahalanobis,87314,66716,69791,50327,0.721110171798656,8766,6374,0.7271275382158339,8757,6323,0.7220509306840243,1.3147034645080566,10.374618530273438
s3,240,robust_mahalanobis,87829,67224,70156,50680,0.7223901020582701,8991,6541,0.7275052830608386,8682,6250,0.7198802119327344,1.31451416015625,10.088452339172363
s3,241,robust_mahalanobis,88161,67572,70429,51021,0.7244316971701997,8855,6359,0.7181253529079616,8877,6441,0.725582967218655,1.3242954015731812,10.25128173828125
s3,242,robust_mahalanobis,88011,67648,70360,51118,0.7265207504263786,8854,6371,0.7195617799864468,8797,6313,0.7176310105717858,1.3154447078704834,10.355817794799805
s3,243,robust_mahalanobis,87865,67282,70288,50956,0.724960163897109,8789,6251,0.7112299465240641,8788,6334,0.7207555757851616,1.318772792816162,10.371818542480469
s3,244,robust_mahalanobis,88096,67421,70442,50882,0.722324749439255,8761,6307,0.719894989156489,8893,6481,0.7287754413583718,1.3176203966140747,9.878947257995605
s3,245,robust_mahalanobis,87493,66932,69998,50503,0.7214920426297894,8741,6297,0.720398123784464,8754,6367,0.7273246515878455,1.3081300258636475,10.337250709533691
s3,246,robust_mahalanobis,87366,66939,69788,50493,0.7235198028314324,8771,6406,0.7303614183103408,8807,6311,0.7165890768706711,1.3250354528427124,10.160011291503906
s3,247,robust_mahalanobis,88025,67378,70455,50947,0.7231140444255199,8739,6305,0.7214784300263188,8831,6303,0.7137357037708074,1.322920799255371,10.294981956481934
s3,248,robust_mahalanobis,87455,66913,70005,50637,0.7233340475680309,8797,6275,0.7133113561441401,8653,6280,0.7257598520744251,1.3366285562515259,10.275627136230469
s3,249,robust_mahalanobis,87976,67293,70443,50961,0.7234359695072612,8770,6238,0.7112884834663626,8763,6308,0.7198448020084446,1.3312315940856934,10.186249732971191
s3,250,robust_mahalanobis,87640,66902,70126,50513,0.7203177138293928,8818,6369,0.7222726241778181,8696,6261,0.7199862005519779,1.3244671821594238,10.20917797088623
s3,251,robust_mahalanobis,88042,67500,70618,51056,0.7229884731938033,8725,6307,0.722865329512894,8699,6289,0.7229566616852512,1.3151040077209473,10.453028678894043
s3,252,robust_mahalanobis,87210,66784,69871,50448,0.7220162871577621,8665,6279,0.7246393537218696,8674,6297,0.7259626469910077,1.3093575239181519,10.240449905395508
s3,253,robust_mahalanobis,88305,67516,70801,51145,0.7223768025875341,8572,6126,0.714652356509566,8932,6476,0.7250335871025526,1.3253445625305176,10.163846969604492
s3,254,robust_mahalanobis,87418,67191,69974,50706,0.7246405807871495,8676,6329,0.7294836330106039,8768,6390,0.728786496350365,1.3124127388000488,10.670626640319824
s3,255,robust_mahalanobis,87396,66976,70065,50643,0.7228002569043032,8592,6269,0.7296322160148976,8739,6298,0.7206774230461152,1.3041210174560547,10.155888557434082
s3,256,robust_mahalanobis,87564,67135,70111,50793,0.7244654904365934,8769,6325,0.7212909111643289,8684,6220,0.7162597881160755,1.326860785484314,10.35009765625
s3,257,robust_mahalanobis,87755,67235,70120,50679,0.7227467199087279,8789,6326,0.7197633405393105,8846,6395,0.7229256160976713,1.3214070796966553,10.200557708740234
s3,258,robust_mahalanobis,87704,67214,70217,50885,0.7246820570517111,8807,6299,0.7152265243556262,8680,6198,0.7140552995391705,1.3189128637313843,10.135130882263184
s3,259,robust_mahalanobis,87832,67352,70082,50706,0.7235238720356154,8811,6322,0.717512200658268,8939,6520,0.7293880747287168,1.320941686630249,10.304611206054688
s3,260,robust_mahalanobis,87367,66812,69865,50542,0.7234237457954626,8651,6196,0.716217778291527,8851,6293,0.7109931081233759,1.3222975730895996,10.4168701171875
s3,261,robust_mahalanobis,88067,67262,70724,50984,0.7208868276681183,8656,6271,0.7244685767097967,8687,6227,0.7168182341429723,1.3218616247177124,10.326756477355957
s3,262,robust_mahalanobis,87502,66934,70119,50657,0.7224432750039219,8719,6271,0.7192338570937034,8664,6249,0.7212603878116344,1.3092557191848755,9.97653865814209
s3,263,robust_mahalanobis,87847,67389,70473,51012,0.7238516878804648,8705,6277,0.7210798391728891,8669,6263,0.7224593378705733,1.3258532285690308,9.984890937805176
s3,264,robust_mahalanobis,87966,67442,70540,51046,0.7236461582081088,8709,6277,0.7207486508209898,8717,6292,0.7218079614546289,1.3171204328536987,10.579710006713867
s3,265,robust_mahalanobis,87999,67339,70393,50869,0.7226428764223716,8883,6443,0.7253180231903636,8723,6277,0.7195918835263098,1.316227674484253,10.719320297241211
s3,266,robust_mahalanobis,87816,66966,70389,50614,0.7190612169515123,8753,6338,0.7240945961384668,8674,6244,0.7198524325570671,1.3165955543518066,10.163320541381836
s3,267,robust_mahalanobis,87422,66742,70146,50465,0.719428050067003,8663,6283,0.7252683827773289,8613,6230,0.7233252060838268,1.3150124549865723,10.226595878601074
s3,268,robust_mahalanobis,87584,67331,69984,50881,0.7270376085962506,8786,6317,0.7189847484634646,8814,6358,0.7213523939187656,1.3256194591522217,10.22116470336914
s3,269,robust_mahalanobis,87411,66937,70070,50498,0.7206793206793207,8603,6228,0.7239335115657329,8738,6389,0.7311741817349507,1.3050380945205688,10.302175521850586
s3,270,robust_mahalanobis,87984,67081,70503,50696,0.7190616002155936,8807,6378,0.7241966617463381,8674,6262,0.721927599723311,1.3152583837509155,10.310685157775879
s3,271,robust_mahalanobis,87857,67250,70408,50934,0.7234121122599705,8683,6216,0.7158816077392606,8766,6304,0.7191421400866986,1.3291130065917969,10.463129043579102
s3,272,robust_mahalanobis,87765,67401,70364,50958,0.7242055596611904,8637,6264,0.7252518235498437,8764,6338,0.723185759926974,1.3110599517822266,10.13200855255127
s3,273,robust_mahalanobis,87659,67064,70149,50629,0.7217351637229326,8790,6329,0.7200227531285551,8720,6293,0.7216743119266055,1.3202821016311646,10.340556144714355
s3,274,robust_mahalanobis,87460,67047,69961,50625,0.7236174440045168,8687,6346,0.7305168642799585,8812,6318,0.7169768497503405,1.3134950399398804,10.276050567626953
s3,275,robust_mahalanobis,87423,66886,69946,50418,0.720813198753324,8802,6334,0.7196091797318791,8675,6299,0.7261095100864553,1.3281131982803345,10.372440338134766
s3,276,robust_mahalanobis,88105,67457,70619,51071,0.7231906427448703,8712,6211,0.7129247015610652,8774,6374,0.7264645543651698,1.314146637916565,9.834136962890625
s3,277,robust_mahalanobis,87733,66964,70075,50601,0.7220977524081341,8953,6378,0.7123869094158383,8705,6282,0.7216542217116599,1.3255488872528076,10.312180519104004
s3,278,robust_mahalanobis,87667,67047,70014,50600,0.7227126003370754,8738,6300,0.7209887846189059,8915,6393,0.717106001121705,1.3168665170669556,10.23615550994873
s3,279,robust_mahalanobis,87353,66896,70132,50706,0.7230080419779844,8698,6246,0.7180961140492067,8523,6112,0.7171183855449959,1.3133469820022583,10.708892822265625
s3,280,robust_mahalanobis,87621,67132,70167,50705,0.722633146635883,8812,6352,0.7208352246935996,8642,6218,0.7195093728303633,1.3228697776794434,10.267475128173828
s3,281,robust_mahalanobis,87729,66962,70207,50670,0.7217229051234207,8658,6166,0.7121737121737122,8864,6405,0.7225857400722022,1.3189910650253296,10.082517623901367
s3,282,robust_mahalanobis,87656,67108,70027,50727,0.724392020220772,8840,6276,0.7099547511312218,8789,6389,0.7269313915121174,1.3234684467315674,10.64265251159668
s3,283,robust_mahalanobis,87821,67161,70350,50796,0.7220469083155651,8735,6343,0.7261591299370349,8736,6242,0.714514652014652,1.312393069267273,9.96656608581543
s3,284,robust_mahalanobis,88105,67497,70493,50988,0.7233058601563276,8763,6364,0.7262353075430789,8849,6339,0.7163521301842016,1.3251316547393799,9.963663101196289
s3,285,robust_mahalanobis,88251,67564,70678,50983,0.7213418602676929,8850,6380,0.7209039548022599,8723,6307,0.7230310672933624,1.3066380023956299,10.301553726196289
s3,286,robust_mahalanobis,87414,67003,69896,50541,0.7230885887604441,8738,6380,0.7301441977569237,8780,6289,0.7162870159453303,1.3189178705215454,10.29941463470459
s3,287,robust_mahalanobis,87649,67044,70264,50662,0.7210235682568599,8733,6348,0.7268979732050842,8652,6242,0.721451687471105,1.314122200012207,10.456847190856934
s3,288,robust_mahalanobis,87827,67176,70212,50671,0.7216857517233521,8728,6378,0.7307516040329972,8887,6314,0.7104759761449307,1.326848030090332,10.150266647338867
s3,289,robust_mahalanobis,87427,67056,69938,50716,0.7251565672452743,8738,6321,0.7233920805676356,8751,6265,0.7159181807793396,1.315503716468811,10.261588096618652
s3,290,robust_mahalanobis,88040,67477,70532,50949,0.7223529745363807,8776,6368,0.7256153144940748,8732,6303,0.7218277599633531,1.3166004419326782,10.79473876953125
s3,291,robust_mahalanobis,87697,67051,70057,50432,0.7198709622164808,8716,6335,0.726824231298761,8924,6527,0.7313984760197221,1.3077772855758667,10.541486740112305
s3,292,robust_mahalanobis,87748,67327,70081,50800,0.7248755012057476,8885,6467,0.7278559369724255,8782,6337,0.7215896151218402,1.320858120918274,10.585197448730469
s3,293,robust_mahalanobis,88165,67540,70545,51032,0.7233964136366858,8823,6374,0.7224300124674147,8797,6335,0.7201318631351598,1.3145662546157837,9.84295654296875
s3,294,robust_mahalanobis,87952,67282,70366,50838,0.7224796066282011,8842,6355,0.7187287943904094,8744,6317,0.7224382433668801,1.3222225904464722,10.160497665405273
s3,295,robust_mahalanobis,87223,66515,69858,50399,0.7214492255718744,8626,6157,0.713772316253188,8739,6197,0.7091200366174619,1.3138914108276367,10.688648223876953
s3,296,robust_mahalanobis,87939,67608,70322,51003,0.7252780068826257,8888,6424,0.7227722772277227,8729,6328,0.7249398556535686,1.3109853267669678,10.415989875793457
s3,297,robust_mahalanobis,88146,67498,70555,51001,0.7228545106654383,8644,6267,0.7250115687181861,8947,6471,0.7232591930255952,1.3140867948532104,10.086297988891602
s3,298,robust_mahalanobis,87928,67279,70325,50728,0.7213366512619979,8737,6299,0.7209568501774064,8866,6488,0.7317843446875705,1.311629295349121,10.61363697052002
s3,299,robust_mahalanobis,87671,67060,70227,50775,0.7230125165534623,8777,6237,0.7106072689985189,8667,6264,0.7227414330218068,1.3156683444976807,10.97245979309082
s3,300,robust_mahalanobis,88603,67764,71004,51164,0.7205791223029688,8769,6340,0.7230014824951534,8830,6435,0.7287655719139298,1.3219388723373413,10.481757164001465
s3,301,robust_mahalanobis,87520,67250,70020,50664,0.7235646958011996,8704,6346,0.7290900735294118,8796,6421,0.7299909049567985,1.308997631072998,10.488089561462402
s3,302,robust_mahalanobis,87312,66853,70000,50591,0.7227285714285714,8774,6322,0.7205379530430819,8538,6166,0.7221831810728507,1.316882610321045,10.707411766052246
s3,303,robust_mahalanobis,87714,67119,70359,50809,0.7221393140891712,8759,6297,0.7189176846671994,8596,6214,0.7228943694741741,1.3101345300674438,11.090347290039062
s3,304,robust_mahalanobis,87869,66979,70084,50462,0.7200216882598025,8757,6278,0.7169121845380838,9028,6422,0.7113424900310146,1.314684271812439,10.529430389404297
s3,305,robust_mahalanobis,87621,67160,70152,50756,0.7235146538944007,8852,6388,0.7216448260280163,8617,6230,0.7229894394800975,1.324286699295044,10.133152961730957
s3,306,robust_mahalanobis,87326,66690,69935,50475,0.7217416172159863,8666,6187,0.7139395338102931,8725,6245,0.7157593123209169,1.324936032295227,9.714091300964355
s3,307,robust_mahalanobis,87977,67564,70256,50928,0.7248918241858346,8861,6441,0.7268931271865477,8860,6421,0.7247178329571106,1.3165417909622192,10.223091125488281
s3,308,robust_mahalanobis,87863,67310,70317,50903,0.7239074477011249,8717,6338,0.7270850063095101,8829,6375,0.7220523275569147,1.3175125122070312,9.975708961486816
s3,309,robust_mahalanobis,88223,67650,70703,51251,0.7248773036504816,8826,6358,0.7203716292771357,8694,6202,0.7133655394524959,1.32014799118042,10.26114273071289
s3,310,robust_mahalanobis,88188,67678,70604,51238,0.7257095915245595,8751,6327,0.7230030853616729,8833,6323,0.7158383335220198,1.3192999362945557,10.639782905578613
s3,311,robust_mahalanobis,87757,67276,70252,50828,0.7235096509707909,8691,6243,0.7183293061788056,8814,6373,0.7230542319037895,1.3176195621490479,10.24854850769043
s3,312,robust_mahalanobis,88051,67467,70579,51219,0.7256974454157752,8680,6187,0.7127880184331797,8792,6304,0.7170154686078253,1.3204355239868164,9.937294960021973
s3,313,robust_mahalanobis,87413,66834,69976,50564,0.722590602492283,8667,6180,0.7130494980962271,8770,6314,0.7199543899657925,1.329164981842041,10.007563591003418
s3,314,robust_mahalanobis,87988,67464,70560,51000,0.7227891156462585,8697,6283,0.7224330228814534,8731,6322,0.7240865880196999,1.3136954307556152,10.649462699890137
s3,315,robust_mahalanobis,87958,67395,70729,51234,0.7243704845254422,8650,6156,0.7116763005780347,8579,6161,0.7181489684112368,1.3172025680541992,10.390010833740234
s3,316,robust_mahalanobis,88023,67425,70417,50945,0.723475865203005,8741,6264,0.7166228120352363,8865,6372,0.7187817258883249,1.318947434425354,10.208479881286621
s3,317,robust_mahalanobis,87680,67108,70352,50803,0.7221258812826927,8545,6137,0.7181977764774722,8783,6323,0.7199134692018673,1.3013920783996582,10.062661170959473
s3,318,robust_mahalanobis,88192,67451,70549,51007,0.7230010347418107,8795,6327,0.7193860147811256,8848,6372,0.7201627486437613,1.331533432006836,10.242484092712402
s3,319,robust_mahalanobis,87384,66963,70037,50728,0.7243028684838014,8731,6318,0.72362845034933,8616,6197,0.7192432683379758,1.3312835693359375,10.15170669555664
s3,320,robust_mahalanobis,88166,67330,70450,50786,0.7208800567778566,8763,6259,0.7142531096656396,8953,6482,0.7240031274433151,1.3115084171295166,10.085247993469238
s3,321,robust_mahalanobis,87605,67142,69983,50603,0.7230756040752754,8808,6425,0.7294504995458674,8814,6323,0.7173814386203766,1.3196403980255127,10.392391204833984
s3,322,robust_mahalanobis,87560,67038,69993,50555,0.7222865143657223,8741,6398,0.7319528658048278,8826,6328,0.7169725810106503,1.31978178024292,10.422197341918945
s3,323,robust_mahalanobis,87621,66799,70048,50403,0.7195494518044769,8824,6260,0.7094288304623754,8749,6375,0.7286547033946736,1.3154544830322266,10.541919708251953
s3,324,robust_mahalanobis,87401,66890,69792,50371,0.7217302842732691,8799,6367,0.7236049551085351,8810,6418,0.7284903518728717,1.313410997390747,9.731021881103516
s3,325,robust_mahalanobis,87901,67351,70276,50780,0.7225795435141442,8750,6369,0.7278857142857142,8875,6429,0.7243943661971831,1.3208013772964478,10.144862174987793
s3,326,robust_mahalanobis,87642,67061,70068,50644,0.7227835816635269,8706,6236,0.7162876177348955,8868,6381,0.719553450608931,1.3127398490905762,9.953174591064453
s3,327,robust_mahalanobis,87318,66830,69758,50394,0.7224117663923851,8685,6229,0.7172135866436384,8875,6442,0.7258591549295774,1.316436529159546,10.789104461669922
s3,328,robust_mahalanobis,87785,67280,70346,50839,0.7226992295226452,8698,6290,0.7231547482179811,8741,6306,0.7214277542615262,1.3255057334899902,10.05090045928955
s3,329,robust_mahalanobis,87796,67290,70232,50820,0.723601776967764,8808,6337,0.7194595821980018,8756,6305,0.7200776610324349,1.3187804222106934,10.486607551574707
s3,330,robust_mahalanobis,87687,67257,70010,50672,0.723782316811884,8892,6419,0.721884840305893,8785,6326,0.7200910643141719,1.311996340751648,10.387748718261719
s3,331,robust_mahalanobis,87751,67365,70464,51057,0.724582765667575,8508,6116,0.7188528443817583,8779,6341,0.7222918327827771,1.3138046264648438,9.96494197845459
s3,332,robust_mahalanobis,87648,67067,70043,50578,0.7220992818697086,8875,6385,0.7194366197183099,8730,6337,0.7258877434135166,1.3232570886611938,10.274025917053223
s3,333,robust_mahalanobis,88237,67436,70510,50860,0.7213161253722876,8849,6468,0.7309300485930613,8878,6339,0.7140121649020049,1.3252761363983154,10.837425231933594
s3,334,robust_mahalanobis,87218,66824,69766,50418,0.7226729352406617,8796,6390,0.7264665757162346,8656,6260,0.7231977818853974,1.3195602893829346,10.362481117248535
s3,335,robust_mahalanobis,87703,67241,70269,50779,0.7226372938280038,8608,6185,0.7185176579925651,8826,6468,0.7328348062542488,1.3180040121078491,10.211197853088379
s3,336,robust_mahalanobis,88028,67362,70390,50882,0.7228583605625799,8975,6457,0.7194428969359331,8663,6239,0.7201893108622879,1.3218636512756348,10.17392349243164
s3,337,robust_mahalanobis,87587,67101,69923,50572,0.723252720850078,8745,6278,0.71789594053745,8919,6503,0.7291176140822963,1.319830060005188,10.034738540649414
s3,338,robust_mahalanobis,87558,67143,69898,50613,0.7240979713296518,8832,6350,0.7189764492753623,8828,6396,0.7245129134571817,1.3107668161392212,9.892403602600098
s3,339,robust_mahalanobis,87607,66961,70039,50497,0.7209840231870814,8752,6299,0.7197212065813529,8816,6356,0.7209618874773139,1.312701940536499,10.066762924194336
s3,340,robust_mahalanobis,88122,67223,70681,50948,0.7208160608933094,8784,6253,0.7118624772313297,8657,6176,0.713411112394594,1.3145654201507568,10.732318878173828
s3,341,robust_mahalanobis,87806,67398,70145,50687,0.7226031791289472,8832,6420,0.7269021739130435,8829,6406,0.7255634839732699,1.307366132736206,10.386438369750977
s3,342,robust_mahalanobis,88425,67834,70874,51260,0.723255354572904,8751,6388,0.7299737172894526,8800,6341,0.7205681818181818,1.3144848346710205,10.346126556396484
s3,343,robust_mahalanobis,88069,67597,70346,51015,0.7252011486083075,8839,6361,0.7196515442923408,8884,6421,0.7227600180099054,1.325743317604065,10.173540115356445
s3,344,robust_mahalanobis,87559,66905,70179,50741,0.7230225566052523,8702,6255,0.718800275798667,8678,6233,0.7182530536990089,1.319166660308838,9.986696243286133
s3,345,robust_mahalanobis,87807,67425,70238,50927,0.7250633560181099,8782,6314,0.7189706217262583,8787,6404,0.728803914874246,1.3258640766143799,10.163671493530273
s3,346,robust_mahalanobis,87777,67087,70158,50663,0.7221271986088543,8889,6375,0.7171785352683091,8730,6244,0.7152348224513173,1.3169716596603394,10.429149627685547
s3,347,robust_mahalanobis,87644,67134,69926,50561,0.7230643823470526,8914,6423,0.7205519407673323,8804,6411,0.7281917310313494,1.3345136642456055,10.190696716308594
s3,348,robust_mahalanobis,87858,67032,70297,50591,0.7196750928204617,8673,6273,0.7232791421653407,8888,6381,0.7179342934293429,1.3076549768447876,10.151091575622559
s3,349,robust_mahalanobis,87835,67285,70410,50936,0.7234199687544383,8617,6241,0.7242659858419404,8808,6321,0.7176430517711172,1.3110555410385132,10.054695129394531
s3,350,robust_mahalanobis,87728,67011,70300,50796,0.7225604551920342,8588,6167,0.7180950163018165,8840,6285,0.7109728506787331,1.3198128938674927,9.953386306762695
s3,351,robust_mahalanobis,88048,67373,70682,51018,0.7217962140290315,8612,6221,0.7223641430562007,8754,6344,0.7246972812428604,1.3124430179595947,10.257711410522461
s3,352,robust_mahalanobis,87849,67143,70313,50647,0.7203077667003257,8768,6323,0.7211450729927007,8768,6347,0.723882299270073,1.3192988634109497,10.286928176879883
s3,353,robust_mahalanobis,87846,67219,70076,50572,0.7216736115075061,8896,6463,0.7265062949640287,8874,6407,0.7219968447148974,1.3232296705245972,10.158323287963867
s3,354,robust_mahalanobis,87525,66953,70078,50651,0.7227803304888838,8663,6258,0.7223825464619646,8784,6268,0.7135701275045537,1.319884181022644,10.157563209533691
s3,355,robust_mahalanobis,88300,67669,70618,51050,0.722903509020363,8902,6444,0.7238822736463716,8780,6330,0.7209567198177677,1.310843586921692,10.248385429382324
s3,356,robust_mahalanobis,88099,67514,70411,51047,0.7249861527318174,8778,6307,0.7185007974481659,8910,6455,0.7244668911335578,1.3282681703567505,10.172224044799805
s3,357,robust_mahalanobis,87987,67388,70386,50907,0.7232546244991902,8799,6348,0.7214456188203205,8802,6315,0.7174505794137696,1.3159222602844238,10.269192695617676
s3,358,robust_mahalanobis,88162,67477,70517,51038,0.7237687366167024,8920,6392,0.7165919282511211,8725,6231,0.7141547277936963,1.311387300491333,10.116039276123047
s3,359,robust_mahalanobis,87954,67422,70349,50981,0.724686918079859,8742,6261,0.7161976664378861,8863,6424,0.7248110120726616,1.313288927078247,10.452108383178711
s3,360,robust_mahalanobis,87650,67200,70143,50772,0.7238355930028656,8745,6274,0.7174385363064608,8762,6324,0.7217530244236475,1.3120124340057373,10.415847778320312
s3,361,robust_mahalanobis,88118,67318,70619,50994,0.7221002846259506,8757,6263,0.7151992691561037,8742,6256,0.7156257149393731,1.315911889076233,10.426307678222656
s3,362,robust_mahalanobis,87950,67049,70422,50726,0.7203146743915254,8686,6173,0.7106838590835828,8842,6390,0.7226871748473196,1.3294448852539062,10.2097806930542
s3,363,robust_mahalanobis,88116,67600,70340,51072,0.7260733579755474,8717,6191,0.7102214064471722,9059,6468,0.713986091180042,1.3335129022598267,9.963546752929688
s3,364,robust_mahalanobis,87892,67323,70419,50973,0.7238529374174584,8762,6306,0.7196986989271855,8711,6308,0.7241418895649179,1.3264868259429932,10.518168449401855
s3,365,robust_mahalanobis,88451,67992,70824,51434,0.7262227493505027,8688,6311,0.7264042357274402,8939,6431,0.7194317037699967,1.3248538970947266,10.305961608886719
s3,366,robust_mahalanobis,87884,67423,70218,50823,0.7237887721097155,8765,6318,0.7208214489446663,8901,6438,0.7232895180316818,1.317258358001709,10.363815307617188
s3,367,robust_mahalanobis,87634,66954,70260,50644,0.7208084258468546,8680,6243,0.7192396313364056,8694,6285,0.722912353347136,1.3132147789001465,10.524945259094238
s3,368,robust_mahalanobis,87686,67161,70114,50723,0.7234361183215906,8887,6423,0.722741082480027,8685,6245,0.719055843408175,1.3383818864822388,10.477012634277344
s3,369,robust_mahalanobis,87996,67341,70403,50847,0.7222277459767339,8878,6402,0.7211083577382293,8715,6254,0.7176133103843947,1.319282054901123,10.07267951965332
s3,370,robust_mahalanobis,87837,67244,70353,50788,0.721902406436115,8700,6297,0.7237931034482759,8784,6388,0.7272313296903461,1.3249866962432861,10.288857460021973
s3,371,robust_mahalanobis,87439,66769,70054,50541,0.7214577326062751,8647,6215,0.718746386029837,8738,6345,0.7261387045090409,1.3283717632293701,9.97839641571045
s3,372,robust_mahalanobis,87770,67198,70246,50793,0.7230731998975031,8807,6393,0.7258998523901442,8717,6268,0.7190547206607778,1.3191428184509277,10.207467079162598
s3,373,robust_mahalanobis,88151,67343,70395,50729,0.7206335677249804,8751,6299,0.7198034510341675,9005,6528,0.7249305941143809,1.310011863708496,10.232587814331055
s3,374,robust_mahalanobis,87692,67072,70253,50730,0.7221043941184007,8730,6295,0.7210767468499427,8709,6276,0.7206338270754392,1.3145169019699097,10.171701431274414
s3,375,robust_mahalanobis,87649,66948,70167,50693,0.72246212607066,8727,6172,0.7072304342844047,8755,6253,0.7142204454597373,1.317200779914856,10.577441215515137
s3,376,robust_mahalanobis,87579,66934,69938,50517,0.7223111899110641,8859,6341,0.7157692741844452,8782,6331,0.7209063994534275,1.321530818939209,10.600370407104492
s3,377,robust_mahalanobis,87301,66793,69856,50540,0.7234883188273019,8915,6364,0.7138530566461021,8530,6121,0.7175849941383353,1.311163306236267,10.449742317199707
s3,378,robust_mahalanobis,87661,67083,70035,50518,0.7213250517598344,8752,6348,0.7253199268738574,8874,6358,0.7164750957854407,1.3114802837371826,10.555737495422363
s3,379,robust_mahalanobis,87940,67440,70470,51065,0.7246345962821059,8757,6339,0.723878040424803,8713,6248,0.7170894066337656,1.323425054550171,10.16257095336914
s3,380,robust_mahalanobis,87703,67044,70084,50598,0.7219622167684493,8818,6318,0.7164889997731912,8801,6286,0.7142370185206226,1.3219356536865234,10.493303298950195
s3,381,robust_mahalanobis,87779,67355,70271,50942,0.7249363179690057,8751,6303,0.7202605416523826,8757,6333,0.723192874272011,1.3152481317520142,10.233806610107422
s3,382,robust_mahalanobis,87922,67335,70474,50959,0.7230893662911144,8635,6205,0.7185871453387377,8813,6442,0.7309656189719732,1.3229082822799683,10.199700355529785
s3,383,robust_mahalanobis,88013,67478,70491,50961,0.7229433544707835,8785,6343,0.7220261809903245,8737,6357,0.7275952844225707,1.304751992225647,10.734895706176758
s3,384,robust_mahalanobis,87592,67155,70120,50779,0.7241728465487736,8743,6282,0.7185176712798811,8729,6322,0.7242524916943521,1.320314884185791,10.450220108032227
s3,385,robust_mahalanobis,87836,67288,70326,50969,0.7247532918124164,8710,6293,0.7225028702640643,8800,6336,0.72,1.3261784315109253,10.346498489379883
s3,386,robust_mahalanobis,87451,67029,69943,50624,0.7237893713452382,8658,6239,0.7206052206052206,8850,6400,0.7231638418079096,1.3127028942108154,10.20011043548584
s3,387,robust_mahalanobis,87473,67141,70210,50829,0.7239567013245977,8735,6298,0.7210074413279909,8528,6185,0.7252579737335835,1.314205288887024,10.226435661315918
s3,388,robust_mahalanobis,87825,66917,70346,50592,0.7191880135331078,8754,6270,0.7162440027416038,8725,6228,0.713810888252149,1.319979190826416,10.555645942687988
s3,389,robust_mahalanobis,87775,66923,70421,50775,0.7210207182516579,8551,6119,0.7155888200210502,8803,6261,0.7112348063160286,1.3189811706542969,10.172407150268555
s3,390,robust_mahalanobis,87331,66919,69957,50525,0.7222293694698172,8761,6350,0.7248031046684168,8613,6252,0.7258794845001741,1.322756052017212,10.14333724975586
s3,391,robust_mahalanobis,87861,67345,70191,50797,0.723696770241199,8879,6452,0.7266584074783197,8791,6323,0.7192583323853942,1.3165268898010254,10.008234977722168
s3,392,robust_mahalanobis,87848,67118,70523,50957,0.7225585979042298,8661,6208,0.7167763537697726,8664,6152,0.7100646352723915,1.3170700073242188,10.478693962097168
s3,393,robust_mahalanobis,87609,67051,70026,50710,0.7241595978636507,8784,6259,0.7125455373406193,8799,6320,0.7182634390271622,1.331336498260498,10.20682144165039
s3,394,robust_mahalanobis,87918,67274,70544,50943,0.7221450442277161,8684,6285,0.7237448180561953,8690,6237,0.7177215189873418,1.3210525512695312,10.031888008117676
s3,395,robust_mahalanobis,87901,67180,70230,50632,0.7209454649010394,8809,6328,0.7183562265864457,8862,6411,0.7234258632362898,1.315492033958435,10.156854629516602
s3,396,robust_mahalanobis,87708,67247,70064,50741,0.7242092943594428,8813,6404,0.7266538068762056,8831,6367,0.7209829011436983,1.322341799736023,9.82524585723877
s3,397,robust_mahalanobis,87665,67124,70306,50795,0.7224845674622365,8621,6173,0.7160422224799907,8738,6342,0.7257953765163653,1.3102433681488037,10.426512718200684
s3,398,robust_mahalanobis,88035,67433,70269,50899,0.7243450170060767,8981,6426,0.7155105222135619,8785,6302,0.7173591348890154,1.32115638256073,10.411531448364258
s3,399,robust_mahalanobis,87684,67237,70162,50666,0.7221287876628374,8703,6306,0.724577731816615,8819,6396,0.725252296178705,1.305891752243042,10.780135154724121
s3,400,robust_mahalanobis,87978,67325,70419,50929,0.7232281060509238,8771,6315,0.7199863185497662,8788,6295,0.7163177059626764,1.3189395666122437,9.97322940826416
s3,401,robust_mahalanobis,87788,67345,70237,50749,0.7225394023093241,8745,6363,0.7276157804459691,8806,6394,0.7260958437429026,1.3166701793670654,10.35536003112793
s3,402,robust_mahalanobis,87900,67186,70351,50728,0.7210700629699649,8611,6207,0.720822204157473,8938,6395,0.7154844484224658,1.3111400604248047,10.169636726379395
s3,403,robust_mahalanobis,87911,67370,70283,50824,0.723133616948622,8786,6321,0.7194400182107898,8842,6376,0.7211038226645555,1.3123979568481445,10.405099868774414
s3,404,robust_mahalanobis,87355,66656,69837,50305,0.7203201741197359,8751,6308,0.7208319049251514,8767,6314,0.7202007528230866,1.3236976861953735,9.930943489074707
s3,405,robust_mahalanobis,87966,67309,70410,50854,0.7222553614543389,8746,6320,0.7226160530528242,8810,6350,0.720771850170261,1.312421202659607,10.223926544189453
s3,406,robust_mahalanobis,88360,67475,70656,50934,0.7208729619565217,8982,6489,0.7224448897795591,8722,6279,0.7199036918138042,1.3145899772644043,10.61536979675293
s3,407,robust_mahalanobis,87561,67091,70126,50683,0.7227419216838262,8811,6415,0.728067188741346,8624,6224,0.7217068645640075,1.310374140739441,10.343437194824219
s3,408,robust_mahalanobis,88041,67408,70353,50736,0.7211632766193339,8780,6376,0.7261958997722096,8908,6424,0.7211495285136955,1.320365309715271,10.28723430633545
s3,409,robust_mahalanobis,88114,67547,70425,51025,0.7245296414625488,8845,6329,0.7155455059355568,8844,6416,0.725463591135233,1.3183468580245972,10.296483993530273
s3,410,robust_mahalanobis,87496,66905,70247,50710,0.7218813614816291,8622,6234,0.7230340988169798,8627,6264,0.7260925002897879,1.3138009309768677,10.382497787475586
s3,411,robust_mahalanobis,88029,67365,70387,50930,0.7235711139841163,8871,6340,0.7146883102243264,8771,6293,0.7174780526735834,1.3237004280090332,10.606023788452148
s3,412,robust_mahalanobis,87633,67080,69927,50675,0.7246843136413689,8882,6321,0.7116640396307138,8824,6333,0.717701722574796,1.3241485357284546,10.236966133117676
s3,413,robust_mahalanobis,87729,67025,70028,50555,0.7219255155080825,8885,6396,0.7198649409116489,8816,6294,0.713929219600726,1.3305383920669556,9.881669044494629
s3,414,robust_mahalanobis,87620,67359,70209,50964,0.7258898431824979,8696,6237,0.7172263109475621,8715,6348,0.7283993115318417,1.3275915384292603,10.39637565612793
s3,415,robust_mahalanobis,87490,67077,69995,50730,0.7247660547181941,8707,6281,0.7213736074422878,8788,6354,0.7230314064633592,1.324876070022583,10.248124122619629
s3,416,robust_mahalanobis,87646,67123,70146,50698,0.7227496934964217,8746,6337,0.7245597987651498,8754,6301,0.7197852410326708,1.3174325227737427,10.065230369567871
s3,417,robust_mahalanobis,87456,66888,70128,50627,0.7219227697923797,8717,6333,0.7265114144774578,8611,6158,0.7151318081523632,1.3169571161270142,10.1973237991333
s3,418,robust_mahalanobis,87686,66963,69984,50509,0.7217221079103795,8840,6350,0.7183257918552036,8862,6349,0.7164296998420221,1.300048589706421,10.34969711303711
s3,419,robust_mahalanobis,87452,66859,69987,50437,0.7206624087330504,8737,6305,0.7216435847544924,8728,6284,0.7199816681943172,1.3077408075332642,10.605627059936523
s3,420,robust_mahalanobis,87872,67387,70286,50805,0.7228324275104573,8746,6352,0.7262748685113195,8840,6395,0.7234162895927602,1.3254294395446777,10.12067699432373
s3,421,robust_mahalanobis,87349,66724,69966,50430,0.7207786639224766,8718,6226,0.714154622619867,8665,6241,0.7202538949798039,1.3140337467193604,9.907435417175293
s3,422,robust_mahalanobis,87684,67027,70081,50620,0.7223070447054123,8766,6256,0.7136664385124344,8837,6421,0.7266040511485798,1.3245139122009277,10.285223007202148
s3,423,robust_mahalanobis,87745,67248,70178,50824,0.7242155661318362,8785,6342,0.7219123505976096,8782,6303,0.7177180596675017,1.3202766180038452,10.478446960449219
s3,424,robust_mahalanobis,87950,67345,70427,50961,0.7236003237394749,8743,6354,0.7267528308360974,8780,6316,0.7193621867881549,1.3316404819488525,10.169066429138184
s3,425,robust_mahalanobis,87826,67140,70041,50512,0.7211775959794977,8890,6401,0.7200224971878515,8895,6417,0.7214165261382799,1.3079090118408203,10.04430866241455
s3,426,robust_mahalanobis,88067,67347,70328,50843,0.7229410761005574,8789,6265,0.7128228467402434,8950,6459,0.7216759776536313,1.3235174417495728,10.391288757324219
s3,427,robust_mahalanobis,88465,67716,70758,51130,0.7226038045168037,8788,6338,0.7212107419208011,8919,6401,0.7176813544119296,1.324026107788086,10.359130859375
s3,428,robust_mahalanobis,88296,67608,70483,50946,0.7228125931075579,8853,6411,0.7241613012538123,8960,6466,0.7216517857142857,1.3180583715438843,9.855489730834961
s3,429,robust_mahalanobis,87883,67229,70231,50672,0.7215047486152838,8929,6413,0.7182215253667824,8723,6367,0.7299094348274676,1.318049430847168,9.847994804382324
s3,430,robust_mahalanobis,88413,67725,70727,51154,0.7232598583285026,8845,6432,0.7271905031091012,8841,6331,0.7160954643139916,1.3165045976638794,10.1526517868042
s3,431,robust_mahalanobis,87336,66901,69796,50461,0.7229783941773168,8864,6433,0.7257445848375451,8676,6282,0.7240663900414938,1.3170247077941895,9.822816848754883
s3,432,robust_mahalanobis,88000,67230,70265,50678,0.7212410161531345,8941,6405,0.716362822950453,8794,6318,0.7184443939049352,1.3112179040908813,10.306392669677734
s3,433,robust_mahalanobis,87696,67259,70122,50868,0.7254214084024985,8847,6392,0.7225048038883237,8727,6256,0.7168557350750544,1.3303123712539673,10.149977684020996
s3,434,robust_mahalanobis,87896,67201,70311,50666,0.7205984838787672,8824,6353,0.7199682683590208,8761,6399,0.7303960735075905,1.3216506242752075,10.218639373779297
s3,435,robust_mahalanobis,88158,67571,70295,50820,0.7229532683690163,8962,6470,0.721937067618835,8901,6454,0.7250870688686665,1.3174936771392822,10.213600158691406
s3,436,robust_mahalanobis,87466,67153,69809,50648,0.7255224970992279,8938,6461,0.7228686507048556,8719,6261,0.7180869365752953,1.3118094205856323,10.398663520812988
s3,437,robust_mahalanobis,88036,67525,70442,50969,0.7235598080690497,8821,6412,0.7269017118240563,8773,6418,0.73156274934458,1.3292067050933838,9.865886688232422
s3,438,robust_mahalanobis,87419,66817,69757,50310,0.7212179422853621,8759,6306,0.7199451992236556,8903,6397,0.7185218465685724,1.3182473182678223,10.254996299743652
s3,439,robust_mahalanobis,87654,66913,70015,50573,0.7223166464329073,8835,6308,0.7139784946236559,8804,6309,0.7166060881417537,1.3242847919464111,10.43178653717041
s3,440,robust_mahalanobis,87967,67455,70317,50873,0.7234808083393774,8845,6340,0.7167891464104014,8805,6402,0.7270868824531517,1.309276819229126,10.513994216918945
s3,441,robust_mahalanobis,87809,67318,70169,50715,0.7227550627770097,8875,6489,0.7311549295774648,8765,6295,0.7181973759269823,1.311885118484497,10.785287857055664
s3,442,robust_mahalanobis,87290,66771,69776,50449,0.7230136436597111,8777,6374,0.7262162470092287,8737,6217,0.7115714776238984,1.3278757333755493,10.532963752746582
s3,443,robust_mahalanobis,87781,67135,70134,50592,0.7213619642398836,8806,6299,0.7153077447195094,8841,6399,0.7237869019341704,1.326128602027893,9.987428665161133
s3,444,robust_mahalanobis,88096,67625,70556,51133,0.7247151199047565,8814,6409,0.7271386430678466,8726,6290,0.7208342883337153,1.3097196817398071,10.546819686889648
s3,445,robust_mahalanobis,87344,66660,69861,50394,0.7213466741100185,8794,6342,0.7211735274050489,8689,6251,0.7194153527448498,1.3270645141601562,10.241869926452637
s3,446,robust_mahalanobis,87995,67366,70260,50730,0.7220324508966696,8806,6370,0.7233704292527822,8929,6477,0.7253891813192966,1.3175737857818604,9.981075286865234
s3,447,robust_mahalanobis,88168,67710,70680,51273,0.7254244482173174,8810,6384,0.7246311010215664,8678,6340,0.7305830836598295,1.318070650100708,9.643847465515137
s3,448,robust_mahalanobis,87362,66716,69851,50371,0.7211206711428613,8730,6288,0.7202749140893471,8781,6292,0.7165470903086208,1.3195240497589111,10.248085975646973
s3,449,robust_mahalanobis,88191,67715,70506,51123,0.7250872266190111,8946,6484,0.7247932036664431,8739,6328,0.724110310104131,1.3300917148590088,10.115299224853516
s3,450,robust_mahalanobis,87795,67223,70017,50582,0.7224245540368768,8930,6452,0.722508398656215,8848,6418,0.7253616636528029,1.3146458864212036,10.341686248779297
s3,451,robust_mahalanobis,87661,67407,70189,50912,0.7253558249868213,8816,6404,0.7264065335753176,8656,6291,0.726779112754159,1.316882848739624,10.314654350280762
s3,452,robust_mahalanobis,87991,67331,70485,50936,0.7226502092643825,8778,6335,0.7216905901116427,8728,6251,0.7162007332722273,1.323175072669983,10.454936981201172
s3,453,robust_mahalanobis,87847,67401,70255,50877,0.7241762152159988,8801,6393,0.7263947278718328,8791,6347,0.7219883972244341,1.3137160539627075,10.58692741394043
s3,454,robust_mahalanobis,88248,67476,70732,51104,0.7225018379234293,8723,6220,0.7130574343689098,8793,6348,0.7219379051518253,1.3214571475982666,10.195659637451172
s3,455,robust_mahalanobis,87627,67183,70118,50758,0.72389400724493,8692,6321,0.7272204325816843,8817,6304,0.7149824203243734,1.3186639547348022,10.138639450073242
s3,456,robust_mahalanobis,88021,67463,70444,51023,0.7243058315825337,8792,6311,0.7178116469517744,8785,6333,0.7208878770631759,1.3147013187408447,10.461159706115723
s3,457,robust_mahalanobis,87651,67177,70146,50740,0.7233484446725401,8694,6303,0.7249827467218771,8811,6350,0.7206900465327432,1.3278110027313232,10.36545181274414
s3,458,robust_mahalanobis,87939,67358,70200,50796,0.7235897435897436,8838,6381,0.7219959266802444,8901,6404,0.7194697225030895,1.3203760385513306,9.997113227844238
s3,459,robust_mahalanobis,87687,67096,69904,50527,0.7228055619134813,8834,6406,0.7251528186551959,8949,6455,0.7213096435355906,1.3362908363342285,10.067940711975098
s3,460,robust_mahalanobis,87308,66894,69738,50476,0.7237947747282687,8721,6248,0.7164316018805182,8849,6374,0.7203073793649,1.3273656368255615,10.13475227355957
s3,461,robust_mahalanobis,87372,67023,69985,50671,0.7240265771236694,8724,6272,0.7189362677670793,8663,6292,0.72630728385086,1.3109790086746216,10.001630783081055
s3,462,robust_mahalanobis,88295,67793,70746,51321,0.7254261725044525,8681,6212,0.7155857620089852,8868,6340,0.7149300857013983,1.3035184144973755,10.345439910888672
s3,463,robust_mahalanobis,87190,66944,69631,50467,0.7247777570335052,8830,6370,0.7214043035107588,8729,6295,0.7211593538778783,1.3186527490615845,10.1134672164917
s3,464,robust_mahalanobis,87555,67011,69891,50426,0.7214948992001832,8877,6431,0.72445646051594,8787,6322,0.7194719471947195,1.3083142042160034,10.340517044067383
s3,465,robust_mahalanobis,87440,67019,69929,50638,0.7241344792575326,8857,6381,0.7204471039855481,8654,6253,0.7225560434481165,1.3152658939361572,10.307332992553711
s3,466,robust_mahalanobis,87863,67463,70469,51098,0.7251131703302162,8708,6274,0.7204869085898025,8686,6272,0.722081510476629,1.312089204788208,10.614521980285645
s3,467,robust_mahalanobis,87930,67383,70246,50717,0.7219912877601572,8894,6445,0.7246458286485271,8790,6392,0.7271899886234358,1.3149070739746094,10.119653701782227
s3,468,robust_mahalanobis,87933,67261,70182,50643,0.7215952808412414,9026,6529,0.7233547529359627,8725,6257,0.717134670487106,1.3134883642196655,10.567153930664062
s3,469,robust_mahalanobis,87274,66927,69823,50591,0.7245606748492617,8691,6309,0.7259233690024163,8760,6251,0.7135844748858448,1.323934555053711,10.381539344787598
s3,470,robust_mahalanobis,87538,66913,70122,50657,0.7224123670174838,8697,6231,0.7164539496378062,8719,6238,0.7154490193829568,1.321954369544983,10.321504592895508
s3,471,robust_mahalanobis,87941,67465,70339,50953,0.7243918736405124,8778,6341,0.7223741171109592,8824,6377,0.7226881233000907,1.3195407390594482,10.147315979003906
s3,472,robust_mahalanobis,88197,67604,70541,51037,0.7235083143136616,8882,6403,0.7208961945507768,8774,6391,0.7284020971050832,1.324384331703186,10.089193344116211
s3,473,robust_mahalanobis,87926,67353,70409,50883,0.7226774986152339,8767,6244,0.7122162655412342,8750,6432,0.7350857142857142,1.315781593322754,10.466119766235352
s3,474,robust_mahalanobis,87653,67006,70070,50462,0.7201655487369774,8924,6464,0.7243388614970865,8659,6324,0.7303383762559187,1.32057523727417,10.126446723937988
s3,475,robust_mahalanobis,87948,67464,70183,50901,0.7252611031161392,8991,6461,0.7186074963852742,8774,6332,0.7216776840665603,1.3176676034927368,10.520627975463867
s3,476,robust_mahalanobis,87914,67428,70389,51003,0.7245876486382815,8744,6340,0.7250686184812443,8781,6287,0.7159776790798315,1.3183965682983398,10.201879501342773
s3,477,robust_mahalanobis,88376,67791,70792,51322,0.7249689230421517,8776,6309,0.7188924339106655,8808,6370,0.7232061762034514,1.3217631578445435,10.160346031188965
s3,478,robust_mahalanobis,88103,67651,70530,51129,0.7249255635899617,8816,6417,0.7278811252268602,8757,6363,0.7266187050359713,1.3289825916290283,10.224893569946289
s3,479,robust_mahalanobis,88162,67283,70562,50886,0.7211530285422749,8859,6304,0.7115927305564962,8741,6284,0.7189108797620409,1.320980429649353,10.242103576660156
s3,480,robust_mahalanobis,87913,67301,70380,50863,0.7226911054276783,8883,6391,0.7194641449960599,8650,6242,0.7216184971098266,1.3148038387298584,10.192999839782715
s3,481,robust_mahalanobis,88166,67459,70524,50980,0.7228744824456923,8851,6291,0.7107671449553723,8791,6406,0.7286998066204072,1.3249502182006836,10.779317855834961
s3,482,robust_mahalanobis,87866,67150,70295,50657,0.7206344690234013,8803,6369,0.7235033511302965,8768,6310,0.7196624087591241,1.315470814704895,10.396207809448242
s3,483,robust_mahalanobis,87927,67528,70212,50877,0.7246197231242523,8891,6510,0.7322011022382184,8824,6328,0.7171350861287398,1.3200702667236328,10.003494262695312
s3,484,robust_mahalanobis,88226,67505,70725,51055,0.7218805231530576,8875,6397,0.7207887323943662,8626,6207,0.7195687456526779,1.3098149299621582,10.580985069274902
s3,485,robust_mahalanobis,88030,67373,70422,50949,0.7234812984578682,8829,6354,0.7196738022426096,8779,6285,0.7159129741428408,1.3108103275299072,10.77900505065918
s3,486,robust_mahalanobis,87476,67105,70093,50754,0.7240951307548542,8688,6219,0.7158149171270718,8695,6284,0.7227142035652674,1.3228859901428223,10.56003189086914
s3,487,robust_mahalanobis,88358,67605,70530,50957,0.7224868850134695,8914,6440,0.7224590531747812,8914,6405,0.7185326452770923,1.322441816329956,10.573047637939453
s3,488,robust_mahalanobis,87939,67346,70232,50753,0.7226477958765235,8955,6443,0.7194863204913456,8752,6344,0.7248628884826326,1.314749002456665,10.312849044799805
s3,489,robust_mahalanobis,87856,67294,70316,50845,0.7230928949314523,8780,6334,0.7214123006833713,8760,6313,0.720662100456621,1.3159029483795166,10.407214164733887
s3,490,robust_mahalanobis,87720,66766,70235,50539,0.7195700149498113,8819,6315,0.7160675813584306,8666,6236,0.7195938149088391,1.319805383682251,10.031020164489746
s3,491,robust_mahalanobis,87717,67141,70193,50671,0.7218810992549115,8664,6241,0.72033702677747,8860,6422,0.7248306997742664,1.3184142112731934,10.192728042602539
s3,492,robust_mahalanobis,87775,67195,70146,50762,0.7236620762409831,8815,6290,0.7135564378899603,8814,6343,0.7196505559337417,1.3202451467514038,10.303613662719727
s3,493,robust_mahalanobis,87830,67203,70170,50654,0.7218754453470144,8777,6411,0.730431810413581,8883,6296,0.7087695598333896,1.3196929693222046,10.431339263916016
s3,494,robust_mahalanobis,87974,67334,70578,51037,0.723129020374621,8654,6221,0.7188583314074416,8742,6279,0.7182566918325326,1.317701816558838,10.363600730895996
s3,495,robust_mahalanobis,88308,67767,70708,51212,0.7242744809639645,8861,6332,0.7145920325019749,8739,6358,0.7275431971621467,1.3209623098373413,10.392149925231934
s3,496,robust_mahalanobis,87564,66978,70301,50751,0.721910072402953,8534,6227,0.7296695570658542,8729,6238,0.7146293962653225,1.3232364654541016,10.070176124572754
s3,497,robust_mahalanobis,87485,66982,70193,50867,0.7246734004815295,8539,6097,0.7140180348987001,8753,6266,0.7158688449674397,1.3175384998321533,10.964849472045898
s3,498,robust_mahalanobis,87747,67125,70483,50878,0.721847821460494,8610,6161,0.7155632984901278,8654,6272,0.7247515599722671,1.3201919794082642,10.800514221191406
s3,499,robust_mahalanobis,88143,67616,70528,51160,0.7253856624319419,8849,6339,0.7163521301842016,8766,6264,0.7145790554414785,1.3098700046539307,10.438124656677246
s3,500,robust_mahalanobis,87759,67224,70212,50791,0.7233948612772746,8809,6296,0.7147235781587014,8738,6375,0.7295719844357976,1.322145938873291,10.113210678100586
s3,501,robust_mahalanobis,87894,67402,70327,50926,0.7241315568700499,8797,6348,0.7216096396498807,8770,6353,0.7244013683010262,1.316861867904663,10.397583961486816
s3,502,robust_mahalanobis,87885,67360,70214,50876,0.7245848406300738,8773,6318,0.720164139974923,8898,6417,0.7211732973701955,1.3245034217834473,10.522473335266113
s3,503,robust_mahalanobis,87557,67115,69956,50643,0.7239264680656413,8754,6248,0.7137308658898789,8847,6432,0.7270261105459478,1.3188077211380005,10.57502555847168
s3,504,robust_mahalanobis,87999,67149,70492,50750,0.7199398513306474,8821,6316,0.7160185919963723,8686,6285,0.7235781717706654,1.322372555732727,11.089300155639648
s3,505,robust_mahalanobis,88004,67189,70285,50691,0.7212207441132532,8887,6385,0.718465173849443,8832,6295,0.7127490942028986,1.3149503469467163,10.135612487792969
s3,506,robust_mahalanobis,87880,67201,70134,50589,0.7213191889810934,8895,6390,0.718381112984823,8851,6436,0.7271494746356344,1.312317132949829,10.30056381225586
s3,507,robust_mahalanobis,87756,67210,70157,50650,0.7219521929386946,8750,6324,0.7227428571428571,8849,6365,0.7192903152898633,1.310989499092102,10.551257133483887
s3,508,robust_mahalanobis,87798,67183,69976,50564,0.722590602492283,8918,6403,0.7179860955371159,8904,6445,0.7238319856244384,1.3166066408157349,10.181707382202148
s3,509,robust_mahalanobis,87932,67365,70301,50848,0.7232898536293936,8829,6315,0.7152565409446143,8802,6381,0.7249488752556237,1.3137480020523071,10.355948448181152
s3,510,robust_mahalanobis,87682,67179,69984,50599,0.7230081161408322,8951,6451,0.7207015975868618,8747,6258,0.715445295529896,1.3168751001358032,10.791223526000977
s3,511,robust_mahalanobis,88425,67669,70756,51142,0.722793826671943,8736,6297,0.7208104395604396,8933,6384,0.7146535318482032,1.3087692260742188,10.517536163330078
s3,512,robust_mahalanobis,88132,67359,70380,50835,0.7222932651321398,8714,6258,0.7181546935965114,9038,6495,0.7186324408054879,1.3112611770629883,10.478134155273438
s3,513,robust_mahalanobis,87974,67317,70342,50744,0.7213897813539564,8888,6378,0.7175967596759676,8744,6355,0.7267840805123513,1.3091318607330322,10.337459564208984
s3,514,robust_mahalanobis,87913,67387,70186,50861,0.7246601886416094,8909,6465,0.7256706701088786,8818,6323,0.7170560217736448,1.3194115161895752,9.95563793182373
s3,515,robust_mahalanobis,87467,67128,69998,50652,0.723620674876425,8596,6220,0.7235923685435086,8873,6482,0.7305308238476277,1.312636375427246,10.516353607177734
s3,516,robust_mahalanobis,87926,67405,70400,51013,0.7246164772727273,8735,6309,0.7222667429879794,8791,6264,0.712546922989421,1.3173624277114868,10.051803588867188
s3,517,robust_mahalanobis,87623,67071,70109,50573,0.7213481863954699,8746,6368,0.7281042762405671,8768,6334,0.7223996350364964,1.3139045238494873,10.196657180786133
s3,518,robust_mahalanobis,88158,67516,70640,51126,0.7237542468856172,8822,6281,0.7119700748129676,8696,6298,0.7242410303587856,1.322450876235962,10.506648063659668
s3,519,robust_mahalanobis,87425,66948,70205,50646,0.7214016095719679,8584,6271,0.7305452003727866,8636,6248,0.7234830940250115,1.3132028579711914,10.65300178527832
s3,520,robust_mahalanobis,87977,67392,70386,50885,0.722942062341943,8845,6414,0.7251554550593555,8746,6262,0.7159844500343014,1.3101277351379395,10.002584457397461
s3,521,robust_mahalanobis,87867,67237,70194,50635,0.7213579508220076,8847,6396,0.7229569345540862,8826,6367,0.7213913437570814,1.3224467039108276,9.813061714172363
s3,522,robust_mahalanobis,87679,67061,70076,50558,0.7214738284148638,8857,6428,0.7257536411877611,8746,6323,0.722959067002058,1.3248615264892578,10.439501762390137
s3,523,robust_mahalanobis,87918,67474,70119,50859,0.7253240919009113,8767,6315,0.7203148169271131,9032,6502,0.7198848538529672,1.3179595470428467,10.448716163635254
s3,524,robust_mahalanobis,87610,66794,69921,50407,0.7209136024942435,8794,6272,0.7132135546963839,8895,6395,0.7189432265317595,1.321730375289917,10.142261505126953
s3,525,robust_mahalanobis,87702,67106,70152,50685,0.7225025658569962,8757,6356,0.7258193445243805,8793,6346,0.7217104514955078,1.3172380924224854,9.96334457397461
s3,526,robust_mahalanobis,88030,67250,70518,50959,0.7226381916673758,8744,6228,0.712259835315645,8768,6286,0.7169251824817519,1.3141628503799438,10.468972206115723
s3,527,robust_mahalanobis,87695,67001,70094,50554,0.7212314891431506,8823,6343,0.7189164683214326,8778,6338,0.722032353611301,1.324708342552185,10.450939178466797
s3,528,robust_mahalanobis,87665,66949,69965,50448,0.7210462374044165,8791,6285,0.7149357297235809,8909,6428,0.7215175665057807,1.3182138204574585,10.376852989196777
s3,529,robust_mahalanobis,87690,67262,70092,50712,0.7235062489299777,8866,6407,0.722648319422513,8732,6370,0.7295006871278058,1.318600058555603,10.504742622375488
s3,530,robust_mahalanobis,87946,67090,70394,50846,0.7223058783419042,8906,6329,0.7106445093195598,8646,6200,0.7170946102243813,1.3236479759216309,10.52148151397705
s3,531,robust_mahalanobis,87439,66832,69831,50362,0.721198321662299,8838,6375,0.721317040054311,8770,6340,0.7229190421892816,1.3169364929199219,10.52038860321045
s3,532,robust_mahalanobis,87928,67534,70322,50956,0.724609652740252,8854,6466,0.7302913937203523,8752,6302,0.7200639853747715,1.3170127868652344,10.57624626159668
s3,533,robust_mahalanobis,88076,67513,70545,50962,0.7224041392019278,8758,6390,0.7296186343914136,8773,6372,0.7263193890345377,1.3201470375061035,10.27679443359375
s3,534,robust_mahalanobis,87479,66946,70072,50644,0.7227423221828976,8687,6279,0.7228041901692184,8720,6284,0.7206422018348624,1.3159888982772827,10.583274841308594
s3,535,robust_mahalanobis,88617,67758,70903,51299,0.7235095835155071,8759,6271,0.7159493092818815,8955,6328,0.7066443327749861,1.324497938156128,9.999959945678711
s3,536,robust_mahalanobis,87410,66891,69897,50507,0.722591813668684,8746,6325,0.7231877429682141,8767,6321,0.7209992015512718,1.329282522201538,10.415586471557617
s3,537,robust_mahalanobis,87528,66774,70191,50530,0.7198928637574618,8730,6284,0.7198167239404353,8607,6220,0.7226675961426746,1.314521312713623,10.735761642456055
s3,538,robust_mahalanobis,87552,67249,70038,50745,0.7245352522916131,8750,6332,0.7236571428571429,8764,6364,0.7261524418073939,1.318252682685852,10.021638870239258
s3,539,robust_mahalanobis,87706,67196,70048,50689,0.7236323663773413,8804,6379,0.7245570195365743,8854,6406,0.7235147955726225,1.313401460647583,10.184168815612793
s3,540,robust_mahalanobis,88184,67337,70634,50912,0.7207860237279498,8818,6367,0.7220458153776367,8732,6306,0.7221713238662392,1.3181155920028687,10.288776397705078
s3,541,robust_mahalanobis,88131,67786,70508,51185,0.7259459919441765,8844,6406,0.7243328810492989,8779,6386,0.7274177013327259,1.3301599025726318,10.076396942138672
s3,542,robust_mahalanobis,87867,67219,70227,50711,0.7221011861534737,8817,6397,0.7255302257003516,8823,6299,0.7139295024368129,1.318407654762268,10.327553749084473
s3,543,robust_mahalanobis,87479,66952,69963,50520,0.7220959650100768,8795,6397,0.7273450824332007,8721,6310,0.72354087833964,1.3149523735046387,9.823166847229004
s3,544,robust_mahalanobis,87476,66668,70249,50582,0.720038719412376,8560,6145,0.717873831775701,8667,6202,0.7155878620053074,1.3173127174377441,10.581067085266113
s3,545,robust_mahalanobis,88370,67521,70660,51063,0.7226577979054628,8905,6398,0.7184727681078046,8805,6289,0.7142532651902328,1.3307231664657593,10.087203025817871
s3,546,robust_mahalanobis,87894,67156,70468,50886,0.7221150025543509,8694,6272,0.7214170692431562,8732,6236,0.7141548327989006,1.3177928924560547,10.104412078857422
s3,547,robust_mahalanobis,87601,66980,70158,50697,0.7226118190370308,8652,6208,0.7175219602404068,8791,6315,0.7183483107723808,1.314724326133728,10.556156158447266
s3,548,robust_mahalanobis,88387,67671,70869,51329,0.7242800095951686,8783,6282,0.7152453603552317,8735,6242,0.7145964510589582,1.3149752616882324,10.083767890930176
s3,549,robust_mahalanobis,87182,66741,69895,50503,0.722555261463624,8628,6195,0.7180111265646731,8659,6283,0.7256034184085922,1.3177000284194946,10.345237731933594
s3,550,robust_mahalanobis,87651,67173,70287,50844,0.723377011396133,8751,6320,0.7222031767797966,8613,6234,0.7237896203413445,1.3134934902191162,10.653109550476074
s3,551,robust_mahalanobis,87794,67179,70318,50912,0.7240251429221537,8796,6317,0.7181673487949067,8680,6162,0.7099078341013825,1.3227728605270386,10.428380966186523
s3,552,robust_mahalanobis,88051,67469,70362,50870,0.7229754697137659,8797,6368,0.7238831419802205,8892,6385,0.7180611785874944,1.3241686820983887,10.443490028381348
s3,553,robust_mahalanobis,88159,67517,70728,51111,0.7226416694944011,8742,6256,0.7156257149393731,8689,6359,0.7318448613189089,1.3297996520996094,10.28097152709961
s3,554,robust_mahalanobis,87739,67238,69968,50743,0.725231534415733,8901,6372,0.7158746208291203,8870,6377,0.7189402480270575,1.3186180591583252,10.624923706054688
s3,555,robust_mahalanobis,87654,67148,69919,50610,0.7238375834894664,8891,6438,0.7241030255314362,8844,6320,0.7146087743102668,1.3179082870483398,10.10476016998291
s3,556,robust_mahalanobis,87605,67112,70112,50766,0.7240700593336377,8667,6210,0.7165109034267912,8826,6323,0.7164060729662362,1.3165292739868164,9.969561576843262
s3,557,robust_mahalanobis,87317,66926,69768,50479,0.7235265451209724,8766,6329,0.7219940679899612,8783,6349,0.7228737333485141,1.3227951526641846,10.048312187194824
s3,558,robust_mahalanobis,88030,67333,70485,50861,0.7215861530822161,8555,6181,0.7225014611338398,8990,6488,0.721690767519466,1.3160552978515625,9.921996116638184
s3,559,robust_mahalanobis,87811,67321,70389,50960,0.723976757732032,8718,6231,0.7147281486579491,8704,6320,0.7261029411764706,1.3157048225402832,10.447053909301758
s3,560,robust_mahalanobis,87995,67341,70531,50979,0.7227885610582581,8802,6314,0.7173369688707112,8662,6228,0.7190025398291388,1.3200207948684692,10.822880744934082
s3,561,robust_mahalanobis,87642,67084,69956,50599,0.7232975012865229,8849,6341,0.7165781444230986,8837,6392,0.7233223944777639,1.3134121894836426,10.293160438537598
s3,562,robust_mahalanobis,87269,66742,69700,50327,0.722051649928264,8740,6278,0.7183066361556064,8829,6335,0.7175218031487145,1.3185501098632812,10.0550537109375
s3,563,robust_mahalanobis,87456,66946,69843,50518,0.7233079907793193,8786,6298,0.7168222171636695,8827,6345,0.7188172652090178,1.323670744895935,10.427863121032715
s3,564,robust_mahalanobis,88047,67399,70169,50729,0.7229545810828143,9045,6479,0.7163073521282477,8833,6357,0.7196875353786936,1.3228861093521118,10.222042083740234
s3,565,robust_mahalanobis,87845,67299,70233,50737,0.7224096934489485,8864,6391,0.7210063176895307,8748,6338,0.7245084590763603,1.3137733936309814,10.631718635559082
s3,566,robust_mahalanobis,87450,66804,70030,50569,0.7221048122233329,8732,6189,0.7087723316536876,8688,6241,0.7183471454880295,1.3219187259674072,9.924491882324219
s3,567,robust_mahalanobis,87989,67437,70214,50808,0.7236163728031447,8878,6413,0.7223473755350304,8897,6408,0.720242778464651,1.316349744796753,10.164215087890625
s3,568,robust_mahalanobis,87654,67040,70127,50673,0.7225890170690319,8800,6341,0.7205681818181818,8727,6253,0.7165119743325312,1.3174220323562622,10.024585723876953
s3,569,robust_mahalanobis,87884,67464,70296,51052,0.726243313986571,8773,6326,0.7210760287244956,8815,6312,0.7160521837776518,1.321346640586853,10.108490943908691
s3,570,robust_mahalanobis,87910,67470,70398,51009,0.7245802437569249,8691,6266,0.720975722011276,8821,6418,0.7275819068132865,1.3235535621643066,10.265778541564941
s3,571,robust_mahalanobis,87913,67494,70323,50974,0.7248553104958548,8688,6312,0.7265193370165746,8902,6501,0.7302853291395192,1.3237299919128418,10.332045555114746
s3,572,robust_mahalanobis,87520,66950,69738,50433,0.7231781811924632,8833,6364,0.7204800181138911,8949,6417,0.717063359034529,1.316103219985962,9.987712860107422
s3,573,robust_mahalanobis,88115,67717,70518,51098,0.7246093196063417,8849,6336,0.716013108825856,8748,6441,0.7362825788751715,1.3131190538406372,10.311676979064941
s3,574,robust_mahalanobis,87670,67005,70167,50781,0.7237162768822951,8764,6255,0.7137151985394797,8739,6264,0.7167868177136972,1.3161932229995728,10.30505657196045
s3,575,robust_mahalanobis,87729,67018,70121,50524,0.7205259480041643,8803,6340,0.7202090196523913,8805,6346,0.7207268597387848,1.3172345161437988,10.31695556640625
s3,576,robust_mahalanobis,87882,66976,70434,50670,0.7193968821875799,8647,6255,0.7233722678385567,8801,6272,0.7126462901942962,1.3211023807525635,10.383431434631348
s3,577,robust_mahalanobis,88010,67416,70289,50800,0.7227304414631023,8813,6347,0.7201860887325542,8908,6491,0.7286708576560396,1.3206263780593872,10.348206520080566
s3,578,robust_mahalanobis,87627,67028,70098,50560,0.7212759279865332,8799,6353,0.7220138652119559,8730,6316,0.7234822451317297,1.3192095756530762,10.287675857543945
s3,579,robust_mahalanobis,87242,66988,69426,50304,0.7245700458041656,8937,6429,0.7193689157435381,8879,6427,0.7238427750872846,1.318799376487732,10.220414161682129
s3,580,robust_mahalanobis,88045,67317,70393,50830,0.7220888440611992,8860,6427,0.7253950338600451,8792,6350,0.7222474977252047,1.3182944059371948,9.936616897583008
s3,581,robust_mahalanobis,87391,67053,70138,50815,0.7245002708945222,8653,6192,0.715589968796949,8600,6216,0.7227906976744186,1.3169293403625488,10.562873840332031
s3,582,robust_mahalanobis,87980,67280,70393,50804,0.7217194891537511,8832,6333,0.7170516304347826,8755,6277,0.716961736150771,1.3117313385009766,10.547382354736328
s3,583,robust_mahalanobis,87986,67748,70530,51216,0.7261590812420247,8741,6356,0.727147923578538,8715,6328,0.7261044176706827,1.3140373229980469,9.94503402709961
s3,584,robust_mahalanobis,87493,66667,69855,50308,0.7201775105575836,8898,6354,0.7140930546190155,8740,6242,0.714187643020595,1.3161488771438599,10.600313186645508
s3,585,robust_mahalanobis,87144,66787,69646,50473,0.7247078080578928,8770,6301,0.7184720638540479,8728,6249,0.7159715857011916,1.3230942487716675,10.83830451965332
s3,586,robust_mahalanobis,87888,67387,70527,51083,0.724304167198378,8774,6329,0.7213357647595168,8587,6173,0.7188773727727961,1.3108829259872437,10.318988800048828
s3,587,robust_mahalanobis,88075,67479,70706,51161,0.7235736712584505,8761,6317,0.7210364113685652,8608,6173,0.7171236059479554,1.3155022859573364,10.57607364654541
s3,588,robust_mahalanobis,87196,66754,69787,50385,0.7219826042099532,8709,6308,0.7243081869330578,8700,6276,0.7213793103448276,1.307922124862671,10.828228950500488
s3,589,robust_mahalanobis,87670,67037,70005,50570,0.7223769730733519,8815,6326,0.7176403857061826,8850,6363,0.7189830508474576,1.3118782043457031,10.578136444091797
s3,590,robust_mahalanobis,87708,67214,70353,50903,0.7235370204539963,8441,6104,0.723137069067646,8914,6456,0.7242539824994391,1.3171170949935913,9.65268325805664
s3,591,robust_mahalanobis,87143,66626,69638,50324,0.7226514259456044,8884,6388,0.7190454750112562,8621,6161,0.7146502725901868,1.3186960220336914,10.467744827270508
s3,592,robust_mahalanobis,88059,67552,70432,51008,0.7242162653339391,8871,6411,0.7226919174839365,8756,6322,0.7220191868433075,1.3136725425720215,10.432960510253906
s3,593,robust_mahalanobis,87881,67450,70226,50821,0.7236778401161963,8832,6423,0.7272418478260869,8823,6365,0.7214099512637425,1.3129324913024902,10.254859924316406
s3,594,robust_mahalanobis,87734,67140,70276,50793,0.7227645284307587,8718,6241,0.7158752007341134,8740,6273,0.7177345537757437,1.3088831901550293,10.383232116699219
s3,595,robust_mahalanobis,87580,67548,70194,51061,0.727426845599339,8592,6330,0.736731843575419,8794,6363,0.7235615192176484,1.3157753944396973,9.899978637695312
s3,596,robust_mahalanobis,87921,67289,70317,50919,0.7241349886940569,8866,6333,0.714301827205053,8738,6219,0.7117189288166629,1.3263074159622192,10.476712226867676
s3,597,robust_mahalanobis,87452,67009,70110,50780,0.7242904007987448,8707,6221,0.7144826002067303,8635,6305,0.7301679212507238,1.3170753717422485,10.014023780822754
s3,598,robust_mahalanobis,87598,67185,70000,50662,0.7237428571428571,8816,6394,0.7252722323049002,8782,6355,0.7236392621270781,1.3149255514144897,9.962510108947754
s3,599,robust_mahalanobis,87389,66953,69784,50424,0.7225725094577553,8714,6305,0.7235483130594446,8891,6503,0.7314137892250591,1.3259375095367432,10.214258193969727
s3,600,robust_mahalanobis,87611,67198,70082,50713,0.7236237550298222,8832,6399,0.7245244565217391,8697,6265,0.7203633436817294,1.3198045492172241,10.292346000671387
s3,601,robust_mahalanobis,87837,67191,70341,50765,0.7216985826189563,8831,6450,0.7303816102366663,8665,6219,0.7177149451817657,1.3130253553390503,10.8965482711792
s3,602,robust_mahalanobis,87832,67150,70198,50698,0.7222143080999459,8744,6307,0.7212946020128088,8890,6398,0.7196850393700788,1.3246197700500488,10.235823631286621
s3,603,robust_mahalanobis,87475,66945,70054,50640,0.7228709281411483,8618,6216,0.7212810396843815,8803,6300,0.7156651141656254,1.3179047107696533,10.159219741821289
s3,604,robust_mahalanobis,87660,67186,70151,50776,0.7238100668557825,8717,6272,0.7195135941264197,8792,6342,0.7213375796178344,1.3156328201293945,10.533966064453125
s3,605,robust_mahalanobis,88052,67620,70796,51381,0.7257613424487259,8524,6211,0.7286485218207415,8732,6267,0.7177049931287219,1.3275344371795654,10.198400497436523
s3,606,robust_mahalanobis,87767,67317,70435,51072,0.7250940583516717,8654,6203,0.7167783683845621,8678,6254,0.7206729661212261,1.3086433410644531,9.924246788024902
s3,607,robust_mahalanobis,87910,67249,70385,50879,0.7228670881579882,8734,6272,0.7181131211357912,8791,6323,0.7192583323853942,1.312627911567688,10.825567245483398
s3,608,robust_mahalanobis,87806,67116,70169,50809,0.7240946856874119,8824,6303,0.7143019038984587,8813,6286,0.7132644956314536,1.317644476890564,10.274045944213867
s3,609,robust_mahalanobis,87373,66971,69959,50633,0.7237524835975357,8704,6300,0.7238051470588235,8710,6305,0.7238805970149254,1.3208671808242798,10.045906066894531
s3,610,robust_mahalanobis,87883,67609,70307,51126,0.7271822151421622,8633,6274,0.7267462064172362,8943,6404,0.7160907972716091,1.3276597261428833,10.270920753479004
s3,611,robust_mahalanobis,87689,67267,70235,50832,0.7237417242115755,8797,6383,0.7255882687279754,8657,6293,0.7269261869007739,1.318772315979004,10.352174758911133
s3,612,robust_mahalanobis,87826,67134,70307,50812,0.7227160880139958,8703,6242,0.7172239457658279,8816,6343,0.7194872958257713,1.3172680139541626,10.466090202331543
s3,613,robust_mahalanobis,87994,67509,70469,51190,0.7264187089358441,8635,6218,0.7200926462072959,8890,6282,0.7066366704161979,1.3174654245376587,10.638886451721191
s3,614,robust_mahalanobis,87463,67133,69890,50613,0.7241808556302761,8847,6374,0.7204702158923929,8726,6320,0.7242722897089159,1.3179500102996826,9.847984313964844
s3,615,robust_mahalanobis,87688,67199,69943,50585,0.7232317744449052,8793,6359,0.7231889002615717,8952,6466,0.7222966934763181,1.315515398979187,10.208847999572754
s3,616,robust_mahalanobis,87687,67231,70049,50634,0.7228368713329241,8770,6317,0.7202964652223489,8868,6445,0.7267704104645918,1.3222380876541138,10.224882125854492
s3,617,robust_mahalanobis,87419,67051,69768,50469,0.7233832129342965,8831,6399,0.7246064998301438,8820,6349,0.7198412698412698,1.318549394607544,10.19876480102539
s3,618,robust_mahalanobis,87672,67147,70061,50721,0.723954839354277,8750,6276,0.7172571428571428,8861,6431,0.725764586389798,1.3278000354766846,10.120573043823242
s3,619,robust_mahalanobis,87673,67321,70313,50899,0.7238917412142847,8595,6282,0.7308900523560209,8765,6375,0.7273245864232744,1.323891043663025,9.779624938964844
s3,620,robust_mahalanobis,87697,67121,70197,50739,0.7228086670370528,8755,6266,0.7157053112507139,8745,6302,0.7206403659233848,1.3258907794952393,10.44277572631836
s3,621,robust_mahalanobis,87753,67051,70437,50848,0.721893323111433,8727,6196,0.7099805202245904,8589,6217,0.7238328094073815,1.3200123310089111,10.439760208129883
s3,622,robust_mahalanobis,87556,67085,70108,50760,0.7240257887830205,8700,6276,0.7213793103448276,8748,6283,0.7182213077274806,1.313839077949524,10.07262897491455
s3,623,robust_mahalanobis,87739,67192,70145,50571,0.7209494618290684,8856,6453,0.7286585365853658,8738,6279,0.7185854886701762,1.3117363452911377,10.251031875610352
s3,624,robust_mahalanobis,88043,67452,70384,50899,0.7231615139804501,8896,6463,0.7265062949640287,8763,6290,0.7177907109437407,1.3193042278289795,10.092079162597656
s3,625,robust_mahalanobis,87979,67338,70268,50812,0.7231172084021176,8783,6263,0.7130820904019128,8928,6439,0.7212141577060932,1.3192098140716553,10.231843948364258
s3,626,robust_mahalanobis,87096,66697,69661,50398,0.7234751152007579,8766,6349,0.7242756103125713,8669,6197,0.7148460029991925,1.3179676532745361,9.823702812194824
s3,627,robust_mahalanobis,87954,67320,70336,50803,0.7222901501364877,8936,6411,0.7174350940017905,8682,6234,0.7180373185901866,1.3237754106521606,10.263818740844727
s3,628,robust_mahalanobis,87935,67157,70419,50781,0.7211264005453074,8693,6253,0.7193143908892212,8823,6325,0.7168763459140882,1.3182233572006226,10.02851390838623
s3,629,robust_mahalanobis,87998,67351,70546,50997,0.7228900292008051,8912,6390,0.7170107719928187,8540,6190,0.724824355971897,1.3226834535598755,10.280595779418945
s3,630,robust_mahalanobis,88165,67557,70526,50951,0.7224427870572555,8885,6384,0.7185143500281373,8754,6368,0.7274388850811058,1.3166496753692627,10.109124183654785
s3,631,robust_mahalanobis,87209,66699,69862,50452,0.7221665569265122,8696,6254,0.71918123275069,8651,6208,0.7176049011674951,1.3157771825790405,10.524673461914062
s3,632,robust_mahalanobis,87715,67118,70280,50803,0.7228656801365965,8761,6278,0.7165848647414679,8674,6263,0.7220428867881024,1.305398941040039,10.03436279296875
s3,633,robust_mahalanobis,87756,67213,70050,50739,0.7243254817987153,8824,6313,0.7154351767905711,8882,6408,0.7214591308263905,1.3198540210723877,10.27193832397461
s3,634,robust_mahalanobis,87801,67296,70404,50954,0.7237372876541106,8718,6292,0.721725166322551,8679,6265,0.7218573568383454,1.3358656167984009,10.288931846618652
s3,635,robust_mahalanobis,87438,66942,69993,50619,0.7232008915177232,8788,6338,0.7212107419208011,8657,6245,0.7213815409495207,1.31681227684021,10.288732528686523
s3,636,robust_mahalanobis,87601,67090,69994,50636,0.7234334371517559,8693,6214,0.7148280225468768,8914,6430,0.7213372223468701,1.3256727457046509,10.706653594970703
s3,637,robust_mahalanobis,87701,67505,70088,50932,0.7266864513183426,8751,6321,0.7223174494343504,8862,6432,0.7257955314827352,1.3111902475357056,10.392383575439453
s3,638,robust_mahalanobis,87874,67496,70339,50916,0.7238658496708796,8755,6341,0.7242718446601941,8780,6368,0.7252847380410022,1.3030743598937988,10.229866981506348
s3,639,robust_mahalanobis,87121,66698,69486,50221,0.7227499064559767,8704,6305,0.7243795955882353,8931,6433,0.720300078378681,1.3178577423095703,10.260650634765625
s3,640,robust_mahalanobis,88032,67624,70105,50894,0.7259681905712859,8935,6449,0.7217683268047006,8992,6494,0.7221975088967971,1.3248367309570312,10.22756576538086
s3,641,robust_mahalanobis,87665,66927,70325,50705,0.7210095982936366,8836,6401,0.7244228157537347,8504,6103,0.7176622765757291,1.3229435682296753,10.075328826904297
s3,642,robust_mahalanobis,87782,67158,70170,50585,0.7208921191392333,8860,6400,0.7223476297968398,8752,6331,0.7233775137111518,1.306779384613037,10.268115997314453
s3,643,robust_mahalanobis,88188,67378,70496,50974,0.7230764866091693,8809,6341,0.7198319900102168,8883,6334,0.7130473938984577,1.3152168989181519,10.400406837463379
s3,644,robust_mahalanobis,87734,67141,70215,50830,0.7239193904436374,8885,6382,0.7182892515475521,8634,6163,0.7138058837155432,1.3266465663909912,10.393654823303223
s3,645,robust_mahalanobis,87471,66930,69888,50545,0.7232285943223443,8796,6311,0.7174852205547977,8787,6332,0.7206099920336861,1.3265645503997803,9.949410438537598
s3,646,robust_mahalanobis,88317,67525,70844,51126,0.7216701484952854,8744,6271,0.7171774931381518,8729,6278,0.7192118226600985,1.314617395401001,10.517379760742188
s3,647,robust_mahalanobis,87348,66853,70060,50636,0.7227519269197831,8707,6313,0.7250488113012519,8581,6141,0.7156508565435264,1.329776644706726,10.041910171508789
s3,648,robust_mahalanobis,87586,67157,69944,50649,0.7241364520187579,9010,6521,0.7237513873473918,8632,6189,0.7169833178869324,1.3118237257003784,10.490471839904785
s3,649,robust_mahalanobis,87524,66904,69960,50437,0.7209405374499714,8726,6311,0.7232408892963558,8838,6385,0.7224485177642,1.319500207901001,10.21918773651123
s3,650,robust_mahalanobis,87863,67289,70210,50754,0.7228884774248683,8761,6310,0.7202374158201119,8892,6395,0.7191857849752586,1.315439224243164,10.575047492980957
s3,651,robust_mahalanobis,87685,67219,70142,50782,0.7239884805109634,8813,6287,0.7133779643708158,8730,6354,0.7278350515463917,1.314235806465149,9.784829139709473
s3,652,robust_mahalanobis,87519,67021,70179,50701,0.7224525855312843,8704,6337,0.7280560661764706,8636,6204,0.7183881426586383,1.3152505159378052,9.867866516113281
s3,653,robust_mahalanobis,87277,66760,69727,50332,0.7218437621007644,8840,6366,0.7201357466063348,8710,6287,0.7218140068886337,1.3154714107513428,10.536408424377441
s3,654,robust_mahalanobis,87232,66808,69593,50237,0.7218685787363671,8880,6427,0.7237612612612613,8759,6308,0.720173535791757,1.3133020401000977,10.646378517150879
s3,655,robust_mahalanobis,87406,66932,69948,50671,0.72440956138846,8827,6298,0.7134926928741362,8631,6222,0.7208898157803267,1.3231499195098877,10.21986198425293
s3,656,robust_mahalanobis,87477,66888,70047,50531,0.7213870686824561,8715,6232,0.7150889271371199,8715,6308,0.7238095238095238,1.309910535812378,11.164373397827148
s3,657,robust_mahalanobis,87472,67162,69934,50709,0.7250979494952383,8830,6382,0.7227633069082673,8708,6295,0.7228984841525035,1.312601923942566,9.98901081085205
s3,658,robust_mahalanobis,87847,67208,70389,50875,0.7227691826847945,8737,6278,0.7185532791576056,8721,6237,0.7151702786377709,1.3128094673156738,10.073921203613281
s3,659,robust_mahalanobis,87679,67184,70163,50681,0.7223322833972322,8781,6343,0.7223550848422731,8735,6337,0.7254722381224957,1.3211199045181274,10.607027053833008
s3,660,robust_mahalanobis,87481,66839,69963,50493,0.7217100467389906,8637,6255,0.7242097950677319,8881,6348,0.7147843711293773,1.3163647651672363,10.290153503417969
s3,661,robust_mahalanobis,87998,67360,70471,50922,0.7225951100452669,8596,6153,0.7157980456026058,8931,6483,0.7258985555928787,1.3209803104400635,10.784456253051758
s3,662,robust_mahalanobis,87905,67331,70270,50721,0.721801622313932,8734,6391,0.7317380352644837,8901,6426,0.7219413549039434,1.3153207302093506,10.31029987335205
s3,663,robust_mahalanobis,87878,67273,70219,50857,0.7242626639513522,8817,6393,0.7250765566519224,8842,6295,0.7119429993214205,1.3154383897781372,10.283055305480957
s3,664,robust_mahalanobis,87367,67015,69924,50602,0.7236714146787941,8652,6268,0.7244567730004623,8791,6261,0.712205664884541,1.3165686130523682,10.501409530639648
s3,665,robust_mahalanobis,88009,67435,70486,50976,0.7232074454501604,8836,6366,0.7204617473970122,8687,6277,0.7225739610912858,1.31788969039917,10.197569847106934
s3,666,robust_mahalanobis,88148,67473,70531,50950,0.7223773943372418,8804,6308,0.716492503407542,8813,6477,0.734937024849654,1.314119577407837,10.942174911499023
s3,667,robust_mahalanobis,88065,67442,70198,50762,0.7231260149861819,8904,6349,0.7130503144654088,8963,6481,0.7230837889099632,1.3136593103408813,10.361527442932129
s3,668,robust_mahalanobis,88077,67540,70437,50994,0.7239660973636015,8793,6367,0.7240987148868419,8847,6398,0.7231829998869673,1.3200935125350952,10.543987274169922
s3,669,robust_mahalanobis,87439,66842,70150,50746,0.7233927298645759,8685,6160,0.7092688543465746,8604,6177,0.7179218967921897,1.3242356777191162,10.323606491088867
s3,670,robust_mahalanobis,87569,67026,70065,50652,0.7229287090558767,8774,6351,0.7238431730111694,8730,6246,0.7154639175257732,1.3267881870269775,10.34382152557373
s3,671,robust_mahalanobis,87275,66756,69814,50390,0.7217750021485662,8653,6313,0.7295735583034786,8808,6292,0.7143505903723887,1.3144633769989014,10.702893257141113
s3,672,robust_mahalanobis,87847,67224,70233,50721,0.7221818803126735,8836,6312,0.7143503847894975,8778,6319,0.7198678514467988,1.3152146339416504,10.052412033081055
s3,673,robust_mahalanobis,87446,66827,69922,50543,0.7228483166957467,8640,6152,0.712037037037037,8884,6403,0.7207339036470058,1.3262072801589966,10.534317970275879
s3,674,robust_mahalanobis,87894,67494,70348,50988,0.724796724853585,8744,6306,0.7211802378774016,8802,6372,0.7239263803680982,1.3225417137145996,10.30585765838623
s3,675,robust_mahalanobis,88373,67645,70845,51279,0.7238196061825111,8695,6217,0.7150086256469235,8833,6265,0.7092720480018114,1.315394401550293,10.746386528015137
s3,676,robust_mahalanobis,88005,67336,70384,50869,0.722735280745624,8934,6417,0.7182672934855607,8687,6212,0.7150915160584782,1.3243650197982788,10.1912202835083
s3,677,robust_mahalanobis,87462,66779,70192,50556,0.7202530202872122,8645,6212,0.7185656448814344,8625,6253,0.7249855072463768,1.3183869123458862,10.13980770111084
s3,678,robust_mahalanobis,87725,67243,70227,50884,0.724564626140943,8690,6250,0.7192174913693901,8808,6285,0.7135558583106267,1.3154634237289429,10.239601135253906
s3,679,robust_mahalanobis,87849,67473,70310,50984,0.7251315602332528,8738,6334,0.7248798352025635,8801,6313,0.7173048517213952,1.3115589618682861,9.906745910644531
s3,680,robust_mahalanobis,87842,67087,70306,50678,0.7208204136204591,8733,6308,0.7223176457116683,8803,6371,0.7237305464046347,1.3213090896606445,9.8065767288208
s3,681,robust_mahalanobis,87846,67405,70236,50981,0.725852838999943,8870,6312,0.7116121758737317,8740,6284,0.7189931350114417,1.3234282732009888,10.588339805603027
s3,682,robust_mahalanobis,87592,67106,70041,50599,0.7224197255892977,8709,6356,0.7298197267194856,8842,6404,0.7242705270300837,1.3230910301208496,9.98373031616211
s3,683,robust_mahalanobis,88145,67681,70446,51067,0.7249098600346364,8846,6389,0.7222473434320597,8853,6364,0.7188523664294589,1.3100042343139648,10.90626335144043
s3,684,robust_mahalanobis,87810,66992,70045,50533,0.7214362195731315,8913,6366,0.7142376304274655,8852,6335,0.7156574785359241,1.3171167373657227,10.281811714172363
s3,685,robust_mahalanobis,87406,66599,69918,50281,0.7191424239823794,8704,6252,0.7182904411764706,8784,6271,0.7139116575591985,1.314326286315918,10.168015480041504
s3,686,robust_mahalanobis,87440,66935,69761,50358,0.7218646521695503,8856,6410,0.723803071364047,8823,6341,0.7186897880539499,1.29252028465271,10.605025291442871
s3,687,robust_mahalanobis,87587,67163,70047,50771,0.7248133396148301,8670,6254,0.7213379469434833,8870,6340,0.7147688838782412,1.3191978931427002,10.67237377166748
s3,688,robust_mahalanobis,87716,67221,70085,50726,0.7237782692444888,8795,6375,0.72484366117112,8836,6340,0.7175192394748755,1.3212153911590576,9.964008331298828
s3,689,robust_mahalanobis,87876,67194,70316,50724,0.7213720917003242,8779,6373,0.7259368948627406,8781,6291,0.716433208062863,1.3156367540359497,10.391839981079102
s3,690,robust_mahalanobis,87805,67267,70335,50945,0.7243193289258548,8880,6390,0.7195945945945946,8590,6175,0.7188591385331781,1.320989966392517,10.491825103759766
s3,691,robust_mahalanobis,87583,67104,70110,50763,0.7240479246897732,8717,6317,0.7246759206148904,8756,6323,0.722133394243947,1.3378069400787354,10.287357330322266
s3,692,robust_mahalanobis,87021,66508,69470,50118,0.721433712393839,8689,6260,0.7204511451260214,8862,6330,0.7142857142857143,1.3090870380401611,10.167533874511719
s3,693,robust_mahalanobis,87885,67126,70350,50735,0.721179815209666,8802,6363,0.7229038854805726,8733,6213,0.7114393679148059,1.3182517290115356,10.399913787841797
s3,694,robust_mahalanobis,87910,67424,70260,50924,0.7247936236834615,8826,6365,0.7211647405393157,8824,6357,0.7204215775158658,1.328824520111084,10.311759948730469
s3,695,robust_mahalanobis,87889,67623,70316,51048,0.7259798623357415,8821,6494,0.736197710010203,8752,6274,0.7168647166361974,1.3173052072525024,10.288753509521484
s3,696,robust_mahalanobis,87495,67031,69751,50501,0.7240182936445355,8935,6418,0.7182988248461109,8809,6304,0.7156317402656374,1.3214958906173706,10.662555694580078
s3,697,robust_mahalanobis,87697,67250,70158,50738,0.7231962142592434,8765,6337,0.7229891614375357,8774,6321,0.720423979940734,1.3140603303909302,10.152911186218262
s3,698,robust_mahalanobis,87701,67032,70173,50653,0.7218303336040928,8800,6391,0.72625,8728,6229,0.7136801099908341,1.3196895122528076,10.22522258758545
s3,699,robust_mahalanobis,87767,67219,70225,50731,0.7224065503737985,8762,6320,0.721296507646656,8780,6372,0.725740318906606,1.3079007863998413,10.698579788208008
s3,700,robust_mahalanobis,88181,67545,70618,51040,0.7227619020646294,8755,6323,0.7222158766419189,8808,6440,0.7311534968210718,1.3247116804122925,10.526605606079102
s3,701,robust_mahalanobis,87956,67306,70191,50737,0.7228419597954153,8834,6425,0.7273035997283224,8931,6380,0.7143656925316314,1.3168085813522339,10.795853614807129
s3,702,robust_mahalanobis,87811,67373,70339,50954,0.7244060905045565,8689,6257,0.7201058809989642,8783,6349,0.7228737333485141,1.3062431812286377,10.475662231445312
s3,703,robust_mahalanobis,88059,67385,70532,50844,0.720864288549878,8782,6362,0.7244363470735595,8745,6292,0.7194968553459119,1.3036470413208008,10.629505157470703
s3,704,robust_mahalanobis,87479,66969,69789,50405,0.7222484918826749,8901,6430,0.7223907426131895,8789,6366,0.7243144840141086,1.3084721565246582,10.394268989562988
s3,705,robust_mahalanobis,88506,67796,70881,51295,0.7236777133505453,8842,6376,0.7211038226645555,8783,6328,0.7204827507685301,1.3220064640045166,10.558711051940918
s3,706,robust_mahalanobis,88257,67492,70596,50936,0.7215139667969857,8892,6403,0.7200854700854701,8769,6357,0.7249401300034212,1.3264451026916504,10.065667152404785
s3,707,robust_mahalanobis,87307,67019,69829,50562,0.7240831173294763,8731,6287,0.7200778834039628,8747,6375,0.7288213101634846,1.308837890625,10.795279502868652
s3,708,robust_mahalanobis,87994,67402,70479,50931,0.7226407866172903,8705,6285,0.7219988512349225,8810,6379,0.7240635641316686,1.3181838989257812,10.324811935424805
s3,709,robust_mahalanobis,88414,67755,70779,51202,0.7234066601675638,8778,6354,0.7238550922761449,8857,6418,0.7246245907192052,1.3158361911773682,10.145971298217773
s3,710,robust_mahalanobis,87241,66804,69811,50474,0.72300926788042,8666,6280,0.7246711285483499,8764,6265,0.7148562300319489,1.3211047649383545,10.005646705627441
s3,711,robust_mahalanobis,87993,67281,70453,50843,0.7216584105715868,8747,6296,0.7197896421630273,8793,6410,0.7289889684976686,1.313064694404602,10.00187873840332
s3,712,robust_mahalanobis,87259,66893,69750,50444,0.7232114695340501,8807,6431,0.7302146020211195,8702,6257,0.7190301080211445,1.319010615348816,10.271923065185547
s3,713,robust_mahalanobis,88086,67570,70182,50845,0.7244735117266535,8963,6465,0.7212986723195358,8941,6471,0.723744547589755,1.3064773082733154,9.89342212677002
s3,714,robust_mahalanobis,87666,67107,70094,50616,0.7221160156361457,8774,6330,0.7214497378618646,8798,6378,0.7249374857922255,1.3168607950210571,9.811003684997559
s3,715,robust_mahalanobis,87839,67195,70264,50816,0.7232153022885119,8610,6197,0.7197444831591173,8965,6451,0.7195761293920803,1.323869228363037,10.094194412231445
s3,716,robust_mahalanobis,88107,67427,70616,51028,0.7226124391072845,8865,6331,0.7141567963902989,8626,6270,0.7268722466960352,1.3207981586456299,10.397491455078125
s3,717,robust_mahalanobis,87851,66975,70287,50526,0.7188527039139528,8797,6324,0.7188814368534727,8767,6319,0.7207710733432189,1.3123306035995483,10.29896068572998
s3,718,robust_mahalanobis,88057,67361,70259,50847,0.7237079947053047,8870,6390,0.7204058624577226,8928,6402,0.7170698924731183,1.3208714723587036,9.878127098083496
s3,719,robust_mahalanobis,87832,67296,70148,50751,0.7234846324913041,8881,6405,0.7212025672784597,8803,6344,0.7206634102010678,1.324939489364624,9.973896026611328
