dataset,run_id,total,train,validation,test,pairs_mhd_sha256,validation_mask_sha256,test_mask_sha256
s2,0,87852,70472,8823,8557,4c738578ece9083114bf286ffdd10d830442a981e1644741da5498ab002118ac,aa2f026699b494b5b653b0e85cd52bf3ddf898fae2dff9ce01658acf3d30888d,e08e849c4232a4598e39de2518b183cd2fb50b9668aaecd2fae799b0758e167f
s2,1,87597,69934,8842,8821,dcb32d1d1ad32263d933668edf2eb636b5d516ee00454d5e3b05415c32061291,ad3bb980621cb4d1693e55e8ace27114ee4c3174f0e0c84d5b3e027210633e30,697acb012883628efe479d890ee66ce8172e0cd85dd49b4e80ea42c57dc06679
s2,2,87639,70131,8724,8784,3caca11e5196a3b0ba3abbe1a494d77f1854ff2007f06b3e5f01833ba3b76ef3,becf3389b17deffb3f696149be5511516206ff2b77e9a2d4e7e865d7cf3a5a9d,b85b254a15fc5f26a55c8b12dcb62d668ebe87daa893d1d65440eac0680d8943
s2,3,88316,70441,8937,8938,4632f628fbb20a28c19c648a6781382919c17246910f50207eeeb05aed4aaf4a,ee121de0ee92016a827ed329932b3494967463b0806f57a4859176540b3ec664,911605ef1f8558ac2973fc96a5b1a672a14f43a250808d089be2b8cfb44b00ff
s2,4,87705,70166,8807,8732,d84be45b994c6312911188abd28da21efd2585ab1261534a1b7a011fceeb14dd,113856bbb8fd4911a704240445475d473a39534de6ade12cf76d2e77eeca4a6a,6d9ddb40c40b59f90c65b359040bcb31c1ae21e698d124dcf4286295f2d98ca4
s2,5,87936,70372,8789,8775,cfa19bed0985b92d09c5c041697aad28b0434475a000d1d1afb5541658ebb139,e413a90d5090ac62be6c028e8c245940b4b72b5efe0382a6c173a13cae3ac33b,b2a73792c560c528371c7b23a0d614e6a5460b3342c0caff1570ec7fe0820a6b
s2,6,87565,70249,8649,8667,e67a146d10f434b768fd181d493077585ffde1e727f8408d5646cfb336a59a9f,505a671761382b246bb755e6e7227f248b0dad5394a63c2c8616ff54b17f1c89,cb2cd09e22e918082dce6905891e654e7003dc5f73e477cf64b87805ac944381
s2,7,87663,70067,8763,8833,a4f72aecc26a27ff6afd24310e6503455527285f1e30685e861b5ab493b8aeae,900c2310a44579f49bda04b729766bb3e7119773dc5bf811410d53d689c4dd69,0bbadb2f2f61a23e3c1c0db404cab18a5962d14670b3509970733bb75dfcb003
s2,8,88075,70311,8913,8851,2166f36871d28a89ed68b6da01fada6123755a6437e800e8448a9ebf1e151cf6,3bf956cb9632fd567c2d6142a96dfdce0b3b016dde9394209f2e0191208d6e2b,6bdc1f617844f4b7655e1937f9759701dfbd9312a2dbb2a4be416928c53025c8
s2,9,87965,70397,8789,8779,a38157ade56485c9632076e5f2806de01e9bf9cf11b40e28b06cffd8f04ab553,ff939b4e988f666b64512547d1414f349a0f0ff289de35356cedd80e755e040f,b239452d643a31edf0d9031b9994ae9e7785547e3e4561dc46838970f1ca23f2
s2,10,87825,70312,8709,8804,fb0a10136e515ebbb8c1eb5326c4b79e5123e2b1e465550bc077cb58d9d72db0,4b2fb810fc5a970b6e80de098e9c9da9ef0034cda3b10d490a90219aafbf86b4,a079ee443aa5ce70bea60d9bbde899366d231dff81ce196328b0bd74bf36b933
s2,11,88069,70363,8901,8805,7c58f7245d7dc2b49ccdf7b879ea2ac39372f520abacfd241dff1288a3a2af0e,0b0bd633b703139ca468a6244b2aa383e801603aa047eefef1f89a6d1245dcf8,46504476162e9b97ae14a2e137c6fa10c27043e9e6a8e795aab0aa5eda2339e4
s2,12,87478,69778,8839,8861,44423a7875963ac7f94de2208f9e3c33b58f95a2a6c03288b45f34ce1f95bb40,5a58b8d3607e547f4113b79bde90a564cc924f5a40e8b03fb8d5d2611614e2b2,bdc9c0a1007fcc101b13b04cad991678b8886452adfa6e9d166fef0edb4c365a
s2,13,88046,70440,8842,8764,cb22ec81f828331b7fb54db6e9945f2df050f35e9e57a5064056215a47cc6701,508d48e404159ffcb7bcefe155e7533ca929302e91101dd586842c4a81335ddf,cd3dbbb468d57aa737d6bd1617684706975609e11de9f1a78500a588749b410b
s2,14,87967,70300,8868,8799,cffbaeed2c67e46f4495f8b388a60023feb1e4d84df6c6c442ef01cd7e84ca58,d6949e4c96b25d4ad71115168b68177f56584db4cefd4317fa312a03b7f740e2,ff3d8af203d470964a7caf65c31a63a1b32f40743c101a6f6a28abec37b1cf5a
s2,15,88337,70567,8898,8872,ce46e63c4fa28f9b38d6bdc21e63967bdab1ab4d1bac48d932e58eac9e53d3af,b8805a88b31668607941d7ef005e31929c103c2820681668c2cadecfaabcb6e4,602006a83891adfcb9fd846a774db664659b791dbede22436fac8d3d0ade097e
s2,16,87700,70273,8699,8728,b0155007ae79b2ba8440874a4663de2ecbc3ad7716bfac0a89ed15d74ee7c7b8,b5edd5293ccec0d35827722a47681b12e26357439b07cb0493769d5eb2f0d465,f93a68daf9b82beb470d4e8020522600d20a0f8922329e4e8b6cee7aef48b3e5
s2,17,88310,70802,8792,8716,3d6e56a5ae60f0b866e19551eeb5c7b5376f9dfbc7b3f7b5835e019935869c39,b8bb61dbce7abdfe1fbb2cf1797e6cdcadb6116b1c7fd4ccdab15e120fd61aae,14c708a8be92f2f17808eb166304a5d5634218ebf74083bb22c0059fb4950fae
s2,18,87654,70010,8656,8988,89f486d187a2e577802bebc0506325d585b90fbd6d94b07523e0c348efe3faeb,3761d98ac9a8b53199c104b8e2cabe4043562e01b78f7d50ca778b5f1281c442,b7e5b117fc0ef7906944858613eed443a5a414c793694fa57a4dfe0333119f3c
s2,19,88455,70648,8965,8842,f99a09da9847b0ea8c51d25c4598a5ecce20ad2675a57788a0d7a7bfeb9159c1,37bc613c0e19475f5aaea33e4ec67c594a07aae62c328a828a78876ac0b5960c,2bc5ac94be1c9dc5fe47df0dfb8b063df30099c057713c2bcfc8270bf364cad4
s2,20,87884,70389,8701,8794,af42bf57d8c65019601f298d9ea45b8c23efd7699fc22e1bc37252dff2e4ffd9,25190b23688da4b6dcac878f7be93c4dd6b34a4cc2cebf8667316ab94b73c051,8905369ae9935e0dec62d27d2eac772c8b6823abf3cfbea4ae6792188e8d4530
s2,21,88091,70500,8676,8915,d24dc9dd9f65f781a8f8cdaf25d68addd2a6298e04257e611da05c4d7bba9598,70308e0ff8a04d7ce4a633ffe326d80d61f895aca5cb68161af6f8c49ee620ae,2ba4ef989da295d020b1d97fb8f3df870256136dc54f0d44ecc734862518de44
s2,22,87785,70272,8639,8874,cb167f333dd2b3f3455a59ecefdd13f53dd53f99ba5ec223962d849b4c4e9268,ca2a3d2ad4e61d84e491a12806418707d67ce50b000d70ba4339f1276e806c88,2bcab1953f3f84493a63bf3ec4c9112f8bef0234adbe5918431b214b47e0c303
s2,23,87919,70510,8667,8742,194181ae11c042e71762874beb0288b5b0cb7951a508ea30ecbc659c3a3c144f,64d0d1d919f80addc732a1bb06347735c0e7311ead401c76d8b873ef9b1d47ce,ccffc3454c23afe04bc068c9f56fb5e39c38d4c627bea8185e8758ac2f43ff75
s2,24,88089,70387,8934,8768,2323b2b02a38416e1d12f4b030453777cabd89b2238ce33a5748eac697f555dd,52f69babde20e55c9e33dc2ffce6b9aa8af4d94de0983320b2035aa1a0e931f3,bdddbfae09e3366e88ccc61faf218313d505e5e52c2419cc2df42a4c4ce4debe
s2,25,88418,70742,8840,8836,42ece1f6ed3802ecb706c8fdcf2d6064401045bf577ecc7ee72aa4b028398f91,748d0bb784cf7b176d8ad9aa25b39aa50b1fc0b1f63aa288acf73490393cd03c,aa786a52c12d4368c1c0176cd4235236fb7264ceeecd21f9e90fd69e5eeb60db
s2,26,87922,70282,8857,8783,feea3bf81ca08617ca7b723979bb2302b72731d535b54fbb1e5a3d14a948b73d,1335de398fc86d7f181ecf75f1eb346f7f9c6a027b5040f09ac3c0dd882294f9,6373598944f70df8721a528e76310de8bdca4a816ac39c5ee6a9ad132e7fd28e
s2,27,87677,70101,8777,8799,36b9d320f77fc224d218b78a5d901ff99139f258bda713839930195d69fe6613,d97abe349f9687eda08d9b40cf32fa84c77a9f43632f4c370d05a2c197e0fdf5,ca4e19c78f0ee03e91b455422dc900432c388d89578f0d1d71fe2af0c5d62f3f
s2,28,87989,70212,8872,8905,3791b5b395a35de267634262e0633ff99e8ba497be751087362395052b23e7eb,df7589792cbc5312227fa08b990de13ee2f3f8712800b59f4b71143eb31fe59e,748b328db485d4b0e65cf3572449b38aeac2c4d7595f62f3bb504b305d1c3a01
s2,29,87992,70542,8606,8844,ca2b82188464aa921bd27c15ca4f1e88b7f4d0b12bbd97827b6f91f3a8bf7416,d60c3c9ab984b89c7cb79da8775aefcf9745abc7f4bc6127536b89f85d8171ab,097e223070269680da2dd4e82163003295c39cd0b78aaac69bbde7d035c73d12
s2,30,88401,70513,8994,8894,33efb59062853403f30b30470b981ac52b6d4735505f1acdac1135bed84b1994,0b69818c3c0a9b86788e609a6e62958425fbef6362bb9d40a88fd5a26076fbf2,4de709021acd8699853409e073950afd4df7d93bbe0e43ecd15235d6c5ca4e2c
s2,31,87687,70139,8831,8717,48353375fea92ba8431214555de937b957318cc0c97704b103c1c0511b56e1a4,b45d76b120b789d134381aecc0fc50903b36d4adb9d1a217c3ce44061c5cef88,c79140cbf0b6a1d57f1de01f76f83a93993e57bba8abe713a36699b24eb92cae
s2,32,87854,70293,8761,8800,d29e0d05875349369cd49295e4823a8aba6c062d2a20c1547fab7fdfb5c47da1,bb903babc25f7090ac9300c145f142bfb53172fbf825a834a0cf93efd180dcc1,6946e5207fd7483b2654cff0098b0fb41aa5210f47062f50c83c30ed6dd881fa
s2,33,88492,70682,8938,8872,db720972c702d4e49ffdc8b54967f232421531f21c0a57ffa8b8b4c964ef24c4,462b1314796fb0a1811de524e60decce5d4b75baf5ae3671da9edc1baf86df6b,4eefbf09bc146bef70069d26f03c65f8dc8ac6918e46754da5f09e1f13f6d356
s2,34,87821,70215,8798,8808,f26c45df8a0c671365e7dac133b9c1fce116a3a1400bab0bf22a09ede60caf4c,737a00f36732df78ad0e8c0a0aad9d002d9e09a2582a318fa9f0b5d38dc56548,41f26afff6a1994da50976816e94d3c9d35854abea83984f7573b9ac5fe38bfd
s2,35,87768,70253,8727,8788,8b21c71e6bf6b5bce03b1d521a19eae19088a3a9bb518881a0e54f2c4d9225bb,a319ec9cacb5a89b5ef975bb5056e1095f16f795d99acd4f83f201b864d13102,19ad20815d39e5bbb6e788d662f40f0dbcaada72baff3bcdce57c4db1060008d
s2,36,87965,70306,8809,8850,a2a2719b2ab263c88b5ef2db18f86cb34bd46178e2ae753cb27ceb5160947f90,ab9778e504f53c9234dc714748ba8382ba73f2fc5993649d443ee3fb0db416d0,432fb8cd66de1146b634249e1fd5e0ae67a59e13d8dc4f101bbb4762c596513f
s2,37,87844,70309,8733,8802,5fd77b232c75d44e589cd6d0cabf0fb138962a7a4a876219e1a333f5e3d27dd8,adf08c23c1e81694d54b0d92f3bd1bca9b7ee6e7b6d1669d7dc05641374b81a6,5c9bd3cc22fdc5bd210eb0dd90f10b6553498abaad78f4ec2c2064e73fe9fd10
s2,38,88143,70534,8893,8716,f225746ebbbba9d6ca2594f187f9e3560c3af6e326dd531247879d43df83ac16,76b1c6840685f35526427c2465b5a1217e58c8ebda71336482b860252d66b36f,46dca1cfefa01553a78a4e2f3a645669ffe6e93a8b4cfe20fb314c42b41bb3d6
s2,39,88020,70366,8847,8807,496bbdb9af267ce4e129a9e0af6d2bc3bb9df8e9c5ec5356121ce72427c142cc,fe58c8a1a4586e93b39b45b145b2f3fd19f6661e5c342d040d16c6432492c9ea,2f0391ef346d7769d918ea8ea97241919b1e8a27d263fbf77444d96c484c741b
s2,40,87970,70595,8681,8694,08d852f4565aab3eba003d492cafb2e2bc05e9cedce02121ded96ed1879274b5,a216b63efa7e9499efee302f77b141d451173a4bf6e99fec0c09ff21835ea694,d876d86013c7df3b4bc84751dd5b69dbfc4954a81ab09848adb6b2a541a7cfad
s2,41,87643,70175,8729,8739,409cb805737923576c9dbd77b9c875614e4b3839da14a2093ac58d9c24096da0,d674f7110fec409d2674368538af5f202caa64b226b56681100ebd1dfb9ced9c,3c7e57eea79a7b9e4f2424a2c51e8420e8b5c937e87813c48d291e7a795b6771
s2,42,87717,70171,8778,8768,83dd1f78d0b9787b862308129b2ca0a4f5f45f6893f5b1de1cb13e97afe55fb1,9585b2f7512c81f53ff210120c52a6f35bff0e417f9b98166ac027e8013777fd,242765ec6eeeda6c3ecb21edecfe5488aec3898b5639652221570b7cc9ff95e8
s2,43,88060,70226,8831,9003,6d8754958eee27eca51ea299bd1afc6b96c767093f097e4a6fedb58c6b7ef29e,924abc5d200b0ff676ee661166bf55f7eb613787d62c18867b8bcb493ddc0980,9756921cceaf9294ba10a786b4235cf0d7a23e996578a5205577e685e87eb6b0
s2,44,87256,69490,8928,8838,2bd5a7c9b46c460825298184de9989e31dac9cae617357da4ea1ea531d12706a,24220b31791f8ca16a6a6330208d1974f7d7bd8ec0024d5ae82581341df6a4a0,7b840b66e0ee272c91a6127e401a8dd1d09a20b72bd4ad4efb4cbbd3391505f4
s2,45,88534,70765,8957,8812,07e65ec3a642819e8b11ae16dd5c3f158de51b3ec5a2a50914c19aa87f22d95a,05bd0ca8bf9e13bc5f9387c215005d7bcec554776caeedf8550e2f48b17184b9,daa7852fb00ca557f0cd8e0fa4d074f743c9ea798f3b776d7603f6e8bddaef75
s2,46,87359,69782,8786,8791,4375048ab7fe35a12222954dde1e4f4bc08a1bea61784ad1b9c5d9c71357faed,f2e30929dc287dff33d4af328d9a2a4514edd228a4a7d28adb3908c7ac0db3a5,77526b3e5bc1a59c422ec0ef330e71b16e10b0a43421536bca4253928a4110bd
s2,47,88111,70565,8708,8838,afb65cc7569f4c629ad3c9dc701426f5ea09815fc89a9f985eeef5eb02707a28,22371e7ff2cc467adba209472b15777942149b20feeb9142813f1a6904b24e25,faded853f2594b344810ca82909e90b44420286766e59880cdbfdd97c4a1222a
s2,48,88430,70820,8777,8833,5e6bfd3065ecfa5182e80617e062cd60eb34b897240c1c3d5fb2a790d0c423e2,bb92278e8a20cde233854b9dd4c07b44045c141b08b52efaf118d8ecb3563066,70d3abdf27e5ca9ad1b5d287e793368d05f86bc2c4f843cae7193a34e9194350
s2,49,88320,70542,8905,8873,48d1841833e9ae97804b0a74570b3ad4b3ba191ba872a30f90d633aef991e86b,6bec0490b23e4ff92db0000a5f55b40c0306988128f598fe035c4f00e765dda8,e166abae405fda79596681a4e0e9eed14e4c67600a171fff7745ca2d3bae5fe8
s2,50,88223,70716,8851,8656,fa08735163576549bf23da9cdec79b15141deabcdaafecb189e9417a782a1faf,01c4911cd365da053fa5880c0a2a6d1d40477cad3093e81ae031c5042f33bd73,52100bccb4657b93923615eefc1e418a35063f6e31c015cbca89e5f871065f7b
s2,51,87788,70339,8749,8700,589224ccd6cbf77036b9e8c45d68690354ec10a5da4b4bc26a51ef71bb6967ec,25379fd04f751e598ae690259adca1c629266814a253d7ad5642d0b55cb99976,13866b5f554464ef484dda0717e038d5f1e7d5b94917d4a5fda90c68ebc82718
s2,52,87814,70273,8668,8873,fdb9084eb78b737e07209aa7c04bce535aaa34006a48f882a81fee24b7628d6b,1e467b0fdd0293038543d69ac6013fef81c2942c46f88edc97a62f72dae84d11,a8ed85e7e6dd0efe70aa8e6f480590919bce03435b4ce88c3c56d3b4daeacdff
s2,53,87796,70288,8707,8801,b4926e4e2787c93f6d204799f11b17dbbf29aef0b61a2a3043f7c81c902c48c1,2a6b1deb93b15bf0990279419c89103684e544032f92525a71464b9d9186a178,60f1d7d8460c08eabee8bf3418eb263c2541aa8f420862f48011073fa42d4413
s2,54,87658,70254,8869,8535,097a59da08984987fcaccf34aac8c4478244ba467ce879fe8c9699c24e7f748a,9a991ac127bcb9a1ff9921b4894582a4b8d8ff40267793d4494f2f9a17f1ef74,9243b7214f32b5bd54ec9754b51805c483569d7edf40a68176574d9df597b618
s2,55,87555,70131,8721,8703,68d2f1e85f3791f41d214df825ba85ac7dadd2efcb3df243756e1e807ce8d2ac,8af78609ff3e7b2461a055a9557335410681f253e811382e4802dac33c1e2873,4c2b6fbc1b0d710ad0ea93063ebc7469e497b491d007bd14ccd1e74730fb98a5
s2,56,87518,69929,8910,8679,5a95033eaa89ce06d9d8d993495e94d2fffd78c024998fc94a12ae70c60d0a52,dc3750c8d8db7830af6fc026656b5eb3acdbd94684527b7f21e43494cd4ee99b,913cad63ef172bca2f85e52406fd583a67d73e84ceaba41aa4714672bad2da38
s2,57,87703,70232,8632,8839,8e7e46c1258fd81dd550ef7c23e1fd75fa987df4da8d25262f034d8118094d55,6e8e824bd1a36b0ca07c53c5f2c4d69a01964a93689d44a782f844f0bc2ca888,de3d44d92b1210be5cce2140cd96ba38f1d4a8d4c2f698d570aa2a98f6b6b1d2
s2,58,87715,70280,8664,8771,a2bd391928a7efeda0dff7de1e6eb78767bf0df0cb144f7a9e97f29dafdafd86,46d1ee522eb5d962a2543e07cfbbc5bddb3b2b34d2194d2b55f00672e3b5a0e0,00b811d8069511f3c8e31563ed81b0fd1b0842c5d13c1bcc0bf7e5859a679acc
s2,59,87542,70157,8738,8647,76c5b3a01f4d663d5be0bb38908a64edf9d5399cbc551e66fad364fcf2cf02f3,dbab8360792ab43e19fc6b393d43df9e40842641d44ba70ae4b345ccd7593f03,72774af3ad0898c26c92235574436711b626a3dc73e189b8175f4a3e40d4ee71
s2,60,87781,70149,8854,8778,7483127c1c8742eb8840ed53ab8ac924f64e7e1bb810134eda8ce23c9334d6b2,b06f610c306ea9de9b758289a7957af22de2ebfe1047d3a007f79efb64d58445,25a7547ab5bba8521b80eb3e569078f2141f27b83b1033e3d09ecddf17b58b27
s2,61,87925,70251,8811,8863,45535e8c9377d5ebc1eab91e9384a2d09c901e2f805a6421bd52dcf6ce7aecc6,fcd19f283ef41652e67a8a6b9360bc6960fbbd1b9795d5e7a1792cdc60203bc6,a7c5b55ae1abbf72188985baaa01e4e3ea81cf78f5b13051b0dfdd5d4c1bf10c
s2,62,87944,70369,8793,8782,605c88db9926e4fdac4b388043a44b092e8054c212d1e4d9af00de0cf91d74fb,f8f12faadafd1194fa4d3e06dd312f44b450660d9490fdc9e0a21a77bf5df99e,1792195fe08994f02c0586de110d3e3aebfccf01fa4bb58f23ad4bbde69c7a41
s2,63,88115,70249,8854,9012,dfd12256c7e6df9fa5d0bf1d12ac7293857b0d688d67d2457070d96ba3fe5b4a,5f9618204a0298d0acbd4f2ff7429f4fa0c5422d7c6e330912fe35d9adbfe488,389df906491c15b21ca843d2b816246ea45891566a0b5d095e2a9087c981566f
s2,64,88107,70472,8760,8875,41d1c89f719f13418cd700cc05f2ca5d55c4068c8678505f7b9c2f31afbb856e,b5c5475a2ca6190b266497edba7eb9fdc1ba9d7b3a808bd5393a697a30ca93f2,d509926e508b70a004223391fb4b143f951048b76198c87ba28f0488dd737384
s2,65,88227,70560,8832,8835,9c87be55cf2d773324d72ef8f67eec9bf098905e88bfc61290f2ea5a2d59a626,5182410dac86f606d750a8caf7b4099b96b7dc6800be4c74a8873522f4d2faed,c3ebcac9043d9802cbeb153e300de4d7b6a8a5eb1c77fd14bd38e133c568b6bb
s2,66,87865,70401,8769,8695,38ab8761216266a721058b4744e31259d982e9856496eb540b52bfdc6c1b7909,9dd52aee1c4d6d6561f28974e177fd1e1b103e7b4a6be632da7c712631fc97c2,e3927ea03d566c584d77849af5ac26dd58f7acdf5675b53716e790cde5840ea2
s2,67,88108,70423,8860,8825,bb7a08017b9409a1bfff9eb0d0ac3977d64929bcb56ee26e9d6f4d4f1bdccead,3374eae887c954de2925fe14d75b82acb044675d63c70b6155b2ab84e37df5b4,c827ddc7a18f1c95437bda40af3f36bab5219823d3967039ab67410c320e9726
s2,68,87169,69583,8875,8711,54ed632e8d4f6a891709a9d04e9859096a6991e8a8c148560a59af1a441e462a,fe7fb512a748f19feae4e7e05a85f3b914ce2fd5818c9350b07fc866c4adb8be,9bbe095234d45b1d362c49d37f4561b5107bee34d39c988624bf270dfc0b5e6d
s2,69,87607,69962,8819,8826,043ea599ee8a95ee254bc321ede636dcfbded50abeb66054c17432266b07bd6b,f7f5088be5ec1bb052e2dad5c81aac61c2355c51b9238c69d59cac186969182d,4a2a0c24b010e0e93cc619be707d04a10a4cf1efa46551a9e279d5b7d9c9af8d
s2,70,87641,70059,8732,8850,da3f539188878e95a07b38f31add1389261e8fadb417f6e4178d8c2294e6e089,24bd9be9eebfb89118c99cc24f02561f1079c33e0cd36f38f35725c03d5d918f,66d2eedb1054dd89a2ad9e86dee3633198b4f5e9db5af7d5f9ef4ae5317f62a7
s2,71,88038,70271,8837,8930,04a173631abbe60115ff5899ca9402b40219ff39d54da8f63cbd53be10a38328,a67f52ee77441841488be44af5dac1749a9f9e6783feab42ca877231b6042e6f,e7469fa8bf8f9ceb72e63098eae6848cfb83437bd022c220f724a15194d7fa76
s2,72,88426,70687,8882,8857,26fa68237afd074e92229952aa4e80c36782b014177367978201bf55d1e93c4b,3b57b5f0c44917885d745c79f92d48aa6941f5a8fac82d89e809e49fb90d2495,430f02b41ce5cb4f6d83ac568ae0a9d8903d4bb5ace8f209a24db294a1990b15
s2,73,88009,70405,8706,8898,b442866d4190dfd504f5891dd89835e2d5dfcf11e1b296589d83d0e89e370910,d973ce8e38ee8813104041edaf05b979a88986eda52a508a72647a7ec463c250,7b74423796f590d3515d590512aaf8b6ee7cea0b8714ad227771c3c2b941a728
s2,74,88000,70223,8973,8804,c1eb714f1b28bc0c4ea972104f590127edd54426ff5f91db53720babb1ceab4a,a09e12035cda9d28e18bdddea512d2f04123d705d0602c8faf61e285515c0af6,01dd6221aa655d8a9934f2d72fd34968016da7c1120e2ac896b02dc6b9ed2ecf
s2,75,88636,70821,8919,8896,8afcd4a271d782de5f418f572ab3f34532a9c42045284ae5b12bbce58a2c3f88,f44e8e874d9125cf1908b7301e4b9d90941e1a7b74566b4175eb9b11a68101e5,5ae870ce1941f8fbd2e28ddd14f429fa9f678f846434595bfc6491049affe741
s2,76,87661,69971,8876,8814,64d6c62ee70c47ce56f87e182c88f8fd1c5d78ad770b01e811c8b775385be77a,fe138d73444bd98be3a0b22bf948322965c268c00f2828fec5978279c6a05539,bd6b8130c845ccc89dde2932e8601da348ac0b4cfa0f9b53e8d50db20ff00714
s2,77,87795,69975,8924,8896,c3c0bd12ecafea7dc963f63260edf10190c0d25b7667bc35eb0f34db17b8a89c,3fc9c64c9bdcfbe1d1463f4e27c7c474c3038dc00b21ca613c22d71d8fc428d6,97d48f022b6754366b69599e6d39c731c8e20405bfcd0b375cc7b1dbe77648a5
s2,78,88425,70625,8973,8827,d1be45052467e64101085de5f5963b43dfa23fa3f93aa901368eb578737efa34,5e87afa375f23fc82f80855520cb6553f57a2fb51072fd0172a9c49bd1980cb1,025edd6d09ac7d0c72d71a9baf294fc65507863b1d509eafd3ff5308be106b25
s2,79,87392,69855,8817,8720,c89c4df4ad9770b2e6fe5590202d806572ebfd25e0a7f1f216dc30de76a8aa74,5956a7b54bac1d4bc795507490b90023dc0f098e9e504fdc27fa89c84232c0ae,f0984fcd7084fec67a4928e6710b77d794e9f60fa9ecae6c0ac02238a3b2400a
s2,80,87457,70078,8637,8742,fe98ebd743536fe4af70c5ed5ea5c1ceb203dc6a8b365068a752c9c1766b556f,a897e830db06be55f56024c4b57dd81b8744add6f877d9e53558673f6253f135,f1d2eb508069b1cb37333492d14a1d4bf3f878ff6b284cc7bfc98323ebf9c51f
s2,81,87746,70181,8954,8611,786ac5f7ae049ef5528c09e1409195fe972a4c9f059cc0d6893b140f5f1a643a,a689c9a42c835168df2d3195c2bce30974908bb10bc5dd3c2ba3decb21440867,116fe90c15d28c77c51905f3b4a75a1e9c35283c07f1f6ab85ce2e9d545c5135
s2,82,88205,70681,8828,8696,42430d4574382a9bb4b98dba2b575ee4227c4de9183817dae34f56ed1e881f45,eb046a9279186027118efcd1647cfbd76462a29e582bf0518060edf2c8e6fe89,cbe71fc752e1249a119e504ec790b3a92ab369d98eab347e83d0219cced73dc0
s2,83,88220,70399,9032,8789,23985331063cf283888de4946204f15ae2415a79045723a74dd3c0289877c431,13d46b5b5c178a647d8f47bc8b69b9bc23add722443fdb1d1d9d13a77ba9f2c7,1e7070473af64e3a7b0290b8881e11aaffb5773356a4052eeb383012f16ca8c9
s2,84,87895,70269,8840,8786,43c6e335e084d57f21b6d6804cda401769796522ca5fdd7d149c58e5cdc9c6c6,0988bc6b954fc70042ce74184a35a83be4244cf5de1c4d47e1fef34e410b4642,d2a3981e0f15e8636f0b3d65a40a67cde6388636905be64c4baaa3fd27e662fe
s2,85,87810,70326,8756,8728,e4a47572eb8ee18cdb2a4c088497cde454a9b043ce9047d5ad6d9f98c74364d1,9ae7faf89f0789788cf38cd500c904fdc58b6c43085dbbfba5a4626fa1971106,001436242fd729239838ee0be82adefeb878a6acc22f96c11bcaf2ac2b196fcf
s2,86,87944,70027,8980,8937,11853a3f97efbfd089b766a8e6cfa8602de18590d396216f374c57e495f95c84,a7bc9def683e340a985d3ce9baaa53f5e13cd81f26c53cb7fdc39432915d79c6,aac42ad57f5e01e97cf9dd1e287683d7b5b81b18425cbebf9928a52ea96a5407
s2,87,87199,69680,8720,8799,6109f02edc6cbc19eea26d05661ab9292de7fd1afa7d80d7df85cc3cfa261d5c,beadcf1e07f9ab6402f2e3a7983b08e3e45944e24f7487a47eec6321fbf8dac3,561abf4a6558f82129f8f214ede67040d70f19c2e02c5ee1c5f8c49b4fbaba42
s2,88,87284,69795,8817,8672,61bd36878641533814b69697b55b942d8757c92ed56cda6dd84f48d2763fa04d,72a747845e8983fffe7f7640dd01b50d37c82022cd8bb0abd5a85d6cc6e6c540,0be10b19f6f06914544cbd62a36b652259bc7715cbc781483444a88d390b44ef
s2,89,87666,70067,8876,8723,02e35ef6e8b5dfc4c047f13c18ee18f1b92ca7b1e1a671c163fbe5b17f1d2535,06578051eeb6550d61aea458f547249bb11dbc2960348175aec9b9c88c2306db,1ebdae579639fa199a23fbf56d1af8ef89cd7662d9436aeaba2893392fb5200a
s2,90,87868,69966,8856,9046,e80bc39160bd786bb9bed9f4a26b03d651811d151d6feea839d188b65bfbfd83,44a29edafed57e1d5cfd34cd5367127747847768db7d5d82f62b958f71bf805a,3dbcf89e040d553a08eb6f257d1f11a9d639b07092a3ec430902c1d670d0926c
s2,91,87773,70160,8918,8695,0f8e00482d047075cd7f9cef5b59c2022eb6dd804b67fd79a363235376f46140,804e356d90322a529802cdb32c28930a78ddaf466364f9b74e3a84b36d0dffe5,e0880b45cf8a881a4042102b5e4317ada79b9e702d8d5f1562775e16802f928d
s2,92,88055,70327,8934,8794,cc30ef5036439793f34c7ac5efe6c25d62fea9142aaf7a66e3d680854c9f4e9f,a044a6d3b5d13bd3eb4199dba52f5fea94bddc131433713b0b90106d0b7d2261,d430dd16e29a70580f744af9c6295079eb2dac959563a98dba7a4542fa87aefc
s2,93,87718,70232,8959,8527,17cf91f2eb5fca77162922b56c28e240b99b0f228ed9418f9bb153ccd69d5923,a4e19d3711590c14583e0155de9caad8e1f363575a8e5efceddb09fef7759da1,e98f2f0442731de94aa536bcb5a08db03d516cdcbaec051164ece843d217b655
s2,94,87387,69949,8809,8629,f7ada7c57cb1cb420013ebe0bbcc9b3ca0a193b68ec4619da4a1995f7b70463d,5f063ce571c9cacfbd2ecd0eaa1bfbafd37db0ba3b2cf7f3b2313f5048049b66,7a441a4f6a29e6c0c677ce5a5e2f679b884b32c94be7c757b3cf7b2682cd5589
s2,95,87970,70277,8923,8770,50e8a3ae244df5c80e7fa8667e71e4a5b29a9821825fabfb21266c708c66c116,7c46b7f6d0e61321ab4ea96a256125724fec1af1b5ac26c61bd77c3613882577,cec6f28021f157f334c802c0f4d204124f168e8300c54a622da5a96fc1f159a9
s2,96,87293,69465,9065,8763,3a82d5315d55b92c400f2f3e5c9168b49de4e1290ebed50f05db639a98d65921,25c2bd80fe7df3f0bda7b190c5d2bb670e57516d9ce5f5257b4b6ba9c2de7d72,883e9db1bd6260590926cd2e0e156d1bc52283e46c2b6836191f9f5a56d9ad35
s2,97,87036,69577,8626,8833,67e68cc685e53a1b11fa24ec9fa64940eba8e2ea21e38aab2deb8c8e98771431,19c3bb7a01933a86241268167ac40bb9fd185ac43e16138f7b8d08e953afe49c,70c81245343bdefa258711d50b38506ec1fbb485f92d83d132087ffdd54d4a0f
s2,98,87740,70173,8786,8781,bad2a20c2d4b27f0f36e3214a4feafb398553ca183e9afd8ca7ccb37eea7803a,d67bc0bb9cdcb1d449f5309721ba148618183403c7d0c7acb97a9dc62c4b8306,2edea81aa0bc2ed2e3a66750857c2b046fba268de77fe4d3a59f613dc5d67b70
s2,99,87889,70254,8815,8820,6dfb69a0eb89fffdce5f971b0c76185cc31f0981cf8fa101fa527b72dce73c8c,eb3e1ea963c4e61ead3eaaba0a6ac6ffa8eb4c1d432e7deecfbfed44b511b98f,cbf130eda355543209da08b258742cc95bb5d94df906f91582832f3e44039895
s2,100,87738,70380,8533,8825,1375e7bc09e2b3842b0af64d25e4b8902dc6bf0635203922fb74fece407b84e6,cfbc00466c58a12267191f15f1194c507d77e706adaa020ee2a7c373a2568933,e0ba9ef0904bf13c45457a9232cf0c97726e65fc783017cfdb6366566dbf1199
s2,101,87984,70446,8712,8826,db3d050db17bbabd321029ae4865694aa1d9d5d40bccd021daae64770ceef036,534b36c5044bbd09af9a1d6d8fd3c4610c078ab47f7e0e155d2493a76fb75d3b,bcc06dfee04a103e124f4e6ad4204da5b8bb373cc720b73f94383b16d80b2674
s2,102,88695,71124,8810,8761,5f4ef02db7e745eff42e99a764e08f03bdc61a8681724f4494006dd15e883089,c467126d8a0dcf136cbe234c288b1bc25421271bf75a4ff6a2a509f1acba6681,c22664cbed50536f7211b71c4f03ce01ac918bbadb5f796b2e961b6f4910337c
s2,103,88091,70333,8907,8851,bdf39725ea12ffb0b0a88d184a57dd1cda8b4c8a96e2f50bf982c75e972c384e,4799f84e06646dddab19223c99a63f36c9276c51d9a24409110899940f0a0ed5,660dd354bdcbabb178275f9ea050c1cf74eab1d2077ed7cd0cad875a10b47f69
s2,104,87570,69744,8833,8993,0b34c61e768f5ecaaa96a807e5859b6d52654d8c3aeeef99f142ae181e60f0bf,1ab038536ab3ef2771d1b2f6dabbd5cb96755732748cfeca967e360403589e11,e34cbddea9d0be72a7b3234f9cbec5a7a757c35dc31d9a209be6a661b6f253fc
s2,105,88479,70709,8861,8909,2e5e175d006b2d702ce42bed760ac039773eabe869d761ff993d5c94fb60d2a4,c1980c6dbe898c0dcfcff7d9b96edd116ffd0644cae508a64e19e8ecfee22bb6,c4dae04f20ade5ebeff9af993331f349d0127f6fdd90a112f5a095b24e0614a7
s2,106,87659,70068,8890,8701,d651917318996355e4a955a2fcd1be60434d600298b46afc30c3e9812dd3c258,d3ee632f6325e5e3c7417889776882444b5c39735b19c7145c0970ba54c9d55f,dd0da047f1351e9312e46722812f8948dfe79043a9701bc93c1f8a243cc4e01c
s2,107,87721,70283,8701,8737,9bd4df15471c58c89abdd267896148a58b5eb245911c925a0f487107d93a6105,8b334fa2897a1790b56599c20d5d4567bd2bb671b72f411b9d6cab7087d32169,0aa791fa35fd3cc13eeb3165ef21d56d46638e9dad0701fc3d2c61f59eb5931d
s2,108,87825,70275,8776,8774,c1bce690ae106dffe0296e74d9cfb99d6f985c026f5aaf4a4cadf98c09b75bce,18234f7db6a8a225cab0a75d080b92b117ae26de1a4ccecce557a5532bc7ace3,30be83062c7d5ce3a63b134fcbab995c7cfdbedbc8719231d1fa04a1e965dad2
s2,109,88227,70536,8753,8938,eb69c7adf272acc468d48a91a9d4d7951da26d6fa2bb1ffd7db953f94b1e1cca,a3fcd8f8567b82b1d2a6dd437c7a74980de78b240e255384c6df250ac0512aab,2b9aa251fc62ad9473e2e7c54612dd0ebcbc5a5b780106ee006658abd7c8d796
s2,110,87948,70372,8715,8861,551871a733e53cd4492c024abfc85afe203c2a5bc40d9220b735101e1d53b413,8fa29efd73d53c33065fba76f3f7dc64c5a49294ceca0f7919977f32d129b92a,c7c8cbf08e94f4eedf0985dda5164ff2898053700c95ec14171fcddfa389c62b
s2,111,88318,70838,8888,8592,ccf50e449d16291aeba8827535bc621f01117cce7db30fc609445e0fc2a76010,918728e0179250ea3fdd5659baf9994144e148153b444c4ac5e6902c278fd1e9,c9efb70db89c3c7e4be64fb237a423c1b005632b7ff8b6832519b16490bbea73
s2,112,87737,70153,8836,8748,750789681be3046ca86ae2a89847f8195a7d2352b3d926910263b71dd6db3888,d74313d8e1afe3982a2d7eb26f1055609add980a3bd4801e999ce48ec53e79c8,8240ec5e0c358fd1fca10098bd1c99271768eb1e023c92e13b34695e4b055a7e
s2,113,88023,70342,8877,8804,e5f58caeace1ab538e3eb58a465d08ce0e56172f4f657bdfd137b165ec1a480e,c99fb5dc2dda7d86ed34fa22965748619bf0aead540e6e121692a9d89bdc8389,d60940e57874ba1b0d2084170d5292c0436eaf1e27ab77d3bae1e0888a8c7a66
s2,114,87625,70212,8818,8595,224d80869f7fb70b6d377a4d8d57e843395d7e17d9fb9ad25249a3bff30cd276,65ad0d8ffe32cfca0e04e8984b29e27f25d383c81cfeee34b37ab528054b9bd0,1aa47f215b2cd0285931ba0a6180bd8d8a45e2e462b9301e87f02c7a4ee26e3a
s2,115,88573,70765,8926,8882,3147de667a5025a0228d55c553b645814f40e82e8149b09a2274757afc597d71,1a015e75b6a7a3ef0ade623c0820cc95180b63f0ac3367ffb8563a1d709e600c,87caa2149227fe48707358dd79f0e69a02e844da718500c7de90eb1b21527242
s2,116,87953,70399,8743,8811,7f06d680c588ae1ca4a285eec770bbe436eba7b81e73987d8d43ddd87174f6ac,a171f7b0fc66f889fb08ec0ba25192964135988e309b903b450408889a498cb6,333d21c78d5156383b4dbc97c6d771de32128f79e4823bc0716ca0373095c037
s2,117,87463,69980,8807,8676,d2a32d82314ba5b54b16f4752e25b8bd457667820283079cb2d28a4162469987,9e5cc5f01b1083340da226adaca964f3ee908e6722aa07d5262e0590bf0130f2,e99c1081d73e84ba83343a4c0201c2b1f19cab00d515cad396d2616072d4c290
s2,118,87872,70340,8765,8767,5c7cd451770f3571278f0a04adadb8f76cab7cdb9d9f89a3fd5c59064075fac0,67a3444d4c711b3ef1b1d10221048fdee93882c1316c1573d7a06f3fcd203ea9,faa17b6e8e92a2043891dabd66a6bac5ce8c49956e9dfc014241c87751751939
s2,119,88275,70520,8919,8836,8538ba6c7acd56283232202394bcbbaa36395f6d5343b09200c5b325a2f9f1ef,c14e06231a505df0f66ea86028029ba47ebe0da52934fe6ce629121bba0dea02,0a343228f61a8b2318557b1bf49b3d58d063c84485eaac35b6e10bb9a1b0bcc6
s2,120,87067,69704,8709,8654,6dd57dc61d7e285a0aaaf047b7695eee994f533047e4316536272456e3276e46,3a54c1ea7113e974b304341d5ee1dcdc9786d1cde5803043137f3f13f8cee316,0eb58e82e8e27c379e329316589ee4f59468bcd483703658e8045a14732fee10
s2,121,88328,70789,8960,8579,39e47329a45c0c93a4b821bca8b011e602331726b95079b46a8fc2204c192ec0,7d72756accf08a13c398457e462199a4921dc6a2e21ebd2520b033b83e01443a,06657b77ac1529584440f4ba60a1ba9af8bcade1baad27c10db23a6416240cee
s2,122,87390,69839,8724,8827,afafa446564c092a3ec5caaafd363f4286c8ccfecf912f83d943cfb0c335b5b3,d6e2d91531152e2a7e8cbd867e70fe075909c7881e1197a1868244c583c95158,19d5e9974ccc7355c8810de20591752272d45a17985846505d6a5a1ca59b505a
s2,123,87951,70512,8669,8770,7796a05814b89ced512d476396f550c6f4b8a2a240ea9b3c8fedcd75c1886d1f,7f18a5a503583335dee224e7f2c2840aeab69fd1189c185461c5a3307696b7b1,d3b66956642b69abc2a745c06d02771d0e9d54a7750cd5fd0b557c7057785aef
s2,124,87700,70233,8911,8556,97f86d7683936f49c0a62031b090c687288ef629cdda73156e4f5b80500178b9,83bcb0df253277493b3e3696974e6b9db4579e93ba14ddc4da77b4bf7bf8bd40,b4748c988b3413d6b1bb9205de1a14dccf8199251d4f45ddd7b413d2b5696718
s2,125,88076,70466,8811,8799,d7dfaf81585f284e59ac240a74eea519703b97f36edad48f56307bce86d87a16,da595ea2213e8c6591e0b70ba74447dbebeefaed00abc671386df8a3ccbcae1a,2871f29054eb3b6af1f093c2a7b044908989b73ba5307168ff722426853b8e91
s2,126,87972,70402,8785,8785,524a2c3c5c3b550b6eb2c190b95ff472714ba06b51a57ba14a4e88725b8a44f7,e481ff7b343f9968b6ddd8a229eda5725a1dcffb9d25708a2370c1c139b340fc,255837fc82534065d28a66513e0106c2dd7288b989d38efcb98b0f7f8287894a
s2,127,88297,70601,8789,8907,0605ab5f983e74b435406fe1dd342feaa77f7ecc6e62ff06c7ab20047761af63,ecd1cd0e37bcf462f488553eee979993bf71707d8a50c64d77ce5ab17d7c9f91,2329978afe91aeb138da0a9c6b1f1ca830f1244b6e286b8529e86320622e78b2
s2,128,87950,70333,8958,8659,96cf9585d0277cbcd46d0de280de05b4f9d45978abe4dcb0911c934ddbb33a27,e8b2f752f656e5bb5b60bd9c833d405f3b99f349f1e9c8cd8d4540432de2ecd1,c94033919c9b42c197a0448f497bb03131b0253422412f4959da74967e22d529
s2,129,88257,70630,8774,8853,f0e5933a8e2d7ffd1ee8151aaff51b6703780b71e76be7b0c7b5e421e476447b,9faf5335ded08e00c510c2feed24264c0c87d1d5e2f62a3dfdd72289feb5481e,30bc1014c206731cc135755ade92f581342b591d040ad5e5c5adc53fa06ae524
s2,130,87874,70363,8770,8741,4c94e6b71016dd03227f806cc0f359f7cc1d752de59844d53d55ee20f2627923,3070e84751b77ab04ecd3de02351ce981c10a0e7d58e5c6e60e51f49ef6f051a,9c10f6a601ad084d48f3374ab91ac056bee43f9faf6614e8077e2e0ab52cc0f5
s2,131,87607,70050,8795,8762,e2f667aa69c730fad6e9d3e9d4e586d74769015c406a41634d0bf8fa822ef95e,b386b9cb10c3e72d2ebf75609a237ddde28efef2aa5bd8e7125d6e1a86eebc04,c9bf4bd7e94ae5fbf842d015ccf085f3202cfd1ce3656c4a84b4cc7c4836d3b4
s2,132,87632,70081,8907,8644,50195e75ff865034f4b32b575df01267366d6e7aca6cd6c880773a4f8367fe44,e8735285624958535c902d3b96d1072c8e89e72c74cb83bd76e409873a3df05a,461fd970ff03b2f4bb48185aeac7208c38526a5dbcd94b4229883ecb53f30bcb
s2,133,88117,70348,8851,8918,1e755a4cae0f95e9f74fddbab115980f592a1dfac9e756a81198d193c4a91350,52b25c88af5cc9f239ddadd8fa81c1eb97832cfc99aa9d7918d591fe189602c8,131639b19bf463a32b6715c4f525a335993653bde0e1ae2a9b8c971b959908f5
s2,134,87682,70077,8776,8829,362518da6a7c928e9725de62c27c88fffac83f1da8925606dec9f70991865bbf,f5aa2bc14369453ff44856ee6b87984bbf448021d3ca969bbbe20264e0a592e8,8d4f76684bad1310f1bbf68c4aa14e956dca08c9e00c92c38a449bb51c675455
s2,135,88023,70457,8721,8845,7700187410444d2b9979114a47714eac418a65b163d3f4c4048392082f41fb39,b60f139de87f0db13fe968deeef79378ab52685539fd93e7e18d66d7e0774de5,d77b157c102a57f22c06d04373a868432c4e43a774ab9667bc75ffc5e4168f1d
s2,136,87963,70457,8820,8686,fc925891e34dd84480b2fa53b7a65229b1e9f9c4b0c2236cafcb7cea41bf08a7,548c5617b593347d6c348cfcc496b9eabb78b696dd717cc8be2c7c6e6e5baab6,14a03f1e15248b40f25c8d143e83922af4b93809c23d77a2c7eb05e0f7188d6f
s2,137,87949,70317,8829,8803,afdd6e992f8e5df2d9496cb4ccec88dc1a7b16d80428f6863a07a9d9ae6943ae,6c95699a32fe9a3215ea04f3a9b25c77374d421bacdf6534dced8d719002cb05,aa161e4ef34d88342df26670d701bdc46ac00a13de84f069786c68f1a216d034
s2,138,88441,70597,8937,8907,c06f374ab22911056fc99b6a1b9b80348f273e60e208fe6d05d4369ed22c2df8,038efa7439c523ce9ba225007f013df782f176b16ca57d2abfd98ec652714e6c,067d6f6558753d15984d189e13fdbae10f988dbb7c458ced0470cd21c3041a25
s2,139,87989,70540,8728,8721,f0d01deabdb07560beab3e89e8b5a139b5fe4b4717bf59ed69d51c299e4a3f17,cb1ed6f7bf781c9e88c77535ab44bdf72b04e367be791fd8bd1ee6fd2b8c52ea,b3d1a5722a835286b89f9e887e8e8e27e54ff8c09a24c49fe357535e2cadefbc
s2,140,87680,70004,8867,8809,c3706f6acb8973476a924f1b4c01c7a3f3c1ac54b2d5306e6fbc086ecf53f088,95873ba7c10912934219750c20e7e969a2731d576bf65819a6032c06b692742a,5bdd1735b90a44e669176a90472023d2c28a1cfb4e2b07ff39dca1fe8fef59e5
s2,141,87934,70292,8803,8839,97cc96404669a2b91cdeb7e7e3ff6667982f3552a7cfabac7af85d0b00940452,9b0b1f464abfd0748a9d88224985d1131b59feb4390567e2bb76593acd616f54,6725053d1d8e04b130e3936adba46240f005e881d2cead3f7eb22c0343c88b03
s2,142,87898,70488,8793,8617,bb4aa09d6a014704a3dd1f4823546e4beb823b802b650a1d4d1d5511aabbbfb4,1cf9a11478f081a39cbbbe538a20d37197987cf64ff7ac6ec37139ffb7b9014f,5d19d965cc7e20d41c0973d2e5dfe73859ee2eb2040b8d4c6acb474f98125454
s2,143,88495,70797,8868,8830,bc60cc16e894231dd2a9e7d7729204f6ca8f07945781e9127307963d8a74ce9f,45516ba60e0d2e0b68d859f77d6d3be0da04ad5e450d03b52d22d8996e627642,9f38f6a659b4268984dd39b8982504f631fb3dee880a32709d566ee91e265b0d
s2,144,87695,70001,8869,8825,dc40c3b3908851054f70c77f30eae9c6192cfb16561ccb289dd22a27e7479e3b,60aaec6937770c553b3b70f74c8b02fbae608373226bf1d9a249f59f48b42f62,be85a173b000c92cf2e6dec43c45981d93208bec147eea2cf12f81da1a19e858
s2,145,87755,70023,8869,8863,93010ad5627832d6adeb537134ee09f4cbf08bf66fbacf41983ca790fa475144,8baf54891787b120004e1c56043291f147f2234bfca03af343bf363cbbb7ffb7,e1a5b6fb0735927f3f1988a6ca485b5fd1de44a7fb821cc05817a72b46390db5
s2,146,87967,70274,8806,8887,575bf6c24f9bb6e1ae017811d48cb1904100fd0e73fd58e30be42f4b3c6c35e9,eb108e16bd8dc138cfa8d49c0ae25018043349b1d110e7e1725efb6fab99fef6,21f09e241aa320590f57824d7fd9e8c5396f775f3c1b2fc431ac52ba5d201289
s2,147,87488,70187,8696,8605,877307cd3cce13ef6571399a74cb6bd844ff316300f456d6c72eca4da3c5c05a,848955f915b157d2eb3201321bcaacab84942a115c722f2fe6cee97f34441937,aa54c10d0271ee28a55ab284d17cb7de3612981eca72cb5ddbb1d1539acb20b6
s2,148,88067,70467,8773,8827,996d006f37843cfd833c00a54431908780f15daf092ab624630c6486e1520c74,19647a22147d5a3d1ec7ede0a00e0b44b16a90d7242478539333615b77564375,831d139fbbc14197b8e60abe57043cb38057c4d9c34f7d81e05805a46e5923f6
s2,149,87746,70363,8674,8709,3df9b88df0af33939b3c76ecd7c22856edec42bec28b1b2ef7ced37589a13f18,3223092891575edbff06080a7f08642de28b37992c597078779402bb6a563757,b24c2659ec56c62db7b19151b6188eb0570d98a6e036245fdccb048c5482d742
s2,150,87463,70058,8681,8724,cf6d7ac0784d0dad0be1161984024e0950d51b22a0fc39c681e7044fda1adcef,36fa296dde08f850871da214b9cadd3b3ca5bc12cfd3bccf61a201ebc0863b33,110b82280f7f8c7dd0a0ea6f02170d25c645f3c0da85bee3b11778697d8749e3
s2,151,87970,70309,8956,8705,9b570597ad8bd4de67c62c12bb8bb8b21abee36ed96c02859a95c346ab310e5e,8ffda811d024a202c1fae8a76937f8caf0280bc2cc284bbc4e33a137214692e1,a8d8f6372f10442e2e5b6404f4e3c9c1ef5d83de2675ad0b2af5d8f3e602c187
s2,152,87861,70272,8885,8704,9255f1d6552de1060dcb33e46f6284803d27da5d7e6c793cfd6543fce38ed617,0d9f5e99645e45a6244bcd73e2b7473b6a05afb05d4049341873f6c3328f57be,90d14bd945f429293b5e425838678587d19d0857c6889aee523af7c98ae0b624
s2,153,87717,70031,8881,8805,9c3c3cd0f5c0b67ff03c835de0fcac07670787a4cfae94aa2331c788569adb78,46b7dbe3a1811228bcddd70f16737bd7857e6d616bd631c958ac06bbf0d395f7,019bb49a68ec483addd3181bffb61e89154b50d9d6e9455479558916f706555b
s2,154,87514,69887,8827,8800,d5e1ad9876c8981fa89fd7ffb12a9dc1f62c07a8deffe4d4ea287c72da6061b4,850d08acc2ac94a99a2cd23b8713cbaabff062e22d1ff12476f58346a440fe00,5ae4c36217a7fd98457f21235b4dfedc2405013cb8fac4de4c8f98b5a5d9de65
s2,155,87587,69997,8687,8903,1c6a5f72219bee19e6e9c669aea98ccc1d2fb07c5a525f128536aca09e47a409,7a50514b2de4ce7359630b42957862f94e92245772cdc399dd8c51ba0472075c,86f42eb06f73789204a0ceb95c4bbca1dac46cf558a36c5a1f8ada8732310792
s2,156,88200,70421,8881,8898,75abb2de75a9523b8efa779b52c17e99dae27f4ad7a99c03b6c92dfe9a11c6b2,47b70e1a19dbbe8754519223502389c01fe7c370fd63576c8cf34bcc9bed8170,f3ce920b7f16c525ecfecdb4e13af562565470a5874ecdc5a8f508a7e713cb01
s2,157,88104,70392,8860,8852,545cce997a6c785acf1b8ee8099916170a86c256745766fcf379af8491759a21,8edfe4a8f1c8b0c6b72f32e4c7a3ead8e703e8d643772c3993918aef4f21ddcb,d22d234b0ff7ef94e709ec1dd1954a4df9c957e9ea8066bf1247206b9f7a8bfe
s2,158,88419,70512,9010,8897,4a6e8c88e318e78865662846289407a7f804b041067747842a86c0aaa57a0aad,07db335e84786c777e3ff9cb9b7bda350d9aa24ff5d2bed8c30a16a1fb8ebd3c,e216aa6f80086703609a1eb5437b06857c001b4d155d919b70d010af08d38523
s2,159,87443,69920,8737,8786,aa1b37b40b0b6d302c85e733f74899438c8f6ed6e7c29e6e6836189d72b47000,6064eaf2be2fd086c15316005b1b9a39196f09266109a6d0eda887ab0aaf2feb,959690d9227ac42135593d36ad76f649f433244705c9ba761016367b902767d4
s2,160,87843,70187,8862,8794,21e9235662ad7e495d8bef8ab46f402c5fb14794974d44df340ae7d735cc9402,d94d678e0bf14ba949f1c783478acab64b437ce9e9c1f5350fe61009552bf11a,470ebaf95309124cab2de5fe959bdf8ed92975268319622621fa777f78b77693
s2,161,88038,70405,8783,8850,cbf052e9bf0b0fbbd7d2d261c7fc5506ef73134431993c202d30ebdfadc3d527,07aa87119a97ed36af4f814a68461741d7bac92473c6b2404e80a03c234fdb5d,b0ab8f7767b7994c10dd297aaccf9190457775503279e0a069e9e5523519dae2
s2,162,88072,70402,8741,8929,e779e1ea0ea74325a63a0481b917e5b8d6d1edfc7e875704eac09cb55decd705,6e6c3a6166f5b90c7564f42f105b53722eee1386f04d5503df691ad9486202b6,a79657ac374bf411c4b433557adc35b599049077372eb4d9720ef907bab64dde
s2,163,87883,70317,8816,8750,439feb318feca39fffad1a9bc0d888059ec99db0a1d1109af13ddd5302f749fd,f9fae5b5cfa9d71f25d8741cb6f446e30dd8886fc343987952dd6ec99ebbd760,e66c623d4d5d543684b68c4bca41f4d3fd8891520de49c443597a285d0230233
s2,164,88208,70718,8840,8650,522731785aee639da18ba698a8389b7a5a392af91279119fd1dc9b6503a7d19a,f23553d8e98d47b1cd2037c2f668cf0dbad4ce320c332172db3c818c9148487e,92862202bad8fd41c2296af1fce8acbb19f425769f42c9d9257e29bc1bbfca0d
s2,165,87300,69822,8683,8795,fd9c8125b4b6e84c48197d15f5b575457095f15c9dfdb5b5e335333d0173e248,acc171370e7e5c68ba3cac14771dabb6e7522e8a12fc14f18cf620249596ae49,b869f122eccf85c9349e7a6d8c29ad3afc551927252d7bf7ae3ea134788a24cf
s2,166,87988,70459,8798,8731,0de7b1e7ad42efd7a9cd17cd8160fe4abf6250fc5ef5eacc1cab439f88b56128,b0e33b32e53316eb7d096eb5a711f413fd512ff5cee5d013ecdc867ffdf6c22e,015a6744b06a729d5fca5e39b7b53477925ec0e444477294da07a115f47bdb96
s2,167,87764,70280,8823,8661,c30fef98e8f2c980dfcaf1092fc42b7aca90a16858455af38d12fded7fd2979a,003dab5469eed27fcb7e0780029d3662fbe907093326dbf5d80273d866d4fd98,3700c9e8d3a31b3bf303a39a30d3fe95f0a3c55ee3c0537c4386649cb66c1dbd
s2,168,88077,70360,8823,8894,7d4db0ae859b5cd7609b8caff47b46826eec713225d327cab6c848a9a5a16db2,4aa51699d7ec54fcae1a5aa90abef6f464a01db617d2c4bf254aca87199ddc9b,bd1b748250e26cc9b318efda4063ad099450f1a8dfcb64e1adcbd8cda190ddce
s2,169,87858,70231,8790,8837,9089d6a43ed75f3b793b213a76fca78cde75e390665d28f1a99443f040dfa969,98a22dbe007fc97217007f3d05cd613f0a6d1d4e1b0f4263baaedaad60f159fd,d69a8f3cb783b91f18bd1862acea56a1b8eb8ff66cdd8fc9ec764d970df9ff0f
s2,170,87778,70249,8819,8710,6cc0b33694e70d2bbb085d52aa6b1c42941c005b43de6a86ce071901a74f2d70,94cb7ef89b50ffb60d36c030528eb5b873cafdea2382682e4772756cc7d1c20b,120b1e52f9e494876a5aed973f252fd365b8b9eb7536a03435cc904c06b6b2a6
s2,171,87978,70450,8846,8682,d501fd7c2cdfaeda2664687e53f566d06a3e98c14d5eb020c4fd9f8cd5334983,b910b841be9878d66f77cfd1098a110be851a1c29ecd01dc8cce4a27c4eb42ab,7de1cc57238d257b5ffa64856ce0302db8139883076735ef0656e4b6e04d25cd
s2,172,87842,70284,8680,8878,ae43f92ab1f136f36af76f80614c1ea3eddd22c56f8cb56b21114929a0e8f832,5a91abbbea59cb565d16c5cfc43f15251bf225b0c727da561605691722f060a7,9a16ae858700c47d533091d84582a9394cd354f78db73fc932a648a2344bd37a
s2,173,87978,70255,8763,8960,419da39a93b78040729fc4063b25a0241fc3086dc86d506f7aca9f4b95a6e9fc,dcca307617d4003c901ed0cf6ebae53c7a5c216fcd3fb978f525af7ab2d07015,9276ca206154899402b4006556470f8d630983ccb48ce2b06c942cbb2cd3063d
s2,174,88418,70762,8861,8795,1542e16deb8bdcf8f84a6e74e468aa5023fbb726160527a071c9f2d6bc82b9bb,801ff650ce196a3773b26bdf5ea3655cafd0af0897ea9881a82bccc7b7df6de3,d7a5f508dfeffc71098e3446ef007858d0e8e6080645a5535a0a2c7a6d6814bc
s2,175,88750,70945,8861,8944,6bb8d353cc5549475460f3c0ad465442dd85eac4f61d8b06c2153e6b55014df3,bcada363980033580bab1c60bad016573b1ce0205190f315d3d41b3322f4d5f3,f72323367f1f7408381928e9be5d3201c11a1ae4a823f0c97ec0f21960bf846f
s2,176,88203,70679,8736,8788,bf133ebde23618c5dda76126d1b3446714744fae5e4d5287bcaf8e071573443a,c7fbe450476a65d0d2288a593d66334c32984e808a31e024c2cdec833fce9fda,c5a21ba3acf7fe5d5654c146210391aff1d99486d933a9bc23f75ac552c43a19
s2,177,88174,70626,8744,8804,0b31132404a4fcc5db370e4b1d4a685b3301ce6df237e7c79593e935a648c449,59fe46345e8389d3d0f79f515b95cc6c8851800e236cceaaf3d781d65e8bdc1a,e035be1a6a121391119578decdbf75e5d1217e1c051dd5e58702c71cc5bb56d5
s2,178,87604,70098,8742,8764,828efa935088fc54cb44bf9ef926dcd07c3d2b166ed05fadd533bc37ec0f5d4f,58f9770f0d8d1b5e2f558902d94bb036f50b87f20e91e2c516665fe7ba7016f1,aa3b0ac2e57e58f97fadb14b0640966cb666d3b2bc853ddc6689898d7f256e67
s2,179,87934,70375,8869,8690,9e75e4377557488dc441ca718fd5921cc29bfc8ffe28c90add3560e684028d8c,a10db5c9aaf55de381d3731ff9b0e7406155d92c287dd637abf2bf041e98e82e,55febe31dfb3c7c97aae35af7356862c8d10895a3d4e2828ce6f427d98f482f3
s2,180,88333,70455,8835,9043,fa7d11e7122792fb79a9848f5f30a906cb5ef59c27e30db27a70da3bda782a8c,b5ce45f57b4c07507239b388e8b870699775a3361f04ed26e01d093cfe1e1125,b35336909ecb5a4ba6a9eb95fb3bad20d5b3ce66afd008f59cd6978b85db9477
s2,181,87694,70154,8824,8716,5132a94f9f7ec141229a53da11191b65bc278193cda7cdd97003ea68139ec1e0,289e350c24bebdd3de0b659ba83b5b5c497d0e77e821669f78c648e18fbd9515,ebb739683ca19e2765d332d78bd86e46fe5db5b0faa0469f8937c476bbff3c73
s2,182,88203,70449,8932,8822,34b480daa1ce1cc2889fe09954888bce47d678b7959638ce06bb0a1b34ee3683,93c48ad8f0fd9a7905bbe91abb4b43f9f37ffff5b58b6abaa49da80288bedd77,a0008984fbcf4c7bf1940297913b153966ae652ca00fbb8b8d9c896b854a473c
s2,183,87970,70450,8670,8850,b43f5691f4f295f8e5232a0b00348348750f57bcf921b2d5dcab07236b6a5082,c4e1fe881a269660ac33e9e2024794cf1c232756217178ee2c9d18e2e4bdd4c1,0e9944c19a8222927b8219c8d0fc31d5570f3b65586d1c766b297826a0c36de0
s2,184,87892,70467,8668,8757,71af97b9f8e2b67e6848c4f8d15b29b2fcf796260f1c49d9365f0be94e78e035,ac865f507b71093265a4dbcd59187ae608bf9baf5cb919cf83120d9d3b062968,d99c2d56a7d06c7f41d521a7324597e6f2839462c416bc4c0b8c27b1bca97411
s2,185,88329,70740,8752,8837,4a8c23098658e19393e1d638d97855b76fde6976b763521dd99551858989a505,fea303f8882b08dc7ec4e42a5e22ac994c0a4a32ed41a3d33327534c0fadc406,e807c85e1163d93fa37d1c8100f518b1db35cb548d0a8ef8411253d638bae889
s2,186,88029,70665,8705,8659,ee8e6642c2a4ef6a07b79c363a86cb54443b57b99a4f11717a571d162e52e883,39e9046e111ae9424832865ea029e3001743d4255fe75fc7679fe702e269b4ca,ca1ac7e5e4ff63f4e2d379c9233c4b73ed3c060ffd132ebd0855139d0a8887a0
s2,187,88219,70849,8600,8770,9605dce267b1b3db92beb0612277b7a981a57e4f81f7bcf15678591d216095e6,78d69feb48f5df940d3b8225a727fc2fc62e4fc5006dd2f910b2a87598e2f70a,1325aa9196649ab14b5700176848304733a85b7b34ccbda958cfe285426fb7cc
s2,188,87861,70174,8817,8870,1f3eaf1a1d1da87eab69b833af2d49d8a6238f064d747cb1f30c98b51f8a44c4,810f880ba56d027bd4b2a43a06b14c07b8bb6c3f19c5802f3a2a3dc62567b2f5,6601f29e2e87d67ed288c6657722bc7f39e57840d9cb37d7f2ecf489a407e70a
s2,189,87695,69959,8900,8836,57e55f7166a61eb9b98479ee12e829c2f3440fb7d66816e699ec3c7fd27a116e,fbe84c984b70f0d1234ed3481ebf0bed3b987e21deb0959cf261d7df29df202b,bbe6ded54597382bc22aa8fa866875d5090c469e75e6f0769b31b98ea8b728fb
s2,190,87916,70277,8824,8815,2b94a8637089ce6cf463a583801a379dd92e399b11133fc580875b90f954d4b0,db7b988b533ce5bd093ea357fe6dbfa63e11423b2d49c16dde242585fc1f6e32,460f77a3258fdbc37aee5e83058dd4e9ad069d8496cb9f32e86118ae7bd31a31
s2,191,87935,70164,8916,8855,920109fa12f81a6b279c69023c4fd040b6d5911b88003a47ae347ea00ec725f8,c66b3aa79776e6ef5243ff6e9b2ec51926d84c0223bd707b9d5ca059dc6cddd9,edbd42d36d5d2c56cd6848a337569385f80f14e84c504a2b4fbe9191c4bbbce0
s2,192,87859,70264,8845,8750,a9e0c41b6b368e8a71f25826b2e6a497e0bca1f73e724b4303f196c8bd5a7baf,b6021cb4daabea3dbe1fdcf39726919139a278b44b5c11ded2a303e473e3d84e,c9cfb4ef88c5d00a5df2f3291e376ee103400641e5469fb3d3af12da063e8c4e
s2,193,88268,70880,8741,8647,c7926d1ec1fd706925afc5a756cb4d5b3e94a5a99eb535727fafd42a50dc0915,249439a01fb34314e5dd0ad63814b76bdc599cc3f9427fb7d40e69d663451f39,0b9e3c75fd533c0602e3285be3127c791ace4305a2670244495c73dd59747ee7
s2,194,87937,70348,8772,8817,ef088dc150b3f1296a4b4631c4ac6bbf27727f084fb3353a22b7839f4e726550,d96ac59059673642aa0a460a6ce396d3fb1c77476ebf64c204dbe74b1f0d54d2,2acdd10a9c0c55dd03afe81c9c5647102fefb3ce953eb09010df4a8f1fb24853
s2,195,87611,70168,8684,8759,39eada5576ec4b840788a1575e665041b0aa39c17ffa9f9a6327526cd992bfae,53fe5481d7d66d999591859e6646f3974ce388914f683aa224dcb0f7ec7448c6,074f29cf4d099f65a406a8d947474b59006e6767b15fe56e85085b0617e79a03
s2,196,87953,70424,8701,8828,ea72748efc34d4c9ad5c82a2f0b7576d8838dfdebc16240cacc36818ec426125,be25b4a92eb0ef0d78daecef7b1853059e3fc49c45a8e8afa0ff4bec9146964d,0dae477a6ad16f42413d00c56994891712d23bf04eac1ab60f509172916b3a0c
s2,197,88044,70380,8817,8847,b067f08133fd18f9135d6b6ea8f4e056bf37861621ce8cfba223c00238c5f955,5af8cdd2ac0edfb225947600642b224529297e9abaa3a6c1a22ece597674a7f5,16c74faae864ab98c046686466d388441778403aa67005fa136eeebb6c006718
s2,198,86897,69350,8768,8779,2cee7ade51b15302764c4ebbdd9282973e3a7203389ad2515f9de2f5557e4947,6feec2cf8f6bfe0c44ec366fcc57abe74b623318a84be64ef7d6b9c5261ffde1,91b47ea3b334423bea07e10dc37db76933fc25215f23ad39aaa67f06b49d8fad
s2,199,88029,70507,8661,8861,8f4979da222b9e3ae9271a5b7a4b8b28347b8e6b98982eac16aea134c2eaace1,bd0facfea98b7cdb369b61bde9ae0a4c9c21e7b9a78980080dec10068392be4e,77147cf4fb3147a8531453577340111032a6e3278f0dfd7ed81c1d7a71b478c6
s2,200,88092,70435,8833,8824,f49a41225854e40a4c3770c182e241f2719cba9bfefac8a797884c55a9c9997d,4b0fe8e298b0a8c8f37ba895adfbba6c133ed92048fe6f9ebfa7e51d3c9f4f6d,f98326d2918c70934a36c4ec58f1d64fcb068246326a00ce348b43d208aca02a
s2,201,87825,70510,8715,8600,f272f22037363abd5e57afea3c511af42536a7cdcfdb91b28681bfc917fe3b82,babe70790ac7b72eb86c97005409e89abf5fbba0026ab617b8aa30d5bc844421,b2c420369822b038ceea09ad17bfcab3653aa85e64e8f6d7c44cf5397f8c3689
s2,202,88352,70653,8818,8881,22ca79cbd882b402db284fa98a2664b1b470883d7640e14bc0f38693b13f0018,3b41283e7a0ef3ad4e6662dc100e843609f8f8aa7f9799578386522a6963f6a5,dfab6ec9cfd930786942e71501b43d381812ecc0a697137d59211e6fc04434e0
s2,203,88104,70282,8783,9039,22b1484a18f128d708668cebab881acc3cf4bab7d31f2697233cdb912e94a49e,8ed956183ff61a4ec2bbd90c255368259fea26a7ffcf12fc5afb9ddd8914229f,45a44feeccefb419f3e5da48c0faecec01936cc4c1b209b2c103d32e471f6309
s2,204,87936,70363,8858,8715,f370181d1548748f7b4b724b41ef09cc3c18be2a1d4afce2f4e916e72e1af8ed,1419fa2daa71b0cee73af3a53fe062e0868261a01cbf49ea5bcaf6099bb85e9d,2a98a5d9a441f5b48b8b9a608c74c8e8069dea7476449b26712885711cf6f985
s2,205,87643,69961,8929,8753,cba8a69d4d6df4d1ad2202bfb4197290e5e6748d562f93c8c330468bdfe76e8e,546ea2e6db994001d736b249696beb28940137f52b09a9b689cbb26ca081b07d,b5e5a039e103a5ab122642319d774f8a82f647b18b51a44f060c9854b9b19b3e
s2,206,87595,70046,8805,8744,bc8ef8c310fa1e88ffb039ea4aa43aa8f26636b8ee784321da6478c53feb67a5,7493bd919db1c384789dcbf3a37a42f3c1c939ec648c45e9f1c2f120c34d024c,d84803ab414c35b3f196a7ab2f59717bf991d4923555e948d5e6102d9f202f02
s2,207,88194,70720,8900,8574,5f11d74dc5053c85d4146be1d2d21d317ea7b9fccebe4c6b76ccec33eaf1a3e7,fe4e4bca521a1a7d290ea1eeddeeed16582ce47e5be23caf7b59a541e74d043a,035f8ef4e2e4c7a3e8ffab25d6a58591e2b0dda5986f1228b447e3e7d8da2f3f
s2,208,88360,70553,8909,8898,8ccf1a89047d97541fca75bb49ec0708a9d536723c9840c4ea4838d33794d84e,aefa7912874789ebabcadba9165a8759175d740d78b22e2a9a2d5c9d52058b35,0bdd47bebcebf6ce48f0faab2ea278c1ac8e8e6ef0e5b6fe6bb0dcf9600ab239
s2,209,87995,70488,8708,8799,fbeb80629b415cb8930859e09a455ea820eeb5c872c4d71f3c25c8e0007e1fff,99bba8f46dcb21672854853e35e280d8976300c55ce743baaef4c45096a6afa3,872d16e20197acbe178d22462b3e68bd23e492b7ae5376b0e3631c4dcd027989
s2,210,88434,70781,8911,8742,ee1aed888ec6f5744f0042a950b53256ecbb4ce97a2894ead3cfacdb29c7fd85,d831fe3fde95ad99258e6a54c4716f319e32a6be0197dfe54f2b474c246f75e9,540c612c009703758f02556a8db4eb1c71348b38381cf464be9b1e94d78247c3
s2,211,87659,70200,8814,8645,d257a5f491fd7f1a63615dcef6e48da0dee4e161a8f3ba88ab201b16482d41c5,d73fc09e7d19e00d07f8b831c4f8de097ad1871db78e2ecf797396d6b0ebc43b,478694336ee130f7e558a6a9d108e9d1323aabde53f5c296778f4207f77ac4aa
s2,212,87456,69953,8839,8664,16cad1c6035b719eb56561d88b3b06ef0f9e1663d4c7505ccd8fcba92c824937,7588b11eb0411e73159afc844821cb9cfe15d331b67fb1a28735b63919703ebd,395303ed69480ee2d1625e19847a060094fba49be0e8433dbe41b3cacc5b4774
s2,213,87927,70461,8647,8819,1f709701701cd8b9c022b4384c6c790ee311b777948616a139f812cbc9e09b23,b6e5480c7368606aff9f6712ad991ee8220f1dc86d951c0e3579503dffa460fc,45dbe1baea48407d6f9f0e77cf0adf074fdf559234294b59d9444b83d63a3d97
s2,214,88137,70507,8863,8767,12be9ad8f0998b9cb052b1137bfab48e39b60b10e5c379221c48148d85cd918c,3e0495c10eaf758ec8277a4a46e3998d9a5cdfe0c8729fd878d1ae23d686f630,19360298239191e246694ffc79fb508eb54c8a1873d3124d87fc457d6544a3f5
s2,215,88296,70623,8759,8914,d8448e9c16517c4672f7a3a31defcca0302fb99a84c9145663e6f478ebf5372e,abd831feb5bfe55b8d21d2bc130535e06c311e64c5267415a110bed54a9b46ca,b72f8ccde7b716b2223425067ec362a28699fe65794a689acbb2bb44e9b3cf65
s2,216,87739,70159,8744,8836,8bbfdd28934597377825f2e009926270d2a0401d15cf3062790ca56614c61eba,083835b9075bd25de2885a19a11a5f65817532dba9748efdd594e5fbb8454c10,d86894c3098a3177bec6bde6cd2ccd8dc817a7e466b04ef56328fa198776ecc8
s2,217,88126,70535,8765,8826,7c4df1d37f376f523e2433501f16a043a34f47cc11435b71a121ea5a42d75175,e10f500509441fae5f20399dd6fbb64dd06e67b68903b423572a76c7d95544d9,09d30f15221341055c60c361606eb4785acb91ae8b4c02d28a96e717445cd77f
s2,218,87896,70332,8854,8710,510367c11f3c5b5fef73808a98501903a618a629bcde87f8d977b9dd532487dc,87f3fcd40e28880c1398c3b70f6358fa407128c5af460646a6ef0034a5a7328f,f51b4ecec633418b8ebf45c54df361dc3af2efa2815f393f48cf987b07a18e99
s2,219,87925,70283,8881,8761,9eb917694d32ee87b5742507ee02dad648961b3827e39842531e16cbaee58d8f,d6e4cf494b92abf3af718e4fd86a2b68484b8989dcfa7dd9753e5fea09225788,63ad55b9abbc9e1effba505230e697ec8a1934c2da0f32b0e38325b041a79cd6
s2,220,87914,70481,8798,8635,c208f926ab0992fcb2d73809f1b215b6cba5a57f605efc327b94576aa60fb2a0,646f3ea16f6449ffb854945bb10adea31037f8dbd1169f8cfdafb8b1a1cd8f52,11397f68d718301805b35258ccf1bf7c81d1c6f1d2a5e86310a4abee01ed86f6
s2,221,87606,70139,8635,8832,77aed6ba6c9004081b7b5ef02a40a44e818c54ce99bb3b575a62228913bbb43e,e7315c5b9e9549d124f541fa2e67895fae72b03345a183a83aae83f2c264646f,b960f83a2b6eb5b50f75f5128e9bd9f829bb139fefb576cab4d482a987859c28
s2,222,87361,70067,8496,8798,c605066283a7fbc0fc789975fa951a14d56c38c90b87f312ba93cadaa35088c9,3cbb4f1caf4ffaec3012a07cb953d88d05b7745280ee556aba7e8b1c63c7de46,5b675699419d150dc54490eeed18375d0257a24a242eb89722c43eaeeea3468a
s2,223,87566,70000,8810,8756,7e8fdb26fd4242cf62ebc23df4d010a5b300d9b9b0af81aa3c4556b44a89c3a9,c3b6bf5bde2de6fd5df1e0a489814f8b08ce98707f406da001cdee464da0c2d9,e4981ff0041df80047bdb33519ab053c20c293e27535d3edebcfbd1427873911
s2,224,87910,70180,8952,8778,5426df767f181ca6538650516952bccfc9c97c33f68096aaafdce9bf89a738cf,89645bf4100263f938b57c9b3195bdd66837637a9c83022c5684d581655d544e,b075f503395e0202613773caa993d2bf6e226e92e6a06bec10b10c37ffaab895
s2,225,87835,70484,8653,8698,acc262f005d8555aea1b6f5504e06ab60a27d200e4729419f615d8c46a50349f,ea083d7853ca35f69cc699587e11391f5201f417864a8dbb5d6232555e693512,c86acecadbe2388b92c34496e923392f8ccc4c1ad31ba2ee25e2249da2ae3611
s2,226,87874,70289,8818,8767,f3b1268fb1d2bddcdb2c9d3b271a6086439d4c32d7d2bdc1a82806feeb1c2a6f,27659d5d5c5b7078cefc33f5832e15c3de673d0c812f9038b5064264ac7fc31c,27ae87c4f30ad2c38338f1a656156fc2f1a9706d4ff40d9661bfbd5a37dbf201
s2,227,88121,70499,8768,8854,3d25c1ec0c23100bbd8689b4c137c4cba72e5ef86d46cb0aa8e5fa618abc5bb4,7e341f4d998f3bad4781ec15e27edcdd367c3d29f552b2ec1afc6ec799a8542e,140f03b79677e5f19bf63467f3327708d537dbc5abb94c61d0c5631168f8a932
s2,228,87553,70117,8770,8666,ba99e3762c9a2f76fe828179aef0f43af6b9246895f2784e310a55c72a4a68a4,c1121fcc84eb75993264a30c9eed5c6d7d64e547c42dbbaab50135446fba7db8,0646cd9fa08dd0b79b4a6385eda3b6876e4106c87c9e4afa333def9152dc2643
s2,229,87652,69903,8864,8885,f4b15d3cbd36125b2603b91791e82927d80e55b7093f0faeeec8b4936f6eca69,dc3c7c86ad61c01a4905e46f48f3515227a66110867ddc6037caf1b3475656aa,bd8b6bd9a8190068228fdc6ccac76241dab971e2f6a2b5c033ef00f0c722d3a7
s2,230,87465,70046,8638,8781,7bb0b606f23260242a03eeeb42ce4d3c4723575a34b2dd821bde372f9e395f39,f593330392048cf25c9d5638d74afcd7be7b2657c5e824c2401dc0bf2e5d21e4,29af4bc20b33c106e6f80006d107e0a30f2f59257797ba34b2622e0943ff35c8
s2,231,88128,70575,8898,8655,9524ae96383e11ff90ede503317c5814a3573dedb2473b2d140f7f7c61d4f656,c55f87147faad75c24de0e82c55e84d8f4517729d323371aa70082f62943191a,ce532e6e18d40d61252dd58bcabbc95caa1455ffa3ddf3a51eaa9cdd2b7ce812
s2,232,87981,70417,8649,8915,6947adc265c18243286354665ebf6e11a3c50fa16de0bc7fb1dc83840283008a,70a1234320d5b7efd544271c23e4434b09185ff46b8663a36e369e853c9a0b67,bda44cad1f722546f1e2cc5eb3da83c7c1ea7b4d528dfa096ecbb84bf6cb90e1
s2,233,87681,70251,8718,8712,4332dc3b82711c1d521344915756c0496a908a7bcc0cc35ffa0503c64db7501f,45c211cb3146dfc8e025d477eef7cd0a533467b01858fc1f05659af232714a9a,66ded8eb814771b762454847a0398a45877d17c4e0d1abd7cbc2c3e524ffb22a
s2,234,87319,69775,8779,8765,a2169b0d06a6685b4ea4be6eda8760c60162d8fb48645e45184925f65aba4081,fbee72dc1cb7c02dc0573c657e7d93313dc4b04be85f65f7c9345541bc9d1897,9f9c36c1afe2913a5f9c0e790b0bfb0f4ff19b413f125bf730ac9925a8cdd024
s2,235,88115,70431,8835,8849,8a4d13ee3494a04e5981b461b28bb5fb1a5ca7b650449ec98f8adbe6a87ee494,5855a18e2dfc56c08996f657e4b1354f65e2cabf481ae6c36b7c2c2266920807,e53daf4e5c2d15d0952c4829e6e08158855dd524d0b9d62fbdf306fceffc2089
s2,236,87372,70068,8796,8508,8bc9377e291105b4a197acd89539f1ae5c708b16a6f57c2295b399b23907ab7f,17891b894c465b98554962bea4d3e4240c195d6e83eac7becd8f76e493612c7f,3d44f4b95a3b477a0b09b80a8c2b846b103dafbd73b57909339870a2159f0a73
s2,237,88380,70750,8821,8809,5b84895e1b8f6ac4cc87c1037295d3d5eea46c3ab87013c4e6a365de441832d3,9b9e8d9fc83aaff514bbade5a0c2146a3cac004658a1968f6c1b04c2ef294043,d4be22b8b037cc8263409daacd8c8a4203568ddb590ba505cb9002a200dc4a96
s2,238,87428,69901,8738,8789,d9a98e7ccbe6c55ab995d390c695b6cb66655a49c9bc48c7515229804cedcdc1,8fcec089b06b79597d4a55799be431b31d59055e928bb5da22b6dd153701b4db,15971401ea06bd5d55bd703748d02aaa1ee4a4821aea5d059ac5edea7414e4e4
s2,239,87825,70193,8821,8811,4eca30d87a9bbfa5c5e20f1cc2db969942c2e88232f438e7d3345d68bd84043f,f2e6bf3c43e960f8bd001168e663d8b54917df9f45c81a44a08f6f9c5c715aea,cf0b3577d5e3f9f3f023ae4cc6e98f282e958dce9bc1b69ef3f03c339ee852ed
s2,240,87869,70191,8992,8686,834190fc48e0ef10adf6a3603dbc324d0ab99c8102ad6bd5650663d6269dcac6,9c8687a97bfb65b7e9390e98a0ce8c6a8a05b299fb5fc675c1ed03a729b9848e,8adcf04f213f95a77f7e2404b2209e7880c081bfce54617a44ed3f433c6ca38c
s2,241,88072,70361,8848,8863,af2d687e6daf6a4bef64211eed8bfb06e8129e4d38a0e5f9ba042a4bde0f26d8,02a40a97e1714539a9dedf256dcc00d4940ede170893c1b444ca1e31c6f208eb,8bff1eaa2c70fd2dcb08847a51581df8975c4a0b59b567f796fe9bd2333e3de7
s2,242,88375,70650,8897,8828,cc74723d965678e5b5223b0aeb05f156605d424336b1497de24aa99d26e08360,68b03e9f9e54471f7d22b1f9894d01cfd60f9b0f502c30528817396db6402a32,d4d94c6343be0cec7697ac38a8fd80f27f032c86c8ae2d180dacb3bfd89c88ba
s2,243,88121,70493,8822,8806,02f3fb71d26b7f9100ba975e63ce140697bfa6f43658c7bdf3ee38ad71b27689,83901bc6f22a04c2233026d718288f3ad22e7cb524045ffa211a6adf33c0a8e2,2e04a7158a162bcd5b6995da09d14959a470f75bf6f7c991408def7b1155a632
s2,244,88030,70384,8757,8889,e766fc135daf56e7a2d39af188cce5493575affc33d8f6ddc455c70c302981bb,aabcd404ff4f5c712187773859132c73faf6fda361d89ccdd665b85e8188e494,c8ce23da4ec69aee18c5cdffd175e3f42eb8c52a609c486e2f00adfa7b0f34b6
s2,245,88082,70473,8795,8814,bc6cfbab477b8a64a914a49c921c09fec3760becc43bc9fe57ffe04f3b51ab49,80bb2fd930de61113e252a188b7b1123ca5803f383c8a0ef9d9876b45328a5eb,13c41d42589d9c62767b4d1405167132fe06ed826440ce594fce70013c84fa54
s2,246,88164,70396,8862,8906,86f2145956c9bf55952c8deda4d020aa5b984b5e3bbcb991ac1928e1062de431,2f019691b244779f3ae6c92916fb2561e795d93e94fda4873e64e691412d577c,c6a498980ec0a6a809cc0f9ae143e793eb7940169d9bb727652a68d25b3e314d
s2,247,87842,70304,8722,8816,ac8c212094f387d4b678fe93ac1c84a17adad2e1ac29d8ab84ce62b04fb621d7,cb651385b290d381d7e98b914254f813f594070fdba3b9b66c6ff2fec92a0612,3d77542bfba8a761a22e93ca9ef8dc1bdf942a6fa596bca0fdf13e1e264e404d
s2,248,88066,70502,8858,8706,ce61f67c1352be1e12eb72e5d834dcccead8d41212ebc20bc3ec7835df3353d0,af8c985163dc66de9fac268fcb8ceceb7379efd4d22dfb64e2419fe95f63143a,c1cf8ce3dcb0c9a71ebbe3a9b2ec3c5f7b3ffe1885b173b20c2050e677e0be4d
s2,249,87714,70245,8732,8737,1bd86d67104ac07af1c021bbc1dfda077badd72815fdbb3873c98ae504a86a83,e9903a5d19922bd91cc951e1b8d9fdca7e365a5836c82546b6b5ba3e68ec1feb,c95f3206f0a2754b0ff7cab1cba09b68cefe58b7404ecad49537f3799eb8c8c9
s2,250,88101,70489,8870,8742,548f53aeb4860258febd4b17ead8670c47845a673e88e18c2bd9c1208fdaa0d1,bf47068506d3c9a56aba6bcad81637911dfbfc378cbf59ec7f6e266b90ba192d,cd8da017cca7a7ff30933a5a89c3917bd4cbff853529ba4ce55dbe29ef0317dd
s2,251,88076,70642,8732,8702,99759107fea9cad6087c73b68b4e076c626af66d77debd7ea8489ed37cd6b1ca,06dc099120691ee6aacd7a0be5debbd5d1376d9832f8b08d9fe284d2785db7d8,97ef7966cb5354a1decc3c85578e64663f9d017ef42fa092246b9a389167d356
s2,252,87618,70196,8707,8715,d72ca7ab53551ed46e165e8f9866b2efc20d691a79139ca56dee90da9ebe1f91,edd93dba00d63408a054d57739c1cd6e148b977f12c15a0f6e488face9eb94c2,893b13fe0176ae21a285864500a2da935f16b19b58da4e440760c1cf6a9a464c
s2,253,87962,70535,8527,8900,b5cb6337ab1c6cf34957e1b968c0796d43e2dfefe067cd46787bc38c2d836ced,dc21019c680546010884892a605d6218d256a7c7f3d1f8aa455b2e48adf36d41,85f639853928c99b5d728420c28eef48b5fc4bf678487ddf6a03b87bec678c13
s2,254,88250,70612,8786,8852,b8bf1c4c07513fc7bab131af11bd416ff7d6fcd194072fd6c6487dd0f6a84166,26199076f7b8dea56b1558840aa0a6178efea25cd20219b9c94d5bf72c98096f,d7af708d48f121222c225982b5d7facd699c2ccb1a6204813fe310228a54549a
s2,255,87758,70361,8626,8771,75f049d0a3b09e4a5fa21da347851fd84f345b54aeb9beefadbdb691537842dd,5120479ebd16b86d00b1df8ec8c164b85dcf89f1d09dc1c11425fb7ccecaf1ca,ad5b7010d0e2ae59f896bc7c4eccb5000601b0dfd157025ec8fde64b93f10ff8
s2,256,87973,70446,8811,8716,70a4f51af034cdcbcc36d2899f1d8fa1c9417d0baa8b89bacb8e3bf25400f56f,3ea06fcf15a409843b76a1e55b92a2c9bf4c73272ec6e370feb5f22d100d28d2,ecd82935057d84a4e4800721713f8fb7153377406b4b0a949b43f9bf4cdac2ea
s2,257,88294,70541,8849,8904,cf63086db40b8d367a0be0967911cb701f7114418a39f2fd352e8a710fd028ec,041e9ef9347789673f239a10a3df1e4b51800378dde5220da09b22d75add5a01,7ea3506310ab898cebdda053a2f7f8b3d9d427855e427ccd98aeb4a4b0afb27c
s2,258,87540,70087,8792,8661,9b45f24bb7d39680de3e45cdd1d53f82d30ac076374b3be562a9f9d48f77245e,76e1ea85f54e0712873f86d8e9555dd9a9ff3dd4a41c960bf7926e521f071680,394dfe1c0efd71233aefe6b5ed2c31dea61226a50207f9ef523c7485ddd84bc8
s2,259,88098,70301,8834,8963,a54e2396a485ddd67c13622b21b68b9ca5793ba6284440e2e4beecb273f567fa,831a90a7d80b68a69cf3637517a2797ec3526153a0093303e14483ca9e9b7696,7314dd3838b1ab5a9a9abac41ced0195c9567a5d28c96db33ad4357153f2134f
s2,260,87756,70173,8693,8890,c25a7f7b6af3b5192e0549daea0da176311cebf68288d8a90b18ca36c777e517,104f3ae850b3f79763891ab213e51b58fdb36cf534d674c7f6c3e194ad481953,331aa05140c4a735aac20118ddd8b5bbdd979d4fb41957f4fb0c603b023e45f7
s2,261,88143,70781,8666,8696,37d5ad3c0ebe5cd340010efd8ffee6a50dc6918c71417aaa28492c11445ecea7,3cd3305b224df08a084c908e3ff62458f1b98f6405da9ecd195dfad457f51373,04eabe71b8949b1c9b445377c9089c2290e317b89bd3e2da2d7d03e12b49b1fc
s2,262,87930,70453,8767,8710,290f734ed70f5b314aef8903263b19eca76922088768638a2fa7dcb34026f573,35fc86c7bcaa729d949100cd2a2026ad1475fc27b6949f6f1d7e2805950e6612,4de72d10c2bb4b8f6da06ed32b84c8054c0993d301ba9906b2a505fa178c6c27
s2,263,87946,70552,8711,8683,e3a57fc36b580ed1936e40c7101dd903bbd49b4e709fb410e07fcf8e25d18f6f,45b6ba197574c42aa6ff476f1a0db24ab7190ca80efb15903612be05e73e897c,da35fc47386c8e33c665b8b5d19ce0ccbd527ea5985493687b90c89be7af4fdf
s2,264,88120,70667,8720,8733,ef4362f9deff292a00f7a71e6ed59cfd718c9d51030c1568783e87e3e66bfc7d,60b5c6f5ba0a88532bd21e718351efb85468a230ce3212f4b5eb70b297c35904,06a0e6a276600f706e0ba2d3eed3a3d98636bbdf9e005433ff9c3998669675ce
s2,265,88200,70558,8898,8744,0cdfa1fef6a0f650d0eece8ee47771c40c1b79bbaa762a818a02b53bca5b3056,29f8237d4909dddace1f563c8f2d484be7009f94553c4a408aad24b4edd3c771,f69f22937bc3eda04e0211b1c94d9a2067a55179604c20f1465c95b28803b22d
s2,266,87901,70448,8764,8689,baa6abd88e59b9be8ca99726d697b177816d92e45650e766a5beb1a2dd9dec33,3ed491c2af4cc9e0e64d5d41d5244bbd727b0b940dfb98f4e3a2d3ff7e4b3b0a,82b2a3fece7f2fb9a317c2d783514d2ebbf24a4a941ac98c89b1958a1a9833ae
s2,267,87592,70283,8679,8630,bca6fe15793c4150df2507579ea024027fa1a50c873af808db19e1aa997ae0d5,7266e79be0901a6c07490e81c9570a1d6158887d097c8eeb5da7a7ea068670a7,a6f5d0c8d5b5484719eb919546985639004cd349a5536b8bf3fc4b3b4c0ff3af
s2,268,87721,70096,8797,8828,dbf40055c092a904c4f01e8dfa7d744f8a21853d79a55510ce4f8ba9ffdaa651,d9077c965810808643c9599c05c83dd404f31c18129002e114591b62c067966c,84dccfcaf6a5b02bff798854f9543a3e1937b9e3693cdc99a06f143124a95dad
s2,269,87523,70161,8608,8754,34095db494ca3b54ee47dbe2b412416d340643368b1f0ad8a322cc9552d4d484,10301a065d79b1ffb1026cb94e7948af02be3a96bf3a22f4805e4e386e551ada,576ada9834c7958d3947728cd00649991e0d3e40806479e80931f721a2dd53ac
s2,270,87437,70066,8757,8614,9e45c17d280cca1402e10e872fa9750ec4f9b6c435b145a8ae1040c9c48e7b21,ff28c45e86f8a0759b8d2fc35fa5deee6a7ac708915677db8d486477202d38b9,7ff006bcee533f825a56fd435da8f87b8107784c3917e98a771b369844cac482
s2,271,87997,70526,8695,8776,8c0275b426135dc38a465081c4b25a88c9d7b5c521c764123f9f57235d649f17,d84791e480e7fd83d3851a974239f1fdbf75891e2ee813eca090e87871e32abb,520d771a3c788d9b6a2350aed5ceb3a6f10c8006ee3d2829418f9de2371d3e4e
s2,272,87888,70454,8651,8783,bef835c95e7869ac739d799e138fa21fc33158a05ea1d6165f3ce7873ce3c6df,9be195dc7aad2809fdf1c26384054d94068dcf194ab838b7e2361514d1f39e2c,32d91728c0d5c9dcbdd9d75802bc97f9eb0e5306f13f35ae142c636edcea3f5e
s2,273,88091,70502,8831,8758,6557282774b0c6ce0083fc9adb998353fa645bb2aaf03101ac7d6f46f90cb35f,497d3cb6e91246dffe3fb8c2860d30df4f283f9134bd9533c1e6073f4ff3378b,2c5254b377ed87f7def1e9e633c2fa50c6b9654eff2090b72a8b49a59cf1849a
s2,274,88262,70613,8752,8897,cd60cf279cc9077fc4f8a1c6997bb5e10175636adcb5bbe16f0f6d619cbe1b7f,27739797d4a323e5a68535adb33c6a139c4674a7b0283025a59b5cc2ad29b386,c3d676d5a5a46c73c961a84a66fea2884f6f0fbbb2ba6b0fe3418519df25eacb
s2,275,88557,70875,8903,8779,c85a4a4a1eb07c1915b0f203923da685b57853aeb330163a0a8e1ac529297e21,028d43bace766c265e5ceef99caaf9af9dc8cb107b0a4811a2fd2d222e3895c8,b14bd782b359ab89a1ff166d5051ebeb4e4b6027311c1ace6290950c6b6d58bb
s2,276,87709,70302,8680,8727,f4a960934be8161c5ae543483197d94e31ae12f8e29e3ea0c590bae6b50a19d0,917f8dace5274d6fda11912047a92459cfd110c9cdd9fc4661715ae8fb51fa37,a31a5b316893680ead8a3874239ab8756527cb2474b6172f88abaed4ba97659f
s2,277,87851,70173,8962,8716,5c4d608b526f14970553b3dbc3e4c585940f12e0cd11e98ab2c88158a4d41f9c,b99e9e9f0a79802a26c6c904ac9f97c753a01832f282e69f32b36d629680a0af,48e309f0baba453b2e3d4b56ee30ea732177342c6f3d41fd1d840b949da11e4d
s2,278,87549,69922,8723,8904,ec797766822fc401a8e1934168a0c6f0e032fefc59854e1911e9b633bbcb8c37,a3d1380a7e596615e416fd086be83e14767850e7c1d76295dc3433e2f9a9afd8,cc1c8ab4ad85d9c3b08cb12c1ab250ceed482daf0b183e906c2716b800b4d96c
s2,279,88242,70839,8793,8610,71b93ccdcd9775b70898ffa78ae18c8c2d3df0ba3a270cc5d85e513954784c86,ff87a100134773839356815f7ba4a0305a45c386d14044895da638b2ebbbf871,8a3a3e65fe3235b96349967a7e87653c9f9dda5ee9d08fd63710333539ff337c
s2,280,87631,70175,8812,8644,9623c348a0075f1c54c8a58a26f31578bc4d21eabd9c12490d8ce1425002a80b,1e7f42cdf320149e48ac724144dc0a3c8fe2dbe6346f21041994fb32a9c2305c,53592472f2a05c7f3030147125a607873b10072d82ea82fc94e4ed1a834ac7b9
s2,281,88018,70444,8686,8888,0e15268c4291f7d5a283ea931d683448166a0be88e634ffeea0826bc42961d3e,0cded14d28dede66112e6359cb94e8c58101ceccbd182ec6c4667cad2ca1dd21,4da3733ab93a3177d2b0069e5219dc6e6a099e363d5223f8e1280d551627ca2b
s2,282,88075,70370,8870,8835,3f9ea1a926317e1bdee8bf7b9dc750722683a90166d4a3749360a3e29b774b2f,b6985d417d669bc4e454d234cb024a33e8e3a1b3624c4b678d1316bc378fc3cf,50aa18ab9f59fc03342bfc418f790217d417ac7e79df6fab9169fde4e6780647
s2,283,88243,70692,8766,8785,e29aecd2cd6e4accd50b90c2e0611d18f6f55b940636e7457f6556535c613d2f,8c64392e9caa4c924d512ae6b80c5af826a20b6bf28793f553cce2d679830c7e,89ce86a2cebd9c11db222858803e82e3a3dbe295c6803a7579c93ed1695495ec
s2,284,87440,69959,8695,8786,3aa0f7e055ebd593de3c9fc1f68cd1364f0e6588a353dbdfef77c9b9429d8b6b,e867aa488ea7ca218a88ca6c54bd7bb0df5c18f3db00dd679a354ca9fe92a2cc,566a8ad2bae6000662c217827b7f088fe53e6d05878bf9f80875f43c212e3003
s2,285,88126,70577,8838,8711,cdc277081e14afc445c7112d5b78bb235ea4d3ba499a55a7982a0e862c9852d2,ecb13a88687864a39e6205ec9d010661376c1827dcfe506e41b2d203c06b26f6,eec999f63cbbf751eff44c8f05ad6fc8f80ed1157b3f645aafb607fe0ded48be
s2,286,87326,69826,8729,8771,1a7e204ec070887763001602d85ce3152e3881abe495adbd3768ceda69c05511,e99793bcf051b77865493b7c560d1a4c341d807688fa8b93d82748a82660d918,9c9f231201c298e73ea67bc025e3b44900500951cac4155eb9a555de342bee64
s2,287,87731,70330,8742,8659,55b3f0bf52a1a69007e4bc9921cd9ff0286fbc8413ec0540ab557de82aed7f2c,faf25752566012863b6e0d9960d0f45edc81f9461e721be49635f0fefd9cde4e,74d9065918a611739da106851c0e2d091a29f62b40d0a08184e03889268c339b
s2,288,88215,70523,8770,8922,c04dddc742e9874e6a30a3ee930055b2ba05b9cbc437beec6eb3ee95acc04db3,9511dcb4214fa466c3e3bfa45163bfd1a267783b6e85c8ec23ccd8338ebb828e,60a95271a04fd8089834432deb2985943289f1177cdee860c328dbadc1629e7c
s2,289,88158,70510,8809,8839,7feb668656bdbf27d75f9c2660a8a031f7efc536c39f418bde79fce1948a00cc,03186f4770a1d5103bdff9db98c8661b47ec81cd650d838e80af0942ce76b4a3,0ab54797d4acbd2a863a4e9c0fe779733b692086b940b3dfefe3119e1616bc68
s2,290,87636,70194,8743,8699,a957362e900979a915f1478cb6082d53d8b50b8a9398203efb07b265277b0075,ed5ebb71571ee8d7c5cc5ad605dbbbb55f51e20bf8210937d1cbfef8f0ff5cc4,11554f8257fabc591e84c6f28d53bc96be6a808ac6b9b319af275c4c69943a77
s2,291,87804,70136,8732,8936,38558e42584eac8492d56f06ca45f4713732127a7e3558a03718ec7cb3a86fe4,720ddf7895b324471c0762a8d10d9e944b17199e72eca28b0b85772b5acb46c7,2113dbf199aaeeddbd8aed3f554c58648bc56d3351aee96001b82725b98eccb4
s2,292,88141,70400,8922,8819,94f0ca921fe01d6faca6b7f782de775805806fc71b2ead06265ada2b1179e95d,615f01dce4ed978943ffdf6a5139b0eb53fd1cc437c11704b21e1487137845d4,8dcbf8c78db8edbea2d6b7d6cab6c4cb12c63c1ba3911fa223d9eae8e457fdb6
s2,293,87882,70319,8798,8765,c5c2b79c73c6821538e62502328bdd5c3830aa76a815814f3e2bac2a85563b47,5b0a24acd1d159ed6108aab24ca7376b10ba7858e03c4262a125852199e5259a,fd439975535cf12d8d02bd94cc5a38baf178553aa1af9e1f795f0d3106b856c8
s2,294,87717,70175,8816,8726,97350f190dee4daf74a6e02be19e6f6c7a4c9fb5bb528c1eb07803a8fecc3240,eb0d086693f5f7c23d7de66094905f5c5c1de10990adac47f06dd15fd258e817,6f175ec612f39c9ecbff448f63fb3314d0a20db33d026321d305c077e18c28e0
s2,295,88423,70815,8758,8850,ad756c4797feee96b5781c4b004b99a3acdef525d409e9f753cca5d4c073f337,6320baa9c3c0285b11e94c79564f4c53e8443b6a51877be8105590b682c1a8e9,80ed38a741384dadd56fa301e8b2c0c59d27c453dc1994c209a1ea477be5819d
s2,296,88291,70604,8922,8765,cdc1445445ff0d82ff4da89f6cc34551f1fe11241450d1e63034b9dc7bb1dbab,fa03e770f709df76020e1f35898169a45503f3430f1ed9c19a0abde5ff33d080,cad7f46bd05be3b3a1ba81fea74e24b6aa4b195eafa7a5b0d20438717cbe86df
s2,297,88116,70534,8637,8945,11c2b5b9d2c093ab161f146099c09d6d729a344d4993749e7a73ea9f98703146,903fe8c0a588f03374c7048cf04a43b17914c824b79332734803ac89451e68e1,cecde815d13bd0ea71f355b2621b61f3021193038d1f0e189714b891cd0840f4
s2,298,87932,70328,8738,8866,3ded1241fdbf3af15deab89efa3edc2ceb8264da7dca1ed2126c689985fc8ebd,a8b36586a02f178c54c8031589cfa746cc9cc52fb8ebd00006959b520593ee37,4213bca88a81c598c1ea2c859cc9345af4c8e5ec67fd0c7bd48d964cd7594c17
s2,299,87930,70436,8803,8691,6f1f35e556c4915fb608d10394f940d9dd388c5bd3fe248545ba35e2b80640f7,2a4d0a061fee459844e71c21030e78c76194a459169bfec652186af07d8ba99a,85b33fc8f18dbee9745cdbbdc32dae24f259ffb347081c4f256c7c860d3f09c8
s2,300,87758,70323,8682,8753,64d39fc75e134a5d978b221b1b9991f61a3dbce5abd5f3ffeb3f1ca43d985227,8b5e41646cefe0385836b81dcba33d7ac1a2080e7625ee35b47b2e4e6d472d14,2ba5ab82fe8d3f5ac7560f2d2ef8919ab848da459abb4c562a446c170298b906
s2,301,88546,70817,8814,8915,deefdf5e675656fd2e315fa9b38948550a2cc0e3cf6a7add551926f7346f0ee2,f6a50b74d1b1af97b89f2833ccf48612bb00bb0fa18f8702c83563a5dc3f1046,7b9456d1428a672a6018a296305f59410aa1e7890205501fdf239cb240ed556c
s2,302,88004,70564,8837,8603,fefb04117085af8f8fcba7bd8a5b62a326d0165ff18f90d94b424b1c0eab75cd,b95a43159bc2a1fc30db7b71859a720fe2840105490488e35a39c8cbcc315db5,37fa8a992290272cc555fdee8c0bbf6b3b65cfd330cfde72cb35f158efe3a568
s2,303,87773,70404,8765,8604,0bc665831d14a9a2351b326983593d3c7688d3a2409e8928673400e0892894e6,713d091e35290361530db5363da635c1f74916efdfe13405d142eaf4f644baad,1f3915b5b95a99f0fa85264418ec823d794cfafcfea654e01a22d45385a455a2
s2,304,87690,69940,8735,9015,0988818b9e424069d77a5e583bcac30931ebea3f94b7dcd36b9fee2fab1745ee,6e95fb418e0a7394944889caeae2ea128bbe75ac714f42fb113c052b88979623,a5bccc429d9cbe6969c5c497dbb7a54cea98faa19110b6831edd1166e73e4c2d
s2,305,88105,70542,8900,8663,0f18c71454d9690e2ac36ea0e017294eb003f4a5f1038bc7e37da3fd0ffab95f,09b721e241a27e73790f2a733e69fcbe3f908db28c9659d84f19145cde3419c2,4f42bba46c32f382cfb224922d2a09da0e67caa30943e17b0d0ecad299dcf8ac
s2,306,88243,70674,8744,8825,01086136567056a99a8b4cf4dcb8797c3afc35365d470184adf02238461238ce,ed1a0666163ed75c589bd250e5c5829fa01dbc30eb3609029d6d5292109aa81a,02407d2ca3e2731a0f817fb181e94458ce8922d4ceac79811d85a6588689fefe
s2,307,87652,70001,8823,8828,a2ba5b1bc1d4410f3fc13857ce1f78dc04769c7cb209efcf08f2c9c2a163b963,3715ba33c264dede8cbba34300b4138dd496f5c9f18d5dbab8fb32d6f5f9cb4d,842a44195374ceca9b12438f74a7e517e24fa45472df46f194ced025093bf98e
s2,308,88297,70660,8758,8879,71334eb88c5a5aaebedb8da397cefa0acadc9cfd85f675ae9768533f09891a41,612be9493d2ac68313db3b56d48919b3133ccd7bd46ae5aeb6e85f11ff0b0af3,cf40fae629a8426c726f0447d99e565b7546d6f68b39765de8faa6c5432edb72
s2,309,87312,69970,8734,8608,0774b96d93e9a55c9fa8b861873ce6af1897608a0e02932f6fd1d0bb69a305f2,e2eacfd7305f71dbbd0667170bf8d8080fd2f7cc290a5f11eb441326de42a8da,2c07bfb943f10d714ef337e0a83518a9a013186c9d40b6156920ac9b6df9f127
s2,310,87512,70054,8681,8777,e0fba3423dd612f514649eab661222fd22130b158792d758b2800cfd2d43fbbc,ac737cd424da74033093cee65d38cf73bf5b23c06b9603c64df820753a5b191d,8ab3f311e73887812932863eed49451187f4697039dc4b4f360def58e45c2cf9
s2,311,87976,70431,8709,8836,aa9fb46797be2a460b5a2913b2b4c04091ea6e47b7f35253bd992c17decb13b5,9d98c9f5f7bd86f4e51d41f75bf4071045f6dd23b5ae28d4f9b1845f5e03ff2e,9ebc2816fb9680cebe0410a81900bc4888d6eadaefc77291b2901badc9f1722e
s2,312,87803,70380,8652,8771,f368410c64d9f18d4a0b66ddb3b53400b9aab7b707bebf4bdb3c5959596a12ea,f1f14aa815729c9152184f929c44a1f27b1cdc89c662e46057dc8b641591bf61,1cd0c3f7a0e2957b8ee88eff6f8291cd2473bfa67d6ace9cdb3e0f8487a05eab
s2,313,88188,70594,8745,8849,58e38d99ae577949e35d165faf3b8c3b694ec9d6dc24edcfaffad8fafd3d1978,824fef3b84d4d1bdeefe66d6f6c6c07e90aa8d105e8187b20f3093c8dc40203b,609666923038f5fb02163b778486c32e3ed5ec27079056d54a363b38899d03bb
s2,314,88007,70574,8701,8732,ef889d24c021b9e07377ffcb15de615446568f8adaa02e6974744df2698403e6,58a220bd3fbeb23b2de3aa995edaf3cd6b2989e175253b9f898703c7fb692d62,1854eb4a07766da6633db992e266498c44fa7903ad0b584e58f73a26e33bf4ef
s2,315,88414,71085,8696,8633,75460de759c5fca7e17e3c909668cb4f6024220921e3ef91ad79b5f0329b0036,314fa54ff333a89139a7ddc2469d8bb05ff2756c83bdba8f0d84cc17c065588a,47f1f149c41954f4eaf33cc61431776f0ce6372300f879ef8bb80cebe2b4ead7
s2,316,87491,69987,8692,8812,3b519deb75f625c198bad1db72938de4c0ce220b739f7c3c0243abb2b48a14fd,e4462782057146affd7c7b4fbc8ece26c072d544c5a62f647c9c885c543e0a8a,2312deb5da8e9d4fc0865202aaf4687da034341489f0fe7fc0ba2c937812e0f4
s2,317,87992,70584,8586,8822,652d261fd698f7734969c8ce632958c75c35f554d38f9b812d36492d1ade70cf,66b3851cfa08001b60e1bf9feda9f6ad9f2817e3e5cd6bc00036ebb607698001,78d14ab5183295c724553e28b720f97678c05c27e9401c17fee6436b34986f32
s2,318,87737,70196,8741,8800,7ec825ce766b9115a5bee43fdc3214f28b49a7ff8c386995611f7c4e1f0e0a24,481d5b7df6fc3563f84a103dcbd3a5ce9b12a00490a85e04f17bd0f502398faa,7da2f92c261294ce1c1e68712b223c9180bc32ca86bd4db57f003e73a48c87fd
s2,319,87644,70232,8770,8642,3fe594afafbde4273779e62794a617f0ac4c37d50ab0ca9fa1912948c67134ba,1834435c94c240e2546892b628cf218f863d3e68000ea12e07078c23e3d036cf,3ad0c26aff8716d40efc47ea499824b92f6d7d5043fa2e4fda0f7e334e7e399e
s2,320,87747,70116,8719,8912,701b1b66f29b01402b90db6a0eb013c66127d7a07f602e04c260276fe5b0d5d4,a4cfb8b47d5df363d0b7d178dfcc2676dbee4f7890b0527624ea65da07d07463,8fd24c2cdd790bbb65e7124afe87f998aa4f4d844ca18f94dfe2407265bcdcae
s2,321,87709,70067,8818,8824,05f6da93cc12ef5d6958203a22b64ac1b327ce7f53a710e6928bed73d07a941e,d5b094c3e8c5399ff9bc2dde4c3f10f680c978f40c933468411e4b270bb35ee4,d4e0e44e872547a191275d6f4e52b4f514f11a13030e0554444f235156495349
s2,322,87634,70053,8750,8831,6f6116e979d72c48ba7181898a83d7e604d2a494f7d8ca869b621e1ad6db660e,5b73047ab7f1d1d811b7276c814fe69a936710f5a0d9ecc80e7f6172961720c2,ee6f132eb550b82bbd5fa4768ab7fcf2b5d3c6e02f8e65b93bd08b18c70237a5
s2,323,88319,70600,8899,8820,bf07472e3617b5be3e6b208c1fb3dddf424097c911a0040eaceeb6180be32a06,ca083859813053971d826d8404939364b85b05ccba343f5220aa9773136e49c0,498e72001cdf6e737f200c9a5abb6d810631a55ee9bad9725ea3ec79d8c80ce0
s2,324,88385,70568,8893,8924,8a16b3a3015df9ecf014accbe44e6cb1f24e17b11582b4d84dd62f6a242aaa66,0b6b3df26973784469cf7b683e1694aaf6ea3a62449068d8746b3fd8ded30649,5035c650ca6752e35351462fe01e2ef6facac200af501bd159f76da49cd2eb9a
s2,325,87944,70312,8753,8879,788abd2dd7d8d43f094fde3925e175b86cef97bf90eea498cac552ba3588da89,49ef0f085e3d486a0586af8fee40b95204ba988ac6b4bf0565804a2a3e76ab64,50cbcb6b4e129721f36c0d4a7ea5b0ae579f89363aba131cafe527ff242f91d2
s2,326,87634,70060,8706,8868,ad25c0a6d18f464071e55f93bd80541961b1ff5c4250f0d375ec450d176502e1,637b34f30f7b7132ad10c19ab13c7e5f28bc24af1b4319b6d6396595034a07ef,9312d2e2a40c3f85a0a7a157ddfc889250de06438f17cf66174ed93acddd806b
s2,327,87896,70217,8740,8939,4d8a3634f78f0a4c01d141edc81999fcbb00d40848bcf9a1c2be9d49845e2ee1,39eab0af8240a37d69c2b0c2d975af8e4ec3c5f86cfcc15f44696e8f94e9d8fe,169f1a2dae29629f1411fddfa5cfecc8d7e9e6421f597308a4d641e4ed804f51
s2,328,88113,70619,8726,8768,c887e3855ac8147c209e1a3f996a1f5e7d493f1359e8434be366bbb56d63b676,886e79a44da55aa4940adf6d274194433eb8a3f2093cb9f276f890ef4b2d067d,af9319b365a4aca1fecf28f25ef45ca7977c83f665e2ecddd24da52a7fcf0791
s2,329,87500,69988,8781,8731,ebdc4b30e03ff9e0ac7876a8f4f72632e4e4b625d972972494e6ba05e29c8955,e68c906e58f57a9eb4e9b2a26b14f6ea6a9496e7ae100620763d7379b1289c51,fdf560c1a05966a7574681c075a36f7072fc18034c08d9cad4bf4376a7aa344a
s2,330,87871,70160,8909,8802,41603dea79de679f9637f39e60ac81407b8c4e8d9f80cdd2d71ef7b6eb9539e4,4b7ed74a1bdbcf4505da01cfba9841e571329cb16e842636960b75e92e88b59e,99798a7601d90b741ad08490beff2e1116b05dc72d305989e7b8ddb1ff57fb6b
s2,331,87955,70623,8530,8802,4906f366c877aae9d50bf6113f28c92d749a2ff2ad745fee0b809a8a2f83be7c,7b14f925eb8c8de4268093cf73feaafc9b5e68ae38ce676e65e6da42500a78ca,d0a189ba6faddfc1663f60a9368579b0da3337729f2f1f941e44616d46e26199
s2,332,88293,70572,8937,8784,1289561b9dda926d821f5d30aaf8c0df76d3091e6d5fd728ca37774da76abbeb,0fdbb98621237e19d9863dfb702911c3188970d1e9a171223bbe89425c7bf01e,4087c7682307778264d5177ab258acf74e42080963c7b08efd5dd847384984d3
s2,333,88469,70694,8873,8902,b1cdc6bffdafd29fddf4390857a1f85d3a26ab7dd74176b1cc6ded65e1e296e1,938db55298ff3041273135b1b16be9e3a259fede4077f58ec9a865d045dacbda,ea414837591418e254fe0dd0a529ca6fb1fb083cac07d2ba98addcb570fafa9a
s2,334,87285,69815,8803,8667,cc459753b5337dbd5488a64355370d4b06c9f3bd9d6c883a02fa9d18531b33f5,22912e3405b1014a9b61cc37a7cf75d2f380557b1d2cd88cbdc00467c4890d58,608da82119235696d14d8c1ec361fdb4c3ac93f9426d1e04f88939e2b6f94a47
s2,335,87966,70480,8638,8848,dcb1b2a3556b4f3cfa2e8dd1bea1911d6e0f4ce7d4ab6ac52107caa94e72d10e,6a41f3f480a59470db70a061a0b0aa7f81de31afcb4dfc77b545ddb979f0a72b,3980c19d2a5c9e93972b68a5c682ed6abaafb35bf5d746b7a24b75e668850de6
s2,336,88024,70387,8974,8663,b3155247e39f78043611b808b79d5c6d4522d6257bc0bc8cb24d2348edce0ab5,f92041d11791e10d20158a86a7232f24b626367775dd924298d0c94db7ad25c2,1f65f62f9dc71bca4997d6664a00b0ff1d5c1152edadb268fecbc1a49c984607
s2,337,88292,70477,8824,8991,85e78307f21c31ccd084d69260ed862d30863f2bfebde099fa9ed378a5882f76,8fdc398687cac209b3b9f3b1ab22d42c04d5f9bdb3cc7196d75fdc3d7727921d,ac9275803ce6d9924c324703335efd6febed03bc2b20627e35d05aa2c3ab3c88
s2,338,88232,70423,8905,8904,e49938b85a703488d6bf6e4c6da5d221388481860c85a597169b3158c8120647,8691970a91645217dd719d12e764fde01e768bc0ce7e00b8ef057ecd7dcbc8a2,bb80a6c368f0b255a117bf113f61193ee4a8d699ce4cca6d2281186ca87ab24f
s2,339,88117,70449,8804,8864,40c7627fdb571d95734f7151d38a6735209447e449e5c7fee12303248585d0a8,3acfe3af836e280106ba251b223c7a0b54368fb97ae9bbb5bc96fbcbef62b238,dd48b0cfde7cb6bb2d92abfb1691e6f5344268d0afac1c4531ed2f4ef031a5bc
s2,340,87931,70531,8757,8643,9164e38d6ff5441cce82ce93848d78455afa120a0a4596d02987e95f4d572406,77e01227c8f5ac1d89bc564affe7285cb8b337d57db1dfcdc0a109e535626dea,54d111ad04fdc0d4f0db75b2bbeb27812ef96d2e5fb28a91ac6a26271b55c51d
s2,341,87690,70054,8818,8818,0023f1d0023d3a84a8d0594931d98e603d95df44f1ae97de090b2b30bd7cf36e,c29a5775a54e82fdcece55885742933f8445716161af435601108334fe8038f2,91eba2c8e2eb0ff30b392aab0d3d7cf2d820ec6b49ecd2ed7470a7a2ffc09d8f
s2,342,88090,70600,8723,8767,cff5a46a09d623ec32acd382830ef74c562d56c8f0d42c23a6e6eec4a484cfc5,a2bab245be1f8f7e88f4359610a59d82c1334cf9e826685819e9785828b8ceed,1b06e7d603b078840152e03d7620a8990e7c584e889c962be92c6a2a4c82bb88
s2,343,87864,70176,8821,8867,45441b33f2c0f9bd3d2fc980c47990abe43aa88abf7edec163b3db1d1bd62d00,04e8ea9cde2ed11ab4e40b4a6aed838248a362878343724985cfd84575883b82,c85f99a875f3f8f3c7e860fe7113c4e94195ed098aeb4d4984a0f8a109edd509
s2,344,87966,70520,8735,8711,367d5ba36f7db226494c4eff5b6f72c4ccffe6ee28971778438a722192f37e9b,7c5cbb3e1863fd84b5e93b3f9018b0714175e0792d6987ddd491c236d9cf18db,d84fb54dbdcd7c55bdf324237a475ade2a2ed37f854df01c5fea9a9dbc9b31b7
s2,345,87629,70112,8756,8761,351b38cfcd0b1ed31556cc117681e0cbcea310b3f9ed59de2ebd51514932d466,b2c24c7f51c04632dd6245e35c27289f5daee48359d16df62a052798d86e2213,ade690dc061e8155b2b9a3102b54aaa506828b577647ced26576f39670ddd4f4
s2,346,88165,70464,8931,8770,565f39d06573ed2b70ba4f58d2dc9ddfce3767fdf61d3516d7857e8d35129f31,24b14b258209ccc6de90f5a6bda3b1c9fc8591a4e92b4c923911c6e8e1d8d1fe,8ea17c4c4ffc14ae980101c9a1a6ffc8a19f49b48ce66b08d821674f12839e38
s2,347,87972,70195,8945,8832,2427864570044552517b4a54922d2a986704da2549cb0f721837754c715109bf,14da3720c6f90396b227192bcb2d3cd0d423c79030d9e8f8c87076c82fa249bc,3bcd46e7838771677a45d893ece02f728cd0cef441648e61137deea1aeda1e86
s2,348,87823,70270,8670,8883,9aecbb8a2637c9ec33b10af1ee1115105b6e88dc0827794387e4e206e489ef1d,c748ebb2bcb66a8a9da73fef50413aa02ac5e48e54bd79da4006e9ba5c3446f8,368cea2a237fb308df827d5dcdbc998602159f9d8d6daabf930ceaec7bba5a48
s2,349,87585,70202,8593,8790,b64a304e580d0a6e954efc97cd515440175dcb0f27e2a44705fbaeec5c5f6285,5427082d06f1e21f76f319fc938ccf0888e2268b9458c69400944893cb5188fd,f3dab10ab7659d81c3669e44e4cf9462e43fe628c1187a7534454e0bcdbc9075
s2,350,87620,70209,8581,8830,d6330637b5da028b900869c07a9b81a94a6ae39fb70d97074647d8b9a06a7181,4a216722245b6ee3412fb8b142d0aaab4aa06ee6f7497698a6be3584d0e9c4af,98a39e53befe52b3516f1b51f18d20b665f682330290757a8bc2b658fd72e61f
s2,351,87848,70529,8591,8728,c2af7809581a88afbd7879c38b038b652cd0ab5cb38a03a039516b90abd3ea98,41cf42b7c9822481737ccb082baa0a487c6727b995857fc1067b8a14c8aee28b,db61ad67d4105db97ae7f942acb106aa912daa9f2a8088e53f6526331f668a13
s2,352,88024,70445,8790,8789,f69ce9d8e62426735ab42c97ceee9a1d774d8980de4dc883185f6e38cbe970b5,aa9b72ad2d30ba8cbf3ea7a7799e46f73f2cb120b25ea5b7d406ab9dfaec5ba5,44db83a2ce4d78bb1b9af263e44612a3ce144739f692cf93ec64d911a3b00fa0
s2,353,88642,70700,8978,8964,195753c7908eb53513109af41627c7c95491495b4f240aaf5272e31568dc6e55,f19b61b61909d7ff5fe67a3572a7c3592430348c4aeba93cacf315c3c279489b,a9d22796dd0c1bde81d331c82be7756eb8876771d640a2f409dbd1f9be9fe77d
s2,354,88229,70634,8747,8848,321d1d65d88dcfce34b267a36c3c05b63d8e163c2f0efbfbf47386c8a1ba2320,59df8b06484f2206578f211b6d90a9fa16d8f1d81794596e73dc655fa4ca8830,3f3ebf8174d2d9944a173f1b9ca19afe149de95f62e2cd3608200d59a2e39412
s2,355,88089,70449,8881,8759,c70366293d17bd4a8154ceecce1ed328b1fe2b4c6aacf90551dfde5abd28147a,5cea8a2965a7c807ffa8e33a65113fae3b44076c8588e9ec62a1c3a376c00df0,1a066dc93122f5b9e0fe0edef11377c3558dc3d55853fad8f150e1f925628ab2
s2,356,87701,70099,8736,8866,29f8902926d3f4aa26fc2eea5e2e6a26c94148787c78d4d4b40c6f3eee3506b2,a7c5b524fdca92d10c4a0694c5d1ac50181a32937a2c54661e90045898aa5303,a8bdb12289ce3cdb36526a8280dbea0dca82e359d0fb221cfeb084d23705b71d
s2,357,88295,70646,8819,8830,44ee2b8966f5e5b0f0fbf1bfc9c917328f82665a79f41a86d89e35e2eb913f63,69be0a566e39a0d210ce177fffcd5c49bd7ad68f31038331a8d0116d97191e23,77e924fd13121b32539b591e6b6e8214faca3322392c638820632f1c215f57b2
s2,358,88120,70485,8914,8721,8a2b36f905e334bff3af3bd39388a03c0bd6e123c229bd1470a6f523ba698541,71251d34ef116ab3ac907b5517bb2dd1949451fbb209b999c5d4e3ab8aae1480,27afc866862ea6fec129ce7550b7480527773e25f48fd2a8ff21f2e59367d179
s2,359,88212,70549,8775,8888,aa8829918ccd851ece8d7c933071a6955a52cfd1b42ced8d06b82594e03f4b04,54c40d9d12158e765bfe7ad0f99d9eea6c05e377c38d11283794d0aff1e668e4,a91b0205a330d8694aacf5e00b4266327b45c3feab74c15fcd741000f047ee77
s2,360,88154,70550,8787,8817,bdbbced8dda5611841da91686cc1624985809a6649079518c0a85e2ae3ac8693,ea5a267850643f9d3be99622418c546664c9f041c176adacce2719e8b3176fbf,f9525415242ce35f0479d0422482f24c3fa82873f4f2d88f885093e14faab1b5
s2,361,88067,70581,8751,8735,288d1dd6555865e645f05f258bda337aca3d0e74e868066cbcee9dcb09ae17aa,b14548109f941a5b2d309d79bfb3d4e450a6dadb39f0ab2c08e378207c8c4858,fb12711a61a358fd4fbdf1c609428db597bd6b446f7a7d3caa34287c6aa1920c
s2,362,88104,70539,8705,8860,e34eced2c886d0dc5b01104d6c2d882b6549f5f1061dc96768dbca68efece29e,77a4fc5bf7fef4681cbdd2ca78f4975a0511d6078aef4023c3ce45d4a621267f,6893d00c68af2f398f4ee7454c82d197719e80ab2ceb1635a9e2b3b5205e58ad
s2,363,88073,70309,8714,9050,4b42b1df9a9dc6ad030334c4aeaeb186af0b4a9ababd98d5b44f15c9c288dd56,947a71efdf21c4eaca4804885c297f499f919a5f7d69b6c5966c85d312e4ae44,0a0e57e9edf068061ebc11ebddf9d0eaf803208d7f89a2b176e4be1c2b72071d
s2,364,87450,70060,8720,8670,b83213f37e5231ee03f73f7914408937853ee5bfef1d56ff20a3f460b7f4f02f,4800d7ffd639546cb4d1c822ed7e7d09aadfadd00e4d0b0c1dd9a7096b626940,366ce8faab93b35044b6d9b47608ffeb95b1ecd8c62efebeea9c25bbf86c1f93
s2,365,87776,70296,8617,8863,476eabdedc11a8580de79904d555abfde3847df35172cba07e7ee616d3dc1420,8672e2c6fe47f33c488e418b1fd60c9cdf177d79a541e8c2847579286971985f,9a7a420ec9101e154eacf60da83b37f73181dedd56baaf3c00cb7fe052f12794
s2,366,87376,69824,8703,8849,98f4325ceb959a6206000c9d595cd698b66c338ff00dece9aaa9e316fb63bcd9,d2fcc84a2438903e6e6562e5a3f831cf137a786eb33c570697c2f9c8909b4175,05155352e5478f1d7975030237ed22078e4ba4ee327f4209ee3a052786dd6e8e
s2,367,88295,70803,8736,8756,f5b614d027390ada26cf8e4477fb26ec8c74cd39b68e7f29519aa11b5e68e1f6,f7e254a0a875eee788bec5fd5af3c30cec385a4ee006e4c1a0bb9ab15a1b39de,d243c76ca107abe27ef32ddf5803db2526aa56481a512be98fcecca1434de594
s2,368,87409,69895,8859,8655,9d557e3fcd62f4e9d284865cc5c9c5448640afa72d3c8856f1178981dec9c3e9,4cafd7dfb0da2704363682c4066ae2610b7f9201835650f78ddf985cdaf0c8e6,7bade5dca3e979fb59cbcfb20bc0fe0830d53b86a3375b23c3acfbfdf1f85d81
s2,369,87625,70108,8839,8678,5708d719e6a5ee547c216d4f715e3f070640a533af4d5c1b78e56ce976b34c64,9379c0fc6cbac1347217881f16ba5900881f8bdbf943bf180ddc4c02b4eaac33,f29a4396b26e6e698a7357e83bbae5071384b110c92246dc617b4e49377e6384
s2,370,88504,70875,8769,8860,9ca11a446db42b203b52fd711a99ec2a8f70654b5ffcf26f5b3edba9b238facf,3ef984d2d05af9590a3b5a55fd37eb5c524ccf4162efa309a35f18c29a413591,4fed51b0b1e40fbbb22459e9499223fe39daeec467ca8903c4d751029372abfa
s2,371,87848,70382,8688,8778,c21abfad8b13cd7f3f0e532a0d116c9fddc31608da5c3b087d9a1d816dff6d95,2d94224e5168faa3e9323272ae3782ca1a10a35aaec4ab59c20f63fbce8d1054,0dac77fa6c11f6a55579b5045c9194b89255d05dacebd054c0a0d18a285eecab
s2,372,88035,70460,8832,8743,615e68888a894284218cf7a9ae4243823ddd0a6c2c399432b92ea54ce422b36b,9e96c336ee8d8d3ee893abf3dea5ded73bff2e9d31540aae56fd5dcb4fc704b6,2d00c2cf82eda0350f106f7df1132afe330bcbb06a9c211811578fc36a633bb4
s2,373,88363,70564,8771,9028,ef897066d009994a0ff28c8508ad535ef13178f701df5445c0c4e990befe058b,6e36de12f0951ae7c4d4feac59d7ae7297655f74f9a87b42006feea022741f35,cb302cff410573b48fd58bf0a0652c6ca7e7ffe15b3a8e2c6ce15a000d3b8197
s2,374,87765,70306,8743,8716,d75208cae5f6f2bea96b9b32630dfcaa2adea123f6a3383ce525d3ac93565b21,40665690acba9ea8dd89664b0a2250e6f1bf5d63521265dc32ea72657ca4281f,4a3103ba19f36638c5e0b5dd2150fc7db0b4daa819d64394e499abebe967fe3f
s2,375,87947,70408,8760,8779,e98bbe34b0713718af3931ca78ebcea54dfe08cffe9a3354f191d3058e1c5672,f4a9be2c1782718ff12865f3380b764edfbb0d394c2bd49346996741b71f3004,e7010a1ab05bbff28307e28d1979c6f62805fda9d33965d82b5f2d940eee7799
s2,376,87884,70178,8892,8814,d47a176cae5f813778be73a0a0de7dbaf3084f87685361423364228ae36c89a4,37a8ce1e518f17c0d0c7776ee649d24351dc9d0aa2ce62d0e69f55467ddfee7f,939db8ef11e5e468ccca7da6d86d2ce589eda83887813eeaeda003b4d14d481b
s2,377,87809,70267,8966,8576,560d5603835402d62baae11fe04ebf09f57fe3655af6ffbc608268d8260285c2,18cc054cbe8c962a09476ccaf7771ba981c1f5ed19ada5b6295830d98480462f,a0a6297144d1aabc44f81dcb57c3ee150b81d74a90399c466d84c6f3e46cae42
s2,378,87918,70247,8768,8903,e08ea6bca05043554f42739df80137376a85268ae01ab4593088e01683173155,8b27ae9d7f5abd4e204c27a6ccc7665737f88541d3d9967b94399112d7328490,3a1fafb87dd25cb51568944c55b723bf9fb1ed1a106ef262d1b98fce6fab9c20
s2,379,88177,70653,8788,8736,fc3d9a7e9fdbb94d61494ee80e7fc0c0c62ee27ae6718f0a8e886b720374fcac,68487453be360b77cdd3fc7dcaab0399c5be9c3c29d85da7c88827162ee8a354,5e1331cbd993ef094fbcbe6cafb3257b1a4ae26b4acc6185e03528bffc3e1426
s2,380,87742,70114,8822,8806,fe16f12fcf7b97a9951e3f469bb2b3b742f50f6a9caf090c5417b2c729e97f31,1f8c50d82789445936d11d03c10e4c7a1bdb6183ba980d57a93b8478d2ce5feb,ba04be3abf847cc74d31a8f32ca83ac522b3360d3a6ef52ec174b877498909b8
s2,381,87692,70201,8743,8748,8e19fb3d950bcf5c7ba9031ac795a468894db22b14326795d8e472d043324e48,7fa9dd2208bcb3b6397bfa92854886f9b88b80b61968b915548efbdcc0cdae8e,9c26e7e4804a82676fa64cf047bfaacd2d3fbf42eca8499cfd4b3f6d2542ba6b
s2,382,88176,70682,8656,8838,80cbee62ea7f8592b47c23b6da623c4b24bde073a5cc637aacb8a8f470256d37,97041518d300383ab1e3f9c6dd8579542fb947cf8a10e0b117f3a4bbe24e7230,22dca155cdc42ef879fc22ba09ed7af381c85e51409690ad3130bee316b22126
s2,383,87693,70230,8759,8704,4e48887f5681737e4c05981fabc215980ec75d92f6e98fff4ac58d4903a514b6,d5113e1cc8fed350963ca10f666f7000f83832989c47744691c25a045cf1b421,11f66d8d0ded28553476ea00f99b5b27ceb45245f9cc9ff21a04616c95089080
s2,384,88098,70521,8803,8774,54cc60d825b36c0237235494dd3d3c7aee03bd077f17384de78a30f1b6657142,8d1130ef8ed38f359ebdb17c532be0f7999e154b6672def4475525f9143838ff,f27a25ca981668cdaf705b5c92b9bdb738ff85821047ccca4f6297f6a6208b74
s2,385,87725,70235,8699,8791,9b6c6825e0d42bf95f8e1388f5aec851dca5c7c3b628bff06d8d447ce7c66264,a93fa69860230c73ad2f699d647744ade8d5681e5ce3ef74fda49ef477fd544f,19780d2f1f27ae5c5df459bafa61b3e7efb8ea40358ac731b4d559e8ab52a008
s2,386,88104,70474,8731,8899,839f90ea7aa761ff220bbc79bd7033eaf5ba837c0c869be6fc99535bddb1ae7d,9f76077a5dcbb778f29414de28ba5e6d71a74c028a984e35f8073fdc614c04d2,407f741afd16c2a8c5058dc3604d8a58b0e6cc71f040046c0769b6de786e0e9c
s2,387,88020,70656,8794,8570,942cc560076973359da47a4cf24d6729811b79ad8c30247fcbab1178781f6c64,944fb6303dd96f6e504b2b77a927285903fda8389b2701a4ba1051d878a81d67,de755761396001107cf02eb11987c56015078447c31f87829b2cb7fe492d8235
s2,388,87828,70347,8755,8726,c0bb37d49055fb4406500571e2bbfa00d4ae4c27ba470bec4cd970f9a4867a85,1f1621c8a36456a8a6d801bfc384918200ad2f3b403f325398f6b5ea340cbab4,257faa8d1f18a531e1a6f800cf764e3e4567b6d301ff408d593d0292fb37da79
s2,389,88003,70602,8580,8821,2f3712ae79fc0ac5083ba08558af458b63ba44112053acf21978b56bc87f3cf5,2034fc72372febd77fe5c7860d07e705839a1d151c9127275b5dd39157d10cfd,2fb1ea4ebc0579048c50b36ce283816a3c7242401dfb301eef86c002c838a2f2
s2,390,87675,70239,8785,8651,758a88d00025d3c8a7f95ad980550da17f2544c85c686a10708c38baa6242c44,7f949394a2363dc6123f365fd13790a747c27353d15edf833e07856ea31b5f7d,1a7ea0619ad19ec66237736440c1b0212a913579ec9baf5ee71c0ce91c16b295
s2,391,88437,70653,8942,8842,74b53c99e76a8bffe3d9e5358a984c4f227aab0b7187c390fb78e445c88ea67f,649c301ba385cb071f24868c74853efda7afd2b92c4d7badbca07f79fecc3205,1af09435dc83a0082aa145a8f7535e5d10073cefe45d2da00af444c8b3880a71
s2,392,88177,70795,8697,8685,3c942bb0c59f5803b6e69fabaf6c1e7da3de51c2abb91d5ba80f05d8a459b507,98b3812678ad84e735590dedcfce19d2aeb5325dd18d685c292ea471604132ac,d27184f3ba7cb77a927a48cb0566d3a06f0b53a92c14d629b45b0761c86182ed
s2,393,87872,70237,8811,8824,cc76bb7fc788931948db46b61aeb2b6f0958ca175b6f29a4bda24279046f962f,868d262b60bc18eb8f1a33805e36e563345b5412b3f2e2688332cf721ef4d90a,a240d08eb3fc4522b8d977682a1e4eda457ef7de9cc808fca1280f62dfe81d3a
s2,394,88066,70660,8703,8703,e87ed1c83f152881a2da3732a30080dd8dd34b5dfa9d7a718a17b2d682395122,614d967a4c221ae4f14e3d91e501e90ea26c0ad49728081178248d21d9628264,1bf20f3457c92fc1fe0bffdab1f8a9abf0c6fa60217752a79e7c93a67d9cfad8
s2,395,87933,70258,8812,8863,7fc9713a741491f8d04755f76fec535b54f7e5455e5fa90a1ba2b0adc01a218e,916f3222e031455034ffba480027ddcd7ce7c95daf06c3bddf17b5181eb6565e,42e0c7056bfc17076711de335b12d4cbdb05ada897c4ffd85e783217b262ce79
s2,396,87488,69891,8787,8810,0d49f8d4e45b7b93d764416ba1124e6c6776e07cb10e138166a0a25c137632ac,d025ba9436e8f50f447d5429a93c030943a1432d5c1852128ebf8709c27f73f0,700b90cbece018af0c641c12d21afc11b0eb6da502a71c0e26cccfee6d0df43d
s2,397,87903,70501,8643,8759,d8c552bae9d152787536a8251a9f96cfb5f789c4d5ff363ef4f6c8aceb4cbbe2,065dbd74bbc5ba99a8fc761cb5794135d07f5563d904fd6efd61281fc49d84dd,21660843edec2b0ba517e50d466beb2b212446308d4b91eec54585a424e6f535
s2,398,87948,70203,8970,8775,daf4a9479de69ed62a31e1050d73ae6fe1790ca91f7d5db6c4304981638fb38e,4518db7ea1d6603ccaca528a3dc577b9a236e75f3c793588c54675efc09f818c,aa41eb48795dd8bd8cb56312602adecc85ea572f1ba82e23d82a6f9f6232e404
s2,399,87597,70091,8696,8810,e2b2ca9c51ede35d5a3a05768d42fee7565342c3479da12111c34dff234545b3,eb0ff917af14d6e15a0bb4deb33adf172024e9e02f4a97abb09a972c24e54568,1f804e88174928a43be3d40972f33dd9f29a7c9dcd8f393561cf4cc8858318eb
s2,400,88105,70516,8785,8804,d7fc1dc4bcabd94f93e3708b854c98cd101eac9700166d9b292eed39c8da3e46,bb47cdf2fa18056e5dc0f8f65255323417512db27a24eda6aad2e97db23e964f,1376668999a5b5289440e708feaaab9ad32948b6da1eea933b30ecc51fdf797b
s2,401,87990,70390,8772,8828,d7b9ec29a7ed2e1f09edfbdd306ec5d4d04bbaa0c936e35381d4b4301db81d89,e18811b15b7abddac2c125db23c567264454bea1ad6a2202311c5e4340c279fc,4306ae824c1f1e9c71dc0828fe03769d9978d9495c2746dc880e0ca57d704cdd
s2,402,88195,70588,8639,8968,cb67a9e3e0b8b31b307a5085b39297d8421255df506ed3dba2f1327dc8798ee1,e54c950e438782ce529298a57e387347af4f453ac009e19a9d94139368eeaada,db22b1ce3456e2e0507916db437ef404243881ebc83324495bde13b5e1c01595
s2,403,87800,70193,8776,8831,188fbf6b079cf70898c19feabbadb6aa28ebe6a0d21c91ae01e71952b2980636,277f857c950434ea623c1bd0f22b845fbfe9ef0e9d43ff62ffc2d479b656e4c1,a327468e493bb79625a3315222e637653496e8d97ca9c3b56f05146f37d91fe1
s2,404,88254,70533,8846,8875,87f952a6c140064a0df90aa22f63664961edd281b605c9d601a0761a837dffcb,f39b3ff6fa55a11cc923f399940263ed7b7ebe970cfc04521c6efc6d2dba3f81,ae49aba59cf2c9006bcf42c1ff21fa3ba891a06a25a6b5a90c15c57ba0bdd8c1
s2,405,88129,70539,8763,8827,216e44faa0be2fdf06a324f03968eaf0966233f1fa80e667cc2ca19f40d9e329,52f0e6b324ba84efbef223b861b4a5337bb3cc197ec0f9c3750b4e2050f4a8c3,626b6e619996e59b5a41e58cc9d012d898b1ef6461e981fdce64c33e3ea20c96
s2,406,87966,70333,8944,8689,5b7f7c55d6d792eb1018a0a5e784faaf58424181b1773040c3e57f8a5002a55c,6b1fb2d6b9b93a3f177bfa9ab91b947e3e07811b29da933f6ce6e9ff792056d9,90f712b7732336664297e4849c4bfdfbe9b5073840c028d175357dba93a877b6
s2,407,87649,70195,8822,8632,a055c5eb82b99d6bb7f73991422dc8da20297c78cdc8202f27cff11b57fdb7fb,3f7b057d095160b8ff21f085a6e80e9462653c950e197608215de5a49714fd36,805e1b9fbf29e06a28b7ff271e35a61065db97a3f1a54b855c0eaf25bd5db540
s2,408,87960,70286,8770,8904,db69813e6b226658e4bf4efcde0bdcf907da54e359c163c873e36a6b3e55348b,4f71a411899cc5f8b2e25df8a298be49a219acf03803a5ad745b698560ba77a8,51a9a3a3f6ed826415fc394a42cc25de88dea52bbc1dd6fb72f23165c95b9d17
s2,409,88246,70533,8856,8857,7eb4ca6466985254da79137bd90b873088f245ca349deb8196ada0dfdf87eea5,bc0c8cf79f4133c938407b78bbea5a9686cdefd2700c0a3639dc614fac801b7b,1b8739b41a1fc7660f1b966ad84b87294b928c52d514ab74a988a1438e4420bb
s2,410,87958,70611,8674,8673,b05d0979baf3389b50e6af0414d195cd0d192340858a9d5195381a16069454f8,01ae2df7108b35ea436b4a146eab91face35968cf8cf7434c6fb3c1765bfab11,57178552bc0de29fb45426b9194730601dcaaa468602d2eb3bf56a9df018e54e
s2,411,88056,70409,8875,8772,ccfad6fabf9c9f8309d5cd6d6e33f5004f14c40943d4c9c6490d0ca0b88321dc,7fbdb9f4d966a40b3c3c1b0981b5569e085af0fe4e98ab7c453744a116b546ab,70d76a086cdfde959e0e481499b6fb793a03f33e5182306bce36ce747f5594f9
s2,412,88300,70442,8958,8900,0977a7f4dd1411fc13177641b53bcfad117ab2bfe88bd80d1e97b114bf2fcdd5,f86643e27520ee997d334ee0b5e3b2d42525ff8a4e7fb275702ceaac5672df54,097ae8f1db14a4da606c3fdc5cb042495e2deb97f9d4a4c6475e97db76249fe4
s2,413,87701,70003,8884,8814,6737273722b1609e68a05719313b36fca752ec23b9776a1f43ada22779ec8cf2,9bc7da7771d36f4e64a5292a0be8d391c40da7e719910871fbf9d42cc5378cda,9a62ffab202c7a6914d4d689907249a3184080d35f1e9ac60a44562c0ef1a968
s2,414,87927,70457,8724,8746,da5e40af3a88cb2849947b9fb01757353e79156a729d4399c5cc53592494d132,61f488a2a15fbfb0342118447e0c6de2ee4c0a2657efc0099e0eba5379344273,5d074c8a001781ee33f94e8cc83ee310b99f2c48160e8b28206207a7293ffb17
s2,415,87720,70178,8735,8807,09236e54395449c8760543d7a7a693acd3b9045d4151aa593cfa028335916c92,f977f9ee7286b86945ab4937ad51749ec64ca6f2fa23fcc814c622ba0663b525,56925d158c2d360aecced1c86b7c8b7c758991c0adce9751fa7593c941581c83
s2,416,87916,70374,8768,8774,84c51282655e6385809d0540910e618bb2153c93ba71692f72e66d89a0b23656,df644162d91ee2cabdb5291b716d228d132ae4d53b70db39fcaa345f886efc5a,d22c82200ad23bcbd0272826363d381286e53ab5a31a11ae91497f34861e6066
s2,417,88171,70703,8790,8678,95c58a9ad7097c0a6654763d3bd0c3f2cfb1087008bdf4335d8ba3002d60ba29,f4aab75843ae5df60da41c43a87f547222dcbef333841541b318dd57a27fb61f,2cccc0c5eff1b9d20a1c351aacbbb105607f1ceed74a3a764bd23006d5c3420a
s2,418,88266,70448,8899,8919,0203edd9306786d19fd53083829311b2e69363cef90924d55232e2a4e36ce862,7ada557a8f590a32c7c2648705e5090f85a50e645d420d1a7b3768e9a0f9535e,4d189284052f70fc691257e2a6e8c99b7a2172370d10745a18bba91bc4acccdb
s2,419,88062,70462,8812,8788,81dd3f574414933e8934b0bac4df9361ea10232a6c83393e46399405446593c8,be7cce7c5030e68c5ba27da7733c036a32ac3c20276a4d3e0a5d4a6098a00c6b,f307ef43431badc8ce2f3fec3aefc9f98c31aa721804e015ef1e43a2f2489928
s2,420,87821,70246,8740,8835,2202e7f7b9a2928410132e6f2f845bf543c6293f579782ac6cba4718156bb8b9,30cb737358beb9d0973b567f97ad2c579b2c162aa56483a8aed86608298befae,c1c972f43b0a0fe23c2cbea7aeb8e67fb09ad3c8f30d93ea9e3a8fde55b5df55
s2,421,87135,69798,8691,8646,1031e745bcd58778d996c861719194e61ae0f16d4f389f36c1507e200fd47186,6198d93c8ad125c1940dc7222eca8782a16f199ee3b886fc414eab0c61192e9e,d6e14747707d939caf81d209621de29e959b5204dbed9e26c42667bdedb5ed6b
s2,422,87960,70299,8798,8863,ced02d94ebc63cf0bb758fbede0bb38dff35729a0d72942f66373e253da12ba2,3bb2eae83107c5d7e45ab1ef0a18edad0ad8939a3a813efc6105332ed3c37fda,bbceaf921d1618a15619e73f966c8b09f37b2b79001a4aa0e8abe5980ea0fb38
s2,423,88023,70393,8817,8813,f70fe4fcca9e4e8a776db31c1d59b80f8e65a1061a73757f0ce5d39c50a44cef,1d94ee1de2a003497708176c64cc42df0b1bcd659100a7bc984ed5f13bdb6c0a,bdfba11f6e7cd28abd262a10e04fe768a18f39f4939034b93edbceac3a5e9f16
s2,424,87971,70445,8746,8780,34b4b58bf907245c56c067c4b6c510a8ffb8de7ce5a0f5e2473e9d85bd1e639e,f4dbea32da7058a45dbba713012489aa8c44296da6fb77c65abebf080e47730b,17d958fb2a62c2bf1a042d5c0f4f12150965687c0ce9e757fe1203ac50fa3186
s2,425,87855,70065,8893,8897,ebeef2806c6c6cda7f7d5424ca5d466dcf2c3993d015dbc11b33a57b8eede594,9ca8c5f5f19148d2b089244eb7977cf1448b5718cd81de78949789e80d820f59,97d87749b809e9b7927515aad64af63dc82542c5d1a74c5f5b9d964514e2c84c
s2,426,87510,69898,8726,8886,f30bb134d49f47e4df525e600ce6a28e303a0e1e267c5de4d0334cbaad9677d4,30c7858a3162aac0fdfeac6023f27c96ead467d2b217fb99e8bb45af300264c8,d341246b82bc0837c9af5be502a2dd184b7a9d9b8c79e00b129f0ca70ce73fcc
s2,427,87960,70359,8734,8867,141edca32956a7c3e223c1acff60c891a0e14f052d396b123f97971760da2cab,9c8b8a25fe8c0bff2a6757dec93450f6d2d93a631b030f799edc4a59206ff58b,3e570fda05d980ab0bcbe44e4c7d5af60e0ce4adb61769b14b2ba057726ea5bb
s2,428,87767,70066,8799,8902,fecb9e46dbdc21d94dbf98b56a11e184beb2043c0d6f73aa9f22752e3258284e,4333492fa354bd8320f2731427bbdcc703e07b2ebf98bb169a5eebcb2442a9bb,1d7528d2b677f96c9e102889ee833e6aa45f608b6d8c19cc79b0847ba46696b7
s2,429,87708,70098,8903,8707,38005188b1134368f2a78e79ce5102dfd0159993eb18e2aa741ba4335c6b5614,6e6bba4dbe349451daf033814c50841def8b950146b5cf8a12d86a2b3d7d654f,537f142261261db9c9aedc1887884beee503c7719b1d3b6e2b492f3b559f92d8
s2,430,87816,70250,8785,8781,b243e34e9d96565106aa094251032ea76424cc977198329d7897169aee317d35,98a579842b2b173f610441f699f7e22b22dd3e7014a836c99521ce0bbc28df43,a97ecce1515a2b1de53ecce1f55640e7c6a44770fc20f19c44169acbedab87a7
s2,431,87713,70084,8908,8721,d6303da4fef16c1fdceec82f5e3f8114decc8247358aca145a4a031459e4e555,01176e5e289235ac0af9b11fa6fce358962f43e6e3f06619176889d57e1b193e,a17431400afeb67c0b53db697ca864529c44ceed13d115683917775f719bb1f1
s2,432,88176,70412,8957,8807,8d806fe281eb052e0ffaa4e39569ac6c66df7aa2d7c5d42653015526acc3f92a,653a318d5b771718d1081b114f9c86a19ce0bccb0dc81a995b8aefaf884eb92c,0676dacd23ef21e5542093cf164bafdc6a79f3a56ebfd4a38f7695e29e2d9fdc
s2,433,88016,70368,8882,8766,dc528c0570c8b96a62fc6097c3f8c03ad804e68b5df753d421380e778638e584,b5be6e50328261e43917ab87f06116a7063051fea4d4604145a3995adcd849e7,6095213dd86824e131b38d5492c73258d10b9023e33fdb27b512cac6a75127e9
s2,434,87902,70317,8824,8761,32984214e228c67ce944b25c2b79bc60a1faafa83a7eb7fefc5aabba44a1f17b,6df5188af68135885d63dd8ffadb9bf36fd405ef1eeb70a9a39fc05dcae1863d,419853f074bb51ee5e2d378fd3378bda98635db094835aa58aaed6c098945a1a
s2,435,87657,69901,8911,8845,44ddf0b5d0ad92799cd02919fc4de955f0f21a15cd221701a01772c538638031,59a4f95226e9a440a251ac522fab0fe9287071e3fc55d23ec52fe99eea70e9c7,8498665d642045d96b55232d77d786e903573e3eda924a80986b7519d476f340
s2,436,87933,70188,8988,8757,2bfb6cd2b2780b1ad00c9b0c5b47ae37b82e6ddc2d25cf8f90f745316a8942f2,099e4a4607fa43118016db5e83247e9cec2e399fd00aedb1939dafb21f1fa052,c0814c909216d7f47a26e2c1a2e64092894e6505d74fd9b4c2c5096081f1a9f9
s2,437,88471,70783,8867,8821,5d53fd1af8de98f60b069f2bf536f97fa281f41178f62559c6bff9d72e4f561e,57ca81963c6771d7b33e0a6090d87361ecd16c00486986b1f83aa3d8b7c51408,0b9868b0cc31df8a9282f29b88a4ecdfe2c8fede0f600afabcc8109a59a20512
s2,438,87536,69845,8774,8917,df64641aae772fec1f2ba4de96398faa7ec3cca486eed9ad63a6056cd4db8b90,215b744f6186866a5a79997b77f9f8de09eb3dc9f733f1381bfa098e0addce6d,c4000ed338a9db681010bd1504fd5f46c81cc41a355934fecdeec9ba23ff4238
s2,439,88388,70615,8899,8874,f11c728cd38a22a08a2ea4eda8d92f5715e649e0fa8e6b0a4f75badc786fa3a0,696ce42a5adf4560af09a5d759d2e23cff45bc1d4c4ae5efa21e76ade0cd9c02,2ccc15591e96aaeb731e256a789b19a0f81ccc08551ca4700f54d24f70ce64fe
s2,440,87508,69950,8798,8760,953d767bb2b797ec83899f112f235c698e7856cbe119e006d28e75014a28818e,666c260f109cb76b67d98f8202d19fc6a3d5a5ab2fff07e44ac43cbd8a87a5d8,ed2f79dd324b65dde55ca5a5a33d162add7161a14b5bc7fc8c34b9f02fedffef
s2,441,87618,70010,8859,8749,e4dafeaec9b70b4086ec7509c2072f6d63575cdf91716820de998f30d5f131e5,2a67b734b40fd329f9b774bf5aff6ebb891f59a78d1feb2e129837d0b074d65e,fa2b6594986fcb3b51deb8133f8462aa05652b4518ded99e0ad6d1791a426049
s2,442,87530,69957,8801,8772,46d680652bc6b6087d8ec732569cc63793aeb599034cac74953ca6a2b47fdd6e,e9d86fad11e71374cd02c204820db405f24fd6f025a0df50471fa94050b1f827,50533f94dc58d29edddfb0f9a03ce4e52f7abe0e903d47b8ebf523c76bd635fa
s2,443,87952,70271,8824,8857,d52f6ff988a803c269a96aeca83a0a09023f5cd4d24b09de5b033c378da9fcba,961dcf8b5998e2a657d770dd7463df4789554c6c7b1fc0ecc6a7053aee3e5b95,46789caaf3c5d10e2dc4e65c93b1bda551cc36b9e0b993c82fdb805fef055b69
s2,444,87898,70406,8788,8704,a04be65b2c387671d129389284ec41fd83a7052015928041a08f4fa17bcce5c7,2e5ca26011a7dad39ac376f7d27b1f65ba144fa9d4484e53aed44d8de19e90e9,caf3f84b26eb95962c2eef214ebe43583e49e5f6027b2a4ea22b3ba1c2d92df2
s2,445,87875,70290,8839,8746,5b409b9052b1c1bfca5fd2a665ab2b09f0187d9fa2677d0628d5e6371ab5ecad,d25f25cb5fbddeffec98e2c85615c6e16eeb6c8aec6e8768439ae55794fa99d2,71255e7e5247424dabbaa56f0ffd19623cc2e38ec8742dfb4171300f0eff1a7a
s2,446,87873,70154,8799,8920,a19c86d8a72cb9e783799b4073bd61a4553d81132ce1c1dea66b8a7c5d769f7d,f37dd346f29cd40a06ecfef11b7fdf65ca4638d2fc215d50a755f6c0c232493a,9cc8f646b66b92d0366e2fdf6ce41b1f97a87b9cd6d9b1defe5675e1078b3bdf
s2,447,87778,70370,8777,8631,cb55b7eeba38d11232e2624e054d3f0bbf934612233191f299e537e57a11e4c3,4a84d0a29961ec310c4831bfc9e632b65c64217c24f032c7bedaa34b941a39b3,b2507f984c2fea4ee26c47f0dca5c076395e70f48583aba2f6de759aad0dfb1e
s2,448,87776,70179,8767,8830,387a9600d6a68bf52565b2f31832a6df6d68188edfcf74f71b5067272429d36b,2c8f79c1163932197129dfe8660c3968860dd85fe54e2c2a7333d3e0d17b877d,607a316f43977d31aa2ce15b87001adfae10ed114c43b9742f49fe4c33e4936f
s2,449,87361,69852,8854,8655,875c585878c2d3107e1f93f03d9d5cbb7376cadcf44e64dd19e88ad8608c4dea,02152e4d6654dd89ad9714bfefc43505a974e85442a078e4bb00e136d6991e51,4416321db7d630743475011e90ee878880772ab5343ec8c58ef394e72eb5d155
s2,450,87922,70118,8944,8860,721e7b51dddfc8f1b503dcf3ea7e4a62fc551c5807d2c3d52791eb700669915c,0f5021173fc9eba4c30599e717f539ade7ec8ba8685bd8f39e8d8b9c1f2ea69e,4f2d6541c4efffe8b4c5975220be73c1cbabfbd8f329db455bf9ed7492eed16d
s2,451,88002,70459,8866,8677,744161ec4c97578126de1b8f9632b14d46f5a037d7d285e9c46b44f8840358d8,c1b3dbd85eb8281f7ac49640e8bdad557f277eb43b8a4f8a60037409eba8d38a,483943aa8208f6a3a7bf2c3f2218f84b587df7758808cfcf2dd2efba8df8ec74
s2,452,88140,70597,8794,8749,d959b537f4d1677551f92d80ad5f3c41ad47eca7f3624565923e381dd541b037,76b8f73f7601341ce7f8ce3ed747729198afb943214278eaf3089c376f30bd98,cb6f82cbe9c5387c0f8afaeb24e58043f99edf62e2c1f4d183f8d1d29cf92b30
s2,453,87721,70156,8786,8779,8ba77318e64a61420567ae915876d32e65eabc2b72542ef3ed6cecdd12fa5071,5ee78fa5a61a752556410f0bb254045e8770404d55047d1444ff5d99ff3cb3d7,df76619c613c838f93370e35f5427388ab02cca36d1f1e644d662ab72fc34b45
s2,454,88168,70667,8716,8785,a6aef800083f5d9289daa9d89ebe543f5ed6119d2a8d7e77185b03ee231c208b,428c01f29bccdabf555c47dc27bc12e5d7dd9bca31cdf4869e9ae58838161619,bd8356dc308308d70b732528dcd7b80725ffb5b85d0ddc3b0887459a444a5824
s2,455,87979,70395,8727,8857,fd1ef404408a5c8f7db33c4ce48bef73076c3a22aa5566efbdc6378734d902df,c28c04c7fdfe7c1989eeaba3ea71afc0af791e89d4d1749c05d90e02a768bde3,56070274d50e78aaa03163d6bdc280624f6a12d0e1ac66807b27101784f319a0
s2,456,88067,70479,8799,8789,7b0511f73dcb5b8e70c5b71e6f320dbe543a01644ce3f22c75f590fea2b1a100,93b9d873ee8eeed144da738d3aa82dceeeb1c851b8a6ff7ba831abee18644d9c,9760f92eb545ce526c9b0790dfa0a8d875afbd64f6f1714f248cbe469706665e
s2,457,88679,70963,8792,8924,d0a8d335c81eca85dfd650f9ae315a1dbae6e9afb06e85f2df814f03701ebcd7,1554bc63f6a24735742dad94468bacbe332bf397b04c3e7c971984e2e5925f5a,c4697458963b4b16f085d3552321c053c2a03aa13dc47917a6866695368ac644
s2,458,88179,70393,8859,8927,56f047ef554214081e2b82423c3db29953c0d350d53a7e8d925ed951b37c5210,3ec37a162095d27c0d499f8f4739f7fbb287820e6fb872f81c67782378937212,374560d34d6c64c23da273a12ef6b39ecdc897cda6dfe1e18642f9662ddcde2f
s2,459,87762,69964,8840,8958,58371da31f9c1753b3b3bc1f0170f845951887abc4d7bb0bd0cf3132019ebe5f,1fb8ecaf3fdfa47f8ee2b701d4ad027673f3ae5a531098ac5886f5040931a532,09385cb64d1ec84ca5b03ce091be319e69751870c89ef5bb09830bb8e6a3a1f5
s2,460,87561,69943,8742,8876,4a82c83387e10c97040c52dba187ba6280ee2aea944a81a9a116536cdc95dd32,bb6ba5583baf56f4300c97b81e9fa540598ce08d5d16b4dadddbb962386a63f6,121f014802fa15aa96a34b423e6d8721319846dd1469e74ee0fbe2c5a895330e
s2,461,87698,70235,8758,8705,f36fbb91cab0ac9e4b1e5786e48a4ec64938bdbc609f5db93934cc3ae3f2c8be,81bd7e234af084377d2c9b9a73dbaae99a3aa484db4b5993403fbb1535030e34,e53e4e144186cc6019a92993fcf5fb7fda1e40f12cfb11ff96445da516b74c53
s2,462,87619,70211,8612,8796,433475fbc46468426ade8c6c1bcfb74cebe0f68f930424c283e1c3a571539849,778c37ffbee7ccc2803a93003ab075b3c218bf00e179f9f89eaae4633ae90b42,262bf3fe31effff765b14e5507eba10d0048fbff54267aacdad7c13af2ce26d6
s2,463,88318,70533,8940,8845,2e09cb84e27816af8345ca09f97317c06a562c7867c5bab7a4c6a24338517852,d6caf1fb70379c902b614bdfac1d1cd8290cd9c54ad97ce625d49e3239effe4c,3cae023340623e186334f334fd68b473a8422bdee4ec8ef0a6d14fbc625238d6
s2,464,87870,70138,8918,8814,b423b76198e9b26c4c1bd958daff49ae2f0bf8d2bc69c6842f2b6b0a5c5e19c0,0526544edb66ad8363542302e73812a94a209d4983d48bf3ec5a5c8c6446a26a,433c11111de8fce0f8911045e3315cc48404dc61101f0ce9b84a9a13891c3211
s2,465,87865,70268,8900,8697,a43c326194c1319600636888a3b59cb3a05a944a7b221c54ea6f73ef431d06d0,b76e6ed6a0a0adadaf7a2795ae42accd6b224ef420cc8dabce27ddf03460f61e,0f87031f18d86e93dc82b703eec40cab9da18a5f373e825bcb89c429c861a4d8
s2,466,88115,70669,8740,8706,a365c3f7357e7a82c1641f37b2177687a7f251a45babed0d542b69aa8be3050c,ff1fef4c48c3293446a32a1278ff2ae568e3ec5aef774ae58a4e3aa353266f69,5c2f2f06c5e6fb7d11cae8ecda77a9a34bc27c6a04968a64d51ea53ad5dbc329
s2,467,87888,70209,8891,8788,b78af67c6a715de0255a77ca58c0879a180dcb2c619896f3c30df7bfd0e39fd8,139311c63d1086de6b47023ad735032562e0d382f155e683b23e7ed5914c0218,f8bcf5154bb7b408f1b989800931012ddb38eb3e6f09e45cb178282d6c67766b
s2,468,87665,69968,8995,8702,3474260cee639ba8085a8b50120f051e69aefab04282631de74f5423bb1cf28c,a96032821fc9b4a02f0ea2533d0b819720e8f1cbbd1dae3a79bbe443a80f8c4d,751177b8a82891d19ba1947b1930f47b34d223877fc69bacba150c81b4bee6c3
s2,469,87827,70275,8742,8810,1f4c4f72212cd52d95c1be76e0b5c2882293d617be65020b72ad2b4d613ddc67,3fa05ffa0ecb6fc1d66dcb9c334765504b995541406e09b44387513d517fc477,a002edb62a9a91dbe6d1e201fe79af3b278c0550445bee15a269003e43201f1f
s2,470,87717,70259,8718,8740,cb0873314f927784feed716c6b0880dceb9e943afd764f712ad7648b8a3998b8,fefe0120f77172eae6f27f29f0cf6fcd9b61164326c247120d1988a6944a237e,a1ba23a8579ff297decaaf9ae3bb727ab766dd8efbed5ef9314e047f3b6c8643
s2,471,88995,71193,8884,8918,e20edddb72a1e9fb094dec5fcbd157d19341b09faa6783a0eb5f3d6e5cd8c8e7,cc65a3dde34f732d97395ca44417254c833f0d3a57d6d6afc1b07bfbcf40c897,4f4ec6bee0b2b839b31e97a5f850a4616dd4513b97741a201bf5238d433c48ad
s2,472,88029,70406,8861,8762,a17e2c72111420a97e745bbeaf96bd454050bf505a85053415206fcc567e3bce,378a510c05d052b37b18b0d9988456f62aa4d0ee326cfc8a1a718af0b70023ee,b3180a2a30da8b18874aebca06a65632c760430130ca7caae547396224cad34f
s2,473,87701,70230,8747,8724,1993bfe99bce9c56f104452e8e9e7b23ee33aedda54819438b08dbaf3af80479,094a2903e2eb22df103089b5267ad4f60da6edce00aa8aff5698bf2b0be46b53,32523f9b498f174b838f2aa4c7874b3126c8a0acb91d693f7b1e3bec7526f422
s2,474,88418,70689,8991,8738,a2e8d9ab39243c0660cb329eb16dcf6005f3d1d262a5983abc61e981f4fd7e50,bf4b74d78707f1b5c2ab8b52517104fd73dd478ec8fa5fe13ddf88e6b3e6dd70,20886ea61a6047ea2882f621d3284c38193bb563a41da55672ffbed8771538cd
s2,475,88016,70242,8997,8777,beac62f674f5b638376b1f7f1313c83459bbb0c504e01684f7ba7c10ca0b2cc7,6da704cddb641ad3c79b00586bd13c717477d08ae83e2f77d453109ac86abb27,60fd6a65c816569493f8ce83b37c1f559cfb7c2cf62b7230d3da4646597a904f
s2,476,87803,70295,8735,8773,ebe202a5b6b9a641b3fcaca0c9f6137ea3d42d10fcc1768623d3a43eefdf0d18,f3efba7e9830f673932c5f30ff59e7416e1eb8c64632638e7b3ed17cae093d90,160d37f55e422216866c18ab147faa755481a9ca4d2b24eefb94488e1c5ff2da
s2,477,87933,70428,8732,8773,6b4556b88e587196310bf27f0cf79f351c7f58a0a265122dd8a8a0b89834239b,590eb90355f39e6aca2f121e85d441b30ad688005198236b87f74d3fc43be491,1eae946f6a3b8b67773163ebba582ea40b67e6850e87d67595ced9f130b2fece
s2,478,87507,70061,8745,8701,2966fe4f278df792b36008bc1f90428379cb59cade00405118660f8d110f3381,d4364ce323c1d631b9e3cfeaae6da12e1b2bef367438a5df468b028cde1b7981,8d19bce11715a18d6772a541d0940038efe7466b5a1f3b21ec0cc79f1c801f2b
s2,479,87755,70229,8825,8701,3a7445ccf58cb6d2992fa0e5b60dc6d6d9fc24bdbc006e9d9cb0f7bc71283f2a,6d42dd0a2e882c982ecb7cc8cdebf1c792400030f074ba26629b6e90a6ad03e6,e0b479c351c56d52fdd9562fff64ef2da3dd8a0d543e337f3ed6108df7d81c8c
s2,480,87620,70144,8851,8625,7d2f041d8822b16e58055c9258531e52abb2a985efd3fbb57ceafa5d743a0c31,039b9ce031107822663962b2213cc3b198e82e37aa3a6586e2fb25657a6b7290,d2108ac9583aa68c0626bd9f2d36457413cd3d4113e8646704176a97592dbe0f
s2,481,88445,70750,8883,8812,ffb761be8b870abf1837b9e4e277568f5ce0b441b5d7111e39328952b0bbedd0,2f397bd3e8ff94fba6852b5b1754a41f695c52a61e2d9623ff17ae0fbe33685f,a6deeb9782312058f8e9570fabf949b66315221f091f4d93db2e87d26b70f089
s2,482,88390,70718,8855,8817,693a8b9ded797a1c376fa25053f987b61f9cf342bc4dc58e19bf7e080d924ff1,4de141fa25a31aeddd9762e4619472d956810ba28afca3fb6fcfe6db991b28b8,58e244565ff9dfbe3a471e2f16f0b12eb35cecae5ae529a131f080f5c214ddd8
s2,483,87632,69980,8862,8790,b029da06067e80e5aa6918346e73569c01bd4bb0a6b18bca50802585f8ab3773,9348c5aeb94f5f54ef4d45a2994ce1138eb4fda5a3b885927e4ce6b90cf28de6,94b18e78c3da5b5151b72e9f51f03addca27de54a84efacb08554e12022120a1
s2,484,88140,70658,8867,8615,0cd2c730a5a276524910e8efc8e11da84d764b3e7d91b7fbb6aefcb7454052ab,0cd07f00140bf330ede37dd41d0680619ebda8d9ebd54a28c306cdcba82218a5,ba099c5aa52fe03f9c8137a2ca53cee432ba48e47a90ca8ebedfa15a7b1ea8fd
s2,485,87902,70320,8819,8763,0b85e70d2e3db381b65c69e918975b0ad2de0bb1a5964f02a413ab1d362e62eb,faf36fd684605e15ff045e1e789683db6736dfb101264afe5130cba9f7166078,f3cfc68937deaac42df2bfbee2012958e7f0ebb186f9ea66eb13b20089ebc669
s2,486,88388,70829,8773,8786,07999fbde115791c4249df50fab35f67274d22b9b832053542e920514c1edc4f,9d3307097ff27e282d559a98ef05d4dd75bbd7826dd1117ec63615ed3cd08a15,be58857ef6cead8a75a1c8bb7778879c9b605ddfb65e6399aea412c857b7815e
s2,487,87791,70076,8844,8871,ad67a9ae75fa4a88de72a9c6fd701a9dd8464d26afaea77f07c744696144e342,39b6562bf92b9da0c61313c16ce9dd7c44ae4be1e935600a8ade3b66e79b139d,b7da7631e11e0c449224ff82515d38daafc290fc48a62677f0485e63f7de23b9
s2,488,88265,70493,8985,8787,84ef4056a68de3776b73e0eaacdfab9e69feee797b490dde14c525b41ea82e5e,2a37df1a965f9555fc099ad836d6ba948bfaad3429ef78acb62e4a859b63f3b8,7d44a951dc7f8ed0b230ffbd17a134d0a30f86d0cf919be73a12576e86e8c3c9
s2,489,87976,70411,8794,8771,96df1e6622d1dd1c5f4830eecc9a46a68ca628071ebc5559d32dd2b9cb6e958c,8c66df9cc71e5a229426c1f9b406ab2e662b383f756e4987abdd5170846c31ea,df2b3ea86ab50b852c0f9a4d9ef5694c9b2a677fc6a734896d4ae5ddf963a719
s2,490,88287,70693,8874,8720,54856e22acb472cf8b038ec63452971bdd7dbb933c9ea9458a1c94d39c7837b1,61cf33f87d5923eb257720efafd3916340ca1f698ac5f6e21b4386dea550f22e,23dbff36b3e9a5982bef9c69b0735f22aac71fda17e5a19355eefc0fd3ae45f1
s2,491,87756,70228,8666,8862,67d8c99c48bfe67135b3ec25a232e655cc98221239aae0647085341eb4cb1137,29f102f052d3f75a102fad329e934d8aa010037e30868cd2fe174c89aa233c6b,18148592330b57e4b57fb18314fbb5f2f9b4dedd83c8a8fced6c0f24f99067a4
s2,492,88277,70548,8866,8863,f74d340165b3cdae09a11b0990fd1afc6e0f3d8e516890f6943fc535ba06eaad,84fa522b5e46905a9e22e1d21892ba0d7bc85ec4114e8d173b869b21d95763f6,27899ce146f004b1ca2323e7d6e0ebade698edc8705ef2b173f6a6a83ccda7cb
s2,493,87439,69843,8745,8851,fef15e9f8da184eb0a640dfe1f021b78a2a05c3a252eb115179f5020568745f1,a9de0961a69731e9b72af52ab686e89a24016f52636defa755a1879144175e0b,f989a78f324c52b3e1dba145e81d504787ce5a90eb62ecbee92b9c6397a228a1
s2,494,88146,70712,8669,8765,f450befb1e2fed0732a9a4f70d430d01816a10ce16471d939c4bf614bb71bc16,197e54956d749e36a6f28b6f6babb586166c2549743fffda0abf720520f03d5c,8ca81eed35faa7a441ac7a8de8de55d38d363443d9ef8a5d77f4feb570d2a54d
s2,495,88249,70660,8857,8732,6e6522e871e2567f3424bfcfd6109bb5f934853d6dcec7c094b31011b1cecfed,580b6bad1886edae92b6fb382a9f64a78037464c7555a60cd77407ec9931317c,2c96b13cf387fd2fc81dfaa787ab7a4e00342b7585c68d12f3e4c91e94ae530c
s2,496,87721,70424,8554,8743,9664644756509b82f2be810557e164a45c4563344c6ccae34ce6e08743eeae70,a5bbf577d0478830b0ff83840a778658c9747d5ca01cbacf08517decfcccaa5f,eb813376b5980cc7a45b2c6077b53b27806526092fa414363a6257d02b3d598f
s2,497,87554,70247,8544,8763,9a3e9333d06d9a0e2c473a3cde9457b7659048c386dfa075979e566975b9d8f2,5d185721b4dcc209b639b74d7144a4ba2d70424e1c898a2c956a75c8e0e17814,f4e01caba6b0c15ba4823e781c348e9ddadc45ad317624af4c2175ae68366d92
s2,498,87782,70513,8613,8656,4f0d9ed811c2da97a9557b5d98976b4e06b4c9df19c8fe29d8b3eaceeaeaa72f,d81a19ae2c69d9730d6e050de96e5a676b4c75a63336b17aa9895f2f380deaa2,79093067a169ffdb8b31fed094bfae8b255e1a67df533c1ab7a3881b530a8c97
s2,499,87774,70229,8807,8738,fd0a29d0cb6c6a9c48f356115ad1dd84abaf5d5a532220839149afcadbed4d00,dc5e44492a302f98adacc0d8317a09adf0f0d036a534612f68bcc5908847d9f2,7857e340e941ba5ee5ea30f772661db0c6295a41bbe67925e60fa20ab55696b2
s2,500,87818,70259,8813,8746,26b6323c2011fbe31d7af57c6e959b14df39f8be2c94e8601d0ee66ac0f7828f,92a003d5dbedaf8bdc8a5622ed6a5c96aa187b5809f65defa3f55d33d66089d7,e1c055260d7473ac6719d3f68722496c7f75bb9fad96b42704efd07237284c1e
s2,501,88107,70490,8815,8802,b71592e9ed21fee8f1ee0c56b1b8812562ddff34e1b560a276fbd2558dc16171,49240767d9605c6c72fe3696c4c2fb79ef7081853c3972a8528c580f3be13e16,628fd1c939bdce309e7e575e6b49046d44a9e5b5043a60b54176cdd128efb8fa
s2,502,87136,69577,8712,8847,ee847d1f4f70d3f3b2fefe8e8b33bc7a7c59e49aafcdc6422ef009bf9233f64e,eb899ae7fdb8a7110633327147c86294fb03f2769095a202dabe6d52f9321241,a682ba691762b918d75a578742b57e7dea188ad7582a49ef5aac4888620d6717
s2,503,88036,70335,8802,8899,0e5a5602b844e023fcc9ba38f744deeb8e0d2d38227c1890049d2758d769869f,66bb69a05c945422311335b4535490dc3ceda6cf6ae5fa4bc1b1b53874d5c2ba,75ca0017189797a4a73f4c9eb838033b5eefb267d5114c99b3bfcb9da5ae27cc
s2,504,87857,70391,8799,8667,fea3e1893216a70ff20745cd1763f92c112f7d3d8b5efbfd2a1222874afc8b0c,39dddf6ab503b7dc2f12fba6374111725d0a80f8321b7430ef913b70cd096e57,b065cf21b262ccaf6c5fcbeba720cbe91e00748566a5d54c7659a86b02e1e9cb
s2,505,87803,70118,8868,8817,c91137061e290f9b90683e647395d9bc8fced7da48538ba8f2505541a606630e,62cd3fc88a2f40cb3b8bc55d54effcfbacf43885e518b63311a2905b9f0216a1,650986bdfc91d704c84ef97545c1c2746a0ffbcd50bc0180c0040b541126c6eb
s2,506,87788,70059,8888,8841,1a9c02b17503451823c4982d5e0dccb118c39135513f457b0dbf48009ef83db0,aa56f4481790bc4bafbe700f49b314b1eac74de2dbb7a1bc258f7d69d81849db,034b5a30c1d9ca60e9c988d5258418ec63620afa42cd8754630d1e05ca12f0e5
s2,507,88137,70466,8787,8884,5fd73e256f3449446db34db2820670974f66c24841bb4468598ee40b88837aad,f06dae0165cb23321cb5d0872985823d80d396aff5449209d3dff8805078df28,df40dec8ee15e427f8316a2e831a1d2d2c5694d96789c7fdc13566523b73f846
s2,508,87892,70053,8927,8912,b4c89db529e7c55861dcaf9b92e8f9457a0854a315bc0c0111ae337b35df0657,6a7f3f42dce905b44569ef2a2ec428060f4bbdb603d8f0ceaae3b188cf2bbd91,34e3a7cdb7ebc508d0167da6bd666021368e7f5a3e93e2ab3e6963c82bff066f
s2,509,87556,70001,8786,8769,fdb27aa58829733184ad4fda9ebfa538499d328d2778e1e2efab8586f336cbff,3b4aae5b9be9a3433e7c2f0688d07f9a9f16b6e89bfb713875d2553f0dabaeb4,81e19c53cf2d9bbc6b2632ec2bed686180e3e39e9f66b525a3c64a1a1b4dc57a
s2,510,88244,70433,9006,8805,89f2aae3b8af624cfe73e1e58710f6fb2e5869760b4f92ff897796bd84dfa0b9,ea2412069f2774d42125ec0805b9e9727414631f22d4f03edb083ce471eed99f,48d56b5ad8766c1fb7fcf53e9d27e80137e94314cd3ced23fa8d74d15281b5dc
s2,511,87426,69961,8628,8837,f10e9c33ec6a3262b9d60a2f071358ee4e8a730a44df9af74bf9fbe6b6de69f0,4a87f0197c1b5d5ed92240f9cdddb7ae01bc35dcac198465c49a66df786ba062,bcfc442aa71049144c8da7ab9541e99cf14705bdc62a156b48d4da108abeba04
s2,512,88065,70331,8705,9029,77391fe20eae075a227fd80bd89d33d277c44959322d647722ab43588c809e61,977cfca4e3f7d05a071eed7e71dc9defcff117a22240114e1f06001b0ed09b50,f47c0956053a55c78b951ab1e1853c56ebd63925c17caeb72a0c97a57b602f2d
s2,513,87688,70102,8873,8713,7889e9c06d647fa63b855a641a6deb3e16f142b66d3fda1dba6b93c4e203f3e7,d7125b56800eed22b08162cc613d7db4f15d87aa2da2f4d812a8e759593bdadb,617f7b01ce411a57b336f4175d10da19f2b59b49c26314b52e4ff63c384f2a3e
s2,514,87795,70096,8897,8802,c16a4c75a6091ee5e1b742c7ff1e74c20ed06d5fc3f40970f6302b1f13c1a1d8,346a81325968d5213ea338c8e7bc4c5c6b6121091295a3a1c602e0010bb119af,f1ce8388c175a5e69910e7d3aeb33c37744d082f8948fb4b6a4d4c022bdebf09
s2,515,88092,70498,8654,8940,71fdf688c5b13d85c2f85b1f608a22f580254e12514ea81816aae4e7a01a3750,021a76c86a0d4acedc1bf87fc13d4f21fa6d711a37c38593cf7981cfdf59372a,3f5eb628e1351bcb94cdf843ab5419bd014076a186dd3a186a3b1329cd6e0306
s2,516,87680,70201,8711,8768,4a172e4110a6bb95c0017446a466da4b18122560b64958ddfabc418673ff2b9b,eb8e882f62836f4eee720cef23e708b236e3a1e9ab3e46fd13ac276de8463262,00c6becc0e193cec19a79032fa39fb5bbeef693928e4d8ee2cd3c889811993ba
s2,517,88005,70412,8789,8804,bad996cf12ec756f4a14b147763afaba4136bb3bd24df5674caa3bf327b10205,cb8b3532a477d93d2ca61ebd1299f38749f0e7fb7f64276f05321b1a189ce531,31424bb0dc6100d047f2c65dfa7cfd951bb7c141be0ecdd90dd70aef39fd279e
s2,518,87637,70236,8767,8634,8bc2089ae2cfa606234f55d3fd9c0d57cbc105488d49ec09ded7f84e1bd3d5cc,76409789a094a1f054aa5ebeaa19363d080d42cb9c6dd9d3c0190b3a54313350,f8462c7300b40bf64a0d19f030451333e3ffffcc6dcff4abc9da8f90d5fa3336
s2,519,87796,70502,8623,8671,5390b12324e64a702a44bc550e3389b9749e37c2b8ce05074357df928146109d,40c118cd0011361ff58f1176dc9b1f1580fa468502cb068eef3a1ec154ea9a0c,f4f789c2d2c95910cb089fe3bac1a0b0b7b970f91dbb3c2b38f45085342f46b7
s2,520,87804,70247,8824,8733,00b4e28a5908713cc1ece990b800ff3e827af5888e1945d6d27d63e26d8bdf6f,459283a266c74270f7cf4f1334285e6046ddf014db16fe9a29dcc14500a614c8,ad065414d5b368e6894562040d0a878262cd83495d4004eea6862663e3f177d5
s2,521,87980,70286,8855,8839,0eb0610bfa8ec7210a084364a578940f6aeb9231d12a9328faae490b368cacab,b3fc9eec5c7df2a238cac49eae53103c4ed06ee59e15ad50bbe9dbab496ff819,304437a5050e45196c0ef415ca9bfa8f7fa23fb01f514c6b76fbf1e6b1bcef5e
s2,522,87729,70119,8862,8748,14f13535a265ab706ae6c8439c92cff46c50874bd9352461647875b7f3cd57a1,0ee8b3929dcdba7db8c4169e8e5c67d7c7dc75f4ec0d4b4b233582174970cb66,ca2317a024b317337e210a5fa156575a7379aab2732718571cc97df4b1ad6ee7
s2,523,87520,69798,8731,8991,ef045f28d9aea0227d7b952cedbf8c80ebf1dc9aa1301da6f2a0aa559a72e326,9ab8899df1888b29a574d26bc5c16e40baf1f779521ab6e1ec060041f3729dda,7cd45713052320a3c5593dc9a6734b7db65a76608040446d6358702373c8b0e8
s2,524,87982,70215,8839,8928,f0fd3e5021684d94059752484c37a7af07c0380b6c33412c7964958ae8480d74,50b0e9330f3f9e8d385f57beee7940131819bdf44e09d16394ef344bfb9db371,bd51de0d954e924973142340bd2589c2b4f074e8b4bd95ab6a909da32d200464
s2,525,87312,69852,8703,8757,a2254040f7bdf3a4c3f5d5c11ac244c53b2b54560707e6d76a32f50cf8fc1d28,b6dd45baa7308a2499d4a4f7f04a8deef1926ecf3f82c628130ea8a5161e9f11,7cccbb0afba403422ae920b9eb43a364c913723755b13f996d4dee19116dbcb0
s2,526,87668,70220,8711,8737,78f98a364a06f8e9862a453b9500df80da69ac7ecd179c14829df4587f2efa90,530ed0ed08c00addc13b33bc97b054c4ffdad14bb234a00155d8b09cca99d284,feb72b6a8170bd234f98416e779766665fea2da4c98cd96706f7b35aaf6ad5c1
s2,527,88089,70415,8864,8810,78610bc96d845fe208be54469795b91069574a8724722ec9fa05327c8bafd95e,139f2449f37d9aae614360c145e2a6de9524e4cea615fa90bd145e46df165c3d,25c2c3b2fe5de862f51fdfa2fb6c956198c730a2fcfa24ecf295a6d700a246a2
s2,528,87425,69773,8765,8887,813a9a60d6a6f47b712694322125220dbbc0ebd15fedbb95c7def9d7081ee345,00d14050ca0c83467b12002feb079a6ff9e86a4b9acb9116f68e641f7e1a46ff,9c8a05cae547f2aa65b35215d60e17e0008d7857d5a4906c71e200301ad4a50c
s2,529,87921,70278,8886,8757,ec8a0df473930a749251ad233895d866059597f2e4041c4c574639c420f589b0,af8e78f6c77c7ece8bd43b4bc00faff6ce41d55351768835ca7640680ac5a2b7,da68637011c8b044558ca7ff1ea36333210a40bbd9402c96917683e94aa900f6
s2,530,87667,70169,8878,8620,0607ecb556bc425901aee29a44b48b079096f47b1365e0991edd07e79e9e7f7e,eee3f3e09f2f0ae70796e439b3ae0158254f7d03759b483aaa70f0b19b90cd1a,cdae813d66fe82c899758647a79b9c575782ae4b4ccff884b7fe2cf101774b0d
s2,531,87637,69995,8856,8786,4143a53ca1e3db2141885b7fff719ba93dee4c100c3daf09e81a5d47c8c6f5b9,477ecbca36896d5e67430fb583caee31345835ba17a752cae38d45c846ba7392,df4107ec0b0831733823d86dc44c7f9c152188a213ebb019be5a718a8a307b99
s2,532,87946,70335,8857,8754,aa0d9aeeb92f6393151da06be8daacf066d25b81c8a75d532dc15c82253bff10,ce87952e061dec722c024242520d641c5fe864fdf736dc21d492d902bb951f6b,511814d777b2578b6a4153a5132208354a5e55f5c92d619af3397f1a0260190b
s2,533,87851,70360,8737,8754,2a9c8c7ce6bcbc44435dcfb241773ea914ba0eb77c68e6c3a444e79bc000d7f1,4f4628a4da20e5462e1c2c39247e65aad47c618c47aec5a83067fa5e2a7487ef,d09a52554dd01bab9a4bc7a8b89abf573adebc9ad309fbb965156fedde499380
s2,534,87799,70326,8716,8757,d9ed47494d8cc9e0e0527f8cbbbcc0d34b24bb4fb191f63d60b2cc8ef33215f8,770216400a77b8da6cb6ba34756ba6b85b128536eaeae291977d04abe83791cb,22be810803844a60a38446309d1c099cc675d4f26f4f762465714260aa0b384b
s2,535,87593,70093,8660,8840,321f1edf19fdd28919f502ac59584ce95f79b5ef65c44c4943e2080a63fe2aab,8dbf19e4d67efc9e98722acef5b7e7db54f2699dca68467f82d2d5f69c741d4d,6d2e3f0c67698a861c147fb3be33e2c149c618e6296859adba5e80082bc9a72d
s2,536,88066,70434,8810,8822,381bf32d4f711987119e660b6cbaba22b90751be993666326ffa22dc0b77e06a,1ea88286f8a98cba3d237d1ad706fbd6820cf8b4d147f7ff74dc631d5934e9d4,44a3af5ddfada598f3250fe3b9bd78ba8e3e66b6e02c626eb20e9bb386dc9b66
s2,537,87889,70476,8765,8648,7edcc1a97f21e43570f516ad3f53825bae7c864f959ed6e99ac719288a7f0ce5,eff581980929194fdb99669dd2d85bd4ae8ced3a8e42f022b54ac7ed6b82a899,8b0d23b03e646446fab81354885d52dfbb619a8a6ca67fa31527e5a210d02742
s2,538,88363,70681,8830,8852,70ee158d972f1bcefb90e52a889fde0ed8b275840f4095ea73e7aac772ccfb3e,58b440aebca59529746f4a1cfb7fbfa021140d4baabd903f8095b9af61ccce2e,142646ff24c19d67587fb1dc031190971983ce1e9cae37c43fdd52c470da9056
s2,539,87993,70279,8828,8886,252267182a78039407f4e367e007e6a6476b1b61d36368be3b9093c40e1d51ff,71cad1f1b34064b05c3334d3a6b0a229bd119762f4147e93cd9cb300ea5f8ebc,4057c1bbde00563e9f805d36365c1301d79d81b65c42b1153c67c4f649de7e82
s2,540,87908,70405,8794,8709,46417cb26903ad66b85467c043a8267e647e395111283dd71a62ee8b2eb7335e,609fd2735d307b09a49ff7c893cf7ff3d6274ddd10eaef1d2002c2201d18e590,a4b94748e72b03d9fa411951e57807cc65115725b38ce79cfc2e6f732bcc8e44
s2,541,87834,70271,8816,8747,5e2eda308623cc6204b15243f798ad5c34847ba4b82fd168a52fa6b4845748ab,1b0262a63c32a779e96b0c15674f0ee8168045ddf6f9f2fd866090fd14b6cc3e,2e8893ded3fe186e956dea366bd335fe2a7c6fec96e56f1de100c6fa0ebe154c
s2,542,88394,70638,8874,8882,3a5861a624b036353d98590cd6acbeb092a66a7ba40b0c7b16cc4dd7afd6eed9,2e731a8c8bffff5ba689d81009b4e2608d31b9f70edce9b997e36f2e467ec75e,55cf54de90be16d99d29674fb0371922237c98a993eb413c6ee4e556bfa6ecb4
s2,543,87384,69895,8782,8707,c78026083b7f11ae240684aab74bfe0d6355787dd6fcfb7244bf39f5eba99f1e,e4a06cf21a9fa4a14b6b4afa0961a970efecd3db34eb9cd78a24373714848d91,60a4fd95df3465bc4501cb909c9617618271da971ecd0e13c54c64a1dc470f2e
s2,544,87761,70481,8589,8691,6b024fc36223d4d0151fb3f84aa39b9dea3301cfba76c0401ed75acc1b63033d,174860cdb8debdfb47970a4a6763e2b217a1c38abfbf25061cf6657dfa92c2de,09ce8149986ff4daee7dbe918420ababf5a1fe2040a3ac09e263e4286b786571
s2,545,87776,70181,8849,8746,de5d2674544cd9afeb369ec49027ae9047b3b1e2350a1b5daf4390a58313e754,f4960507886fc31567f35a74eb68b9363adcb5f47f4a0b3d1b13f664a49ed629,92574b261f327c24c188c056a87b81846cc043cc05a6092153187e9fec7a2b76
s2,546,87916,70482,8699,8735,716c6f08d8b8d73695d1a43c42dd62786cb0f33a8341a3be0ff2e8df93291c09,3a8282ec786ccc38d285928e348a08a2c356840738e432d5d5ff41852bfcfe26,7d362bd203fca3bb69cb56c6b658741e3b00e20f3c70c6e10f243d6de1cf1b4d
s2,547,87827,70345,8676,8806,f3bf77f9babe915164acfd8f60dc8c41f9f07149501609973a4ed3d8d07ac8d8,8603bb1913c35cede2bf4f1a92f2674e21d5f5f23242b8ce14a3d20bd4009076,4291a8fd892593172d1d43b193eb7efe52a4b12031b66620a5787440871eae36
s2,548,87807,70374,8740,8693,080b5ec8ea738ac842b86edec40860134b10af04eb5811e71453a86a0f769069,e0b5fe2bb5c372c8c4da640da6d5866cd5dbf5f371364e2e161a983097b61b04,317153943859bf658028796521de55b4bc1b3067050b86769519bbf2475913d4
s2,549,88209,70710,8727,8772,07c7bf931dd1404c7e842f97badc35559b85e231d99416624a671601e2dc76fb,51365a18d9a59598c8ccca072abac33e7a308f709fb96d5adc2ce020eea059fa,0f5646b6d51f65e5d9a2c63bc68b3a10e71f9332d295eee113d9ee6a54888c54
s2,550,88048,70595,8807,8646,233d7f1eaf96fd911def1e0e2a1fc7485a8e0baf08e802d92c06539a8c83f047,c84d698e243558169999b6959c91fc273194d5579938c5dec9a51759977126de,b488df2680bb535188fbcd7d70beaca6334a8d037cc75ee990240a4b17a0ae85
s2,551,86965,69662,8718,8585,bc62e951d332f3604adc82b6db118b77c33bf52c89e40e6bb1271ff3df8593d7,8cbfe6d85cded95f6c9ad11cc45e7ce6a543264f1bb0eab256d9457b10319a8a,6dfa91ee33cce0523555a837d5ab26f93f47a8ded4fdc03c458496f133a1fc90
s2,552,88034,70346,8797,8891,aecdf533f0510245ee5b9c27b88377ffc17b9db3f9d9f3d7dc561799b4b93e86,a4a3a47c888f7f47c265a46ac77410502772253eebfb52d5c46c12d36ece5264,6f65bf8a6cb7fa3b11f83739c23c1b555ca58a1f423d48a8443a9f8f3b0913cf
s2,553,88266,70813,8753,8700,795f141aa820cfcfb51c01b653a60fca6d34d16a505249912a2834db676ae253,3a62a324467b3d27078610bee6da93dabc05ae91d2716ab756db1a59314b5028,fb4d58f2187e4ddf9a6e6a99efc5c00604d419b0611eb9472328e8742702d604
s2,554,87587,69850,8889,8848,9d63f7004f025151bc9b815292fd21ed091bbe786745df9c6ca8bccbcc4c15e7,a3c630f46efa0bfac3ea09afaa6b72d480f3a6bbbbf71a12b50b5bc9fd49c1aa,07820a9c0830e8427d539a1600eda1851833ef7a9d7375d01c73b6e802eb0d1c
s2,555,87762,70013,8900,8849,cf5e9a39d156c303c297ed6e241e5cc57e17bb2ee4605fc47055c0bcb8c56fc4,00a00591cf5f991fb1e9107e2348e8f6ac27902f7a05407ec442d2e42ed939cd,381d434cdc6c5b8004a405d79a7b45566094cf6a5dea4f8a7e25593cf869da02
s2,556,87940,70381,8696,8863,3257a8241bfd3c9a43abd9d853c263a9b3d830e9864185c946d43dd2fe031ddf,a05b896e437cdb037b8404ff92a5b123b441d33c3f5b7391ddd3dca0ae263852,0b2f29a9a2d543c77bf408b641d6a5e541c4a5bbb2a9a983a8b6057d204c57b0
s2,557,88433,70667,8878,8888,376bddafec849030fac7a8e7d57c507178a976be8f37809ca661914a6548d126,30ccba29fe8a30d1ebfb415f01991235d254b138970a93cbe9d1ce5d1dd7d2d0,f79ae4d76c0007cdd4ae5df1ff7a60e41e89b7082d6da5acb9942ecc009ed0e3
s2,558,87826,70317,8538,8971,e9e8c3abb129902a369b62a587c12106f349cc89323ec76b916a8343fa4403a3,53b32ec55355e540cec635d169234af726532feeb74617e145142f663a06fcaf,8bd1350866f6973c0ed20e0ec801b962f886075340bebf93d9a5646ad8a64c88
s2,559,87669,70278,8706,8685,faa2b2d1930b58329049072eb747519004de80b6d3c60e295f70a1974ebda66f,50dcc7646efbb25c42df9e546ff3dc09406ef298ac32a57ef5ddc72790eab496,06573fb0bd29bd00752c59c5d2b162a15fa2ca0969f18046c0f0d468c8794d08
s2,560,87715,70312,8772,8631,d0cac85976d82e8222d9ac73cbb0c4020aab33c726bc92197606b190fc4f7fe0,4573923c2b24edfa4a9bf589ec61d7e0b60e3c1f588fd1568debf0ca3a376a2b,f80dae59ae9bb005d6b29608b4564577d11e1cd66b177cf2d51c69db0da8b9ce
s2,561,87992,70242,8879,8871,46592c124f54438d25f6415d5558083dcd77addd2d85f0cfd8099422969c279d,95ba62530654c16f98a6f418aa5ab5bdc0f4b95afbeb6d5711ba3f6b63d481f1,ad5c768d4460cb4a92375c6a2346ad2b1d9b844f66b35960d3e91a96b7e87dad
s2,562,87929,70236,8798,8895,aa2f6a68819c4aeff32b2ae506797f7c8463f7894020597c9de3b866538184a0,76a91c811ca9602fc1424ab3b60309d4889e93db0db40c04684e2654fee7950e,5d0626fa692fadb371cb0eb0971cc52e9aebd3b089deca1c1a5486e179f97cc9
s2,563,88314,70515,8878,8921,16e42a8e3ea05ca763be91f96eb302b543df4e5e4053550075a7018000c6a05b,8ec63ffa8b74d5cebca664bbee26dce484de3cd65a7ea5775bf0984a45206d15,ee33a8583ecd0c33975d057c8b79b40ada08e48dc08174637bc86b71734484bd
s2,564,88216,70305,9060,8851,423193fec95a8a6818ff13a3175ed2dd64c7ba8e284b5ef6ddd431df226d902b,2f3089f80f924cb722e91d2e4b31c5396a8cf005607822b1e87018ecdbcf4876,972437065c3623ce94fc3c1d9f431607dbfe066cb80d09611dccc4604d545a1e
s2,565,88092,70430,8891,8771,7f083f3b339e9ae53d3c644d3f4c8b421b1cc6b5ddf0724f16f01695fbf0706a,5a94e9d8f18b270003ed30a74793929396a57a94d09b2601dd1bc481f653ce9f,3949c88a17c22d5984ac6fa55327eba862c5c7acad44677ce79e5a86387cb456
s2,566,88189,70622,8804,8763,9f7a70352e6c42805bc83c0a01caf998e8d8310740d5c3340d7178f9acaadd09,2ab94b3d77fb04ea0aedefc7edd1dbfc1060ec078b481482d5f93be1352d18fb,cf70dfae1393c08295ed8add21f6cf1444415ac85e1b64213459a467c46a5733
s2,567,87872,70118,8864,8890,9957c81f960a40e4ed2477894f4942319b0206eb624f1661d5ec88c4919b9dcf,ff3329a761e7704464f5e85cb52ec5bd7d187449a655a80c243dd8004f613187,5c1ce0a3fae85daa01a07b7c49872886461b6641d670265c958235f41bcdf078
s2,568,87752,70209,8807,8736,fe3115553b619533f689ed022581be83124e2ddbb11319d415d13f017f90ea72,73aa49d6ac5fe752be83556a7788384a9158266520bc0e501cc32a08e913aca7,ea8f7fddd42b6a8a1c7aa845a6744b9f8f54f94487d20c7f7d2635bbbb0dde80
s2,569,87465,69952,8739,8774,aea76596345a1d0ea60b581c254e16f3ca3c9d39436a3db4cedaddab1ee452ba,2e7085c98aef77877112c845fedf1167693ad32cbaef63995eb015a0a4771c77,cb1054ab961e8557883cca38094a60afe36b6f646fb18f7f23eba18874c2599f
s2,570,88042,70501,8705,8836,6fb4287c99c994b40dc53eb27a8d90300069bf9a00797bd3c54791dfdb49886a,ff2de26b5112291b033f3c017659ef9c953592a891c47dc8f247419efe986837,3b66c11adeaf15fbb3b5a1b5eb742e2cd431da1f90a130f4d6c72c021c9360ae
s2,571,88247,70592,8723,8932,ff0593e2d9d09a7038386bd6f85eb672b2cf14583ef9f6dd5aa72197587a0772,08b4782ed52713ac1fe9a162047de48a4421ae2614d61d5a35aff9f8cb79cff0,daa8b387cb72486a34ff79208fd3f1fba2abd18801c827625cda379f061d56a1
s2,572,87925,70064,8879,8982,e6143ce4b1c6c56b33495d30f56b3510ec5e60511c54f6b4e60654f293698c56,ca5e0ebe4a93555930f7698e8cd2c5f65be2d3ba9739f7f9557e0be9e172f8e7,fed065197fb2e6b8b9a582b2515e97445b597918a51f093e76c822a189eaa169
s2,573,87808,70281,8807,8720,5fcd095c14eb68ce8b36d331acb1710e36cc6cc21e4548971c5c216226d295ee,e9f4ff7811186f3365c2122bfefa159337fb4d9c12a6f80a9e70f0ff9c77be18,10643f8d06e847e0fa5f4110520644b7197d4bdbb37cd2f6b4bfbd52bd8e98c0
s2,574,88084,70508,8802,8774,3bbe0aaa523c245dc5f027b97a9e2551d1b596ccbe82834ba5b27fb19facc606,f84a3421c4a1656bf2b87ff4f0e08d08c0812a5247442d3e87f85c931dfe0891,6c31d6aed86216df1fb8a5fea9156f4f3c3b612e9110063d095e8e7cb5983407
s2,575,87491,69931,8776,8784,e4bb5b8faedd84162d6e3b59be53999827431f30b3140956cf59cc8ced55f901,0ec09a0a10f5cbd4cd85c24090d642e181bafde9f8f1d5fbfe9d3f5432f016ca,aebe9b330e6b4701251605a510822f33bccd705190668e56f7382920cf84297a
s2,576,87810,70374,8641,8795,52e5ea25a663819413dcfdde4a047341d9c74cd8e8bdf6bfc481d645b7e5a622,e88e86c43917d157f3ad27f6884d7d1917b6376743e1896911c3fc8eea62bd29,124238f8587415b94634acc159d1b3ccf5905b4302e4cdaf0d89e92d37ba3a7b
s2,577,87959,70246,8809,8904,55d2e74707f8756b6bff4f397031a28ecbbf4bd51cf63b72d8daf35f7cad76e9,9d1b8d17a5a585b1b23c2dfb72d0f648b1dd89c9a8afff26f98dd8954dae7211,3f31114c7a9b5283ba0b0886f4fb5aaa03ff024295b2049e79950ead8c520e9f
s2,578,87690,70147,8808,8735,ad655ee756cf3f25b9494dc29a64bed733c5135b5ca7d635fe311d17ed461582,21184a42c27b170a7d85fb67c42e512b27cffc7d53fc73cb6262a3f5acc99599,397145dd170fdd116beaae0a6d1ebf73bfd40bf6bbd9bb095d43d297582ed3fd
s2,579,87872,69950,8991,8931,18ac30b911924cf1decceca296e741283d4a6e9754430e20ed321f03c0666f16,504252b35cb2b5e4185d40ebf5c1e712cf213f888343384b23e84b2cad48792d,e6e827e4eb7c72b93e0a8310cfaa46924331f22513724e1b18e2f70613349f62
s2,580,87851,70239,8843,8769,07e26035b9b2fa14b86ba91f90c0a7526227f518e799966c0252a020b8534308,225691a168206c7ecf79581ce1f2af8ac162ef48c4902c0564df4566da0d2faa,38d2df744b6d66498c1298c6221e2e9b7f2743d6741639667c3ce2b051cd0038
s2,581,88093,70686,8739,8668,9a5c225a8041074a6d3c0ab05f1618841187513b1b61e5d73bd9a2a3241e47a9,1c659953b1ad799c05c66a2c1a9ff47f6a1c3effdcf5002fafabd6ae0493c6c4,59e9f8e7fa288f71f96025f1de9069e90f2c1171801cf3be83d020535440f3fa
s2,582,87750,70208,8813,8729,9285da6634c56ee9a80e14a9e5aeaa019c6bdbedfe4190b747d9971a7b358fe6,4c04bcd87ddc37165134f4aa60a2cf0385993e350bd631a7d9cad88d1c664d9b,699bee5e14e7ed061f937a1a733e3d40ab89c5975fa066a01d460db9952d1ea9
s2,583,88679,71083,8821,8775,5ffd5fe17c0afa4951e221a785174f3588ee67f625e8a50bb3e6436d397dcab0,5d2a560362bb59d52fceea4d4d277f343267a09d6959f2bff9fd253e01e147cc,5b694a25d53b0d5ddef0d5913547d86ea1811a93b0812535dfc33ec7e7340f68
s2,584,87656,69981,8914,8761,0e38f27644422f85f20ae6d05c6dc6640f46b732a161ccdefe4e0fa7536314ff,4f4b4a243c5012e3a96b07953a93a56e52bff3b7f3a674887def1ef3d45cec92,d28c27468197b868a515cf08f0be6a3cd56aeb26039864700bed3badbc5e7b7e
s2,585,87488,69919,8811,8758,6cfc126b3c78f0153618f2d8b4f0b6e825adfeebb4b9f9ade40f37eee4e12a2e,ebeed9aa76f4df2fd2eaca64f3a4ccfd7ec82b8187170757b504758a381b72cc,8c08999b2d010a7abf32f95299b789e8ca7ed2d6775d3d56b0ba79651234de13
s2,586,87655,70352,8739,8564,efacb426abe996d2f179dd54785f18145e725654365b7829baea43251003f44e,7afa72c193f993cf29f1a03212335a213a2d7da6cf9811631c510f8353c75474,4d185b6f524ac027bcd025202a35e95526f0cc96b61a943369130a5e3b22e7a8
s2,587,87766,70455,8729,8582,84acb18308498fbca270e48767d74b965a65f6d54cce5998876a62fc34fc69d7,067c946ebc1e949234931b68e8c794539fb58a24916aba3845ae878a3ddf58db,2e81a57a54aa716c6dd1a5cc5e200a354cbf97a9127eda7098538768029cdb0c
s2,588,87677,70174,8757,8746,a5497954157fef3090cf57c99e29b82ac8a0ec930c20d188a4ae670957ba6e69,d7bfa44e0f277d59c52a56ff404d9baeb5fefef60a7e3f3b01387cd74e55973b,c7cd90d5370625249f21f2eb239c41bd5d0f8d210734c6c8e1a8147c27370bb3
s2,589,87541,69892,8806,8843,b98a95cc2ede79fc021d3d664007f46352f9168c10c2f6109b9de9da07dd408e,f78c6dbd658aa93d292a37c1a692048511baa474432c71c79a122723ebe1fef6,ae16210a699cea6a42407f3b555e1984c8958036856ed075f5d67c2db9e0e04b
s2,590,87965,70564,8466,8935,5d877ae7cae295cd73e16f0596fa77963d083ee623a24802b7ebaa22a729f7d9,3d5670d80f682a4b62e4d1f10325a9c5926bb7eeb5bad9221c7185b25ec5d157,967ae1c6be24fc24ace5587afb55aedb53585f702ce8d18426766f1e1a30f8ef
s2,591,88039,70334,8987,8718,b569b1f3c70378ed0f0a80eb5d699720ae8e3f83acc46c5c453480b850d2ed32,500e99a4d16c8b6a1d4f9af5cd532cbc89124bb4438efd97b84c1fc93c4d5735,a356058b3a1c4c2822f76f5bd2e6fed234f9256c5fbe8f3f58cfa05d011f39ba
s2,592,88177,70523,8885,8769,7d8c75e47b275ead5a3c1dd690af714db721a81b010689f109f42e556cd25811,3ec3c429a2cd97e44ba7345c69ba400d8e3ca9917fee2707f6840737edd9724e,123120eb249c2e78c970d2986ad4755802b8b24ed3729150b8b25400bfe585fe
s2,593,87950,70286,8838,8826,903770ffdccc9babcc7e37be20f54da883aa023daedbb6611161c4503ccf81c8,5026f607f1ee2b86b7e1ed648ba47cc540ec70e51b75c8480290b1fb58423a20,e8f056bdeb6eb35c6ae9e08c15e65d9cd7eb350807626ff2560b7ff6433c1d37
s2,594,88002,70494,8741,8767,2e8a76ef5f353cb3f8594393b082ead0a81055f8e9096af041f8062a8b0fd591,36bf77f7a9b8d37c91ba9c74d8a03122ce06bf9f773cbcdc4ac743b1f5beab8e,f5f5ccf3d252822a2602e64f04d643c049a1f036e929642443dd23f8844ed87f
s2,595,87748,70325,8610,8813,671eb453babb1279b180e1fe9a31814c58bb163d3d2ca4d48320f3b0d196815b,1c6bdc6089018cf87722aadbe3a90cd9e41a7cb64a31f21f0376861e6bcc7e6a,b891214a47e771bffa41452669443030fc9927e27ae5c776c6c5d35dc72fd338
s2,596,88127,70486,8884,8757,49162322a31d4162a7dc8cf2b618ccf8e690c95aae6d6a4bd1e0e393876d1cea,94633fbfdd057fb606478895461c7c926801e56e68af4a82d18bfee3f023ab11,bb75373c03606e0fd8ba1b6d9408d4252a374a5451574c52cb092f96f6b2ba7a
s2,597,88051,70599,8764,8688,7cd5a96e49967ceff3087583bfd49c7376886a21d9089e7bc0417543f4c897c0,3c2c6a3de7d81add133368730cf10f36bc50d6e7af28d345af0942bb5db877eb,31f80774d0f45b63a62c4c409cc7a48adc84cac2db329f8a85321ac61ba1893d
s2,598,87506,69927,8805,8774,4ea11831ca3807bbdb0d6bb4bea7a377b0a8a64db8049f95c02ec4155c222ee4,c0c28a92a4de964e9171f0ab5c6d57587ca6b5b79bad3904c5ca7152ea269a84,b9b90b9b3ae95bddb2836b8121f7135c7681fef7812a1c28c2334d9d9830565e
s2,599,87749,70075,8745,8929,078e2a83f08c94472962c7a3e34f195ef7bb5e223003c2078805adda6cb4384e,e03ecbba92c91efcdc755fbff58818174b6819bf112ddcdd3734c482e090d618,f556893ef9778790f4e5aa347c5d2318ab3246264ff62101a67480325880c524
s2,600,88014,70413,8860,8741,cf7d9d19f0181388534a3bf9a694b9a2bade7529f3ac2ce40c73fd949cc42d46,693a532eec1b19edc7e101e93cdb50dfb6f50a4b614a3c3faa05a16e6d631973,17bd31676f5073cda2f49c14223c42e6c60e762956be0e5731d9b1529658266f
s2,601,87934,70411,8840,8683,6bdea895af0a24cf24e4765e91a267d3416778833a1c2a7f0ebca5c9371c1b4f,3d0bd9c1aafb689dc4630ea6f7e17fffe3f3d0754d2a6c24d3c628329f0f15ab,0e5af9680b30e761d07f3453e92ba5ba45bf1446cb21e1a886438071921958c5
s2,602,87695,70091,8732,8872,0f6d0facbdbc737abd28de341f1505750453d155d6fee3282404437a39524e79,ca77cd42912ee42586278e767e3027ca849081b555aa6ddd52a139b14338a35d,8557482b14516d97bbcb510beaea617cd1617243ccf4c56a4b183014acfe0e13
s2,603,87719,70255,8644,8820,469a7946cf6e3f580a30624f0c36d01fe49cfdee0094b782e0aaff58c8054dbf,89232f0864934ff697022d83ff7c9a57cbccb556b4ad9c8719d352f433370c23,65f74f83086cb0bc6cc28d021b778f967266afb25989b990cd9b0444d0cae39c
s2,604,87697,70182,8720,8795,9ec045fbdabd8a4685dd140f1a6fc5de873a12c2c3ec076cf76d68ef352ea0b1,cd80dc394dda37dfd7dbb96cad38c806a4980f0cea8e242b0236d9f9bf2bfc51,85eae28924c3f50d184af2afa63cf21330f30931c82ad84bb8d3441273e86b9c
s2,605,88122,70853,8527,8742,7b12cf859812c5d872a46081689df7ae8b4a5b9825c6ba89aa260d9752a1c359,29a8dac2d44c0477508b4d47b5a13055ed50784a8856ec58c2dd5bb3cbd5138e,481de2294512911f3fd98c6ef3e51bf5b6217d183f6f8eb70b61a65fab71b9ad
s2,606,87475,70210,8612,8653,b3f9bad458fa649d6cbddafdf611152ffc17c02ac2da626dbaaf4fcb5866e225,321fbd87c2153159c4b09324ea92e879d1e9fa4e5565c3214ca6fd60bf1189d3,a5d7a68db31f64ea4472c01e120b5f37930dc2ae1db9d9714c79c8a5ed9e702e
s2,607,87855,70339,8729,8787,c26ffc59100a68946aa9ac89014ddc4dfbc46b29e5fd51df22447cce1da1adf6,6cd74419c8f9b038ad2105b613847f626379b0629494952ddce53d0e663753b2,a3ad313181713c8ce338a2d8836b67ea2685801775073c121b2fc96645e98dc4
s2,608,87336,69798,8774,8764,ab8f3f236daac676841bcdee5ec5ff8556630dff70fecc2ed2168ef1fbb70313,37009dde1351dd4d5e3b2b9b6a39ddf15bc66cf742b8fdab3a47454aaa1a7e88,4373d7816005c65b06dd8cb26de358a84a3115f49319c0afa12f1e96b37aaf37
s2,609,87749,70255,8738,8756,4a0c1d4a537b85695bb9372781361c174bf4ca0536a46b6d1b1f61f4810245e5,0d4792fdab863ae736e4bdf340ef0a211167f4d955f362cf2904a364c206edd8,5ce247e721492bba92072e2377a6cd8d821460c804388236cdc659956d974242
s2,610,87974,70375,8643,8956,1e2134f5f81ded3c6c2581e553dcd6f4e2d9572f16065461be40e3a2f7916f6b,5d98ac312b2cf8bc6b39e2e84714b462559587e45b334e89cbe82332bea34622,d1d42bed5da645d0983a2370f07f0c4c18504017aaf5acb88cea2ea2f6c99fdc
s2,611,87482,70065,8783,8634,942d4ee0ec45d1d8e484d7c960f4266d05fcd284ccef929130927d8bfa9ed63e,51a9572f84275006b38e2f2acf7eb1f42d43ebc4fdfbc5c3f9d9c28e4c858add,bea7f89dba310c75a337006205b02306b877ad7c1b271f600a0f35673e3f8e78
s2,612,87616,70155,8679,8782,348caabcd7cc7e8262c2aa31d58d500df263131f95840485276032a3645bef3b,82fb5715b8f5d351bbb15d9815c0f7472145285ecb7c1bb2c8d2c750408820aa,ca78a67ac55e621f8eb4a9563c24559265d70811a2df41b2ac2dd0f7cf085bbf
s2,613,87912,70403,8626,8883,22f8929e459da9b8db924ae1f73da6cf6734b16d305511f5d80e8c883b3be60a,76c7b75660f88fd0249383cc688fc4d853b5845efb5748328d7845acc5808d6b,497bd5f534b698013393eef0d73cebc42e13453cc67020a9c43fc469a06cb017
s2,614,88029,70352,8892,8785,6af773e9923b80dbf4bd60e0fe936689c77aa341918af045af9237b64832e975,0c26be2c11900afc6df14c8e6a70d243d94b79217ad5290580957d9b5d3c8efe,431ecda52f2bca4ba365a4128817e09964b778092daa0abfc5450b0a4f3c56f1
s2,615,87597,69870,8783,8944,08b35c761d2efbe0c5d671792dc7dd0b266bc2bc3ae7f417c66291958c7d59fd,e6cd8bffc8baa39511f4e66053f5fb28142959d6c54b7a53be6855ab292773cf,6d4d37792a2a18522d53e6fb34c262de3c223c4541fa3ed4fdd957b062fedccb
s2,616,88101,70382,8814,8905,37a86c02a70df7e5f12f75d8bc605b5bb9c1f7766ee7af39f84ed52e8d430876,06eab30151bb5aa52d43667f2d6dea0148157743e0706c61c9c59dcbe64ca96b,4f802c402244db17740d9b77a608d681e044d42f60e784b113360d81aee32e0d
s2,617,87893,70131,8881,8881,012eed1f44d76dd7a67d0cae726dd71e203e5d39bb0de725d791613adb8d2ad2,b77a8781e547ce5bd92fedf6b4b99fd25d3201a1ae25b09c9161cf6aad948614,2597413452645b90e7787e9260b6661a138abb82bc39c1eb0f86fb6fafdd0e6d
s2,618,87951,70285,8771,8895,7576bdb479a6040551e8fc64e15e765be77688428f2ae43a38db1adbfc36f8ef,eed729c8c5fd3ef5d3fe27bcf3fac9cf42943e884947788f9612c9f3bc524609,68ba4c14ebc4539465031fee01de9efa1fbc9f7208954267b3429f441d266fc6
s2,619,88034,70604,8632,8798,892b759eaa7b1ed6f75dac4573efe39b483c714307f3ca0439d27783a03955f1,175a8ef2aa5fab12c7e360aaeaff0e6604104381d67105f106077f1a0f034002,9809a85a937b9f2cb5cac10d64f58e73cd9c0fded1e748b27c453c0b94b655f4
s2,620,87418,69981,8720,8717,31f72def6f396fc61669fbe1752da3f4b06214730ceacaf87dceefb643b4a251,763c5d19cfa834e9a6515b66a1ff345fd3e8a574894cd2c98fd05f2cfe055ec8,daa28dcc552a6c8fda97cb5f2ac6b36f214dc6e0fb53560db2719d3d4807b2eb
s2,621,87702,70402,8716,8584,fe80be9ac70e56285c68e88287a4af492c0e33a3ac91719cf054b48f347d4d67,fd32bbe795116363175df239b350d18294820df8d8cc4cfd3f8bf5706fc6babd,fb79068219fa8b574f7199f06cb85289240e7452a7a86c7d0c1fcecbdca04a85
s2,622,88138,70575,8761,8802,64674f21d50a66aef6e8ad5bb5da110b72808aea1dae2f319c07b89e9906b8ee,0160171be0a4356e548779296d557a7b9e9595cc4ddf472b883647a82eb2207f,689585bab0ec03e0a1bd5fa3b9595325775ae2acf0ffdd5049d0adb6b4cc558b
s2,623,87894,70281,8867,8746,610d64e0f92014c477ecdf15434e604795c2859b93cdf9ee2c159dade8a91f09,a4c9452be6c72288f99d1d4436fac6ed79389a6545a47c4174981d1ebd90be09,065b90fe11f1b7fa538522ce0b52acf67060bbadc5cd44426e86d26a1b6c768f
s2,624,87784,70176,8869,8739,d1ec92b5d269612e10bc0c133d0908b3d19add0da110ba3d30d2e1557397d22c,edbb958b010597c75b6334f615ac1c1ebfbdc665497ace954b4e6fb8b6c074e4,fd105db87f9b1a12c44e1707aa014729cb4088b9ef02b04620cf5991d3bd66bd
s2,625,87544,69920,8736,8888,d8fed70daf30c9b3ddff204f8923c173103b8275b8758c637ef53ad61fd24a11,90597b76e3f30e398c67f405b85d1854baae7608e1f8fb3851c4d2cdf3986698,f80e806375e3cca8e73ac7d460eda3a1ec4e3f25ef7e95b1de36d2918301cb6f
s2,626,88036,70412,8860,8764,bdfa520e5adb24fb3de34f53769d18c94bf401de6535a4920d11c48d950c4e26,8556f05e27b86d807a0ca48705b35d4a7de213bc3086acb091cd3fc76597fd22,b1ed41fa143bab82ad4b3881b81bde6b09428c1524f74657d7fdebc6f7ab19fc
s2,627,88244,70570,8958,8716,01155c7d8ff9e16e0e839e216efb4626b3d03462cbc85a97d0b1bb9cc3299ca9,47e42c09f548d4b9f74a312e33561cce09e4d9a616d503316fb10dc5df84c8d1,1ca567ae35ac4c0bbd6547b099c8375ba0492a80a943986199769e560b0ca30e
s2,628,88303,70708,8733,8862,611f8e32e7f6e5267c392a025c93b36e30564b7b8a20a3a385caad22f37cb162,5c277efdb5c2a2fadb72f2ad0499ad54e1582fce4f1dbe60c635ac8681e06128,e1352e99f58b5f72896041a3d28573a8dd63845539cc29f0a2d4dac0b6be8ade
s2,629,87744,70342,8880,8522,1c802b0338baa276b9f1bf1dbac2dcccb22060395e7c69d99cea88081b170f38,df6473d2e741e76cfe061646ab82924c094cfd408b6092c7ab56d8f40ccbe2d3,19c023d112fbf77227a57a0d16551c2cdc682294f4032e2a8d4c4531bfae33b7
s2,630,87826,70248,8852,8726,ab009cc88301e5f399734a14b58da995f434198856a676dcce6e173c4b50337a,f6976323ece979b32648cb43434f4ac0f62599d221696a04af5d82a7dc68216c,22ca0029a1889917dabf1a0d9079055a349a4e75f9af424411afe32cf867a976
s2,631,87861,70369,8773,8719,2d5967ca74d873af9d55fc983d8def9d2019903515b3f5f651a74a1f1e608a51,3587042297a2d71a50137f6faf38545c29bef65b9ae13d14223246c899e7f004,0581c048bf03e8ab14e95d0f545c25aff5567b3cf95bf7eec5a2e425fe55b4b2
s2,632,88123,70604,8804,8715,d1823bc289e2d13bbcdb51464b25a9ba7468b6dad335f6f5b5cf73b6d8ea7559,5977abfe74f72d548a8396467fab7fe6f473062a5b9c53fa95f6ea8c634023b3,a2cdf5b059ee40cda91cb0df7eb4b3ed451e8a332f4d45fe4c63cca3156be9bd
s2,633,88114,70338,8857,8919,1ee91a249a74c4b78e0f1261d3f26e911b856687e0341bb22f6fec24d4f99164,fabd88e9135997b96f5b5e8c3bf7b0f77613efef5ff2106c1ac35ba07e2f2437,ff1cae14a1395667ad4c389487c378243e7bd86820c0b2748fcbaee72a5e3f20
s2,634,87976,70541,8738,8697,5a4d37a238ce056482d940481731bffcae335cc69306d24425199597e70e0b74,b29a0fac306221f076c0cc85a8a442c232d82016ad42d09d94a3c670e2a2c303,fda1248144c6d48ee1ad1106b60daec35e7bd0717a4c512ec7cb8666e12f3d65
s2,635,87893,70361,8837,8695,e01e3d5f746a9d09dd9cb8c8eb8eef73101e8eda58acfad42f1c204a5fc00330,68445f524553109db001b27695a5a9644d470b0f30e07775afa0b01791df3d4d,e5efcd21a7aec6b3c8b72491e4ec4b1eec19acac12033ca9ca4de1ccfbe0d645
s2,636,87548,69948,8690,8910,cd2034d03ea7ac1d4cd23338c75a75f7458be4921cbbce64571227cf6dd0cdff,bdbac53b896773a495a064deffa2e853565ba05678f7261adc254408247f3aac,4ff26306d5eade3fac7f5bc27305ca12e492e5aa7158ceb237485f2258a6c887
s2,637,88079,70401,8794,8884,642e4832632c14c376092bc61b9ca876327c3232ba07836acaf9fe9b5a0eedb4,706741fd266dd8a04a6c1020412e2b217440abde306741515610cae5a27fe4f1,f34d861c981e1e8a0131c81ce875ad46a81216efffa8346b074a5b5a2fa83aa7
s2,638,87658,70159,8739,8760,543466b421412f320a4c5db88114b65f6b6b264a15ff9d28299b3af8589ab743,e6de554760da383bb673775562b7f3ebea9bb6aad43263ea3479a6867fc2380b,a609d1c2fd781b0fa3528539d41a94246e80f97cbd074ce8832b2730df6572c3
s2,639,88217,70359,8800,9058,b137fc7c99dbf21ac7b2a6dce0da968dbf81990c4257a044e452fbbacc48b011,313765885b9ef46a4431d8659ba53ee39a44eeb3349cf87787b1f03650911f62,aa98be8ad7bac5eeada46365fd5f99103d7269f9ad54e418274f987e3af85e3f
s2,640,87724,69859,8902,8963,7e32c591219f8c4340273eaab6cbfdf9e16e7db7c256ba2833331581d5f8e3eb,e8e8b798b60d4ffd36328dcda26e2a5fe62269ff59b66c0985dcf2c1d2c33ae2,59b759423d8045d642f88652cd93fe778b638824bdc67a9f6df71260a4d5c00a
s2,641,87650,70315,8833,8502,c4a892598e5ab5f3136dcd9e08bf5c5ac68cc23ed74e1ec7dc49d137861e775b,26cb2b5d0995c0651e890070aa19276578616ae557ddffe9cd051193f11736f1,a0c1e5cc9dfcdfa03f641fa477d6bed9f7acd592f5d17aaf81af0f3aa4ae81e1
s2,642,87912,70267,8873,8772,a8e2f378ee50d045523cbd2acc6639aeabd5e51cb4c767281b76852ff046accc,7bbb1497d3ce60f50cdffb4a69f74445f1a679f9cb1c12a3a7d96f93069369d5,8508fa12515557fa5746e2b1f114ac1a92d9c555581b9dd9e027659317e00900
s2,643,87557,69975,8756,8826,70d73243631975ba486c4452f7887d3592049e48908c6addb96124d28b443f8d,fd265f471be13c061f77abcb7791a62da20df61cfb437a26d080fcb1ff2486dd,25426bf331d43d77c8a95890dcee49104a42d9b5c72c0aaa39dc1d97fabc4ac2
s2,644,87871,70321,8902,8648,7e13d66c375e308501332e1a888a246b91afd1b47ad8fb0de494be39f8a4ed19,8c557c22dedac0745f197192e224965e2fda5326ec411a9bccc842f4efb2ff79,064a3c99984bb55b89a24d70acb959a5528c5fcf0cbf6b8812babe988a6e1635
s2,645,87872,70204,8837,8831,5c8269c359c170d515eeb6cd6ba592203d50fd32fb076ba45ad0faa1d4974a62,da254753f5e8a2d726952305e965dc4d4bc0ce13a7e5c229a15296dd200c78e5,f3d943f1940d9129a62279a19017758a8857fbe9049e42ed718504ab1815b352
s2,646,87872,70493,8701,8678,66acba9c17f92b67615e6d711a80fe0a455ed2afada8784059018d260d435fbb,c9be981b36765eb1ca05370fadf917797e05479a332a909aa2c9ad35c3d6409c,cdc3584607d9b02522b3ac27c32197c8bf325edad9cdfa137123beb76155a9ae
s2,647,88088,70650,8792,8646,02ea3f59fad9297f79f3db64d267fd7bb4ed5e22af32e9e3ceba6cf17738785c,37d7ef3c250136889a85acf4d95761063edae9ee3861c14e920f43b543abf8b5,56186989372b97ea0b83d8d7ec389fa3bc5b30d5c4d30913e8ac8627b854422a
s2,648,87744,70066,9029,8649,5f66ec6db297e7fe2e2d028c2c26989cde8377bc1e2975e38c6117d6ee5b9e88,c3721f4ff548ce3b5ac971c7f0751904935b31427746871b3a59158bfd6128da,10df8a9396958895106135fcca6ffc349dd8218d1c1a556ab01ea3d0741cf368
s2,649,88094,70426,8775,8893,dc72050d1e231bdb1fd7621a60f5b768da7f6b2e5f3aeae707ed0eb8170ec90f,57f74f71ea11fa048044db78246c8407882bf594e2746737498d7961e3462714,64d39a8ba0e641c48a4879ffd96a97342309533e11858825ed9a6f70205beb66
s2,650,87707,70079,8747,8881,2aef98f14951acece534e9f71b9204e44f9020709f6ece5ed6f5533da22538e3,574990bda71d11c0cc14b5d01dc21a1650f0e5cf1a12a5a5deec387d16da619d,5071fa7706fe84419951898100f4c6a82c30187b243e27bdb0e2598b0785db99
s2,651,88081,70470,8844,8767,c68972296c036e7221a97e6be4a0ddacc48a287ddb0b1bc33c570021ecf91cbf,b848030dd4900c81c7329a42d14388dfa5ca929a388d8f8a9923f32c7f2eff22,671c711b35a7aea7cdc17a9c0bab94adc58fff2d646047ab762bf941b78685f8
s2,652,87968,70534,8746,8688,cb58f7e11063f5c6fb804356091bc057dd050f7660e691b4a1807ac8a6d1a041,35e122db84801b0ce3dbb8b8e3d5c28ead98818dc1ba66b236c4b24c1779ad33,d1585f2db374a675d4344bb43d5ed674601fc85274bec98280d13ad574bd02e9
s2,653,87602,69991,8865,8746,108ef1596068ac8d7fdbcd6d55bc24971acf5122f9fe29cd064a1aaeefffd39d,50cee18ce04bc4b9c775403dfbb2974d77f07038a3b66212553f2b3cd34ddfba,068311d03c278a47883b199715c20296aa66b869a1831044379bd2851d3dc4fb
s2,654,87793,70036,8941,8816,0eef3130fedc5e21e627ef5fb393865c0b22b22b6611d1bfb35c5309e5202ee1,fce561f57004a2ec205e07f16b8fd72e30239edef270f5062940309e72488234,2e4198acd6c6a25d98746d79affb706bffaf4d83226c66d7866775326bcb084a
s2,655,87714,70196,8857,8661,343f44b1616b311fb98cf76be98b358e0cc71c0f43524dcaa1f20f08709263ac,0d07f136e1247d9272673cda06d89986512320e3b0b45558fd57b0103c2c3dfa,3862cf493f590896ac5ece6043e1c54a5f10735527f800aa84ab0b66a2184337
s2,656,88054,70519,8756,8779,4127ed53e8ccc1171dea93c6cc62ae9654d4f8983114588840ce579c5c364473,debeeec1c4bf3fef37503da40a6b00dc405f4bf94407c2afe215ac4097802473,9319a1794ae4fee1cc2902c73e09508480df4650e0172c00a7b1094b172cd64c
s2,657,87780,70182,8861,8737,c4d97059670d6cfbeef9257847d5075c710db9e2435ba5c4c6497262fec5e096,475807f2968ffe97628fb29683cc566c557c50225e262253eb71f4cdf5927afb,b0fc2bb58f4ae00a75b5ce9edf9350bb0bd0ecb169d39319c1d99fbd1563fd59
s2,658,87777,70333,8729,8715,9d5f70ee1ebb964809d1b6305321af72fe0c1557a481c326ad274830e2b30a1a,97883e36aff2ed30b89d618fef51f1ae613041b2af20139e7b0893ab83906188,88c6c183b115fbe1206f177a575224109a1cd9431bcce2226e51c157c7c048fd
s2,659,87702,70184,8782,8736,a6be70e169f51f95628a7b9fbbceb7bf8ed2323e1a82acb71404ca3182770f01,392ee74de4ef39c194d4578a03e195ab1252d4d542dfb7ae8311354357f32c95,6f5aeaf78047c113d491e34c5367daf544ae0069cc911c0adbc4c025513ed1e4
s2,660,87691,70134,8653,8904,2725a3dbb404ecc94a38496216cbcd0ed91b5476af6b8c64fa33b03b077d2f46,d1f2fda6460697bb51aa70e1aa7c009fa89e63290c458529b6522f83c4941bec,a9d40fdc0ed06be93d69a24350f1ac5a7f6d2d875248dc4d8dda57ce7efb33c6
s2,661,88719,71055,8670,8994,bc7eaea72998452a4218a330cedc1e1c843fe126a69fd1c804c474038a5d474c,c9f37871c080191316316ad71b68d41c3f11baf481fad168a6763b9b4b055409,ef08debfa9e69993a5734d25abaf11c76727b145d5f14371390cdca3927a0bee
s2,662,87925,70286,8736,8903,29fe4b68fed4d7691077ec25d0ff0a530baebb5206313f120f14d8871dc046c1,75b73b3e4e9583a76805ef81600e1004d3e76d14e879ed17a1ef0ad87ab048f4,3bf24a1ee7c59c69581b3debe81c14e037f66768efd34ed8e117d8985ef4cb59
s2,663,87835,70184,8814,8837,4fc4e0f1503c71047532eee01b2881f9584fabe17bb104ef79cc52105ed8c58c,ab9968160066e23bd0451115b7717e665f0e57182780a43dafdd8602a54b8ae3,dc75265f79732301affb49288f46c7778b140c91f765841f3cefca0eb285df8b
s2,664,87736,70230,8684,8822,9cd409371e82edc2718ed9ab6ee3e06cc36ff57f0a6b96f15d4b31ab41529452,36c8c5cec4be042427ce1e4f56d397b0ac36de4035f603cfd7cab50441e67c8d,1b251db098d4a2bcfd3843282d06240b7a7df509d29eb07a145736a2741a6964
s2,665,87664,70214,8795,8655,287b3fcf7a4f38020a99bf0b644c06239b38f56782f8f6d88d2d553c2ebb8e68,43a9327947cb42d9b00a1d724d74246866a6386e3c15e4caaac173fa7d113b13,e5faef6f7f56bf79f5a661f37df579f004450d2713d6715b4f4aab34335e3a58
s2,666,87800,70248,8772,8780,f3a7c8246ae441d450aa853e51684809d63c122e80a1846ea2195a163c7ab706,9507b639db8175b303f4b16ab8311f2e8404739b168ccaf4d4858c13eba5cb28,210e251b6fd0b5cb1e0f9eb2eafec44cc5b9bae214025e8b53e91b3e82a77111
s2,667,88454,70509,8934,9011,0e7c5d40c3576c083ba58768b044dc78ef842273bb3a48ed870e09b6c59bc328,a476b691a07cc806c6c45e52792014c6c58605fa20f34069ddaa365593e4c69b,e53df612f212f3ad7abac3912da755fae7843d87610604eaec940a0c78917b5d
s2,668,88007,70380,8788,8839,83bc13d529bbb9e6546524b961bfc45156de5dd89eb6079c2f0c829a5745dd63,cab1a47f6b7933280f97f7cee7a9e9247fb6318b9c0a85c9ee68e2fa5693e395,c47a37a81a5b97900c398ca2d752fdda745dca10e0b2fcab92fa27ae34d60839
s2,669,88023,70608,8741,8674,9f539900f7737e29896134e30cc58e64200ef909d4e083a46d63b30ccb0d9d71,fe3e875c41ec70f570a76cc321dbd212e2607174eb253b3efdd525726f1f311f,3d52d6cd90c1b741416381d06a81236aed41623f6629c8f676dc85a5d0e22421
s2,670,87224,69786,8742,8696,934156de3e6b39295722fe3e78ad5b564d75e23a9a3865637d9116ada137d7c3,55cc55bd2b840e599f0a79186d0f18c0d8bd009d826152ea8110ab448e703a9b,be8d8d8d2b0ffd85096f801158e920aee01c17dad4bb7b0fb023996f977459c8
s2,671,87847,70266,8720,8861,bd5e01415df4a7b03e4770db7b5652493297991149a73e83db9c981557b50dbe,0ba683847d6c8f743cd687256ba80fd7ffbfb4829d0a488fc8d9dcfa72d936ac,ef0b0b1b5380d106cda529e6dd0d6424e6fab57336f3b18f89f34425be6b2d5e
s2,672,87705,70119,8825,8761,34c2ef5255664fdc605c3820de8d995ccaad83a2492e09b7ded2494775b0e189,bb947798a690dbfb65271ca819942640c26e4328d03450db1c8335dddaf7c8cb,5639ee154662b831bdffa14930ddb6b901dd801ab7bf1e8e969f0298c6455c28
s2,673,87987,70349,8692,8946,691a9e8a662cc8dc471192122e0dee60ced7da2fafa3bc7e87afdc0b292d722e,8b491d078d89588277a755a8d18f954c7950c100d560e4125548d88969d03682,450ea41fad4295638285c4e592f5d2603be0d58661097ffbe732f5c04a4f2d92
s2,674,87660,70153,8727,8780,2548c08251c624cac343c4ae99795a874ee6fd6b19e486b1b5c6696f405b7724,dd09b8f344d2bdeb4cb239064d6be4be5545a290cb662386f0bfda7cda9a7626,0b413181fa8dc4c60511219740160b803145d69334847e917f5918322358ac74
s2,675,88366,70839,8694,8833,f332bfbf4b2df4165c86891c7fde7bff52c34152d94491f16591a8353ba33e58,4bab3c1af936dbc1b6d6f6678b9f2093b6b9ddabbe059d91c1e9b14ef2e45200,250ed6248fe9549ba91dd432bfa3c142cb8a4dfb0b4d87bc2b9151cbe19d4a96
s2,676,87777,70200,8908,8669,9d7ffcd56019b84d0d042ecaa977c157180b89adf9e90f9e40acbf1c6d9547aa,f8d048865c62737de559b0b992befe6a918e83eb1c95840a36c61c4226a75470,3a16767bfcbdb2f6b0345ac878f975bc70a6777886e378c7bfafb982bdd91e00
s2,677,88040,70647,8710,8683,3e89dd2e6244c86a689432f5683572b037aae5a5a31217fd7109a4a5a60ea82f,8740a7e9c8f1901d96da3fbe728a1d856f24fdeacf4a77434c6fcb1c959436e9,5c9a0cecebef5a0116b6b259e83a0ad7a0ea73b4f4a67b4b3388fa041e737385
s2,678,87800,70282,8701,8817,86184e08b1d79cbd5d941ad58d0fb6fa818c95cd273fa6e19198239fe82cf88d,847a72538929e710ccff62f7d3ab68695caccd9dea86a5535c49f302d34b0e6d,3e8ebb12179f25adc76818d9101d2b79a4a4afae9d8d0888e569c6ef0ec741b0
s2,679,87911,70361,8742,8808,f649ea372461ae46ce623e885ada1396701a9134cb3b13deb88c740884939d18,bea451641a5732d1bca9d2460204c1a567a7ef0d83537640461b2f9e9a97e8a2,756799450547ef64c432e83d1cf30614d5c5dd6a4205faf91333ac70d448c9d0
s2,680,87852,70314,8735,8803,5d260c8e20497a6cf8140ceab481fb6a038562626fc1dc5ab17e823a5b7a9e90,105feb1ccc1d751889779f8e9d5a34e3563daeeb0593288aa1576d2db1217b8d,aff7301c3d6979a4bb0b53650b0774eb9b9ec662f425c15f1168e1e85dd05265
s2,681,87813,70211,8866,8736,0a1a63af23796796f1fd33d1b6ad7e0952d4c347acd810fcd7ebd38e7fed058a,6e83120e5a3c2c60cc3fca10abbfdfa04be70d11ba762e59b7bf6e7c0a80a3c3,cde642d2b1b66e3e6d1ca1fd0765bd1951f9917388121be9fcb9666d1eb316ad
s2,682,88018,70383,8737,8898,418de9e47a4d522e2cd113d248dfccdadaa61f35fd2f4719fa89d1ae1deaff55,a305ec3820a99c0697f7bb7be228efff77321d4134915b5ed5ac3cfa1137d120,5ca1c553b9b00c809b1b05352531af71a448266c2f980bb1aff7f430bda78cd8
s2,683,87545,69958,8789,8798,f0282c7228ab55a95156b5dee5a8a260be8de78d18949d5584f5f36246833971,a707d5afb0970518d2ae363c77bfe6c67a10bc1c6d4cc05d35d773cf9b395486,faf3242787368994d575b10eb9bf5719c8710677fe704f97a5b12284ba7bfdae
s2,684,88378,70508,8965,8905,f759437ebe7d3dbcadb3c8ae3d814965940b21a38ffff842784b2abaab99ee4a,94156484a8a053d052641d17f346242dfaf8d74cbb0818ab0fbdefb0ac7413b2,970e50845e7b5e1aa48268fe19c66029c72685979ca5942cb2259b06d184ff16
s2,685,88167,70525,8782,8860,22452c63c3e871fe204172668d3f1e026c7742b8acd09c0bac03e095de73306a,09dbe1e30a890434e686b39a78a2d7e3c8e4c6b0c656e9788819fafe6ae6070b,fc1a1e54e5d500ccd3ffcf7b33a706eccfef2eac68c9b2c6cdbcd8f853720976
s2,686,88035,70222,8920,8893,07b68f1ef0a4b1ac65f1110bf6990944a7da2c48ad879884fa41f63367a44a6d,f1dd0b9652f5f437bb72eb1d36597451eb21f8d1791456b5edd3a795f87519b7,084be4f38a5b10a7e99244894dd47fd2c5109dd6110dc76ab9d8af541b113135
s2,687,87554,70022,8665,8867,a5a95995e38cabd04f92edbd130431b9089c1b69680eea863db7bc39bcd5cf68,570e1442a9c9b05970406952e9cd58a4e3fa7aad4f0ee2b811c6431692318d56,234a81d2651a3121cc7cd68b8993c964bac34f2aa99868e2197c04b3f8039a81
s2,688,87784,70137,8805,8842,9fbbe89f4d980d9fb94ad982918500b460590611a694def0189d263b822b49ff,b4db36e59faeb1c5c8a853157faf207db12fd704eaa953e698f8621aff19084a,66bd2d8345a56aaaace1c47f75e1990daaa9fad14f8c58ae7fb9c0604b3c71de
s2,689,87979,70397,8789,8793,9b461ab8d1bc01fee2a4963c7ba5c168e6277a5cf3195f7e7b5666c988c95b72,e73e0078113ab06a3abd381178b04eb3dea46832e7f53f869dc67b6b81e9679a,656bd1f17f94275cbc41ad5eff91f9b9952d883d3c8ec1b38f07ccfe8e8b7dbd
s2,690,87750,70290,8872,8588,5c069a8e6b4d306a16c04e146770f71367c353e26937d247d3059766c48aab8a,fd615b2430f4b6bdecbc3b5539af3ba6c8b0f3f67cfa0852596c5a6b9ba7d09a,ac184122120b384ed0fe859b27e5eea98ecd338e81fa9bee672e68a0e128f89e
s2,691,87696,70197,8728,8771,8b217651f0564269bd51ae8be7373aa9168cd332d1e6712a5fe1a4faf181f42e,280343bf3102672714258de98452fb87f58b5811b5491a6c2942db81fc03cbae,f2b02fa27effa9ed4e506a10bdc7d4ef7aff148aa66eca736ef3b7715349534e
s2,692,88625,70751,8849,9025,ed8f4acfeb28e7698f04f926faaeb5e4a275022253a5d68c06c634439e016132,360139672237d7714ff9c3800db65c2fe7365958feee7c7b2c9809f09937a077,a48ad48a8c468bdb073fd6196b1e0821a157870efb95b15a3c97177e87a12fd1
s2,693,88375,70744,8852,8779,6fa2035b0d5b251381c9465cf3fec22fa5b0e7850cad80e343b6c59562922ee9,4d7dc0d5c74ad88e0075fb50165afb3ea844d47505da481234a59d41f9a49ab8,6900ebe8a3dd14e606f668c443086d2fc25e114cf5f762f04f832b73e930e818
s2,694,87783,70161,8811,8811,df7b89051691b4b565f68b3ea77ee4db532a47eb88184c18ad5f4c1b48d40f69,7b3b60faecf68e17af4619ab81658b5ba0fd82ddef8c7cc860771ae0142b6a2e,a42471c641b1a1aeb9be04e379dee534adad345b62c42f0ca19d2e1465a79246
s2,695,88333,70669,8876,8788,3db7ef4313f28ceaf970e0200f5cf7e727415b9aca15df82ba559e78620d9981,050aa267797b525914cf11126b122496437251b5da0eb16937dc404f0a4e6f6b,d40a38b3a0ae828c35f6c55fe3b11dad84c359acbe4d8bf076fdfd65f62f5ecd
s2,696,87640,69866,8953,8821,c01e222264fe701bca3c499e1af863a50fed234c28da8f2e60290f0836110825,a77a410b86c9e63b6d3708a5bc8e98164a4b40535489f38710e8cc708960b120,85deedb17e8f0497165a178f76a9820fb167fd4075935ceab04de109427b622c
s2,697,88263,70614,8822,8827,2ee649103525f287ad9d6d5773227fdf10952d26a865416c9ee793c2b613f33d,935120dc11b1b0ca0a4a8bcf38c3eaa3248cc3c6362cf23ff4523616fc8c7d2e,8e0789d4f6105aa785d69693e59b9afb958d9051e071cd5a6f395573667028ca
s2,698,87870,70310,8815,8745,3ca465e55e1cd1cadbe4e3388df5d722433a82683a870dc12dd3cd010be1c092,3f97b66a8a5e6a2fbc624ed243300d6a31a7b50b275be4e64121744f11ad31b9,33b3221ada7c699fededee0f787984dc50c0b839b07e287469090048ef83bbe8
s2,699,87761,70220,8762,8779,0c42667860a902c9b2cbb1bcbed703b5e1cba4757b7b28d9618b1da7765538f5,8fdfe04e7951ec6daa2becb9b1de7860cf8f2f55d101f7c51bdc843d28c8ce26,fb35999f3d6c43c7aa4c22b9ed602b07669387204edb845954249b8103d9c420
s2,700,87685,70229,8700,8756,9e086e097f2cd014386a0adbf9f2d483c1b1e0c97ef223ccf645727985b2e1c9,1802448e2627cefc2fadbff69b7a92c52a208b0ddb4f7a169c8c6e97471d920d,a9657ac9229ef533624a4ce2e234a9e2836a76fa0f291302790ad404f6c3d309
s2,701,88626,70742,8897,8987,e44f77502f1dcd4d0b1d0e5a7367ca8a8dbc038e1f7b0f71e3fba89c7eaeb2cb,9e4221df2e8aba5266035ccb75788d9f83dde01cf05285642d1ba8808eedc523,73b729c67d0e5badca04df4ca4d1eaa26dd3a93635d6c3fe6cb21b1a5b3b819c
s2,702,87911,70416,8700,8795,6278f0d69d41a17f37f9179de80cd9fd91bb6b8876f7766646ce35a65ef129b6,098d2c31f47d451eb84dfd2832b0dcca1187d368c60e583f620d6b36c32d54fc,24a2b9ca387abcd942e762cec4d2bdb93b8e135e2d393d343f716d944ec6ac80
s2,703,87872,70384,8759,8729,1841293a16140eddd106db08f3b9c2a272e42b7c745903a8e58759760a887cae,24b00f9758b80b8c7ea46aa2aa6119636bd761df6861e2faa441d7691fdab474,a03fc2c3b182fa5eb935e0ec2e41ba2f9403467adbd25d132afbacdd26f5a5e3
s2,704,87923,70142,8937,8844,9fbbb713e9ddb4ca1d71b3d156fbc02833867c204082d86bb56687b010338f12,96a6138cc6dbd2754b6fe0c16e1425445bff96f51d17652f90f0431b3ef0da43,d76097444236a72169a0dd1e82b8a0caf835790d28ea1e9de044d76aec1282de
s2,705,87833,70339,8770,8724,0b20d72c259bb9698b2c8f5b7e058063141128a5afec911014a194ea0a75e93f,2d4fc8128c2f25918809ed0291f9dc7f385158ef3916fba0871299be4b597acd,8d6ec33f96e8490106f880e1856000cbdafbfaa7ce435edb20df49e263e0a205
s2,706,87700,70174,8827,8699,de8f57db7171a18de1ad88d6c7ca5a375bac4b1d9b73e4d0346190ca55fd81ff,23a56d55321fc3163490c904e1eb68c5039c2932ec667607fc05bf1a1f5e5811,86c824f0378e4f7d5a1fa498b7e00d2d8a80be8abe215653f83ff1e803f7535f
s2,707,88302,70619,8823,8860,95da571e35f7c997e22c43b8de370c31244536df63b80f17dc2f4addf54d10bb,84ac9e52d2fe01bf14700dce2cd92cf2b39014bab7601fe66c4b5a96af45519e,a3c45e94ae9f02457dc4a549f7fd568f542bb000638d8f2809d27cdcc5444b92
s2,708,88454,70849,8752,8853,5aaff8c25edd6856867c3e2b71cee3a2630a6ccbba90d5e9d6c898266bb4ccdf,30f9ca2e8a3f9608b5064c60e80552b44d43645c4ab1363a17b82dc27d62efb3,ea9a8fd0c7e50f8949377db9c109aca4463295875c3a40aa7465ef610f6f2482
s2,709,87634,70160,8695,8779,4fffe81b291dca589209d6ef88f565797c15dcf105461f5cdc6a7887b371042e,5f20608fe075717634d76416c99f255fa2548cc1fd6e15d99a9c7b8ddd9a451c,3dee3007b86bb83ed01e12b3eb2c07b8b34195d46b5f6c744630ffa316e1f429
s2,710,88393,70735,8772,8886,a12c2b03bb191133b3abf11e181e6d9dc32d05cf1bb681010aa3b43f0dc87149,baf1d90a966da27671c24a5c8d123955f36187e50c3bd0e0edf8536bb596717a,00cff1891a26cc80faedac6fe4f7a35a246251261438fb0bc9fd06d2f5738c23
s2,711,88061,70509,8753,8799,1c7ec1791d1c993bf4883195034833bd0526030716001532b8f94ab1f2ff13b4,aefaaa041ee96f5103fd08a57c7b2efbb6d4d8ccd90a54b5b63fdf6b8969f39e,f31278b8f3db576f8fa680920697994db2c4c4f8f86d3dad1897ac1ac6009c5a
s2,712,87509,69946,8832,8731,b7841ccfdc4e669e9fde251f384f8e85b1532396fa9b34b6f793e5966ef6d5ea,03eb70a70b3463c25f5b1f596bb96664f2a53598bcb6b28ac12118bfee1d2623,4dc443c288227aeb2f5bdf414a1697fe2b5f4dc6f44472f48787cdb1f9a25bd9
s2,713,88227,70296,8975,8956,092690e96b9225691d9790426a001d09ed0ce0fd54c33d67b53a54d1363d32c1,dfae482138ad9edd4da07b9c7f778fa40520c1f94eb3696c4b97c34f749a31f7,670b934de134f93c702c7505d861f20c0a41cae0dec069ef7c99717274e02786
s2,714,87725,70135,8780,8810,c86e53bfbca7daa1f43bf23fdebdc693b7fda44c896ca7da5c23046bd02c0a9a,b938d665a004bdccff94c985d4e53af2e4f37b52bcc740a3941ae6225eefae1f,888692b49ed35f40ce5ddd3fea0a67c6f0f028b3748ff5dcaee4770f862a9248
s2,715,88559,70856,8688,9015,84da75838ad067a1c95db488ae37307e8d197bfe8fcf33bde617f40e9e37bae6,2c40210296d9a371def699e649f4f402d785bbb5fd7d0c7eed9d940b7bbeebd1,c2328079a6fea82e113b1be515edf1adddb84ec81fe04b806caa81d2944711df
s2,716,87640,70228,8824,8588,b46bd660024e80c07b5fc0423bee4b0c9b6dadeb850c494222c5a61b185869d5,c7697f2b5782f6ef58769dc988b2009af2f6464de9d50b7c42077d2436cc280d,25f21eab53c24da954dda373895f144b07e3858cf496fc4d093b21fd4aefc890
s2,717,88019,70414,8812,8793,4299fa7d7daa522d482913f1008a5c3634224759b29debc2ac50b266e0870f8e,a5e50e040239cd7bec2231cdf9c2b34fc7ee2e4c2930ddeec88ed7e2f880fd65,89f3d1b89f8a45ed6743d19017079ded9e0e77bf7125cf3a02a0b4809c8fde25
s2,718,88157,70342,8877,8938,5b8975dbaa407f03e906b4081650497248c0a5b4ba33aa1266a2f53a8c793a07,25ed9cbe7bb1b911fade250f3faa99b95334618e318bae3527b97e7abb05d84d,4e4ab9edbf3cf948895475d2cb36e94c8d4f4ba09476d0bb0ccc0440296b0332
s2,719,87665,70005,8869,8791,cb5117b541ce0b1b5f8af8d868236d412b781675f56080c275e6fcde8af8bbb1,5dd9f092920dfd07cbaf2c41f777175ec1d1a4e5fc9a21dbab2ca523575db545,be4ace85bee1eed6f58dcb2f7abb44ecef4fdb7a3af1d5d4d06a85dbcea29fc3
